0.0,0.0,0.0,0.0,0.0,0.0,0.0,0.0,0.0,0.0,0.0,0.0,0.0,0.0,0.0,0.0,0.0,0.0,0.0,0.0,0.0,0.0,0.0,0.0,0.0,0.0,0.0,0.0,0.0,0.0,0.0,0.0,0.0,0.0,0.0,0.0,0.0,0.0,0.0,0.0,0.0,0.0,0.0,0.0,0.0,0.0,0.0,0.0,0.0,0.0,0.0,0.0,0.0,0.0,0.0,0.0,0.0,0.0,0.0,0.0,0.0,0.0,0.0,0.0,0.0,0.0,0.0,0.0,0.0,0.0,0.0,0.0,0.0,0.0,0.0,0.0,0.0,0.0,0.0,0.0,0.0,0.0,0.0,0.0,0.0,0.0,0.0,0.0,0.0,0.0,0.0,0.0,0.0,0.0,0.0,0.0,0.0,0.0,0.0,0.0,0.0,0.0,0.0,0.0,0.0,0.0,0.0,0.0,0.0,0.0,0.0,0.0,0.0,0.0,0.0,0.0,0.0,0.0,0.0,0.0,0.0,0.0,0.0,0.0,0.0,0.0,0.0,0.0,0.0,0.0,0.0,0.0,0.0,0.0,0.0,0.0,0.0,0.0,0.0,0.0,0.0,0.0,0.0,0.0,0.0,0.0,0.0,0.0,0.0,0.0,0.0,0.0,0.0,0.0,0.0,0.0,0.0,0.0,0.0,0.0,0.0,0.0,0.0,0.0,0.0,0.0,0.0,0.0
0.0,0.0,0.0,0.0,0.0,0.0,0.0,0.0,0.0,0.0,0.0,0.0,0.0,0.0,0.0,0.0,0.0,0.0,0.0,0.0,0.0,0.0,0.0,0.0,0.0,0.0,0.0,0.0,0.0,0.0,0.0,0.0,0.0,0.0,0.0,0.0,0.0,0.0,0.0,0.0,0.0,0.0,0.0,0.0,0.0,0.0,0.0,0.0,0.0,0.0,0.0,0.0,0.0,0.0,0.0,0.0,0.0,0.0,0.0,0.0,0.0,0.0,0.0,0.0,0.0,0.0,0.0,0.0,0.0,0.0,0.0,0.0,0.0,0.0,0.0,0.0,0.0,0.0,0.0,0.0,0.0,0.0,0.0,0.0,0.0,0.0,0.0,0.0,0.0,0.0,0.0,0.0,0.0,0.0,0.0,0.0,0.0,0.0,0.0,0.0,0.0,0.0,0.0,0.0,0.0,0.0,0.0,0.0,0.0,0.0,0.0,0.0,0.0,0.0,0.0,0.0,0.0,0.0,0.0,0.0,0.0,0.0,0.0,0.0,0.0,0.0,0.0,0.0,0.0,0.0,0.0,0.0,0.0,0.0,0.0,0.0,0.0,0.0,0.0,0.0,0.0,0.0,0.0,0.0,0.0,0.0,0.0,0.0,0.0,0.0,0.0,0.0,0.0,0.0,0.0,0.0,0.0,0.0,0.0,0.0,0.0,0.0,0.0,0.0,0.0,0.0,0.0,0.0
0.0,0.0,0.0,0.0,0.0,0.0,0.0,0.0,0.0,0.0,0.0,0.0,0.0,0.0,0.0,0.0,0.0,0.0,0.0,0.0,0.0,0.0,0.0,0.0,0.0,0.0,0.0,0.0,0.0,0.0,0.0,0.0,0.0,0.0,0.0,0.0,0.0,0.0,0.0,0.0,0.0,0.0,0.0,0.0,0.0,0.0,0.0,0.0,0.0,0.0,0.0,0.0,0.0,0.0,0.0,0.0,0.0,0.0,0.0,0.0,0.0,0.0,0.0,0.0,0.0,0.0,0.0,0.0,0.0,0.0,0.0,0.0,0.0,0.0,0.0,0.0,0.0,0.0,0.0,0.0,0.0,0.0,0.0,0.0,0.0,0.0,0.0,0.0,0.0,0.0,0.0,0.0,0.0,0.0,0.0,0.0,0.0,0.0,0.0,0.0,0.0,0.0,0.0,0.0,0.0,0.0,0.0,0.0,0.0,0.0,0.0,0.0,0.0,0.0,0.0,0.0,0.0,0.0,0.0,0.0,0.0,0.0,0.0,0.0,0.0,0.0,0.0,0.0,0.0,0.0,0.0,0.0,0.0,0.0,0.0,0.0,0.0,0.0,0.0,0.0,0.0,0.0,0.0,0.0,0.0,0.0,0.0,0.0,0.0,0.0,0.0,0.0,0.0,0.0,0.0,0.0,0.0,0.0,0.0,0.0,0.0,0.0,0.0,0.0,0.0,0.0,0.0,0.0
0.0,0.0,0.0,0.0,0.0,0.0,0.0,0.0,0.0,0.0,0.0,0.0,0.0,0.0,0.0,0.0,0.0,0.0,0.0,0.0,0.0,0.0,0.0,0.0,0.0,0.0,0.0,0.0,0.0,0.0,0.0,0.0,0.0,0.0,0.0,0.0,0.0,0.0,0.0,0.0,0.0,0.0,0.0,0.0,0.0,0.0,0.0,0.0,0.0,0.0,0.0,0.0,0.0,0.0,0.0,0.0,0.0,0.0,0.0,0.0,0.0,0.0,0.0,0.0,0.0,0.0,0.0,0.0,0.0,0.0,0.0,0.0,0.0,0.0,0.0,0.0,0.0,0.0,0.0,0.0,0.0,0.0,0.0,0.0,0.0,0.0,0.0,0.0,0.0,0.0,0.0,0.0,0.0,0.0,0.0,0.0,0.0,0.0,0.0,0.0,0.0,0.0,0.0,0.0,0.0,0.0,0.0,0.0,0.0,0.0,0.0,0.0,0.0,0.0,0.0,0.0,0.0,0.0,0.0,0.0,0.0,0.0,0.0,0.0,0.0,0.0,0.0,0.0,0.0,0.0,0.0,0.0,0.0,0.0,0.0,0.0,0.0,0.0,0.0,0.0,0.0,0.0,0.0,0.0,0.0,0.0,0.0,0.0,0.0,0.0,0.0,0.0,0.0,0.0,0.0,0.0,0.0,0.0,0.0,0.0,0.0,0.0,0.0,0.0,0.0,0.0,0.0,0.0
0.0,0.0,0.0,0.0,0.0,0.0,0.0,0.0,0.0,0.0,0.0,0.0,0.0,0.0,0.0,0.0,0.0,0.0,0.0,0.0,0.0,0.0,0.0,0.0,0.0,0.0,0.0,0.0,0.0,0.0,0.0,0.0,0.0,0.0,0.0,0.0,0.0,0.0,0.0,0.0,0.0,0.0,0.0,0.0,0.0,0.0,0.0,0.0,0.0,0.0,0.0,0.0,0.0,0.0,0.0,0.0,0.0,0.0,0.0,0.0,0.0,0.0,0.0,0.0,0.0,0.0,0.0,0.0,0.0,0.0,0.0,0.0,0.0,0.0,0.0,0.0,0.0,0.0,0.0,0.0,0.0,0.0,0.0,0.0,0.0,0.0,0.0,0.0,0.0,0.0,0.0,0.0,0.0,0.0,0.0,0.0,0.0,0.0,0.0,0.0,0.0,0.0,0.0,0.0,0.0,0.0,0.0,0.0,0.0,0.0,0.0,0.0,0.0,0.0,0.0,0.0,0.0,0.0,0.0,0.0,0.0,0.0,0.0,0.0,0.0,0.0,0.0,0.0,0.0,0.0,0.0,0.0,0.0,0.0,0.0,0.0,0.0,0.0,0.0,0.0,0.0,0.0,0.0,0.0,0.0,0.0,0.0,0.0,0.0,0.0,0.0,0.0,0.0,0.0,0.0,0.0,0.0,0.0,0.0,0.0,0.0,0.0,0.0,0.0,0.0,0.0,0.0,0.0
0.0,0.0,0.0,0.0,0.0,0.0,0.0,0.0,0.0,0.0,0.0,0.0,0.0,0.0,0.0,0.0,0.0,0.0,0.0,0.0,0.0,0.0,0.0,0.0,0.0,0.0,0.0,0.0,0.0,0.0,0.0,0.0,0.0,0.0,0.0,0.0,0.0,0.0,0.0,0.0,0.0,0.0,0.0,0.0,0.0,0.0,0.0,0.0,0.0,0.0,0.0,0.0,0.0,0.0,0.0,0.0,0.0,0.0,0.0,0.0,0.0,0.0,0.0,0.0,0.0,0.0,0.0,0.0,0.0,0.0,0.0,0.0,0.0,0.0,0.0,0.0,0.0,0.0,0.0,0.0,0.0,0.0,0.0,0.0,0.0,0.0,0.0,0.0,0.0,0.0,0.0,0.0,0.0,0.0,0.0,0.0,0.0,0.0,0.0,0.0,0.0,0.0,0.0,0.0,0.0,0.0,0.0,0.0,0.0,0.0,0.0,0.0,0.0,0.0,0.0,0.0,0.0,0.0,0.0,0.0,0.0,0.0,0.0,0.0,0.0,0.0,0.0,0.0,0.0,0.0,0.0,0.0,0.0,0.0,0.0,0.0,0.0,0.0,0.0,0.0,0.0,0.0,0.0,0.0,0.0,0.0,0.0,0.0,0.0,0.0,0.0,0.0,0.0,0.0,0.0,0.0,0.0,0.0,0.0,0.0,0.0,0.0,0.0,0.0,0.0,0.0,0.0,0.0
0.0,0.0,0.0,0.0,0.0,0.0,0.0,0.0,0.0,0.0,0.0,0.0,0.0,0.0,0.0,0.0,0.0,0.0,0.0,0.0,0.0,0.0,0.0,0.0,0.0,0.0,0.0,0.0,0.0,0.0,0.0,0.0,0.0,0.0,0.0,0.0,0.0,0.0,0.0,0.0,0.0,0.0,0.0,0.0,0.0,0.0,0.0,0.0,0.0,0.0,0.0,0.0,0.0,0.0,0.0,0.0,0.0,0.0,0.0,0.0,0.0,0.0,0.0,0.0,0.0,0.0,0.0,0.0,0.0,0.0,0.0,0.0,0.0,0.0,0.0,0.0,0.0,0.0,0.0,0.0,0.0,0.0,0.0,0.0,0.0,0.0,0.0,0.0,0.0,0.0,0.0,0.0,0.0,0.0,0.0,0.0,0.0,0.0,0.0,0.0,0.0,0.0,0.0,0.0,0.0,0.0,0.0,0.0,0.0,0.0,0.0,0.0,0.0,0.0,0.0,0.0,0.0,0.0,0.0,0.0,0.0,0.0,0.0,0.0,0.0,0.0,0.0,0.0,0.0,0.0,0.0,0.0,0.0,0.0,0.0,0.0,0.0,0.0,0.0,0.0,0.0,0.0,0.0,0.0,0.0,0.0,0.0,0.0,0.0,0.0,0.0,0.0,0.0,0.0,0.0,0.0,0.0,0.0,0.0,0.0,0.0,0.0,0.0,0.0,0.0,0.0,0.0,0.0
0.0,0.0,0.0,0.0,0.0,0.0,0.0,0.0,0.0,0.0,0.0,0.0,0.0,0.0,0.0,0.0,0.0,0.0,0.0,0.0,0.0,0.0,0.0,0.0,0.0,0.0,0.0,0.0,0.0,0.0,0.0,0.0,0.0,0.0,0.0,0.0,0.0,0.0,0.0,0.0,0.0,0.0,0.0,0.0,0.0,0.0,0.0,0.0,0.0,0.0,0.0,0.0,0.0,0.0,0.0,0.0,0.0,0.0,0.0,0.0,0.0,0.0,0.0,0.0,0.0,0.0,0.0,0.0,0.0,0.0,0.0,0.0,0.0,0.0,0.0,0.0,0.0,0.0,0.0,0.0,0.0,0.0,0.0,0.0,0.0,0.0,0.0,0.0,0.0,0.0,0.0,0.0,0.0,0.0,0.0,0.0,0.0,0.0,0.0,0.0,0.0,0.0,0.0,0.0,0.0,0.0,0.0,0.0,0.0,0.0,0.0,0.0,0.0,0.0,0.0,0.0,0.0,0.0,0.0,0.0,0.0,0.0,0.0,0.0,0.0,0.0,0.0,0.0,0.0,0.0,0.0,0.0,0.0,0.0,0.0,0.0,0.0,0.0,0.0,0.0,0.0,0.0,0.0,0.0,0.0,0.0,0.0,0.0,0.0,0.0,0.0,0.0,0.0,0.0,0.0,0.0,0.0,0.0,0.0,0.0,0.0,0.0,0.0,0.0,0.0,0.0,0.0,0.0
0.0,0.0,0.0,0.0,0.0,0.0,0.0,0.0,0.0,0.0,0.0,0.0,0.0,0.0,0.0,0.0,0.0,0.0,0.0,0.0,0.0,0.0,0.0,0.0,0.0,0.0,0.0,0.0,0.0,0.0,0.0,0.0,0.0,0.0,0.0,0.0,0.0,0.0,0.0,0.0,0.0,0.0,0.0,0.0,0.0,0.0,0.0,0.0,0.0,0.0,0.0,0.0,0.0,0.0,0.0,0.0,0.0,0.0,0.0,0.0,0.0,0.0,0.0,0.0,0.0,0.0,0.0,0.0,0.0,0.0,0.0,0.0,0.0,0.0,0.0,0.0,0.0,0.0,0.0,0.0,0.0,0.0,0.0,0.0,0.0,0.0,0.0,0.0,0.0,0.0,0.0,0.0,0.0,0.0,0.0,0.0,0.0,0.0,0.0,0.0,0.0,0.0,0.0,0.0,0.0,0.0,0.0,0.0,0.0,0.0,0.0,0.0,0.0,0.0,0.0,0.0,0.0,0.0,0.0,0.0,0.0,0.0,0.0,0.0,0.0,0.0,0.0,0.0,0.0,0.0,0.0,0.0,0.0,0.0,0.0,0.0,0.0,0.0,0.0,0.0,0.0,0.0,0.0,0.0,0.0,0.0,0.0,0.0,0.0,0.0,0.0,0.0,0.0,0.0,0.0,0.0,0.0,0.0,0.0,0.0,0.0,0.0,0.0,0.0,0.0,0.0,0.0,0.0
0.0,0.0,0.0,0.0,0.0,0.0,0.0,0.0,0.0,0.0,0.0,0.0,0.0,0.0,0.0,0.0,0.0,0.0,0.0,0.0,0.0,0.0,0.0,0.0,0.0,0.0,0.0,0.0,0.0,0.0,0.0,0.0,0.0,0.0,0.0,0.0,0.0,0.0,0.0,0.0,0.0,0.0,0.0,0.0,0.0,0.0,0.0,0.0,0.0,0.0,0.0,0.0,0.0,0.0,0.0,0.0,0.0,0.0,0.0,0.0,0.0,0.0,0.0,0.0,0.0,0.0,0.0,0.0,0.0,0.0,0.0,0.0,0.0,0.0,0.0,0.0,0.0,0.0,0.0,0.0,0.0,0.0,0.0,0.0,0.0,0.0,0.0,0.0,0.0,0.0,0.0,0.0,0.0,0.0,0.0,0.0,0.0,0.0,0.0,0.0,0.0,0.0,0.0,0.0,0.0,0.0,0.0,0.0,0.0,0.0,0.0,0.0,0.0,0.0,0.0,0.0,0.0,0.0,0.0,0.0,0.0,0.0,0.0,0.0,0.0,0.0,0.0,0.0,0.0,0.0,0.0,0.0,0.0,0.0,0.0,0.0,0.0,0.0,0.0,0.0,0.0,0.0,0.0,0.0,0.0,0.0,0.0,0.0,0.0,0.0,0.0,0.0,0.0,0.0,0.0,0.0,0.0,0.0,0.0,0.0,0.0,0.0,0.0,0.0,0.0,0.0,0.0,0.0
0.0,0.0,0.0,0.0,0.0,0.0,0.0,0.0,0.0,0.0,0.0,0.0,0.0,0.0,0.0,0.0,0.0,0.0,0.0,0.0,0.0,0.0,0.0,0.0,0.0,0.0,0.0,0.0,0.0,0.0,0.0,0.0,0.0,0.0,0.0,0.0,0.0,0.0,0.0,0.0,0.0,0.0,0.0,0.0,0.0,0.0,0.0,0.0,0.0,0.0,0.0,0.0,0.0,0.0,0.0,0.0,0.0,0.0,0.0,0.0,0.0,0.0,0.0,0.0,0.0,0.0,0.0,0.0,0.0,0.0,0.0,0.0,0.0,0.0,0.0,0.0,0.0,0.0,0.0,0.0,0.0,0.0,0.0,0.0,0.0,0.0,0.0,0.0,0.0,0.0,0.0,0.0,0.0,0.0,0.0,0.0,0.0,0.0,0.0,0.0,0.0,0.0,0.0,0.0,0.0,0.0,0.0,0.0,0.0,0.0,0.0,0.0,0.0,0.0,0.0,0.0,0.0,0.0,0.0,0.0,0.0,0.0,0.0,0.0,0.0,0.0,0.0,0.0,0.0,0.0,0.0,0.0,0.0,0.0,0.0,0.0,0.0,0.0,0.0,0.0,0.0,0.0,0.0,0.0,0.0,0.0,0.0,0.0,0.0,0.0,0.0,0.0,0.0,0.0,0.0,0.0,0.0,0.0,0.0,0.0,0.0,0.0,0.0,0.0,0.0,0.0,0.0,0.0
0.0,0.0,0.0,0.0,0.0,0.0,0.0,0.0,0.0,0.0,0.0,0.0,0.0,0.0,0.0,0.0,0.0,0.0,0.0,0.0,0.0,0.0,0.0,0.0,0.0,0.0,0.0,0.0,0.0,0.0,0.0,0.0,0.0,0.0,0.0,0.0,0.0,0.0,0.0,0.0,0.0,0.0,0.0,0.0,0.0,0.0,0.0,0.0,0.0,0.0,0.0,0.0,0.0,0.0,0.0,0.0,0.0,0.0,0.0,0.0,0.0,0.0,0.0,0.0,0.0,0.0,0.0,0.0,0.0,0.0,0.0,0.0,0.0,0.0,0.0,0.0,0.0,0.0,0.0,0.0,0.0,0.0,0.0,0.0,0.0,0.0,0.0,0.0,0.0,0.0,0.0,0.0,0.0,0.0,0.0,0.0,0.0,0.0,0.0,0.0,0.0,0.0,0.0,0.0,0.0,0.0,0.0,0.0,0.0,0.0,0.0,0.0,0.0,0.0,0.0,0.0,0.0,0.0,0.0,0.0,0.0,0.0,0.0,0.0,0.0,0.0,0.0,0.0,0.0,0.0,0.0,0.0,0.0,0.0,0.0,0.0,0.0,0.0,0.0,0.0,0.0,0.0,0.0,0.0,0.0,0.0,0.0,0.0,0.0,0.0,0.0,0.0,0.0,0.0,0.0,0.0,0.0,0.0,0.0,0.0,0.0,0.0,0.0,0.0,0.0,0.0,0.0,0.0
0.0,0.0,0.0,0.0,0.0,0.0,0.0,0.0,0.0,0.0,0.0,0.0,0.0,0.0,0.0,0.0,0.0,0.0,0.0,0.0,0.0,0.0,0.0,0.0,0.0,0.0,0.0,0.0,0.0,0.0,0.0,0.0,0.0,0.0,0.0,0.0,0.0,0.0,0.0,0.0,0.0,0.0,0.0,0.0,0.0,0.0,0.0,0.0,0.0,0.0,0.0,0.0,0.0,0.0,0.0,0.0,0.0,0.0,0.0,0.0,0.0,0.0,0.0,0.0,0.0,0.0,0.0,0.0,0.0,0.0,0.0,0.0,0.0,0.0,0.0,0.0,0.0,0.0,0.0,0.0,0.0,0.0,0.0,0.0,0.0,0.0,0.0,0.0,0.0,0.0,0.0,0.0,0.0,0.0,0.0,0.0,0.0,0.0,0.0,0.0,0.0,0.0,0.0,0.0,0.0,0.0,0.0,0.0,0.0,0.0,0.0,0.0,0.0,0.0,0.0,0.0,0.0,0.0,0.0,0.0,0.0,0.0,0.0,0.0,0.0,0.0,0.0,0.0,0.0,0.0,0.0,0.0,0.0,0.0,0.0,0.0,0.0,0.0,0.0,0.0,0.0,0.0,0.0,0.0,0.0,0.0,0.0,0.0,0.0,0.0,0.0,0.0,0.0,0.0,0.0,0.0,0.0,0.0,0.0,0.0,0.0,0.0,0.0,0.0,0.0,0.0,0.0,0.0
0.0,0.0,0.0,0.0,0.0,0.0,0.0,0.0,0.0,0.0,0.0,0.0,0.0,0.0,0.0,0.0,0.0,0.0,0.0,0.0,0.0,0.0,0.0,0.0,0.0,0.0,0.0,0.0,0.0,0.0,0.0,0.0,0.0,0.0,0.0,0.0,0.0,0.0,0.0,0.0,0.0,0.0,0.0,0.0,0.0,0.0,0.0,0.0,0.0,0.0,0.0,0.0,0.0,0.0,0.0,0.0,0.0,0.0,0.0,0.0,0.0,0.0,0.0,0.0,0.0,0.0,0.0,0.0,0.0,0.0,0.0,0.0,0.0,0.0,0.0,0.0,0.0,0.0,0.0,0.0,0.0,0.0,0.0,0.0,0.0,0.0,0.0,0.0,0.0,0.0,0.0,0.0,0.0,0.0,0.0,0.0,0.0,0.0,0.0,0.0,0.0,0.0,0.0,0.0,0.0,0.0,0.0,0.0,0.0,0.0,0.0,0.0,0.0,0.0,0.0,0.0,0.0,0.0,0.0,0.0,0.0,0.0,0.0,0.0,0.0,0.0,0.0,0.0,0.0,0.0,0.0,0.0,0.0,0.0,0.0,0.0,0.0,0.0,0.0,0.0,0.0,0.0,0.0,0.0,0.0,0.0,0.0,0.0,0.0,0.0,0.0,0.0,0.0,0.0,0.0,0.0,0.0,0.0,0.0,0.0,0.0,0.0,0.0,0.0,0.0,0.0,0.0,0.0
0.0,0.0,0.0,0.0,0.0,0.0,0.0,0.0,0.0,0.0,0.0,0.0,0.0,0.0,0.0,0.0,0.0,0.0,0.0,0.0,0.0,0.0,0.0,0.0,0.0,0.0,0.0,0.0,0.0,0.0,0.0,0.0,0.0,0.0,0.0,0.0,0.0,0.0,0.0,0.0,0.0,0.0,0.0,0.0,0.0,0.0,0.0,0.0,0.0,0.0,0.0,0.0,0.0,0.0,0.0,0.0,0.0,0.0,0.0,0.0,0.0,0.0,0.0,0.0,0.0,0.0,0.0,0.0,0.0,0.0,0.0,0.0,0.0,0.0,0.0,0.0,0.0,0.0,0.0,0.0,0.0,0.0,0.0,0.0,0.0,0.0,0.0,0.0,0.0,0.0,0.0,0.0,0.0,0.0,0.0,0.0,0.0,0.0,0.0,0.0,0.0,0.0,0.0,0.0,0.0,0.0,0.0,0.0,0.0,0.0,0.0,0.0,0.0,0.0,0.0,0.0,0.0,0.0,0.0,0.0,0.0,0.0,0.0,0.0,0.0,0.0,0.0,0.0,0.0,0.0,0.0,0.0,0.0,0.0,0.0,0.0,0.0,0.0,0.0,0.0,0.0,0.0,0.0,0.0,0.0,0.0,0.0,0.0,0.0,0.0,0.0,0.0,0.0,0.0,0.0,0.0,0.0,0.0,0.0,0.0,0.0,0.0,0.0,0.0,0.0,0.0,0.0,0.0
0.0,0.0,0.0,0.0,0.0,0.0,0.0,0.0,0.0,0.0,0.0,0.0,0.0,0.0,0.0,0.0,0.0,0.0,0.0,0.0,0.0,0.0,0.0,0.0,0.0,0.0,0.0,0.0,0.0,0.0,0.0,0.0,0.0,0.0,0.0,0.0,0.0,0.0,0.0,0.0,0.0,0.0,0.0,0.0,0.0,0.0,0.0,0.0,0.0,0.0,0.0,0.0,0.0,0.0,0.0,0.0,0.0,0.0,0.0,0.0,0.0,0.0,0.0,0.0,0.0,0.0,0.0,0.0,0.0,0.0,0.0,0.0,0.0,0.0,0.0,0.0,0.0,0.0,0.0,0.0,0.0,0.0,0.0,0.0,0.0,0.0,0.0,0.0,0.0,0.0,0.0,0.0,0.0,0.0,0.0,0.0,0.0,0.0,0.0,0.0,0.0,0.0,0.0,0.0,0.0,0.0,0.0,0.0,0.0,0.0,0.0,0.0,0.0,0.0,0.0,0.0,0.0,0.0,0.0,0.0,0.0,0.0,0.0,0.0,0.0,0.0,0.0,0.0,0.0,0.0,0.0,0.0,0.0,0.0,0.0,0.0,0.0,0.0,0.0,0.0,0.0,0.0,0.0,0.0,0.0,0.0,0.0,0.0,0.0,0.0,0.0,0.0,0.0,0.0,0.0,0.0,0.0,0.0,0.0,0.0,0.0,0.0,0.0,0.0,0.0,0.0,0.0,0.0
0.0,0.0,0.0,0.0,0.0,0.0,0.0,0.0,0.0,0.0,0.0,0.0,0.0,0.0,0.0,0.0,0.0,0.0,0.0,0.0,0.0,0.0,0.0,0.0,0.0,0.0,0.0,0.0,0.0,0.0,0.0,0.0,0.0,0.0,0.0,0.0,0.0,0.0,0.0,0.0,0.0,0.0,0.0,0.0,0.0,0.0,0.0,0.0,0.0,0.0,0.0,0.0,0.0,0.0,0.0,0.0,0.0,0.0,0.0,0.0,0.0,0.0,0.0,0.0,0.0,0.0,0.0,0.0,0.0,0.0,0.0,0.0,0.0,0.0,0.0,0.0,0.0,0.0,0.0,0.0,0.0,0.0,0.0,0.0,0.0,0.0,0.0,0.0,0.0,0.0,0.0,0.0,0.0,0.0,0.0,0.0,0.0,0.0,0.0,0.0,0.0,0.0,0.0,0.0,0.0,0.0,0.0,0.0,0.0,0.0,0.0,0.0,0.0,0.0,0.0,0.0,0.0,0.0,0.0,0.0,0.0,0.0,0.0,0.0,0.0,0.0,0.0,0.0,0.0,0.0,0.0,0.0,0.0,0.0,0.0,0.0,0.0,0.0,0.0,0.0,0.0,0.0,0.0,0.0,0.0,0.0,0.0,0.0,0.0,0.0,0.0,0.0,0.0,0.0,0.0,0.0,0.0,0.0,0.0,0.0,0.0,0.0,0.0,0.0,0.0,0.0,0.0,0.0
0.0,0.0,0.0,0.0,0.0,0.0,0.0,0.0,0.0,0.0,0.0,0.0,0.0,0.0,0.0,0.0,0.0,0.0,0.0,0.0,0.0,0.0,0.0,0.0,0.0,0.0,0.0,0.0,0.0,0.0,0.0,0.0,0.0,0.0,0.0,0.0,0.0,0.0,0.0,0.0,0.0,0.0,0.0,0.0,0.0,0.0,0.0,0.0,0.0,0.0,0.0,0.0,0.0,0.0,0.0,0.0,0.0,0.0,0.0,0.0,0.0,0.0,0.0,0.0,0.0,0.0,0.0,0.0,0.0,0.0,0.0,0.0,0.0,0.0,0.0,0.0,0.0,0.0,0.0,0.0,0.0,0.0,0.0,0.0,0.0,0.0,0.0,0.0,0.0,0.0,0.0,0.0,0.0,0.0,0.0,0.0,0.0,0.0,0.0,0.0,0.0,0.0,0.0,0.0,0.0,0.0,0.0,0.0,0.0,0.0,0.0,0.0,0.0,0.0,0.0,0.0,0.0,0.0,0.0,0.0,0.0,0.0,0.0,0.0,0.0,0.0,0.0,0.0,0.0,0.0,0.0,0.0,0.0,0.0,0.0,0.0,0.0,0.0,0.0,0.0,0.0,0.0,0.0,0.0,0.0,0.0,0.0,0.0,0.0,0.0,0.0,0.0,0.0,0.0,0.0,0.0,0.0,0.0,0.0,0.0,0.0,0.0,0.0,0.0,0.0,0.0,0.0,0.0
0.0,0.0,0.0,0.0,0.0,0.0,0.0,0.0,0.0,0.0,0.0,0.0,0.0,0.0,0.0,0.0,0.0,0.0,0.0,0.0,0.0,0.0,0.0,0.0,0.0,0.0,0.0,0.0,0.0,0.0,0.0,0.0,0.0,0.0,0.0,0.0,0.0,0.0,0.0,0.0,0.0,0.0,0.0,0.0,0.0,0.0,0.0,0.0,0.0,0.0,0.0,0.0,0.0,0.0,0.0,0.0,0.0,0.0,0.0,0.0,0.0,0.0,0.0,0.0,0.0,0.0,0.0,0.0,0.0,0.0,0.0,0.0,0.0,0.0,0.0,0.0,0.0,0.0,0.0,0.0,0.0,0.0,0.0,0.0,0.0,0.0,0.0,0.0,0.0,0.0,0.0,0.0,0.0,0.0,0.0,0.0,0.0,0.0,0.0,0.0,0.0,0.0,0.0,0.0,0.0,0.0,0.0,0.0,0.0,0.0,0.0,0.0,0.0,0.0,0.0,0.0,0.0,0.0,0.0,0.0,0.0,0.0,0.0,0.0,0.0,0.0,0.0,0.0,0.0,0.0,0.0,0.0,0.0,0.0,0.0,0.0,0.0,0.0,0.0,0.0,0.0,0.0,0.0,0.0,0.0,0.0,0.0,0.0,0.0,0.0,0.0,0.0,0.0,0.0,0.0,0.0,0.0,0.0,0.0,0.0,0.0,0.0,0.0,0.0,0.0,0.0,0.0,0.0
0.0,0.0,0.0,0.0,0.0,0.0,0.0,0.0,0.0,0.0,0.0,0.0,0.0,0.0,0.0,0.0,0.0,0.0,0.0,0.0,0.0,0.0,0.0,0.0,0.0,0.0,0.0,0.0,0.0,0.0,0.0,0.0,0.0,0.0,0.0,0.0,0.0,0.0,0.0,0.0,0.0,0.0,0.0,0.0,0.0,0.0,0.0,0.0,0.0,0.0,0.0,0.0,0.0,0.0,0.0,0.0,0.0,0.0,0.0,0.0,0.0,0.0,0.0,0.0,0.0,0.0,0.0,0.0,0.0,0.0,0.0,0.0,0.0,0.0,0.0,0.0,0.0,0.0,0.0,0.0,0.0,0.0,0.0,0.0,0.0,0.0,0.0,0.0,0.0,0.0,0.0,0.0,0.0,0.0,0.0,0.0,0.0,0.0,0.0,0.0,0.0,0.0,0.0,0.0,0.0,0.0,0.0,0.0,0.0,0.0,0.0,0.0,0.0,0.0,0.0,0.0,0.0,0.0,0.0,0.0,0.0,0.0,0.0,0.0,0.0,0.0,0.0,0.0,0.0,0.0,0.0,0.0,0.0,0.0,0.0,0.0,0.0,0.0,0.0,0.0,0.0,0.0,0.0,0.0,0.0,0.0,0.0,0.0,0.0,0.0,0.0,0.0,0.0,0.0,0.0,0.0,0.0,0.0,0.0,0.0,0.0,0.0,0.0,0.0,0.0,0.0,0.0,0.0
0.0,0.0,0.0,0.0,0.0,0.0,0.0,0.0,0.0,0.0,0.0,0.0,0.0,0.0,0.0,0.0,0.0,0.0,0.0,0.0,0.0,0.0,0.0,0.0,0.0,0.0,0.0,0.0,0.0,0.0,0.0,0.0,0.0,0.0,0.0,0.0,0.0,0.0,0.0,0.0,0.0,0.0,0.0,0.0,0.0,0.0,0.0,0.0,0.0,0.0,0.0,0.0,0.0,0.0,0.0,0.0,0.0,0.0,0.0,0.0,0.0,0.0,0.0,0.0,0.0,0.0,0.0,0.0,0.0,0.0,0.0,0.0,0.0,0.0,0.0,0.0,0.0,0.0,0.0,0.0,0.0,0.0,0.0,0.0,0.0,0.0,0.0,0.0,0.0,0.0,0.0,0.0,0.0,0.0,0.0,0.0,0.0,0.0,0.0,0.0,0.0,0.0,0.0,0.0,0.0,0.0,0.0,0.0,0.0,0.0,0.0,0.0,0.0,0.0,0.0,0.0,0.0,0.0,0.0,0.0,0.0,0.0,0.0,0.0,0.0,0.0,0.0,0.0,0.0,0.0,0.0,0.0,0.0,0.0,0.0,0.0,0.0,0.0,0.0,0.0,0.0,0.0,0.0,0.0,0.0,0.0,0.0,0.0,0.0,0.0,0.0,0.0,0.0,0.0,0.0,0.0,0.0,0.0,0.0,0.0,0.0,0.0,0.0,0.0,0.0,0.0,0.0,0.0
0.0,0.0,0.0,0.0,0.0,0.0,0.0,0.0,0.0,0.0,0.0,0.0,0.0,0.0,0.0,0.0,0.0,0.0,0.0,0.0,0.0,0.0,0.0,0.0,0.0,0.0,0.0,0.0,0.0,0.0,0.0,0.0,0.0,0.0,0.0,0.0,0.0,0.0,0.0,0.0,0.0,0.0,0.0,0.0,0.0,0.0,0.0,0.0,0.0,0.0,0.0,0.0,0.0,0.0,0.0,0.0,0.0,0.0,0.0,0.0,0.0,0.0,0.0,0.0,0.0,0.0,0.0,0.0,0.0,0.0,0.0,0.0,0.0,0.0,0.0,0.0,0.0,0.0,0.0,0.0,0.0,0.0,0.0,0.0,0.0,0.0,0.0,0.0,0.0,0.0,0.0,0.0,0.0,0.0,0.0,0.0,0.0,0.0,0.0,0.0,0.0,0.0,0.0,0.0,0.0,0.0,0.0,0.0,0.0,0.0,0.0,0.0,0.0,0.0,0.0,0.0,0.0,0.0,0.0,0.0,0.0,0.0,0.0,0.0,0.0,0.0,0.0,0.0,0.0,0.0,0.0,0.0,0.0,0.0,0.0,0.0,0.0,0.0,0.0,0.0,0.0,0.0,0.0,0.0,0.0,0.0,0.0,0.0,0.0,0.0,0.0,0.0,0.0,0.0,0.0,0.0,0.0,0.0,0.0,0.0,0.0,0.0,0.0,0.0,0.0,0.0,0.0,0.0
0.0,0.0,0.0,0.0,0.0,0.0,0.0,0.0,0.0,0.0,0.0,0.0,0.0,0.0,0.0,0.0,0.0,0.0,0.0,0.0,0.0,0.0,0.0,0.0,0.0,0.0,0.0,0.0,0.0,0.0,0.0,0.0,0.0,0.0,0.0,0.0,0.0,0.0,0.0,0.0,0.0,0.0,0.0,0.0,0.0,0.0,0.0,0.0,0.0,0.0,0.0,0.0,0.0,0.0,0.0,0.0,0.0,0.0,0.0,0.0,0.0,0.0,0.0,0.0,0.0,0.0,0.0,0.0,0.0,0.0,0.0,0.0,0.0,0.0,0.0,0.0,0.0,0.0,0.0,0.0,0.0,0.0,0.0,0.0,0.0,0.0,0.0,0.0,0.0,0.0,0.0,0.0,0.0,0.0,0.0,0.0,0.0,0.0,0.0,0.0,0.0,0.0,0.0,0.0,0.0,0.0,0.0,0.0,0.0,0.0,0.0,0.0,0.0,0.0,0.0,0.0,0.0,0.0,0.0,0.0,0.0,0.0,0.0,0.0,0.0,0.0,0.0,0.0,0.0,0.0,0.0,0.0,0.0,0.0,0.0,0.0,0.0,0.0,0.0,0.0,0.0,0.0,0.0,0.0,0.0,0.0,0.0,0.0,0.0,0.0,0.0,0.0,0.0,0.0,0.0,0.0,0.0,0.0,0.0,0.0,0.0,0.0,0.0,0.0,0.0,0.0,0.0,0.0
0.0,0.0,0.0,0.0,0.0,0.0,0.0,0.0,0.0,0.0,0.0,0.0,0.0,0.0,0.0,0.0,0.0,0.0,0.0,0.0,0.0,0.0,0.0,0.0,0.0,0.0,0.0,0.0,0.0,0.0,0.0,0.0,0.0,0.0,0.0,0.0,0.0,0.0,0.0,0.0,0.0,0.0,0.0,0.0,0.0,0.0,0.0,0.0,0.0,0.0,0.0,0.0,0.0,0.0,0.0,0.0,0.0,0.0,0.0,0.0,0.0,0.0,0.0,0.0,0.0,0.0,0.0,0.0,0.0,0.0,0.0,0.0,0.0,0.0,0.0,0.0,0.0,0.0,0.0,0.0,0.0,0.0,0.0,0.0,0.0,0.0,0.0,0.0,0.0,0.0,0.0,0.0,0.0,0.0,0.0,0.0,0.0,0.0,0.0,0.0,0.0,0.0,0.0,0.0,0.0,0.0,0.0,0.0,0.0,0.0,0.0,0.0,0.0,0.0,0.0,0.0,0.0,0.0,0.0,0.0,0.0,0.0,0.0,0.0,0.0,0.0,0.0,0.0,0.0,0.0,0.0,0.0,0.0,0.0,0.0,0.0,0.0,0.0,0.0,0.0,0.0,0.0,0.0,0.0,0.0,0.0,0.0,0.0,0.0,0.0,0.0,0.0,0.0,0.0,0.0,0.0,0.0,0.0,0.0,0.0,0.0,0.0,0.0,0.0,0.0,0.0,0.0,0.0
0.0,0.0,0.0,0.0,0.0,0.0,0.0,0.0,0.0,0.0,0.0,0.0,0.0,0.0,0.0,0.0,0.0,0.0,0.0,0.0,0.0,0.0,0.0,0.0,0.0,0.0,0.0,0.0,0.0,0.0,0.0,0.0,0.0,0.0,0.0,0.0,0.0,0.0,0.0,0.0,0.0,0.0,0.0,0.0,0.0,0.0,0.0,0.0,0.0,0.0,0.0,0.0,0.0,0.0,0.0,0.0,0.0,0.0,0.0,0.0,0.0,0.0,0.0,0.0,0.0,0.0,0.0,0.0,0.0,0.0,0.0,0.0,0.0,0.0,0.0,0.0,0.0,0.0,0.0,0.0,0.0,0.0,0.0,0.0,0.0,0.0,0.0,0.0,0.0,0.0,0.0,0.0,0.0,0.0,0.0,0.0,0.0,0.0,0.0,0.0,0.0,0.0,0.0,0.0,0.0,0.0,0.0,0.0,0.0,0.0,0.0,0.0,0.0,0.0,0.0,0.0,0.0,0.0,0.0,0.0,0.0,0.0,0.0,0.0,0.0,0.0,0.0,0.0,0.0,0.0,0.0,0.0,0.0,0.0,0.0,0.0,0.0,0.0,0.0,0.0,0.0,0.0,0.0,0.0,0.0,0.0,0.0,0.0,0.0,0.0,0.0,0.0,0.0,0.0,0.0,0.0,0.0,0.0,0.0,0.0,0.0,0.0,0.0,0.0,0.0,0.0,0.0,0.0
0.0,0.0,0.0,0.0,0.0,0.0,0.0,0.0,0.0,0.0,0.0,0.0,0.0,0.0,0.0,0.0,0.0,0.0,0.0,0.0,0.0,0.0,0.0,0.0,0.0,0.0,0.0,0.0,0.0,0.0,0.0,0.0,0.0,0.0,0.0,0.0,0.0,0.0,0.0,0.0,0.0,0.0,0.0,0.0,0.0,0.0,0.0,0.0,0.0,0.0,0.0,0.0,0.0,0.0,0.0,0.0,0.0,0.0,0.0,0.0,0.0,0.0,0.0,0.0,0.0,0.0,0.0,0.0,0.0,0.0,0.0,0.0,0.0,0.0,0.0,0.0,0.0,0.0,0.0,0.0,0.0,0.0,0.0,0.0,0.0,0.0,0.0,0.0,0.0,0.0,0.0,0.0,0.0,0.0,0.0,0.0,0.0,0.0,0.0,0.0,0.0,0.0,0.0,0.0,0.0,0.0,0.0,0.0,0.0,0.0,0.0,0.0,0.0,0.0,0.0,0.0,0.0,0.0,0.0,0.0,0.0,0.0,0.0,0.0,0.0,0.0,0.0,0.0,0.0,0.0,0.0,0.0,0.0,0.0,0.0,0.0,0.0,0.0,0.0,0.0,0.0,0.0,0.0,0.0,0.0,0.0,0.0,0.0,0.0,0.0,0.0,0.0,0.0,0.0,0.0,0.0,0.0,0.0,0.0,0.0,0.0,0.0,0.0,0.0,0.0,0.0,0.0,0.0
0.0,0.0,0.0,0.0,0.0,0.0,0.0,0.0,0.0,0.0,0.0,0.0,0.0,0.0,0.0,0.0,0.0,0.0,0.0,0.0,0.0,0.0,0.0,0.0,0.0,0.0,0.0,0.0,0.0,0.0,0.0,0.0,0.0,0.0,0.0,0.0,0.0,0.0,0.0,0.0,0.0,0.0,0.0,0.0,0.0,0.0,0.0,0.0,0.0,0.0,0.0,0.0,0.0,0.0,0.0,0.0,0.0,0.0,0.0,0.0,0.0,0.0,0.0,0.0,0.0,0.0,0.0,0.0,0.0,0.0,0.0,0.0,0.0,0.0,0.0,0.0,0.0,0.0,0.0,0.0,0.0,0.0,0.0,0.0,0.0,0.0,0.0,0.0,0.0,0.0,0.0,0.0,0.0,0.0,0.0,0.0,0.0,0.0,0.0,0.0,0.0,0.0,0.0,0.0,0.0,0.0,0.0,0.0,0.0,0.0,0.0,0.0,0.0,0.0,0.0,0.0,0.0,0.0,0.0,0.0,0.0,0.0,0.0,0.0,0.0,0.0,0.0,0.0,0.0,0.0,0.0,0.0,0.0,0.0,0.0,0.0,0.0,0.0,0.0,0.0,0.0,0.0,0.0,0.0,0.0,0.0,0.0,0.0,0.0,0.0,0.0,0.0,0.0,0.0,0.0,0.0,0.0,0.0,0.0,0.0,0.0,0.0,0.0,0.0,0.0,0.0,0.0,0.0
0.0,0.0,0.0,0.0,0.0,0.0,0.0,0.0,0.0,0.0,0.0,0.0,0.0,0.0,0.0,0.0,0.0,0.0,0.0,0.0,0.0,0.0,0.0,0.0,0.0,0.0,0.0,0.0,0.0,0.0,0.0,0.0,0.0,0.0,0.0,0.0,0.0,0.0,0.0,0.0,0.0,0.0,0.0,0.0,0.0,0.0,0.0,0.0,0.0,0.0,0.0,0.0,0.0,0.0,0.0,0.0,0.0,0.0,0.0,0.0,0.0,0.0,0.0,0.0,0.0,0.0,0.0,0.0,0.0,0.0,0.0,0.0,0.0,0.0,0.0,0.0,0.0,0.0,0.0,0.0,0.0,0.0,0.0,0.0,0.0,0.0,0.0,0.0,0.0,0.0,0.0,0.0,0.0,0.0,0.0,0.0,0.0,0.0,0.0,0.0,0.0,0.0,0.0,0.0,0.0,0.0,0.0,0.0,0.0,0.0,0.0,0.0,0.0,0.0,0.0,0.0,0.0,0.0,0.0,0.0,0.0,0.0,0.0,0.0,0.0,0.0,0.0,0.0,0.0,0.0,0.0,0.0,0.0,0.0,0.0,0.0,0.0,0.0,0.0,0.0,0.0,0.0,0.0,0.0,0.0,0.0,0.0,0.0,0.0,0.0,0.0,0.0,0.0,0.0,0.0,0.0,0.0,0.0,0.0,0.0,0.0,0.0,0.0,0.0,0.0,0.0,0.0,0.0
0.0,0.0,0.0,0.0,0.0,0.0,0.0,0.0,0.0,0.0,0.0,0.0,0.0,0.0,0.0,0.0,0.0,0.0,0.0,0.0,0.0,0.0,0.0,0.0,0.0,0.0,0.0,0.0,0.0,0.0,0.0,0.0,0.0,0.0,0.0,0.0,0.0,0.0,0.0,0.0,0.0,0.0,0.0,0.0,0.0,0.0,0.0,0.0,0.0,0.0,0.0,0.0,0.0,0.0,0.0,0.0,0.0,0.0,0.0,0.0,0.0,0.0,0.0,0.0,0.0,0.0,0.0,0.0,0.0,0.0,0.0,0.0,0.0,0.0,0.0,0.0,0.0,0.0,0.0,0.0,0.0,0.0,0.0,0.0,0.0,0.0,0.0,0.0,0.0,0.0,0.0,0.0,0.0,0.0,0.0,0.0,0.0,0.0,0.0,0.0,0.0,0.0,0.0,0.0,0.0,0.0,0.0,0.0,0.0,0.0,0.0,0.0,0.0,0.0,0.0,0.0,0.0,0.0,0.0,0.0,0.0,0.0,0.0,0.0,0.0,0.0,0.0,0.0,0.0,0.0,0.0,0.0,0.0,0.0,0.0,0.0,0.0,0.0,0.0,0.0,0.0,0.0,0.0,0.0,0.0,0.0,0.0,0.0,0.0,0.0,0.0,0.0,0.0,0.0,0.0,0.0,0.0,0.0,0.0,0.0,0.0,0.0,0.0,0.0,0.0,0.0,0.0,0.0
0.0,0.0,0.0,0.0,0.0,0.0,0.0,0.0,0.0,0.0,0.0,0.0,0.0,0.0,0.0,0.0,0.0,0.0,0.0,0.0,0.0,0.0,0.0,0.0,0.0,0.0,0.0,0.0,0.0,0.0,0.0,0.0,0.0,0.0,0.0,0.0,0.0,0.0,0.0,0.0,0.0,0.0,0.0,0.0,0.0,0.0,0.0,0.0,0.0,0.0,0.0,0.0,0.0,0.0,0.0,0.0,0.0,0.0,0.0,0.0,0.0,0.0,0.0,0.0,0.0,0.0,0.0,0.0,0.0,0.0,0.0,0.0,0.0,0.0,0.0,0.0,0.0,0.0,0.0,0.0,0.0,0.0,0.0,0.0,0.0,0.0,0.0,0.0,0.0,0.0,0.0,0.0,0.0,0.0,0.0,0.0,0.0,0.0,0.0,0.0,0.0,0.0,0.0,0.0,0.0,0.0,0.0,0.0,0.0,0.0,0.0,0.0,0.0,0.0,0.0,0.0,0.0,0.0,0.0,0.0,0.0,0.0,0.0,0.0,0.0,0.0,0.0,0.0,0.0,0.0,0.0,0.0,0.0,0.0,0.0,0.0,0.0,0.0,0.0,0.0,0.0,0.0,0.0,0.0,0.0,0.0,0.0,0.0,0.0,0.0,0.0,0.0,0.0,0.0,0.0,0.0,0.0,0.0,0.0,0.0,0.0,0.0,0.0,0.0,0.0,0.0,0.0,0.0
2.759171962738037,4.5986199378967285,4.828550934791565,4.828550934791565,3.678895950317383,3.9088269472122192,5.288412928581238,6.897929906845093,5.748274922370911,9.427170872688293,9.887032866477966,13.56592881679535,12.646204829216003,15.40537679195404,6.43806791305542,6.897929906845093,8.96730887889862,8.507446885108948,13.335997819900513,16.325100779533386,9.887032866477966,14.485652804374695,12.18634283542633,16.78496277332306,20.923720717430115,18.854341745376587,19.31420373916626,23.452961683273315,13.106066823005676,14.945514798164368,16.325100779533386,11.036687850952148,15.175445795059204,22.073375701904297,16.09516978263855,24.832547664642334,16.78496277332306,18.62441074848175,20.00399672985077,23.452961683273315,26.44206464290619,23.682892680168152,27.1318576335907,23.682892680168152,29.201236605644226,33.56992554664612,33.56992554664612,42.3073034286499,38.39847648143768,31.50054657459259,35.639304518699646,36.09916651248932,38.858338475227356,37.2488214969635,47.13585436344147,42.077372431755066,25.522340655326843,28.741374611854553,31.50054657459259,22.763168692588806,17.47475576400757,24.602616667747498,22.53323769569397,54.72357726097107,50.584819316864014,39.7780624628067,37.47875249385834,27.1318576335907,53.803853273391724,59.552128195762634,77.48674595355988,77.94660794734955,77.94660794734955,79.09626293182373,88.29350280761719,105.76825857162476,109.67708551883698,67.82964408397675,67.13985109329224,65.99019610881805,85.99419283866882,75.18743598461151,71.50854003429413,70.81874704360962,74.03778100013733,84.84453785419464,77.71667695045471,79.32619392871857,69.89902305603027,93.35198473930359,73.57791900634766,76.10715997219086,85.07446885108948,93.35198473930359,95.19143271446228,86.91391682624817,87.37377882003784,96.80094969272614,48.28550934791565,46.44606137275696,54.03378427028656,47.13585436344147,42.99709641933441,41.84744143486023,42.53723442554474,23.91282367706299,17.47475576400757,16.78496277332306,16.555031776428223,12.87613582611084,11.266618847846985,9.427170872688293,19.774065732955933,14.255721807479858,14.485652804374695,9.65710186958313,8.047584891319275,11.036687850952148,11.956411838531494,11.956411838531494,15.635307788848877,13.106066823005676,7.357791900634766,7.8176538944244385,7.587722897529602,6.2081369161605835,6.43806791305542,6.43806791305542,7.127860903739929,3.21903395652771,5.058481931686401,7.357791900634766,3.678895950317383,6.43806791305542,5.058481931686401,4.828550934791565,3.21903395652771,3.678895950317383,2.759171962738037,3.9088269472122192,5.518343925476074,4.5986199378967285,2.2993099689483643,2.759171962738037,3.678895950317383,4.5986199378967285,4.138757944107056,3.21903395652771,1.3795859813690186,1.3795859813690186,0.9197239875793457,1.1496549844741821,2.069378972053528,1.609516978263855,0.6897929906845093,0.9197239875793457,1.1496549844741821,0.22993099689483643,0.0,0.45986199378967285,1.1496549844741821,0.22993099689483643,0.22993099689483643,0.22993099689483643,0.22993099689483643,0.45986199378967285,0.22993099689483643,0.22993099689483643
4.5986199378967285,6.897929906845093,5.748274922370911,11.496549844741821,12.416273832321167,14.485652804374695,12.646204829216003,11.956411838531494,14.485652804374695,21.383582711219788,26.901926636695862,25.292409658432007,23.91282367706299,28.97130560874939,12.87613582611084,17.244824767112732,17.704686760902405,23.91282367706299,25.06247866153717,19.084272742271423,18.164548754692078,32.1903395652771,32.88013255596161,39.31820046901703,31.960408568382263,34.25971853733063,40.237924456596375,40.237924456596375,23.91282367706299,32.1903395652771,32.65020155906677,22.993099689483643,24.832547664642334,30.580822587013245,32.88013255596161,34.489649534225464,31.270615577697754,32.420270562171936,27.1318576335907,31.270615577697754,39.31820046901703,43.22702741622925,44.37668240070343,38.16854548454285,45.986199378967285,38.16854548454285,50.81475031375885,50.12495732307434,54.03378427028656,45.75626838207245,43.22702741622925,44.37668240070343,43.22702741622925,41.38757944107056,50.81475031375885,43.22702741622925,30.81075358390808,30.580822587013245,31.040684580802917,21.383582711219788,18.62441074848175,25.982202649116516,23.91282367706299,51.96440529823303,48.28550934791565,31.960408568382263,35.17944252490997,28.511443614959717,52.19433629512787,54.72357726097107,63.23102414608002,67.36978209018707,73.57791900634766,71.04867804050446,71.9684020280838,91.74246776103973,87.37377882003784,53.114060282707214,51.27461230754852,62.31130015850067,55.41337025165558,63.46095514297485,57.71268022060394,52.88412928581238,42.3073034286499,55.643301248550415,54.49364626407623,58.63240420818329,61.851438164711,55.18343925476074,57.94261121749878,47.365785360336304,56.56302523612976,60.93171417713165,65.76026511192322,56.7929562330246,62.081369161605835,65.99019610881805,29.891029596328735,35.86923551559448,30.120960593223572,28.97130560874939,29.891029596328735,35.639304518699646,24.142754673957825,14.945514798164368,10.116963863372803,9.65710186958313,9.427170872688293,8.277515888214111,5.978205919265747,6.897929906845093,15.865238785743713,11.496549844741821,8.507446885108948,6.667998909950256,9.197239875793457,4.828550934791565,6.897929906845093,7.357791900634766,8.96730887889862,8.507446885108948,6.2081369161605835,6.2081369161605835,6.2081369161605835,5.518343925476074,5.288412928581238,5.518343925476074,5.058481931686401,5.288412928581238,3.21903395652771,4.828550934791565,4.138757944107056,5.288412928581238,2.5292409658432007,3.21903395652771,1.8394479751586914,3.9088269472122192,4.5986199378967285,1.8394479751586914,3.4489649534225464,3.9088269472122192,3.9088269472122192,2.759171962738037,3.678895950317383,1.8394479751586914,6.2081369161605835,3.678895950317383,0.9197239875793457,2.069378972053528,1.609516978263855,3.4489649534225464,2.069378972053528,2.069378972053528,2.2993099689483643,1.3795859813690186,1.8394479751586914,0.9197239875793457,1.3795859813690186,1.1496549844741821,1.609516978263855,0.45986199378967285,1.3795859813690186,0.22993099689483643,0.22993099689483643,0.0,0.45986199378967285,0.45986199378967285
11.266618847846985,6.43806791305542,7.587722897529602,10.116963863372803,9.65710186958313,14.485652804374695,16.78496277332306,14.485652804374695,16.09516978263855,20.463858723640442,20.463858723640442,27.361788630485535,37.47875249385834,32.420270562171936,19.084272742271423,21.15365171432495,19.544134736061096,28.28151261806488,28.051581621170044,30.120960593223572,25.982202649116516,41.84744143486023,35.17944252490997,41.84744143486023,34.489649534225464,41.61751043796539,51.27461230754852,59.09226620197296,30.350891590118408,31.730477571487427,33.56992554664612,22.073375701904297,26.671995639801025,36.329097509384155,29.6610985994339,42.53723442554474,37.47875249385834,30.120960593223572,34.94951152801514,37.93861448764801,41.38757944107056,41.38757944107056,49.43516433238983,43.91682040691376,40.927717447280884,40.927717447280884,44.8365443944931,54.03378427028656,44.37668240070343,48.97530233860016,40.69778645038605,44.146751403808594,48.05557835102081,49.895026326179504,53.803853273391724,47.13585436344147,31.50054657459259,31.040684580802917,29.891029596328735,27.1318576335907,17.704686760902405,25.06247866153717,24.37268567085266,47.59571635723114,40.237924456596375,33.56992554664612,36.329097509384155,24.602616667747498,38.62840747833252,50.81475031375885,58.172542214393616,62.771162152290344,65.30040311813354,54.72357726097107,61.16164517402649,83.00508987903595,83.23502087593079,38.39847648143768,45.986199378967285,41.61751043796539,52.424267292022705,51.734474301338196,48.97530233860016,43.456958413124084,39.31820046901703,49.43516433238983,48.74537134170532,47.365785360336304,51.27461230754852,51.734474301338196,55.41337025165558,48.28550934791565,59.3221971988678,50.35488831996918,50.81475031375885,53.114060282707214,58.63240420818329,57.482749223709106,24.602616667747498,26.212133646011353,27.59171962738037,26.212133646011353,27.361788630485535,29.891029596328735,27.821650624275208,9.427170872688293,12.646204829216003,10.116963863372803,8.737377882003784,6.897929906845093,9.197239875793457,7.127860903739929,14.485652804374695,10.34689486026764,10.806756854057312,7.357791900634766,5.518343925476074,5.518343925476074,8.277515888214111,5.978205919265747,10.34689486026764,5.978205919265747,8.047584891319275,6.667998909950256,4.828550934791565,5.748274922370911,4.828550934791565,4.828550934791565,8.047584891319275,7.127860903739929,3.21903395652771,5.978205919265747,6.897929906845093,6.897929906845093,5.288412928581238,5.288412928581238,4.828550934791565,3.9088269472122192,4.828550934791565,3.678895950317383,4.5986199378967285,4.368688941001892,5.518343925476074,5.058481931686401,5.978205919265747,4.138757944107056,5.978205919265747,2.5292409658432007,4.368688941001892,4.368688941001892,2.759171962738037,3.4489649534225464,4.828550934791565,4.828550934791565,2.5292409658432007,2.069378972053528,0.6897929906845093,2.9891029596328735,2.759171962738037,2.9891029596328735,2.069378972053528,0.45986199378967285,0.6897929906845093,0.45986199378967285,0.6897929906845093,0.6897929906845093,0.6897929906845093,0.6897929906845093
3.4489649534225464,6.667998909950256,7.587722897529602,7.8176538944244385,7.127860903739929,12.87613582611084,13.335997819900513,15.175445795059204,15.635307788848877,15.175445795059204,22.53323769569397,25.292409658432007,25.522340655326843,28.28151261806488,14.945514798164368,15.40537679195404,14.485652804374695,18.854341745376587,28.28151261806488,23.22303068637848,20.69378972053528,34.94951152801514,26.671995639801025,34.7195805311203,36.329097509384155,36.78895950317383,39.08826947212219,45.75626838207245,26.44206464290619,28.28151261806488,31.960408568382263,22.303306698799133,27.361788630485535,30.350891590118408,28.511443614959717,34.489649534225464,36.09916651248932,27.1318576335907,24.37268567085266,29.201236605644226,35.639304518699646,40.46785545349121,34.02978754043579,37.93861448764801,38.62840747833252,40.237924456596375,39.7780624628067,57.71268022060394,56.333094239234924,40.00799345970154,39.08826947212219,38.16854548454285,48.74537134170532,43.456958413124084,58.862335205078125,48.05557835102081,30.350891590118408,34.25971853733063,33.110063552856445,28.511443614959717,19.31420373916626,29.201236605644226,27.361788630485535,57.94261121749878,48.74537134170532,41.61751043796539,37.2488214969635,29.201236605644226,55.87323224544525,60.47185218334198,73.80785000324249,78.8663319349289,77.71667695045471,75.64729797840118,78.40646994113922,86.68398582935333,96.11115670204163,52.19433629512787,57.71268022060394,65.99019610881805,61.851438164711,62.31130015850067,58.172542214393616,45.75626838207245,50.35488831996918,62.081369161605835,60.47185218334198,58.63240420818329,53.34399127960205,62.081369161605835,53.57392227649689,62.771162152290344,55.643301248550415,56.56302523612976,57.022887229919434,66.9099200963974,60.701783180236816,52.19433629512787,25.06247866153717,25.982202649116516,35.17944252490997,29.6610985994339,26.44206464290619,27.361788630485535,24.602616667747498,10.806756854057312,10.576825857162476,9.197239875793457,8.96730887889862,8.737377882003784,8.507446885108948,6.43806791305542,11.266618847846985,7.587722897529602,6.43806791305542,8.96730887889862,6.43806791305542,5.288412928581238,7.127860903739929,7.8176538944244385,8.737377882003784,5.518343925476074,3.678895950317383,8.737377882003784,4.828550934791565,9.427170872688293,2.9891029596328735,4.5986199378967285,5.518343925476074,3.678895950317383,6.2081369161605835,4.5986199378967285,1.8394479751586914,5.058481931686401,5.288412928581238,3.9088269472122192,3.4489649534225464,5.058481931686401,2.5292409658432007,3.21903395652771,5.748274922370911,4.5986199378967285,2.5292409658432007,2.759171962738037,4.368688941001892,4.828550934791565,3.4489649534225464,2.2993099689483643,1.8394479751586914,2.759171962738037,3.4489649534225464,4.138757944107056,2.759171962738037,1.609516978263855,1.1496549844741821,0.9197239875793457,2.9891029596328735,1.1496549844741821,1.3795859813690186,1.1496549844741821,3.4489649534225464,0.22993099689483643,0.22993099689483643,0.6897929906845093,0.6897929906845093,0.0,0.45986199378967285,0.0
5.058481931686401,8.96730887889862,10.576825857162476,8.96730887889862,9.65710186958313,15.635307788848877,18.394479751586914,16.325100779533386,21.383582711219788,28.28151261806488,29.891029596328735,30.350891590118408,35.86923551559448,41.38757944107056,19.31420373916626,23.452961683273315,22.303306698799133,25.06247866153717,34.489649534225464,32.420270562171936,30.580822587013245,40.927717447280884,42.3073034286499,34.94951152801514,54.03378427028656,47.13585436344147,65.76026511192322,61.16164517402649,29.431167602539062,33.110063552856445,40.927717447280884,25.292409658432007,33.56992554664612,41.38757944107056,32.1903395652771,47.13585436344147,33.110063552856445,31.040684580802917,34.02978754043579,33.33999454975128,36.09916651248932,39.7780624628067,45.296406388282776,41.61751043796539,39.548131465911865,42.077372431755066,44.60661339759827,52.424267292022705,48.97530233860016,39.31820046901703,42.99709641933441,42.53723442554474,42.077372431755066,42.767165422439575,48.74537134170532,44.60661339759827,28.511443614959717,23.682892680168152,26.671995639801025,23.91282367706299,14.715583801269531,26.901926636695862,22.53323769569397,47.13585436344147,34.02978754043579,27.1318576335907,31.040684580802917,19.544134736061096,37.47875249385834,41.61751043796539,55.18343925476074,46.21613037586212,43.456958413124084,48.28550934791565,54.2637152671814,69.89902305603027,64.84054112434387,30.81075358390808,39.08826947212219,39.31820046901703,43.22702741622925,52.88412928581238,37.708683490753174,37.018890500068665,39.08826947212219,44.8365443944931,49.895026326179504,51.04468131065369,36.78895950317383,44.60661339759827,45.06647539138794,47.82564735412598,45.75626838207245,48.05557835102081,59.78205919265747,51.04468131065369,51.04468131065369,52.88412928581238,26.44206464290619,25.06247866153717,33.33999454975128,33.56992554664612,22.303306698799133,32.1903395652771,28.051581621170044,12.18634283542633,8.277515888214111,11.266618847846985,12.646204829216003,8.277515888214111,5.748274922370911,8.507446885108948,14.485652804374695,9.197239875793457,10.116963863372803,6.667998909950256,11.266618847846985,13.106066823005676,8.737377882003784,6.897929906845093,8.737377882003784,8.507446885108948,7.8176538944244385,7.357791900634766,7.587722897529602,11.036687850952148,7.587722897529602,7.127860903739929,8.047584891319275,3.9088269472122192,6.897929906845093,5.518343925476074,5.058481931686401,8.047584891319275,8.96730887889862,12.18634283542633,7.127860903739929,7.587722897529602,4.368688941001892,5.748274922370911,12.18634283542633,12.18634283542633,7.587722897529602,9.197239875793457,7.8176538944244385,5.978205919265747,6.2081369161605835,6.667998909950256,6.2081369161605835,7.357791900634766,5.748274922370911,6.2081369161605835,6.667998909950256,3.21903395652771,4.5986199378967285,2.9891029596328735,4.368688941001892,2.759171962738037,3.9088269472122192,3.9088269472122192,5.748274922370911,1.1496549844741821,1.1496549844741821,2.069378972053528,0.22993099689483643,1.609516978263855,0.9197239875793457,1.3795859813690186
4.5986199378967285,6.667998909950256,6.897929906845093,7.127860903739929,8.047584891319275,12.18634283542633,12.87613582611084,11.726480841636658,14.255721807479858,17.93461775779724,14.945514798164368,23.452961683273315,25.06247866153717,31.730477571487427,14.715583801269531,17.93461775779724,14.945514798164368,22.53323769569397,21.383582711219788,22.993099689483643,20.463858723640442,35.86923551559448,37.47875249385834,30.580822587013245,33.33999454975128,38.16854548454285,44.146751403808594,47.82564735412598,21.613513708114624,31.50054657459259,34.25971853733063,23.91282367706299,23.91282367706299,34.94951152801514,32.88013255596161,36.09916651248932,32.88013255596161,31.50054657459259,29.431167602539062,28.051581621170044,38.858338475227356,41.84744143486023,42.53723442554474,37.47875249385834,38.16854548454285,42.3073034286499,45.986199378967285,44.146751403808594,45.296406388282776,40.237924456596375,36.09916651248932,37.018890500068665,46.675992369651794,52.88412928581238,45.75626838207245,42.53723442554474,25.06247866153717,25.522340655326843,30.580822587013245,25.522340655326843,22.073375701904297,19.544134736061096,19.31420373916626,49.205233335494995,37.47875249385834,38.39847648143768,37.2488214969635,31.270615577697754,43.68688941001892,54.953508257865906,67.59971308708191,65.07047212123871,59.78205919265747,57.25281822681427,73.57791900634766,95.65129470825195,95.19143271446228,48.74537134170532,54.72357726097107,52.65419828891754,56.10316324234009,60.701783180236816,59.552128195762634,50.81475031375885,48.515440344810486,52.424267292022705,49.43516433238983,61.391576170921326,54.72357726097107,62.31130015850067,55.643301248550415,64.61061012744904,59.3221971988678,62.54123115539551,61.16164517402649,50.81475031375885,71.9684020280838,66.9099200963974,28.28151261806488,41.38757944107056,34.02978754043579,34.489649534225464,33.799856543540955,29.201236605644226,26.212133646011353,15.175445795059204,12.416273832321167,11.726480841636658,8.277515888214111,11.956411838531494,7.8176538944244385,4.138757944107056,14.715583801269531,12.646204829216003,10.576825857162476,14.255721807479858,6.2081369161605835,10.806756854057312,7.8176538944244385,9.887032866477966,9.197239875793457,10.116963863372803,6.43806791305542,6.897929906845093,7.8176538944244385,7.357791900634766,8.507446885108948,9.887032866477966,5.288412928581238,5.748274922370911,7.127860903739929,5.978205919265747,8.047584891319275,6.897929906845093,6.2081369161605835,5.288412928581238,3.9088269472122192,3.9088269472122192,2.9891029596328735,2.9891029596328735,6.667998909950256,5.058481931686401,3.21903395652771,3.21903395652771,4.368688941001892,2.9891029596328735,2.9891029596328735,2.5292409658432007,2.759171962738037,2.9891029596328735,2.9891029596328735,1.1496549844741821,1.8394479751586914,2.2993099689483643,2.2993099689483643,1.3795859813690186,1.3795859813690186,0.9197239875793457,2.2993099689483643,1.609516978263855,1.3795859813690186,0.22993099689483643,0.6897929906845093,0.22993099689483643,0.6897929906845093,0.22993099689483643,0.0,0.22993099689483643
3.9088269472122192,5.518343925476074,5.978205919265747,10.576825857162476,7.8176538944244385,12.18634283542633,10.116963863372803,9.65710186958313,14.485652804374695,18.164548754692078,20.00399672985077,17.93461775779724,27.361788630485535,25.06247866153717,15.635307788848877,14.485652804374695,14.255721807479858,18.394479751586914,17.93461775779724,17.014893770217896,21.613513708114624,30.350891590118408,28.051581621170044,27.1318576335907,22.763168692588806,25.292409658432007,37.47875249385834,39.08826947212219,16.09516978263855,20.00399672985077,28.511443614959717,15.40537679195404,21.15365171432495,21.84344470500946,22.763168692588806,29.431167602539062,25.06247866153717,20.69378972053528,22.303306698799133,17.244824767112732,26.901926636695862,27.361788630485535,33.799856543540955,30.81075358390808,24.37268567085266,29.431167602539062,29.891029596328735,32.420270562171936,38.39847648143768,28.511443614959717,28.97130560874939,34.489649534225464,34.94951152801514,35.639304518699646,35.86923551559448,35.639304518699646,24.142754673957825,21.613513708114624,23.682892680168152,22.763168692588806,18.62441074848175,23.452961683273315,17.014893770217896,53.57392227649689,41.38757944107056,35.17944252490997,26.212133646011353,28.051581621170044,48.74537134170532,69.66909205913544,57.022887229919434,66.67998909950256,70.58881604671478,66.9099200963974,87.60370981693268,92.89212274551392,94.73157072067261,53.114060282707214,65.07047212123871,62.081369161605835,66.22012710571289,63.920817136764526,65.99019610881805,53.803853273391724,69.20923006534576,77.71667695045471,70.12895405292511,69.4391610622406,72.65819501876831,71.9684020280838,68.51943707466125,78.17653894424438,82.0853658914566,89.6730887889862,82.54522788524628,81.3955729007721,90.13295078277588,84.38467586040497,47.59571635723114,39.548131465911865,43.68688941001892,45.986199378967285,47.59571635723114,50.81475031375885,30.350891590118408,20.00399672985077,17.244824767112732,15.635307788848877,16.78496277332306,14.485652804374695,11.956411838531494,13.56592881679535,15.865238785743713,14.945514798164368,11.266618847846985,15.865238785743713,11.496549844741821,12.646204829216003,12.87613582611084,8.96730887889862,10.116963863372803,15.40537679195404,11.036687850952148,10.576825857162476,11.956411838531494,14.025790810585022,5.748274922370911,7.587722897529602,5.748274922370911,8.047584891319275,9.427170872688293,9.427170872688293,4.368688941001892,11.726480841636658,5.978205919265747,6.897929906845093,7.127860903739929,8.277515888214111,5.518343925476074,4.5986199378967285,9.427170872688293,8.737377882003784,6.43806791305542,6.667998909950256,8.277515888214111,7.357791900634766,6.2081369161605835,5.748274922370911,4.5986199378967285,5.518343925476074,4.368688941001892,4.5986199378967285,4.368688941001892,2.759171962738037,2.069378972053528,2.759171962738037,2.069378972053528,1.8394479751586914,3.21903395652771,0.6897929906845093,2.9891029596328735,0.22993099689483643,0.45986199378967285,0.22993099689483643,1.609516978263855,0.45986199378967285,0.0,0.0
7.127860903739929,12.18634283542633,18.854341745376587,16.78496277332306,14.945514798164368,22.073375701904297,28.97130560874939,25.522340655326843,31.040684580802917,30.81075358390808,42.53723442554474,51.50454330444336,53.803853273391724,55.643301248550415,24.142754673957825,37.708683490753174,35.40937352180481,39.31820046901703,40.69778645038605,48.97530233860016,39.31820046901703,66.45005810260773,67.13985109329224,63.920817136764526,66.67998909950256,63.69088613986969,63.69088613986969,78.8663319349289,44.8365443944931,53.803853273391724,51.96440529823303,30.81075358390808,39.31820046901703,50.584819316864014,47.59571635723114,48.97530233860016,47.365785360336304,38.858338475227356,44.8365443944931,40.69778645038605,49.66509532928467,53.803853273391724,54.03378427028656,58.40247321128845,47.82564735412598,47.59571635723114,54.03378427028656,61.62150716781616,61.851438164711,43.91682040691376,47.13585436344147,41.15764844417572,47.365785360336304,43.68688941001892,48.74537134170532,43.22702741622925,28.511443614959717,27.821650624275208,27.361788630485535,22.53323769569397,15.40537679195404,21.15365171432495,20.69378972053528,32.420270562171936,31.50054657459259,27.1318576335907,25.522340655326843,22.073375701904297,31.270615577697754,37.2488214969635,37.93861448764801,48.515440344810486,42.53723442554474,42.077372431755066,46.44606137275696,43.456958413124084,52.88412928581238,28.511443614959717,28.97130560874939,30.120960593223572,29.431167602539062,32.420270562171936,29.201236605644226,25.06247866153717,30.350891590118408,29.431167602539062,29.6610985994339,31.040684580802917,26.671995639801025,28.741374611854553,28.28151261806488,33.33999454975128,36.55902850627899,30.580822587013245,34.7195805311203,29.891029596328735,43.456958413124084,34.02978754043579,15.40537679195404,18.394479751586914,18.854341745376587,19.544134736061096,22.073375701904297,17.014893770217896,13.56592881679535,7.357791900634766,6.897929906845093,6.43806791305542,6.43806791305542,4.138757944107056,7.587722897529602,4.368688941001892,9.427170872688293,8.047584891319275,3.678895950317383,4.828550934791565,3.9088269472122192,3.9088269472122192,3.678895950317383,3.9088269472122192,2.5292409658432007,2.9891029596328735,5.288412928581238,2.2993099689483643,2.2993099689483643,2.069378972053528,2.9891029596328735,3.21903395652771,3.9088269472122192,2.069378972053528,1.3795859813690186,2.9891029596328735,2.759171962738037,2.759171962738037,4.5986199378967285,1.8394479751586914,1.609516978263855,1.609516978263855,1.1496549844741821,2.5292409658432007,1.3795859813690186,2.759171962738037,2.5292409658432007,1.3795859813690186,0.6897929906845093,1.3795859813690186,1.3795859813690186,1.1496549844741821,1.3795859813690186,1.1496549844741821,0.6897929906845093,1.1496549844741821,0.9197239875793457,0.9197239875793457,0.6897929906845093,1.1496549844741821,0.22993099689483643,0.9197239875793457,0.45986199378967285,0.22993099689483643,0.22993099689483643,0.22993099689483643,0.6897929906845093,0.0,0.0,0.0,0.45986199378967285,0.0
10.116963863372803,9.197239875793457,11.036687850952148,15.635307788848877,18.164548754692078,21.613513708114624,23.91282367706299,25.522340655326843,27.1318576335907,33.110063552856445,37.47875249385834,45.06647539138794,42.53723442554474,48.97530233860016,28.97130560874939,30.350891590118408,31.50054657459259,40.69778645038605,41.61751043796539,36.09916651248932,37.93861448764801,53.803853273391724,59.78205919265747,65.53033411502838,58.862335205078125,64.15074813365936,62.54123115539551,80.01598691940308,44.146751403808594,42.53723442554474,48.97530233860016,37.708683490753174,39.08826947212219,48.515440344810486,45.52633738517761,50.12495732307434,44.8365443944931,36.55902850627899,42.53723442554474,39.08826947212219,50.12495732307434,45.52633738517761,44.8365443944931,49.66509532928467,49.66509532928467,45.06647539138794,49.205233335494995,50.584819316864014,56.56302523612976,49.66509532928467,46.44606137275696,42.767165422439575,46.90592336654663,45.986199378967285,47.59571635723114,40.69778645038605,25.292409658432007,28.511443614959717,30.350891590118408,28.051581621170044,18.62441074848175,24.832547664642334,16.78496277332306,43.22702741622925,32.1903395652771,29.431167602539062,31.270615577697754,28.97130560874939,41.38757944107056,35.40937352180481,41.15764844417572,45.06647539138794,50.35488831996918,47.59571635723114,47.59571635723114,49.895026326179504,59.78205919265747,31.960408568382263,30.580822587013245,40.237924456596375,35.86923551559448,29.891029596328735,33.33999454975128,27.361788630485535,28.741374611854553,34.25971853733063,34.489649534225464,35.40937352180481,28.28151261806488,30.81075358390808,28.511443614959717,30.580822587013245,36.329097509384155,37.47875249385834,28.97130560874939,40.46785545349121,35.639304518699646,34.25971853733063,14.715583801269531,17.014893770217896,17.704686760902405,16.78496277332306,19.084272742271423,17.93461775779724,14.485652804374695,7.8176538944244385,8.047584891319275,5.058481931686401,8.507446885108948,5.978205919265747,5.518343925476074,3.21903395652771,8.277515888214111,8.737377882003784,6.2081369161605835,5.518343925476074,5.058481931686401,6.43806791305542,4.138757944107056,2.9891029596328735,8.277515888214111,6.43806791305542,4.5986199378967285,6.43806791305542,5.058481931686401,3.21903395652771,4.5986199378967285,4.368688941001892,4.138757944107056,2.5292409658432007,2.9891029596328735,2.069378972053528,4.138757944107056,5.058481931686401,5.978205919265747,1.8394479751586914,2.759171962738037,1.609516978263855,2.9891029596328735,2.5292409658432007,3.4489649534225464,1.609516978263855,3.9088269472122192,4.138757944107056,2.2993099689483643,1.1496549844741821,2.759171962738037,3.21903395652771,1.3795859813690186,2.5292409658432007,1.3795859813690186,3.9088269472122192,2.5292409658432007,2.759171962738037,2.069378972053528,1.1496549844741821,1.3795859813690186,1.609516978263855,2.759171962738037,1.8394479751586914,1.3795859813690186,0.9197239875793457,0.22993099689483643,0.22993099689483643,0.22993099689483643,0.0,0.22993099689483643,1.1496549844741821
1.3795859813690186,4.828550934791565,3.4489649534225464,4.138757944107056,6.897929906845093,7.357791900634766,10.576825857162476,5.058481931686401,8.737377882003784,7.127860903739929,9.887032866477966,16.325100779533386,16.09516978263855,19.31420373916626,6.667998909950256,10.34689486026764,9.65710186958313,14.485652804374695,12.416273832321167,12.416273832321167,12.646204829216003,16.78496277332306,22.993099689483643,18.164548754692078,19.544134736061096,22.073375701904297,25.75227165222168,23.91282367706299,15.635307788848877,17.244824767112732,18.394479751586914,11.726480841636658,13.106066823005676,24.37268567085266,16.555031776428223,24.142754673957825,15.865238785743713,18.164548754692078,19.544134736061096,17.704686760902405,22.53323769569397,23.452961683273315,29.6610985994339,25.75227165222168,24.832547664642334,25.75227165222168,31.270615577697754,32.1903395652771,34.489649534225464,27.1318576335907,31.50054657459259,34.94951152801514,30.120960593223572,31.50054657459259,45.75626838207245,36.55902850627899,27.1318576335907,24.37268567085266,26.901926636695862,22.303306698799133,14.025790810585022,19.774065732955933,24.37268567085266,55.87323224544525,42.53723442554474,39.31820046901703,29.891029596328735,23.22303068637848,50.584819316864014,60.241921186447144,68.51943707466125,68.74936807155609,78.63640093803406,70.81874704360962,87.83364081382751,104.38867259025574,110.13694751262665,66.67998909950256,65.30040311813354,71.50854003429413,73.34798800945282,81.62550389766693,75.41736698150635,64.84054112434387,68.28950607776642,74.497642993927,80.70577991008759,83.23502087593079,79.09626293182373,81.85543489456177,84.6146068572998,91.05267477035522,84.6146068572998,83.69488286972046,92.66219174861908,91.28260576725006,87.143847823143,92.43226075172424,47.365785360336304,45.296406388282776,49.43516433238983,45.75626838207245,52.88412928581238,44.37668240070343,36.09916651248932,18.854341745376587,15.175445795059204,14.255721807479858,16.555031776428223,14.945514798164368,13.335997819900513,9.197239875793457,19.31420373916626,16.555031776428223,12.87613582611084,12.416273832321167,13.56592881679535,12.18634283542633,12.646204829216003,8.737377882003784,15.40537679195404,13.56592881679535,10.576825857162476,8.507446885108948,11.956411838531494,13.795859813690186,7.127860903739929,6.43806791305542,6.2081369161605835,8.277515888214111,8.96730887889862,4.828550934791565,6.667998909950256,6.897929906845093,5.518343925476074,4.828550934791565,4.5986199378967285,6.2081369161605835,7.8176538944244385,4.138757944107056,7.127860903739929,4.828550934791565,6.43806791305542,5.978205919265747,5.058481931686401,5.518343925476074,4.5986199378967285,4.138757944107056,3.678895950317383,5.748274922370911,3.4489649534225464,3.4489649534225464,4.368688941001892,3.678895950317383,1.8394479751586914,2.2993099689483643,2.9891029596328735,1.609516978263855,2.5292409658432007,2.9891029596328735,2.2993099689483643,0.45986199378967285,0.45986199378967285,0.6897929906845093,0.45986199378967285,0.45986199378967285,0.45986199378967285,0.6897929906845093
5.288412928581238,6.667998909950256,10.34689486026764,12.416273832321167,11.956411838531494,15.40537679195404,18.164548754692078,13.56592881679535,16.555031776428223,22.073375701904297,25.292409658432007,33.799856543540955,31.50054657459259,34.02978754043579,16.09516978263855,20.463858723640442,19.31420373916626,25.292409658432007,31.040684580802917,30.350891590118408,24.37268567085266,40.69778645038605,40.927717447280884,40.69778645038605,44.60661339759827,37.93861448764801,52.424267292022705,55.18343925476074,25.75227165222168,31.50054657459259,38.39847648143768,27.361788630485535,35.40937352180481,40.46785545349121,32.88013255596161,34.25971853733063,40.00799345970154,28.741374611854553,34.7195805311203,31.730477571487427,42.077372431755066,35.86923551559448,38.16854548454285,43.91682040691376,42.99709641933441,44.60661339759827,49.43516433238983,48.05557835102081,44.60661339759827,39.548131465911865,41.61751043796539,39.08826947212219,44.60661339759827,40.927717447280884,47.13585436344147,40.237924456596375,25.982202649116516,25.75227165222168,25.06247866153717,24.602616667747498,15.635307788848877,25.06247866153717,18.164548754692078,47.59571635723114,40.00799345970154,32.88013255596161,34.7195805311203,20.463858723640442,42.3073034286499,34.7195805311203,60.01199018955231,66.22012710571289,64.84054112434387,56.7929562330246,60.47185218334198,64.61061012744904,73.57791900634766,39.7780624628067,46.21613037586212,49.895026326179504,47.59571635723114,49.43516433238983,48.74537134170532,45.52633738517761,38.39847648143768,42.53723442554474,45.75626838207245,47.59571635723114,44.8365443944931,51.50454330444336,46.675992369651794,43.68688941001892,50.12495732307434,51.04468131065369,47.82564735412598,51.96440529823303,50.81475031375885,53.34399127960205,28.741374611854553,30.350891590118408,27.821650624275208,26.212133646011353,22.993099689483643,25.522340655326843,24.832547664642334,11.956411838531494,12.18634283542633,6.667998909950256,8.047584891319275,9.887032866477966,10.806756854057312,6.897929906845093,13.335997819900513,7.587722897529602,7.127860903739929,5.288412928581238,10.34689486026764,9.887032866477966,7.587722897529602,9.427170872688293,7.8176538944244385,10.116963863372803,5.748274922370911,5.058481931686401,6.43806791305542,11.956411838531494,4.828550934791565,4.138757944107056,4.5986199378967285,4.138757944107056,4.5986199378967285,2.9891029596328735,4.828550934791565,4.138757944107056,4.368688941001892,2.2993099689483643,5.978205919265747,3.21903395652771,3.9088269472122192,2.9891029596328735,6.2081369161605835,6.667998909950256,2.759171962738037,3.678895950317383,4.368688941001892,4.368688941001892,5.748274922370911,4.138757944107056,2.069378972053528,2.5292409658432007,4.138757944107056,2.9891029596328735,3.678895950317383,1.609516978263855,2.069378972053528,1.3795859813690186,1.8394479751586914,2.069378972053528,1.3795859813690186,4.368688941001892,2.759171962738037,1.8394479751586914,0.6897929906845093,0.6897929906845093,1.1496549844741821,0.9197239875793457,1.8394479751586914,0.6897929906845093
5.058481931686401,5.058481931686401,8.047584891319275,9.197239875793457,9.65710186958313,15.175445795059204,12.646204829216003,14.715583801269531,16.78496277332306,18.394479751586914,23.22303068637848,20.69378972053528,30.350891590118408,30.580822587013245,19.084272742271423,14.715583801269531,17.244824767112732,25.75227165222168,27.1318576335907,18.62441074848175,25.522340655326843,33.799856543540955,34.7195805311203,32.88013255596161,41.15764844417572,38.39847648143768,45.52633738517761,44.37668240070343,26.212133646011353,28.511443614959717,28.741374611854553,17.93461775779724,28.28151261806488,34.489649534225464,26.901926636695862,34.7195805311203,29.891029596328735,25.522340655326843,35.40937352180481,31.50054657459259,40.46785545349121,28.28151261806488,37.93861448764801,41.61751043796539,42.077372431755066,45.296406388282776,48.05557835102081,46.675992369651794,45.296406388282776,35.17944252490997,38.16854548454285,39.7780624628067,49.205233335494995,44.60661339759827,52.19433629512787,38.858338475227356,25.982202649116516,26.671995639801025,28.97130560874939,25.982202649116516,19.31420373916626,23.682892680168152,18.854341745376587,53.803853273391724,35.639304518699646,39.7780624628067,32.88013255596161,30.120960593223572,45.75626838207245,44.8365443944931,63.00109314918518,71.04867804050446,68.51943707466125,66.67998909950256,56.7929562330246,78.63640093803406,92.2023297548294,42.767165422439575,47.59571635723114,50.584819316864014,55.41337025165558,59.09226620197296,50.35488831996918,45.296406388282776,49.895026326179504,56.10316324234009,50.12495732307434,51.50454330444336,53.57392227649689,56.56302523612976,50.81475031375885,60.241921186447144,54.49364626407623,60.93171417713165,59.3221971988678,61.851438164711,64.15074813365936,72.42826402187347,34.7195805311203,33.33999454975128,29.891029596328735,37.708683490753174,28.051581621170044,24.602616667747498,29.6610985994339,17.47475576400757,12.646204829216003,10.576825857162476,6.667998909950256,11.956411838531494,9.427170872688293,6.43806791305542,9.427170872688293,12.416273832321167,14.255721807479858,5.978205919265747,10.806756854057312,11.266618847846985,7.587722897529602,7.127860903739929,8.96730887889862,6.43806791305542,10.34689486026764,11.956411838531494,8.96730887889862,5.518343925476074,9.65710186958313,5.288412928581238,5.978205919265747,5.518343925476074,6.2081369161605835,5.518343925476074,5.518343925476074,5.518343925476074,2.759171962738037,3.9088269472122192,4.368688941001892,2.759171962738037,4.368688941001892,3.4489649534225464,2.759171962738037,3.21903395652771,3.21903395652771,0.6897929906845093,3.678895950317383,4.138757944107056,3.678895950317383,2.2993099689483643,1.8394479751586914,2.759171962738037,1.609516978263855,1.8394479751586914,1.8394479751586914,1.609516978263855,2.5292409658432007,1.3795859813690186,0.6897929906845093,0.9197239875793457,0.6897929906845093,0.22993099689483643,2.069378972053528,0.45986199378967285,0.0,0.6897929906845093,0.22993099689483643,0.45986199378967285,0.22993099689483643,0.6897929906845093
6.667998909950256,7.127860903739929,11.036687850952148,8.047584891319275,12.18634283542633,12.18634283542633,12.87613582611084,10.806756854057312,16.325100779533386,19.084272742271423,22.073375701904297,24.832547664642334,25.522340655326843,36.329097509384155,15.40537679195404,20.923720717430115,17.47475576400757,25.522340655326843,21.15365171432495,25.982202649116516,24.142754673957825,28.97130560874939,38.62840747833252,32.420270562171936,35.86923551559448,37.2488214969635,44.146751403808594,46.675992369651794,24.832547664642334,27.821650624275208,26.901926636695862,23.91282367706299,24.37268567085266,30.350891590118408,28.511443614959717,29.431167602539062,28.511443614959717,23.91282367706299,26.671995639801025,27.1318576335907,32.88013255596161,32.88013255596161,38.16854548454285,40.927717447280884,36.78895950317383,39.31820046901703,36.78895950317383,45.06647539138794,52.19433629512787,37.708683490753174,37.2488214969635,34.25971853733063,42.767165422439575,50.35488831996918,50.12495732307434,39.08826947212219,25.292409658432007,30.350891590118408,29.6610985994339,28.28151261806488,19.31420373916626,23.22303068637848,22.073375701904297,45.52633738517761,44.60661339759827,37.93861448764801,36.78895950317383,26.671995639801025,44.60661339759827,50.35488831996918,70.12895405292511,71.04867804050446,73.11805701255798,62.081369161605835,73.11805701255798,87.60370981693268,92.2023297548294,49.43516433238983,56.56302523612976,58.862335205078125,53.34399127960205,60.47185218334198,58.63240420818329,50.584819316864014,59.09226620197296,65.76026511192322,61.851438164711,52.88412928581238,54.953508257865906,65.07047212123871,62.54123115539551,64.84054112434387,63.920817136764526,62.31130015850067,60.93171417713165,68.05957508087158,69.66909205913544,57.482749223709106,32.1903395652771,31.730477571487427,32.88013255596161,35.17944252490997,31.50054657459259,33.110063552856445,27.59171962738037,11.956411838531494,13.335997819900513,7.8176538944244385,12.18634283542633,9.887032866477966,10.116963863372803,6.2081369161605835,11.036687850952148,12.416273832321167,9.65710186958313,5.978205919265747,11.036687850952148,6.43806791305542,8.047584891319275,11.726480841636658,9.65710186958313,8.277515888214111,4.368688941001892,9.887032866477966,6.667998909950256,10.806756854057312,4.368688941001892,5.978205919265747,5.748274922370911,3.9088269472122192,3.4489649534225464,5.058481931686401,4.5986199378967285,3.9088269472122192,3.4489649534225464,3.9088269472122192,3.4489649534225464,3.21903395652771,3.4489649534225464,3.4489649534225464,2.5292409658432007,2.759171962738037,2.2993099689483643,6.2081369161605835,3.21903395652771,2.9891029596328735,3.9088269472122192,2.5292409658432007,4.368688941001892,3.4489649534225464,2.5292409658432007,1.1496549844741821,1.8394479751586914,1.609516978263855,1.8394479751586914,2.5292409658432007,1.3795859813690186,1.3795859813690186,0.9197239875793457,0.45986199378967285,0.9197239875793457,0.0,1.1496549844741821,0.22993099689483643,0.22993099689483643,0.6897929906845093,0.0,0.0
5.058481931686401,10.34689486026764,8.047584891319275,9.427170872688293,15.175445795059204,13.795859813690186,17.704686760902405,14.025790810585022,14.255721807479858,22.993099689483643,31.730477571487427,36.329097509384155,39.08826947212219,35.86923551559448,16.555031776428223,20.923720717430115,25.292409658432007,26.44206464290619,35.40937352180481,28.97130560874939,27.361788630485535,46.21613037586212,42.077372431755066,46.675992369651794,42.767165422439575,48.97530233860016,57.71268022060394,67.36978209018707,25.982202649116516,32.65020155906677,43.91682040691376,28.741374611854553,30.350891590118408,37.47875249385834,36.55902850627899,42.53723442554474,39.31820046901703,35.86923551559448,38.858338475227356,38.39847648143768,43.456958413124084,40.927717447280884,52.424267292022705,47.82564735412598,49.205233335494995,45.52633738517761,50.12495732307434,52.88412928581238,58.172542214393616,45.986199378967285,46.675992369651794,44.60661339759827,53.34399127960205,46.44606137275696,48.74537134170532,52.88412928581238,31.730477571487427,26.44206464290619,32.65020155906677,29.6610985994339,24.142754673957825,24.602616667747498,22.53323769569397,51.27461230754852,42.077372431755066,39.548131465911865,29.201236605644226,23.22303068637848,51.50454330444336,53.114060282707214,59.09226620197296,62.081369161605835,66.22012710571289,57.94261121749878,54.2637152671814,71.73847103118896,93.58191573619843,36.329097509384155,45.986199378967285,47.59571635723114,45.75626838207245,48.28550934791565,45.06647539138794,37.708683490753174,45.296406388282776,48.515440344810486,44.146751403808594,42.99709641933441,45.52633738517761,47.365785360336304,42.99709641933441,38.858338475227356,42.99709641933441,45.75626838207245,52.19433629512787,43.456958413124084,48.97530233860016,35.86923551559448,21.84344470500946,21.383582711219788,22.073375701904297,21.84344470500946,20.923720717430115,23.22303068637848,16.78496277332306,8.277515888214111,7.8176538944244385,6.897929906845093,7.8176538944244385,8.737377882003784,5.978205919265747,3.21903395652771,6.897929906845093,8.047584891319275,5.058481931686401,6.43806791305542,3.678895950317383,6.667998909950256,3.9088269472122192,6.43806791305542,5.288412928581238,5.288412928581238,5.058481931686401,3.4489649534225464,2.759171962738037,4.5986199378967285,4.138757944107056,5.518343925476074,4.828550934791565,2.2993099689483643,3.21903395652771,1.8394479751586914,1.8394479751586914,4.828550934791565,2.759171962738037,4.5986199378967285,2.759171962738037,3.21903395652771,0.9197239875793457,5.748274922370911,3.678895950317383,3.21903395652771,3.678895950317383,3.9088269472122192,1.1496549844741821,6.43806791305542,2.9891029596328735,3.9088269472122192,3.4489649534225464,4.138757944107056,2.2993099689483643,3.21903395652771,1.3795859813690186,1.8394479751586914,1.3795859813690186,0.9197239875793457,1.8394479751586914,1.1496549844741821,0.6897929906845093,0.45986199378967285,0.6897929906845093,0.0,0.22993099689483643,0.22993099689483643,0.0,0.0,0.45986199378967285,0.0
5.978205919265747,11.726480841636658,10.34689486026764,14.945514798164368,14.025790810585022,15.865238785743713,21.15365171432495,23.682892680168152,20.00399672985077,27.1318576335907,34.489649534225464,36.78895950317383,42.767165422439575,48.97530233860016,25.982202649116516,24.37268567085266,27.821650624275208,36.09916651248932,39.7780624628067,40.237924456596375,32.65020155906677,53.34399127960205,48.05557835102081,52.424267292022705,51.04468131065369,60.93171417713165,64.84054112434387,69.20923006534576,40.46785545349121,46.21613037586212,42.3073034286499,27.821650624275208,36.09916651248932,39.31820046901703,43.91682040691376,52.65419828891754,36.09916651248932,35.40937352180481,32.420270562171936,34.25971853733063,46.21613037586212,42.077372431755066,50.12495732307434,48.05557835102081,46.44606137275696,45.06647539138794,46.90592336654663,53.57392227649689,54.2637152671814,46.675992369651794,38.858338475227356,39.7780624628067,47.59571635723114,42.53723442554474,49.66509532928467,37.93861448764801,27.1318576335907,24.832547664642334,34.25971853733063,25.75227165222168,17.704686760902405,22.073375701904297,22.53323769569397,44.60661339759827,38.16854548454285,35.639304518699646,35.17944252490997,22.993099689483643,40.237924456596375,43.91682040691376,54.03378427028656,60.47185218334198,56.333094239234924,50.584819316864014,57.71268022060394,69.20923006534576,68.05957508087158,33.56992554664612,40.00799345970154,37.708683490753174,45.75626838207245,48.515440344810486,44.60661339759827,39.548131465911865,37.2488214969635,42.077372431755066,44.8365443944931,43.68688941001892,45.296406388282776,47.82564735412598,40.69778645038605,48.74537134170532,50.35488831996918,48.74537134170532,42.99709641933441,44.60661339759827,47.82564735412598,45.06647539138794,22.303306698799133,24.37268567085266,22.763168692588806,23.22303068637848,21.383582711219788,17.704686760902405,16.555031776428223,8.507446885108948,14.255721807479858,8.96730887889862,12.646204829216003,3.21903395652771,4.138757944107056,4.138757944107056,7.127860903739929,9.887032866477966,7.127860903739929,7.357791900634766,4.138757944107056,3.21903395652771,5.518343925476074,9.427170872688293,7.357791900634766,6.43806791305542,4.5986199378967285,3.9088269472122192,4.5986199378967285,8.96730887889862,8.737377882003784,4.138757944107056,1.609516978263855,5.288412928581238,3.4489649534225464,3.21903395652771,5.288412928581238,4.828550934791565,4.138757944107056,3.4489649534225464,1.8394479751586914,2.9891029596328735,3.678895950317383,2.2993099689483643,9.427170872688293,2.5292409658432007,4.828550934791565,2.069378972053528,1.609516978263855,4.5986199378967285,5.518343925476074,2.759171962738037,2.2993099689483643,2.2993099689483643,1.8394479751586914,1.8394479751586914,2.9891029596328735,3.9088269472122192,0.6897929906845093,0.6897929906845093,1.1496549844741821,1.609516978263855,1.3795859813690186,0.9197239875793457,0.9197239875793457,0.22993099689483643,0.22993099689483643,1.8394479751586914,0.45986199378967285,0.45986199378967285,0.45986199378967285,0.0
3.9088269472122192,3.4489649534225464,4.368688941001892,3.4489649534225464,4.828550934791565,10.34689486026764,6.897929906845093,8.277515888214111,9.197239875793457,10.576825857162476,13.795859813690186,9.65710186958313,17.47475576400757,20.233927726745605,8.277515888214111,8.047584891319275,9.427170872688293,12.416273832321167,14.025790810585022,12.416273832321167,13.106066823005676,19.544134736061096,14.255721807479858,22.303306698799133,22.303306698799133,22.303306698799133,26.671995639801025,26.212133646011353,13.56592881679535,20.00399672985077,20.00399672985077,16.325100779533386,17.014893770217896,18.394479751586914,14.715583801269531,16.09516978263855,24.37268567085266,15.865238785743713,25.292409658432007,17.704686760902405,19.084272742271423,21.613513708114624,23.22303068637848,28.741374611854553,26.44206464290619,31.270615577697754,26.44206464290619,35.639304518699646,31.040684580802917,30.120960593223572,29.201236605644226,29.6610985994339,31.730477571487427,33.110063552856445,34.25971853733063,33.56992554664612,21.383582711219788,21.15365171432495,29.201236605644226,18.164548754692078,14.945514798164368,22.303306698799133,21.613513708114624,44.60661339759827,37.93861448764801,38.62840747833252,32.420270562171936,29.891029596328735,46.90592336654663,56.333094239234924,77.0268839597702,67.36978209018707,77.48674595355988,68.05957508087158,82.31529688835144,98.41046667098999,106.22812056541443,57.022887229919434,60.701783180236816,80.47584891319275,62.54123115539551,71.50854003429413,81.85543489456177,62.54123115539551,70.35888504981995,73.57791900634766,74.95750498771667,75.87722897529602,71.04867804050446,81.62550389766693,79.09626293182373,88.52343380451202,73.57791900634766,88.29350280761719,80.47584891319275,93.81184673309326,101.39956963062286,91.28260576725006,51.50454330444336,41.61751043796539,45.52633738517761,48.74537134170532,40.00799345970154,46.44606137275696,45.75626838207245,20.69378972053528,14.255721807479858,15.40537679195404,12.646204829216003,18.62441074848175,14.255721807479858,8.277515888214111,20.463858723640442,18.854341745376587,13.335997819900513,14.945514798164368,14.025790810585022,9.197239875793457,10.34689486026764,16.09516978263855,15.175445795059204,15.175445795059204,8.737377882003784,13.335997819900513,10.576825857162476,9.65710186958313,9.65710186958313,13.106066823005676,8.737377882003784,5.288412928581238,6.2081369161605835,6.667998909950256,4.828550934791565,7.127860903739929,7.8176538944244385,7.357791900634766,5.748274922370911,3.9088269472122192,5.978205919265747,3.678895950317383,5.058481931686401,4.5986199378967285,4.138757944107056,5.058481931686401,7.127860903739929,5.748274922370911,4.828550934791565,2.069378972053528,5.288412928581238,3.678895950317383,2.2993099689483643,4.5986199378967285,2.759171962738037,2.2993099689483643,2.069378972053528,1.3795859813690186,2.759171962738037,2.069378972053528,2.069378972053528,2.9891029596328735,0.9197239875793457,0.6897929906845093,0.45986199378967285,0.45986199378967285,0.6897929906845093,0.9197239875793457,0.22993099689483643,0.22993099689483643
8.507446885108948,8.96730887889862,13.56592881679535,12.646204829216003,18.62441074848175,20.69378972053528,21.613513708114624,20.69378972053528,23.452961683273315,31.960408568382263,30.580822587013245,42.3073034286499,41.61751043796539,46.21613037586212,24.37268567085266,25.75227165222168,23.682892680168152,36.55902850627899,38.62840747833252,38.16854548454285,35.639304518699646,51.96440529823303,47.59571635723114,46.21613037586212,54.03378427028656,55.41337025165558,70.12895405292511,67.59971308708191,38.62840747833252,39.31820046901703,41.84744143486023,34.25971853733063,38.858338475227356,39.548131465911865,38.16854548454285,54.49364626407623,38.62840747833252,41.38757944107056,40.927717447280884,31.960408568382263,44.37668240070343,50.584819316864014,47.13585436344147,48.515440344810486,48.515440344810486,46.675992369651794,53.34399127960205,57.482749223709106,57.25281822681427,46.21613037586212,39.548131465911865,40.927717447280884,46.90592336654663,42.3073034286499,47.13585436344147,41.84744143486023,22.993099689483643,25.522340655326843,30.120960593223572,25.292409658432007,17.704686760902405,21.84344470500946,19.084272742271423,38.62840747833252,37.47875249385834,34.7195805311203,30.350891590118408,18.854341745376587,36.78895950317383,43.91682040691376,48.74537134170532,51.96440529823303,42.767165422439575,45.75626838207245,52.65419828891754,59.78205919265747,59.552128195762634,37.93861448764801,37.47875249385834,32.420270562171936,42.767165422439575,37.2488214969635,34.25971853733063,28.511443614959717,37.2488214969635,41.38757944107056,39.7780624628067,34.02978754043579,37.93861448764801,36.55902850627899,36.09916651248932,33.56992554664612,41.84744143486023,42.767165422439575,40.237924456596375,40.237924456596375,45.296406388282776,38.39847648143768,16.78496277332306,23.22303068637848,22.993099689483643,21.613513708114624,21.383582711219788,19.084272742271423,17.704686760902405,7.587722897529602,5.978205919265747,5.748274922370911,7.8176538944244385,7.587722897529602,4.5986199378967285,5.518343925476074,9.65710186958313,5.748274922370911,10.116963863372803,4.138757944107056,7.587722897529602,8.277515888214111,5.748274922370911,6.897929906845093,3.21903395652771,5.288412928581238,6.43806791305542,6.43806791305542,5.288412928581238,2.759171962738037,2.759171962738037,3.21903395652771,3.9088269472122192,2.9891029596328735,5.288412928581238,1.609516978263855,1.8394479751586914,1.8394479751586914,2.759171962738037,3.21903395652771,1.3795859813690186,2.5292409658432007,3.21903395652771,0.9197239875793457,2.5292409658432007,1.609516978263855,3.9088269472122192,1.3795859813690186,2.9891029596328735,1.8394479751586914,2.9891029596328735,1.8394479751586914,2.759171962738037,1.609516978263855,1.609516978263855,1.1496549844741821,1.3795859813690186,1.1496549844741821,1.3795859813690186,1.3795859813690186,0.9197239875793457,0.22993099689483643,0.45986199378967285,0.6897929906845093,0.9197239875793457,0.45986199378967285,0.45986199378967285,0.22993099689483643,0.0,0.22993099689483643,0.22993099689483643,0.22993099689483643
5.518343925476074,4.138757944107056,4.828550934791565,8.507446885108948,7.8176538944244385,10.806756854057312,7.357791900634766,8.737377882003784,12.646204829216003,11.956411838531494,19.084272742271423,15.40537679195404,16.555031776428223,23.22303068637848,12.18634283542633,9.65710186958313,10.806756854057312,13.106066823005676,14.945514798164368,14.945514798164368,15.40537679195404,26.44206464290619,27.361788630485535,14.255721807479858,19.544134736061096,23.682892680168152,29.6610985994339,39.31820046901703,17.704686760902405,19.544134736061096,18.164548754692078,14.715583801269531,14.715583801269531,25.06247866153717,22.303306698799133,27.821650624275208,26.44206464290619,19.544134736061096,20.69378972053528,25.522340655326843,23.91282367706299,31.270615577697754,37.47875249385834,33.33999454975128,30.350891590118408,29.6610985994339,34.25971853733063,40.69778645038605,40.00799345970154,34.94951152801514,39.548131465911865,36.78895950317383,39.7780624628067,37.2488214969635,38.858338475227356,46.44606137275696,26.671995639801025,30.120960593223572,23.22303068637848,26.212133646011353,16.555031776428223,25.75227165222168,24.37268567085266,49.66509532928467,44.146751403808594,36.78895950317383,36.55902850627899,24.142754673957825,52.19433629512787,60.01199018955231,78.40646994113922,68.28950607776642,71.73847103118896,72.42826402187347,86.68398582935333,99.79005265235901,97.26081168651581,53.34399127960205,59.09226620197296,69.20923006534576,74.497642993927,72.19833302497864,68.74936807155609,63.920817136764526,60.241921186447144,80.47584891319275,81.16564190387726,71.73847103118896,71.04867804050446,76.3370909690857,74.72757399082184,86.22412383556366,75.18743598461151,70.35888504981995,77.0268839597702,85.99419283866882,83.00508987903595,76.3370909690857,45.296406388282776,49.66509532928467,37.2488214969635,41.38757944107056,38.39847648143768,36.09916651248932,33.110063552856445,16.78496277332306,12.87613582611084,12.416273832321167,14.255721807479858,13.56592881679535,8.277515888214111,9.197239875793457,11.956411838531494,11.266618847846985,11.036687850952148,7.8176538944244385,11.266618847846985,13.335997819900513,8.96730887889862,8.737377882003784,9.887032866477966,7.8176538944244385,8.277515888214111,13.106066823005676,8.96730887889862,7.127860903739929,6.43806791305542,8.047584891319275,7.357791900634766,6.2081369161605835,4.828550934791565,6.667998909950256,4.138757944107056,7.127860903739929,6.2081369161605835,4.138757944107056,6.897929906845093,5.058481931686401,5.288412928581238,3.678895950317383,7.357791900634766,6.2081369161605835,6.2081369161605835,2.9891029596328735,4.5986199378967285,3.21903395652771,4.368688941001892,4.138757944107056,1.609516978263855,3.9088269472122192,3.678895950317383,2.759171962738037,5.518343925476074,2.069378972053528,1.8394479751586914,2.759171962738037,1.3795859813690186,2.5292409658432007,0.9197239875793457,0.9197239875793457,2.759171962738037,0.22993099689483643,0.6897929906845093,0.22993099689483643,0.45986199378967285,0.6897929906845093,0.9197239875793457,1.1496549844741821
9.65710186958313,14.715583801269531,10.34689486026764,14.025790810585022,13.335997819900513,21.383582711219788,18.854341745376587,20.00399672985077,26.212133646011353,27.1318576335907,31.50054657459259,31.50054657459259,38.16854548454285,45.986199378967285,23.22303068637848,17.93461775779724,23.682892680168152,30.81075358390808,35.17944252490997,28.741374611854553,32.65020155906677,45.06647539138794,46.675992369651794,40.237924456596375,46.21613037586212,54.2637152671814,52.19433629512787,69.4391610622406,37.018890500068665,39.7780624628067,45.52633738517761,25.522340655326843,35.17944252490997,38.39847648143768,34.489649534225464,50.81475031375885,43.22702741622925,35.40937352180481,41.61751043796539,34.02978754043579,47.82564735412598,40.237924456596375,52.65419828891754,46.90592336654663,46.90592336654663,45.296406388282776,44.146751403808594,59.09226620197296,51.96440529823303,44.8365443944931,46.90592336654663,44.37668240070343,45.296406388282776,46.44606137275696,59.78205919265747,47.13585436344147,29.431167602539062,25.75227165222168,27.59171962738037,26.212133646011353,14.945514798164368,22.53323769569397,22.763168692588806,45.986199378967285,42.3073034286499,31.50054657459259,31.270615577697754,21.613513708114624,40.237924456596375,43.68688941001892,54.72357726097107,53.114060282707214,50.81475031375885,46.21613037586212,58.862335205078125,67.13985109329224,58.40247321128845,39.31820046901703,48.515440344810486,39.7780624628067,42.077372431755066,39.31820046901703,36.78895950317383,32.88013255596161,37.708683490753174,42.53723442554474,37.708683490753174,44.37668240070343,36.329097509384155,41.38757944107056,35.17944252490997,41.61751043796539,44.8365443944931,44.146751403808594,38.858338475227356,43.68688941001892,48.28550934791565,44.60661339759827,22.303306698799133,21.383582711219788,20.69378972053528,24.832547664642334,28.97130560874939,19.084272742271423,21.613513708114624,8.737377882003784,9.65710186958313,7.127860903739929,7.357791900634766,6.43806791305542,4.5986199378967285,4.138757944107056,11.956411838531494,4.138757944107056,8.047584891319275,5.518343925476074,5.058481931686401,8.277515888214111,5.978205919265747,5.058481931686401,7.127860903739929,4.138757944107056,9.197239875793457,11.266618847846985,5.058481931686401,5.058481931686401,6.43806791305542,4.368688941001892,4.368688941001892,4.5986199378967285,7.8176538944244385,2.759171962738037,4.138757944107056,5.518343925476074,6.2081369161605835,3.678895950317383,5.288412928581238,4.368688941001892,2.759171962738037,4.828550934791565,4.138757944107056,5.518343925476074,3.21903395652771,4.138757944107056,2.2993099689483643,2.9891029596328735,3.9088269472122192,4.138757944107056,2.9891029596328735,2.069378972053528,2.069378972053528,1.609516978263855,2.069378972053528,0.9197239875793457,0.9197239875793457,3.678895950317383,0.9197239875793457,0.9197239875793457,2.069378972053528,0.9197239875793457,0.6897929906845093,0.45986199378967285,0.9197239875793457,0.22993099689483643,0.45986199378967285,0.0,0.0,0.22993099689483643
11.496549844741821,14.255721807479858,14.485652804374695,12.416273832321167,14.255721807479858,21.613513708114624,22.53323769569397,23.682892680168152,24.602616667747498,34.489649534225464,38.858338475227356,36.78895950317383,48.28550934791565,57.022887229919434,25.75227165222168,22.763168692588806,27.59171962738037,42.3073034286499,41.15764844417572,41.84744143486023,33.110063552856445,52.65419828891754,46.90592336654663,46.90592336654663,55.18343925476074,57.94261121749878,65.99019610881805,68.51943707466125,33.56992554664612,39.7780624628067,43.456958413124084,36.55902850627899,39.548131465911865,47.13585436344147,43.68688941001892,49.895026326179504,46.21613037586212,33.56992554664612,43.91682040691376,42.3073034286499,56.7929562330246,43.68688941001892,51.27461230754852,53.803853273391724,47.365785360336304,54.72357726097107,55.643301248550415,58.63240420818329,59.552128195762634,39.548131465911865,46.44606137275696,50.584819316864014,49.66509532928467,48.28550934791565,53.34399127960205,40.46785545349121,28.511443614959717,28.741374611854553,37.018890500068665,29.6610985994339,17.014893770217896,22.073375701904297,22.303306698799133,51.96440529823303,35.86923551559448,35.86923551559448,32.1903395652771,24.142754673957825,41.38757944107056,48.28550934791565,57.022887229919434,54.49364626407623,52.65419828891754,48.05557835102081,59.09226620197296,68.05957508087158,68.28950607776642,32.420270562171936,38.16854548454285,38.62840747833252,37.708683490753174,40.00799345970154,40.00799345970154,32.65020155906677,34.94951152801514,36.78895950317383,33.33999454975128,38.858338475227356,37.708683490753174,37.708683490753174,30.81075358390808,35.17944252490997,37.2488214969635,36.329097509384155,37.018890500068665,32.88013255596161,41.38757944107056,35.40937352180481,16.09516978263855,20.923720717430115,17.704686760902405,16.555031776428223,15.40537679195404,16.325100779533386,12.646204829216003,8.277515888214111,8.047584891319275,8.047584891319275,3.4489649534225464,3.678895950317383,4.828550934791565,4.828550934791565,5.748274922370911,7.357791900634766,6.667998909950256,3.9088269472122192,3.9088269472122192,8.507446885108948,6.667998909950256,4.828550934791565,7.8176538944244385,5.978205919265747,2.2993099689483643,5.518343925476074,4.5986199378967285,3.9088269472122192,1.609516978263855,2.069378972053528,5.058481931686401,3.678895950317383,2.2993099689483643,2.069378972053528,0.6897929906845093,1.609516978263855,2.069378972053528,1.3795859813690186,2.069378972053528,0.45986199378967285,1.609516978263855,1.3795859813690186,2.759171962738037,0.6897929906845093,1.3795859813690186,2.5292409658432007,0.9197239875793457,1.3795859813690186,2.069378972053528,0.9197239875793457,1.3795859813690186,1.8394479751586914,0.9197239875793457,0.6897929906845093,1.3795859813690186,1.609516978263855,1.3795859813690186,1.609516978263855,0.45986199378967285,2.759171962738037,1.609516978263855,0.6897929906845093,0.6897929906845093,0.22993099689483643,0.6897929906845093,0.45986199378967285,0.45986199378967285,0.22993099689483643,0.22993099689483643,0.22993099689483643
4.368688941001892,6.2081369161605835,7.587722897529602,10.116963863372803,10.34689486026764,11.726480841636658,14.485652804374695,14.025790810585022,15.865238785743713,19.31420373916626,22.303306698799133,22.53323769569397,31.50054657459259,35.40937352180481,14.715583801269531,17.244824767112732,20.00399672985077,22.53323769569397,22.993099689483643,22.993099689483643,23.452961683273315,37.708683490753174,27.361788630485535,33.56992554664612,38.858338475227356,35.40937352180481,40.69778645038605,49.205233335494995,26.901926636695862,29.891029596328735,38.16854548454285,23.682892680168152,26.44206464290619,37.47875249385834,29.201236605644226,37.47875249385834,30.81075358390808,28.97130560874939,37.93861448764801,33.799856543540955,44.60661339759827,36.55902850627899,44.37668240070343,44.8365443944931,45.06647539138794,36.78895950317383,49.895026326179504,54.2637152671814,54.953508257865906,43.68688941001892,43.456958413124084,48.97530233860016,44.8365443944931,51.734474301338196,53.34399127960205,53.57392227649689,33.110063552856445,32.1903395652771,29.6610985994339,31.730477571487427,18.854341745376587,28.511443614959717,31.50054657459259,60.01199018955231,44.146751403808594,41.15764844417572,34.7195805311203,31.040684580802917,52.424267292022705,63.46095514297485,75.64729797840118,72.42826402187347,69.89902305603027,65.07047212123871,87.37377882003784,83.00508987903595,102.08936262130737,59.78205919265747,46.44606137275696,63.46095514297485,59.78205919265747,56.333094239234924,67.82964408397675,40.00799345970154,55.87323224544525,59.09226620197296,46.675992369651794,60.47185218334198,49.205233335494995,53.803853273391724,57.25281822681427,58.40247321128845,62.771162152290344,57.25281822681427,55.41337025165558,63.46095514297485,50.12495732307434,59.78205919265747,32.65020155906677,30.350891590118408,27.59171962738037,25.292409658432007,27.1318576335907,27.361788630485535,24.142754673957825,10.806756854057312,8.047584891319275,11.956411838531494,8.507446885108948,9.65710186958313,4.368688941001892,7.127860903739929,12.18634283542633,8.737377882003784,9.65710186958313,8.96730887889862,8.047584891319275,8.047584891319275,9.427170872688293,3.21903395652771,14.255721807479858,6.897929906845093,4.828550934791565,5.518343925476074,7.127860903739929,7.8176538944244385,5.058481931686401,4.5986199378967285,4.368688941001892,7.587722897529602,4.138757944107056,5.518343925476074,4.138757944107056,7.587722897529602,4.5986199378967285,4.368688941001892,6.2081369161605835,2.759171962738037,4.138757944107056,5.058481931686401,3.678895950317383,5.748274922370911,3.678895950317383,4.138757944107056,4.5986199378967285,5.288412928581238,3.678895950317383,2.2993099689483643,2.9891029596328735,3.678895950317383,2.069378972053528,2.5292409658432007,3.4489649534225464,4.5986199378967285,2.069378972053528,2.2993099689483643,1.1496549844741821,1.8394479751586914,1.1496549844741821,1.8394479751586914,2.2993099689483643,0.0,0.9197239875793457,1.1496549844741821,0.6897929906845093,0.45986199378967285,0.6897929906845093,0.22993099689483643
9.197239875793457,6.43806791305542,13.795859813690186,14.255721807479858,13.795859813690186,21.613513708114624,22.993099689483643,23.22303068637848,25.522340655326843,26.671995639801025,34.25971853733063,40.927717447280884,50.81475031375885,46.44606137275696,22.303306698799133,32.88013255596161,28.051581621170044,33.110063552856445,45.296406388282776,37.47875249385834,34.25971853733063,54.2637152671814,48.74537134170532,56.10316324234009,64.15074813365936,58.862335205078125,71.73847103118896,65.99019610881805,42.767165422439575,48.74537134170532,45.52633738517761,32.88013255596161,35.17944252490997,48.05557835102081,36.78895950317383,43.22702741622925,38.16854548454285,40.46785545349121,32.88013255596161,35.17944252490997,48.74537134170532,41.38757944107056,43.91682040691376,41.84744143486023,42.077372431755066,46.44606137275696,51.50454330444336,49.66509532928467,51.734474301338196,36.78895950317383,42.99709641933441,39.31820046901703,36.78895950317383,42.077372431755066,49.43516433238983,45.06647539138794,22.303306698799133,23.452961683273315,26.901926636695862,26.901926636695862,19.544134736061096,20.00399672985077,19.31420373916626,45.52633738517761,36.55902850627899,26.212133646011353,26.44206464290619,18.854341745376587,35.17944252490997,43.22702741622925,45.986199378967285,48.74537134170532,53.803853273391724,50.81475031375885,45.296406388282776,56.10316324234009,65.07047212123871,32.420270562171936,39.08826947212219,43.91682040691376,35.40937352180481,40.69778645038605,32.420270562171936,34.489649534225464,33.33999454975128,41.84744143486023,36.78895950317383,34.489649534225464,33.110063552856445,34.7195805311203,36.329097509384155,29.891029596328735,38.858338475227356,37.47875249385834,37.93861448764801,40.00799345970154,38.62840747833252,36.78895950317383,23.682892680168152,20.69378972053528,18.164548754692078,21.15365171432495,22.763168692588806,18.854341745376587,17.47475576400757,6.43806791305542,7.587722897529602,8.737377882003784,7.357791900634766,5.518343925476074,7.357791900634766,1.609516978263855,10.34689486026764,4.828550934791565,5.978205919265747,5.288412928581238,5.058481931686401,5.978205919265747,7.127860903739929,5.288412928581238,8.737377882003784,6.667998909950256,4.138757944107056,6.2081369161605835,7.8176538944244385,5.058481931686401,3.4489649534225464,5.748274922370911,4.5986199378967285,6.897929906845093,3.678895950317383,2.5292409658432007,4.138757944107056,7.8176538944244385,2.5292409658432007,5.058481931686401,3.21903395652771,4.368688941001892,2.5292409658432007,2.2993099689483643,4.828550934791565,4.5986199378967285,3.678895950317383,3.21903395652771,2.5292409658432007,3.4489649534225464,3.9088269472122192,1.8394479751586914,3.21903395652771,2.069378972053528,4.138757944107056,1.8394479751586914,2.759171962738037,2.9891029596328735,2.2993099689483643,2.2993099689483643,0.6897929906845093,4.138757944107056,2.069378972053528,1.3795859813690186,2.759171962738037,0.45986199378967285,0.45986199378967285,0.6897929906845093,0.22993099689483643,0.0,0.45986199378967285,1.3795859813690186
8.277515888214111,7.8176538944244385,8.277515888214111,12.18634283542633,10.806756854057312,16.325100779533386,24.142754673957825,17.93461775779724,20.69378972053528,20.463858723640442,33.799856543540955,30.350891590118408,39.31820046901703,46.21613037586212,25.292409658432007,22.073375701904297,20.00399672985077,30.120960593223572,32.1903395652771,34.25971853733063,37.018890500068665,50.584819316864014,40.69778645038605,42.99709641933441,44.8365443944931,53.57392227649689,59.09226620197296,62.081369161605835,34.25971853733063,36.329097509384155,38.62840747833252,29.6610985994339,31.270615577697754,38.858338475227356,33.799856543540955,45.52633738517761,39.08826947212219,33.110063552856445,35.40937352180481,37.47875249385834,37.93861448764801,40.927717447280884,47.13585436344147,41.84744143486023,43.91682040691376,46.675992369651794,40.237924456596375,49.895026326179504,48.515440344810486,42.767165422439575,43.68688941001892,45.06647539138794,42.767165422439575,37.708683490753174,48.28550934791565,37.93861448764801,28.511443614959717,26.901926636695862,27.1318576335907,25.522340655326843,16.325100779533386,22.073375701904297,21.84344470500946,44.8365443944931,37.708683490753174,27.361788630485535,33.799856543540955,25.522340655326843,41.84744143486023,36.55902850627899,55.41337025165558,54.49364626407623,55.87323224544525,53.34399127960205,53.57392227649689,71.50854003429413,69.4391610622406,41.38757944107056,40.927717447280884,40.46785545349121,45.296406388282776,37.708683490753174,42.53723442554474,35.86923551559448,41.15764844417572,48.97530233860016,31.960408568382263,35.86923551559448,38.858338475227356,40.00799345970154,41.61751043796539,47.59571635723114,50.12495732307434,43.22702741622925,50.35488831996918,43.91682040691376,44.146751403808594,51.27461230754852,27.59171962738037,25.75227165222168,23.91282367706299,27.1318576335907,30.81075358390808,30.580822587013245,21.383582711219788,9.197239875793457,10.34689486026764,8.96730887889862,9.887032866477966,8.047584891319275,7.8176538944244385,6.897929906845093,10.34689486026764,9.197239875793457,5.518343925476074,6.667998909950256,8.047584891319275,11.496549844741821,4.368688941001892,7.357791900634766,8.277515888214111,6.43806791305542,8.96730887889862,7.357791900634766,7.587722897529602,6.667998909950256,5.518343925476074,3.9088269472122192,5.288412928581238,4.5986199378967285,8.507446885108948,6.2081369161605835,3.678895950317383,6.897929906845093,3.21903395652771,5.058481931686401,7.127860903739929,2.759171962738037,5.058481931686401,5.058481931686401,2.9891029596328735,7.127860903739929,3.21903395652771,4.828550934791565,4.5986199378967285,5.978205919265747,5.518343925476074,5.748274922370911,2.9891029596328735,5.518343925476074,2.759171962738037,3.21903395652771,2.5292409658432007,3.678895950317383,2.5292409658432007,3.678895950317383,1.609516978263855,1.1496549844741821,1.8394479751586914,2.5292409658432007,2.9891029596328735,1.3795859813690186,0.9197239875793457,0.6897929906845093,1.3795859813690186,0.45986199378967285,1.1496549844741821,0.9197239875793457
4.138757944107056,5.748274922370911,5.518343925476074,8.277515888214111,10.576825857162476,12.646204829216003,11.726480841636658,14.485652804374695,14.945514798164368,20.923720717430115,16.325100779533386,25.75227165222168,30.120960593223572,27.59171962738037,13.106066823005676,14.025790810585022,20.463858723640442,20.69378972053528,28.511443614959717,26.671995639801025,22.993099689483643,31.50054657459259,33.799856543540955,27.821650624275208,40.237924456596375,39.548131465911865,46.44606137275696,43.91682040691376,21.15365171432495,33.56992554664612,28.741374611854553,22.993099689483643,28.511443614959717,28.051581621170044,33.799856543540955,35.86923551559448,30.120960593223572,24.832547664642334,32.1903395652771,28.741374611854553,40.927717447280884,31.270615577697754,38.62840747833252,45.75626838207245,37.018890500068665,41.38757944107056,42.53723442554474,48.28550934791565,47.59571635723114,38.39847648143768,45.296406388282776,47.365785360336304,43.91682040691376,36.09916651248932,56.10316324234009,46.90592336654663,30.81075358390808,34.7195805311203,25.75227165222168,28.051581621170044,17.244824767112732,25.75227165222168,26.44206464290619,54.2637152671814,41.84744143486023,37.018890500068665,37.018890500068665,24.142754673957825,49.66509532928467,55.643301248550415,72.65819501876831,75.64729797840118,62.54123115539551,65.53033411502838,68.05957508087158,95.42136371135712,93.12205374240875,48.28550934791565,49.43516433238983,54.03378427028656,51.27461230754852,56.56302523612976,56.333094239234924,40.00799345970154,50.584819316864014,59.78205919265747,50.12495732307434,48.515440344810486,44.8365443944931,51.50454330444336,53.803853273391724,59.09226620197296,58.172542214393616,55.18343925476074,60.241921186447144,47.13585436344147,62.54123115539551,48.28550934791565,27.1318576335907,30.580822587013245,32.1903395652771,32.88013255596161,32.420270562171936,28.051581621170044,27.821650624275208,11.956411838531494,8.047584891319275,10.576825857162476,12.416273832321167,9.427170872688293,8.047584891319275,6.43806791305542,13.335997819900513,9.427170872688293,10.806756854057312,14.715583801269531,6.667998909950256,8.047584891319275,7.8176538944244385,8.96730887889862,7.357791900634766,8.507446885108948,10.576825857162476,10.116963863372803,8.737377882003784,10.34689486026764,5.978205919265747,7.357791900634766,5.058481931686401,6.667998909950256,7.357791900634766,6.43806791305542,5.748274922370911,4.828550934791565,5.518343925476074,7.587722897529602,5.058481931686401,9.197239875793457,4.828550934791565,5.058481931686401,6.667998909950256,7.127860903739929,6.667998909950256,6.2081369161605835,3.4489649534225464,5.288412928581238,4.828550934791565,3.9088269472122192,5.288412928581238,3.4489649534225464,4.5986199378967285,1.3795859813690186,3.4489649534225464,4.5986199378967285,3.678895950317383,2.5292409658432007,1.1496549844741821,2.2993099689483643,1.609516978263855,2.759171962738037,1.3795859813690186,1.3795859813690186,0.9197239875793457,1.1496549844741821,0.6897929906845093,0.0,0.22993099689483643,0.45986199378967285
4.138757944107056,6.667998909950256,7.357791900634766,9.65710186958313,7.357791900634766,13.56592881679535,13.335997819900513,14.485652804374695,18.394479751586914,15.865238785743713,22.303306698799133,20.463858723640442,28.97130560874939,29.431167602539062,13.795859813690186,15.865238785743713,15.865238785743713,26.901926636695862,18.62441074848175,16.09516978263855,17.244824767112732,36.09916651248932,29.891029596328735,29.201236605644226,32.65020155906677,33.110063552856445,39.548131465911865,44.146751403808594,25.522340655326843,28.28151261806488,30.81075358390808,19.544134736061096,25.75227165222168,28.741374611854553,32.420270562171936,32.420270562171936,25.292409658432007,26.44206464290619,25.982202649116516,27.821650624275208,32.65020155906677,32.88013255596161,38.858338475227356,40.69778645038605,34.25971853733063,39.08826947212219,43.22702741622925,52.424267292022705,49.43516433238983,37.018890500068665,38.62840747833252,36.78895950317383,45.06647539138794,40.69778645038605,54.2637152671814,47.13585436344147,27.59171962738037,25.522340655326843,28.051581621170044,32.65020155906677,20.233927726745605,22.303306698799133,20.69378972053528,46.675992369651794,43.22702741622925,37.708683490753174,34.94951152801514,27.1318576335907,43.91682040691376,53.803853273391724,62.54123115539551,68.97929906845093,64.84054112434387,70.81874704360962,67.36978209018707,91.74246776103973,97.26081168651581,49.895026326179504,52.88412928581238,53.114060282707214,54.72357726097107,61.16164517402649,63.920817136764526,49.205233335494995,52.19433629512787,57.482749223709106,59.09226620197296,57.94261121749878,60.241921186447144,63.920817136764526,57.482749223709106,66.9099200963974,73.57791900634766,68.74936807155609,71.04867804050446,68.05957508087158,70.81874704360962,75.41736698150635,40.237924456596375,40.69778645038605,41.84744143486023,33.110063552856445,33.110063552856445,33.110063552856445,32.420270562171936,14.945514798164368,14.485652804374695,13.335997819900513,6.897929906845093,6.897929906845093,7.8176538944244385,5.288412928581238,15.40537679195404,15.40537679195404,11.266618847846985,5.748274922370911,5.978205919265747,11.496549844741821,9.65710186958313,11.726480841636658,8.507446885108948,6.897929906845093,6.43806791305542,10.576825857162476,4.828550934791565,10.806756854057312,7.357791900634766,10.806756854057312,6.667998909950256,5.288412928581238,5.288412928581238,5.288412928581238,7.127860903739929,6.667998909950256,5.978205919265747,4.5986199378967285,5.288412928581238,3.21903395652771,5.288412928581238,2.759171962738037,7.357791900634766,5.058481931686401,5.748274922370911,4.138757944107056,5.518343925476074,3.21903395652771,2.9891029596328735,3.9088269472122192,3.21903395652771,5.518343925476074,2.759171962738037,3.9088269472122192,1.609516978263855,2.759171962738037,1.3795859813690186,3.21903395652771,1.8394479751586914,1.1496549844741821,0.6897929906845093,0.6897929906845093,1.3795859813690186,0.45986199378967285,0.22993099689483643,0.0,0.0,0.22993099689483643,0.0,0.22993099689483643
6.667998909950256,9.427170872688293,14.025790810585022,9.65710186958313,17.014893770217896,14.945514798164368,19.31420373916626,18.164548754692078,24.37268567085266,26.212133646011353,25.982202649116516,34.02978754043579,40.237924456596375,36.78895950317383,24.142754673957825,25.522340655326843,22.303306698799133,36.329097509384155,24.832547664642334,33.33999454975128,28.741374611854553,49.205233335494995,47.13585436344147,43.22702741622925,41.61751043796539,43.68688941001892,61.391576170921326,60.701783180236816,34.94951152801514,40.00799345970154,47.13585436344147,23.452961683273315,32.65020155906677,34.489649534225464,32.420270562171936,38.39847648143768,37.018890500068665,31.730477571487427,37.2488214969635,31.960408568382263,39.08826947212219,37.47875249385834,38.858338475227356,43.68688941001892,46.675992369651794,46.675992369651794,45.296406388282776,52.424267292022705,51.96440529823303,37.708683490753174,41.38757944107056,47.365785360336304,46.21613037586212,46.21613037586212,46.44606137275696,44.60661339759827,23.682892680168152,32.420270562171936,27.821650624275208,25.75227165222168,17.704686760902405,22.073375701904297,19.31420373916626,47.365785360336304,35.17944252490997,37.47875249385834,29.431167602539062,21.15365171432495,42.3073034286499,44.37668240070343,50.81475031375885,56.10316324234009,61.62150716781616,54.953508257865906,64.61061012744904,66.9099200963974,62.081369161605835,40.00799345970154,44.37668240070343,48.515440344810486,44.37668240070343,44.146751403808594,42.077372431755066,36.55902850627899,34.7195805311203,39.08826947212219,45.986199378967285,40.00799345970154,38.858338475227356,50.81475031375885,39.31820046901703,39.08826947212219,45.52633738517761,43.22702741622925,48.28550934791565,37.2488214969635,42.53723442554474,48.74537134170532,25.522340655326843,23.682892680168152,23.22303068637848,18.394479751586914,24.142754673957825,24.602616667747498,17.704686760902405,9.887032866477966,10.576825857162476,7.8176538944244385,6.897929906845093,7.357791900634766,4.828550934791565,5.748274922370911,8.047584891319275,10.34689486026764,8.277515888214111,6.897929906845093,3.4489649534225464,5.288412928581238,4.828550934791565,5.058481931686401,9.427170872688293,6.43806791305542,3.21903395652771,6.2081369161605835,4.5986199378967285,9.427170872688293,8.047584891319275,3.4489649534225464,4.5986199378967285,4.138757944107056,1.3795859813690186,3.21903395652771,3.21903395652771,6.43806791305542,3.9088269472122192,1.609516978263855,5.518343925476074,1.609516978263855,3.21903395652771,2.2993099689483643,5.748274922370911,3.678895950317383,2.069378972053528,8.047584891319275,2.9891029596328735,4.138757944107056,1.8394479751586914,4.138757944107056,4.138757944107056,6.2081369161605835,3.9088269472122192,2.759171962738037,3.4489649534225464,2.759171962738037,1.609516978263855,2.069378972053528,2.759171962738037,2.069378972053528,2.069378972053528,1.609516978263855,1.609516978263855,0.0,1.609516978263855,2.069378972053528,0.9197239875793457,0.9197239875793457,0.6897929906845093,0.6897929906845093
13.335997819900513,13.106066823005676,15.40537679195404,17.47475576400757,20.00399672985077,23.22303068637848,26.671995639801025,29.431167602539062,29.891029596328735,32.65020155906677,40.237924456596375,47.59571635723114,51.50454330444336,61.851438164711,22.763168692588806,30.81075358390808,32.420270562171936,35.17944252490997,42.077372431755066,45.296406388282776,40.237924456596375,48.97530233860016,54.2637152671814,54.953508257865906,51.50454330444336,68.28950607776642,59.78205919265747,72.88812601566315,39.548131465911865,47.82564735412598,51.04468131065369,28.511443614959717,34.02978754043579,49.205233335494995,41.38757944107056,51.04468131065369,47.82564735412598,43.22702741622925,33.799856543540955,40.237924456596375,49.43516433238983,43.22702741622925,51.96440529823303,49.66509532928467,52.424267292022705,48.74537134170532,45.75626838207245,57.25281822681427,45.52633738517761,46.44606137275696,45.75626838207245,42.767165422439575,43.22702741622925,46.44606137275696,48.05557835102081,45.75626838207245,22.53323769569397,26.671995639801025,28.28151261806488,22.53323769569397,18.854341745376587,22.993099689483643,20.69378972053528,39.548131465911865,32.88013255596161,29.6610985994339,31.270615577697754,19.544134736061096,34.94951152801514,33.110063552856445,46.675992369651794,46.675992369651794,50.584819316864014,45.986199378967285,48.97530233860016,52.424267292022705,54.49364626407623,35.639304518699646,35.639304518699646,33.56992554664612,40.46785545349121,39.7780624628067,34.489649534225464,28.051581621170044,31.730477571487427,38.62840747833252,38.39847648143768,36.09916651248932,36.55902850627899,36.55902850627899,27.821650624275208,33.799856543540955,35.40937352180481,39.31820046901703,41.84744143486023,33.56992554664612,35.639304518699646,34.25971853733063,16.78496277332306,20.00399672985077,21.84344470500946,19.31420373916626,23.682892680168152,18.394479751586914,13.795859813690186,6.43806791305542,6.2081369161605835,4.828550934791565,10.116963863372803,5.058481931686401,3.9088269472122192,5.288412928581238,8.507446885108948,4.138757944107056,7.357791900634766,4.828550934791565,5.058481931686401,8.277515888214111,3.678895950317383,4.828550934791565,4.828550934791565,4.138757944107056,6.43806791305542,4.368688941001892,4.368688941001892,4.138757944107056,3.21903395652771,4.368688941001892,3.678895950317383,4.368688941001892,5.058481931686401,1.609516978263855,4.138757944107056,3.4489649534225464,3.9088269472122192,2.759171962738037,2.9891029596328735,3.9088269472122192,4.368688941001892,4.138757944107056,2.759171962738037,3.21903395652771,2.2993099689483643,3.21903395652771,2.2993099689483643,3.4489649534225464,5.518343925476074,1.1496549844741821,3.21903395652771,1.8394479751586914,2.5292409658432007,3.678895950317383,0.6897929906845093,2.9891029596328735,1.3795859813690186,1.609516978263855,1.3795859813690186,1.1496549844741821,1.1496549844741821,1.1496549844741821,1.8394479751586914,0.45986199378967285,0.0,0.6897929906845093,0.22993099689483643,0.6897929906845093,0.0,0.22993099689483643
9.427170872688293,11.036687850952148,12.646204829216003,14.485652804374695,16.325100779533386,21.15365171432495,25.75227165222168,28.051581621170044,23.682892680168152,28.28151261806488,35.86923551559448,43.456958413124084,51.734474301338196,50.584819316864014,26.901926636695862,29.201236605644226,28.97130560874939,39.31820046901703,44.60661339759827,37.93861448764801,35.17944252490997,51.96440529823303,50.35488831996918,47.82564735412598,60.47185218334198,48.74537134170532,62.081369161605835,69.20923006534576,36.78895950317383,35.86923551559448,44.8365443944931,32.1903395652771,33.799856543540955,39.548131465911865,34.489649534225464,49.43516433238983,37.47875249385834,39.548131465911865,36.329097509384155,39.31820046901703,45.06647539138794,44.146751403808594,42.53723442554474,47.13585436344147,43.456958413124084,48.05557835102081,51.96440529823303,51.96440529823303,53.114060282707214,41.84744143486023,40.69778645038605,43.22702741622925,40.46785545349121,41.15764844417572,43.456958413124084,47.82564735412598,30.120960593223572,27.821650624275208,26.212133646011353,23.682892680168152,17.014893770217896,24.832547664642334,19.31420373916626,49.205233335494995,37.018890500068665,34.489649534225464,29.6610985994339,22.53323769569397,35.639304518699646,44.146751403808594,48.28550934791565,61.62150716781616,55.18343925476074,50.12495732307434,56.333094239234924,66.9099200963974,67.82964408397675,33.33999454975128,42.767165422439575,44.146751403808594,40.00799345970154,43.456958413124084,40.46785545349121,31.960408568382263,40.69778645038605,36.09916651248932,39.08826947212219,41.61751043796539,44.60661339759827,40.69778645038605,32.88013255596161,37.708683490753174,42.99709641933441,37.2488214969635,33.110063552856445,45.986199378967285,45.52633738517761,43.68688941001892,21.15365171432495,24.602616667747498,27.1318576335907,22.993099689483643,25.522340655326843,19.544134736061096,19.31420373916626,9.427170872688293,5.518343925476074,8.737377882003784,7.127860903739929,6.897929906845093,7.127860903739929,3.678895950317383,10.806756854057312,6.2081369161605835,3.21903395652771,6.2081369161605835,2.9891029596328735,5.288412928581238,4.828550934791565,5.978205919265747,5.288412928581238,4.138757944107056,2.9891029596328735,2.069378972053528,4.828550934791565,3.678895950317383,4.138757944107056,2.2993099689483643,1.3795859813690186,2.069378972053528,2.759171962738037,2.2993099689483643,2.5292409658432007,4.828550934791565,3.21903395652771,1.8394479751586914,1.1496549844741821,2.069378972053528,2.9891029596328735,2.069378972053528,2.759171962738037,4.138757944107056,2.2993099689483643,2.9891029596328735,2.9891029596328735,2.5292409658432007,4.368688941001892,2.069378972053528,1.609516978263855,2.2993099689483643,2.2993099689483643,2.2993099689483643,1.1496549844741821,1.8394479751586914,3.678895950317383,1.3795859813690186,0.9197239875793457,1.1496549844741821,1.3795859813690186,0.9197239875793457,2.069378972053528,0.0,0.22993099689483643,1.3795859813690186,0.6897929906845093,0.0,0.6897929906845093,0.45986199378967285
7.127860903739929,6.667998909950256,6.43806791305542,3.21903395652771,9.887032866477966,11.496549844741821,15.635307788848877,10.116963863372803,11.726480841636658,16.78496277332306,18.164548754692078,20.463858723640442,21.84344470500946,28.741374611854553,12.87613582611084,12.646204829216003,17.47475576400757,19.774065732955933,18.62441074848175,20.923720717430115,20.463858723640442,31.040684580802917,33.56992554664612,27.1318576335907,30.81075358390808,28.051581621170044,35.86923551559448,41.84744143486023,24.142754673957825,20.69378972053528,27.361788630485535,17.014893770217896,20.69378972053528,31.040684580802917,29.431167602539062,26.901926636695862,23.22303068637848,21.15365171432495,29.431167602539062,23.682892680168152,32.88013255596161,30.81075358390808,28.051581621170044,25.982202649116516,37.47875249385834,29.891029596328735,34.25971853733063,44.146751403808594,43.456958413124084,29.431167602539062,29.891029596328735,35.40937352180481,36.09916651248932,36.55902850627899,41.38757944107056,39.548131465911865,26.671995639801025,22.303306698799133,24.142754673957825,23.91282367706299,22.763168692588806,23.682892680168152,21.15365171432495,44.8365443944931,45.06647539138794,38.858338475227356,40.69778645038605,25.75227165222168,47.82564735412598,53.803853273391724,70.35888504981995,70.58881604671478,72.88812601566315,77.48674595355988,68.97929906845093,90.36288177967072,96.34108769893646,52.19433629512787,65.30040311813354,70.12895405292511,58.862335205078125,59.3221971988678,65.30040311813354,59.552128195762634,60.01199018955231,71.27860903739929,66.22012710571289,63.920817136764526,51.27461230754852,74.72757399082184,71.73847103118896,73.34798800945282,80.24591791629791,77.94660794734955,80.47584891319275,80.01598691940308,84.38467586040497,82.77515888214111,42.53723442554474,39.31820046901703,35.86923551559448,40.69778645038605,43.456958413124084,31.270615577697754,33.799856543540955,16.78496277332306,14.715583801269531,15.175445795059204,14.715583801269531,12.18634283542633,8.277515888214111,8.96730887889862,11.266618847846985,11.726480841636658,8.277515888214111,10.34689486026764,8.277515888214111,10.806756854057312,8.277515888214111,4.828550934791565,9.197239875793457,11.726480841636658,9.197239875793457,11.036687850952148,6.2081369161605835,6.897929906845093,7.587722897529602,3.9088269472122192,6.897929906845093,6.43806791305542,4.5986199378967285,2.759171962738037,4.5986199378967285,5.748274922370911,5.058481931686401,4.138757944107056,4.138757944107056,4.5986199378967285,3.9088269472122192,2.759171962738037,4.138757944107056,4.368688941001892,2.9891029596328735,3.678895950317383,2.759171962738037,3.678895950317383,2.2993099689483643,2.5292409658432007,1.1496549844741821,1.8394479751586914,2.759171962738037,1.609516978263855,3.21903395652771,1.609516978263855,0.22993099689483643,1.3795859813690186,1.3795859813690186,2.069378972053528,0.9197239875793457,0.9197239875793457,0.0,0.6897929906845093,0.6897929906845093,0.45986199378967285,0.22993099689483643,0.22993099689483643,0.45986199378967285,0.0
2.9891029596328735,5.978205919265747,6.897929906845093,5.518343925476074,8.047584891319275,12.646204829216003,10.34689486026764,10.576825857162476,10.116963863372803,15.635307788848877,18.394479751586914,21.84344470500946,23.452961683273315,22.993099689483643,10.806756854057312,15.40537679195404,11.726480841636658,20.00399672985077,19.31420373916626,17.014893770217896,20.233927726745605,26.671995639801025,26.44206464290619,23.22303068637848,25.75227165222168,30.580822587013245,36.329097509384155,39.08826947212219,23.91282367706299,23.22303068637848,27.1318576335907,20.463858723640442,21.613513708114624,27.59171962738037,21.383582711219788,31.960408568382263,26.671995639801025,25.982202649116516,24.37268567085266,32.88013255596161,34.25971853733063,30.120960593223572,35.86923551559448,33.33999454975128,40.69778645038605,41.15764844417572,33.110063552856445,52.88412928581238,48.515440344810486,35.639304518699646,40.69778645038605,39.31820046901703,41.84744143486023,41.61751043796539,49.895026326179504,46.21613037586212,29.891029596328735,27.361788630485535,29.431167602539062,28.28151261806488,17.704686760902405,25.982202649116516,25.522340655326843,57.94261121749878,44.8365443944931,39.548131465911865,38.16854548454285,27.821650624275208,56.333094239234924,58.862335205078125,72.88812601566315,74.03778100013733,74.497642993927,72.88812601566315,86.68398582935333,99.56012165546417,100.24991464614868,54.72357726097107,62.771162152290344,69.66909205913544,64.61061012744904,72.88812601566315,64.15074813365936,59.3221971988678,65.76026511192322,67.13985109329224,65.76026511192322,72.88812601566315,67.13985109329224,76.79695296287537,62.771162152290344,80.47584891319275,65.99019610881805,79.32619392871857,78.63640093803406,70.35888504981995,77.71667695045471,83.9248138666153,35.40937352180481,33.110063552856445,34.7195805311203,38.39847648143768,41.84744143486023,26.44206464290619,28.97130560874939,18.394479751586914,11.726480841636658,13.56592881679535,11.036687850952148,10.34689486026764,8.96730887889862,4.368688941001892,17.244824767112732,11.956411838531494,11.956411838531494,11.036687850952148,7.8176538944244385,8.277515888214111,8.277515888214111,7.127860903739929,11.726480841636658,6.43806791305542,6.667998909950256,5.978205919265747,7.127860903739929,5.288412928581238,3.4489649534225464,5.518343925476074,4.368688941001892,4.138757944107056,3.4489649534225464,2.2993099689483643,3.9088269472122192,4.368688941001892,3.21903395652771,3.21903395652771,2.069378972053528,4.138757944107056,2.759171962738037,4.5986199378967285,4.5986199378967285,3.4489649534225464,2.759171962738037,2.9891029596328735,2.5292409658432007,3.21903395652771,3.21903395652771,5.518343925476074,2.069378972053528,1.1496549844741821,3.21903395652771,1.609516978263855,1.3795859813690186,1.3795859813690186,1.3795859813690186,1.3795859813690186,1.609516978263855,0.6897929906845093,0.45986199378967285,1.609516978263855,0.9197239875793457,0.0,0.0,0.22993099689483643,0.22993099689483643,0.45986199378967285,0.6897929906845093,0.6897929906845093
