0.0,0.0,0.0,0.0,0.0,0.0,0.0,0.0,0.0,0.0,0.0,0.0,0.0,0.0,0.0,0.0,0.0,0.0,0.0,0.0,0.0,0.0,0.0,0.0,0.0,0.0,0.0,0.0,0.0,0.0,0.0,0.0,0.0,0.0,0.0,0.0,0.0,0.0,0.0,0.0,0.0,0.0,0.0,0.0,0.0,0.0,0.0,0.0,0.0,0.0,0.0,0.0,0.0,0.0,0.0,0.0,0.0,0.0,0.0,0.0,0.0,0.0,0.0,0.0,0.0,0.0,0.0,0.0,0.0,0.0,0.0,0.0,0.0,0.0,0.0,0.0,0.0,0.0,0.0,0.0,0.0,0.0,0.0,0.0,0.0,0.0,0.0,0.0,0.0,0.0,0.0,0.0,0.0,0.0,0.0,0.0,0.0,0.0,0.0,0.0,0.0,0.0,0.0,0.0,0.0,0.0,0.0,0.0,0.0,0.0,0.0,0.0,0.0,0.0,0.0,0.0,0.0,0.0,0.0,0.0,0.0,0.0,0.0,0.0,0.0,0.0,0.0,0.0,0.0,0.0,0.0,0.0,0.0,0.0,0.0,0.0,0.0,0.0,0.0,0.0,0.0,0.0,0.0,0.0,0.0,0.0,0.0,0.0,0.0,0.0,0.0,0.0,0.0,0.0,0.0,0.0,0.0,0.0,0.0,0.0,0.0,0.0,0.0,0.0,0.0,0.0,0.0,0.0
0.0,0.0,0.0,0.0,0.0,0.0,0.0,0.0,0.0,0.0,0.0,0.0,0.0,0.0,0.0,0.0,0.0,0.0,0.0,0.0,0.0,0.0,0.0,0.0,0.0,0.0,0.0,0.0,0.0,0.0,0.0,0.0,0.0,0.0,0.0,0.0,0.0,0.0,0.0,0.0,0.0,0.0,0.0,0.0,0.0,0.0,0.0,0.0,0.0,0.0,0.0,0.0,0.0,0.0,0.0,0.0,0.0,0.0,0.0,0.0,0.0,0.0,0.0,0.0,0.0,0.0,0.0,0.0,0.0,0.0,0.0,0.0,0.0,0.0,0.0,0.0,0.0,0.0,0.0,0.0,0.0,0.0,0.0,0.0,0.0,0.0,0.0,0.0,0.0,0.0,0.0,0.0,0.0,0.0,0.0,0.0,0.0,0.0,0.0,0.0,0.0,0.0,0.0,0.0,0.0,0.0,0.0,0.0,0.0,0.0,0.0,0.0,0.0,0.0,0.0,0.0,0.0,0.0,0.0,0.0,0.0,0.0,0.0,0.0,0.0,0.0,0.0,0.0,0.0,0.0,0.0,0.0,0.0,0.0,0.0,0.0,0.0,0.0,0.0,0.0,0.0,0.0,0.0,0.0,0.0,0.0,0.0,0.0,0.0,0.0,0.0,0.0,0.0,0.0,0.0,0.0,0.0,0.0,0.0,0.0,0.0,0.0,0.0,0.0,0.0,0.0,0.0,0.0
0.0,0.0,0.0,0.0,0.0,0.0,0.0,0.0,0.0,0.0,0.0,0.0,0.0,0.0,0.0,0.0,0.0,0.0,0.0,0.0,0.0,0.0,0.0,0.0,0.0,0.0,0.0,0.0,0.0,0.0,0.0,0.0,0.0,0.0,0.0,0.0,0.0,0.0,0.0,0.0,0.0,0.0,0.0,0.0,0.0,0.0,0.0,0.0,0.0,0.0,0.0,0.0,0.0,0.0,0.0,0.0,0.0,0.0,0.0,0.0,0.0,0.0,0.0,0.0,0.0,0.0,0.0,0.0,0.0,0.0,0.0,0.0,0.0,0.0,0.0,0.0,0.0,0.0,0.0,0.0,0.0,0.0,0.0,0.0,0.0,0.0,0.0,0.0,0.0,0.0,0.0,0.0,0.0,0.0,0.0,0.0,0.0,0.0,0.0,0.0,0.0,0.0,0.0,0.0,0.0,0.0,0.0,0.0,0.0,0.0,0.0,0.0,0.0,0.0,0.0,0.0,0.0,0.0,0.0,0.0,0.0,0.0,0.0,0.0,0.0,0.0,0.0,0.0,0.0,0.0,0.0,0.0,0.0,0.0,0.0,0.0,0.0,0.0,0.0,0.0,0.0,0.0,0.0,0.0,0.0,0.0,0.0,0.0,0.0,0.0,0.0,0.0,0.0,0.0,0.0,0.0,0.0,0.0,0.0,0.0,0.0,0.0,0.0,0.0,0.0,0.0,0.0,0.0
0.0,0.0,0.0,0.0,0.0,0.0,0.0,0.0,0.0,0.0,0.0,0.0,0.0,0.0,0.0,0.0,0.0,0.0,0.0,0.0,0.0,0.0,0.0,0.0,0.0,0.0,0.0,0.0,0.0,0.0,0.0,0.0,0.0,0.0,0.0,0.0,0.0,0.0,0.0,0.0,0.0,0.0,0.0,0.0,0.0,0.0,0.0,0.0,0.0,0.0,0.0,0.0,0.0,0.0,0.0,0.0,0.0,0.0,0.0,0.0,0.0,0.0,0.0,0.0,0.0,0.0,0.0,0.0,0.0,0.0,0.0,0.0,0.0,0.0,0.0,0.0,0.0,0.0,0.0,0.0,0.0,0.0,0.0,0.0,0.0,0.0,0.0,0.0,0.0,0.0,0.0,0.0,0.0,0.0,0.0,0.0,0.0,0.0,0.0,0.0,0.0,0.0,0.0,0.0,0.0,0.0,0.0,0.0,0.0,0.0,0.0,0.0,0.0,0.0,0.0,0.0,0.0,0.0,0.0,0.0,0.0,0.0,0.0,0.0,0.0,0.0,0.0,0.0,0.0,0.0,0.0,0.0,0.0,0.0,0.0,0.0,0.0,0.0,0.0,0.0,0.0,0.0,0.0,0.0,0.0,0.0,0.0,0.0,0.0,0.0,0.0,0.0,0.0,0.0,0.0,0.0,0.0,0.0,0.0,0.0,0.0,0.0,0.0,0.0,0.0,0.0,0.0,0.0
0.0,0.0,0.0,0.0,0.0,0.0,0.0,0.0,0.0,0.0,0.0,0.0,0.0,0.0,0.0,0.0,0.0,0.0,0.0,0.0,0.0,0.0,0.0,0.0,0.0,0.0,0.0,0.0,0.0,0.0,0.0,0.0,0.0,0.0,0.0,0.0,0.0,0.0,0.0,0.0,0.0,0.0,0.0,0.0,0.0,0.0,0.0,0.0,0.0,0.0,0.0,0.0,0.0,0.0,0.0,0.0,0.0,0.0,0.0,0.0,0.0,0.0,0.0,0.0,0.0,0.0,0.0,0.0,0.0,0.0,0.0,0.0,0.0,0.0,0.0,0.0,0.0,0.0,0.0,0.0,0.0,0.0,0.0,0.0,0.0,0.0,0.0,0.0,0.0,0.0,0.0,0.0,0.0,0.0,0.0,0.0,0.0,0.0,0.0,0.0,0.0,0.0,0.0,0.0,0.0,0.0,0.0,0.0,0.0,0.0,0.0,0.0,0.0,0.0,0.0,0.0,0.0,0.0,0.0,0.0,0.0,0.0,0.0,0.0,0.0,0.0,0.0,0.0,0.0,0.0,0.0,0.0,0.0,0.0,0.0,0.0,0.0,0.0,0.0,0.0,0.0,0.0,0.0,0.0,0.0,0.0,0.0,0.0,0.0,0.0,0.0,0.0,0.0,0.0,0.0,0.0,0.0,0.0,0.0,0.0,0.0,0.0,0.0,0.0,0.0,0.0,0.0,0.0
0.0,0.0,0.0,0.0,0.0,0.0,0.0,0.0,0.0,0.0,0.0,0.0,0.0,0.0,0.0,0.0,0.0,0.0,0.0,0.0,0.0,0.0,0.0,0.0,0.0,0.0,0.0,0.0,0.0,0.0,0.0,0.0,0.0,0.0,0.0,0.0,0.0,0.0,0.0,0.0,0.0,0.0,0.0,0.0,0.0,0.0,0.0,0.0,0.0,0.0,0.0,0.0,0.0,0.0,0.0,0.0,0.0,0.0,0.0,0.0,0.0,0.0,0.0,0.0,0.0,0.0,0.0,0.0,0.0,0.0,0.0,0.0,0.0,0.0,0.0,0.0,0.0,0.0,0.0,0.0,0.0,0.0,0.0,0.0,0.0,0.0,0.0,0.0,0.0,0.0,0.0,0.0,0.0,0.0,0.0,0.0,0.0,0.0,0.0,0.0,0.0,0.0,0.0,0.0,0.0,0.0,0.0,0.0,0.0,0.0,0.0,0.0,0.0,0.0,0.0,0.0,0.0,0.0,0.0,0.0,0.0,0.0,0.0,0.0,0.0,0.0,0.0,0.0,0.0,0.0,0.0,0.0,0.0,0.0,0.0,0.0,0.0,0.0,0.0,0.0,0.0,0.0,0.0,0.0,0.0,0.0,0.0,0.0,0.0,0.0,0.0,0.0,0.0,0.0,0.0,0.0,0.0,0.0,0.0,0.0,0.0,0.0,0.0,0.0,0.0,0.0,0.0,0.0
0.0,0.0,0.0,0.0,0.0,0.0,0.0,0.0,0.0,0.0,0.0,0.0,0.0,0.0,0.0,0.0,0.0,0.0,0.0,0.0,0.0,0.0,0.0,0.0,0.0,0.0,0.0,0.0,0.0,0.0,0.0,0.0,0.0,0.0,0.0,0.0,0.0,0.0,0.0,0.0,0.0,0.0,0.0,0.0,0.0,0.0,0.0,0.0,0.0,0.0,0.0,0.0,0.0,0.0,0.0,0.0,0.0,0.0,0.0,0.0,0.0,0.0,0.0,0.0,0.0,0.0,0.0,0.0,0.0,0.0,0.0,0.0,0.0,0.0,0.0,0.0,0.0,0.0,0.0,0.0,0.0,0.0,0.0,0.0,0.0,0.0,0.0,0.0,0.0,0.0,0.0,0.0,0.0,0.0,0.0,0.0,0.0,0.0,0.0,0.0,0.0,0.0,0.0,0.0,0.0,0.0,0.0,0.0,0.0,0.0,0.0,0.0,0.0,0.0,0.0,0.0,0.0,0.0,0.0,0.0,0.0,0.0,0.0,0.0,0.0,0.0,0.0,0.0,0.0,0.0,0.0,0.0,0.0,0.0,0.0,0.0,0.0,0.0,0.0,0.0,0.0,0.0,0.0,0.0,0.0,0.0,0.0,0.0,0.0,0.0,0.0,0.0,0.0,0.0,0.0,0.0,0.0,0.0,0.0,0.0,0.0,0.0,0.0,0.0,0.0,0.0,0.0,0.0
0.0,0.0,0.0,0.0,0.0,0.0,0.0,0.0,0.0,0.0,0.0,0.0,0.0,0.0,0.0,0.0,0.0,0.0,0.0,0.0,0.0,0.0,0.0,0.0,0.0,0.0,0.0,0.0,0.0,0.0,0.0,0.0,0.0,0.0,0.0,0.0,0.0,0.0,0.0,0.0,0.0,0.0,0.0,0.0,0.0,0.0,0.0,0.0,0.0,0.0,0.0,0.0,0.0,0.0,0.0,0.0,0.0,0.0,0.0,0.0,0.0,0.0,0.0,0.0,0.0,0.0,0.0,0.0,0.0,0.0,0.0,0.0,0.0,0.0,0.0,0.0,0.0,0.0,0.0,0.0,0.0,0.0,0.0,0.0,0.0,0.0,0.0,0.0,0.0,0.0,0.0,0.0,0.0,0.0,0.0,0.0,0.0,0.0,0.0,0.0,0.0,0.0,0.0,0.0,0.0,0.0,0.0,0.0,0.0,0.0,0.0,0.0,0.0,0.0,0.0,0.0,0.0,0.0,0.0,0.0,0.0,0.0,0.0,0.0,0.0,0.0,0.0,0.0,0.0,0.0,0.0,0.0,0.0,0.0,0.0,0.0,0.0,0.0,0.0,0.0,0.0,0.0,0.0,0.0,0.0,0.0,0.0,0.0,0.0,0.0,0.0,0.0,0.0,0.0,0.0,0.0,0.0,0.0,0.0,0.0,0.0,0.0,0.0,0.0,0.0,0.0,0.0,0.0
0.0,0.0,0.0,0.0,0.0,0.0,0.0,0.0,0.0,0.0,0.0,0.0,0.0,0.0,0.0,0.0,0.0,0.0,0.0,0.0,0.0,0.0,0.0,0.0,0.0,0.0,0.0,0.0,0.0,0.0,0.0,0.0,0.0,0.0,0.0,0.0,0.0,0.0,0.0,0.0,0.0,0.0,0.0,0.0,0.0,0.0,0.0,0.0,0.0,0.0,0.0,0.0,0.0,0.0,0.0,0.0,0.0,0.0,0.0,0.0,0.0,0.0,0.0,0.0,0.0,0.0,0.0,0.0,0.0,0.0,0.0,0.0,0.0,0.0,0.0,0.0,0.0,0.0,0.0,0.0,0.0,0.0,0.0,0.0,0.0,0.0,0.0,0.0,0.0,0.0,0.0,0.0,0.0,0.0,0.0,0.0,0.0,0.0,0.0,0.0,0.0,0.0,0.0,0.0,0.0,0.0,0.0,0.0,0.0,0.0,0.0,0.0,0.0,0.0,0.0,0.0,0.0,0.0,0.0,0.0,0.0,0.0,0.0,0.0,0.0,0.0,0.0,0.0,0.0,0.0,0.0,0.0,0.0,0.0,0.0,0.0,0.0,0.0,0.0,0.0,0.0,0.0,0.0,0.0,0.0,0.0,0.0,0.0,0.0,0.0,0.0,0.0,0.0,0.0,0.0,0.0,0.0,0.0,0.0,0.0,0.0,0.0,0.0,0.0,0.0,0.0,0.0,0.0
0.0,0.0,0.0,0.0,0.0,0.0,0.0,0.0,0.0,0.0,0.0,0.0,0.0,0.0,0.0,0.0,0.0,0.0,0.0,0.0,0.0,0.0,0.0,0.0,0.0,0.0,0.0,0.0,0.0,0.0,0.0,0.0,0.0,0.0,0.0,0.0,0.0,0.0,0.0,0.0,0.0,0.0,0.0,0.0,0.0,0.0,0.0,0.0,0.0,0.0,0.0,0.0,0.0,0.0,0.0,0.0,0.0,0.0,0.0,0.0,0.0,0.0,0.0,0.0,0.0,0.0,0.0,0.0,0.0,0.0,0.0,0.0,0.0,0.0,0.0,0.0,0.0,0.0,0.0,0.0,0.0,0.0,0.0,0.0,0.0,0.0,0.0,0.0,0.0,0.0,0.0,0.0,0.0,0.0,0.0,0.0,0.0,0.0,0.0,0.0,0.0,0.0,0.0,0.0,0.0,0.0,0.0,0.0,0.0,0.0,0.0,0.0,0.0,0.0,0.0,0.0,0.0,0.0,0.0,0.0,0.0,0.0,0.0,0.0,0.0,0.0,0.0,0.0,0.0,0.0,0.0,0.0,0.0,0.0,0.0,0.0,0.0,0.0,0.0,0.0,0.0,0.0,0.0,0.0,0.0,0.0,0.0,0.0,0.0,0.0,0.0,0.0,0.0,0.0,0.0,0.0,0.0,0.0,0.0,0.0,0.0,0.0,0.0,0.0,0.0,0.0,0.0,0.0
0.0,0.0,0.0,0.0,0.0,0.0,0.0,0.0,0.0,0.0,0.0,0.0,0.0,0.0,0.0,0.0,0.0,0.0,0.0,0.0,0.0,0.0,0.0,0.0,0.0,0.0,0.0,0.0,0.0,0.0,0.0,0.0,0.0,0.0,0.0,0.0,0.0,0.0,0.0,0.0,0.0,0.0,0.0,0.0,0.0,0.0,0.0,0.0,0.0,0.0,0.0,0.0,0.0,0.0,0.0,0.0,0.0,0.0,0.0,0.0,0.0,0.0,0.0,0.0,0.0,0.0,0.0,0.0,0.0,0.0,0.0,0.0,0.0,0.0,0.0,0.0,0.0,0.0,0.0,0.0,0.0,0.0,0.0,0.0,0.0,0.0,0.0,0.0,0.0,0.0,0.0,0.0,0.0,0.0,0.0,0.0,0.0,0.0,0.0,0.0,0.0,0.0,0.0,0.0,0.0,0.0,0.0,0.0,0.0,0.0,0.0,0.0,0.0,0.0,0.0,0.0,0.0,0.0,0.0,0.0,0.0,0.0,0.0,0.0,0.0,0.0,0.0,0.0,0.0,0.0,0.0,0.0,0.0,0.0,0.0,0.0,0.0,0.0,0.0,0.0,0.0,0.0,0.0,0.0,0.0,0.0,0.0,0.0,0.0,0.0,0.0,0.0,0.0,0.0,0.0,0.0,0.0,0.0,0.0,0.0,0.0,0.0,0.0,0.0,0.0,0.0,0.0,0.0
0.0,0.0,0.0,0.0,0.0,0.0,0.0,0.0,0.0,0.0,0.0,0.0,0.0,0.0,0.0,0.0,0.0,0.0,0.0,0.0,0.0,0.0,0.0,0.0,0.0,0.0,0.0,0.0,0.0,0.0,0.0,0.0,0.0,0.0,0.0,0.0,0.0,0.0,0.0,0.0,0.0,0.0,0.0,0.0,0.0,0.0,0.0,0.0,0.0,0.0,0.0,0.0,0.0,0.0,0.0,0.0,0.0,0.0,0.0,0.0,0.0,0.0,0.0,0.0,0.0,0.0,0.0,0.0,0.0,0.0,0.0,0.0,0.0,0.0,0.0,0.0,0.0,0.0,0.0,0.0,0.0,0.0,0.0,0.0,0.0,0.0,0.0,0.0,0.0,0.0,0.0,0.0,0.0,0.0,0.0,0.0,0.0,0.0,0.0,0.0,0.0,0.0,0.0,0.0,0.0,0.0,0.0,0.0,0.0,0.0,0.0,0.0,0.0,0.0,0.0,0.0,0.0,0.0,0.0,0.0,0.0,0.0,0.0,0.0,0.0,0.0,0.0,0.0,0.0,0.0,0.0,0.0,0.0,0.0,0.0,0.0,0.0,0.0,0.0,0.0,0.0,0.0,0.0,0.0,0.0,0.0,0.0,0.0,0.0,0.0,0.0,0.0,0.0,0.0,0.0,0.0,0.0,0.0,0.0,0.0,0.0,0.0,0.0,0.0,0.0,0.0,0.0,0.0
0.0,0.0,0.0,0.0,0.0,0.0,0.0,0.0,0.0,0.0,0.0,0.0,0.0,0.0,0.0,0.0,0.0,0.0,0.0,0.0,0.0,0.0,0.0,0.0,0.0,0.0,0.0,0.0,0.0,0.0,0.0,0.0,0.0,0.0,0.0,0.0,0.0,0.0,0.0,0.0,0.0,0.0,0.0,0.0,0.0,0.0,0.0,0.0,0.0,0.0,0.0,0.0,0.0,0.0,0.0,0.0,0.0,0.0,0.0,0.0,0.0,0.0,0.0,0.0,0.0,0.0,0.0,0.0,0.0,0.0,0.0,0.0,0.0,0.0,0.0,0.0,0.0,0.0,0.0,0.0,0.0,0.0,0.0,0.0,0.0,0.0,0.0,0.0,0.0,0.0,0.0,0.0,0.0,0.0,0.0,0.0,0.0,0.0,0.0,0.0,0.0,0.0,0.0,0.0,0.0,0.0,0.0,0.0,0.0,0.0,0.0,0.0,0.0,0.0,0.0,0.0,0.0,0.0,0.0,0.0,0.0,0.0,0.0,0.0,0.0,0.0,0.0,0.0,0.0,0.0,0.0,0.0,0.0,0.0,0.0,0.0,0.0,0.0,0.0,0.0,0.0,0.0,0.0,0.0,0.0,0.0,0.0,0.0,0.0,0.0,0.0,0.0,0.0,0.0,0.0,0.0,0.0,0.0,0.0,0.0,0.0,0.0,0.0,0.0,0.0,0.0,0.0,0.0
0.0,0.0,0.0,0.0,0.0,0.0,0.0,0.0,0.0,0.0,0.0,0.0,0.0,0.0,0.0,0.0,0.0,0.0,0.0,0.0,0.0,0.0,0.0,0.0,0.0,0.0,0.0,0.0,0.0,0.0,0.0,0.0,0.0,0.0,0.0,0.0,0.0,0.0,0.0,0.0,0.0,0.0,0.0,0.0,0.0,0.0,0.0,0.0,0.0,0.0,0.0,0.0,0.0,0.0,0.0,0.0,0.0,0.0,0.0,0.0,0.0,0.0,0.0,0.0,0.0,0.0,0.0,0.0,0.0,0.0,0.0,0.0,0.0,0.0,0.0,0.0,0.0,0.0,0.0,0.0,0.0,0.0,0.0,0.0,0.0,0.0,0.0,0.0,0.0,0.0,0.0,0.0,0.0,0.0,0.0,0.0,0.0,0.0,0.0,0.0,0.0,0.0,0.0,0.0,0.0,0.0,0.0,0.0,0.0,0.0,0.0,0.0,0.0,0.0,0.0,0.0,0.0,0.0,0.0,0.0,0.0,0.0,0.0,0.0,0.0,0.0,0.0,0.0,0.0,0.0,0.0,0.0,0.0,0.0,0.0,0.0,0.0,0.0,0.0,0.0,0.0,0.0,0.0,0.0,0.0,0.0,0.0,0.0,0.0,0.0,0.0,0.0,0.0,0.0,0.0,0.0,0.0,0.0,0.0,0.0,0.0,0.0,0.0,0.0,0.0,0.0,0.0,0.0
0.0,0.0,0.0,0.0,0.0,0.0,0.0,0.0,0.0,0.0,0.0,0.0,0.0,0.0,0.0,0.0,0.0,0.0,0.0,0.0,0.0,0.0,0.0,0.0,0.0,0.0,0.0,0.0,0.0,0.0,0.0,0.0,0.0,0.0,0.0,0.0,0.0,0.0,0.0,0.0,0.0,0.0,0.0,0.0,0.0,0.0,0.0,0.0,0.0,0.0,0.0,0.0,0.0,0.0,0.0,0.0,0.0,0.0,0.0,0.0,0.0,0.0,0.0,0.0,0.0,0.0,0.0,0.0,0.0,0.0,0.0,0.0,0.0,0.0,0.0,0.0,0.0,0.0,0.0,0.0,0.0,0.0,0.0,0.0,0.0,0.0,0.0,0.0,0.0,0.0,0.0,0.0,0.0,0.0,0.0,0.0,0.0,0.0,0.0,0.0,0.0,0.0,0.0,0.0,0.0,0.0,0.0,0.0,0.0,0.0,0.0,0.0,0.0,0.0,0.0,0.0,0.0,0.0,0.0,0.0,0.0,0.0,0.0,0.0,0.0,0.0,0.0,0.0,0.0,0.0,0.0,0.0,0.0,0.0,0.0,0.0,0.0,0.0,0.0,0.0,0.0,0.0,0.0,0.0,0.0,0.0,0.0,0.0,0.0,0.0,0.0,0.0,0.0,0.0,0.0,0.0,0.0,0.0,0.0,0.0,0.0,0.0,0.0,0.0,0.0,0.0,0.0,0.0
0.0,0.0,0.0,0.0,0.0,0.0,0.0,0.0,0.0,0.0,0.0,0.0,0.0,0.0,0.0,0.0,0.0,0.0,0.0,0.0,0.0,0.0,0.0,0.0,0.0,0.0,0.0,0.0,0.0,0.0,0.0,0.0,0.0,0.0,0.0,0.0,0.0,0.0,0.0,0.0,0.0,0.0,0.0,0.0,0.0,0.0,0.0,0.0,0.0,0.0,0.0,0.0,0.0,0.0,0.0,0.0,0.0,0.0,0.0,0.0,0.0,0.0,0.0,0.0,0.0,0.0,0.0,0.0,0.0,0.0,0.0,0.0,0.0,0.0,0.0,0.0,0.0,0.0,0.0,0.0,0.0,0.0,0.0,0.0,0.0,0.0,0.0,0.0,0.0,0.0,0.0,0.0,0.0,0.0,0.0,0.0,0.0,0.0,0.0,0.0,0.0,0.0,0.0,0.0,0.0,0.0,0.0,0.0,0.0,0.0,0.0,0.0,0.0,0.0,0.0,0.0,0.0,0.0,0.0,0.0,0.0,0.0,0.0,0.0,0.0,0.0,0.0,0.0,0.0,0.0,0.0,0.0,0.0,0.0,0.0,0.0,0.0,0.0,0.0,0.0,0.0,0.0,0.0,0.0,0.0,0.0,0.0,0.0,0.0,0.0,0.0,0.0,0.0,0.0,0.0,0.0,0.0,0.0,0.0,0.0,0.0,0.0,0.0,0.0,0.0,0.0,0.0,0.0
0.0,0.0,0.0,0.0,0.0,0.0,0.0,0.0,0.0,0.0,0.0,0.0,0.0,0.0,0.0,0.0,0.0,0.0,0.0,0.0,0.0,0.0,0.0,0.0,0.0,0.0,0.0,0.0,0.0,0.0,0.0,0.0,0.0,0.0,0.0,0.0,0.0,0.0,0.0,0.0,0.0,0.0,0.0,0.0,0.0,0.0,0.0,0.0,0.0,0.0,0.0,0.0,0.0,0.0,0.0,0.0,0.0,0.0,0.0,0.0,0.0,0.0,0.0,0.0,0.0,0.0,0.0,0.0,0.0,0.0,0.0,0.0,0.0,0.0,0.0,0.0,0.0,0.0,0.0,0.0,0.0,0.0,0.0,0.0,0.0,0.0,0.0,0.0,0.0,0.0,0.0,0.0,0.0,0.0,0.0,0.0,0.0,0.0,0.0,0.0,0.0,0.0,0.0,0.0,0.0,0.0,0.0,0.0,0.0,0.0,0.0,0.0,0.0,0.0,0.0,0.0,0.0,0.0,0.0,0.0,0.0,0.0,0.0,0.0,0.0,0.0,0.0,0.0,0.0,0.0,0.0,0.0,0.0,0.0,0.0,0.0,0.0,0.0,0.0,0.0,0.0,0.0,0.0,0.0,0.0,0.0,0.0,0.0,0.0,0.0,0.0,0.0,0.0,0.0,0.0,0.0,0.0,0.0,0.0,0.0,0.0,0.0,0.0,0.0,0.0,0.0,0.0,0.0
0.0,0.0,0.0,0.0,0.0,0.0,0.0,0.0,0.0,0.0,0.0,0.0,0.0,0.0,0.0,0.0,0.0,0.0,0.0,0.0,0.0,0.0,0.0,0.0,0.0,0.0,0.0,0.0,0.0,0.0,0.0,0.0,0.0,0.0,0.0,0.0,0.0,0.0,0.0,0.0,0.0,0.0,0.0,0.0,0.0,0.0,0.0,0.0,0.0,0.0,0.0,0.0,0.0,0.0,0.0,0.0,0.0,0.0,0.0,0.0,0.0,0.0,0.0,0.0,0.0,0.0,0.0,0.0,0.0,0.0,0.0,0.0,0.0,0.0,0.0,0.0,0.0,0.0,0.0,0.0,0.0,0.0,0.0,0.0,0.0,0.0,0.0,0.0,0.0,0.0,0.0,0.0,0.0,0.0,0.0,0.0,0.0,0.0,0.0,0.0,0.0,0.0,0.0,0.0,0.0,0.0,0.0,0.0,0.0,0.0,0.0,0.0,0.0,0.0,0.0,0.0,0.0,0.0,0.0,0.0,0.0,0.0,0.0,0.0,0.0,0.0,0.0,0.0,0.0,0.0,0.0,0.0,0.0,0.0,0.0,0.0,0.0,0.0,0.0,0.0,0.0,0.0,0.0,0.0,0.0,0.0,0.0,0.0,0.0,0.0,0.0,0.0,0.0,0.0,0.0,0.0,0.0,0.0,0.0,0.0,0.0,0.0,0.0,0.0,0.0,0.0,0.0,0.0
0.0,0.0,0.0,0.0,0.0,0.0,0.0,0.0,0.0,0.0,0.0,0.0,0.0,0.0,0.0,0.0,0.0,0.0,0.0,0.0,0.0,0.0,0.0,0.0,0.0,0.0,0.0,0.0,0.0,0.0,0.0,0.0,0.0,0.0,0.0,0.0,0.0,0.0,0.0,0.0,0.0,0.0,0.0,0.0,0.0,0.0,0.0,0.0,0.0,0.0,0.0,0.0,0.0,0.0,0.0,0.0,0.0,0.0,0.0,0.0,0.0,0.0,0.0,0.0,0.0,0.0,0.0,0.0,0.0,0.0,0.0,0.0,0.0,0.0,0.0,0.0,0.0,0.0,0.0,0.0,0.0,0.0,0.0,0.0,0.0,0.0,0.0,0.0,0.0,0.0,0.0,0.0,0.0,0.0,0.0,0.0,0.0,0.0,0.0,0.0,0.0,0.0,0.0,0.0,0.0,0.0,0.0,0.0,0.0,0.0,0.0,0.0,0.0,0.0,0.0,0.0,0.0,0.0,0.0,0.0,0.0,0.0,0.0,0.0,0.0,0.0,0.0,0.0,0.0,0.0,0.0,0.0,0.0,0.0,0.0,0.0,0.0,0.0,0.0,0.0,0.0,0.0,0.0,0.0,0.0,0.0,0.0,0.0,0.0,0.0,0.0,0.0,0.0,0.0,0.0,0.0,0.0,0.0,0.0,0.0,0.0,0.0,0.0,0.0,0.0,0.0,0.0,0.0
0.0,0.0,0.0,0.0,0.0,0.0,0.0,0.0,0.0,0.0,0.0,0.0,0.0,0.0,0.0,0.0,0.0,0.0,0.0,0.0,0.0,0.0,0.0,0.0,0.0,0.0,0.0,0.0,0.0,0.0,0.0,0.0,0.0,0.0,0.0,0.0,0.0,0.0,0.0,0.0,0.0,0.0,0.0,0.0,0.0,0.0,0.0,0.0,0.0,0.0,0.0,0.0,0.0,0.0,0.0,0.0,0.0,0.0,0.0,0.0,0.0,0.0,0.0,0.0,0.0,0.0,0.0,0.0,0.0,0.0,0.0,0.0,0.0,0.0,0.0,0.0,0.0,0.0,0.0,0.0,0.0,0.0,0.0,0.0,0.0,0.0,0.0,0.0,0.0,0.0,0.0,0.0,0.0,0.0,0.0,0.0,0.0,0.0,0.0,0.0,0.0,0.0,0.0,0.0,0.0,0.0,0.0,0.0,0.0,0.0,0.0,0.0,0.0,0.0,0.0,0.0,0.0,0.0,0.0,0.0,0.0,0.0,0.0,0.0,0.0,0.0,0.0,0.0,0.0,0.0,0.0,0.0,0.0,0.0,0.0,0.0,0.0,0.0,0.0,0.0,0.0,0.0,0.0,0.0,0.0,0.0,0.0,0.0,0.0,0.0,0.0,0.0,0.0,0.0,0.0,0.0,0.0,0.0,0.0,0.0,0.0,0.0,0.0,0.0,0.0,0.0,0.0,0.0
0.0,0.0,0.0,0.0,0.0,0.0,0.0,0.0,0.0,0.0,0.0,0.0,0.0,0.0,0.0,0.0,0.0,0.0,0.0,0.0,0.0,0.0,0.0,0.0,0.0,0.0,0.0,0.0,0.0,0.0,0.0,0.0,0.0,0.0,0.0,0.0,0.0,0.0,0.0,0.0,0.0,0.0,0.0,0.0,0.0,0.0,0.0,0.0,0.0,0.0,0.0,0.0,0.0,0.0,0.0,0.0,0.0,0.0,0.0,0.0,0.0,0.0,0.0,0.0,0.0,0.0,0.0,0.0,0.0,0.0,0.0,0.0,0.0,0.0,0.0,0.0,0.0,0.0,0.0,0.0,0.0,0.0,0.0,0.0,0.0,0.0,0.0,0.0,0.0,0.0,0.0,0.0,0.0,0.0,0.0,0.0,0.0,0.0,0.0,0.0,0.0,0.0,0.0,0.0,0.0,0.0,0.0,0.0,0.0,0.0,0.0,0.0,0.0,0.0,0.0,0.0,0.0,0.0,0.0,0.0,0.0,0.0,0.0,0.0,0.0,0.0,0.0,0.0,0.0,0.0,0.0,0.0,0.0,0.0,0.0,0.0,0.0,0.0,0.0,0.0,0.0,0.0,0.0,0.0,0.0,0.0,0.0,0.0,0.0,0.0,0.0,0.0,0.0,0.0,0.0,0.0,0.0,0.0,0.0,0.0,0.0,0.0,0.0,0.0,0.0,0.0,0.0,0.0
0.0,0.0,0.0,0.0,0.0,0.0,0.0,0.0,0.0,0.0,0.0,0.0,0.0,0.0,0.0,0.0,0.0,0.0,0.0,0.0,0.0,0.0,0.0,0.0,0.0,0.0,0.0,0.0,0.0,0.0,0.0,0.0,0.0,0.0,0.0,0.0,0.0,0.0,0.0,0.0,0.0,0.0,0.0,0.0,0.0,0.0,0.0,0.0,0.0,0.0,0.0,0.0,0.0,0.0,0.0,0.0,0.0,0.0,0.0,0.0,0.0,0.0,0.0,0.0,0.0,0.0,0.0,0.0,0.0,0.0,0.0,0.0,0.0,0.0,0.0,0.0,0.0,0.0,0.0,0.0,0.0,0.0,0.0,0.0,0.0,0.0,0.0,0.0,0.0,0.0,0.0,0.0,0.0,0.0,0.0,0.0,0.0,0.0,0.0,0.0,0.0,0.0,0.0,0.0,0.0,0.0,0.0,0.0,0.0,0.0,0.0,0.0,0.0,0.0,0.0,0.0,0.0,0.0,0.0,0.0,0.0,0.0,0.0,0.0,0.0,0.0,0.0,0.0,0.0,0.0,0.0,0.0,0.0,0.0,0.0,0.0,0.0,0.0,0.0,0.0,0.0,0.0,0.0,0.0,0.0,0.0,0.0,0.0,0.0,0.0,0.0,0.0,0.0,0.0,0.0,0.0,0.0,0.0,0.0,0.0,0.0,0.0,0.0,0.0,0.0,0.0,0.0,0.0
0.0,0.0,0.0,0.0,0.0,0.0,0.0,0.0,0.0,0.0,0.0,0.0,0.0,0.0,0.0,0.0,0.0,0.0,0.0,0.0,0.0,0.0,0.0,0.0,0.0,0.0,0.0,0.0,0.0,0.0,0.0,0.0,0.0,0.0,0.0,0.0,0.0,0.0,0.0,0.0,0.0,0.0,0.0,0.0,0.0,0.0,0.0,0.0,0.0,0.0,0.0,0.0,0.0,0.0,0.0,0.0,0.0,0.0,0.0,0.0,0.0,0.0,0.0,0.0,0.0,0.0,0.0,0.0,0.0,0.0,0.0,0.0,0.0,0.0,0.0,0.0,0.0,0.0,0.0,0.0,0.0,0.0,0.0,0.0,0.0,0.0,0.0,0.0,0.0,0.0,0.0,0.0,0.0,0.0,0.0,0.0,0.0,0.0,0.0,0.0,0.0,0.0,0.0,0.0,0.0,0.0,0.0,0.0,0.0,0.0,0.0,0.0,0.0,0.0,0.0,0.0,0.0,0.0,0.0,0.0,0.0,0.0,0.0,0.0,0.0,0.0,0.0,0.0,0.0,0.0,0.0,0.0,0.0,0.0,0.0,0.0,0.0,0.0,0.0,0.0,0.0,0.0,0.0,0.0,0.0,0.0,0.0,0.0,0.0,0.0,0.0,0.0,0.0,0.0,0.0,0.0,0.0,0.0,0.0,0.0,0.0,0.0,0.0,0.0,0.0,0.0,0.0,0.0
0.0,0.0,0.0,0.0,0.0,0.0,0.0,0.0,0.0,0.0,0.0,0.0,0.0,0.0,0.0,0.0,0.0,0.0,0.0,0.0,0.0,0.0,0.0,0.0,0.0,0.0,0.0,0.0,0.0,0.0,0.0,0.0,0.0,0.0,0.0,0.0,0.0,0.0,0.0,0.0,0.0,0.0,0.0,0.0,0.0,0.0,0.0,0.0,0.0,0.0,0.0,0.0,0.0,0.0,0.0,0.0,0.0,0.0,0.0,0.0,0.0,0.0,0.0,0.0,0.0,0.0,0.0,0.0,0.0,0.0,0.0,0.0,0.0,0.0,0.0,0.0,0.0,0.0,0.0,0.0,0.0,0.0,0.0,0.0,0.0,0.0,0.0,0.0,0.0,0.0,0.0,0.0,0.0,0.0,0.0,0.0,0.0,0.0,0.0,0.0,0.0,0.0,0.0,0.0,0.0,0.0,0.0,0.0,0.0,0.0,0.0,0.0,0.0,0.0,0.0,0.0,0.0,0.0,0.0,0.0,0.0,0.0,0.0,0.0,0.0,0.0,0.0,0.0,0.0,0.0,0.0,0.0,0.0,0.0,0.0,0.0,0.0,0.0,0.0,0.0,0.0,0.0,0.0,0.0,0.0,0.0,0.0,0.0,0.0,0.0,0.0,0.0,0.0,0.0,0.0,0.0,0.0,0.0,0.0,0.0,0.0,0.0,0.0,0.0,0.0,0.0,0.0,0.0
0.0,0.0,0.0,0.0,0.0,0.0,0.0,0.0,0.0,0.0,0.0,0.0,0.0,0.0,0.0,0.0,0.0,0.0,0.0,0.0,0.0,0.0,0.0,0.0,0.0,0.0,0.0,0.0,0.0,0.0,0.0,0.0,0.0,0.0,0.0,0.0,0.0,0.0,0.0,0.0,0.0,0.0,0.0,0.0,0.0,0.0,0.0,0.0,0.0,0.0,0.0,0.0,0.0,0.0,0.0,0.0,0.0,0.0,0.0,0.0,0.0,0.0,0.0,0.0,0.0,0.0,0.0,0.0,0.0,0.0,0.0,0.0,0.0,0.0,0.0,0.0,0.0,0.0,0.0,0.0,0.0,0.0,0.0,0.0,0.0,0.0,0.0,0.0,0.0,0.0,0.0,0.0,0.0,0.0,0.0,0.0,0.0,0.0,0.0,0.0,0.0,0.0,0.0,0.0,0.0,0.0,0.0,0.0,0.0,0.0,0.0,0.0,0.0,0.0,0.0,0.0,0.0,0.0,0.0,0.0,0.0,0.0,0.0,0.0,0.0,0.0,0.0,0.0,0.0,0.0,0.0,0.0,0.0,0.0,0.0,0.0,0.0,0.0,0.0,0.0,0.0,0.0,0.0,0.0,0.0,0.0,0.0,0.0,0.0,0.0,0.0,0.0,0.0,0.0,0.0,0.0,0.0,0.0,0.0,0.0,0.0,0.0,0.0,0.0,0.0,0.0,0.0,0.0
0.0,0.0,0.0,0.0,0.0,0.0,0.0,0.0,0.0,0.0,0.0,0.0,0.0,0.0,0.0,0.0,0.0,0.0,0.0,0.0,0.0,0.0,0.0,0.0,0.0,0.0,0.0,0.0,0.0,0.0,0.0,0.0,0.0,0.0,0.0,0.0,0.0,0.0,0.0,0.0,0.0,0.0,0.0,0.0,0.0,0.0,0.0,0.0,0.0,0.0,0.0,0.0,0.0,0.0,0.0,0.0,0.0,0.0,0.0,0.0,0.0,0.0,0.0,0.0,0.0,0.0,0.0,0.0,0.0,0.0,0.0,0.0,0.0,0.0,0.0,0.0,0.0,0.0,0.0,0.0,0.0,0.0,0.0,0.0,0.0,0.0,0.0,0.0,0.0,0.0,0.0,0.0,0.0,0.0,0.0,0.0,0.0,0.0,0.0,0.0,0.0,0.0,0.0,0.0,0.0,0.0,0.0,0.0,0.0,0.0,0.0,0.0,0.0,0.0,0.0,0.0,0.0,0.0,0.0,0.0,0.0,0.0,0.0,0.0,0.0,0.0,0.0,0.0,0.0,0.0,0.0,0.0,0.0,0.0,0.0,0.0,0.0,0.0,0.0,0.0,0.0,0.0,0.0,0.0,0.0,0.0,0.0,0.0,0.0,0.0,0.0,0.0,0.0,0.0,0.0,0.0,0.0,0.0,0.0,0.0,0.0,0.0,0.0,0.0,0.0,0.0,0.0,0.0
0.0,0.0,0.0,0.0,0.0,0.0,0.0,0.0,0.0,0.0,0.0,0.0,0.0,0.0,0.0,0.0,0.0,0.0,0.0,0.0,0.0,0.0,0.0,0.0,0.0,0.0,0.0,0.0,0.0,0.0,0.0,0.0,0.0,0.0,0.0,0.0,0.0,0.0,0.0,0.0,0.0,0.0,0.0,0.0,0.0,0.0,0.0,0.0,0.0,0.0,0.0,0.0,0.0,0.0,0.0,0.0,0.0,0.0,0.0,0.0,0.0,0.0,0.0,0.0,0.0,0.0,0.0,0.0,0.0,0.0,0.0,0.0,0.0,0.0,0.0,0.0,0.0,0.0,0.0,0.0,0.0,0.0,0.0,0.0,0.0,0.0,0.0,0.0,0.0,0.0,0.0,0.0,0.0,0.0,0.0,0.0,0.0,0.0,0.0,0.0,0.0,0.0,0.0,0.0,0.0,0.0,0.0,0.0,0.0,0.0,0.0,0.0,0.0,0.0,0.0,0.0,0.0,0.0,0.0,0.0,0.0,0.0,0.0,0.0,0.0,0.0,0.0,0.0,0.0,0.0,0.0,0.0,0.0,0.0,0.0,0.0,0.0,0.0,0.0,0.0,0.0,0.0,0.0,0.0,0.0,0.0,0.0,0.0,0.0,0.0,0.0,0.0,0.0,0.0,0.0,0.0,0.0,0.0,0.0,0.0,0.0,0.0,0.0,0.0,0.0,0.0,0.0,0.0
0.0,0.0,0.0,0.0,0.0,0.0,0.0,0.0,0.0,0.0,0.0,0.0,0.0,0.0,0.0,0.0,0.0,0.0,0.0,0.0,0.0,0.0,0.0,0.0,0.0,0.0,0.0,0.0,0.0,0.0,0.0,0.0,0.0,0.0,0.0,0.0,0.0,0.0,0.0,0.0,0.0,0.0,0.0,0.0,0.0,0.0,0.0,0.0,0.0,0.0,0.0,0.0,0.0,0.0,0.0,0.0,0.0,0.0,0.0,0.0,0.0,0.0,0.0,0.0,0.0,0.0,0.0,0.0,0.0,0.0,0.0,0.0,0.0,0.0,0.0,0.0,0.0,0.0,0.0,0.0,0.0,0.0,0.0,0.0,0.0,0.0,0.0,0.0,0.0,0.0,0.0,0.0,0.0,0.0,0.0,0.0,0.0,0.0,0.0,0.0,0.0,0.0,0.0,0.0,0.0,0.0,0.0,0.0,0.0,0.0,0.0,0.0,0.0,0.0,0.0,0.0,0.0,0.0,0.0,0.0,0.0,0.0,0.0,0.0,0.0,0.0,0.0,0.0,0.0,0.0,0.0,0.0,0.0,0.0,0.0,0.0,0.0,0.0,0.0,0.0,0.0,0.0,0.0,0.0,0.0,0.0,0.0,0.0,0.0,0.0,0.0,0.0,0.0,0.0,0.0,0.0,0.0,0.0,0.0,0.0,0.0,0.0,0.0,0.0,0.0,0.0,0.0,0.0
0.0,0.0,0.0,0.0,0.0,0.0,0.0,0.0,0.0,0.0,0.0,0.0,0.0,0.0,0.0,0.0,0.0,0.0,0.0,0.0,0.0,0.0,0.0,0.0,0.0,0.0,0.0,0.0,0.0,0.0,0.0,0.0,0.0,0.0,0.0,0.0,0.0,0.0,0.0,0.0,0.0,0.0,0.0,0.0,0.0,0.0,0.0,0.0,0.0,0.0,0.0,0.0,0.0,0.0,0.0,0.0,0.0,0.0,0.0,0.0,0.0,0.0,0.0,0.0,0.0,0.0,0.0,0.0,0.0,0.0,0.0,0.0,0.0,0.0,0.0,0.0,0.0,0.0,0.0,0.0,0.0,0.0,0.0,0.0,0.0,0.0,0.0,0.0,0.0,0.0,0.0,0.0,0.0,0.0,0.0,0.0,0.0,0.0,0.0,0.0,0.0,0.0,0.0,0.0,0.0,0.0,0.0,0.0,0.0,0.0,0.0,0.0,0.0,0.0,0.0,0.0,0.0,0.0,0.0,0.0,0.0,0.0,0.0,0.0,0.0,0.0,0.0,0.0,0.0,0.0,0.0,0.0,0.0,0.0,0.0,0.0,0.0,0.0,0.0,0.0,0.0,0.0,0.0,0.0,0.0,0.0,0.0,0.0,0.0,0.0,0.0,0.0,0.0,0.0,0.0,0.0,0.0,0.0,0.0,0.0,0.0,0.0,0.0,0.0,0.0,0.0,0.0,0.0
0.0,0.0,0.0,0.0,0.0,0.0,0.0,0.0,0.0,0.0,0.0,0.0,0.0,0.0,0.0,0.0,0.0,0.0,0.0,0.0,0.0,0.0,0.0,0.0,0.0,0.0,0.0,0.0,0.0,0.0,0.0,0.0,0.0,0.0,0.0,0.0,0.0,0.0,0.0,0.0,0.0,0.0,0.0,0.0,0.0,0.0,0.0,0.0,0.0,0.0,0.0,0.0,0.0,0.0,0.0,0.0,0.0,0.0,0.0,0.0,0.0,0.0,0.0,0.0,0.0,0.0,0.0,0.0,0.0,0.0,0.0,0.0,0.0,0.0,0.0,0.0,0.0,0.0,0.0,0.0,0.0,0.0,0.0,0.0,0.0,0.0,0.0,0.0,0.0,0.0,0.0,0.0,0.0,0.0,0.0,0.0,0.0,0.0,0.0,0.0,0.0,0.0,0.0,0.0,0.0,0.0,0.0,0.0,0.0,0.0,0.0,0.0,0.0,0.0,0.0,0.0,0.0,0.0,0.0,0.0,0.0,0.0,0.0,0.0,0.0,0.0,0.0,0.0,0.0,0.0,0.0,0.0,0.0,0.0,0.0,0.0,0.0,0.0,0.0,0.0,0.0,0.0,0.0,0.0,0.0,0.0,0.0,0.0,0.0,0.0,0.0,0.0,0.0,0.0,0.0,0.0,0.0,0.0,0.0,0.0,0.0,0.0,0.0,0.0,0.0,0.0,0.0,0.0
1.8394479751586914,2.759171962738037,1.3795859813690186,2.759171962738037,0.9197239875793457,2.069378972053528,2.069378972053528,2.5292409658432007,3.4489649534225464,3.678895950317383,2.759171962738037,2.2993099689483643,2.759171962738037,4.828550934791565,2.2993099689483643,2.759171962738037,2.5292409658432007,3.678895950317383,2.069378972053528,3.21903395652771,2.069378972053528,3.678895950317383,3.4489649534225464,3.678895950317383,5.518343925476074,3.678895950317383,2.069378972053528,3.4489649534225464,1.609516978263855,2.5292409658432007,2.069378972053528,0.9197239875793457,0.6897929906845093,1.1496549844741821,1.1496549844741821,1.3795859813690186,1.609516978263855,0.45986199378967285,1.8394479751586914,0.45986199378967285,1.3795859813690186,1.8394479751586914,1.8394479751586914,1.1496549844741821,0.22993099689483643,1.3795859813690186,1.1496549844741821,1.1496549844741821,1.1496549844741821,0.9197239875793457,1.3795859813690186,1.3795859813690186,1.1496549844741821,0.9197239875793457,0.45986199378967285,1.3795859813690186,1.1496549844741821,1.1496549844741821,1.3795859813690186,0.45986199378967285,0.6897929906845093,0.45986199378967285,0.45986199378967285,0.9197239875793457,1.3795859813690186,0.45986199378967285,0.22993099689483643,1.3795859813690186,0.0,0.45986199378967285,1.609516978263855,0.6897929906845093,0.6897929906845093,1.3795859813690186,0.22993099689483643,0.6897929906845093,1.609516978263855,0.45986199378967285,0.45986199378967285,0.6897929906845093,0.9197239875793457,0.9197239875793457,0.45986199378967285,0.22993099689483643,1.1496549844741821,0.9197239875793457,1.1496549844741821,1.3795859813690186,0.9197239875793457,0.45986199378967285,1.3795859813690186,1.3795859813690186,1.3795859813690186,0.6897929906845093,1.1496549844741821,1.8394479751586914,2.069378972053528,3.678895950317383,1.1496549844741821,0.9197239875793457,1.3795859813690186,1.609516978263855,0.6897929906845093,2.9891029596328735,1.3795859813690186,0.22993099689483643,0.45986199378967285,0.9197239875793457,0.45986199378967285,0.22993099689483643,1.1496549844741821,0.45986199378967285,0.9197239875793457,0.6897929906845093,0.45986199378967285,0.22993099689483643,0.6897929906845093,1.609516978263855,0.0,0.0,1.609516978263855,2.9891029596328735,0.6897929906845093,0.9197239875793457,0.45986199378967285,3.4489649534225464,2.5292409658432007,0.45986199378967285,1.609516978263855,0.9197239875793457,1.3795859813690186,1.609516978263855,1.1496549844741821,5.748274922370911,3.9088269472122192,1.3795859813690186,0.9197239875793457,1.3795859813690186,3.21903395652771,4.828550934791565,5.518343925476074,5.978205919265747,4.368688941001892,6.897929906845093,5.978205919265747,5.058481931686401,6.2081369161605835,8.737377882003784,6.897929906845093,7.127860903739929,8.047584891319275,6.897929906845093,5.058481931686401,7.357791900634766,4.828550934791565,10.806756854057312,5.288412928581238,8.047584891319275,6.897929906845093,9.197239875793457,8.737377882003784,4.138757944107056,3.4489649534225464,3.9088269472122192,5.978205919265747,2.5292409658432007,3.4489649534225464,2.759171962738037
2.9891029596328735,3.678895950317383,2.9891029596328735,6.667998909950256,2.069378972053528,4.5986199378967285,5.058481931686401,3.21903395652771,7.357791900634766,7.357791900634766,6.43806791305542,7.8176538944244385,10.806756854057312,5.978205919265747,3.9088269472122192,7.357791900634766,3.9088269472122192,6.2081369161605835,5.288412928581238,5.978205919265747,6.667998909950256,7.587722897529602,5.288412928581238,8.277515888214111,5.288412928581238,5.978205919265747,8.047584891319275,4.5986199378967285,5.058481931686401,5.288412928581238,4.138757944107056,3.9088269472122192,5.288412928581238,5.748274922370911,2.5292409658432007,5.058481931686401,4.138757944107056,5.058481931686401,3.678895950317383,3.4489649534225464,4.5986199378967285,3.9088269472122192,3.21903395652771,5.058481931686401,4.138757944107056,4.368688941001892,3.21903395652771,4.138757944107056,3.678895950317383,2.759171962738037,4.5986199378967285,1.609516978263855,2.759171962738037,3.678895950317383,3.9088269472122192,1.8394479751586914,2.069378972053528,1.1496549844741821,2.2993099689483643,1.8394479751586914,0.9197239875793457,1.8394479751586914,2.069378972053528,0.9197239875793457,2.2993099689483643,1.8394479751586914,2.759171962738037,0.6897929906845093,2.069378972053528,0.9197239875793457,2.2993099689483643,3.4489649534225464,4.368688941001892,3.4489649534225464,2.759171962738037,6.667998909950256,3.678895950317383,2.5292409658432007,1.1496549844741821,1.1496549844741821,2.9891029596328735,2.2993099689483643,2.2993099689483643,2.069378972053528,2.5292409658432007,3.21903395652771,1.8394479751586914,0.9197239875793457,3.4489649534225464,2.759171962738037,1.3795859813690186,3.678895950317383,3.21903395652771,3.4489649534225464,4.368688941001892,3.678895950317383,2.9891029596328735,6.897929906845093,4.368688941001892,2.759171962738037,1.8394479751586914,2.5292409658432007,2.5292409658432007,2.759171962738037,4.138757944107056,1.1496549844741821,2.2993099689483643,2.069378972053528,1.609516978263855,0.45986199378967285,0.9197239875793457,1.1496549844741821,3.678895950317383,2.759171962738037,2.069378972053528,1.8394479751586914,1.1496549844741821,0.9197239875793457,1.1496549844741821,1.609516978263855,2.2993099689483643,2.759171962738037,3.21903395652771,3.4489649534225464,3.9088269472122192,1.3795859813690186,0.6897929906845093,3.21903395652771,3.4489649534225464,1.8394479751586914,3.9088269472122192,3.21903395652771,1.1496549844741821,3.4489649534225464,5.288412928581238,1.609516978263855,2.759171962738037,6.43806791305542,3.21903395652771,4.828550934791565,6.667998909950256,8.507446885108948,6.43806791305542,5.058481931686401,5.978205919265747,6.2081369161605835,7.357791900634766,5.978205919265747,5.518343925476074,9.427170872688293,8.737377882003784,6.43806791305542,8.277515888214111,7.357791900634766,4.828550934791565,10.116963863372803,8.277515888214111,8.277515888214111,5.748274922370911,5.978205919265747,5.978205919265747,4.5986199378967285,6.2081369161605835,3.4489649534225464,3.4489649534225464,4.138757944107056,4.138757944107056,4.138757944107056
0.6897929906845093,0.9197239875793457,1.3795859813690186,3.4489649534225464,2.2993099689483643,2.5292409658432007,4.138757944107056,1.609516978263855,3.9088269472122192,3.678895950317383,3.21903395652771,3.4489649534225464,3.678895950317383,3.4489649534225464,4.138757944107056,2.069378972053528,1.1496549844741821,3.678895950317383,1.8394479751586914,2.069378972053528,2.759171962738037,2.5292409658432007,2.5292409658432007,2.069378972053528,3.678895950317383,1.8394479751586914,2.9891029596328735,1.8394479751586914,0.6897929906845093,1.1496549844741821,2.9891029596328735,1.8394479751586914,0.6897929906845093,1.609516978263855,1.3795859813690186,1.1496549844741821,1.1496549844741821,0.6897929906845093,0.9197239875793457,0.6897929906845093,0.9197239875793457,1.3795859813690186,0.9197239875793457,0.45986199378967285,0.22993099689483643,0.6897929906845093,0.45986199378967285,1.8394479751586914,0.45986199378967285,0.22993099689483643,0.45986199378967285,0.22993099689483643,0.22993099689483643,2.2993099689483643,1.8394479751586914,0.9197239875793457,0.6897929906845093,0.22993099689483643,0.45986199378967285,0.9197239875793457,0.9197239875793457,1.1496549844741821,1.3795859813690186,0.45986199378967285,0.9197239875793457,1.609516978263855,0.9197239875793457,0.6897929906845093,2.9891029596328735,0.6897929906845093,0.6897929906845093,2.069378972053528,1.609516978263855,1.8394479751586914,2.2993099689483643,3.4489649534225464,1.8394479751586914,0.6897929906845093,0.0,2.759171962738037,1.609516978263855,0.6897929906845093,0.6897929906845093,0.6897929906845093,1.3795859813690186,1.3795859813690186,0.45986199378967285,0.22993099689483643,1.609516978263855,1.1496549844741821,0.45986199378967285,0.22993099689483643,0.22993099689483643,1.609516978263855,1.1496549844741821,1.3795859813690186,0.9197239875793457,0.6897929906845093,0.6897929906845093,1.8394479751586914,1.3795859813690186,1.1496549844741821,0.45986199378967285,0.6897929906845093,0.22993099689483643,0.22993099689483643,0.0,1.3795859813690186,0.45986199378967285,0.22993099689483643,0.0,0.0,2.2993099689483643,0.9197239875793457,0.9197239875793457,0.22993099689483643,0.9197239875793457,0.9197239875793457,0.6897929906845093,1.3795859813690186,1.609516978263855,0.22993099689483643,0.0,0.9197239875793457,0.9197239875793457,1.3795859813690186,1.3795859813690186,0.6897929906845093,0.0,0.22993099689483643,0.45986199378967285,0.9197239875793457,0.45986199378967285,0.0,0.9197239875793457,0.45986199378967285,0.6897929906845093,0.22993099689483643,0.45986199378967285,0.22993099689483643,0.6897929906845093,0.22993099689483643,0.9197239875793457,2.069378972053528,0.45986199378967285,0.6897929906845093,0.45986199378967285,0.45986199378967285,1.3795859813690186,0.6897929906845093,1.1496549844741821,0.0,0.22993099689483643,0.6897929906845093,0.6897929906845093,0.6897929906845093,0.22993099689483643,0.45986199378967285,0.0,0.22993099689483643,0.0,0.22993099689483643,0.22993099689483643,0.22993099689483643,0.0,0.22993099689483643,0.0,0.0
0.22993099689483643,0.6897929906845093,0.22993099689483643,0.9197239875793457,0.45986199378967285,1.1496549844741821,0.6897929906845093,1.8394479751586914,2.069378972053528,1.1496549844741821,1.1496549844741821,1.609516978263855,2.5292409658432007,3.9088269472122192,0.6897929906845093,1.3795859813690186,1.8394479751586914,2.069378972053528,0.6897929906845093,1.3795859813690186,0.9197239875793457,1.3795859813690186,1.1496549844741821,1.1496549844741821,1.1496549844741821,2.069378972053528,1.609516978263855,1.3795859813690186,0.9197239875793457,1.1496549844741821,1.3795859813690186,1.3795859813690186,0.9197239875793457,0.45986199378967285,0.22993099689483643,0.6897929906845093,2.069378972053528,1.3795859813690186,0.45986199378967285,0.22993099689483643,0.9197239875793457,0.6897929906845093,0.6897929906845093,1.8394479751586914,1.1496549844741821,0.22993099689483643,0.45986199378967285,0.6897929906845093,0.45986199378967285,1.609516978263855,0.22993099689483643,1.1496549844741821,0.6897929906845093,0.0,0.45986199378967285,0.22993099689483643,0.45986199378967285,0.45986199378967285,0.22993099689483643,0.45986199378967285,0.0,0.22993099689483643,0.22993099689483643,0.45986199378967285,0.6897929906845093,0.9197239875793457,0.22993099689483643,0.45986199378967285,0.6897929906845093,0.0,0.6897929906845093,1.3795859813690186,0.22993099689483643,0.6897929906845093,2.2993099689483643,0.6897929906845093,1.3795859813690186,0.9197239875793457,0.9197239875793457,2.2993099689483643,1.1496549844741821,1.609516978263855,0.45986199378967285,1.8394479751586914,2.069378972053528,2.2993099689483643,1.609516978263855,1.3795859813690186,0.9197239875793457,1.609516978263855,4.138757944107056,1.8394479751586914,4.368688941001892,2.759171962738037,2.759171962738037,2.5292409658432007,4.138757944107056,2.9891029596328735,2.9891029596328735,3.4489649534225464,5.518343925476074,1.1496549844741821,3.4489649534225464,4.368688941001892,2.9891029596328735,1.1496549844741821,0.45986199378967285,1.3795859813690186,2.759171962738037,1.609516978263855,0.9197239875793457,0.45986199378967285,1.609516978263855,2.069378972053528,1.3795859813690186,1.609516978263855,1.609516978263855,1.3795859813690186,3.678895950317383,1.3795859813690186,1.609516978263855,0.45986199378967285,4.138757944107056,5.518343925476074,1.3795859813690186,2.2993099689483643,2.2993099689483643,2.069378972053528,0.22993099689483643,2.5292409658432007,5.288412928581238,6.43806791305542,2.759171962738037,2.759171962738037,2.2993099689483643,3.21903395652771,5.748274922370911,5.058481931686401,6.43806791305542,3.4489649534225464,9.197239875793457,5.978205919265747,8.96730887889862,9.887032866477966,7.127860903739929,12.18634283542633,14.255721807479858,9.197239875793457,9.887032866477966,11.726480841636658,11.036687850952148,20.923720717430115,13.795859813690186,13.106066823005676,12.416273832321167,11.726480841636658,16.325100779533386,17.014893770217896,16.555031776428223,13.795859813690186,16.325100779533386,5.288412928581238,6.43806791305542,8.737377882003784,10.576825857162476,9.427170872688293,9.887032866477966,6.2081369161605835
5.058481931686401,5.288412928581238,4.368688941001892,4.138757944107056,5.978205919265747,5.978205919265747,9.427170872688293,9.887032866477966,5.978205919265747,6.43806791305542,7.587722897529602,9.427170872688293,13.106066823005676,11.496549844741821,4.828550934791565,5.288412928581238,5.748274922370911,5.518343925476074,5.058481931686401,5.058481931686401,4.828550934791565,8.96730887889862,9.887032866477966,4.5986199378967285,5.518343925476074,5.748274922370911,3.9088269472122192,5.978205919265747,5.058481931686401,5.518343925476074,4.5986199378967285,4.138757944107056,3.4489649534225464,2.5292409658432007,2.5292409658432007,4.5986199378967285,2.9891029596328735,3.21903395652771,2.5292409658432007,1.609516978263855,3.21903395652771,2.069378972053528,2.069378972053528,2.069378972053528,2.5292409658432007,2.069378972053528,3.4489649534225464,3.9088269472122192,2.5292409658432007,1.609516978263855,1.8394479751586914,1.609516978263855,2.9891029596328735,1.8394479751586914,1.8394479751586914,1.609516978263855,0.6897929906845093,0.6897929906845093,0.6897929906845093,2.069378972053528,0.6897929906845093,1.3795859813690186,0.45986199378967285,2.5292409658432007,3.21903395652771,1.609516978263855,2.069378972053528,1.3795859813690186,2.759171962738037,3.21903395652771,1.609516978263855,4.368688941001892,2.2993099689483643,1.8394479751586914,2.2993099689483643,5.288412928581238,2.069378972053528,0.22993099689483643,2.9891029596328735,2.069378972053528,2.069378972053528,0.6897929906845093,1.1496549844741821,1.3795859813690186,3.21903395652771,1.3795859813690186,4.368688941001892,2.5292409658432007,0.9197239875793457,2.5292409658432007,1.1496549844741821,3.9088269472122192,2.9891029596328735,2.759171962738037,3.678895950317383,2.069378972053528,1.8394479751586914,2.759171962738037,3.678895950317383,1.609516978263855,1.609516978263855,3.4489649534225464,2.759171962738037,3.21903395652771,1.1496549844741821,0.9197239875793457,1.609516978263855,1.3795859813690186,1.1496549844741821,0.22993099689483643,0.6897929906845093,0.6897929906845093,2.759171962738037,0.45986199378967285,0.9197239875793457,1.1496549844741821,1.1496549844741821,0.9197239875793457,2.9891029596328735,2.9891029596328735,1.609516978263855,0.45986199378967285,0.9197239875793457,2.5292409658432007,3.21903395652771,2.069378972053528,1.1496549844741821,0.6897929906845093,1.609516978263855,0.6897929906845093,1.3795859813690186,2.759171962738037,1.609516978263855,1.8394479751586914,2.069378972053528,0.0,1.3795859813690186,1.3795859813690186,3.21903395652771,2.2993099689483643,4.368688941001892,3.4489649534225464,1.8394479751586914,1.3795859813690186,1.8394479751586914,5.748274922370911,4.828550934791565,3.678895950317383,2.2993099689483643,1.3795859813690186,1.8394479751586914,5.518343925476074,1.8394479751586914,2.9891029596328735,6.2081369161605835,3.4489649534225464,2.069378972053528,3.678895950317383,3.4489649534225464,5.058481931686401,3.9088269472122192,2.5292409658432007,4.138757944107056,2.759171962738037,2.069378972053528,2.5292409658432007,3.9088269472122192,3.21903395652771
2.9891029596328735,2.069378972053528,4.138757944107056,3.4489649534225464,4.368688941001892,3.21903395652771,4.5986199378967285,4.368688941001892,3.9088269472122192,4.138757944107056,6.43806791305542,5.058481931686401,5.748274922370911,8.047584891319275,3.9088269472122192,3.9088269472122192,1.1496549844741821,4.5986199378967285,3.9088269472122192,3.678895950317383,2.069378972053528,4.368688941001892,2.9891029596328735,2.5292409658432007,2.9891029596328735,3.4489649534225464,5.288412928581238,4.368688941001892,0.9197239875793457,2.069378972053528,3.21903395652771,2.2993099689483643,0.6897929906845093,2.2993099689483643,2.2993099689483643,2.5292409658432007,1.3795859813690186,0.45986199378967285,2.069378972053528,1.609516978263855,2.9891029596328735,1.3795859813690186,1.3795859813690186,2.069378972053528,1.609516978263855,1.3795859813690186,2.069378972053528,1.8394479751586914,2.9891029596328735,1.1496549844741821,2.5292409658432007,2.2993099689483643,1.1496549844741821,1.609516978263855,0.9197239875793457,0.9197239875793457,0.45986199378967285,0.9197239875793457,2.069378972053528,1.1496549844741821,0.45986199378967285,0.6897929906845093,0.6897929906845093,1.1496549844741821,2.069378972053528,1.8394479751586914,0.45986199378967285,1.609516978263855,2.069378972053528,2.2993099689483643,1.8394479751586914,1.1496549844741821,4.138757944107056,2.5292409658432007,2.2993099689483643,3.9088269472122192,3.4489649534225464,2.759171962738037,3.21903395652771,2.069378972053528,2.2993099689483643,2.5292409658432007,1.8394479751586914,2.759171962738037,3.4489649534225464,2.9891029596328735,2.9891029596328735,1.3795859813690186,2.5292409658432007,3.678895950317383,2.9891029596328735,2.2993099689483643,1.8394479751586914,2.069378972053528,1.8394479751586914,4.368688941001892,3.9088269472122192,2.2993099689483643,1.3795859813690186,0.9197239875793457,1.3795859813690186,4.5986199378967285,2.759171962738037,2.069378972053528,3.678895950317383,0.45986199378967285,1.1496549844741821,0.6897929906845093,2.2993099689483643,0.6897929906845093,0.9197239875793457,0.45986199378967285,1.3795859813690186,2.5292409658432007,1.609516978263855,1.609516978263855,1.3795859813690186,1.609516978263855,2.069378972053528,2.069378972053528,1.3795859813690186,3.21903395652771,4.5986199378967285,3.21903395652771,0.9197239875793457,1.3795859813690186,1.8394479751586914,3.9088269472122192,0.9197239875793457,3.21903395652771,2.2993099689483643,2.759171962738037,0.9197239875793457,1.609516978263855,3.678895950317383,5.518343925476074,0.9197239875793457,2.069378972053528,3.21903395652771,7.587722897529602,6.2081369161605835,5.748274922370911,3.4489649534225464,11.036687850952148,6.43806791305542,6.43806791305542,7.8176538944244385,3.9088269472122192,8.737377882003784,5.748274922370911,8.047584891319275,12.646204829216003,6.897929906845093,8.277515888214111,4.5986199378967285,7.8176538944244385,8.277515888214111,9.887032866477966,10.34689486026764,8.737377882003784,7.8176538944244385,2.9891029596328735,8.047584891319275,4.138757944107056,6.2081369161605835,5.978205919265747,3.4489649534225464,5.288412928581238
4.138757944107056,6.2081369161605835,5.978205919265747,8.047584891319275,8.737377882003784,8.507446885108948,8.047584891319275,7.8176538944244385,9.197239875793457,9.887032866477966,12.87613582611084,15.175445795059204,10.576825857162476,11.266618847846985,6.897929906845093,6.667998909950256,5.288412928581238,7.8176538944244385,8.507446885108948,6.43806791305542,7.8176538944244385,11.036687850952148,7.587722897529602,8.047584891319275,7.127860903739929,8.047584891319275,7.357791900634766,7.127860903739929,4.828550934791565,5.058481931686401,5.748274922370911,6.2081369161605835,2.5292409658432007,2.759171962738037,4.368688941001892,4.368688941001892,3.4489649534225464,4.5986199378967285,3.4489649534225464,2.759171962738037,2.9891029596328735,2.759171962738037,2.9891029596328735,4.5986199378967285,2.759171962738037,3.21903395652771,2.759171962738037,2.759171962738037,5.748274922370911,2.069378972053528,1.8394479751586914,1.3795859813690186,1.3795859813690186,4.138757944107056,1.8394479751586914,4.368688941001892,2.069378972053528,0.6897929906845093,1.8394479751586914,0.9197239875793457,1.1496549844741821,0.9197239875793457,1.609516978263855,2.759171962738037,1.609516978263855,2.069378972053528,0.9197239875793457,2.9891029596328735,1.3795859813690186,2.2993099689483643,2.9891029596328735,4.368688941001892,3.4489649534225464,1.8394479751586914,4.368688941001892,3.21903395652771,3.678895950317383,2.759171962738037,1.3795859813690186,2.759171962738037,5.288412928581238,2.2993099689483643,5.288412928581238,2.9891029596328735,3.4489649534225464,2.069378972053528,2.9891029596328735,5.518343925476074,4.828550934791565,5.748274922370911,3.21903395652771,5.518343925476074,9.427170872688293,5.288412928581238,8.277515888214111,6.43806791305542,7.357791900634766,6.43806791305542,6.667998909950256,6.2081369161605835,4.5986199378967285,5.748274922370911,5.748274922370911,5.058481931686401,7.357791900634766,2.759171962738037,3.21903395652771,3.4489649534225464,1.609516978263855,2.9891029596328735,3.678895950317383,1.609516978263855,8.737377882003784,3.9088269472122192,3.21903395652771,3.4489649534225464,4.828550934791565,5.058481931686401,8.047584891319275,6.897929906845093,11.956411838531494,6.43806791305542,7.587722897529602,11.956411838531494,10.576825857162476,7.357791900634766,10.116963863372803,9.887032866477966,13.56592881679535,9.887032866477966,11.956411838531494,10.116963863372803,12.87613582611084,22.073375701904297,14.025790810585022,18.854341745376587,15.40537679195404,14.485652804374695,14.025790810585022,19.084272742271423,32.420270562171936,30.81075358390808,31.730477571487427,22.303306698799133,28.28151261806488,28.97130560874939,38.62840747833252,31.040684580802917,31.50054657459259,29.6610985994339,34.489649534225464,37.47875249385834,31.270615577697754,30.580822587013245,27.821650624275208,25.06247866153717,27.59171962738037,27.361788630485535,30.81075358390808,28.511443614959717,30.120960593223572,11.266618847846985,12.18634283542633,14.945514798164368,15.40537679195404,14.485652804374695,10.806756854057312,9.65710186958313
0.9197239875793457,2.9891029596328735,1.8394479751586914,2.069378972053528,2.2993099689483643,3.4489649534225464,3.21903395652771,3.4489649534225464,2.9891029596328735,4.368688941001892,5.748274922370911,3.9088269472122192,5.518343925476074,6.667998909950256,3.21903395652771,2.069378972053528,3.21903395652771,2.5292409658432007,2.9891029596328735,3.4489649534225464,3.9088269472122192,4.5986199378967285,4.138757944107056,2.2993099689483643,6.2081369161605835,3.9088269472122192,2.5292409658432007,4.368688941001892,2.069378972053528,5.288412928581238,4.828550934791565,1.3795859813690186,3.678895950317383,1.609516978263855,0.9197239875793457,2.5292409658432007,1.1496549844741821,2.759171962738037,2.9891029596328735,2.9891029596328735,1.609516978263855,1.1496549844741821,0.6897929906845093,2.069378972053528,3.21903395652771,2.5292409658432007,2.759171962738037,1.8394479751586914,1.609516978263855,1.1496549844741821,1.3795859813690186,1.8394479751586914,1.8394479751586914,2.069378972053528,2.759171962738037,0.9197239875793457,0.45986199378967285,1.1496549844741821,0.9197239875793457,0.6897929906845093,1.8394479751586914,0.6897929906845093,1.1496549844741821,1.3795859813690186,1.609516978263855,1.1496549844741821,0.45986199378967285,1.1496549844741821,1.1496549844741821,1.8394479751586914,3.678895950317383,2.2993099689483643,4.368688941001892,5.978205919265747,3.21903395652771,3.21903395652771,1.609516978263855,2.069378972053528,2.9891029596328735,2.5292409658432007,3.9088269472122192,2.069378972053528,2.759171962738037,1.3795859813690186,2.759171962738037,1.8394479751586914,2.9891029596328735,1.609516978263855,4.828550934791565,3.4489649534225464,4.368688941001892,1.8394479751586914,1.609516978263855,3.9088269472122192,3.21903395652771,2.2993099689483643,3.678895950317383,2.069378972053528,2.5292409658432007,3.21903395652771,2.2993099689483643,1.3795859813690186,2.2993099689483643,2.2993099689483643,1.8394479751586914,0.9197239875793457,0.9197239875793457,0.6897929906845093,0.22993099689483643,0.45986199378967285,0.45986199378967285,1.1496549844741821,1.8394479751586914,0.45986199378967285,1.8394479751586914,1.3795859813690186,1.3795859813690186,0.45986199378967285,2.9891029596328735,0.6897929906845093,2.2993099689483643,2.069378972053528,0.6897929906845093,2.759171962738037,0.6897929906845093,2.069378972053528,4.5986199378967285,0.6897929906845093,0.9197239875793457,1.8394479751586914,0.9197239875793457,3.4489649534225464,2.069378972053528,3.21903395652771,2.2993099689483643,2.5292409658432007,0.9197239875793457,3.21903395652771,3.21903395652771,5.978205919265747,2.9891029596328735,2.759171962738037,4.5986199378967285,4.828550934791565,4.5986199378967285,4.138757944107056,4.138757944107056,4.368688941001892,2.069378972053528,8.277515888214111,3.4489649534225464,5.748274922370911,4.138757944107056,2.2993099689483643,2.069378972053528,4.368688941001892,4.828550934791565,3.4489649534225464,5.288412928581238,5.058481931686401,4.368688941001892,1.1496549844741821,1.1496549844741821,6.2081369161605835,1.1496549844741821,3.4489649534225464,2.2993099689483643,2.069378972053528
2.9891029596328735,3.678895950317383,0.9197239875793457,4.5986199378967285,2.5292409658432007,5.748274922370911,5.978205919265747,3.9088269472122192,4.5986199378967285,5.978205919265747,6.897929906845093,7.587722897529602,9.65710186958313,9.887032866477966,2.759171962738037,4.368688941001892,5.978205919265747,5.518343925476074,5.058481931686401,5.978205919265747,4.828550934791565,5.518343925476074,7.357791900634766,5.518343925476074,9.197239875793457,5.748274922370911,7.587722897529602,6.897929906845093,3.678895950317383,5.978205919265747,4.5986199378967285,3.21903395652771,2.2993099689483643,2.759171962738037,3.678895950317383,3.21903395652771,4.138757944107056,2.069378972053528,2.759171962738037,3.9088269472122192,3.21903395652771,2.069378972053528,3.4489649534225464,2.5292409658432007,4.368688941001892,2.069378972053528,3.4489649534225464,5.058481931686401,2.759171962738037,2.9891029596328735,2.069378972053528,3.9088269472122192,2.069378972053528,2.9891029596328735,2.759171962738037,2.2993099689483643,2.2993099689483643,1.609516978263855,2.069378972053528,2.759171962738037,1.3795859813690186,1.609516978263855,0.22993099689483643,3.21903395652771,1.3795859813690186,2.5292409658432007,2.069378972053528,2.2993099689483643,2.5292409658432007,1.1496549844741821,2.2993099689483643,3.9088269472122192,4.138757944107056,4.5986199378967285,2.759171962738037,3.678895950317383,3.9088269472122192,5.058481931686401,2.5292409658432007,2.5292409658432007,3.678895950317383,4.368688941001892,4.368688941001892,1.8394479751586914,2.9891029596328735,3.9088269472122192,2.759171962738037,3.21903395652771,2.5292409658432007,4.138757944107056,3.21903395652771,5.518343925476074,2.759171962738037,4.138757944107056,5.978205919265747,5.058481931686401,3.21903395652771,3.4489649534225464,0.9197239875793457,1.3795859813690186,4.368688941001892,4.138757944107056,3.678895950317383,2.2993099689483643,4.828550934791565,0.45986199378967285,1.8394479751586914,1.1496549844741821,1.1496549844741821,2.5292409658432007,0.6897929906845093,1.3795859813690186,2.9891029596328735,1.1496549844741821,1.8394479751586914,0.45986199378967285,0.6897929906845093,2.5292409658432007,1.609516978263855,0.9197239875793457,1.1496549844741821,1.1496549844741821,1.609516978263855,1.609516978263855,0.45986199378967285,1.3795859813690186,2.759171962738037,0.22993099689483643,1.8394479751586914,2.2993099689483643,0.6897929906845093,1.1496549844741821,2.759171962738037,0.9197239875793457,3.4489649534225464,1.8394479751586914,0.9197239875793457,1.8394479751586914,2.069378972053528,2.9891029596328735,5.058481931686401,2.2993099689483643,1.609516978263855,5.518343925476074,6.2081369161605835,2.759171962738037,7.8176538944244385,2.9891029596328735,2.069378972053528,4.138757944107056,3.9088269472122192,7.127860903739929,3.4489649534225464,5.518343925476074,4.138757944107056,3.678895950317383,4.138757944107056,3.678895950317383,6.43806791305542,6.43806791305542,6.667998909950256,2.2993099689483643,1.3795859813690186,2.759171962738037,2.069378972053528,3.9088269472122192,1.8394479751586914,2.759171962738037
2.2993099689483643,0.9197239875793457,2.9891029596328735,3.678895950317383,2.759171962738037,1.609516978263855,2.9891029596328735,2.759171962738037,5.288412928581238,2.2993099689483643,2.9891029596328735,5.288412928581238,3.9088269472122192,4.368688941001892,0.9197239875793457,2.069378972053528,4.138757944107056,3.4489649534225464,1.1496549844741821,3.21903395652771,2.069378972053528,4.138757944107056,3.9088269472122192,3.9088269472122192,2.9891029596328735,3.21903395652771,2.2993099689483643,3.9088269472122192,0.9197239875793457,1.609516978263855,0.45986199378967285,2.069378972053528,2.9891029596328735,1.609516978263855,1.609516978263855,2.2993099689483643,1.3795859813690186,0.9197239875793457,1.1496549844741821,1.609516978263855,1.609516978263855,1.8394479751586914,1.3795859813690186,0.45986199378967285,2.069378972053528,0.9197239875793457,1.609516978263855,0.6897929906845093,1.3795859813690186,1.8394479751586914,1.609516978263855,0.6897929906845093,0.45986199378967285,0.45986199378967285,1.609516978263855,2.2993099689483643,0.0,1.609516978263855,0.22993099689483643,0.22993099689483643,0.22993099689483643,0.22993099689483643,0.22993099689483643,1.1496549844741821,1.1496549844741821,1.8394479751586914,0.22993099689483643,0.0,0.22993099689483643,0.9197239875793457,1.1496549844741821,1.3795859813690186,0.9197239875793457,1.3795859813690186,0.9197239875793457,0.9197239875793457,0.45986199378967285,0.6897929906845093,0.6897929906845093,1.1496549844741821,0.0,0.45986199378967285,1.8394479751586914,0.45986199378967285,0.6897929906845093,0.22993099689483643,0.9197239875793457,0.6897929906845093,1.1496549844741821,0.45986199378967285,0.0,0.22993099689483643,1.8394479751586914,1.1496549844741821,0.6897929906845093,1.1496549844741821,1.8394479751586914,0.6897929906845093,1.1496549844741821,0.6897929906845093,0.45986199378967285,0.22993099689483643,1.3795859813690186,1.3795859813690186,2.2993099689483643,1.609516978263855,0.0,0.0,0.22993099689483643,0.45986199378967285,1.1496549844741821,0.9197239875793457,0.45986199378967285,0.0,0.45986199378967285,0.45986199378967285,1.8394479751586914,0.6897929906845093,1.609516978263855,0.9197239875793457,0.6897929906845093,0.0,1.1496549844741821,1.1496549844741821,1.3795859813690186,1.609516978263855,0.6897929906845093,0.45986199378967285,1.609516978263855,1.1496549844741821,1.8394479751586914,0.45986199378967285,0.6897929906845093,2.069378972053528,2.069378972053528,1.609516978263855,2.069378972053528,1.1496549844741821,0.6897929906845093,1.8394479751586914,1.8394479751586914,5.518343925476074,5.518343925476074,5.288412928581238,3.21903395652771,2.069378972053528,4.138757944107056,4.828550934791565,7.127860903739929,5.518343925476074,4.5986199378967285,4.368688941001892,1.3795859813690186,4.138757944107056,4.138757944107056,5.518343925476074,3.21903395652771,5.058481931686401,3.21903395652771,4.368688941001892,2.9891029596328735,1.609516978263855,1.8394479751586914,1.609516978263855,3.4489649534225464,2.069378972053528,2.069378972053528,2.2993099689483643
4.828550934791565,4.828550934791565,6.43806791305542,5.058481931686401,8.507446885108948,7.357791900634766,9.197239875793457,7.587722897529602,6.667998909950256,15.175445795059204,12.416273832321167,12.87613582611084,12.416273832321167,17.244824767112732,9.427170872688293,8.277515888214111,5.748274922370911,8.737377882003784,11.726480841636658,8.737377882003784,8.737377882003784,8.96730887889862,13.795859813690186,11.036687850952148,10.806756854057312,13.795859813690186,13.795859813690186,7.127860903739929,5.058481931686401,6.897929906845093,9.65710186958313,8.047584891319275,6.2081369161605835,7.587722897529602,3.4489649534225464,6.897929906845093,6.667998909950256,5.748274922370911,6.897929906845093,7.127860903739929,3.21903395652771,5.518343925476074,5.748274922370911,6.2081369161605835,4.828550934791565,5.748274922370911,5.058481931686401,7.8176538944244385,3.678895950317383,3.678895950317383,4.138757944107056,3.21903395652771,6.43806791305542,4.828550934791565,5.288412928581238,4.138757944107056,2.5292409658432007,2.759171962738037,4.368688941001892,1.8394479751586914,2.759171962738037,2.9891029596328735,2.069378972053528,5.058481931686401,2.069378972053528,5.748274922370911,5.058481931686401,2.9891029596328735,4.138757944107056,4.828550934791565,6.2081369161605835,6.667998909950256,9.65710186958313,4.138757944107056,6.43806791305542,6.2081369161605835,11.496549844741821,5.288412928581238,3.21903395652771,5.058481931686401,4.5986199378967285,6.43806791305542,6.897929906845093,6.667998909950256,5.288412928581238,6.43806791305542,4.368688941001892,5.978205919265747,6.667998909950256,7.8176538944244385,7.357791900634766,6.43806791305542,9.197239875793457,8.737377882003784,8.96730887889862,10.116963863372803,11.956411838531494,11.036687850952148,4.138757944107056,6.2081369161605835,8.047584891319275,7.127860903739929,5.978205919265747,6.2081369161605835,7.587722897529602,3.678895950317383,3.21903395652771,3.21903395652771,3.9088269472122192,2.2993099689483643,2.069378972053528,3.678895950317383,6.2081369161605835,2.5292409658432007,5.978205919265747,4.368688941001892,4.138757944107056,7.587722897529602,3.678895950317383,7.127860903739929,3.21903395652771,9.427170872688293,10.116963863372803,8.737377882003784,11.956411838531494,5.748274922370911,6.43806791305542,10.34689486026764,8.047584891319275,13.335997819900513,7.127860903739929,11.496549844741821,7.587722897529602,9.65710186958313,13.56592881679535,11.496549844741821,15.175445795059204,15.635307788848877,11.496549844741821,14.255721807479858,18.854341745376587,21.15365171432495,19.31420373916626,18.62441074848175,28.741374611854553,31.040684580802917,23.91282367706299,18.164548754692078,23.91282367706299,23.682892680168152,25.06247866153717,31.50054657459259,25.292409658432007,23.452961683273315,17.93461775779724,18.854341745376587,23.22303068637848,25.982202649116516,19.544134736061096,21.15365171432495,17.244824767112732,8.737377882003784,11.496549844741821,9.887032866477966,10.116963863372803,11.726480841636658,7.587722897529602,9.427170872688293
0.6897929906845093,2.2993099689483643,1.1496549844741821,2.2993099689483643,3.4489649534225464,3.4489649534225464,1.8394479751586914,1.609516978263855,2.2993099689483643,2.9891029596328735,3.21903395652771,3.4489649534225464,6.2081369161605835,2.069378972053528,2.5292409658432007,0.9197239875793457,2.069378972053528,1.8394479751586914,2.2993099689483643,2.9891029596328735,3.21903395652771,2.5292409658432007,2.5292409658432007,4.138757944107056,1.3795859813690186,3.678895950317383,1.609516978263855,2.069378972053528,1.3795859813690186,2.5292409658432007,1.1496549844741821,2.759171962738037,1.3795859813690186,1.609516978263855,0.9197239875793457,0.9197239875793457,0.45986199378967285,0.9197239875793457,1.3795859813690186,2.2993099689483643,0.9197239875793457,1.3795859813690186,1.1496549844741821,0.6897929906845093,1.609516978263855,1.8394479751586914,2.759171962738037,1.1496549844741821,0.22993099689483643,0.22993099689483643,1.609516978263855,1.1496549844741821,1.609516978263855,2.759171962738037,0.9197239875793457,0.45986199378967285,0.22993099689483643,0.0,1.609516978263855,0.9197239875793457,0.9197239875793457,0.0,0.22993099689483643,1.1496549844741821,0.45986199378967285,0.22993099689483643,0.6897929906845093,0.22993099689483643,0.6897929906845093,0.6897929906845093,0.45986199378967285,1.609516978263855,0.22993099689483643,0.22993099689483643,0.6897929906845093,0.45986199378967285,0.45986199378967285,0.0,1.1496549844741821,0.9197239875793457,1.1496549844741821,0.22993099689483643,0.45986199378967285,0.6897929906845093,0.9197239875793457,0.22993099689483643,1.1496549844741821,0.6897929906845093,0.6897929906845093,0.22993099689483643,0.45986199378967285,1.1496549844741821,0.45986199378967285,0.9197239875793457,2.2993099689483643,0.0,1.1496549844741821,0.22993099689483643,0.45986199378967285,1.1496549844741821,1.1496549844741821,0.0,1.3795859813690186,0.0,0.45986199378967285,0.45986199378967285,0.9197239875793457,0.0,0.45986199378967285,0.45986199378967285,0.22993099689483643,0.22993099689483643,0.0,0.6897929906845093,0.9197239875793457,0.22993099689483643,0.22993099689483643,0.6897929906845093,0.9197239875793457,0.45986199378967285,1.3795859813690186,0.6897929906845093,0.22993099689483643,0.9197239875793457,0.6897929906845093,0.6897929906845093,0.9197239875793457,1.3795859813690186,0.9197239875793457,0.45986199378967285,0.22993099689483643,1.1496549844741821,0.6897929906845093,0.45986199378967285,1.609516978263855,0.6897929906845093,1.1496549844741821,0.45986199378967285,0.6897929906845093,0.9197239875793457,1.1496549844741821,0.6897929906845093,1.1496549844741821,2.5292409658432007,2.2993099689483643,0.6897929906845093,1.609516978263855,0.45986199378967285,1.1496549844741821,1.8394479751586914,1.609516978263855,2.2993099689483643,1.3795859813690186,1.1496549844741821,0.9197239875793457,0.6897929906845093,1.3795859813690186,1.8394479751586914,1.1496549844741821,1.8394479751586914,1.609516978263855,0.45986199378967285,0.45986199378967285,0.9197239875793457,0.6897929906845093,1.609516978263855,0.45986199378967285,0.22993099689483643
4.368688941001892,6.2081369161605835,5.518343925476074,2.9891029596328735,5.748274922370911,7.127860903739929,9.427170872688293,5.748274922370911,8.96730887889862,10.34689486026764,13.106066823005676,9.887032866477966,11.726480841636658,8.96730887889862,5.058481931686401,7.127860903739929,5.978205919265747,5.978205919265747,8.96730887889862,5.058481931686401,5.288412928581238,11.266618847846985,5.978205919265747,7.357791900634766,10.116963863372803,7.357791900634766,5.978205919265747,7.127860903739929,6.2081369161605835,5.748274922370911,7.127860903739929,4.368688941001892,5.748274922370911,4.368688941001892,2.9891029596328735,4.138757944107056,5.288412928581238,4.5986199378967285,3.4489649534225464,4.138757944107056,3.4489649534225464,3.21903395652771,5.978205919265747,4.138757944107056,1.3795859813690186,2.2993099689483643,4.138757944107056,5.518343925476074,2.5292409658432007,3.21903395652771,2.069378972053528,3.21903395652771,1.609516978263855,2.2993099689483643,2.069378972053528,2.2993099689483643,1.609516978263855,0.45986199378967285,0.45986199378967285,1.3795859813690186,0.6897929906845093,1.3795859813690186,1.3795859813690186,2.5292409658432007,0.6897929906845093,0.9197239875793457,0.45986199378967285,0.45986199378967285,2.2993099689483643,0.45986199378967285,3.21903395652771,3.4489649534225464,1.8394479751586914,0.9197239875793457,0.9197239875793457,1.8394479751586914,2.9891029596328735,2.5292409658432007,1.1496549844741821,1.609516978263855,1.3795859813690186,0.45986199378967285,0.45986199378967285,1.1496549844741821,1.609516978263855,1.3795859813690186,1.3795859813690186,1.3795859813690186,0.9197239875793457,1.609516978263855,1.1496549844741821,1.3795859813690186,2.5292409658432007,1.609516978263855,0.45986199378967285,0.6897929906845093,1.3795859813690186,1.8394479751586914,0.6897929906845093,1.1496549844741821,0.6897929906845093,1.1496549844741821,0.45986199378967285,1.1496549844741821,1.1496549844741821,0.22993099689483643,0.0,0.45986199378967285,1.3795859813690186,0.9197239875793457,0.0,0.45986199378967285,0.45986199378967285,0.45986199378967285,1.609516978263855,0.22993099689483643,0.45986199378967285,0.0,0.0,0.6897929906845093,0.45986199378967285,0.45986199378967285,1.609516978263855,0.9197239875793457,0.22993099689483643,0.45986199378967285,0.45986199378967285,1.1496549844741821,0.45986199378967285,0.45986199378967285,2.069378972053528,0.45986199378967285,0.45986199378967285,1.1496549844741821,0.22993099689483643,0.6897929906845093,0.45986199378967285,1.3795859813690186,2.2993099689483643,1.1496549844741821,1.3795859813690186,0.45986199378967285,1.1496549844741821,1.1496549844741821,1.8394479751586914,2.5292409658432007,1.3795859813690186,1.8394479751586914,0.9197239875793457,1.3795859813690186,2.069378972053528,2.069378972053528,3.21903395652771,1.8394479751586914,2.2993099689483643,0.6897929906845093,1.609516978263855,2.2993099689483643,2.2993099689483643,1.8394479751586914,2.759171962738037,0.9197239875793457,0.22993099689483643,0.45986199378967285,1.3795859813690186,1.1496549844741821,1.8394479751586914,0.6897929906845093
2.759171962738037,3.678895950317383,0.6897929906845093,3.4489649534225464,4.5986199378967285,6.2081369161605835,6.2081369161605835,4.368688941001892,5.288412928581238,5.288412928581238,5.518343925476074,5.978205919265747,8.507446885108948,10.34689486026764,3.21903395652771,3.678895950317383,1.8394479751586914,9.197239875793457,4.828550934791565,7.587722897529602,3.4489649534225464,5.288412928581238,5.748274922370911,6.43806791305542,5.058481931686401,6.667998909950256,4.368688941001892,4.828550934791565,2.759171962738037,4.138757944107056,5.978205919265747,5.058481931686401,2.759171962738037,1.3795859813690186,3.9088269472122192,2.5292409658432007,3.678895950317383,2.5292409658432007,2.9891029596328735,1.8394479751586914,1.8394479751586914,1.8394479751586914,3.4489649534225464,2.9891029596328735,2.069378972053528,3.678895950317383,1.8394479751586914,2.9891029596328735,1.3795859813690186,1.3795859813690186,3.678895950317383,2.2993099689483643,1.3795859813690186,2.759171962738037,2.069378972053528,1.1496549844741821,1.8394479751586914,2.9891029596328735,1.609516978263855,0.6897929906845093,0.0,1.3795859813690186,1.3795859813690186,2.9891029596328735,2.2993099689483643,1.609516978263855,1.8394479751586914,0.6897929906845093,2.069378972053528,1.1496549844741821,4.368688941001892,2.2993099689483643,2.2993099689483643,1.1496549844741821,1.609516978263855,2.5292409658432007,1.8394479751586914,2.069378972053528,2.069378972053528,1.3795859813690186,1.3795859813690186,1.609516978263855,2.069378972053528,1.8394479751586914,1.1496549844741821,1.609516978263855,0.6897929906845093,2.9891029596328735,2.2993099689483643,0.9197239875793457,0.9197239875793457,0.9197239875793457,1.609516978263855,0.9197239875793457,2.069378972053528,1.8394479751586914,1.1496549844741821,1.3795859813690186,0.6897929906845093,0.22993099689483643,0.6897929906845093,2.759171962738037,1.3795859813690186,0.22993099689483643,1.1496549844741821,0.22993099689483643,0.0,0.0,0.45986199378967285,0.0,0.9197239875793457,0.0,0.0,0.22993099689483643,0.0,0.22993099689483643,0.45986199378967285,0.45986199378967285,0.0,0.0,0.22993099689483643,0.0,0.45986199378967285,0.22993099689483643,0.45986199378967285,0.0,0.9197239875793457,0.0,0.0,1.1496549844741821,0.0,0.22993099689483643,0.45986199378967285,1.8394479751586914,0.45986199378967285,0.45986199378967285,0.45986199378967285,0.22993099689483643,0.22993099689483643,0.45986199378967285,0.6897929906845093,0.22993099689483643,0.45986199378967285,0.22993099689483643,0.45986199378967285,0.6897929906845093,0.22993099689483643,0.22993099689483643,0.0,0.22993099689483643,0.9197239875793457,0.0,0.22993099689483643,0.6897929906845093,0.22993099689483643,0.0,0.22993099689483643,0.22993099689483643,0.45986199378967285,0.22993099689483643,0.0,0.22993099689483643,0.6897929906845093,0.45986199378967285,0.0,0.0,0.0,0.0
3.21903395652771,3.9088269472122192,2.9891029596328735,3.4489649534225464,3.21903395652771,5.978205919265747,8.277515888214111,3.21903395652771,5.518343925476074,7.357791900634766,6.897929906845093,7.357791900634766,7.8176538944244385,10.806756854057312,5.518343925476074,4.138757944107056,4.138757944107056,7.587722897529602,5.058481931686401,7.8176538944244385,2.9891029596328735,8.047584891319275,4.828550934791565,4.138757944107056,6.43806791305542,6.897929906845093,7.587722897529602,4.368688941001892,3.4489649534225464,4.5986199378967285,4.5986199378967285,5.288412928581238,5.288412928581238,5.058481931686401,4.828550934791565,3.4489649534225464,2.069378972053528,2.5292409658432007,4.138757944107056,2.9891029596328735,2.9891029596328735,4.138757944107056,4.5986199378967285,3.9088269472122192,3.9088269472122192,2.2993099689483643,2.9891029596328735,3.21903395652771,4.138757944107056,4.138757944107056,2.5292409658432007,2.5292409658432007,2.2993099689483643,2.759171962738037,1.8394479751586914,3.4489649534225464,1.609516978263855,2.759171962738037,1.8394479751586914,1.1496549844741821,0.6897929906845093,0.45986199378967285,0.9197239875793457,3.678895950317383,1.609516978263855,0.9197239875793457,1.609516978263855,0.9197239875793457,1.3795859813690186,2.069378972053528,2.069378972053528,1.3795859813690186,3.4489649534225464,1.1496549844741821,2.759171962738037,3.678895950317383,3.678895950317383,2.2993099689483643,0.9197239875793457,1.8394479751586914,1.3795859813690186,3.4489649534225464,1.1496549844741821,1.609516978263855,3.21903395652771,4.138757944107056,1.3795859813690186,2.2993099689483643,2.2993099689483643,4.138757944107056,3.678895950317383,1.1496549844741821,3.4489649534225464,5.978205919265747,2.9891029596328735,4.368688941001892,4.138757944107056,2.9891029596328735,2.759171962738037,3.4489649534225464,4.828550934791565,3.4489649534225464,3.4489649534225464,2.2993099689483643,2.069378972053528,0.9197239875793457,1.609516978263855,0.9197239875793457,2.069378972053528,0.9197239875793457,1.1496549844741821,0.9197239875793457,1.1496549844741821,0.6897929906845093,2.069378972053528,0.22993099689483643,2.2993099689483643,1.3795859813690186,0.6897929906845093,2.2993099689483643,0.22993099689483643,1.1496549844741821,3.678895950317383,2.5292409658432007,1.1496549844741821,0.45986199378967285,3.4489649534225464,0.9197239875793457,1.8394479751586914,5.288412928581238,0.9197239875793457,1.3795859813690186,5.748274922370911,2.759171962738037,2.069378972053528,3.9088269472122192,3.678895950317383,4.138757944107056,2.069378972053528,2.069378972053528,7.127860903739929,9.427170872688293,6.2081369161605835,6.43806791305542,2.2993099689483643,5.978205919265747,6.667998909950256,6.667998909950256,5.058481931686401,5.058481931686401,4.368688941001892,10.576825857162476,7.8176538944244385,3.9088269472122192,7.127860903739929,3.9088269472122192,8.047584891319275,6.2081369161605835,8.047584891319275,4.828550934791565,8.047584891319275,3.4489649534225464,1.1496549844741821,3.4489649534225464,2.9891029596328735,2.9891029596328735,3.678895950317383,2.759171962738037
4.138757944107056,4.368688941001892,5.518343925476074,5.978205919265747,5.748274922370911,8.96730887889862,5.288412928581238,5.978205919265747,8.737377882003784,10.34689486026764,11.036687850952148,12.646204829216003,13.56592881679535,10.576825857162476,6.2081369161605835,5.978205919265747,7.587722897529602,8.047584891319275,6.897929906845093,5.978205919265747,8.277515888214111,8.277515888214111,7.587722897529602,6.2081369161605835,10.806756854057312,9.65710186958313,9.887032866477966,8.277515888214111,4.828550934791565,5.518343925476074,5.978205919265747,4.138757944107056,3.4489649534225464,4.138757944107056,2.5292409658432007,4.828550934791565,3.9088269472122192,5.518343925476074,1.609516978263855,2.069378972053528,3.9088269472122192,3.4489649534225464,3.678895950317383,2.9891029596328735,3.4489649534225464,3.4489649534225464,1.8394479751586914,2.9891029596328735,2.2993099689483643,1.8394479751586914,3.21903395652771,1.8394479751586914,2.069378972053528,1.3795859813690186,3.9088269472122192,1.609516978263855,1.1496549844741821,1.8394479751586914,0.6897929906845093,2.5292409658432007,1.1496549844741821,0.45986199378967285,1.609516978263855,2.759171962738037,2.759171962738037,2.2993099689483643,1.1496549844741821,0.45986199378967285,2.9891029596328735,2.2993099689483643,2.5292409658432007,2.759171962738037,2.069378972053528,1.609516978263855,2.2993099689483643,3.678895950317383,1.609516978263855,1.1496549844741821,2.759171962738037,2.759171962738037,1.609516978263855,1.8394479751586914,2.759171962738037,1.3795859813690186,3.678895950317383,2.9891029596328735,2.2993099689483643,3.4489649534225464,2.9891029596328735,2.9891029596328735,1.8394479751586914,2.759171962738037,5.748274922370911,6.43806791305542,7.357791900634766,8.277515888214111,2.069378972053528,6.897929906845093,1.1496549844741821,2.9891029596328735,5.288412928581238,3.678895950317383,4.138757944107056,6.667998909950256,2.9891029596328735,1.1496549844741821,5.288412928581238,1.8394479751586914,2.759171962738037,2.2993099689483643,3.678895950317383,0.9197239875793457,5.518343925476074,4.5986199378967285,4.368688941001892,2.9891029596328735,4.5986199378967285,5.058481931686401,5.288412928581238,7.127860903739929,3.678895950317383,5.748274922370911,6.667998909950256,5.518343925476074,5.518343925476074,8.96730887889862,8.047584891319275,6.2081369161605835,4.5986199378967285,2.5292409658432007,9.887032866477966,8.96730887889862,6.897929906845093,13.795859813690186,7.357791900634766,10.806756854057312,9.887032866477966,15.865238785743713,8.737377882003784,10.806756854057312,18.164548754692078,14.715583801269531,17.93461775779724,16.78496277332306,14.715583801269531,21.613513708114624,19.544134736061096,13.795859813690186,18.62441074848175,19.544134736061096,17.47475576400757,15.40537679195404,21.383582711219788,20.233927726745605,15.175445795059204,13.335997819900513,16.78496277332306,14.485652804374695,18.62441074848175,20.69378972053528,18.62441074848175,6.897929906845093,8.277515888214111,8.047584891319275,7.357791900634766,8.96730887889862,8.507446885108948,8.507446885108948
1.609516978263855,2.9891029596328735,1.3795859813690186,4.368688941001892,2.9891029596328735,3.21903395652771,2.759171962738037,6.43806791305542,6.2081369161605835,4.5986199378967285,5.518343925476074,3.4489649534225464,6.43806791305542,7.127860903739929,4.368688941001892,3.9088269472122192,4.138757944107056,3.21903395652771,3.9088269472122192,1.8394479751586914,5.058481931686401,4.138757944107056,5.748274922370911,5.058481931686401,3.4489649534225464,3.21903395652771,2.069378972053528,5.288412928581238,2.2993099689483643,2.9891029596328735,3.21903395652771,2.2993099689483643,2.9891029596328735,2.069378972053528,2.2993099689483643,1.609516978263855,2.5292409658432007,1.3795859813690186,2.069378972053528,1.3795859813690186,2.5292409658432007,1.609516978263855,1.8394479751586914,2.759171962738037,0.0,1.1496549844741821,1.609516978263855,1.3795859813690186,0.6897929906845093,1.8394479751586914,0.22993099689483643,1.8394479751586914,0.6897929906845093,0.45986199378967285,1.1496549844741821,1.3795859813690186,0.9197239875793457,0.9197239875793457,1.3795859813690186,0.45986199378967285,0.0,0.45986199378967285,0.22993099689483643,2.069378972053528,0.6897929906845093,0.0,0.22993099689483643,0.9197239875793457,0.6897929906845093,0.45986199378967285,0.9197239875793457,1.8394479751586914,1.1496549844741821,0.22993099689483643,0.45986199378967285,1.609516978263855,2.069378972053528,0.9197239875793457,0.6897929906845093,0.6897929906845093,0.6897929906845093,0.45986199378967285,0.45986199378967285,1.1496549844741821,0.22993099689483643,0.6897929906845093,1.1496549844741821,0.45986199378967285,1.3795859813690186,0.0,0.22993099689483643,3.678895950317383,3.21903395652771,0.45986199378967285,2.2993099689483643,0.9197239875793457,1.3795859813690186,2.759171962738037,1.8394479751586914,0.22993099689483643,0.45986199378967285,1.3795859813690186,1.3795859813690186,1.1496549844741821,0.45986199378967285,0.45986199378967285,0.6897929906845093,0.45986199378967285,0.9197239875793457,0.9197239875793457,0.22993099689483643,0.0,0.45986199378967285,0.0,0.45986199378967285,1.3795859813690186,0.0,0.0,1.1496549844741821,0.0,2.069378972053528,0.6897929906845093,0.22993099689483643,0.9197239875793457,0.22993099689483643,0.9197239875793457,1.8394479751586914,0.6897929906845093,0.6897929906845093,1.609516978263855,0.0,3.4489649534225464,0.45986199378967285,0.6897929906845093,1.1496549844741821,3.4489649534225464,2.2993099689483643,1.8394479751586914,0.6897929906845093,0.45986199378967285,5.058481931686401,2.5292409658432007,2.9891029596328735,3.4489649534225464,2.2993099689483643,3.9088269472122192,1.8394479751586914,1.609516978263855,2.2993099689483643,2.5292409658432007,3.21903395652771,3.21903395652771,2.069378972053528,3.9088269472122192,2.759171962738037,3.21903395652771,1.609516978263855,1.8394479751586914,4.5986199378967285,7.127860903739929,4.138757944107056,0.45986199378967285,1.609516978263855,1.3795859813690186,2.9891029596328735,2.5292409658432007,2.9891029596328735,2.5292409658432007
3.4489649534225464,2.5292409658432007,5.748274922370911,5.058481931686401,6.43806791305542,8.737377882003784,5.058481931686401,6.2081369161605835,7.8176538944244385,7.357791900634766,8.507446885108948,9.65710186958313,9.65710186958313,10.34689486026764,4.368688941001892,5.518343925476074,5.748274922370911,7.127860903739929,9.197239875793457,7.357791900634766,4.828550934791565,9.197239875793457,9.65710186958313,8.507446885108948,8.277515888214111,9.887032866477966,8.277515888214111,7.127860903739929,4.138757944107056,3.9088269472122192,5.518343925476074,4.138757944107056,3.9088269472122192,6.2081369161605835,3.678895950317383,5.288412928581238,3.4489649534225464,2.5292409658432007,3.4489649534225464,5.058481931686401,2.9891029596328735,4.138757944107056,4.5986199378967285,5.748274922370911,3.4489649534225464,4.368688941001892,3.678895950317383,4.138757944107056,7.357791900634766,4.5986199378967285,4.368688941001892,3.9088269472122192,2.5292409658432007,3.9088269472122192,7.127860903739929,5.058481931686401,2.5292409658432007,2.9891029596328735,3.21903395652771,3.21903395652771,2.759171962738037,2.9891029596328735,1.3795859813690186,3.9088269472122192,4.368688941001892,3.678895950317383,1.609516978263855,3.9088269472122192,2.9891029596328735,3.4489649534225464,5.518343925476074,4.828550934791565,5.748274922370911,5.748274922370911,3.9088269472122192,3.678895950317383,4.368688941001892,2.069378972053528,3.4489649534225464,4.5986199378967285,3.9088269472122192,4.5986199378967285,3.678895950317383,2.2993099689483643,3.678895950317383,4.138757944107056,3.4489649534225464,5.748274922370911,8.737377882003784,7.357791900634766,3.4489649534225464,3.21903395652771,6.667998909950256,6.2081369161605835,8.737377882003784,11.956411838531494,8.507446885108948,5.978205919265747,3.21903395652771,6.2081369161605835,4.138757944107056,9.197239875793457,6.897929906845093,3.4489649534225464,4.5986199378967285,2.759171962738037,1.609516978263855,3.678895950317383,1.8394479751586914,2.2993099689483643,2.5292409658432007,1.3795859813690186,4.138757944107056,2.069378972053528,1.8394479751586914,1.609516978263855,2.9891029596328735,1.8394479751586914,3.9088269472122192,2.069378972053528,4.138757944107056,3.678895950317383,2.759171962738037,2.5292409658432007,4.828550934791565,2.759171962738037,3.21903395652771,1.1496549844741821,3.4489649534225464,2.9891029596328735,2.9891029596328735,2.5292409658432007,5.518343925476074,5.288412928581238,2.2993099689483643,4.138757944107056,3.9088269472122192,10.116963863372803,5.518343925476074,4.368688941001892,11.496549844741821,7.357791900634766,8.96730887889862,9.887032866477966,7.587722897529602,7.8176538944244385,17.704686760902405,11.956411838531494,10.576825857162476,14.255721807479858,8.047584891319275,7.357791900634766,8.737377882003784,16.325100779533386,11.496549844741821,7.587722897529602,6.667998909950256,11.266618847846985,12.18634283542633,12.18634283542633,10.34689486026764,5.058481931686401,5.518343925476074,5.978205919265747,7.587722897529602,7.8176538944244385,5.978205919265747,6.2081369161605835
5.288412928581238,7.8176538944244385,5.518343925476074,10.806756854057312,9.427170872688293,8.96730887889862,9.197239875793457,8.96730887889862,13.335997819900513,10.116963863372803,12.87613582611084,14.485652804374695,14.715583801269531,16.555031776428223,8.047584891319275,10.34689486026764,9.197239875793457,11.036687850952148,9.427170872688293,9.197239875793457,6.43806791305542,16.325100779533386,12.18634283542633,11.726480841636658,12.416273832321167,10.576825857162476,11.496549844741821,14.945514798164368,8.737377882003784,6.43806791305542,8.277515888214111,8.737377882003784,6.2081369161605835,4.828550934791565,6.2081369161605835,5.748274922370911,5.748274922370911,5.288412928581238,6.897929906845093,4.5986199378967285,6.2081369161605835,5.058481931686401,7.127860903739929,5.058481931686401,5.518343925476074,5.978205919265747,3.678895950317383,5.518343925476074,4.5986199378967285,5.978205919265747,2.9891029596328735,3.4489649534225464,1.8394479751586914,2.9891029596328735,5.748274922370911,4.828550934791565,1.8394479751586914,1.1496549844741821,2.759171962738037,2.069378972053528,2.5292409658432007,0.9197239875793457,0.6897929906845093,4.368688941001892,2.9891029596328735,3.21903395652771,4.828550934791565,2.9891029596328735,2.069378972053528,5.748274922370911,5.288412928581238,6.2081369161605835,8.047584891319275,5.058481931686401,4.368688941001892,7.8176538944244385,9.65710186958313,3.9088269472122192,4.368688941001892,3.4489649534225464,5.518343925476074,2.759171962738037,5.288412928581238,6.43806791305542,3.678895950317383,5.978205919265747,5.058481931686401,5.058481931686401,3.678895950317383,2.5292409658432007,5.978205919265747,5.518343925476074,5.748274922370911,4.5986199378967285,8.047584891319275,7.127860903739929,8.047584891319275,3.9088269472122192,2.2993099689483643,7.127860903739929,5.288412928581238,5.518343925476074,4.5986199378967285,9.427170872688293,2.069378972053528,4.138757944107056,2.5292409658432007,1.8394479751586914,4.828550934791565,2.759171962738037,2.069378972053528,1.3795859813690186,4.828550934791565,3.4489649534225464,2.9891029596328735,2.9891029596328735,2.5292409658432007,4.5986199378967285,2.2993099689483643,6.897929906845093,3.4489649534225464,8.277515888214111,3.21903395652771,6.667998909950256,4.5986199378967285,6.2081369161605835,3.678895950317383,5.748274922370911,2.9891029596328735,4.368688941001892,6.43806791305542,5.518343925476074,7.127860903739929,5.978205919265747,10.576825857162476,7.357791900634766,2.5292409658432007,9.887032866477966,7.587722897529602,5.058481931686401,11.266618847846985,12.646204829216003,9.197239875793457,14.945514798164368,6.897929906845093,18.394479751586914,9.65710186958313,6.897929906845093,13.795859813690186,14.255721807479858,13.335997819900513,17.014893770217896,11.726480841636658,12.646204829216003,11.266618847846985,10.34689486026764,12.18634283542633,14.485652804374695,14.025790810585022,13.106066823005676,13.106066823005676,5.748274922370911,5.518343925476074,8.277515888214111,7.587722897529602,7.587722897529602,5.748274922370911,6.43806791305542
2.9891029596328735,5.978205919265747,7.127860903739929,4.368688941001892,2.759171962738037,6.2081369161605835,7.587722897529602,6.667998909950256,7.8176538944244385,8.96730887889862,10.34689486026764,9.887032866477966,10.806756854057312,11.956411838531494,3.9088269472122192,5.748274922370911,6.2081369161605835,7.357791900634766,5.748274922370911,5.748274922370911,5.288412928581238,7.8176538944244385,6.2081369161605835,7.587722897529602,7.587722897529602,10.34689486026764,7.587722897529602,6.897929906845093,5.978205919265747,2.2993099689483643,4.138757944107056,5.978205919265747,4.5986199378967285,3.21903395652771,3.4489649534225464,2.9891029596328735,5.518343925476074,2.5292409658432007,2.759171962738037,2.5292409658432007,4.828550934791565,4.5986199378967285,3.678895950317383,2.069378972053528,2.2993099689483643,1.8394479751586914,1.609516978263855,3.678895950317383,3.4489649534225464,2.5292409658432007,2.759171962738037,2.2993099689483643,2.2993099689483643,2.2993099689483643,1.3795859813690186,1.8394479751586914,0.9197239875793457,1.609516978263855,2.2993099689483643,2.069378972053528,0.9197239875793457,0.6897929906845093,1.1496549844741821,2.9891029596328735,2.2993099689483643,1.8394479751586914,2.5292409658432007,2.2993099689483643,0.45986199378967285,5.748274922370911,2.9891029596328735,1.609516978263855,3.21903395652771,3.678895950317383,4.828550934791565,7.587722897529602,6.667998909950256,2.069378972053528,1.609516978263855,2.069378972053528,4.368688941001892,4.5986199378967285,6.897929906845093,2.2993099689483643,3.4489649534225464,2.759171962738037,2.9891029596328735,3.4489649534225464,5.518343925476074,8.96730887889862,5.978205919265747,4.138757944107056,8.737377882003784,2.069378972053528,6.43806791305542,4.828550934791565,8.96730887889862,11.956411838531494,5.978205919265747,3.9088269472122192,3.678895950317383,3.4489649534225464,8.277515888214111,6.667998909950256,7.587722897529602,3.9088269472122192,2.9891029596328735,2.069378972053528,2.5292409658432007,2.069378972053528,2.2993099689483643,2.759171962738037,6.43806791305542,3.21903395652771,2.5292409658432007,3.9088269472122192,3.678895950317383,4.828550934791565,3.4489649534225464,5.518343925476074,3.21903395652771,5.518343925476074,1.8394479751586914,7.127860903739929,9.887032866477966,8.277515888214111,3.4489649534225464,1.8394479751586914,7.357791900634766,2.759171962738037,8.277515888214111,11.956411838531494,8.507446885108948,5.518343925476074,7.357791900634766,9.197239875793457,9.427170872688293,8.277515888214111,9.427170872688293,10.116963863372803,22.073375701904297,18.164548754692078,11.956411838531494,12.646204829216003,13.795859813690186,20.233927726745605,24.602616667747498,20.923720717430115,22.073375701904297,19.31420373916626,21.613513708114624,17.47475576400757,24.832547664642334,20.69378972053528,18.394479751586914,19.084272742271423,17.014893770217896,26.44206464290619,16.325100779533386,20.69378972053528,20.00399672985077,8.737377882003784,7.127860903739929,11.036687850952148,11.956411838531494,9.197239875793457,8.96730887889862,8.96730887889862
3.9088269472122192,4.5986199378967285,5.058481931686401,5.288412928581238,5.058481931686401,5.748274922370911,5.978205919265747,5.518343925476074,7.587722897529602,8.737377882003784,10.34689486026764,8.737377882003784,9.427170872688293,9.197239875793457,5.288412928581238,6.2081369161605835,7.8176538944244385,5.518343925476074,7.587722897529602,4.828550934791565,7.127860903739929,7.8176538944244385,8.96730887889862,6.667998909950256,7.127860903739929,7.587722897529602,8.277515888214111,7.587722897529602,3.678895950317383,3.21903395652771,5.518343925476074,5.288412928581238,2.2993099689483643,3.4489649534225464,3.21903395652771,4.368688941001892,3.678895950317383,2.069378972053528,2.9891029596328735,3.678895950317383,2.9891029596328735,2.9891029596328735,1.8394479751586914,3.678895950317383,3.4489649534225464,1.609516978263855,3.9088269472122192,2.5292409658432007,1.8394479751586914,2.2993099689483643,1.8394479751586914,2.5292409658432007,2.759171962738037,2.2993099689483643,0.9197239875793457,2.2993099689483643,0.9197239875793457,2.069378972053528,2.759171962738037,2.069378972053528,0.9197239875793457,0.0,0.22993099689483643,2.9891029596328735,2.069378972053528,2.5292409658432007,2.759171962738037,2.069378972053528,1.609516978263855,1.609516978263855,1.1496549844741821,3.21903395652771,2.069378972053528,2.2993099689483643,1.1496549844741821,3.21903395652771,2.9891029596328735,0.9197239875793457,0.45986199378967285,0.45986199378967285,2.9891029596328735,2.9891029596328735,2.069378972053528,2.9891029596328735,1.8394479751586914,1.3795859813690186,2.2993099689483643,2.2993099689483643,2.9891029596328735,2.2993099689483643,1.609516978263855,3.4489649534225464,4.138757944107056,3.4489649534225464,4.138757944107056,2.069378972053528,3.4489649534225464,3.4489649534225464,3.21903395652771,2.5292409658432007,3.4489649534225464,0.45986199378967285,1.609516978263855,1.3795859813690186,4.138757944107056,1.1496549844741821,0.9197239875793457,0.9197239875793457,0.45986199378967285,0.0,0.9197239875793457,0.6897929906845093,1.8394479751586914,0.6897929906845093,1.3795859813690186,0.45986199378967285,3.21903395652771,0.6897929906845093,0.6897929906845093,0.9197239875793457,2.2993099689483643,1.1496549844741821,2.5292409658432007,0.22993099689483643,1.1496549844741821,2.069378972053528,0.6897929906845093,4.828550934791565,0.45986199378967285,0.6897929906845093,2.759171962738037,1.3795859813690186,5.058481931686401,2.069378972053528,5.288412928581238,1.609516978263855,0.9197239875793457,6.2081369161605835,5.518343925476074,3.21903395652771,5.288412928581238,6.667998909950256,3.9088269472122192,11.266618847846985,7.587722897529602,7.357791900634766,9.197239875793457,5.288412928581238,8.277515888214111,9.887032866477966,8.507446885108948,11.496549844741821,8.277515888214111,5.748274922370911,8.277515888214111,8.737377882003784,8.507446885108948,10.806756854057312,7.127860903739929,11.266618847846985,9.887032866477966,3.9088269472122192,3.4489649534225464,3.21903395652771,4.368688941001892,7.587722897529602,5.058481931686401,5.058481931686401
4.5986199378967285,8.277515888214111,7.127860903739929,6.43806791305542,10.34689486026764,7.127860903739929,8.277515888214111,9.65710186958313,11.496549844741821,13.106066823005676,12.646204829216003,11.956411838531494,13.335997819900513,14.715583801269531,8.277515888214111,10.34689486026764,8.737377882003784,6.2081369161605835,8.737377882003784,5.518343925476074,7.8176538944244385,9.197239875793457,15.175445795059204,8.507446885108948,5.058481931686401,13.335997819900513,5.288412928581238,9.197239875793457,3.9088269472122192,6.43806791305542,5.288412928581238,4.828550934791565,3.21903395652771,3.9088269472122192,3.21903395652771,3.4489649534225464,3.4489649534225464,3.678895950317383,3.4489649534225464,3.4489649534225464,3.21903395652771,2.5292409658432007,2.2993099689483643,3.4489649534225464,3.9088269472122192,3.21903395652771,3.678895950317383,3.678895950317383,3.21903395652771,1.8394479751586914,2.9891029596328735,4.828550934791565,1.8394479751586914,2.5292409658432007,2.5292409658432007,2.069378972053528,1.609516978263855,1.609516978263855,2.2993099689483643,1.609516978263855,0.45986199378967285,1.3795859813690186,1.1496549844741821,3.21903395652771,1.8394479751586914,2.5292409658432007,2.759171962738037,1.3795859813690186,1.609516978263855,1.609516978263855,6.897929906845093,4.368688941001892,4.368688941001892,3.4489649534225464,5.058481931686401,4.368688941001892,6.667998909950256,2.5292409658432007,3.21903395652771,3.4489649534225464,2.2993099689483643,1.3795859813690186,3.4489649534225464,2.759171962738037,2.5292409658432007,1.609516978263855,2.2993099689483643,2.2993099689483643,4.368688941001892,2.759171962738037,2.2993099689483643,1.1496549844741821,3.21903395652771,4.5986199378967285,3.21903395652771,3.9088269472122192,4.828550934791565,6.43806791305542,1.1496549844741821,1.3795859813690186,1.1496549844741821,3.4489649534225464,4.138757944107056,4.828550934791565,1.8394479751586914,1.1496549844741821,0.22993099689483643,0.9197239875793457,2.2993099689483643,0.45986199378967285,0.9197239875793457,0.0,2.2993099689483643,2.2993099689483643,2.2993099689483643,0.45986199378967285,0.6897929906845093,1.3795859813690186,1.1496549844741821,3.9088269472122192,1.609516978263855,0.9197239875793457,1.1496549844741821,2.2993099689483643,2.9891029596328735,2.069378972053528,1.3795859813690186,3.4489649534225464,1.3795859813690186,3.9088269472122192,2.5292409658432007,0.22993099689483643,3.4489649534225464,5.058481931686401,3.678895950317383,5.518343925476074,2.2993099689483643,3.678895950317383,3.4489649534225464,3.9088269472122192,5.288412928581238,5.978205919265747,6.667998909950256,6.43806791305542,11.036687850952148,4.828550934791565,6.2081369161605835,7.127860903739929,7.127860903739929,8.507446885108948,7.127860903739929,10.806756854057312,7.127860903739929,8.277515888214111,5.518343925476074,9.65710186958313,7.357791900634766,7.8176538944244385,7.587722897529602,8.507446885108948,5.288412928581238,3.21903395652771,4.138757944107056,4.5986199378967285,4.828550934791565,4.368688941001892,4.5986199378967285,2.9891029596328735
1.3795859813690186,1.1496549844741821,2.5292409658432007,0.9197239875793457,1.8394479751586914,2.9891029596328735,2.9891029596328735,3.21903395652771,1.609516978263855,1.609516978263855,2.9891029596328735,2.759171962738037,2.9891029596328735,5.058481931686401,2.759171962738037,1.8394479751586914,1.609516978263855,1.8394479751586914,2.069378972053528,2.069378972053528,2.069378972053528,2.9891029596328735,2.9891029596328735,2.759171962738037,1.3795859813690186,1.3795859813690186,2.5292409658432007,3.9088269472122192,2.069378972053528,1.609516978263855,0.9197239875793457,1.8394479751586914,0.6897929906845093,0.9197239875793457,0.6897929906845093,1.3795859813690186,1.1496549844741821,1.1496549844741821,0.9197239875793457,0.45986199378967285,0.22993099689483643,0.6897929906845093,0.0,0.9197239875793457,1.1496549844741821,0.22993099689483643,0.0,0.22993099689483643,1.3795859813690186,0.22993099689483643,0.45986199378967285,0.22993099689483643,0.9197239875793457,0.45986199378967285,0.0,0.9197239875793457,0.0,0.6897929906845093,0.6897929906845093,0.22993099689483643,0.0,0.0,0.22993099689483643,0.6897929906845093,0.0,0.22993099689483643,0.22993099689483643,0.6897929906845093,0.45986199378967285,0.22993099689483643,1.1496549844741821,0.6897929906845093,0.6897929906845093,0.45986199378967285,0.45986199378967285,0.22993099689483643,1.3795859813690186,0.45986199378967285,0.22993099689483643,0.6897929906845093,0.0,0.22993099689483643,0.6897929906845093,1.609516978263855,0.9197239875793457,0.6897929906845093,0.22993099689483643,0.0,1.3795859813690186,1.1496549844741821,0.6897929906845093,0.9197239875793457,2.069378972053528,1.609516978263855,0.6897929906845093,1.1496549844741821,2.759171962738037,3.21903395652771,1.1496549844741821,1.1496549844741821,0.45986199378967285,0.9197239875793457,1.3795859813690186,2.2993099689483643,1.8394479751586914,0.45986199378967285,0.22993099689483643,0.0,0.45986199378967285,2.5292409658432007,0.22993099689483643,0.45986199378967285,2.069378972053528,0.9197239875793457,1.3795859813690186,0.6897929906845093,0.6897929906845093,1.1496549844741821,2.5292409658432007,1.3795859813690186,3.21903395652771,0.45986199378967285,3.21903395652771,0.9197239875793457,4.5986199378967285,2.759171962738037,2.5292409658432007,2.5292409658432007,3.678895950317383,1.609516978263855,5.748274922370911,2.759171962738037,2.2993099689483643,5.748274922370911,2.2993099689483643,3.9088269472122192,3.4489649534225464,4.828550934791565,3.9088269472122192,5.978205919265747,4.138757944107056,5.978205919265747,8.047584891319275,6.2081369161605835,4.368688941001892,5.518343925476074,6.667998909950256,11.036687850952148,9.427170872688293,6.2081369161605835,5.058481931686401,5.748274922370911,9.887032866477966,10.116963863372803,9.65710186958313,6.667998909950256,4.5986199378967285,7.587722897529602,8.507446885108948,7.127860903739929,10.576825857162476,3.4489649534225464,4.5986199378967285,7.357791900634766,3.9088269472122192,6.2081369161605835,4.828550934791565,5.288412928581238
5.518343925476074,4.138757944107056,5.058481931686401,8.277515888214111,6.2081369161605835,7.8176538944244385,13.106066823005676,8.277515888214111,6.43806791305542,11.266618847846985,6.897929906845093,13.106066823005676,18.164548754692078,14.025790810585022,5.978205919265747,8.047584891319275,7.587722897529602,9.427170872688293,9.427170872688293,8.96730887889862,10.116963863372803,14.025790810585022,14.255721807479858,8.047584891319275,13.106066823005676,11.726480841636658,8.737377882003784,14.025790810585022,9.427170872688293,5.518343925476074,10.576825857162476,4.138757944107056,8.047584891319275,6.667998909950256,5.518343925476074,5.748274922370911,7.357791900634766,6.667998909950256,5.748274922370911,5.518343925476074,3.21903395652771,6.897929906845093,5.058481931686401,5.518343925476074,6.897929906845093,5.288412928581238,7.8176538944244385,5.058481931686401,4.5986199378967285,2.9891029596328735,5.748274922370911,7.587722897529602,5.748274922370911,2.759171962738037,2.5292409658432007,4.828550934791565,3.4489649534225464,3.21903395652771,4.5986199378967285,1.609516978263855,2.069378972053528,1.1496549844741821,2.069378972053528,5.058481931686401,6.43806791305542,4.828550934791565,5.748274922370911,3.4489649534225464,2.5292409658432007,4.138757944107056,8.277515888214111,7.357791900634766,7.587722897529602,7.8176538944244385,7.357791900634766,9.427170872688293,6.667998909950256,3.21903395652771,3.9088269472122192,5.518343925476074,5.518343925476074,5.978205919265747,8.047584891319275,4.368688941001892,6.43806791305542,5.978205919265747,6.897929906845093,5.058481931686401,5.518343925476074,7.8176538944244385,8.507446885108948,5.518343925476074,8.277515888214111,8.96730887889862,8.507446885108948,8.96730887889862,13.56592881679535,9.427170872688293,5.288412928581238,4.368688941001892,4.828550934791565,8.96730887889862,8.047584891319275,7.8176538944244385,8.047584891319275,4.138757944107056,2.9891029596328735,1.609516978263855,4.5986199378967285,3.9088269472122192,4.5986199378967285,2.759171962738037,4.368688941001892,2.9891029596328735,1.609516978263855,7.127860903739929,4.368688941001892,5.288412928581238,6.43806791305542,4.368688941001892,5.748274922370911,6.43806791305542,5.978205919265747,6.667998909950256,11.726480841636658,7.8176538944244385,5.748274922370911,4.828550934791565,8.277515888214111,10.34689486026764,9.887032866477966,9.427170872688293,5.748274922370911,10.576825857162476,10.116963863372803,9.197239875793457,11.266618847846985,13.56592881679535,13.795859813690186,13.335997819900513,13.56592881679535,12.416273832321167,18.854341745376587,18.164548754692078,17.704686760902405,18.394479751586914,19.774065732955933,9.887032866477966,17.014893770217896,18.164548754692078,16.78496277332306,20.00399672985077,14.025790810585022,14.715583801269531,12.646204829216003,16.09516978263855,18.394479751586914,17.014893770217896,15.635307788848877,17.47475576400757,12.416273832321167,6.667998909950256,7.8176538944244385,5.978205919265747,8.277515888214111,8.047584891319275,5.978205919265747,5.518343925476074
1.3795859813690186,2.2993099689483643,2.2993099689483643,4.368688941001892,3.4489649534225464,3.678895950317383,3.678895950317383,3.21903395652771,3.678895950317383,4.5986199378967285,5.288412928581238,7.127860903739929,5.978205919265747,4.138757944107056,1.609516978263855,4.138757944107056,4.368688941001892,3.678895950317383,2.9891029596328735,2.759171962738037,3.678895950317383,4.368688941001892,3.21903395652771,3.678895950317383,5.058481931686401,4.5986199378967285,5.058481931686401,3.678895950317383,1.8394479751586914,3.21903395652771,3.21903395652771,2.069378972053528,2.9891029596328735,2.9891029596328735,2.069378972053528,2.759171962738037,2.759171962738037,0.6897929906845093,3.4489649534225464,3.21903395652771,1.8394479751586914,1.8394479751586914,3.9088269472122192,2.5292409658432007,2.5292409658432007,1.609516978263855,2.9891029596328735,2.5292409658432007,2.5292409658432007,2.9891029596328735,2.069378972053528,3.4489649534225464,2.069378972053528,2.5292409658432007,0.9197239875793457,1.609516978263855,0.9197239875793457,1.609516978263855,1.3795859813690186,0.9197239875793457,0.45986199378967285,0.45986199378967285,0.6897929906845093,1.3795859813690186,2.069378972053528,2.069378972053528,0.45986199378967285,0.22993099689483643,1.3795859813690186,1.609516978263855,3.678895950317383,1.609516978263855,0.6897929906845093,1.3795859813690186,2.9891029596328735,0.45986199378967285,2.9891029596328735,0.45986199378967285,0.9197239875793457,1.1496549844741821,2.5292409658432007,0.9197239875793457,0.6897929906845093,0.9197239875793457,0.9197239875793457,2.2993099689483643,2.069378972053528,3.678895950317383,1.3795859813690186,1.3795859813690186,1.8394479751586914,2.759171962738037,2.2993099689483643,2.2993099689483643,2.759171962738037,3.9088269472122192,3.4489649534225464,2.5292409658432007,0.6897929906845093,1.8394479751586914,1.1496549844741821,1.3795859813690186,2.069378972053528,1.609516978263855,4.368688941001892,0.45986199378967285,0.22993099689483643,0.22993099689483643,0.22993099689483643,0.45986199378967285,1.3795859813690186,0.9197239875793457,2.069378972053528,0.6897929906845093,0.6897929906845093,0.0,0.22993099689483643,0.6897929906845093,0.0,2.069378972053528,0.45986199378967285,1.609516978263855,2.9891029596328735,0.22993099689483643,1.609516978263855,0.45986199378967285,0.45986199378967285,3.21903395652771,0.9197239875793457,1.8394479751586914,3.678895950317383,0.22993099689483643,1.609516978263855,2.2993099689483643,2.759171962738037,2.759171962738037,2.069378972053528,1.3795859813690186,2.2993099689483643,5.978205919265747,2.9891029596328735,2.069378972053528,5.518343925476074,4.138757944107056,3.9088269472122192,5.058481931686401,4.828550934791565,1.609516978263855,8.047584891319275,4.368688941001892,7.8176538944244385,7.357791900634766,4.138757944107056,7.127860903739929,5.748274922370911,6.2081369161605835,6.667998909950256,8.047584891319275,7.357791900634766,7.357791900634766,6.667998909950256,4.138757944107056,3.678895950317383,5.058481931686401,2.2993099689483643,6.2081369161605835,2.759171962738037,3.4489649534225464
0.6897929906845093,1.1496549844741821,1.609516978263855,0.0,0.22993099689483643,0.9197239875793457,2.069378972053528,0.6897929906845093,1.3795859813690186,0.6897929906845093,1.609516978263855,0.6897929906845093,1.609516978263855,1.8394479751586914,1.3795859813690186,0.9197239875793457,0.45986199378967285,0.6897929906845093,1.1496549844741821,0.45986199378967285,0.6897929906845093,0.9197239875793457,0.9197239875793457,1.3795859813690186,0.0,0.6897929906845093,2.759171962738037,1.609516978263855,0.0,0.6897929906845093,0.9197239875793457,0.22993099689483643,0.6897929906845093,0.6897929906845093,0.45986199378967285,0.6897929906845093,0.0,0.6897929906845093,0.22993099689483643,1.1496549844741821,0.45986199378967285,0.0,0.9197239875793457,0.0,0.0,0.9197239875793457,1.1496549844741821,0.9197239875793457,0.0,0.22993099689483643,0.6897929906845093,0.9197239875793457,0.6897929906845093,0.6897929906845093,0.0,0.45986199378967285,0.22993099689483643,1.1496549844741821,0.6897929906845093,0.9197239875793457,0.22993099689483643,0.0,0.22993099689483643,0.0,1.1496549844741821,0.6897929906845093,0.9197239875793457,0.0,0.22993099689483643,0.0,0.6897929906845093,1.3795859813690186,0.45986199378967285,0.22993099689483643,0.0,0.45986199378967285,0.9197239875793457,0.45986199378967285,0.22993099689483643,0.22993099689483643,0.45986199378967285,0.22993099689483643,0.0,1.3795859813690186,0.22993099689483643,0.9197239875793457,0.22993099689483643,0.6897929906845093,0.0,0.0,0.6897929906845093,2.9891029596328735,0.22993099689483643,0.22993099689483643,0.45986199378967285,0.22993099689483643,0.6897929906845093,1.3795859813690186,0.22993099689483643,0.9197239875793457,0.6897929906845093,0.0,0.9197239875793457,0.45986199378967285,0.6897929906845093,0.22993099689483643,0.22993099689483643,0.22993099689483643,0.22993099689483643,0.22993099689483643,0.0,0.0,0.22993099689483643,0.45986199378967285,0.0,0.45986199378967285,0.22993099689483643,0.22993099689483643,0.45986199378967285,0.0,0.0,0.45986199378967285,0.22993099689483643,1.3795859813690186,0.22993099689483643,0.6897929906845093,0.6897929906845093,0.0,0.6897929906845093,0.22993099689483643,0.9197239875793457,1.1496549844741821,0.22993099689483643,0.0,0.45986199378967285,1.1496549844741821,0.6897929906845093,0.9197239875793457,1.8394479751586914,0.22993099689483643,1.1496549844741821,1.1496549844741821,1.1496549844741821,0.45986199378967285,1.1496549844741821,2.2993099689483643,0.9197239875793457,3.21903395652771,0.6897929906845093,2.9891029596328735,1.8394479751586914,1.3795859813690186,1.609516978263855,2.5292409658432007,0.6897929906845093,2.069378972053528,1.609516978263855,2.069378972053528,2.5292409658432007,1.8394479751586914,0.9197239875793457,1.8394479751586914,0.9197239875793457,0.9197239875793457,0.6897929906845093,1.3795859813690186,2.069378972053528,0.6897929906845093
6.2081369161605835,6.43806791305542,5.288412928581238,6.667998909950256,7.127860903739929,8.047584891319275,13.335997819900513,11.496549844741821,11.496549844741821,11.726480841636658,11.036687850952148,13.795859813690186,14.485652804374695,17.47475576400757,7.587722897529602,11.036687850952148,10.576825857162476,11.036687850952148,9.65710186958313,9.427170872688293,9.65710186958313,11.496549844741821,15.40537679195404,12.18634283542633,12.416273832321167,10.116963863372803,15.865238785743713,16.325100779533386,9.197239875793457,9.427170872688293,10.34689486026764,8.047584891319275,5.518343925476074,6.667998909950256,9.427170872688293,9.427170872688293,5.978205919265747,4.368688941001892,6.43806791305542,6.43806791305542,6.43806791305542,4.828550934791565,6.43806791305542,5.058481931686401,9.65710186958313,6.2081369161605835,5.748274922370911,4.5986199378967285,4.828550934791565,4.5986199378967285,5.518343925476074,3.9088269472122192,2.9891029596328735,3.678895950317383,5.518343925476074,3.4489649534225464,2.069378972053528,2.759171962738037,1.8394479751586914,2.5292409658432007,2.069378972053528,2.9891029596328735,2.5292409658432007,1.1496549844741821,4.138757944107056,3.21903395652771,3.21903395652771,2.5292409658432007,4.5986199378967285,1.8394479751586914,5.288412928581238,5.058481931686401,2.759171962738037,4.5986199378967285,3.4489649534225464,2.5292409658432007,9.887032866477966,2.759171962738037,2.5292409658432007,2.9891029596328735,2.9891029596328735,3.21903395652771,4.368688941001892,3.4489649534225464,2.5292409658432007,4.828550934791565,3.4489649534225464,2.759171962738037,2.069378972053528,4.5986199378967285,4.368688941001892,3.678895950317383,4.5986199378967285,4.368688941001892,6.2081369161605835,8.047584891319275,4.368688941001892,5.288412928581238,5.058481931686401,4.138757944107056,3.9088269472122192,7.357791900634766,4.5986199378967285,1.609516978263855,3.678895950317383,2.5292409658432007,6.43806791305542,2.9891029596328735,1.609516978263855,0.45986199378967285,0.22993099689483643,2.759171962738037,7.8176538944244385,5.748274922370911,4.5986199378967285,2.9891029596328735,2.759171962738037,1.8394479751586914,8.047584891319275,7.587722897529602,4.5986199378967285,5.748274922370911,3.9088269472122192,5.288412928581238,10.116963863372803,9.197239875793457,7.8176538944244385,4.368688941001892,5.288412928581238,5.978205919265747,7.8176538944244385,7.8176538944244385,8.277515888214111,12.416273832321167,8.277515888214111,4.5986199378967285,9.197239875793457,8.047584891319275,9.887032866477966,8.277515888214111,11.726480841636658,16.555031776428223,17.244824767112732,12.87613582611084,18.164548754692078,13.795859813690186,16.78496277332306,16.09516978263855,18.62441074848175,17.93461775779724,13.795859813690186,20.00399672985077,14.715583801269531,16.78496277332306,17.244824767112732,15.40537679195404,16.09516978263855,14.025790810585022,14.715583801269531,19.084272742271423,17.244824767112732,6.43806791305542,6.897929906845093,8.96730887889862,6.897929906845093,8.96730887889862,5.978205919265747,6.897929906845093
5.058481931686401,7.8176538944244385,10.34689486026764,5.978205919265747,9.197239875793457,11.036687850952148,9.887032866477966,8.047584891319275,11.726480841636658,14.945514798164368,15.635307788848877,12.18634283542633,12.87613582611084,17.014893770217896,8.737377882003784,8.96730887889862,10.806756854057312,10.806756854057312,8.737377882003784,9.887032866477966,5.748274922370911,16.78496277332306,11.266618847846985,11.496549844741821,7.357791900634766,8.96730887889862,13.335997819900513,11.726480841636658,8.047584891319275,7.127860903739929,8.277515888214111,6.897929906845093,5.058481931686401,7.8176538944244385,4.5986199378967285,5.518343925476074,6.667998909950256,4.368688941001892,5.518343925476074,6.2081369161605835,5.288412928581238,5.288412928581238,5.518343925476074,8.737377882003784,5.518343925476074,4.828550934791565,3.678895950317383,4.828550934791565,6.43806791305542,4.368688941001892,5.288412928581238,8.277515888214111,4.368688941001892,3.678895950317383,4.5986199378967285,4.138757944107056,3.4489649534225464,3.21903395652771,4.368688941001892,3.9088269472122192,2.069378972053528,1.8394479751586914,1.1496549844741821,6.897929906845093,3.9088269472122192,3.4489649534225464,4.138757944107056,2.9891029596328735,2.9891029596328735,4.5986199378967285,7.357791900634766,4.368688941001892,10.116963863372803,3.678895950317383,4.828550934791565,5.748274922370911,8.507446885108948,3.4489649534225464,6.897929906845093,5.288412928581238,4.368688941001892,3.4489649534225464,3.678895950317383,4.368688941001892,5.288412928581238,8.737377882003784,5.288412928581238,3.9088269472122192,7.357791900634766,8.047584891319275,5.978205919265747,6.2081369161605835,7.8176538944244385,6.897929906845093,7.357791900634766,6.897929906845093,6.43806791305542,8.96730887889862,4.828550934791565,3.9088269472122192,4.5986199378967285,4.828550934791565,5.058481931686401,2.9891029596328735,7.8176538944244385,1.3795859813690186,1.1496549844741821,1.609516978263855,1.8394479751586914,2.9891029596328735,2.069378972053528,0.45986199378967285,3.9088269472122192,2.069378972053528,2.5292409658432007,1.609516978263855,1.8394479751586914,3.21903395652771,2.759171962738037,2.759171962738037,1.8394479751586914,4.368688941001892,4.138757944107056,2.2993099689483643,4.5986199378967285,4.5986199378967285,0.45986199378967285,3.21903395652771,2.9891029596328735,2.5292409658432007,2.5292409658432007,2.759171962738037,4.138757944107056,7.127860903739929,5.058481931686401,3.678895950317383,4.138757944107056,5.288412928581238,3.4489649534225464,3.678895950317383,7.8176538944244385,5.058481931686401,9.427170872688293,5.058481931686401,9.427170872688293,7.127860903739929,5.978205919265747,4.5986199378967285,6.43806791305542,10.576825857162476,8.507446885108948,7.587722897529602,6.897929906845093,7.587722897529602,8.277515888214111,3.678895950317383,5.288412928581238,8.047584891319275,7.587722897529602,7.127860903739929,6.2081369161605835,3.4489649534225464,1.3795859813690186,4.828550934791565,4.368688941001892,2.759171962738037,2.9891029596328735,4.138757944107056
2.759171962738037,4.138757944107056,3.9088269472122192,3.4489649534225464,1.3795859813690186,3.21903395652771,2.759171962738037,5.978205919265747,7.587722897529602,3.9088269472122192,7.357791900634766,3.21903395652771,4.828550934791565,5.058481931686401,1.609516978263855,3.4489649534225464,4.828550934791565,3.4489649534225464,2.759171962738037,2.9891029596328735,2.5292409658432007,4.138757944107056,5.288412928581238,3.9088269472122192,3.9088269472122192,5.058481931686401,3.21903395652771,4.828550934791565,3.4489649534225464,1.8394479751586914,2.5292409658432007,2.069378972053528,2.069378972053528,2.9891029596328735,1.609516978263855,2.069378972053528,3.678895950317383,1.609516978263855,1.3795859813690186,1.3795859813690186,3.21903395652771,2.2993099689483643,4.138757944107056,2.069378972053528,2.069378972053528,2.069378972053528,1.3795859813690186,3.4489649534225464,4.828550934791565,1.609516978263855,2.069378972053528,0.6897929906845093,1.609516978263855,2.2993099689483643,2.069378972053528,2.2993099689483643,0.45986199378967285,1.1496549844741821,0.0,0.6897929906845093,0.9197239875793457,1.8394479751586914,0.45986199378967285,1.609516978263855,0.6897929906845093,0.9197239875793457,0.9197239875793457,2.069378972053528,2.5292409658432007,1.1496549844741821,1.609516978263855,1.1496549844741821,3.21903395652771,2.2993099689483643,4.828550934791565,3.9088269472122192,2.5292409658432007,3.21903395652771,1.609516978263855,1.3795859813690186,3.678895950317383,2.2993099689483643,2.759171962738037,1.8394479751586914,2.069378972053528,3.21903395652771,1.8394479751586914,2.5292409658432007,3.9088269472122192,3.9088269472122192,2.9891029596328735,1.8394479751586914,2.069378972053528,3.678895950317383,4.138757944107056,4.368688941001892,4.138757944107056,2.9891029596328735,2.2993099689483643,2.9891029596328735,1.1496549844741821,3.678895950317383,4.828550934791565,3.4489649534225464,2.5292409658432007,2.2993099689483643,0.6897929906845093,1.1496549844741821,1.3795859813690186,2.069378972053528,1.8394479751586914,1.3795859813690186,1.609516978263855,3.4489649534225464,1.3795859813690186,1.3795859813690186,1.609516978263855,5.058481931686401,2.2993099689483643,2.759171962738037,1.1496549844741821,5.978205919265747,1.8394479751586914,5.288412928581238,3.4489649534225464,2.759171962738037,1.8394479751586914,4.5986199378967285,3.9088269472122192,4.5986199378967285,4.5986199378967285,3.678895950317383,3.678895950317383,8.96730887889862,7.587722897529602,9.197239875793457,5.058481931686401,4.368688941001892,7.8176538944244385,7.8176538944244385,8.047584891319275,11.496549844741821,11.036687850952148,8.277515888214111,7.8176538944244385,12.18634283542633,18.854341745376587,11.036687850952148,9.427170872688293,12.87613582611084,16.78496277332306,10.576825857162476,15.175445795059204,14.715583801269531,11.266618847846985,13.106066823005676,13.56592881679535,9.65710186958313,12.87613582611084,12.87613582611084,13.795859813690186,8.047584891319275,5.058481931686401,6.2081369161605835,8.737377882003784,5.288412928581238,6.2081369161605835,6.43806791305542
0.6897929906845093,0.9197239875793457,2.9891029596328735,2.759171962738037,2.9891029596328735,3.678895950317383,3.4489649534225464,2.5292409658432007,2.2993099689483643,2.5292409658432007,6.667998909950256,3.4489649534225464,5.978205919265747,6.667998909950256,1.3795859813690186,1.8394479751586914,3.9088269472122192,2.9891029596328735,3.21903395652771,2.9891029596328735,3.678895950317383,4.138757944107056,2.759171962738037,3.21903395652771,2.9891029596328735,5.288412928581238,5.978205919265747,3.678895950317383,2.5292409658432007,3.21903395652771,4.368688941001892,0.9197239875793457,3.21903395652771,2.5292409658432007,2.2993099689483643,2.2993099689483643,2.5292409658432007,1.1496549844741821,2.5292409658432007,2.069378972053528,1.8394479751586914,3.21903395652771,2.069378972053528,0.9197239875793457,1.1496549844741821,2.5292409658432007,1.8394479751586914,2.2993099689483643,1.1496549844741821,1.609516978263855,2.2993099689483643,2.069378972053528,3.9088269472122192,1.1496549844741821,0.9197239875793457,1.3795859813690186,1.8394479751586914,1.8394479751586914,1.3795859813690186,0.45986199378967285,0.6897929906845093,0.6897929906845093,0.45986199378967285,2.069378972053528,3.9088269472122192,0.6897929906845093,0.9197239875793457,0.9197239875793457,2.069378972053528,2.2993099689483643,1.8394479751586914,1.609516978263855,0.9197239875793457,2.2993099689483643,1.3795859813690186,1.3795859813690186,5.748274922370911,1.609516978263855,1.609516978263855,2.5292409658432007,2.5292409658432007,2.5292409658432007,3.21903395652771,2.759171962738037,0.6897929906845093,5.518343925476074,2.759171962738037,1.3795859813690186,3.678895950317383,3.9088269472122192,3.4489649534225464,3.9088269472122192,5.748274922370911,4.368688941001892,4.828550934791565,3.678895950317383,8.047584891319275,3.4489649534225464,2.2993099689483643,2.069378972053528,4.828550934791565,3.21903395652771,2.9891029596328735,5.288412928581238,2.2993099689483643,1.3795859813690186,1.3795859813690186,0.9197239875793457,1.1496549844741821,2.759171962738037,0.9197239875793457,0.6897929906845093,1.8394479751586914,1.1496549844741821,1.3795859813690186,2.9891029596328735,2.069378972053528,2.069378972053528,0.45986199378967285,1.609516978263855,2.2993099689483643,3.9088269472122192,3.678895950317383,1.1496549844741821,5.978205919265747,0.45986199378967285,2.759171962738037,2.9891029596328735,2.759171962738037,1.3795859813690186,1.609516978263855,2.759171962738037,4.368688941001892,6.43806791305542,3.4489649534225464,2.759171962738037,3.678895950317383,3.9088269472122192,6.667998909950256,2.759171962738037,10.576825857162476,5.518343925476074,6.897929906845093,8.047584891319275,7.127860903739929,4.828550934791565,7.587722897529602,8.047584891319275,8.507446885108948,6.667998909950256,10.34689486026764,5.978205919265747,9.197239875793457,7.357791900634766,7.587722897529602,6.897929906845093,12.18634283542633,7.587722897529602,10.806756854057312,6.43806791305542,10.116963863372803,4.368688941001892,3.4489649534225464,4.138757944107056,4.368688941001892,4.828550934791565,5.288412928581238,3.4489649534225464
