t,susceptible_0_x,exposed_0_x,infected_0_x,recovered_0_x,dead_0_x,susceptible_1_x,exposed_1_x,infected_1_x,recovered_1_x,dead_1_x,susceptible_2_x,exposed_2_x,infected_2_x,recovered_2_x,dead_2_x,susceptible_3_x,exposed_3_x,infected_3_x,recovered_3_x,dead_3_x,susceptible_4_x,exposed_4_x,infected_4_x,recovered_4_x,dead_4_x,susceptible_5_x,exposed_5_x,infected_5_x,recovered_5_x,dead_5_x,susceptible_6_x,exposed_6_x,infected_6_x,recovered_6_x,dead_6_x,susceptible_7_x,exposed_7_x,infected_7_x,recovered_7_x,dead_7_x,susceptible_8_x,exposed_8_x,infected_8_x,recovered_8_x,dead_8_x,susceptible_9_x,exposed_9_x,infected_9_x,recovered_9_x,dead_9_x,susceptible_10_x,exposed_10_x,infected_10_x,recovered_10_x,dead_10_x,susceptible_11_x,exposed_11_x,infected_11_x,recovered_11_x,dead_11_x,susceptible_12_x,exposed_12_x,infected_12_x,recovered_12_x,dead_12_x,susceptible_13_x,exposed_13_x,infected_13_x,recovered_13_x,dead_13_x,susceptible_14_x,exposed_14_x,infected_14_x,recovered_14_x,dead_14_x,susceptible_15_x,exposed_15_x,infected_15_x,recovered_15_x,dead_15_x,susceptible_16_x,exposed_16_x,infected_16_x,recovered_16_x,dead_16_x,susceptible_17_x,exposed_17_x,infected_17_x,recovered_17_x,dead_17_x,susceptible_18_x,exposed_18_x,infected_18_x,recovered_18_x,dead_18_x,susceptible_19_x,exposed_19_x,infected_19_x,recovered_19_x,dead_19_x,susceptible_20_x,exposed_20_x,infected_20_x,recovered_20_x,dead_20_x,susceptible_21_x,exposed_21_x,infected_21_x,recovered_21_x,dead_21_x,susceptible_22_x,exposed_22_x,infected_22_x,recovered_22_x,dead_22_x,susceptible_23_x,exposed_23_x,infected_23_x,recovered_23_x,dead_23_x,susceptible_24_x,exposed_24_x,infected_24_x,recovered_24_x,dead_24_x,susceptible_25_x,exposed_25_x,infected_25_x,recovered_25_x,dead_25_x,susceptible_26_x,exposed_26_x,infected_26_x,recovered_26_x,dead_26_x,susceptible_27_x,exposed_27_x,infected_27_x,recovered_27_x,dead_27_x,susceptible_28_x,exposed_28_x,infected_28_x,recovered_28_x,dead_28_x,susceptible_29_x,exposed_29_x,infected_29_x,recovered_29_x,dead_29_x,susceptible_0_y,exposed_0_y,infected_0_y,recovered_0_y,dead_0_y,susceptible_1_y,exposed_1_y,infected_1_y,recovered_1_y,dead_1_y,susceptible_2_y,exposed_2_y,infected_2_y,recovered_2_y,dead_2_y,susceptible_3_y,exposed_3_y,infected_3_y,recovered_3_y,dead_3_y,susceptible_4_y,exposed_4_y,infected_4_y,recovered_4_y,dead_4_y,susceptible_5_y,exposed_5_y,infected_5_y,recovered_5_y,dead_5_y,susceptible_6_y,exposed_6_y,infected_6_y,recovered_6_y,dead_6_y,susceptible_7_y,exposed_7_y,infected_7_y,recovered_7_y,dead_7_y,susceptible_8_y,exposed_8_y,infected_8_y,recovered_8_y,dead_8_y,susceptible_9_y,exposed_9_y,infected_9_y,recovered_9_y,dead_9_y,susceptible_10_y,exposed_10_y,infected_10_y,recovered_10_y,dead_10_y,susceptible_11_y,exposed_11_y,infected_11_y,recovered_11_y,dead_11_y,susceptible_12_y,exposed_12_y,infected_12_y,recovered_12_y,dead_12_y,susceptible_13_y,exposed_13_y,infected_13_y,recovered_13_y,dead_13_y,susceptible_14_y,exposed_14_y,infected_14_y,recovered_14_y,dead_14_y,susceptible_15_y,exposed_15_y,infected_15_y,recovered_15_y,dead_15_y,susceptible_16_y,exposed_16_y,infected_16_y,recovered_16_y,dead_16_y,susceptible_17_y,exposed_17_y,infected_17_y,recovered_17_y,dead_17_y,susceptible_18_y,exposed_18_y,infected_18_y,recovered_18_y,dead_18_y,susceptible_19_y,exposed_19_y,infected_19_y,recovered_19_y,dead_19_y,susceptible_20_y,exposed_20_y,infected_20_y,recovered_20_y,dead_20_y,susceptible_21_y,exposed_21_y,infected_21_y,recovered_21_y,dead_21_y,susceptible_22_y,exposed_22_y,infected_22_y,recovered_22_y,dead_22_y,susceptible_23_y,exposed_23_y,infected_23_y,recovered_23_y,dead_23_y,susceptible_24_y,exposed_24_y,infected_24_y,recovered_24_y,dead_24_y,susceptible_25_y,exposed_25_y,infected_25_y,recovered_25_y,dead_25_y,susceptible_26_y,exposed_26_y,infected_26_y,recovered_26_y,dead_26_y,susceptible_27_y,exposed_27_y,infected_27_y,recovered_27_y,dead_27_y,susceptible_28_y,exposed_28_y,infected_28_y,recovered_28_y,dead_28_y,susceptible_29_y,exposed_29_y,infected_29_y,recovered_29_y,dead_29_y
0,0.999854564666748,0.0,0.0001454908342566,0.0,0.0,0.9998129606246948,0.0,0.0001870596315711,0.0,0.0,0.9994804263114928,0.0,0.0005196101265028,0.0,0.0,0.9995635747909546,0.0,0.000436472473666,0.0,0.0,0.9997714161872864,0.0,0.0002286284434376,0.0,0.0,0.9995843768119812,0.0,0.0004156880895607,0.0,0.0,0.999667465686798,0.0,0.0003325504658278,0.0,0.0,0.9997714161872864,0.0,0.0002286284434376,0.0,0.0,0.9997714161872864,0.0,0.0002286284434376,0.0,0.0,0.9997506141662598,0.0,0.0002494128420948,0.0,0.0,0.999792218208313,0.0,0.0002078440447803,0.0,0.0,0.9997298121452332,0.0,0.000270197255304,0.0,0.0,0.9997090697288512,0.0,0.0002909816685132,0.0,0.0,0.9998961091041564,0.0,0.0001039220223901,0.0,0.0,0.9997298121452332,0.0,0.000270197255304,0.0,0.0,0.9997298121452332,0.0,0.000270197255304,0.0,0.0,0.9998337626457214,0.0,0.0001662752329139,0.0,0.0,0.999667465686798,0.0,0.0003325504658278,0.0,0.0,0.9999169111251832,0.0,8.313761645695195e-05,0.0,0.0,0.9998129606246948,0.0,0.0001870596315711,0.0,0.0,0.9996259212493896,0.0,0.0003741192631423,0.0,0.0,0.9997714161872864,0.0,0.0002286284434376,0.0,0.0,0.9997506141662598,0.0,0.0002494128420948,0.0,0.0,0.9997298121452332,0.0,0.000270197255304,0.0,0.0,0.9997090697288512,0.0,0.0002909816685132,0.0,0.0,0.999792218208313,0.0,0.0002078440447803,0.0,0.0,0.9997506141662598,0.0,0.0002494128420948,0.0,0.0,0.999792218208313,0.0,0.0002078440447803,0.0,0.0,0.9998129606246948,0.0,0.0001870596315711,0.0,0.0,0.9997714161872864,0.0,0.0002286284434376,0.0,0.0,0.9996467232704164,0.0,0.0003533348790369,0.0,0.0,0.999542772769928,0.0,0.0004572568868752,0.0,0.0,0.9997090697288512,2.0784404114237987e-05,0.000270197255304,0.0,0.0,0.9996467232704164,4.156880822847597e-05,0.0003117660526186,0.0,0.0,0.9995843768119812,6.235321052372456e-05,0.0003533348790369,0.0,0.0,0.9996882677078248,0.0,0.0003117660526186,0.0,0.0,0.999667465686798,2.0784404114237987e-05,0.0003117660526186,0.0,0.0,0.999605119228363,4.156880822847597e-05,0.0003533348790369,0.0,0.0,0.9996882677078248,4.156880822847597e-05,0.000270197255304,0.0,0.0,0.9997298121452332,2.0784404114237987e-05,0.0002494128420948,0.0,0.0,0.9997714161872864,0.0,0.0002286284434376,0.0,0.0,0.9995219707489014,4.156880822847597e-05,0.000436472473666,0.0,0.0,0.9996467232704164,0.0,0.0003533348790369,0.0,0.0,0.9996467232704164,2.0784404114237987e-05,0.0003325504658278,0.0,0.0,0.9995843768119812,4.156880822847597e-05,0.0003741192631423,0.0,0.0,0.999667465686798,2.0784404114237987e-05,0.0003117660526186,0.0,0.0,0.9996259212493896,0.0,0.0003741192631423,0.0,0.0,0.999792218208313,0.0,0.0002078440447803,0.0,0.0,0.9997298121452332,0.0,0.000270197255304,0.0,0.0,0.9996259212493896,2.0784404114237987e-05,0.0003533348790369,0.0,0.0,0.9997506141662598,4.156880822847597e-05,0.0002078440447803,0.0,0.0,0.9997298121452332,2.0784404114237987e-05,0.0002494128420948,0.0,0.0,0.9996467232704164,2.0784404114237987e-05,0.0003325504658278,0.0,0.0,0.999667465686798,0.0001039220223901,0.0002286284434376,0.0,0.0,0.9994804263114928,4.156880822847597e-05,0.0004780413000844,0.0,0.0,0.999792218208313,2.0784404114237987e-05,0.0001870596315711,0.0,0.0,0.9993972778320312,6.235321052372456e-05,0.0005403945106081,0.0,0.0,0.999792218208313,0.0,0.0002078440447803,0.0,0.0,0.999605119228363,4.156880822847597e-05,0.0003533348790369,0.0,0.0,0.9997090697288513,4.156880822847597e-05,0.0002494128420948982,0.0,0.0
1,0.999854564666748,0.0,0.0001454908342566,0.0,0.0,0.9998129606246948,0.0,0.0001870596315711,0.0,0.0,0.9994804263114928,0.0,0.0005196101265028,0.0,0.0,0.9995635747909546,0.0,0.000436472473666,0.0,0.0,0.9997714161872864,0.0,0.0002286284434376,0.0,0.0,0.9995843768119812,0.0,0.0004156880895607,0.0,0.0,0.999667465686798,0.0,0.0003325504658278,0.0,0.0,0.9997714161872864,0.0,0.0002286284434376,0.0,0.0,0.9997714161872864,0.0,0.0002286284434376,0.0,0.0,0.9997506141662598,0.0,0.0002494128420948,0.0,0.0,0.999792218208313,0.0,0.0002078440447803,0.0,0.0,0.9997298121452332,0.0,0.000270197255304,0.0,0.0,0.9997090697288512,0.0,0.0002909816685132,0.0,0.0,0.9998961091041564,0.0,0.0001039220223901,0.0,0.0,0.9997298121452332,0.0,0.000270197255304,0.0,0.0,0.9997298121452332,0.0,0.000270197255304,0.0,0.0,0.9998337626457214,0.0,0.0001662752329139,0.0,0.0,0.999667465686798,0.0,0.0003325504658278,0.0,0.0,0.9999169111251832,0.0,8.313761645695195e-05,0.0,0.0,0.9998129606246948,0.0,0.0001870596315711,0.0,0.0,0.9996259212493896,0.0,0.0003741192631423,0.0,0.0,0.9997714161872864,0.0,0.0002286284434376,0.0,0.0,0.9997506141662598,0.0,0.0002494128420948,0.0,0.0,0.9997298121452332,0.0,0.000270197255304,0.0,0.0,0.9997090697288512,0.0,0.0002909816685132,0.0,0.0,0.999792218208313,0.0,0.0002078440447803,0.0,0.0,0.9997506141662598,0.0,0.0002494128420948,0.0,0.0,0.999792218208313,0.0,0.0002078440447803,0.0,0.0,0.9998129606246948,0.0,0.0001870596315711,0.0,0.0,0.9997714161872864,0.0,0.0002286284434376,0.0,0.0,0.9996259212493896,2.0784404114237987e-05,0.0003533348790369,0.0,0.0,0.9993972778320312,0.0001454908342566,0.0004572568868752,0.0,0.0,0.9996259212493896,0.0001039220223901,0.000270197255304,0.0,0.0,0.9995843768119812,0.0001039220223901,0.0003117660526186,0.0,0.0,0.9994388818740844,0.0002078440447803,0.0003533348790369,0.0,0.0,0.9996467232704164,4.156880822847597e-05,0.0003117660526186,0.0,0.0,0.9995012283325196,0.0001870596315711,0.0003117660526186,0.0,0.0,0.9995635747909546,8.313761645695195e-05,0.0003533348790369,0.0,0.0,0.999667465686798,6.235321052372456e-05,0.000270197255304,0.0,0.0,0.9996882677078248,6.235321052372456e-05,0.0002494128420948,0.0,0.0,0.9997714161872864,0.0,0.0002286284434376,0.0,0.0,0.9994596242904664,0.0001039220223901,0.000436472473666,0.0,0.0,0.9995635747909546,8.313761645695195e-05,0.0003533348790369,0.0,0.0,0.999605119228363,6.235321052372456e-05,0.0003325504658278,0.0,0.0,0.9995219707489014,0.0001039220223901,0.0003741192631423,0.0,0.0,0.9995635747909546,0.0001247064210474,0.0003117660526186,0.0,0.0,0.9995219707489014,0.0001039220223901,0.0003741192631423,0.0,0.0,0.9997714161872864,2.0784404114237987e-05,0.0002078440447803,0.0,0.0,0.999667465686798,6.235321052372456e-05,0.000270197255304,0.0,0.0,0.9995219707489014,0.0001247064210474,0.0003533348790369,0.0,0.0,0.9997298121452332,6.235321052372456e-05,0.0002078440447803,0.0,0.0,0.999667465686798,8.313761645695195e-05,0.0002494128420948,0.0,0.0,0.9995635747909546,0.0001039220223901,0.0003325504658278,0.0,0.0,0.999605119228363,0.0001662752329139,0.0002286284434376,0.0,0.0,0.9993972778320312,0.0001247064210474,0.0004780413000844,0.0,0.0,0.9997714161872864,4.156880822847597e-05,0.0001870596315711,0.0,0.0,0.9992725849151612,0.0001870596315711,0.0005403945106081,0.0,0.0,0.9996882677078248,0.0001039220223901,0.0002078440447803,0.0,0.0,0.9995219707489014,0.0001247064210474,0.0003533348790369,0.0,0.0,0.9996674656867981,8.313761645695195e-05,0.0002494128420948982,0.0,0.0
2,0.999854564666748,0.0,0.0001454908342566,0.0,0.0,0.9998129606246948,0.0,0.0001870596315711,0.0,0.0,0.9994804263114928,0.0,0.0005196101265028,0.0,0.0,0.9995635747909546,0.0,0.000436472473666,0.0,0.0,0.9997714161872864,0.0,0.0002286284434376,0.0,0.0,0.9995843768119812,0.0,0.0004156880895607,0.0,0.0,0.999667465686798,0.0,0.0003325504658278,0.0,0.0,0.9997714161872864,0.0,0.0002286284434376,0.0,0.0,0.9997714161872864,0.0,0.0002286284434376,0.0,0.0,0.9997506141662598,0.0,0.0002494128420948,0.0,0.0,0.999792218208313,0.0,0.0002078440447803,0.0,0.0,0.9997298121452332,0.0,0.000270197255304,0.0,0.0,0.9997090697288512,0.0,0.0002909816685132,0.0,0.0,0.9998961091041564,0.0,0.0001039220223901,0.0,0.0,0.9997298121452332,0.0,0.000270197255304,0.0,0.0,0.9997298121452332,0.0,0.000270197255304,0.0,0.0,0.9998337626457214,0.0,0.0001662752329139,0.0,0.0,0.999667465686798,0.0,0.0003325504658278,0.0,0.0,0.9999169111251832,0.0,8.313761645695195e-05,0.0,0.0,0.9998129606246948,0.0,0.0001870596315711,0.0,0.0,0.9996259212493896,0.0,0.0003741192631423,0.0,0.0,0.9997714161872864,0.0,0.0002286284434376,0.0,0.0,0.9997506141662598,0.0,0.0002494128420948,0.0,0.0,0.9997298121452332,0.0,0.000270197255304,0.0,0.0,0.9997090697288512,0.0,0.0002909816685132,0.0,0.0,0.999792218208313,0.0,0.0002078440447803,0.0,0.0,0.9997506141662598,0.0,0.0002494128420948,0.0,0.0,0.999792218208313,0.0,0.0002078440447803,0.0,0.0,0.9998129606246948,0.0,0.0001870596315711,0.0,0.0,0.9997714161872864,0.0,0.0002286284434376,0.0,0.0,0.999605119228363,4.156880822847597e-05,0.0003533348790369,0.0,0.0,0.9991894364356996,0.0003533348790369,0.0004572568868752,0.0,0.0,0.9995635747909546,0.0001662752329139,0.000270197255304,0.0,0.0,0.9993972778320312,0.0002909816685132,0.0003117660526186,0.0,0.0,0.9992725849151612,0.0003741192631423,0.0003533348790369,0.0,0.0,0.9995012283325196,0.0001870596315711,0.0003117660526186,0.0,0.0,0.9994596242904664,0.0002286284434376,0.0003117660526186,0.0,0.0,0.9994804263114928,0.0001662752329139,0.0003533348790369,0.0,0.0,0.999605119228363,0.0001247064210474,0.000270197255304,0.0,0.0,0.9996259212493896,0.0001247064210474,0.0002494128420948,0.0,0.0,0.9997090697288512,6.235321052372456e-05,0.0002286284434376,0.0,0.0,0.9993972778320312,0.0001662752329139,0.000436472473666,0.0,0.0,0.9994804263114928,0.0001662752329139,0.0003533348790369,0.0,0.0,0.9995012283325196,0.0001662752329139,0.0003325504658278,0.0,0.0,0.9993972778320312,0.0002286284434376,0.0003741192631423,0.0,0.0,0.999418079853058,0.000270197255304,0.0003117660526186,0.0,0.0,0.999418079853058,0.0002078440447803,0.0003741192631423,0.0,0.0,0.9996467232704164,0.0001454908342566,0.0002078440447803,0.0,0.0,0.9995843768119812,0.0001454908342566,0.000270197255304,0.0,0.0,0.9993764758110046,0.000270197255304,0.0003533348790369,0.0,0.0,0.9997090697288512,8.313761645695195e-05,0.0002078440447803,0.0,0.0,0.9996467232704164,0.0001039220223901,0.0002494128420948,0.0,0.0,0.999418079853058,0.0002494128420948,0.0003325504658278,0.0,0.0,0.9995012283325196,0.000270197255304,0.0002286284434376,0.0,0.0,0.9992725849151612,0.0002494128420948,0.0004780413000844,0.0,0.0,0.9996259212493896,0.0001870596315711,0.0001870596315711,0.0,0.0,0.9991686344146729,0.0002909816685132,0.0005403945106081,0.0,0.0,0.999605119228363,0.0001870596315711,0.0002078440447803,0.0,0.0,0.999418079853058,0.0002286284434376,0.0003533348790369,0.0,0.0,0.9995843768119812,0.0001662752329139039,0.0002494128420948982,0.0,0.0
3,0.999854564666748,0.0,0.0001454908342566,0.0,0.0,0.9998129606246948,0.0,0.0001870596315711,0.0,0.0,0.9994804263114928,0.0,0.0005196101265028,0.0,0.0,0.9995635747909546,0.0,0.000436472473666,0.0,0.0,0.9997714161872864,0.0,0.0002286284434376,0.0,0.0,0.9995843768119812,0.0,0.0004156880895607,0.0,0.0,0.999667465686798,0.0,0.0003325504658278,0.0,0.0,0.9997714161872864,0.0,0.0002286284434376,0.0,0.0,0.9997714161872864,0.0,0.0002286284434376,0.0,0.0,0.9997506141662598,0.0,0.0002494128420948,0.0,0.0,0.999792218208313,0.0,0.0002078440447803,0.0,0.0,0.9997298121452332,0.0,0.000270197255304,0.0,0.0,0.9997090697288512,0.0,0.0002909816685132,0.0,0.0,0.9998961091041564,0.0,0.0001039220223901,0.0,0.0,0.9997298121452332,0.0,0.000270197255304,0.0,0.0,0.9997298121452332,0.0,0.000270197255304,0.0,0.0,0.9998337626457214,0.0,0.0001662752329139,0.0,0.0,0.999667465686798,0.0,0.0003325504658278,0.0,0.0,0.9999169111251832,0.0,8.313761645695195e-05,0.0,0.0,0.9998129606246948,0.0,0.0001870596315711,0.0,0.0,0.9996259212493896,0.0,0.0003741192631423,0.0,0.0,0.9997714161872864,0.0,0.0002286284434376,0.0,0.0,0.9997506141662598,0.0,0.0002494128420948,0.0,0.0,0.9997298121452332,0.0,0.000270197255304,0.0,0.0,0.9997090697288512,0.0,0.0002909816685132,0.0,0.0,0.999792218208313,0.0,0.0002078440447803,0.0,0.0,0.9997506141662598,0.0,0.0002494128420948,0.0,0.0,0.999792218208313,0.0,0.0002078440447803,0.0,0.0,0.9998129606246948,0.0,0.0001870596315711,0.0,0.0,0.9997714161872864,0.0,0.0002286284434376,0.0,0.0,0.9993557333946228,0.0002909816685132,0.0003533348790369,0.0,0.0,0.9990647435188292,0.0004780413000844,0.0004572568868752,0.0,0.0,0.9994596242904664,0.000270197255304,0.000270197255304,0.0,0.0,0.9991894364356996,0.0004988256841897,0.0003117660526186,0.0,0.0,0.999147891998291,0.0004988256841897,0.0003533348790369,0.0,0.0,0.9993972778320312,0.0002909816685132,0.0003117660526186,0.0,0.0,0.999210238456726,0.0004780413000844,0.0003117660526186,0.0,0.0,0.9993972778320312,0.0002494128420948,0.0003533348790369,0.0,0.0,0.9995843768119812,0.0001454908342566,0.000270197255304,0.0,0.0,0.9995219707489014,0.0002286284434376,0.0002494128420948,0.0,0.0,0.999667465686798,0.0001039220223901,0.0002286284434376,0.0,0.0,0.9992517828941344,0.0003117660526186,0.000436472473666,0.0,0.0,0.9992517828941344,0.0003949036763515,0.0003533348790369,0.0,0.0,0.999418079853058,0.0002494128420948,0.0003325504658278,0.0,0.0,0.9992725849151612,0.0003533348790369,0.0003741192631423,0.0,0.0,0.9993349313735962,0.0003533348790369,0.0003117660526186,0.0,0.0,0.9993349313735962,0.0002909816685132,0.0003741192631423,0.0,0.0,0.9995843768119812,0.0002078440447803,0.0002078440447803,0.0,0.0,0.9995219707489014,0.0002078440447803,0.000270197255304,0.0,0.0,0.9991894364356996,0.0004572568868752,0.0003533348790369,0.0,0.0,0.9996882677078248,0.0001039220223901,0.0002078440447803,0.0,0.0,0.9995843768119812,0.0001662752329139,0.0002494128420948,0.0,0.0,0.9992310404777528,0.000436472473666,0.0003325504658278,0.0,0.0,0.9994388818740844,0.0003325504658278,0.0002286284434376,0.0,0.0,0.9991686344146729,0.0003533348790369,0.0004780413000844,0.0,0.0,0.9995635747909546,0.0002494128420948,0.0001870596315711,0.0,0.0,0.998898446559906,0.0005611788947135,0.0005403945106081,0.0,0.0,0.9993972778320312,0.0003949036763515,0.0002078440447803,0.0,0.0,0.9992310404777528,0.0004156880895607,0.0003533348790369,0.0,0.0,0.9995219707489014,0.00022862844343762845,0.0002494128420948982,0.0,0.0
4,0.999854564666748,0.0,0.0001454908342566,0.0,0.0,0.9998129606246948,0.0,0.0001870596315711,0.0,0.0,0.9994804263114928,0.0,0.0005196101265028,0.0,0.0,0.9995635747909546,0.0,0.000436472473666,0.0,0.0,0.9997714161872864,0.0,0.0002286284434376,0.0,0.0,0.9995843768119812,0.0,0.0004156880895607,0.0,0.0,0.999667465686798,0.0,0.0003325504658278,0.0,0.0,0.9997714161872864,0.0,0.0002286284434376,0.0,0.0,0.9997714161872864,0.0,0.0002286284434376,0.0,0.0,0.9997506141662598,0.0,0.0002494128420948,0.0,0.0,0.999792218208313,0.0,0.0002078440447803,0.0,0.0,0.9997298121452332,0.0,0.000270197255304,0.0,0.0,0.9997090697288512,0.0,0.0002909816685132,0.0,0.0,0.9998961091041564,0.0,0.0001039220223901,0.0,0.0,0.9997298121452332,0.0,0.000270197255304,0.0,0.0,0.9997298121452332,0.0,0.000270197255304,0.0,0.0,0.9998337626457214,0.0,0.0001662752329139,0.0,0.0,0.999667465686798,0.0,0.0003325504658278,0.0,0.0,0.9999169111251832,0.0,8.313761645695195e-05,0.0,0.0,0.9998129606246948,0.0,0.0001870596315711,0.0,0.0,0.9996259212493896,0.0,0.0003741192631423,0.0,0.0,0.9997714161872864,0.0,0.0002286284434376,0.0,0.0,0.9997506141662598,0.0,0.0002494128420948,0.0,0.0,0.9997298121452332,0.0,0.000270197255304,0.0,0.0,0.9997090697288512,0.0,0.0002909816685132,0.0,0.0,0.999792218208313,0.0,0.0002078440447803,0.0,0.0,0.9997506141662598,0.0,0.0002494128420948,0.0,0.0,0.999792218208313,0.0,0.0002078440447803,0.0,0.0,0.9998129606246948,0.0,0.0001870596315711,0.0,0.0,0.9997714161872864,0.0,0.0002286284434376,0.0,0.0,0.9992725849151612,0.0003741192631423,0.0003533348790369,0.0,0.0,0.9987945556640624,0.0007482385262846,0.0004572568868752,0.0,0.0,0.9994388818740844,0.000270197255304,0.0002909816685132,0.0,0.0,0.9991270899772644,0.0005196101265028,0.0003533348790369,0.0,0.0,0.9989815950393676,0.0006027477211318,0.0004156880895607,0.0,0.0,0.9992517828941344,0.000436472473666,0.0003117660526186,0.0,0.0,0.9991062879562378,0.0005611788947135,0.0003325504658278,0.0,0.0,0.9992933869361876,0.0003117660526186,0.0003949036763515,0.0,0.0,0.9995012283325196,0.0001870596315711,0.0003117660526186,0.0,0.0,0.9993557333946228,0.0003741192631423,0.000270197255304,0.0,0.0,0.9995635747909546,0.0002078440447803,0.0002286284434376,0.0,0.0,0.9991686344146729,0.0003533348790369,0.0004780413000844,0.0,0.0,0.9991062879562378,0.0005403945106081,0.0003533348790369,0.0,0.0,0.9993141293525696,0.0003325504658278,0.0003533348790369,0.0,0.0,0.9991270899772644,0.0004572568868752,0.0004156880895607,0.0,0.0,0.9991894364356996,0.0004780413000844,0.0003325504658278,0.0,0.0,0.9991894364356996,0.000436472473666,0.0003741192631423,0.0,0.0,0.9994804263114928,0.0003117660526186,0.0002078440447803,0.0,0.0,0.9992725849151612,0.0004572568868752,0.000270197255304,0.0,0.0,0.999085545539856,0.0005403945106081,0.0003741192631423,0.0,0.0,0.9995843768119812,0.0001662752329139,0.0002494128420948,0.0,0.0,0.9994596242904664,0.000270197255304,0.000270197255304,0.0,0.0,0.9991270899772644,0.0005196101265028,0.0003533348790369,0.0,0.0,0.9993141293525696,0.0003533348790369,0.0003325504658278,0.0,0.0,0.9990439414978028,0.000436472473666,0.0005196101265028,0.0,0.0,0.9994804263114928,0.0003117660526186,0.0002078440447803,0.0,0.0,0.9986490607261658,0.0007482385262846,0.0006027477211318,0.0,0.0,0.9993349313735962,0.0004572568868752,0.0002078440447803,0.0,0.0,0.9991062879562378,0.0004988256841897,0.0003949036763515,0.0,0.0,0.9994596242904663,0.0002494128420948982,0.00029098166851326823,0.0,0.0
5,0.999854564666748,0.0,0.0,0.0001454908342566,0.0,0.9998129606246948,0.0,0.0,0.0001870596315711,0.0,0.9994804263114928,0.0,0.0,0.0005196101265028,0.0,0.9995635747909546,0.0,0.0,0.000436472473666,0.0,0.9997714161872864,0.0,0.0,0.0002286284434376,0.0,0.9995843768119812,0.0,0.0,0.0004156880895607,0.0,0.999667465686798,0.0,0.0,0.0003325504658278,0.0,0.9997714161872864,0.0,0.0,0.0002286284434376,0.0,0.9997714161872864,0.0,0.0,0.0002286284434376,0.0,0.9997506141662598,0.0,0.0,0.0002494128420948,0.0,0.999792218208313,0.0,0.0,0.0002078440447803,0.0,0.9997298121452332,0.0,0.0,0.000270197255304,0.0,0.9997090697288512,0.0,0.0,0.0002909816685132,0.0,0.9998961091041564,0.0,0.0,0.0001039220223901,0.0,0.9997298121452332,0.0,0.0,0.000270197255304,0.0,0.9997298121452332,0.0,0.0,0.000270197255304,0.0,0.9998337626457214,0.0,0.0,0.0001662752329139,0.0,0.999667465686798,0.0,0.0,0.0003325504658278,0.0,0.9999169111251832,0.0,0.0,8.313761645695195e-05,0.0,0.9998129606246948,0.0,0.0,0.0001870596315711,0.0,0.9996259212493896,0.0,0.0,0.0003741192631423,0.0,0.9997714161872864,0.0,0.0,0.0002286284434376,0.0,0.9997506141662598,0.0,0.0,0.0002494128420948,0.0,0.9997298121452332,0.0,0.0,0.000270197255304,0.0,0.9997090697288512,0.0,0.0,0.0002909816685132,0.0,0.999792218208313,0.0,0.0,0.0002078440447803,0.0,0.9997506141662598,0.0,0.0,0.0002494128420948,0.0,0.999792218208313,0.0,0.0,0.0002078440447803,0.0,0.9998129606246948,0.0,0.0,0.0001870596315711,0.0,0.9997714161872864,0.0,0.0,0.0002286284434376,0.0,0.999210238456726,0.0004156880895607,2.0784404114237987e-05,0.0003533348790369,0.0,0.998565912246704,0.0008313761791214,0.0001454908342566,0.0004572568868752,0.0,0.999418079853058,0.0002078440447803,0.0001039220223901,0.000270197255304,0.0,0.9989400506019592,0.0006443165475502,0.0001039220223901,0.0003117660526186,0.0,0.9987114071846008,0.0007274541421793,0.0002078440447803,0.0003533348790369,0.0,0.999210238456726,0.000436472473666,4.156880822847597e-05,0.0003117660526186,0.0,0.999023139476776,0.0004780413000844,0.0001870596315711,0.0003117660526186,0.0,0.9990439414978028,0.0005196101265028,8.313761645695195e-05,0.0003533348790369,0.0,0.9993764758110046,0.0002909816685132,6.235321052372456e-05,0.000270197255304,0.0,0.9992725849151612,0.0004156880895607,6.235321052372456e-05,0.0002494128420948,0.0,0.9995219707489014,0.0002494128420948,0.0,0.0002286284434376,0.0,0.999085545539856,0.0003741192631423,0.0001039220223901,0.000436472473666,0.0,0.9990023970603944,0.0005611788947135,8.313761645695195e-05,0.0003533348790369,0.0,0.999210238456726,0.0003949036763515,6.235321052372456e-05,0.0003325504658278,0.0,0.9990647435188292,0.0004572568868752,0.0001039220223901,0.0003741192631423,0.0,0.999147891998291,0.0004156880895607,0.0001247064210474,0.0003117660526186,0.0,0.999085545539856,0.000436472473666,0.0001039220223901,0.0003741192631423,0.0,0.9994596242904664,0.0003117660526186,2.0784404114237987e-05,0.0002078440447803,0.0,0.9991894364356996,0.0004780413000844,6.235321052372456e-05,0.000270197255304,0.0,0.9989607930183412,0.0005611788947135,0.0001247064210474,0.0003533348790369,0.0,0.999542772769928,0.0001870596315711,6.235321052372456e-05,0.0002078440447803,0.0,0.9993764758110046,0.0002909816685132,8.313761645695195e-05,0.0002494128420948,0.0,0.9989400506019592,0.0006235321052372,0.0001039220223901,0.0003325504658278,0.0,0.9992517828941344,0.0003533348790369,0.0001662752329139,0.0002286284434376,0.0,0.9988777041435242,0.0005196101265028,0.0001247064210474,0.0004780413000844,0.0,0.9994388818740844,0.0003325504658278,4.156880822847597e-05,0.0001870596315711,0.0,0.9982125759124756,0.0010600045789033,0.0001870596315711,0.0005403945106081,0.0,0.9992517828941344,0.000436472473666,0.0001039220223901,0.0002078440447803,0.0,0.9990023970603944,0.0005196101265028,0.0001247064210474,0.0003533348790369,0.0,0.9994180798530579,0.0002494128420948982,8.313761645695195e-05,0.0002494128420948982,0.0
6,0.999854564666748,0.0,0.0,0.0001454908342566,0.0,0.9998129606246948,0.0,0.0,0.0001870596315711,0.0,0.9994804263114928,0.0,0.0,0.0005196101265028,0.0,0.9995635747909546,0.0,0.0,0.000436472473666,0.0,0.9997714161872864,0.0,0.0,0.0002286284434376,0.0,0.9995843768119812,0.0,0.0,0.0004156880895607,0.0,0.999667465686798,0.0,0.0,0.0003325504658278,0.0,0.9997714161872864,0.0,0.0,0.0002286284434376,0.0,0.9997714161872864,0.0,0.0,0.0002286284434376,0.0,0.9997506141662598,0.0,0.0,0.0002494128420948,0.0,0.999792218208313,0.0,0.0,0.0002078440447803,0.0,0.9997298121452332,0.0,0.0,0.000270197255304,0.0,0.9997090697288512,0.0,0.0,0.0002909816685132,0.0,0.9998961091041564,0.0,0.0,0.0001039220223901,0.0,0.9997298121452332,0.0,0.0,0.000270197255304,0.0,0.9997298121452332,0.0,0.0,0.000270197255304,0.0,0.9998337626457214,0.0,0.0,0.0001662752329139,0.0,0.999667465686798,0.0,0.0,0.0003325504658278,0.0,0.9999169111251832,0.0,0.0,8.313761645695195e-05,0.0,0.9998129606246948,0.0,0.0,0.0001870596315711,0.0,0.9996259212493896,0.0,0.0,0.0003741192631423,0.0,0.9997714161872864,0.0,0.0,0.0002286284434376,0.0,0.9997506141662598,0.0,0.0,0.0002494128420948,0.0,0.9997298121452332,0.0,0.0,0.000270197255304,0.0,0.9997090697288512,0.0,0.0,0.0002909816685132,0.0,0.999792218208313,0.0,0.0,0.0002078440447803,0.0,0.9997506141662598,0.0,0.0,0.0002494128420948,0.0,0.999792218208313,0.0,0.0,0.0002078440447803,0.0,0.9998129606246948,0.0,0.0,0.0001870596315711,0.0,0.9997714161872864,0.0,0.0,0.0002286284434376,0.0,0.999210238456726,0.0003949036763515,4.156880822847597e-05,0.0003533348790369,0.0,0.9985243678092957,0.0006651009316556,0.0003533348790369,0.0004572568868752,0.0,0.999418079853058,0.0001454908342566,0.0001662752329139,0.000270197255304,0.0,0.9989192485809326,0.0004780413000844,0.0002909816685132,0.0003117660526186,0.0,0.9986906051635742,0.0005819633370265,0.0003741192631423,0.0003533348790369,0.0,0.999210238456726,0.0002909816685132,0.0001870596315711,0.0003117660526186,0.0,0.9989400506019592,0.0005196101265028,0.0002286284434376,0.0003117660526186,0.0,0.9989192485809326,0.0005611788947135,0.0001662752329139,0.0003533348790369,0.0,0.9993557333946228,0.0002494128420948,0.0001247064210474,0.000270197255304,0.0,0.9992517828941344,0.0003741192631423,0.0001247064210474,0.0002494128420948,0.0,0.9995219707489014,0.0001870596315711,6.235321052372456e-05,0.0002286284434376,0.0,0.9990439414978028,0.0003533348790369,0.0001662752329139,0.000436472473666,0.0,0.9989815950393676,0.0004988256841897,0.0001662752329139,0.0003533348790369,0.0,0.9991894364356996,0.0003117660526186,0.0001662752329139,0.0003325504658278,0.0,0.999023139476776,0.0003741192631423,0.0002286284434376,0.0003741192631423,0.0,0.999085545539856,0.0003325504658278,0.000270197255304,0.0003117660526186,0.0,0.9990439414978028,0.0003741192631423,0.0002078440447803,0.0003741192631423,0.0,0.9994596242904664,0.0001870596315711,0.0001454908342566,0.0002078440447803,0.0,0.9991270899772644,0.0004572568868752,0.0001454908342566,0.000270197255304,0.0,0.998898446559906,0.0004780413000844,0.000270197255304,0.0003533348790369,0.0,0.9995219707489014,0.0001870596315711,8.313761645695195e-05,0.0002078440447803,0.0,0.9993764758110046,0.000270197255304,0.0001039220223901,0.0002494128420948,0.0,0.9988569021224976,0.0005611788947135,0.0002494128420948,0.0003325504658278,0.0,0.9991894364356996,0.0003117660526186,0.000270197255304,0.0002286284434376,0.0,0.998836100101471,0.000436472473666,0.0002494128420948,0.0004780413000844,0.0,0.9993764758110046,0.0002494128420948,0.0001870596315711,0.0001870596315711,0.0,0.9980462789535522,0.001122357789427,0.0002909816685132,0.0005403945106081,0.0,0.999210238456726,0.0003949036763515,0.0001870596315711,0.0002078440447803,0.0,0.9988152980804444,0.0006027477211318,0.0002286284434376,0.0003533348790369,0.0,0.9993764758110046,0.00020784404478035867,0.0001662752329139039,0.0002494128420948982,0.0
7,0.999854564666748,0.0,0.0,0.0001454908342566,0.0,0.9998129606246948,0.0,0.0,0.0001870596315711,0.0,0.9994804263114928,0.0,0.0,0.0005196101265028,0.0,0.9995635747909546,0.0,0.0,0.000436472473666,0.0,0.9997714161872864,0.0,0.0,0.0002286284434376,0.0,0.9995843768119812,0.0,0.0,0.0004156880895607,0.0,0.999667465686798,0.0,0.0,0.0003325504658278,0.0,0.9997714161872864,0.0,0.0,0.0002286284434376,0.0,0.9997714161872864,0.0,0.0,0.0002286284434376,0.0,0.9997506141662598,0.0,0.0,0.0002494128420948,0.0,0.999792218208313,0.0,0.0,0.0002078440447803,0.0,0.9997298121452332,0.0,0.0,0.000270197255304,0.0,0.9997090697288512,0.0,0.0,0.0002909816685132,0.0,0.9998961091041564,0.0,0.0,0.0001039220223901,0.0,0.9997298121452332,0.0,0.0,0.000270197255304,0.0,0.9997298121452332,0.0,0.0,0.000270197255304,0.0,0.9998337626457214,0.0,0.0,0.0001662752329139,0.0,0.999667465686798,0.0,0.0,0.0003325504658278,0.0,0.9999169111251832,0.0,0.0,8.313761645695195e-05,0.0,0.9998129606246948,0.0,0.0,0.0001870596315711,0.0,0.9996259212493896,0.0,0.0,0.0003741192631423,0.0,0.9997714161872864,0.0,0.0,0.0002286284434376,0.0,0.9997506141662598,0.0,0.0,0.0002494128420948,0.0,0.9997298121452332,0.0,0.0,0.000270197255304,0.0,0.9997090697288512,0.0,0.0,0.0002909816685132,0.0,0.999792218208313,0.0,0.0,0.0002078440447803,0.0,0.9997506141662598,0.0,0.0,0.0002494128420948,0.0,0.999792218208313,0.0,0.0,0.0002078440447803,0.0,0.9998129606246948,0.0,0.0,0.0001870596315711,0.0,0.9997714161872864,0.0,0.0,0.0002286284434376,0.0,0.999210238456726,0.0001454908342566,0.0002909816685132,0.0003533348790369,0.0,0.9982957243919371,0.0007690229685977,0.0004780413000844,0.0004572568868752,0.0,0.9993764758110046,8.313761645695195e-05,0.000270197255304,0.000270197255304,0.0,0.9987945556640624,0.0003949036763515,0.0004988256841897,0.0003117660526186,0.0,0.9983996152877808,0.0007482385262846,0.0004988256841897,0.0003533348790369,0.0,0.999147891998291,0.0002494128420948,0.0002909816685132,0.0003117660526186,0.0,0.9988569021224976,0.0003533348790369,0.0004780413000844,0.0003117660526186,0.0,0.9988569021224976,0.0005403945106081,0.0002494128420948,0.0003533348790369,0.0,0.9993349313735962,0.0002494128420948,0.0001454908342566,0.000270197255304,0.0,0.9990439414978028,0.0004780413000844,0.0002286284434376,0.0002494128420948,0.0,0.9994596242904664,0.0002078440447803,0.0001039220223901,0.0002286284434376,0.0,0.9990023970603944,0.0002494128420948,0.0003117660526186,0.000436472473666,0.0,0.9988777041435242,0.0003741192631423,0.0003949036763515,0.0003533348790369,0.0,0.999085545539856,0.0003325504658278,0.0002494128420948,0.0003325504658278,0.0,0.9990023970603944,0.000270197255304,0.0003533348790369,0.0003741192631423,0.0,0.998898446559906,0.000436472473666,0.0003533348790369,0.0003117660526186,0.0,0.999023139476776,0.0003117660526186,0.0002909816685132,0.0003741192631423,0.0,0.9993972778320312,0.0001870596315711,0.0002078440447803,0.0002078440447803,0.0,0.999085545539856,0.000436472473666,0.0002078440447803,0.000270197255304,0.0,0.9987945556640624,0.0003949036763515,0.0004572568868752,0.0003533348790369,0.0,0.9994804263114928,0.0002078440447803,0.0001039220223901,0.0002078440447803,0.0,0.9993349313735962,0.0002494128420948,0.0001662752329139,0.0002494128420948,0.0,0.998773753643036,0.0004572568868752,0.000436472473666,0.0003325504658278,0.0,0.9990439414978028,0.0003949036763515,0.0003325504658278,0.0002286284434376,0.0,0.9986906051635742,0.0004780413000844,0.0003533348790369,0.0004780413000844,0.0,0.9993557333946228,0.0002078440447803,0.0002494128420948,0.0001870596315711,0.0,0.9978176951408386,0.0010807890212163,0.0005611788947135,0.0005403945106081,0.0,0.999147891998291,0.0002494128420948,0.0003949036763515,0.0002078440447803,0.0,0.9987114071846008,0.0005196101265028,0.0004156880895607,0.0003533348790369,0.0,0.9993141293525696,0.00020784404478035867,0.00022862844343762845,0.0002494128420948982,0.0
8,0.999854564666748,0.0,0.0,0.0001454908342566,0.0,0.9998129606246948,0.0,0.0,0.0001870596315711,0.0,0.9994804263114928,0.0,0.0,0.0005196101265028,0.0,0.9995635747909546,0.0,0.0,0.000436472473666,0.0,0.9997714161872864,0.0,0.0,0.0002286284434376,0.0,0.9995843768119812,0.0,0.0,0.0004156880895607,0.0,0.999667465686798,0.0,0.0,0.0003325504658278,0.0,0.9997714161872864,0.0,0.0,0.0002286284434376,0.0,0.9997714161872864,0.0,0.0,0.0002286284434376,0.0,0.9997506141662598,0.0,0.0,0.0002494128420948,0.0,0.999792218208313,0.0,0.0,0.0002078440447803,0.0,0.9997298121452332,0.0,0.0,0.000270197255304,0.0,0.9997090697288512,0.0,0.0,0.0002909816685132,0.0,0.9998961091041564,0.0,0.0,0.0001039220223901,0.0,0.9997298121452332,0.0,0.0,0.000270197255304,0.0,0.9997298121452332,0.0,0.0,0.000270197255304,0.0,0.9998337626457214,0.0,0.0,0.0001662752329139,0.0,0.999667465686798,0.0,0.0,0.0003325504658278,0.0,0.9999169111251832,0.0,0.0,8.313761645695195e-05,0.0,0.9998129606246948,0.0,0.0,0.0001870596315711,0.0,0.9996259212493896,0.0,0.0,0.0003741192631423,0.0,0.9997714161872864,0.0,0.0,0.0002286284434376,0.0,0.9997506141662598,0.0,0.0,0.0002494128420948,0.0,0.9997298121452332,0.0,0.0,0.000270197255304,0.0,0.9997090697288512,0.0,0.0,0.0002909816685132,0.0,0.999792218208313,0.0,0.0,0.0002078440447803,0.0,0.9997506141662598,0.0,0.0,0.0002494128420948,0.0,0.999792218208313,0.0,0.0,0.0002078440447803,0.0,0.9998129606246948,0.0,0.0,0.0001870596315711,0.0,0.9997714161872864,0.0,0.0,0.0002286284434376,0.0,0.9990023970603944,0.000270197255304,0.0003741192631423,0.0003533348790369,0.0,0.9982333779335022,0.0005611788947135,0.0007482385262846,0.0004572568868752,0.0,0.9992933869361876,0.0001454908342566,0.0002909816685132,0.000270197255304,0.0,0.998441219329834,0.0006858853157609,0.0005611788947135,0.0003117660526186,0.0,0.9981502294540404,0.0008313761791214,0.0006651009316556,0.0003533348790369,0.0,0.9991062879562378,0.0001454908342566,0.000436472473666,0.0003117660526186,0.0,0.9987114071846008,0.0003949036763515,0.0005819633370265,0.0003117660526186,0.0,0.9987529516220092,0.0005403945106081,0.0003533348790369,0.0003533348790369,0.0,0.9992725849151612,0.0002286284434376,0.0002286284434376,0.000270197255304,0.0,0.9989400506019592,0.0004156880895607,0.0003949036763515,0.0002494128420948,0.0,0.9993764758110046,0.0001870596315711,0.0002078440447803,0.0002286284434376,0.0,0.9989400506019592,0.0002286284434376,0.0003949036763515,0.000436472473666,0.0,0.9986490607261658,0.0004572568868752,0.0005403945106081,0.0003533348790369,0.0,0.998898446559906,0.0004156880895607,0.0003533348790369,0.0003325504658278,0.0,0.998836100101471,0.0002909816685132,0.0004988256841897,0.0003741192631423,0.0,0.998773753643036,0.0004156880895607,0.0004988256841897,0.0003117660526186,0.0,0.9989400506019592,0.0002494128420948,0.000436472473666,0.0003741192631423,0.0,0.9993764758110046,0.0001039220223901,0.0003117660526186,0.0002078440447803,0.0,0.9989400506019592,0.0003325504658278,0.0004572568868752,0.000270197255304,0.0,0.9986074566841124,0.0004780413000844,0.0005611788947135,0.0003533348790369,0.0,0.9994388818740844,0.0001454908342566,0.0002078440447803,0.0002078440447803,0.0,0.9993141293525696,0.0001454908342566,0.0002909816685132,0.0002494128420948,0.0,0.9986490607261658,0.0004780413000844,0.0005403945106081,0.0003325504658278,0.0,0.9989400506019592,0.0003741192631423,0.0004572568868752,0.0002286284434376,0.0,0.9986074566841124,0.000436472473666,0.0004780413000844,0.0004780413000844,0.0,0.9992517828941344,0.0002286284434376,0.0003325504658278,0.0001870596315711,0.0,0.9975267052650452,0.001122357789427,0.0008105917368084,0.0005403945106081,0.0,0.9989815950393676,0.0003533348790369,0.0004572568868752,0.0002078440447803,0.0,0.998565912246704,0.0005403945106081,0.0005403945106081,0.0003533348790369,0.0,0.9992310404777527,0.00022862844343762845,0.00029098166851326823,0.0002494128420948982,0.0
9,0.999854564666748,0.0,0.0,0.0001454908342566,0.0,0.9998129606246948,0.0,0.0,0.0001870596315711,0.0,0.9994804263114928,0.0,0.0,0.0005196101265028,0.0,0.9995635747909546,0.0,0.0,0.000436472473666,0.0,0.9997714161872864,0.0,0.0,0.0002286284434376,0.0,0.9995843768119812,0.0,0.0,0.0004156880895607,0.0,0.999667465686798,0.0,0.0,0.0003325504658278,0.0,0.9997714161872864,0.0,0.0,0.0002286284434376,0.0,0.9997714161872864,0.0,0.0,0.0002286284434376,0.0,0.9997506141662598,0.0,0.0,0.0002494128420948,0.0,0.999792218208313,0.0,0.0,0.0002078440447803,0.0,0.9997298121452332,0.0,0.0,0.000270197255304,0.0,0.9997090697288512,0.0,0.0,0.0002909816685132,0.0,0.9998961091041564,0.0,0.0,0.0001039220223901,0.0,0.9997298121452332,0.0,0.0,0.000270197255304,0.0,0.9997298121452332,0.0,0.0,0.000270197255304,0.0,0.9998337626457214,0.0,0.0,0.0001662752329139,0.0,0.999667465686798,0.0,0.0,0.0003325504658278,0.0,0.9999169111251832,0.0,0.0,8.313761645695195e-05,0.0,0.9998129606246948,0.0,0.0,0.0001870596315711,0.0,0.9996259212493896,0.0,0.0,0.0003741192631423,0.0,0.9997714161872864,0.0,0.0,0.0002286284434376,0.0,0.9997506141662598,0.0,0.0,0.0002494128420948,0.0,0.9997298121452332,0.0,0.0,0.000270197255304,0.0,0.9997090697288512,0.0,0.0,0.0002909816685132,0.0,0.999792218208313,0.0,0.0,0.0002078440447803,0.0,0.9997506141662598,0.0,0.0,0.0002494128420948,0.0,0.999792218208313,0.0,0.0,0.0002078440447803,0.0,0.9998129606246948,0.0,0.0,0.0001870596315711,0.0,0.9997714161872864,0.0,0.0,0.0002286284434376,0.0,0.9988152980804444,0.0003949036763515,0.000436472473666,0.0003533348790369,0.0,0.9980255365371704,0.0005403945106081,0.0009768670424818,0.0004572568868752,0.0,0.9992310404777528,0.0001870596315711,0.0002909816685132,0.0002909816685132,0.0,0.9982125759124756,0.0007274541421793,0.0007066697580739,0.0003533348790369,0.0,0.9980047345161438,0.0007066697580739,0.0008729449473321,0.0004156880895607,0.0,0.9989815950393676,0.0002286284434376,0.0004780413000844,0.0003117660526186,0.0,0.998503565788269,0.0005196101265028,0.0006443165475502,0.0003325504658278,0.0,0.9986074566841124,0.000436472473666,0.0005611788947135,0.0003949036763515,0.0,0.9991894364356996,0.0001870596315711,0.0003117660526186,0.0003117660526186,0.0,0.9988152980804444,0.0004572568868752,0.0004572568868752,0.000270197255304,0.0,0.9992725849151612,0.0002494128420948,0.0002494128420948,0.0002286284434376,0.0,0.9987322092056274,0.0003533348790369,0.000436472473666,0.0004780413000844,0.0,0.9985243678092957,0.0004780413000844,0.0006443165475502,0.0003533348790369,0.0,0.9988152980804444,0.0003949036763515,0.000436472473666,0.0003533348790369,0.0,0.9985243678092957,0.0005403945106081,0.0005196101265028,0.0004156880895607,0.0,0.9986282587051392,0.0005196101265028,0.0005196101265028,0.0003325504658278,0.0,0.9987945556640624,0.0002909816685132,0.0005403945106081,0.0003741192631423,0.0,0.9992933869361876,0.0001662752329139,0.0003325504658278,0.0002078440447803,0.0,0.998836100101471,0.0003533348790369,0.0005403945106081,0.000270197255304,0.0,0.998316526412964,0.0006443165475502,0.0006651009316556,0.0003741192631423,0.0,0.9993349313735962,0.0002078440447803,0.0002078440447803,0.0002494128420948,0.0,0.9992517828941344,0.0001247064210474,0.0003533348790369,0.000270197255304,0.0,0.9984619617462158,0.0004780413000844,0.0007066697580739,0.0003533348790369,0.0,0.9988777041435242,0.0003741192631423,0.0004156880895607,0.0003325504658278,0.0,0.998503565788269,0.0003741192631423,0.0006027477211318,0.0005196101265028,0.0,0.9992310404777528,0.0002078440447803,0.0003533348790369,0.0002078440447803,0.0,0.9973396062850952,0.0008729449473321,0.0011847109999507,0.0006027477211318,0.0,0.9988777041435242,0.0003741192631423,0.0005403945106081,0.0002078440447803,0.0,0.9983580708503724,0.0006443165475502,0.0006027477211318,0.0003949036763515,0.0,0.9991062879562378,0.0003117660526186228,0.00029098166851326823,0.00029098166851326823,0.0
10,0.999854564666748,0.0,0.0,0.0001454908342566,0.0,0.9998129606246948,0.0,0.0,0.0001870596315711,0.0,0.9994804263114928,0.0,0.0,0.0005196101265028,0.0,0.9995635747909546,0.0,0.0,0.000436472473666,0.0,0.9997714161872864,0.0,0.0,0.0002286284434376,0.0,0.9995843768119812,0.0,0.0,0.0004156880895607,0.0,0.999667465686798,0.0,0.0,0.0003325504658278,0.0,0.9997714161872864,0.0,0.0,0.0002286284434376,0.0,0.9997714161872864,0.0,0.0,0.0002286284434376,0.0,0.9997506141662598,0.0,0.0,0.0002494128420948,0.0,0.999792218208313,0.0,0.0,0.0002078440447803,0.0,0.9997298121452332,0.0,0.0,0.000270197255304,0.0,0.9997090697288512,0.0,0.0,0.0002909816685132,0.0,0.9998961091041564,0.0,0.0,0.0001039220223901,0.0,0.9997298121452332,0.0,0.0,0.000270197255304,0.0,0.9997298121452332,0.0,0.0,0.000270197255304,0.0,0.9998337626457214,0.0,0.0,0.0001662752329139,0.0,0.999667465686798,0.0,0.0,0.0003325504658278,0.0,0.9999169111251832,0.0,0.0,8.313761645695195e-05,0.0,0.9998129606246948,0.0,0.0,0.0001870596315711,0.0,0.9996259212493896,0.0,0.0,0.0003741192631423,0.0,0.9997714161872864,0.0,0.0,0.0002286284434376,0.0,0.9997506141662598,0.0,0.0,0.0002494128420948,0.0,0.9997298121452332,0.0,0.0,0.000270197255304,0.0,0.9997090697288512,0.0,0.0,0.0002909816685132,0.0,0.999792218208313,0.0,0.0,0.0002078440447803,0.0,0.9997506141662598,0.0,0.0,0.0002494128420948,0.0,0.999792218208313,0.0,0.0,0.0002078440447803,0.0,0.9998129606246948,0.0,0.0,0.0001870596315711,0.0,0.9997714161872864,0.0,0.0,0.0002286284434376,0.0,0.9986698627471924,0.0005403945106081,0.0004156880895607,0.0003741192631423,0.0,0.9975890517234802,0.0009352981578558,0.0008729449473321,0.0006027477211318,0.0,0.9991686344146729,0.0002494128420948,0.0002078440447803,0.0003741192631423,0.0,0.9980878829956056,0.0008313761791214,0.0006651009316556,0.0004156880895607,0.0,0.9977760910987854,0.0009145137737505,0.0007482385262846,0.0005611788947135,0.0,0.998773753643036,0.000436472473666,0.000436472473666,0.0003533348790369,0.0,0.9982125759124756,0.0007274541421793,0.0005611788947135,0.0004988256841897,0.0,0.998503565788269,0.0004156880895607,0.0006443165475502,0.000436472473666,0.0,0.999085545539856,0.000270197255304,0.0003117660526186,0.0003325504658278,0.0,0.9986698627471924,0.0005819633370265,0.000436472473666,0.0003117660526186,0.0,0.999147891998291,0.0003741192631423,0.0002494128420948,0.0002286284434376,0.0,0.9985867142677308,0.0004572568868752,0.0004156880895607,0.0005403945106081,0.0,0.9983580708503724,0.0006235321052372,0.0005819633370265,0.000436472473666,0.0,0.9986282587051392,0.0005611788947135,0.0004156880895607,0.0003949036763515,0.0,0.998316526412964,0.0007066697580739,0.0004988256841897,0.0004780413000844,0.0,0.9984827637672424,0.0006027477211318,0.0004780413000844,0.000436472473666,0.0,0.9984619617462158,0.0005819633370265,0.0004780413000844,0.0004780413000844,0.0,0.999147891998291,0.0003117660526186,0.0003117660526186,0.0002286284434376,0.0,0.9985451102256776,0.0005819633370265,0.0005403945106081,0.0003325504658278,0.0,0.9982333779335022,0.0006651009316556,0.0006235321052372,0.0004780413000844,0.0,0.999210238456726,0.0003117660526186,0.0002078440447803,0.000270197255304,0.0,0.9990647435188292,0.0003117660526186,0.0002909816685132,0.0003325504658278,0.0,0.9981710314750672,0.0006858853157609,0.0007066697580739,0.000436472473666,0.0,0.9987114071846008,0.0004780413000844,0.0004156880895607,0.0003949036763515,0.0,0.998316526412964,0.0005196101265028,0.0005611788947135,0.0006027477211318,0.0,0.9991270899772644,0.0002494128420948,0.0003949036763515,0.0002286284434376,0.0,0.9968408346176147,0.0012054954422637,0.0012262798845767,0.0007274541421793,0.0,0.998565912246704,0.0006443165475502,0.0004780413000844,0.0003117660526186,0.0,0.998191773891449,0.0006235321052372,0.0007066697580739,0.0004780413000844,0.0,0.9990647435188293,0.0003117660526186228,0.00029098166851326823,0.0003325504658278078,0.0
11,0.999854564666748,0.0,0.0,0.0001454908342566,0.0,0.9998129606246948,0.0,0.0,0.0001870596315711,0.0,0.9994804263114928,0.0,0.0,0.0005196101265028,0.0,0.9995635747909546,0.0,0.0,0.000436472473666,0.0,0.9997714161872864,0.0,0.0,0.0002286284434376,0.0,0.9995843768119812,0.0,0.0,0.0004156880895607,0.0,0.999667465686798,0.0,0.0,0.0003325504658278,0.0,0.9997714161872864,0.0,0.0,0.0002286284434376,0.0,0.9997714161872864,0.0,0.0,0.0002286284434376,0.0,0.9997506141662598,0.0,0.0,0.0002494128420948,0.0,0.999792218208313,0.0,0.0,0.0002078440447803,0.0,0.9997298121452332,0.0,0.0,0.000270197255304,0.0,0.9997090697288512,0.0,0.0,0.0002909816685132,0.0,0.9998961091041564,0.0,0.0,0.0001039220223901,0.0,0.9997298121452332,0.0,0.0,0.000270197255304,0.0,0.9997298121452332,0.0,0.0,0.000270197255304,0.0,0.9998337626457214,0.0,0.0,0.0001662752329139,0.0,0.999667465686798,0.0,0.0,0.0003325504658278,0.0,0.9999169111251832,0.0,0.0,8.313761645695195e-05,0.0,0.9998129606246948,0.0,0.0,0.0001870596315711,0.0,0.9996259212493896,0.0,0.0,0.0003741192631423,0.0,0.9997714161872864,0.0,0.0,0.0002286284434376,0.0,0.9997506141662598,0.0,0.0,0.0002494128420948,0.0,0.9997298121452332,0.0,0.0,0.000270197255304,0.0,0.9997090697288512,0.0,0.0,0.0002909816685132,0.0,0.999792218208313,0.0,0.0,0.0002078440447803,0.0,0.9997506141662598,0.0,0.0,0.0002494128420948,0.0,0.999792218208313,0.0,0.0,0.0002078440447803,0.0,0.9998129606246948,0.0,0.0,0.0001870596315711,0.0,0.9997714161872864,0.0,0.0,0.0002286284434376,0.0,0.9984204173088074,0.000789807352703,0.0003949036763515,0.0003949036763515,0.0,0.9972357153892516,0.0010600045789033,0.0008937293896451,0.0008105917368084,0.0,0.9990647435188292,0.0003117660526186,0.0001870596315711,0.000436472473666,0.0,0.9979631900787354,0.0008313761791214,0.0006027477211318,0.0006027477211318,0.0,0.9975267052650452,0.0008729449473321,0.0008729449473321,0.0007274541421793,0.0,0.9987114071846008,0.000436472473666,0.0003533348790369,0.0004988256841897,0.0,0.9980878829956056,0.0007690229685977,0.0006027477211318,0.0005403945106081,0.0,0.998254120349884,0.0006027477211318,0.0006235321052372,0.0005196101265028,0.0,0.9990023970603944,0.0003325504658278,0.000270197255304,0.0003949036763515,0.0,0.9984827637672424,0.0005611788947135,0.0005819633370265,0.0003741192631423,0.0,0.9989815950393676,0.0004780413000844,0.0002494128420948,0.0002909816685132,0.0,0.9981710314750672,0.0008313761791214,0.0003949036763515,0.0006027477211318,0.0,0.9981086254119872,0.0007690229685977,0.0006027477211318,0.0005196101265028,0.0,0.9985243678092957,0.0005611788947135,0.0004156880895607,0.0004988256841897,0.0,0.9982333779335022,0.0007690229685977,0.0003949036763515,0.0006027477211318,0.0,0.9982957243919371,0.0006027477211318,0.0005196101265028,0.0005819633370265,0.0,0.9982957243919371,0.0007274541421793,0.0003949036763515,0.0005819633370265,0.0,0.9990647435188292,0.0003325504658278,0.0002494128420948,0.0003533348790369,0.0,0.9982957243919371,0.000789807352703,0.0004988256841897,0.0004156880895607,0.0,0.9980462789535522,0.0007482385262846,0.0005819633370265,0.0006235321052372,0.0,0.9991894364356996,0.0002909816685132,0.0002286284434376,0.0002909816685132,0.0,0.999023139476776,0.0003117660526186,0.0003117660526186,0.0003533348790369,0.0,0.9977137446403505,0.0010600045789033,0.0006443165475502,0.0005819633370265,0.0,0.9986490607261658,0.0003949036763515,0.0004572568868752,0.0004988256841897,0.0,0.9980878829956056,0.0006027477211318,0.0005819633370265,0.0007274541421793,0.0,0.9990647435188292,0.0002909816685132,0.000270197255304,0.0003741192631423,0.0,0.9963627457618712,0.0014549082843586,0.0013509863056242,0.0008313761791214,0.0,0.9984204173088074,0.0007274541421793,0.0004572568868752,0.0003949036763515,0.0,0.9979631900787354,0.0007482385262846,0.0007066697580739,0.0005819633370265,0.0,0.9989400506019592,0.00037411926314234734,0.00027019725530408323,0.00041568808956071734,0.0
12,0.999854564666748,0.0,0.0,0.0001454908342566,0.0,0.9998129606246948,0.0,0.0,0.0001870596315711,0.0,0.9994804263114928,0.0,0.0,0.0005196101265028,0.0,0.9995635747909546,0.0,0.0,0.000436472473666,0.0,0.9997714161872864,0.0,0.0,0.0002286284434376,0.0,0.9995843768119812,0.0,0.0,0.0004156880895607,0.0,0.999667465686798,0.0,0.0,0.0003325504658278,0.0,0.9997714161872864,0.0,0.0,0.0002286284434376,0.0,0.9997714161872864,0.0,0.0,0.0002286284434376,0.0,0.9997506141662598,0.0,0.0,0.0002494128420948,0.0,0.999792218208313,0.0,0.0,0.0002078440447803,0.0,0.9997298121452332,0.0,0.0,0.000270197255304,0.0,0.9997090697288512,0.0,0.0,0.0002909816685132,0.0,0.9998961091041564,0.0,0.0,0.0001039220223901,0.0,0.9997298121452332,0.0,0.0,0.000270197255304,0.0,0.9997298121452332,0.0,0.0,0.000270197255304,0.0,0.9998337626457214,0.0,0.0,0.0001662752329139,0.0,0.999667465686798,0.0,0.0,0.0003325504658278,0.0,0.9999169111251832,0.0,0.0,8.313761645695195e-05,0.0,0.9998129606246948,0.0,0.0,0.0001870596315711,0.0,0.9996259212493896,0.0,0.0,0.0003741192631423,0.0,0.9997714161872864,0.0,0.0,0.0002286284434376,0.0,0.9997506141662598,0.0,0.0,0.0002494128420948,0.0,0.9997298121452332,0.0,0.0,0.000270197255304,0.0,0.9997090697288512,0.0,0.0,0.0002909816685132,0.0,0.999792218208313,0.0,0.0,0.0002078440447803,0.0,0.9997506141662598,0.0,0.0,0.0002494128420948,0.0,0.999792218208313,0.0,0.0,0.0002078440447803,0.0,0.9998129606246948,0.0,0.0,0.0001870596315711,0.0,0.9997714161872864,0.0,0.0,0.0002286284434376,0.0,0.998191773891449,0.0008105917368084,0.0003533348790369,0.0006443165475502,0.0,0.9970694184303284,0.001163926674053,0.0008313761791214,0.0009352981578558,0.0,0.9990439414978028,0.0002494128420948,0.0001662752329139,0.0005403945106081,0.0,0.997672200202942,0.0007690229685977,0.0007482385262846,0.0008105917368084,0.0,0.997090220451355,0.0010600045789033,0.0009976513683795,0.0008521605632267,0.0,0.9986906051635742,0.0004156880895607,0.0002909816685132,0.0006027477211318,0.0,0.9979423880577089,0.0007690229685977,0.0004988256841897,0.000789807352703,0.0,0.998129427433014,0.0006235321052372,0.0006443165475502,0.0006027477211318,0.0,0.9989400506019592,0.0003325504658278,0.0003117660526186,0.0004156880895607,0.0,0.998254120349884,0.0006858853157609,0.0005819633370265,0.0004780413000844,0.0,0.998898446559906,0.0004780413000844,0.0002909816685132,0.0003325504658278,0.0,0.9980878829956056,0.0008521605632267,0.0003117660526186,0.0007482385262846,0.0,0.997921586036682,0.0007274541421793,0.0006027477211318,0.0007482385262846,0.0,0.9983580708503724,0.0005403945106081,0.0005196101265028,0.0005819633370265,0.0,0.997921586036682,0.0009145137737505,0.000436472473666,0.0007274541421793,0.0,0.9981086254119872,0.0006651009316556,0.0005611788947135,0.0006651009316556,0.0,0.9982125759124756,0.0007274541421793,0.0003949036763515,0.0006651009316556,0.0,0.9990023970603944,0.0003741192631423,0.0002078440447803,0.0004156880895607,0.0,0.9980047345161438,0.0009352981578558,0.0005819633370265,0.0004780413000844,0.0,0.997796893119812,0.0008105917368084,0.0005819633370265,0.0008105917368084,0.0,0.999085545539856,0.0003533348790369,0.0002494128420948,0.0003117660526186,0.0,0.998898446559906,0.0004156880895607,0.000270197255304,0.0004156880895607,0.0,0.9975267052650452,0.001122357789427,0.0005819633370265,0.0007690229685977,0.0,0.9985243678092957,0.0004156880895607,0.0004988256841897,0.0005611788947135,0.0,0.9979007840156556,0.0007066697580739,0.0005611788947135,0.0008313761791214,0.0,0.9989607930183412,0.0002909816685132,0.0003117660526186,0.000436472473666,0.0,0.9958223700523376,0.0017043211264535,0.0013717706315219,0.0011015734635293,0.0,0.998191773891449,0.000789807352703,0.0004156880895607,0.0006027477211318,0.0,0.9977137446403505,0.0008521605632267,0.0006651009316556,0.0007690229685977,0.0,0.998898446559906,0.0003325504658278078,0.00029098166851326823,0.0004780413000844419,0.0
13,0.999854564666748,0.0,0.0,0.0001454908342566,0.0,0.9998129606246948,0.0,0.0,0.0001870596315711,0.0,0.9994804263114928,0.0,0.0,0.0005196101265028,0.0,0.9995635747909546,0.0,0.0,0.000436472473666,0.0,0.9997714161872864,0.0,0.0,0.0002286284434376,0.0,0.9995843768119812,0.0,0.0,0.0004156880895607,0.0,0.999667465686798,0.0,0.0,0.0003325504658278,0.0,0.9997714161872864,0.0,0.0,0.0002286284434376,0.0,0.9997714161872864,0.0,0.0,0.0002286284434376,0.0,0.9997506141662598,0.0,0.0,0.0002494128420948,0.0,0.999792218208313,0.0,0.0,0.0002078440447803,0.0,0.9997298121452332,0.0,0.0,0.000270197255304,0.0,0.9997090697288512,0.0,0.0,0.0002909816685132,0.0,0.9998961091041564,0.0,0.0,0.0001039220223901,0.0,0.9997298121452332,0.0,0.0,0.000270197255304,0.0,0.9997298121452332,0.0,0.0,0.000270197255304,0.0,0.9998337626457214,0.0,0.0,0.0001662752329139,0.0,0.999667465686798,0.0,0.0,0.0003325504658278,0.0,0.9999169111251832,0.0,0.0,8.313761645695195e-05,0.0,0.9998129606246948,0.0,0.0,0.0001870596315711,0.0,0.9996259212493896,0.0,0.0,0.0003741192631423,0.0,0.9997714161872864,0.0,0.0,0.0002286284434376,0.0,0.9997506141662598,0.0,0.0,0.0002494128420948,0.0,0.9997298121452332,0.0,0.0,0.000270197255304,0.0,0.9997090697288512,0.0,0.0,0.0002909816685132,0.0,0.999792218208313,0.0,0.0,0.0002078440447803,0.0,0.9997506141662598,0.0,0.0,0.0002494128420948,0.0,0.999792218208313,0.0,0.0,0.0002078440447803,0.0,0.9998129606246948,0.0,0.0,0.0001870596315711,0.0,0.9997714161872864,0.0,0.0,0.0002286284434376,0.0,0.998129427433014,0.0006858853157609,0.0004572568868752,0.0007274541421793,0.0,0.9968823790550232,0.00114314223174,0.0007690229685977,0.0012054954422637,0.0,0.9990023970603944,0.0002286284434376,0.0002078440447803,0.0005611788947135,0.0,0.9972980618476868,0.0009145137737505,0.0009145137737505,0.0008729449473321,0.0,0.9967576861381532,0.0012470642104744,0.0009768670424818,0.0010184358106926,0.0,0.998503565788269,0.0004780413000844,0.000270197255304,0.0007482385262846,0.0,0.9977760910987854,0.0007274541421793,0.0006027477211318,0.0008937293896451,0.0,0.997921586036682,0.0006858853157609,0.0006858853157609,0.0007066697580739,0.0,0.9988777041435242,0.0003117660526186,0.0003117660526186,0.0004988256841897,0.0,0.998129427433014,0.0006858853157609,0.0005403945106081,0.0006443165475502,0.0,0.9987945556640624,0.0004780413000844,0.0002909816685132,0.000436472473666,0.0,0.9979423880577089,0.000789807352703,0.000436472473666,0.0008313761791214,0.0,0.9977137446403505,0.0008105917368084,0.0005819633370265,0.0008937293896451,0.0,0.998191773891449,0.0006235321052372,0.0004988256841897,0.0006858853157609,0.0,0.9978800415992736,0.0006443165475502,0.0006027477211318,0.0008729449473321,0.0,0.9979007840156556,0.0007274541421793,0.0005611788947135,0.0008105917368084,0.0,0.9980878829956056,0.0007066697580739,0.0003949036763515,0.0008105917368084,0.0,0.9989815950393676,0.0003117660526186,0.0001870596315711,0.0005196101265028,0.0,0.997796893119812,0.0010392202530056,0.000436472473666,0.0007274541421793,0.0,0.9975890517234802,0.0007274541421793,0.0007690229685977,0.0009145137737505,0.0,0.9990023970603944,0.0003325504658278,0.0002494128420948,0.0004156880895607,0.0,0.9988152980804444,0.000436472473666,0.0002078440447803,0.0005403945106081,0.0,0.99746435880661,0.0009976513683795,0.0006651009316556,0.0008729449473321,0.0,0.998441219329834,0.000436472473666,0.000436472473666,0.0006858853157609,0.0,0.997672200202942,0.0008313761791214,0.0005403945106081,0.0009560826001688,0.0,0.998898446559906,0.0003325504658278,0.0002494128420948,0.0005196101265028,0.0,0.9954482316970824,0.0018913807580247,0.0013094174209982,0.0013509863056242,0.0,0.9981086254119872,0.0007690229685977,0.0004572568868752,0.0006651009316556,0.0,0.997547447681427,0.0008105917368084,0.0007482385262846,0.0008937293896451,0.0,0.9988152980804443,0.00029098166851326823,0.0003533348790369928,0.0005403945106081665,0.0
14,0.999854564666748,0.0,0.0,0.0001454908342566,0.0,0.9998129606246948,0.0,0.0,0.0001870596315711,0.0,0.9994804263114928,0.0,0.0,0.0005196101265028,0.0,0.9995635747909546,0.0,0.0,0.000436472473666,0.0,0.9997714161872864,0.0,0.0,0.0002286284434376,0.0,0.9995843768119812,0.0,0.0,0.0004156880895607,0.0,0.999667465686798,0.0,0.0,0.0003325504658278,0.0,0.9997714161872864,0.0,0.0,0.0002286284434376,0.0,0.9997714161872864,0.0,0.0,0.0002286284434376,0.0,0.9997506141662598,0.0,0.0,0.0002494128420948,0.0,0.999792218208313,0.0,0.0,0.0002078440447803,0.0,0.9997298121452332,0.0,0.0,0.000270197255304,0.0,0.9997090697288512,0.0,0.0,0.0002909816685132,0.0,0.9998961091041564,0.0,0.0,0.0001039220223901,0.0,0.9997298121452332,0.0,0.0,0.000270197255304,0.0,0.9997298121452332,0.0,0.0,0.000270197255304,0.0,0.9998337626457214,0.0,0.0,0.0001662752329139,0.0,0.999667465686798,0.0,0.0,0.0003325504658278,0.0,0.9999169111251832,0.0,0.0,8.313761645695195e-05,0.0,0.9998129606246948,0.0,0.0,0.0001870596315711,0.0,0.9996259212493896,0.0,0.0,0.0003741192631423,0.0,0.9997714161872864,0.0,0.0,0.0002286284434376,0.0,0.9997506141662598,0.0,0.0,0.0002494128420948,0.0,0.9997298121452332,0.0,0.0,0.000270197255304,0.0,0.9997090697288512,0.0,0.0,0.0002909816685132,0.0,0.999792218208313,0.0,0.0,0.0002078440447803,0.0,0.9997506141662598,0.0,0.0,0.0002494128420948,0.0,0.999792218208313,0.0,0.0,0.0002078440447803,0.0,0.9998129606246948,0.0,0.0,0.0001870596315711,0.0,0.9997714161872864,0.0,0.0,0.0002286284434376,0.0,0.9976098537445068,0.0010600045789033,0.0005403945106081,0.000789807352703,0.0,0.9965290427207948,0.0010600045789033,0.0009768670424818,0.0014341238420456,0.0,0.9989400506019592,0.0002286284434376,0.0002494128420948,0.0005819633370265,0.0,0.9967992305755616,0.0012886330951005,0.0008521605632267,0.0010600045789033,0.0,0.9962795972824096,0.0014964770525693,0.0009352981578558,0.0012886330951005,0.0,0.9983788728713988,0.0003949036763515,0.000436472473666,0.000789807352703,0.0,0.9975890517234802,0.0006235321052372,0.0008105917368084,0.0009768670424818,0.0,0.9977137446403505,0.000789807352703,0.0005403945106081,0.0009560826001688,0.0,0.9988152980804444,0.000270197255304,0.0002909816685132,0.0006235321052372,0.0,0.9979631900787354,0.0007066697580739,0.0006027477211318,0.0007274541421793,0.0,0.9987114071846008,0.000436472473666,0.0003741192631423,0.0004780413000844,0.0,0.9978384375572203,0.0007482385262846,0.0004988256841897,0.0009145137737505,0.0,0.9975267052650452,0.0008313761791214,0.0006443165475502,0.0009976513683795,0.0,0.9979839324951172,0.0006443165475502,0.0005819633370265,0.000789807352703,0.0,0.9976305961608888,0.0006858853157609,0.0007482385262846,0.0009352981578558,0.0,0.997672200202942,0.0008105917368084,0.0006651009316556,0.0008521605632267,0.0,0.9978176951408386,0.0006443165475502,0.0006235321052372,0.0009145137737505,0.0,0.9988777041435242,0.000270197255304,0.0003117660526186,0.0005403945106081,0.0,0.9976513981819152,0.0008937293896451,0.0006443165475502,0.0008105917368084,0.0,0.9973812103271484,0.0008521605632267,0.0007274541421793,0.0010392202530056,0.0,0.9988777041435242,0.0003325504658278,0.0003325504658278,0.0004572568868752,0.0,0.9987529516220092,0.0003117660526186,0.0003117660526186,0.0006235321052372,0.0,0.9973396062850952,0.0008313761791214,0.0007690229685977,0.0010600045789033,0.0,0.9981502294540404,0.0005611788947135,0.0005403945106081,0.0007482385262846,0.0,0.9974435567855836,0.0008729449473321,0.0005611788947135,0.001122357789427,0.0,0.9988152980804444,0.0003117660526186,0.0003117660526186,0.0005611788947135,0.0,0.9948247075080872,0.0020160872954875,0.0013717706315219,0.0017874587792903,0.0,0.9977760910987854,0.000789807352703,0.0006858853157609,0.0007482385262846,0.0,0.9973396062850952,0.0008521605632267,0.0008105917368084,0.0009976513683795,0.0,0.9986282587051392,0.0004364724736660719,0.0003533348790369928,0.0005819633370265365,0.0
15,0.999854564666748,0.0,0.0,0.0001454908342566,0.0,0.9998129606246948,0.0,0.0,0.0001870596315711,0.0,0.9994804263114928,0.0,0.0,0.0005196101265028,0.0,0.9995635747909546,0.0,0.0,0.000436472473666,0.0,0.9997714161872864,0.0,0.0,0.0002286284434376,0.0,0.9995843768119812,0.0,0.0,0.0004156880895607,0.0,0.999667465686798,0.0,0.0,0.0003325504658278,0.0,0.9997714161872864,0.0,0.0,0.0002286284434376,0.0,0.9997714161872864,0.0,0.0,0.0002286284434376,0.0,0.9997506141662598,0.0,0.0,0.0002494128420948,0.0,0.999792218208313,0.0,0.0,0.0002078440447803,0.0,0.9997298121452332,0.0,0.0,0.000270197255304,0.0,0.9997090697288512,0.0,0.0,0.0002909816685132,0.0,0.9998961091041564,0.0,0.0,0.0001039220223901,0.0,0.9997298121452332,0.0,0.0,0.000270197255304,0.0,0.9997298121452332,0.0,0.0,0.000270197255304,0.0,0.9998337626457214,0.0,0.0,0.0001662752329139,0.0,0.999667465686798,0.0,0.0,0.0003325504658278,0.0,0.9999169111251832,0.0,0.0,8.313761645695195e-05,0.0,0.9998129606246948,0.0,0.0,0.0001870596315711,0.0,0.9996259212493896,0.0,0.0,0.0003741192631423,0.0,0.9997714161872864,0.0,0.0,0.0002286284434376,0.0,0.9997506141662598,0.0,0.0,0.0002494128420948,0.0,0.9997298121452332,0.0,0.0,0.000270197255304,0.0,0.9997090697288512,0.0,0.0,0.0002909816685132,0.0,0.999792218208313,0.0,0.0,0.0002078440447803,0.0,0.9997506141662598,0.0,0.0,0.0002494128420948,0.0,0.999792218208313,0.0,0.0,0.0002078440447803,0.0,0.9998129606246948,0.0,0.0,0.0001870596315711,0.0,0.9997714161872864,0.0,0.0,0.0002286284434376,0.0,0.9972980618476868,0.001122357789427,0.000789807352703,0.000789807352703,0.0,0.9963003993034364,0.0009352981578558,0.0012886330951005,0.0014756927266716,0.0,0.998898446559906,0.0001662752329139,0.0003533348790369,0.0005819633370265,0.0,0.9965290427207948,0.0014341238420456,0.0009560826001688,0.0010807890212163,0.0,0.9957808256149292,0.0017458898946642,0.001163926674053,0.0013094174209982,0.0,0.998191773891449,0.0005196101265028,0.0004988256841897,0.000789807352703,0.0,0.9973396062850952,0.0007482385262846,0.0008521605632267,0.0010600045789033,0.0,0.9973396062850952,0.0009145137737505,0.0006651009316556,0.0010807890212163,0.0,0.9986074566841124,0.0003949036763515,0.0003533348790369,0.0006443165475502,0.0,0.997734546661377,0.0007482385262846,0.0007690229685977,0.0007482385262846,0.0,0.9985451102256776,0.000436472473666,0.0005403945106081,0.0004780413000844,0.0,0.9974227547645568,0.0007482385262846,0.0008729449473321,0.0009560826001688,0.0,0.9971110224723816,0.0009976513683795,0.0008729449473321,0.0010184358106926,0.0,0.997796893119812,0.0007274541421793,0.0006651009316556,0.0008105917368084,0.0,0.9973188638687134,0.0009145137737505,0.000789807352703,0.0009768670424818,0.0,0.99746435880661,0.0008313761791214,0.000789807352703,0.0009145137737505,0.0,0.99746435880661,0.0008313761791214,0.0007482385262846,0.0009560826001688,0.0,0.9987114071846008,0.0003533348790369,0.0003949036763515,0.0005403945106081,0.0,0.9973604083061218,0.0009352981578558,0.0008313761791214,0.0008729449473321,0.0,0.9969862699508668,0.0010600045789033,0.0008521605632267,0.0011015734635293,0.0,0.9986282587051392,0.0005611788947135,0.0003325504658278,0.0004780413000844,0.0,0.9987322092056274,0.0002909816685132,0.0003533348790369,0.0006235321052372,0.0,0.9969447255134584,0.0007690229685977,0.00114314223174,0.00114314223174,0.0,0.9979839324951172,0.0006651009316556,0.0005403945106081,0.0008105917368084,0.0,0.9972149133682252,0.0008729449473321,0.0007482385262846,0.001163926674053,0.0,0.9987322092056274,0.0003325504658278,0.0003117660526186,0.0006235321052372,0.0,0.99430513381958,0.0020576559472829,0.0016835366841405,0.0019537340849637,0.0,0.9974435567855836,0.0009768670424818,0.000789807352703,0.000789807352703,0.0,0.99702787399292,0.0009352981578558,0.0008521605632267,0.0011847109999507,0.0,0.9983996152877808,0.0005403945106081665,0.0004364724736660719,0.0006235321052372456,0.0
16,0.999854564666748,0.0,0.0,0.0001454908342566,0.0,0.9998129606246948,0.0,0.0,0.0001870596315711,0.0,0.9994804263114928,0.0,0.0,0.0005196101265028,0.0,0.9995635747909546,0.0,0.0,0.000436472473666,0.0,0.9997714161872864,0.0,0.0,0.0002286284434376,0.0,0.9995843768119812,0.0,0.0,0.0004156880895607,0.0,0.999667465686798,0.0,0.0,0.0003325504658278,0.0,0.9997714161872864,0.0,0.0,0.0002286284434376,0.0,0.9997714161872864,0.0,0.0,0.0002286284434376,0.0,0.9997506141662598,0.0,0.0,0.0002494128420948,0.0,0.999792218208313,0.0,0.0,0.0002078440447803,0.0,0.9997298121452332,0.0,0.0,0.000270197255304,0.0,0.9997090697288512,0.0,0.0,0.0002909816685132,0.0,0.9998961091041564,0.0,0.0,0.0001039220223901,0.0,0.9997298121452332,0.0,0.0,0.000270197255304,0.0,0.9997298121452332,0.0,0.0,0.000270197255304,0.0,0.9998337626457214,0.0,0.0,0.0001662752329139,0.0,0.999667465686798,0.0,0.0,0.0003325504658278,0.0,0.9999169111251832,0.0,0.0,8.313761645695195e-05,0.0,0.9998129606246948,0.0,0.0,0.0001870596315711,0.0,0.9996259212493896,0.0,0.0,0.0003741192631423,0.0,0.9997714161872864,0.0,0.0,0.0002286284434376,0.0,0.9997506141662598,0.0,0.0,0.0002494128420948,0.0,0.9997298121452332,0.0,0.0,0.000270197255304,0.0,0.9997090697288512,0.0,0.0,0.0002909816685132,0.0,0.999792218208313,0.0,0.0,0.0002078440447803,0.0,0.9997506141662598,0.0,0.0,0.0002494128420948,0.0,0.999792218208313,0.0,0.0,0.0002078440447803,0.0,0.9998129606246948,0.0,0.0,0.0001870596315711,0.0,0.9997714161872864,0.0,0.0,0.0002286284434376,0.0,0.9969862699508668,0.0012054954422637,0.0010184358106926,0.000789807352703,0.0,0.9957184195518494,0.0013509863056242,0.0012262798845767,0.0017043211264535,0.0,0.9986698627471924,0.0003741192631423,0.0003325504658278,0.0006235321052372,0.0,0.9961341619491576,0.0015380459371954,0.001122357789427,0.0012054954422637,0.0,0.9953027367591858,0.0017874587792903,0.0013094174209982,0.0016003991477191,0.0,0.9980462789535522,0.0006443165475502,0.0004572568868752,0.0008521605632267,0.0,0.9970694184303284,0.0008729449473321,0.0009145137737505,0.00114314223174,0.0,0.99702787399292,0.0011015734635293,0.0007274541421793,0.00114314223174,0.0,0.9985451102256776,0.0003949036763515,0.0003949036763515,0.0006651009316556,0.0,0.9975267052650452,0.0007274541421793,0.000789807352703,0.0009560826001688,0.0,0.9983996152877808,0.0004988256841897,0.0005611788947135,0.0005403945106081,0.0,0.99715256690979,0.0009352981578558,0.0009145137737505,0.0009976513683795,0.0,0.996820032596588,0.0011015734635293,0.0009560826001688,0.001122357789427,0.0,0.9975682497024536,0.000789807352703,0.0007274541421793,0.0009145137737505,0.0,0.9970070719718932,0.0009145137737505,0.0010807890212163,0.0009976513683795,0.0,0.9972149133682252,0.0008937293896451,0.000789807352703,0.0011015734635293,0.0,0.9972357153892516,0.0009768670424818,0.0008105917368084,0.0009768670424818,0.0,0.998503565788269,0.0004988256841897,0.0003949036763515,0.0006027477211318,0.0,0.9970070719718932,0.0009976513683795,0.0010807890212163,0.0009145137737505,0.0,0.9965705871582032,0.0012262798845767,0.0009976513683795,0.0012054954422637,0.0,0.9984619617462158,0.0006235321052372,0.0003949036763515,0.0005196101265028,0.0,0.998565912246704,0.0003325504658278,0.000436472473666,0.0006651009316556,0.0,0.996383547782898,0.00114314223174,0.0012470642104744,0.0012262798845767,0.0,0.997734546661377,0.000789807352703,0.0005196101265028,0.0009560826001688,0.0,0.9969862699508668,0.0009145137737505,0.000789807352703,0.0013094174209982,0.0,0.998565912246704,0.0003949036763515,0.0003949036763515,0.0006443165475502,0.0,0.993536114692688,0.0022862844634801,0.0019953027367591,0.0021823623683303,0.0,0.9972357153892516,0.0009560826001688,0.0009560826001688,0.0008521605632267,0.0,0.9967160820961,0.0009976513683795,0.0009976513683795,0.0012886330951005,0.0,0.9980670809745789,0.0008313761791214347,0.00041568808956071734,0.0006858853157609701,0.0
17,0.999854564666748,0.0,0.0,0.0001454908342566,0.0,0.9998129606246948,0.0,0.0,0.0001870596315711,0.0,0.9994804263114928,0.0,0.0,0.0005196101265028,0.0,0.9995635747909546,0.0,0.0,0.000436472473666,0.0,0.9997714161872864,0.0,0.0,0.0002286284434376,0.0,0.9995843768119812,0.0,0.0,0.0004156880895607,0.0,0.999667465686798,0.0,0.0,0.0003325504658278,0.0,0.9997714161872864,0.0,0.0,0.0002286284434376,0.0,0.9997714161872864,0.0,0.0,0.0002286284434376,0.0,0.9997506141662598,0.0,0.0,0.0002494128420948,0.0,0.999792218208313,0.0,0.0,0.0002078440447803,0.0,0.9997298121452332,0.0,0.0,0.000270197255304,0.0,0.9997090697288512,0.0,0.0,0.0002909816685132,0.0,0.9998961091041564,0.0,0.0,0.0001039220223901,0.0,0.9997298121452332,0.0,0.0,0.000270197255304,0.0,0.9997298121452332,0.0,0.0,0.000270197255304,0.0,0.9998337626457214,0.0,0.0,0.0001662752329139,0.0,0.999667465686798,0.0,0.0,0.0003325504658278,0.0,0.9999169111251832,0.0,0.0,8.313761645695195e-05,0.0,0.9998129606246948,0.0,0.0,0.0001870596315711,0.0,0.9996259212493896,0.0,0.0,0.0003741192631423,0.0,0.9997714161872864,0.0,0.0,0.0002286284434376,0.0,0.9997506141662598,0.0,0.0,0.0002494128420948,0.0,0.9997298121452332,0.0,0.0,0.000270197255304,0.0,0.9997090697288512,0.0,0.0,0.0002909816685132,0.0,0.999792218208313,0.0,0.0,0.0002078440447803,0.0,0.9997506141662598,0.0,0.0,0.0002494128420948,0.0,0.999792218208313,0.0,0.0,0.0002078440447803,0.0,0.9998129606246948,0.0,0.0,0.0001870596315711,0.0,0.9997714161872864,0.0,0.0,0.0002286284434376,0.0,0.9963420033454896,0.0017874587792903,0.0008729449473321,0.0009976513683795,0.0,0.9953858852386476,0.0014964770525693,0.0013509863056242,0.0017666743369773,0.0,0.998565912246704,0.000436472473666,0.0002909816685132,0.0007066697580739,0.0,0.9955729842185974,0.0017251055687665,0.00114314223174,0.0015588302630931,0.0,0.9946168661117554,0.0021407937165349,0.0013925550738349,0.001849811989814,0.0,0.9977553486824036,0.0007482385262846,0.0006027477211318,0.0008937293896451,0.0,0.9965705871582032,0.0012054954422637,0.0009352981578558,0.0012886330951005,0.0,0.9966745376586914,0.0012470642104744,0.0008313761791214,0.0012470642104744,0.0,0.9983788728713988,0.0004988256841897,0.0003949036763515,0.0007274541421793,0.0,0.9969862699508668,0.00114314223174,0.0008105917368084,0.0010600045789033,0.0,0.9980462789535522,0.0007482385262846,0.0005819633370265,0.0006235321052372,0.0,0.9967992305755616,0.00114314223174,0.0009976513683795,0.0010600045789033,0.0,0.9963212013244628,0.0013925550738349,0.0009352981578558,0.0013509863056242,0.0,0.9973604083061218,0.0008313761791214,0.0007066697580739,0.0011015734635293,0.0,0.9964666962623596,0.0014133395161479,0.0009560826001688,0.001163926674053,0.0,0.996820032596588,0.0010807890212163,0.0008729449473321,0.0012262798845767,0.0,0.996820032596588,0.0012678486527875,0.0008521605632267,0.0010600045789033,0.0,0.998316526412964,0.0006651009316556,0.0003949036763515,0.0006235321052372,0.0,0.9966745376586914,0.001122357789427,0.00114314223174,0.0010600045789033,0.0,0.9962588548660278,0.0013302018633112,0.0010184358106926,0.0013925550738349,0.0,0.9983788728713988,0.0006235321052372,0.000436472473666,0.0005611788947135,0.0,0.9983788728713988,0.000436472473666,0.0004988256841897,0.0006858853157609,0.0,0.9957808256149292,0.0016835366841405,0.0011847109999507,0.0013509863056242,0.0,0.997485101222992,0.0009560826001688,0.0004988256841897,0.0010600045789033,0.0,0.9965913891792296,0.0010807890212163,0.0009352981578558,0.0013925550738349,0.0,0.998503565788269,0.0003949036763515,0.0003533348790369,0.0007482385262846,0.0,0.9924345016479492,0.0030137386638671,0.0020784405060112,0.0024733440950512,0.0,0.9967160820961,0.0013925550738349,0.0008729449473321,0.0010184358106926,0.0,0.9962172508239746,0.0013302018633112,0.0010184358106926,0.0014341238420456,0.0,0.9979423880577087,0.0008729449473321438,0.00041568808956071734,0.0007690229685977101,0.0
18,0.999854564666748,0.0,0.0,0.0001454908342566,0.0,0.9998129606246948,0.0,0.0,0.0001870596315711,0.0,0.9994804263114928,0.0,0.0,0.0005196101265028,0.0,0.9995635747909546,0.0,0.0,0.000436472473666,0.0,0.9997714161872864,0.0,0.0,0.0002286284434376,0.0,0.9995843768119812,0.0,0.0,0.0004156880895607,0.0,0.999667465686798,0.0,0.0,0.0003325504658278,0.0,0.9997714161872864,0.0,0.0,0.0002286284434376,0.0,0.9997714161872864,0.0,0.0,0.0002286284434376,0.0,0.9997506141662598,0.0,0.0,0.0002494128420948,0.0,0.999792218208313,0.0,0.0,0.0002078440447803,0.0,0.9997298121452332,0.0,0.0,0.000270197255304,0.0,0.9997090697288512,0.0,0.0,0.0002909816685132,0.0,0.9998961091041564,0.0,0.0,0.0001039220223901,0.0,0.9997298121452332,0.0,0.0,0.000270197255304,0.0,0.9997298121452332,0.0,0.0,0.000270197255304,0.0,0.9998337626457214,0.0,0.0,0.0001662752329139,0.0,0.999667465686798,0.0,0.0,0.0003325504658278,0.0,0.9999169111251832,0.0,0.0,8.313761645695195e-05,0.0,0.9998129606246948,0.0,0.0,0.0001870596315711,0.0,0.9996259212493896,0.0,0.0,0.0003741192631423,0.0,0.9997714161872864,0.0,0.0,0.0002286284434376,0.0,0.9997506141662598,0.0,0.0,0.0002494128420948,0.0,0.9997298121452332,0.0,0.0,0.000270197255304,0.0,0.9997090697288512,0.0,0.0,0.0002909816685132,0.0,0.999792218208313,0.0,0.0,0.0002078440447803,0.0,0.9997506141662598,0.0,0.0,0.0002494128420948,0.0,0.999792218208313,0.0,0.0,0.0002078440447803,0.0,0.9998129606246948,0.0,0.0,0.0001870596315711,0.0,0.9997714161872864,0.0,0.0,0.0002286284434376,0.0,0.995801568031311,0.001808243105188,0.0012054954422637,0.0011847109999507,0.0,0.9950118064880372,0.0015172614948824,0.0014964770525693,0.0019745184108614,0.0,0.9984619617462158,0.0004780413000844,0.0002909816685132,0.0007690229685977,0.0,0.9951572418212892,0.0016419679159298,0.0014133395161479,0.0017874587792903,0.0,0.9938478469848632,0.0024317752104252,0.0017251055687665,0.0019953027367591,0.0,0.9975890517234802,0.000789807352703,0.0006027477211318,0.0010184358106926,0.0,0.9961133599281312,0.0014756927266716,0.0009145137737505,0.0014964770525693,0.0,0.9961341619491576,0.0015796147054061,0.0008937293896451,0.0013925550738349,0.0,0.9982125759124756,0.0006027477211318,0.0003741192631423,0.0008105917368084,0.0,0.9967576861381532,0.0012054954422637,0.0008521605632267,0.0011847109999507,0.0,0.9979007840156556,0.0008105917368084,0.0005611788947135,0.0007274541421793,0.0,0.9962380528450012,0.0016003991477191,0.0008937293896451,0.0012678486527875,0.0,0.9960925579071044,0.0014341238420456,0.0009976513683795,0.0014756927266716,0.0,0.9968408346176147,0.00114314223174,0.0008313761791214,0.0011847109999507,0.0,0.9961133599281312,0.0015172614948824,0.0008937293896451,0.0014756927266716,0.0,0.9964874982833862,0.0011847109999507,0.0009560826001688,0.0013717706315219,0.0,0.9964250922203064,0.0013925550738349,0.0009768670424818,0.0012054954422637,0.0,0.9982333779335022,0.0006443165475502,0.0004156880895607,0.0007066697580739,0.0,0.996383547782898,0.0012678486527875,0.0011847109999507,0.001163926674053,0.0,0.995801568031311,0.0015796147054061,0.0009352981578558,0.0016835366841405,0.0,0.9982957243919371,0.0005819633370265,0.0004572568868752,0.0006651009316556,0.0,0.998316526412964,0.000436472473666,0.0004988256841897,0.0007482385262846,0.0,0.9951156973838806,0.0022239312529563,0.001122357789427,0.0015380459371954,0.0,0.9972357153892516,0.0009145137737505,0.0007274541421793,0.001122357789427,0.0,0.995801568031311,0.0016419679159298,0.0010600045789033,0.0014964770525693,0.0,0.9983788728713988,0.000436472473666,0.0004156880895607,0.0007690229685977,0.0,0.991540789604187,0.0032839358318597,0.0025149129796773,0.0026604037266224,0.0,0.9962795972824096,0.0014964770525693,0.0011015734635293,0.001122357789427,0.0,0.9956976771354676,0.0016419679159298,0.0010184358106926,0.0016419679159298,0.0,0.997796893119812,0.0008313761791214347,0.0004780413000844419,0.0008937293896451592,0.0
19,0.999854564666748,0.0,0.0,0.0001454908342566,0.0,0.9998129606246948,0.0,0.0,0.0001870596315711,0.0,0.9994804263114928,0.0,0.0,0.0005196101265028,0.0,0.9995635747909546,0.0,0.0,0.000436472473666,0.0,0.9997714161872864,0.0,0.0,0.0002286284434376,0.0,0.9995843768119812,0.0,0.0,0.0004156880895607,0.0,0.999667465686798,0.0,0.0,0.0003325504658278,0.0,0.9997714161872864,0.0,0.0,0.0002286284434376,0.0,0.9997714161872864,0.0,0.0,0.0002286284434376,0.0,0.9997506141662598,0.0,0.0,0.0002494128420948,0.0,0.999792218208313,0.0,0.0,0.0002078440447803,0.0,0.9997298121452332,0.0,0.0,0.000270197255304,0.0,0.9997090697288512,0.0,0.0,0.0002909816685132,0.0,0.9998961091041564,0.0,0.0,0.0001039220223901,0.0,0.9997298121452332,0.0,0.0,0.000270197255304,0.0,0.9997298121452332,0.0,0.0,0.000270197255304,0.0,0.9998337626457214,0.0,0.0,0.0001662752329139,0.0,0.999667465686798,0.0,0.0,0.0003325504658278,0.0,0.9999169111251832,0.0,0.0,8.313761645695195e-05,0.0,0.9998129606246948,0.0,0.0,0.0001870596315711,0.0,0.9996259212493896,0.0,0.0,0.0003741192631423,0.0,0.9997714161872864,0.0,0.0,0.0002286284434376,0.0,0.9997506141662598,0.0,0.0,0.0002494128420948,0.0,0.9997298121452332,0.0,0.0,0.000270197255304,0.0,0.9997090697288512,0.0,0.0,0.0002909816685132,0.0,0.999792218208313,0.0,0.0,0.0002078440447803,0.0,0.9997506141662598,0.0,0.0,0.0002494128420948,0.0,0.999792218208313,0.0,0.0,0.0002078440447803,0.0,0.9998129606246948,0.0,0.0,0.0001870596315711,0.0,0.9997714161872864,0.0,0.0,0.0002286284434376,0.0,0.9951364994049072,0.0021615780424326,0.0013717706315219,0.0013302018633112,0.0,0.9944506287574768,0.001849811989814,0.0012886330951005,0.0024109908845275,0.0,0.9983788728713988,0.0005196101265028,0.000270197255304,0.0008313761791214,0.0,0.9944921731948853,0.0020368716213852,0.0015588302630931,0.0019121652003377,0.0,0.993224322795868,0.0025564816314727,0.0019953027367591,0.0022239312529563,0.0,0.9975267052650452,0.0006651009316556,0.0005819633370265,0.0012262798845767,0.0,0.9955937266349792,0.0017458898946642,0.0008729449473321,0.0017874587792903,0.0,0.9955729842185974,0.0017666743369773,0.001163926674053,0.0014964770525693,0.0,0.9980878829956056,0.0005196101265028,0.0004780413000844,0.0009145137737505,0.0,0.9962588548660278,0.0014756927266716,0.0009352981578558,0.0013302018633112,0.0,0.9976305961608888,0.0009145137737505,0.0006027477211318,0.0008521605632267,0.0,0.9958431720733644,0.0015796147054061,0.001163926674053,0.0014133395161479,0.0,0.9956768751144408,0.0014341238420456,0.0012470642104744,0.0016419679159298,0.0,0.9965290427207948,0.0012678486527875,0.0008313761791214,0.0013717706315219,0.0,0.9957808256149292,0.0015380459371954,0.0009976513683795,0.0016835366841405,0.0,0.9958847165107728,0.0015796147054061,0.0010184358106926,0.0015172614948824,0.0,0.9959470629692078,0.0015172614948824,0.0009976513683795,0.0015380459371954,0.0,0.998129427433014,0.0005819633370265,0.000436472473666,0.0008521605632267,0.0,0.996071755886078,0.0012886330951005,0.0011847109999507,0.0014549082843586,0.0,0.9952403903007508,0.0017458898946642,0.0012470642104744,0.0017666743369773,0.0,0.9981086254119872,0.0005196101265028,0.0005819633370265,0.000789807352703,0.0,0.9980047345161438,0.0007274541421793,0.0003325504658278,0.0009352981578558,0.0,0.9946792125701904,0.0022655001375824,0.0012262798845767,0.001829027547501,0.0,0.9969862699508668,0.0009976513683795,0.0007274541421793,0.0012886330951005,0.0,0.9954274892807008,0.0017874587792903,0.0011015734635293,0.0016835366841405,0.0,0.998316526412964,0.0004156880895607,0.0003949036763515,0.0008729449473321,0.0,0.990439236164093,0.0038658990524709,0.002535697305575,0.0031592294108122,0.0,0.9956560730934144,0.0017874587792903,0.001122357789427,0.0014341238420456,0.0,0.9950533509254456,0.0019745184108614,0.001163926674053,0.001808243105188,0.0,0.9975059032440186,0.0008937293896451592,0.0006651009316556156,0.0009352981578558683,0.0
20,0.999854564666748,0.0,0.0,0.0001454908342566,0.0,0.9998129606246948,0.0,0.0,0.0001870596315711,0.0,0.9994804263114928,0.0,0.0,0.0005196101265028,0.0,0.9995635747909546,0.0,0.0,0.000436472473666,0.0,0.9997714161872864,0.0,0.0,0.0002286284434376,0.0,0.9995843768119812,0.0,0.0,0.0004156880895607,0.0,0.999667465686798,0.0,0.0,0.0003325504658278,0.0,0.9997714161872864,0.0,0.0,0.0002286284434376,0.0,0.9997714161872864,0.0,0.0,0.0002286284434376,0.0,0.9997506141662598,0.0,0.0,0.0002494128420948,0.0,0.999792218208313,0.0,0.0,0.0002078440447803,0.0,0.9997298121452332,0.0,0.0,0.000270197255304,0.0,0.9997090697288512,0.0,0.0,0.0002909816685132,0.0,0.9998961091041564,0.0,0.0,0.0001039220223901,0.0,0.9997298121452332,0.0,0.0,0.000270197255304,0.0,0.9997298121452332,0.0,0.0,0.000270197255304,0.0,0.9998337626457214,0.0,0.0,0.0001662752329139,0.0,0.999667465686798,0.0,0.0,0.0003325504658278,0.0,0.9999169111251832,0.0,0.0,8.313761645695195e-05,0.0,0.9998129606246948,0.0,0.0,0.0001870596315711,0.0,0.9996259212493896,0.0,0.0,0.0003741192631423,0.0,0.9997714161872864,0.0,0.0,0.0002286284434376,0.0,0.9997506141662598,0.0,0.0,0.0002494128420948,0.0,0.9997298121452332,0.0,0.0,0.000270197255304,0.0,0.9997090697288512,0.0,0.0,0.0002909816685132,0.0,0.999792218208313,0.0,0.0,0.0002078440447803,0.0,0.9997506141662598,0.0,0.0,0.0002494128420948,0.0,0.999792218208313,0.0,0.0,0.0002078440447803,0.0,0.9998129606246948,0.0,0.0,0.0001870596315711,0.0,0.9997714161872864,0.0,0.0,0.0002286284434376,0.0,0.9946168661117554,0.0023694219999015,0.0014341238420456,0.0015796147054061,0.0,0.99399334192276,0.0017251055687665,0.0015172614948824,0.0027643258217722,0.0,0.998191773891449,0.0004780413000844,0.0003949036763515,0.0009352981578558,0.0,0.9936192035675048,0.0025149129796773,0.001829027547501,0.0020368716213852,0.0,0.9926216006278992,0.0026811880525201,0.0022239312529563,0.0024733440950512,0.0,0.9973188638687134,0.0007274541421793,0.0006651009316556,0.0012886330951005,0.0,0.9951988458633424,0.0018705963157117,0.0010184358106926,0.0019121652003377,0.0,0.9949078559875488,0.0021200091578066,0.0012262798845767,0.0017458898946642,0.0,0.997796893119812,0.0007482385262846,0.0004572568868752,0.0009976513683795,0.0,0.995926320552826,0.0016003991477191,0.0009560826001688,0.0015172614948824,0.0,0.997402012348175,0.0009976513683795,0.0005819633370265,0.0010184358106926,0.0,0.9951988458633424,0.0019537340849637,0.0010184358106926,0.001829027547501,0.0,0.995032548904419,0.0017874587792903,0.0012886330951005,0.0018913807580247,0.0,0.9961549043655396,0.0014133395161479,0.0009560826001688,0.0014756927266716,0.0,0.9953027367591858,0.0017043211264535,0.0012262798845767,0.0017666743369773,0.0,0.995406687259674,0.001808243105188,0.0010807890212163,0.0017043211264535,0.0,0.9955313801765442,0.0017043211264535,0.0010600045789033,0.0017043211264535,0.0,0.9979007840156556,0.0006027477211318,0.0005611788947135,0.0009352981578558,0.0,0.9957184195518494,0.0012886330951005,0.0012886330951005,0.0017043211264535,0.0,0.9947415590286256,0.001829027547501,0.0014756927266716,0.0019537340849637,0.0,0.9977553486824036,0.0007066697580739,0.0007274541421793,0.0008105917368084,0.0,0.9978800415992736,0.0006858853157609,0.0004572568868752,0.0009768670424818,0.0,0.9942843317985536,0.0020992248319089,0.0013302018633112,0.0022862844634801,0.0,0.9966745376586914,0.0010600045789033,0.0009145137737505,0.0013509863056242,0.0,0.9948870539665222,0.0020992248319089,0.0011015734635293,0.0019121652003377,0.0,0.9980878829956056,0.0004780413000844,0.0004988256841897,0.0009352981578558,0.0,0.9893999695777892,0.0041360962204635,0.0028266790322959,0.0036372707691043,0.0,0.9953027367591858,0.0019329495262354,0.0011847109999507,0.0015796147054061,0.0,0.9944298267364502,0.0022862844634801,0.0012470642104744,0.0020368716213852,0.0,0.9972565174102783,0.0008105917368084192,0.0008729449473321438,0.0010600045789033175,0.0
21,0.999854564666748,0.0,0.0,0.0001454908342566,0.0,0.9998129606246948,0.0,0.0,0.0001870596315711,0.0,0.9994804263114928,0.0,0.0,0.0005196101265028,0.0,0.9995635747909546,0.0,0.0,0.000436472473666,0.0,0.9997714161872864,0.0,0.0,0.0002286284434376,0.0,0.9995843768119812,0.0,0.0,0.0004156880895607,0.0,0.999667465686798,0.0,0.0,0.0003325504658278,0.0,0.9997714161872864,0.0,0.0,0.0002286284434376,0.0,0.9997714161872864,0.0,0.0,0.0002286284434376,0.0,0.9997506141662598,0.0,0.0,0.0002494128420948,0.0,0.999792218208313,0.0,0.0,0.0002078440447803,0.0,0.9997298121452332,0.0,0.0,0.000270197255304,0.0,0.9997090697288512,0.0,0.0,0.0002909816685132,0.0,0.9998961091041564,0.0,0.0,0.0001039220223901,0.0,0.9997298121452332,0.0,0.0,0.000270197255304,0.0,0.9997298121452332,0.0,0.0,0.000270197255304,0.0,0.9998337626457214,0.0,0.0,0.0001662752329139,0.0,0.999667465686798,0.0,0.0,0.0003325504658278,0.0,0.9999169111251832,0.0,0.0,8.313761645695195e-05,0.0,0.9998129606246948,0.0,0.0,0.0001870596315711,0.0,0.9996259212493896,0.0,0.0,0.0003741192631423,0.0,0.9997714161872864,0.0,0.0,0.0002286284434376,0.0,0.9997506141662598,0.0,0.0,0.0002494128420948,0.0,0.9997298121452332,0.0,0.0,0.000270197255304,0.0,0.9997090697288512,0.0,0.0,0.0002909816685132,0.0,0.999792218208313,0.0,0.0,0.0002078440447803,0.0,0.9997506141662598,0.0,0.0,0.0002494128420948,0.0,0.999792218208313,0.0,0.0,0.0002078440447803,0.0,0.9998129606246948,0.0,0.0,0.0001870596315711,0.0,0.9997714161872864,0.0,0.0,0.0002286284434376,0.0,0.9941803812980652,0.0021615780424326,0.001849811989814,0.001808243105188,0.0,0.9935153126716614,0.0018705963157117,0.0016835366841405,0.002930600894615,0.0,0.9980462789535522,0.0005196101265028,0.0004780413000844,0.0009560826001688,0.0,0.9929333329200744,0.0026396194007247,0.0020992248319089,0.0023278533481061,0.0,0.991914927959442,0.0027019726112484,0.0024733440950512,0.0029098165687173,0.0,0.9971317648887634,0.0006235321052372,0.0009352981578558,0.0013094174209982,0.0,0.9948870539665222,0.0016835366841405,0.0013717706315219,0.0020576559472829,0.0,0.9944506287574768,0.0022239312529563,0.0014549082843586,0.0018705963157117,0.0,0.997547447681427,0.0008313761791214,0.0005611788947135,0.0010600045789033,0.0,0.9954690337181092,0.0015172614948824,0.0012678486527875,0.0017458898946642,0.0,0.9971941113471984,0.0008521605632267,0.0008521605632267,0.0011015734635293,0.0,0.9949286580085754,0.0018705963157117,0.0012886330951005,0.0019121652003377,0.0,0.9947208166122437,0.0016003991477191,0.0016003991477191,0.0020784405060112,0.0,0.9957808256149292,0.0015796147054061,0.0009976513683795,0.0016419679159298,0.0,0.995032548904419,0.0014341238420456,0.0014549082843586,0.0020784405060112,0.0,0.9951364994049072,0.0016835366841405,0.0012886330951005,0.0018913807580247,0.0,0.9952196478843688,0.0016003991477191,0.0013925550738349,0.0017874587792903,0.0,0.9978176951408386,0.0004988256841897,0.0006858853157609,0.0009976513683795,0.0,0.9953651428222656,0.0013094174209982,0.0013302018633112,0.0019953027367591,0.0,0.9943674802780152,0.0018913807580247,0.0015380459371954,0.0022031469270586,0.0,0.9975267052650452,0.0008521605632267,0.0007066697580739,0.0009145137737505,0.0,0.997734546661377,0.0006443165475502,0.0005196101265028,0.0011015734635293,0.0,0.9937646985054016,0.0020160872954875,0.0017458898946642,0.0024733440950512,0.0,0.9961341619491576,0.0013509863056242,0.0010392202530056,0.0014756927266716,0.0,0.994325876235962,0.0022655001375824,0.0013094174209982,0.0020992248319089,0.0,0.9978592395782472,0.0006443165475502,0.0004572568868752,0.0010392202530056,0.0,0.9882984161376952,0.0041360962204635,0.0033878579270094,0.0041776653379201,0.0,0.9949078559875488,0.001808243105188,0.0014756927266716,0.001808243105188,0.0,0.9940348863601683,0.0021823623683303,0.0014964770525693,0.0022862844634801,0.0,0.9969655275344849,0.0009768670424818993,0.0009560826001688838,0.0011015734635293484,0.0
22,0.999854564666748,0.0,0.0,0.0001454908342566,0.0,0.9998129606246948,0.0,0.0,0.0001870596315711,0.0,0.9994804263114928,0.0,0.0,0.0005196101265028,0.0,0.9995635747909546,0.0,0.0,0.000436472473666,0.0,0.9997714161872864,0.0,0.0,0.0002286284434376,0.0,0.9995843768119812,0.0,0.0,0.0004156880895607,0.0,0.999667465686798,0.0,0.0,0.0003325504658278,0.0,0.9997714161872864,0.0,0.0,0.0002286284434376,0.0,0.9997714161872864,0.0,0.0,0.0002286284434376,0.0,0.9997506141662598,0.0,0.0,0.0002494128420948,0.0,0.999792218208313,0.0,0.0,0.0002078440447803,0.0,0.9997298121452332,0.0,0.0,0.000270197255304,0.0,0.9997090697288512,0.0,0.0,0.0002909816685132,0.0,0.9998961091041564,0.0,0.0,0.0001039220223901,0.0,0.9997298121452332,0.0,0.0,0.000270197255304,0.0,0.9997298121452332,0.0,0.0,0.000270197255304,0.0,0.9998337626457214,0.0,0.0,0.0001662752329139,0.0,0.999667465686798,0.0,0.0,0.0003325504658278,0.0,0.9999169111251832,0.0,0.0,8.313761645695195e-05,0.0,0.9998129606246948,0.0,0.0,0.0001870596315711,0.0,0.9996259212493896,0.0,0.0,0.0003741192631423,0.0,0.9997714161872864,0.0,0.0,0.0002286284434376,0.0,0.9997506141662598,0.0,0.0,0.0002494128420948,0.0,0.9997298121452332,0.0,0.0,0.000270197255304,0.0,0.9997090697288512,0.0,0.0,0.0002909816685132,0.0,0.999792218208313,0.0,0.0,0.0002078440447803,0.0,0.9997506141662598,0.0,0.0,0.0002494128420948,0.0,0.999792218208313,0.0,0.0,0.0002078440447803,0.0,0.9998129606246948,0.0,0.0,0.0001870596315711,0.0,0.9997714161872864,0.0,0.0,0.0002286284434376,0.0,0.9933698177337646,0.0024317752104252,0.0023278533481061,0.0018705963157117,0.0,0.993016481399536,0.0019953027367591,0.0018705963157117,0.0031176605261862,0.0,0.9978800415992736,0.0005819633370265,0.0005403945106081,0.0009976513683795,0.0,0.9922682642936708,0.0028890322428196,0.0021407937165349,0.0027019726112484,0.0,0.9911458492279052,0.0027019726112484,0.0029098165687173,0.0032423669472336,0.0,0.9968615770339966,0.0007274541421793,0.0009145137737505,0.0014964770525693,0.0,0.9943466782569884,0.0017666743369773,0.0016627523582428,0.0022239312529563,0.0,0.9937855005264282,0.0023486376740038,0.0017874587792903,0.0020784405060112,0.0,0.9973396062850952,0.0008729449473321,0.0006651009316556,0.001122357789427,0.0,0.9951780438423156,0.0015796147054061,0.0013717706315219,0.0018705963157117,0.0,0.996820032596588,0.0010807890212163,0.0008937293896451,0.0012054954422637,0.0,0.9945337176322936,0.0017043211264535,0.0017043211264535,0.0020576559472829,0.0,0.9941803812980652,0.0019121652003377,0.0016211834736168,0.0022862844634801,0.0,0.9954274892807008,0.0014133395161479,0.0013509863056242,0.001808243105188,0.0,0.9944090247154236,0.0017043211264535,0.0017666743369773,0.0021200091578066,0.0,0.9945960640907288,0.0018913807580247,0.0014133395161479,0.0020992248319089,0.0,0.994762361049652,0.0016627523582428,0.0016627523582428,0.0019121652003377,0.0,0.9973812103271484,0.0008521605632267,0.0007482385262846,0.0010184358106926,0.0,0.9949286580085754,0.0014549082843586,0.0014133395161479,0.0022031469270586,0.0,0.9937023520469666,0.0020992248319089,0.0017874587792903,0.0024109908845275,0.0,0.9973604083061218,0.0009352981578558,0.0007066697580739,0.0009976513683795,0.0,0.997547447681427,0.0007690229685977,0.0004988256841897,0.0011847109999507,0.0,0.9929541349411012,0.0021615780424326,0.0023486376740038,0.002535697305575,0.0,0.9957600235939026,0.0014756927266716,0.0012054954422637,0.0015588302630931,0.0,0.9937231540679932,0.0020784405060112,0.0018705963157117,0.0023278533481061,0.0,0.9977137446403505,0.0006651009316556,0.0005196101265028,0.0011015734635293,0.0,0.9868642687797546,0.0046764910221099,0.0039074681699275,0.0045517846010625,0.0,0.9940764904022216,0.0022031469270586,0.001829027547501,0.0018913807580247,0.0,0.9932658672332764,0.0024317752104252,0.001849811989814,0.0024525597691535,0.0,0.9966329336166382,0.001163926674053073,0.0010184358106926084,0.0011847109999507666,0.0
23,0.999854564666748,0.0,0.0,0.0001454908342566,0.0,0.9998129606246948,0.0,0.0,0.0001870596315711,0.0,0.9994804263114928,0.0,0.0,0.0005196101265028,0.0,0.9995635747909546,0.0,0.0,0.000436472473666,0.0,0.9997714161872864,0.0,0.0,0.0002286284434376,0.0,0.9995843768119812,0.0,0.0,0.0004156880895607,0.0,0.999667465686798,0.0,0.0,0.0003325504658278,0.0,0.9997714161872864,0.0,0.0,0.0002286284434376,0.0,0.9997714161872864,0.0,0.0,0.0002286284434376,0.0,0.9997506141662598,0.0,0.0,0.0002494128420948,0.0,0.999792218208313,0.0,0.0,0.0002078440447803,0.0,0.9997298121452332,0.0,0.0,0.000270197255304,0.0,0.9997090697288512,0.0,0.0,0.0002909816685132,0.0,0.9998961091041564,0.0,0.0,0.0001039220223901,0.0,0.9997298121452332,0.0,0.0,0.000270197255304,0.0,0.9997298121452332,0.0,0.0,0.000270197255304,0.0,0.9998337626457214,0.0,0.0,0.0001662752329139,0.0,0.999667465686798,0.0,0.0,0.0003325504658278,0.0,0.9999169111251832,0.0,0.0,8.313761645695195e-05,0.0,0.9998129606246948,0.0,0.0,0.0001870596315711,0.0,0.9996259212493896,0.0,0.0,0.0003741192631423,0.0,0.9997714161872864,0.0,0.0,0.0002286284434376,0.0,0.9997506141662598,0.0,0.0,0.0002494128420948,0.0,0.9997298121452332,0.0,0.0,0.000270197255304,0.0,0.9997090697288512,0.0,0.0,0.0002909816685132,0.0,0.999792218208313,0.0,0.0,0.0002078440447803,0.0,0.9997506141662598,0.0,0.0,0.0002494128420948,0.0,0.999792218208313,0.0,0.0,0.0002078440447803,0.0,0.9998129606246948,0.0,0.0,0.0001870596315711,0.0,0.9997714161872864,0.0,0.0,0.0002286284434376,0.0,0.992579996585846,0.0025564816314727,0.0024733440950512,0.0023902065586298,0.0,0.992185115814209,0.0022655001375824,0.0020784405060112,0.0034709954634308,0.0,0.9976098537445068,0.0007690229685977,0.0005611788947135,0.0010600045789033,0.0,0.9916446805000304,0.0028474633581936,0.0023070687893778,0.0032007982954382,0.0,0.9903352856636048,0.0028890322428196,0.0030553073156625,0.0037204083055257,0.0,0.9967784285545348,0.0007482385262846,0.0008521605632267,0.0016211834736168,0.0,0.9938270449638368,0.0017666743369773,0.0019953027367591,0.0024109908845275,0.0,0.992912530899048,0.0026604037266224,0.0021407937165349,0.0022862844634801,0.0,0.99715256690979,0.0009352981578558,0.0007274541421793,0.0011847109999507,0.0,0.9948455095291138,0.0014133395161479,0.0017043211264535,0.0020368716213852,0.0,0.9964666962623596,0.001163926674053,0.0010807890212163,0.0012886330951005,0.0,0.9940556883811952,0.0017874587792903,0.0019953027367591,0.0021615780424326,0.0,0.9934737086296082,0.0022031469270586,0.001849811989814,0.0024733440950512,0.0,0.9950118064880372,0.0015172614948824,0.0014549082843586,0.0020160872954875,0.0,0.9938063025474548,0.0019745184108614,0.001849811989814,0.0023694219999015,0.0,0.9941596388816832,0.0017251055687665,0.0017874587792903,0.0023278533481061,0.0,0.9940141439437866,0.0019329495262354,0.0018705963157117,0.0021823623683303,0.0,0.997090220451355,0.0010392202530056,0.0007482385262846,0.001122357789427,0.0,0.9944506287574768,0.0016211834736168,0.0015796147054061,0.0023486376740038,0.0,0.9931411743164062,0.0020992248319089,0.0021407937165349,0.0026188348419964,0.0,0.9970694184303284,0.0010392202530056,0.0007690229685977,0.001122357789427,0.0,0.99715256690979,0.0008521605632267,0.0007482385262846,0.0012470642104744,0.0,0.992185115814209,0.0024941284209489,0.0026604037266224,0.0026604037266224,0.0,0.9955105781555176,0.0014756927266716,0.001163926674053,0.001849811989814,0.0,0.993016481399536,0.0024109908845275,0.0020160872954875,0.0025564816314727,0.0,0.997547447681427,0.0007690229685977,0.0004988256841897,0.0011847109999507,0.0,0.9854717254638672,0.0049674725160002,0.0043855090625584,0.0051753167062997,0.0,0.9933074712753296,0.0023486376740038,0.0021200091578066,0.0022239312529563,0.0,0.9925384521484376,0.0025149129796773,0.0022862844634801,0.0026604037266224,0.0,0.9961757063865662,0.0013302018633112311,0.001122357789427042,0.0013717706315219402,0.0
24,0.999854564666748,0.0,0.0,0.0001454908342566,0.0,0.9998129606246948,0.0,0.0,0.0001870596315711,0.0,0.9994804263114928,0.0,0.0,0.0005196101265028,0.0,0.9995635747909546,0.0,0.0,0.000436472473666,0.0,0.9997714161872864,0.0,0.0,0.0002286284434376,0.0,0.9995843768119812,0.0,0.0,0.0004156880895607,0.0,0.999667465686798,0.0,0.0,0.0003325504658278,0.0,0.9997714161872864,0.0,0.0,0.0002286284434376,0.0,0.9997714161872864,0.0,0.0,0.0002286284434376,0.0,0.9997506141662598,0.0,0.0,0.0002494128420948,0.0,0.999792218208313,0.0,0.0,0.0002078440447803,0.0,0.9997298121452332,0.0,0.0,0.000270197255304,0.0,0.9997090697288512,0.0,0.0,0.0002909816685132,0.0,0.9998961091041564,0.0,0.0,0.0001039220223901,0.0,0.9997298121452332,0.0,0.0,0.000270197255304,0.0,0.9997298121452332,0.0,0.0,0.000270197255304,0.0,0.9998337626457214,0.0,0.0,0.0001662752329139,0.0,0.999667465686798,0.0,0.0,0.0003325504658278,0.0,0.9999169111251832,0.0,0.0,8.313761645695195e-05,0.0,0.9998129606246948,0.0,0.0,0.0001870596315711,0.0,0.9996259212493896,0.0,0.0,0.0003741192631423,0.0,0.9997714161872864,0.0,0.0,0.0002286284434376,0.0,0.9997506141662598,0.0,0.0,0.0002494128420948,0.0,0.9997298121452332,0.0,0.0,0.000270197255304,0.0,0.9997090697288512,0.0,0.0,0.0002909816685132,0.0,0.999792218208313,0.0,0.0,0.0002078440447803,0.0,0.9997506141662598,0.0,0.0,0.0002494128420948,0.0,0.999792218208313,0.0,0.0,0.0002078440447803,0.0,0.9998129606246948,0.0,0.0,0.0001870596315711,0.0,0.9997714161872864,0.0,0.0,0.0002286284434376,0.0,0.991478443145752,0.0031384450849145,0.0026811880525201,0.0027019726112484,0.0,0.9913744926452636,0.0026188348419964,0.0023070687893778,0.003699623979628,0.0,0.997402012348175,0.000789807352703,0.0007066697580739,0.0011015734635293,0.0,0.9908756613731384,0.0027435412630438,0.0029098165687173,0.0034709954634308,0.0,0.9892544746398926,0.0033670733682811,0.0031592294108122,0.0042192339897155,0.0,0.9964666962623596,0.0008521605632267,0.0008729449473321,0.001808243105188,0.0,0.9931827783584596,0.0020160872954875,0.0021407937165349,0.0026604037266224,0.0,0.9920811653137208,0.0028266790322959,0.0024317752104252,0.0026604037266224,0.0,0.9969031810760498,0.0008937293896451,0.0008105917368084,0.0013925550738349,0.0,0.994388222694397,0.0015380459371954,0.001808243105188,0.0022655001375824,0.0,0.9960925579071044,0.0013094174209982,0.00114314223174,0.0014549082843586,0.0,0.9933698177337646,0.001829027547501,0.0022239312529563,0.002577266190201,0.0,0.9926631450653076,0.0023694219999015,0.0020784405060112,0.0028890322428196,0.0,0.9945545196533204,0.0016003991477191,0.0016419679159298,0.0022031469270586,0.0,0.9932658672332764,0.0020368716213852,0.0020160872954875,0.0026811880525201,0.0,0.993286669254303,0.0021200091578066,0.0020576559472829,0.002535697305575,0.0,0.993349015712738,0.0021823623683303,0.0019329495262354,0.002535697305575,0.0,0.9967368841171264,0.001163926674053,0.0008105917368084,0.0012886330951005,0.0,0.99386864900589,0.001849811989814,0.0016419679159298,0.0026396194007247,0.0,0.9923721551895142,0.0023694219999015,0.002244715578854,0.0030137386638671,0.0,0.996695339679718,0.0010600045789033,0.0008729449473321,0.0013717706315219,0.0,0.9967992305755616,0.0010807890212163,0.0008521605632267,0.0012678486527875,0.0,0.9910627603530884,0.0032215826213359,0.0026604037266224,0.0030553073156625,0.0,0.995281994342804,0.0013925550738349,0.0013094174209982,0.0020160872954875,0.0,0.9922682642936708,0.0026188348419964,0.0023278533481061,0.0027851101476699,0.0,0.9973396062850952,0.0007482385262846,0.0006443165475502,0.0012678486527875,0.0,0.984183132648468,0.0052168853580951,0.0049051195383071,0.0056949267163872,0.0,0.9925176501274108,0.0027851101476699,0.0021407937165349,0.0025564816314727,0.0,0.9916654825210572,0.0027643258217722,0.0025980505160987,0.002972169779241,0.0,0.9954690337181091,0.0017874587792903185,0.0011431422317400575,0.0016003991477191448,0.0
25,0.999854564666748,0.0,0.0,0.0001454908342566,0.0,0.9998129606246948,0.0,0.0,0.0001870596315711,0.0,0.9994804263114928,0.0,0.0,0.0005196101265028,0.0,0.9995635747909546,0.0,0.0,0.000436472473666,0.0,0.9997714161872864,0.0,0.0,0.0002286284434376,0.0,0.9995843768119812,0.0,0.0,0.0004156880895607,0.0,0.999667465686798,0.0,0.0,0.0003325504658278,0.0,0.9997714161872864,0.0,0.0,0.0002286284434376,0.0,0.9997714161872864,0.0,0.0,0.0002286284434376,0.0,0.9997506141662598,0.0,0.0,0.0002494128420948,0.0,0.999792218208313,0.0,0.0,0.0002078440447803,0.0,0.9997298121452332,0.0,0.0,0.000270197255304,0.0,0.9997090697288512,0.0,0.0,0.0002909816685132,0.0,0.9998961091041564,0.0,0.0,0.0001039220223901,0.0,0.9997298121452332,0.0,0.0,0.000270197255304,0.0,0.9997298121452332,0.0,0.0,0.000270197255304,0.0,0.9998337626457214,0.0,0.0,0.0001662752329139,0.0,0.999667465686798,0.0,0.0,0.0003325504658278,0.0,0.9999169111251832,0.0,0.0,8.313761645695195e-05,0.0,0.9998129606246948,0.0,0.0,0.0001870596315711,0.0,0.9996259212493896,0.0,0.0,0.0003741192631423,0.0,0.9997714161872864,0.0,0.0,0.0002286284434376,0.0,0.9997506141662598,0.0,0.0,0.0002494128420948,0.0,0.9997298121452332,0.0,0.0,0.000270197255304,0.0,0.9997090697288512,0.0,0.0,0.0002909816685132,0.0,0.999792218208313,0.0,0.0,0.0002078440447803,0.0,0.9997506141662598,0.0,0.0,0.0002494128420948,0.0,0.999792218208313,0.0,0.0,0.0002078440447803,0.0,0.9998129606246948,0.0,0.0,0.0001870596315711,0.0,0.9997714161872864,0.0,0.0,0.0002286284434376,0.0,0.990439236164093,0.0037411926314234,0.0028058944735676,0.0030137386638671,0.0,0.9908549189567566,0.0026604037266224,0.0022031469270586,0.0042815874330699,0.0,0.9969862699508668,0.0010600045789033,0.0006235321052372,0.0013302018633112,0.0,0.9898988008499146,0.0030345229897648,0.0032007982954382,0.0038658990524709,0.0,0.9882984161376952,0.003616486210376,0.0033878579270094,0.0046972753480076,0.0,0.9961549043655396,0.0009768670424818,0.0009145137737505,0.0019537340849637,0.0,0.9925384521484376,0.0023486376740038,0.0021823623683303,0.002930600894615,0.0,0.9911874532699584,0.003263151505962,0.002577266190201,0.002972169779241,0.0,0.9966329336166382,0.0009145137737505,0.0009976513683795,0.0014549082843586,0.0,0.9938063025474548,0.0016627523582428,0.0020576559472829,0.0024733440950512,0.0,0.9958847165107728,0.0013094174209982,0.0012054954422637,0.0016003991477191,0.0,0.9924136996269226,0.0025149129796773,0.0022239312529563,0.0028474633581936,0.0,0.9919772744178772,0.0027435412630438,0.0020992248319089,0.0031800137367099,0.0,0.9938063025474548,0.0019745184108614,0.0017874587792903,0.0024317752104252,0.0,0.9925591945648192,0.0024733440950512,0.0019745184108614,0.0029929541051387,0.0,0.9926216006278992,0.0025149129796773,0.0020784405060112,0.0027851101476699,0.0,0.9928501844406128,0.0023694219999015,0.0020160872954875,0.0027643258217722,0.0,0.9965705871582032,0.0012470642104744,0.0006858853157609,0.0014964770525693,0.0,0.993349015712738,0.0020160872954875,0.0016419679159298,0.0029929541051387,0.0,0.9919772744178772,0.0023902065586298,0.0022031469270586,0.0034294265788048,0.0,0.996508240699768,0.0010184358106926,0.0009352981578558,0.0015380459371954,0.0,0.9967160820961,0.0010184358106926,0.0008313761791214,0.0014341238420456,0.0,0.9901066422462464,0.003658055095002,0.0026188348419964,0.003616486210376,0.0,0.9949494004249572,0.0011847109999507,0.0016003991477191,0.0022655001375824,0.0,0.9915199875831604,0.0028058944735676,0.0026604037266224,0.0030137386638671,0.0,0.9971733689308168,0.0006858853157609,0.0007066697580739,0.0014341238420456,0.0,0.982832133769989,0.00546629820019,0.0052376696839928,0.0064639495685696,0.0,0.991810977458954,0.0030968762002885,0.0023278533481061,0.0027643258217722,0.0,0.9905431270599364,0.0034917797893285,0.0026811880525201,0.0032839358318597,0.0,0.9952403903007507,0.001725105568766594,0.0011015734635293484,0.0019329495262354612,0.0
26,0.999854564666748,0.0,0.0,0.0001454908342566,0.0,0.9998129606246948,0.0,0.0,0.0001870596315711,0.0,0.9994804263114928,0.0,0.0,0.0005196101265028,0.0,0.9995635747909546,0.0,0.0,0.000436472473666,0.0,0.9997714161872864,0.0,0.0,0.0002286284434376,0.0,0.9995843768119812,0.0,0.0,0.0004156880895607,0.0,0.999667465686798,0.0,0.0,0.0003325504658278,0.0,0.9997714161872864,0.0,0.0,0.0002286284434376,0.0,0.9997714161872864,0.0,0.0,0.0002286284434376,0.0,0.9997506141662598,0.0,0.0,0.0002494128420948,0.0,0.999792218208313,0.0,0.0,0.0002078440447803,0.0,0.9997298121452332,0.0,0.0,0.000270197255304,0.0,0.9997090697288512,0.0,0.0,0.0002909816685132,0.0,0.9998961091041564,0.0,0.0,0.0001039220223901,0.0,0.9997298121452332,0.0,0.0,0.000270197255304,0.0,0.9997298121452332,0.0,0.0,0.000270197255304,0.0,0.9998337626457214,0.0,0.0,0.0001662752329139,0.0,0.999667465686798,0.0,0.0,0.0003325504658278,0.0,0.9999169111251832,0.0,0.0,8.313761645695195e-05,0.0,0.9998129606246948,0.0,0.0,0.0001870596315711,0.0,0.9996259212493896,0.0,0.0,0.0003741192631423,0.0,0.9997714161872864,0.0,0.0,0.0002286284434376,0.0,0.9997506141662598,0.0,0.0,0.0002494128420948,0.0,0.9997298121452332,0.0,0.0,0.000270197255304,0.0,0.9997090697288512,0.0,0.0,0.0002909816685132,0.0,0.999792218208313,0.0,0.0,0.0002078440447803,0.0,0.9997506141662598,0.0,0.0,0.0002494128420948,0.0,0.999792218208313,0.0,0.0,0.0002078440447803,0.0,0.9998129606246948,0.0,0.0,0.0001870596315711,0.0,0.9997714161872864,0.0,0.0,0.0002286284434376,0.0,0.989732563495636,0.0036372707691043,0.002972169779241,0.003658055095002,0.0,0.9899404048919678,0.0030760918743908,0.0023694219999015,0.0046141375787556,0.0,0.9965498447418212,0.0013302018633112,0.0006858853157609,0.0014341238420456,0.0,0.9885894060134888,0.0036788394208997,0.0033047201577574,0.004427078180015,0.0,0.9870097637176514,0.0041360962204635,0.0034709954634308,0.0053831608965992,0.0,0.995801568031311,0.0010600045789033,0.0008937293896451,0.002244715578854,0.0,0.9918525218963624,0.0024941284209489,0.0022239312529563,0.0034294265788048,0.0,0.9901482462882996,0.0036372707691043,0.0028890322428196,0.0033255047164857,0.0,0.996383547782898,0.0009560826001688,0.0010392202530056,0.0016211834736168,0.0,0.9931411743164062,0.0020368716213852,0.001808243105188,0.0030137386638671,0.0,0.9956768751144408,0.00114314223174,0.0012262798845767,0.0019537340849637,0.0,0.9913537502288818,0.0031800137367099,0.0022655001375824,0.0032007982954382,0.0,0.991166651248932,0.0030137386638671,0.0021407937165349,0.0036788394208997,0.0,0.9931827783584596,0.002244715578854,0.0019329495262354,0.0026396194007247,0.0,0.9917901754379272,0.0026188348419964,0.0020576559472829,0.0035333486739546,0.0,0.9920188188552856,0.002577266190201,0.0022239312529563,0.0031800137367099,0.0,0.9920396208763124,0.0027227569371461,0.0020576559472829,0.0031800137367099,0.0,0.9962795972824096,0.0011015734635293,0.0009352981578558,0.0016835366841405,0.0,0.9926631450653076,0.0022655001375824,0.0017458898946642,0.0033255047164857,0.0,0.9911251068115234,0.002577266190201,0.0025564816314727,0.0037411926314234,0.0,0.9962380528450012,0.001122357789427,0.0010184358106926,0.0016211834736168,0.0,0.9963420033454896,0.0012054954422637,0.0008313761791214,0.0016211834736168,0.0,0.9891089797019958,0.0038451147265732,0.0028266790322959,0.0042192339897155,0.0,0.9942843317985536,0.0014756927266716,0.0017251055687665,0.0025149129796773,0.0,0.99070942401886,0.0030137386638671,0.0028682476840913,0.0034086422529071,0.0,0.9969239234924316,0.000789807352703,0.000789807352703,0.0014964770525693,0.0,0.9813356399536132,0.0055286516435444,0.0055702202953398,0.007565523032099,0.0,0.9909172654151917,0.0031592294108122,0.0026396194007247,0.0032839358318597,0.0,0.989857256412506,0.0034086422529071,0.0029513854533433,0.0037827615160495,0.0,0.9948247075080872,0.0018082431051880121,0.0013094174209982157,0.0020576559472829103,0.0
27,0.999854564666748,0.0,0.0,0.0001454908342566,0.0,0.9998129606246948,0.0,0.0,0.0001870596315711,0.0,0.9994804263114928,0.0,0.0,0.0005196101265028,0.0,0.9995635747909546,0.0,0.0,0.000436472473666,0.0,0.9997714161872864,0.0,0.0,0.0002286284434376,0.0,0.9995843768119812,0.0,0.0,0.0004156880895607,0.0,0.999667465686798,0.0,0.0,0.0003325504658278,0.0,0.9997714161872864,0.0,0.0,0.0002286284434376,0.0,0.9997714161872864,0.0,0.0,0.0002286284434376,0.0,0.9997506141662598,0.0,0.0,0.0002494128420948,0.0,0.999792218208313,0.0,0.0,0.0002078440447803,0.0,0.9997298121452332,0.0,0.0,0.000270197255304,0.0,0.9997090697288512,0.0,0.0,0.0002909816685132,0.0,0.9998961091041564,0.0,0.0,0.0001039220223901,0.0,0.9997298121452332,0.0,0.0,0.000270197255304,0.0,0.9997298121452332,0.0,0.0,0.000270197255304,0.0,0.9998337626457214,0.0,0.0,0.0001662752329139,0.0,0.999667465686798,0.0,0.0,0.0003325504658278,0.0,0.9999169111251832,0.0,0.0,8.313761645695195e-05,0.0,0.9998129606246948,0.0,0.0,0.0001870596315711,0.0,0.9996259212493896,0.0,0.0,0.0003741192631423,0.0,0.9997714161872864,0.0,0.0,0.0002286284434376,0.0,0.9997506141662598,0.0,0.0,0.0002494128420948,0.0,0.9997298121452332,0.0,0.0,0.000270197255304,0.0,0.9997090697288512,0.0,0.0,0.0002909816685132,0.0,0.999792218208313,0.0,0.0,0.0002078440447803,0.0,0.9997506141662598,0.0,0.0,0.0002494128420948,0.0,0.999792218208313,0.0,0.0,0.0002078440447803,0.0,0.9998129606246948,0.0,0.0,0.0001870596315711,0.0,0.9997714161872864,0.0,0.0,0.0002286284434376,0.0,0.9887556433677672,0.0038243304006755,0.0032215826213359,0.0041984496638178,0.0,0.9889842867851256,0.0032007982954382,0.0028266790322959,0.0049882568418979,0.0,0.9963627457618712,0.0012470642104744,0.0008521605632267,0.0015380459371954,0.0,0.9875293970108032,0.0041153118945658,0.0035125643480569,0.0048427660949528,0.0,0.9854717254638672,0.0048635504208505,0.0035125643480569,0.0061521837487816,0.0,0.9954898357391356,0.0012886330951005,0.0008105917368084,0.0024109908845275,0.0,0.9910419583320618,0.0027851101476699,0.0022862844634801,0.0038866836111992,0.0,0.9892752766609192,0.0036372707691043,0.0032215826213359,0.0038658990524709,0.0,0.9960094094276428,0.00114314223174,0.0010600045789033,0.0017874587792903,0.0,0.9923721551895142,0.0024733440950512,0.0019121652003377,0.0032423669472336,0.0,0.9951364994049072,0.0013302018633112,0.0014341238420456,0.0020992248319089,0.0,0.9904807806015016,0.0035749175585806,0.0021823623683303,0.0037619771901518,0.0,0.9901482462882996,0.0033255047164857,0.0026188348419964,0.0039074681699275,0.0,0.9926216006278992,0.0023902065586298,0.001829027547501,0.0031592294108122,0.0,0.9909796118736268,0.0028266790322959,0.0023070687893778,0.0038866836111992,0.0,0.9910211563110352,0.0031384450849145,0.0023278533481061,0.0035125643480569,0.0,0.9913744926452636,0.0026396194007247,0.0024109908845275,0.0035749175585806,0.0,0.9959055185317992,0.0011847109999507,0.00114314223174,0.0017666743369773,0.0,0.9920811653137208,0.0023694219999015,0.0019329495262354,0.003616486210376,0.0,0.9902313947677612,0.0029098165687173,0.0026604037266224,0.0041984496638178,0.0,0.9958847165107728,0.0011847109999507,0.0012262798845767,0.0017043211264535,0.0,0.9959055185317992,0.0012470642104744,0.001163926674053,0.0016835366841405,0.0,0.9884023666381836,0.0037827615160495,0.002930600894615,0.0048843347467482,0.0,0.9937023520469666,0.001808243105188,0.0017251055687665,0.0027643258217722,0.0,0.9896701574325562,0.0033462890423834,0.0027851101476699,0.0041984496638178,0.0,0.9966121912002563,0.0009352981578558,0.0008313761791214,0.0016211834736168,0.0,0.979548156261444,0.0059235552325844,0.0060690459795296,0.0084592523053288,0.0,0.9899611473083496,0.0033462890423834,0.002972169779241,0.0037204083055257,0.0,0.9888180494308472,0.0037204083055257,0.0031592294108122,0.0043023717589676,0.0,0.9942011833190918,0.001974518410861492,0.0016211834736168385,0.0022031469270586967,0.0
28,0.999854564666748,0.0,0.0,0.0001454908342566,0.0,0.9998129606246948,0.0,0.0,0.0001870596315711,0.0,0.9994804263114928,0.0,0.0,0.0005196101265028,0.0,0.9995635747909546,0.0,0.0,0.000436472473666,0.0,0.9997714161872864,0.0,0.0,0.0002286284434376,0.0,0.9995843768119812,0.0,0.0,0.0004156880895607,0.0,0.999667465686798,0.0,0.0,0.0003325504658278,0.0,0.9997714161872864,0.0,0.0,0.0002286284434376,0.0,0.9997714161872864,0.0,0.0,0.0002286284434376,0.0,0.9997506141662598,0.0,0.0,0.0002494128420948,0.0,0.999792218208313,0.0,0.0,0.0002078440447803,0.0,0.9997298121452332,0.0,0.0,0.000270197255304,0.0,0.9997090697288512,0.0,0.0,0.0002909816685132,0.0,0.9998961091041564,0.0,0.0,0.0001039220223901,0.0,0.9997298121452332,0.0,0.0,0.000270197255304,0.0,0.9997298121452332,0.0,0.0,0.000270197255304,0.0,0.9998337626457214,0.0,0.0,0.0001662752329139,0.0,0.999667465686798,0.0,0.0,0.0003325504658278,0.0,0.9999169111251832,0.0,0.0,8.313761645695195e-05,0.0,0.9998129606246948,0.0,0.0,0.0001870596315711,0.0,0.9996259212493896,0.0,0.0,0.0003741192631423,0.0,0.9997714161872864,0.0,0.0,0.0002286284434376,0.0,0.9997506141662598,0.0,0.0,0.0002494128420948,0.0,0.9997298121452332,0.0,0.0,0.000270197255304,0.0,0.9997090697288512,0.0,0.0,0.0002909816685132,0.0,0.999792218208313,0.0,0.0,0.0002078440447803,0.0,0.9997506141662598,0.0,0.0,0.0002494128420948,0.0,0.999792218208313,0.0,0.0,0.0002078440447803,0.0,0.9998129606246948,0.0,0.0,0.0001870596315711,0.0,0.9997714161872864,0.0,0.0,0.0002286284434376,0.0,0.9879450798034668,0.0035333486739546,0.003658055095002,0.0048635504208505,0.0,0.9886102080345154,0.0027643258217722,0.0030760918743908,0.0055494359694421,0.0,0.9961965084075928,0.0012054954422637,0.0009768670424818,0.0016211834736168,0.0,0.9871760606765748,0.003699623979628,0.003616486210376,0.0055078673176467,0.0,0.9851391911506652,0.0041153118945658,0.0039698211476206,0.0067757158540189,0.0,0.9954482316970824,0.0010184358106926,0.0010600045789033,0.0024733440950512,0.0,0.99083411693573,0.0023486376740038,0.0024109908845275,0.0044062938541173,0.0,0.9888803958892822,0.0032007982954382,0.0034917797893285,0.004427078180015,0.0,0.9957600235939026,0.00114314223174,0.0011847109999507,0.0019121652003377,0.0,0.9921019673347472,0.0022862844634801,0.0018705963157117,0.0037411926314234,0.0,0.9949494004249572,0.00114314223174,0.0015380459371954,0.0023694219999015,0.0,0.990189790725708,0.0031800137367099,0.0024733440950512,0.0041568810120224,0.0,0.9898364543914796,0.0028266790322959,0.0030137386638671,0.0043231560848653,0.0,0.9923513531684875,0.0022031469270586,0.0019745184108614,0.0034709954634308,0.0,0.9906262755393982,0.0026396194007247,0.0025149129796773,0.0042192339897155,0.0,0.99070942401886,0.002577266190201,0.0025980505160987,0.0041153118945658,0.0,0.9911251068115234,0.0022239312529563,0.0025980505160987,0.0040529589168727,0.0,0.9956976771354676,0.0010392202530056,0.0013925550738349,0.0018705963157117,0.0,0.9917694330215454,0.0020992248319089,0.0022031469270586,0.0039282524958252,0.0,0.9898156523704528,0.0025564816314727,0.0028682476840913,0.0047596283257007,0.0,0.9957184195518494,0.0009768670424818,0.0014133395161479,0.0018913807580247,0.0,0.9957600235939026,0.0010392202530056,0.0012054954422637,0.0019953027367591,0.0,0.9879658818244934,0.0030968762002885,0.003616486210376,0.0053208074532449,0.0,0.9933698177337646,0.0019121652003377,0.0017043211264535,0.0030137386638671,0.0,0.9892752766609192,0.0029929541051387,0.0031592294108122,0.0045725689269602,0.0,0.9964874982833862,0.0008521605632267,0.0009768670424818,0.0016835366841405,0.0,0.9785712957382202,0.0056117889471352,0.0062561058439314,0.0095608262345194,0.0,0.9893376231193542,0.0031800137367099,0.0031384450849145,0.004343940410763,0.0,0.9885686039924622,0.0030968762002885,0.0033878579270094,0.0049466881901025,0.0,0.9937855005264282,0.001683536684140563,0.0020368716213852167,0.0024941284209489822,0.0
29,0.999854564666748,0.0,0.0,0.0001454908342566,0.0,0.9998129606246948,0.0,0.0,0.0001870596315711,0.0,0.9994804263114928,0.0,0.0,0.0005196101265028,0.0,0.9995635747909546,0.0,0.0,0.000436472473666,0.0,0.9997714161872864,0.0,0.0,0.0002286284434376,0.0,0.9995843768119812,0.0,0.0,0.0004156880895607,0.0,0.999667465686798,0.0,0.0,0.0003325504658278,0.0,0.9997714161872864,0.0,0.0,0.0002286284434376,0.0,0.9997714161872864,0.0,0.0,0.0002286284434376,0.0,0.9997506141662598,0.0,0.0,0.0002494128420948,0.0,0.999792218208313,0.0,0.0,0.0002078440447803,0.0,0.9997298121452332,0.0,0.0,0.000270197255304,0.0,0.9997090697288512,0.0,0.0,0.0002909816685132,0.0,0.9998961091041564,0.0,0.0,0.0001039220223901,0.0,0.9997298121452332,0.0,0.0,0.000270197255304,0.0,0.9997298121452332,0.0,0.0,0.000270197255304,0.0,0.9998337626457214,0.0,0.0,0.0001662752329139,0.0,0.999667465686798,0.0,0.0,0.0003325504658278,0.0,0.9999169111251832,0.0,0.0,8.313761645695195e-05,0.0,0.9998129606246948,0.0,0.0,0.0001870596315711,0.0,0.9996259212493896,0.0,0.0,0.0003741192631423,0.0,0.9997714161872864,0.0,0.0,0.0002286284434376,0.0,0.9997506141662598,0.0,0.0,0.0002494128420948,0.0,0.9997298121452332,0.0,0.0,0.000270197255304,0.0,0.9997090697288512,0.0,0.0,0.0002909816685132,0.0,0.999792218208313,0.0,0.0,0.0002078440447803,0.0,0.9997506141662598,0.0,0.0,0.0002494128420948,0.0,0.999792218208313,0.0,0.0,0.0002078440447803,0.0,0.9998129606246948,0.0,0.0,0.0001870596315711,0.0,0.9997714161872864,0.0,0.0,0.0002286284434376,0.0,0.987342357635498,0.0030968762002885,0.0041776653379201,0.0053831608965992,0.0,0.9882152676582336,0.0026396194007247,0.0031384450849145,0.0060066930018365,0.0,0.996071755886078,0.0009145137737505,0.0012054954422637,0.001808243105188,0.0,0.986718773841858,0.0031800137367099,0.0037204083055257,0.0063808122649788,0.0,0.984578013420105,0.0037204083055257,0.0043231560848653,0.0073784636333584,0.0,0.9952611923217772,0.0008937293896451,0.001163926674053,0.0026811880525201,0.0,0.9903560876846312,0.0021823623683303,0.0026604037266224,0.0048011974431574,0.0,0.9884854555130004,0.0027019726112484,0.0037204083055257,0.0050921789370477,0.0,0.9956560730934144,0.0009768670424818,0.001163926674053,0.0022031469270586,0.0,0.9919772744178772,0.001829027547501,0.0021200091578066,0.0040737432427704,0.0,0.9947208166122437,0.001163926674053,0.0015172614948824,0.0025980505160987,0.0,0.9895870685577391,0.0028266790322959,0.0027851101476699,0.0048011974431574,0.0,0.9893168807029724,0.0026604037266224,0.0030553073156625,0.0049674725160002,0.0,0.9920188188552856,0.0017874587792903,0.0023486376740038,0.0038451147265732,0.0,0.9902937412261964,0.0022655001375824,0.0027435412630438,0.0046972753480076,0.0,0.990314483642578,0.0023070687893778,0.0027851101476699,0.0045933532528579,0.0,0.9907509684562684,0.0020992248319089,0.0026811880525201,0.0044686468318104,0.0,0.9955521821975708,0.0010184358106926,0.0013302018633112,0.0020992248319089,0.0,0.9914368391036988,0.0019121652003377,0.0023694219999015,0.0042815874330699,0.0,0.9892544746398926,0.0027227569371461,0.0027643258217722,0.0052584540098905,0.0,0.9954274892807008,0.0010807890212163,0.0012470642104744,0.002244715578854,0.0,0.9955937266349792,0.001122357789427,0.001163926674053,0.0021200091578066,0.0,0.9872799515724182,0.0028266790322959,0.0041776653379201,0.0057157110422849,0.0,0.9929333329200744,0.0020160872954875,0.0017251055687665,0.0033255047164857,0.0,0.9888180494308472,0.0027019726112484,0.0033670733682811,0.0051129632629454,0.0,0.9964043498039246,0.0007690229685977,0.0009145137737505,0.0019121652003377,0.0,0.977365791797638,0.00546629820019,0.0065678716637194,0.0106000462546944,0.0,0.9888180494308472,0.0029929541051387,0.0034917797893285,0.0046972753480076,0.0,0.9880282282829284,0.0025149129796773,0.0038866836111992,0.0055702202953398,0.0,0.9935153126716614,0.001725105568766594,0.002016087295487523,0.0027435412630438805,0.0
30,0.999854564666748,0.0,0.0,0.0001454908342566,0.0,0.9998129606246948,0.0,0.0,0.0001870596315711,0.0,0.9994804263114928,0.0,0.0,0.0005196101265028,0.0,0.9995635747909546,0.0,0.0,0.000436472473666,0.0,0.9997714161872864,0.0,0.0,0.0002286284434376,0.0,0.9995843768119812,0.0,0.0,0.0004156880895607,0.0,0.999667465686798,0.0,0.0,0.0003325504658278,0.0,0.9997714161872864,0.0,0.0,0.0002286284434376,0.0,0.9997714161872864,0.0,0.0,0.0002286284434376,0.0,0.9997506141662598,0.0,0.0,0.0002494128420948,0.0,0.999792218208313,0.0,0.0,0.0002078440447803,0.0,0.9997298121452332,0.0,0.0,0.000270197255304,0.0,0.9997090697288512,0.0,0.0,0.0002909816685132,0.0,0.9998961091041564,0.0,0.0,0.0001039220223901,0.0,0.9997298121452332,0.0,0.0,0.000270197255304,0.0,0.9997298121452332,0.0,0.0,0.000270197255304,0.0,0.9998337626457214,0.0,0.0,0.0001662752329139,0.0,0.999667465686798,0.0,0.0,0.0003325504658278,0.0,0.9999169111251832,0.0,0.0,8.313761645695195e-05,0.0,0.9998129606246948,0.0,0.0,0.0001870596315711,0.0,0.9996259212493896,0.0,0.0,0.0003741192631423,0.0,0.9997714161872864,0.0,0.0,0.0002286284434376,0.0,0.9997506141662598,0.0,0.0,0.0002494128420948,0.0,0.9997298121452332,0.0,0.0,0.000270197255304,0.0,0.9997090697288512,0.0,0.0,0.0002909816685132,0.0,0.999792218208313,0.0,0.0,0.0002078440447803,0.0,0.9997506141662598,0.0,0.0,0.0002494128420948,0.0,0.999792218208313,0.0,0.0,0.0002078440447803,0.0,0.9998129606246948,0.0,0.0,0.0001870596315711,0.0,0.9997714161872864,0.0,0.0,0.0002286284434376,0.0,0.9866148829460144,0.0031176605261862,0.0044478625059127,0.0058196331374347,0.0,0.9877580404281616,0.0021823623683303,0.0035749175585806,0.0064847338944673,0.0,0.9958847165107728,0.0006651009316556,0.0014964770525693,0.0019537340849637,0.0,0.9863030910491944,0.0022862844634801,0.004343940410763,0.0070666973479092,0.0,0.9840168356895448,0.0029929541051387,0.0049051195383071,0.0080851335078477,0.0,0.9950533509254456,0.0007482385262846,0.0013302018633112,0.0028682476840913,0.0,0.9899819493293762,0.0018705963157117,0.0030345229897648,0.0051129632629454,0.0,0.988132119178772,0.0020160872954875,0.0043023717589676,0.0055494359694421,0.0,0.9955521821975708,0.0008313761791214,0.001163926674053,0.0024525597691535,0.0,0.9917070865631104,0.0014341238420456,0.0023278533481061,0.0045310002751648,0.0,0.9944506287574768,0.0012262798845767,0.0015172614948824,0.0028058944735676,0.0,0.9891505837440492,0.0022031469270586,0.0035749175585806,0.00507139461115,0.0,0.988901138305664,0.0022655001375824,0.0035541329998522,0.0052792388014495,0.0,0.9915615916252136,0.0016211834736168,0.0025980505160987,0.0042192339897155,0.0,0.9899611473083496,0.001829027547501,0.0032423669472336,0.0049674725160002,0.0,0.9898988008499146,0.0021200091578066,0.0031176605261862,0.0048635504208505,0.0,0.9902729392051696,0.0017666743369773,0.0031800137367099,0.0047804131172597,0.0,0.995281994342804,0.0009976513683795,0.0015380459371954,0.0021823623683303,0.0,0.9908133149147034,0.001849811989814,0.0027019726112484,0.0046349219046533,0.0,0.9886517524719238,0.0024733440950512,0.0032423669472336,0.0056325737386941,0.0,0.9953027367591858,0.0009352981578558,0.0012886330951005,0.0024733440950512,0.0,0.9953858852386476,0.0009560826001688,0.0013925550738349,0.0022655001375824,0.0,0.986635684967041,0.0024733440950512,0.0046557066962122,0.0062353210523724,0.0,0.9927462935447692,0.0015380459371954,0.001849811989814,0.0038658990524709,0.0,0.9882568717002868,0.0024525597691535,0.003616486210376,0.0056741423904895,0.0,0.9964043498039246,0.0005196101265028,0.0009352981578558,0.0021407937165349,0.0,0.9767422676086426,0.0045933532528579,0.0069627752527594,0.0117016192525625,0.0,0.9884023666381836,0.0025149129796773,0.0039906054735183,0.0050921789370477,0.0,0.9875917434692384,0.0022655001375824,0.0041776653379201,0.0059651238843798,0.0,0.9932658672332764,0.001558830263093114,0.002140793716534972,0.0030345229897648096,0.0
31,0.999854564666748,0.0,0.0,0.0001454908342566,0.0,0.9998129606246948,0.0,0.0,0.0001870596315711,0.0,0.9994804263114928,0.0,0.0,0.0005196101265028,0.0,0.9995635747909546,0.0,0.0,0.000436472473666,0.0,0.9997714161872864,0.0,0.0,0.0002286284434376,0.0,0.9995843768119812,0.0,0.0,0.0004156880895607,0.0,0.999667465686798,0.0,0.0,0.0003325504658278,0.0,0.9997714161872864,0.0,0.0,0.0002286284434376,0.0,0.9997714161872864,0.0,0.0,0.0002286284434376,0.0,0.9997506141662598,0.0,0.0,0.0002494128420948,0.0,0.999792218208313,0.0,0.0,0.0002078440447803,0.0,0.9997298121452332,0.0,0.0,0.000270197255304,0.0,0.9997090697288512,0.0,0.0,0.0002909816685132,0.0,0.9998961091041564,0.0,0.0,0.0001039220223901,0.0,0.9997298121452332,0.0,0.0,0.000270197255304,0.0,0.9997298121452332,0.0,0.0,0.000270197255304,0.0,0.9998337626457214,0.0,0.0,0.0001662752329139,0.0,0.999667465686798,0.0,0.0,0.0003325504658278,0.0,0.9999169111251832,0.0,0.0,8.313761645695195e-05,0.0,0.9998129606246948,0.0,0.0,0.0001870596315711,0.0,0.9996259212493896,0.0,0.0,0.0003741192631423,0.0,0.9997714161872864,0.0,0.0,0.0002286284434376,0.0,0.9997506141662598,0.0,0.0,0.0002494128420948,0.0,0.9997298121452332,0.0,0.0,0.000270197255304,0.0,0.9997090697288512,0.0,0.0,0.0002909816685132,0.0,0.999792218208313,0.0,0.0,0.0002078440447803,0.0,0.9997506141662598,0.0,0.0,0.0002494128420948,0.0,0.999792218208313,0.0,0.0,0.0002078440447803,0.0,0.9998129606246948,0.0,0.0,0.0001870596315711,0.0,0.9997714161872864,0.0,0.0,0.0002286284434376,0.0,0.9858042597770692,0.0029513854533433,0.0046141375787556,0.0066302251070737,0.0,0.9869890213012696,0.0019953027367591,0.004032174590975,0.0069835595786571,0.0,0.9955521821975708,0.0008105917368084,0.0015172614948824,0.0021200091578066,0.0,0.9857211709022522,0.001808243105188,0.004738843999803,0.0077317981049418,0.0,0.983227014541626,0.002244715578854,0.0056741423904895,0.0088541563600301,0.0,0.994970202445984,0.0005196101265028,0.0013717706315219,0.0031384450849145,0.0,0.9893792271614076,0.0016627523582428,0.0033047201577574,0.0056533580645918,0.0,0.9875709414482116,0.0017043211264535,0.0045102154836058,0.0062145367264747,0.0,0.995406687259674,0.0006027477211318,0.0013302018633112,0.0026604037266224,0.0,0.9910419583320618,0.0013302018633112,0.0028058944735676,0.0048219817690551,0.0,0.9942635297775269,0.0008729449473321,0.0016835366841405,0.0031800137367099,0.0,0.9885894060134888,0.0018913807580247,0.0040529589168727,0.00546629820019,0.0,0.9882984161376952,0.001849811989814,0.004032174590975,0.0058196331374347,0.0,0.9911458492279052,0.0014756927266716,0.0028058944735676,0.0045725689269602,0.0,0.9896494150161744,0.0013302018633112,0.0034294265788048,0.0055910046212375,0.0,0.9893376231193542,0.0016835366841405,0.0035749175585806,0.0054039452224969,0.0,0.9897533059120178,0.0016211834736168,0.0033878579270094,0.0052376696839928,0.0,0.9951156973838806,0.000789807352703,0.0014756927266716,0.0026188348419964,0.0,0.9903768301010132,0.0017043211264535,0.0028474633581936,0.00507139461115,0.0,0.9882568717002868,0.0019745184108614,0.0034709954634308,0.0062976744957268,0.0,0.9950118064880372,0.0008729449473321,0.0014756927266716,0.0026396194007247,0.0,0.9951988458633424,0.0007066697580739,0.0016419679159298,0.0024525597691535,0.0,0.9861992001533508,0.0022031469270586,0.0045517846010625,0.0070459130220115,0.0,0.9926007986068726,0.0011015734635293,0.0020576559472829,0.0042400183156132,0.0,0.9876332879066468,0.0020368716213852,0.0040529589168727,0.0062768901698291,0.0,0.9962172508239746,0.0003949036763515,0.0011015734635293,0.0022862844634801,0.0,0.975807011127472,0.0037411926314234,0.0073161101900041,0.0131357433274388,0.0,0.9878619313240052,0.0020992248319089,0.0041153118945658,0.0059235552325844,0.0,0.987030565738678,0.0017874587792903,0.0044478625059127,0.0067341467365622,0.0,0.9930580258369446,0.0011431422317400575,0.0024317752104252577,0.003367073368281126,0.0
32,0.999854564666748,0.0,0.0,0.0001454908342566,0.0,0.9998129606246948,0.0,0.0,0.0001870596315711,0.0,0.9994804263114928,0.0,0.0,0.0005196101265028,0.0,0.9995635747909546,0.0,0.0,0.000436472473666,0.0,0.9997714161872864,0.0,0.0,0.0002286284434376,0.0,0.9995843768119812,0.0,0.0,0.0004156880895607,0.0,0.999667465686798,0.0,0.0,0.0003325504658278,0.0,0.9997714161872864,0.0,0.0,0.0002286284434376,0.0,0.9997714161872864,0.0,0.0,0.0002286284434376,0.0,0.9997506141662598,0.0,0.0,0.0002494128420948,0.0,0.999792218208313,0.0,0.0,0.0002078440447803,0.0,0.9997298121452332,0.0,0.0,0.000270197255304,0.0,0.9997090697288512,0.0,0.0,0.0002909816685132,0.0,0.9998961091041564,0.0,0.0,0.0001039220223901,0.0,0.9997298121452332,0.0,0.0,0.000270197255304,0.0,0.9997298121452332,0.0,0.0,0.000270197255304,0.0,0.9998337626457214,0.0,0.0,0.0001662752329139,0.0,0.999667465686798,0.0,0.0,0.0003325504658278,0.0,0.9999169111251832,0.0,0.0,8.313761645695195e-05,0.0,0.9998129606246948,0.0,0.0,0.0001870596315711,0.0,0.9996259212493896,0.0,0.0,0.0003741192631423,0.0,0.9997714161872864,0.0,0.0,0.0002286284434376,0.0,0.9997506141662598,0.0,0.0,0.0002494128420948,0.0,0.9997298121452332,0.0,0.0,0.000270197255304,0.0,0.9997090697288512,0.0,0.0,0.0002909816685132,0.0,0.999792218208313,0.0,0.0,0.0002078440447803,0.0,0.9997506141662598,0.0,0.0,0.0002494128420948,0.0,0.999792218208313,0.0,0.0,0.0002078440447803,0.0,0.9998129606246948,0.0,0.0,0.0001870596315711,0.0,0.9997714161872864,0.0,0.0,0.0002286284434376,0.0,0.985284686088562,0.0026604037266224,0.0046349219046533,0.0074200322851538,0.0,0.9865525364875792,0.0020576559472829,0.0035749175585806,0.0078149363398551,0.0,0.9952196478843688,0.0009768670424818,0.0014133395161479,0.0023902065586298,0.0,0.985159993171692,0.0020160872954875,0.0044686468318104,0.0083553306758403,0.0,0.982582688331604,0.0025564816314727,0.0051961010321974,0.0096647478640079,0.0,0.994637668132782,0.0008105917368084,0.0013302018633112,0.0032215826213359,0.0,0.9886725544929504,0.0021615780424326,0.0029929541051387,0.0061729680746793,0.0,0.9871345162391664,0.0017458898946642,0.004032174590975,0.0070874816738069,0.0,0.9952403903007508,0.0005196101265028,0.0013925550738349,0.0028474633581936,0.0,0.990501582622528,0.0016003991477191,0.0027435412630438,0.005154532380402,0.0,0.9940764904022216,0.0008729449473321,0.0015172614948824,0.0035333486739546,0.0,0.9882568717002868,0.0019329495262354,0.0038658990524709,0.0059443395584821,0.0,0.9878203868865968,0.0020160872954875,0.0036372707691043,0.006526303011924,0.0,0.9907925724983216,0.0015588302630931,0.0026604037266224,0.0049882568418979,0.0,0.9891505837440492,0.0014756927266716,0.0031800137367099,0.006193752400577,0.0,0.9888803958892822,0.001829027547501,0.0034502111375331,0.0058404174633324,0.0,0.9891713857650756,0.0019537340849637,0.0028890322428196,0.0059859082102775,0.0,0.9948455095291138,0.0008521605632267,0.0013925550738349,0.0029098165687173,0.0,0.9900027513504028,0.0017666743369773,0.0026811880525201,0.0055494359694421,0.0,0.9879035353660583,0.0019121652003377,0.0033255047164857,0.0068588531576097,0.0,0.9947208166122437,0.0009976513683795,0.0013509863056242,0.002930600894615,0.0,0.9950118064880372,0.0007482385262846,0.0013925550738349,0.0028474633581936,0.0,0.9854301810264589,0.002535697305575,0.0042192339897155,0.0078149363398551,0.0,0.9922682642936708,0.0011015734635293,0.0021407937165349,0.0044894311577081,0.0,0.9873007535934448,0.0019745184108614,0.0037411926314234,0.0069835595786571,0.0,0.996071755886078,0.0004156880895607,0.0010600045789033,0.0024525597691535,0.0,0.9749548435211182,0.003616486210376,0.0069004222750663,0.0145282987505197,0.0,0.9873007535934448,0.0020368716213852,0.0039698211476206,0.0066925780847668,0.0,0.9862200021743774,0.0023486376740038,0.0039698211476206,0.0074616009369492,0.0,0.992579996585846,0.001205495442263782,0.0023902065586298704,0.003824330400675535,0.0
33,0.999854564666748,0.0,0.0,0.0001454908342566,0.0,0.9998129606246948,0.0,0.0,0.0001870596315711,0.0,0.9994804263114928,0.0,0.0,0.0005196101265028,0.0,0.9995635747909546,0.0,0.0,0.000436472473666,0.0,0.9997714161872864,0.0,0.0,0.0002286284434376,0.0,0.9995843768119812,0.0,0.0,0.0004156880895607,0.0,0.999667465686798,0.0,0.0,0.0003325504658278,0.0,0.9997714161872864,0.0,0.0,0.0002286284434376,0.0,0.9997714161872864,0.0,0.0,0.0002286284434376,0.0,0.9997506141662598,0.0,0.0,0.0002494128420948,0.0,0.999792218208313,0.0,0.0,0.0002078440447803,0.0,0.9997298121452332,0.0,0.0,0.000270197255304,0.0,0.9997090697288512,0.0,0.0,0.0002909816685132,0.0,0.9998961091041564,0.0,0.0,0.0001039220223901,0.0,0.9997298121452332,0.0,0.0,0.000270197255304,0.0,0.9997298121452332,0.0,0.0,0.000270197255304,0.0,0.9998337626457214,0.0,0.0,0.0001662752329139,0.0,0.999667465686798,0.0,0.0,0.0003325504658278,0.0,0.9999169111251832,0.0,0.0,8.313761645695195e-05,0.0,0.9998129606246948,0.0,0.0,0.0001870596315711,0.0,0.9996259212493896,0.0,0.0,0.0003741192631423,0.0,0.9997714161872864,0.0,0.0,0.0002286284434376,0.0,0.9997506141662598,0.0,0.0,0.0002494128420948,0.0,0.9997298121452332,0.0,0.0,0.000270197255304,0.0,0.9997090697288512,0.0,0.0,0.0002909816685132,0.0,0.999792218208313,0.0,0.0,0.0002078440447803,0.0,0.9997506141662598,0.0,0.0,0.0002494128420948,0.0,0.999792218208313,0.0,0.0,0.0002078440447803,0.0,0.9998129606246948,0.0,0.0,0.0001870596315711,0.0,0.9997714161872864,0.0,0.0,0.0002286284434376,0.0,0.9848482012748718,0.0024941284209489,0.0041360962204635,0.0085216052830219,0.0,0.986053705215454,0.0021615780424326,0.0031592294108122,0.0086255278438329,0.0,0.9951572418212892,0.0009145137737505,0.0013302018633112,0.0025980505160987,0.0,0.9846611618995668,0.0020576559472829,0.0041568810120224,0.0091243535280227,0.0,0.9818344712257384,0.0027435412630438,0.0046764910221099,0.0107455365359783,0.0,0.9944090247154236,0.0008521605632267,0.0012054954422637,0.0035333486739546,0.0,0.98811137676239,0.002244715578854,0.0028266790322959,0.0068172845058143,0.0,0.9864070415496826,0.0020784405060112,0.0035957018844783,0.0079188579693436,0.0,0.9950741529464722,0.0005819633370265,0.0012470642104744,0.0030968762002885,0.0,0.990127444267273,0.001849811989814,0.0024109908845275,0.0056117889471352,0.0,0.9938063025474548,0.0009145137737505,0.0013717706315219,0.0039074681699275,0.0,0.9876332879066468,0.0019537340849637,0.0037827615160495,0.0066302251070737,0.0,0.9870721101760864,0.002244715578854,0.0033462890423834,0.0073368945159018,0.0,0.9905639290809632,0.0014549082843586,0.002535697305575,0.0054455138742923,0.0,0.9886932969093324,0.0016003991477191,0.002972169779241,0.0067341467365622,0.0,0.9885686039924622,0.0017458898946642,0.002972169779241,0.0067133624106645,0.0,0.9886932969093324,0.0020576559472829,0.0025980505160987,0.0066510094329714,0.0,0.994637668132782,0.0009145137737505,0.0011847109999507,0.003263151505962,0.0,0.9896909594535828,0.0017458898946642,0.0024317752104252,0.0061313994228839,0.0,0.9871968626976012,0.0020576559472829,0.0031176605261862,0.0076278764754533,0.0,0.994512975215912,0.0009145137737505,0.0012678486527875,0.0033047201577574,0.0,0.9948247075080872,0.0007690229685977,0.0012054954422637,0.0032007982954382,0.0,0.9849313497543336,0.0023486376740038,0.0037827615160495,0.0089372936636209,0.0,0.9918941259384156,0.0010392202530056,0.0023486376740038,0.0047180596739053,0.0,0.9869266152381896,0.0018913807580247,0.0034502111375331,0.0077317981049418,0.0,0.9959055185317992,0.0004988256841897,0.0009352981578558,0.0026604037266224,0.0,0.9740610718727112,0.0033047201577574,0.0068172845058143,0.015816930681467,0.0,0.986635684967041,0.0021823623683303,0.003699623979628,0.0074823852628469,0.0,0.9856588244438172,0.0023694219999015,0.0036372707691043,0.0083345463499426,0.0,0.9923306107521057,0.0011847109999507666,0.0019537340849637985,0.004531000275164843,0.0
34,0.999854564666748,0.0,0.0,0.0001454908342566,0.0,0.9998129606246948,0.0,0.0,0.0001870596315711,0.0,0.9994804263114928,0.0,0.0,0.0005196101265028,0.0,0.9995635747909546,0.0,0.0,0.000436472473666,0.0,0.9997714161872864,0.0,0.0,0.0002286284434376,0.0,0.9995843768119812,0.0,0.0,0.0004156880895607,0.0,0.999667465686798,0.0,0.0,0.0003325504658278,0.0,0.9997714161872864,0.0,0.0,0.0002286284434376,0.0,0.9997714161872864,0.0,0.0,0.0002286284434376,0.0,0.9997506141662598,0.0,0.0,0.0002494128420948,0.0,0.999792218208313,0.0,0.0,0.0002078440447803,0.0,0.9997298121452332,0.0,0.0,0.000270197255304,0.0,0.9997090697288512,0.0,0.0,0.0002909816685132,0.0,0.9998961091041564,0.0,0.0,0.0001039220223901,0.0,0.9997298121452332,0.0,0.0,0.000270197255304,0.0,0.9997298121452332,0.0,0.0,0.000270197255304,0.0,0.9998337626457214,0.0,0.0,0.0001662752329139,0.0,0.999667465686798,0.0,0.0,0.0003325504658278,0.0,0.9999169111251832,0.0,0.0,8.313761645695195e-05,0.0,0.9998129606246948,0.0,0.0,0.0001870596315711,0.0,0.9996259212493896,0.0,0.0,0.0003741192631423,0.0,0.9997714161872864,0.0,0.0,0.0002286284434376,0.0,0.9997506141662598,0.0,0.0,0.0002494128420948,0.0,0.9997298121452332,0.0,0.0,0.000270197255304,0.0,0.9997090697288512,0.0,0.0,0.0002909816685132,0.0,0.999792218208313,0.0,0.0,0.0002078440447803,0.0,0.9997506141662598,0.0,0.0,0.0002494128420948,0.0,0.999792218208313,0.0,0.0,0.0002078440447803,0.0,0.9998129606246948,0.0,0.0,0.0001870596315711,0.0,0.9997714161872864,0.0,0.0,0.0002286284434376,0.0,0.9840791821479796,0.002535697305575,0.0038243304006755,0.0095608262345194,0.0,0.9854925274848938,0.0022655001375824,0.0030968762002885,0.0091451378539204,0.0,0.995032548904419,0.0008521605632267,0.0011015734635293,0.0030137386638671,0.0,0.9841415286064148,0.0021615780424326,0.0035957018844783,0.0101012205705046,0.0,0.981148600578308,0.0028682476840913,0.0042815874330699,0.0117016192525625,0.0,0.9942843317985536,0.0007690229685977,0.0011015734635293,0.0038451147265732,0.0,0.987737238407135,0.002244715578854,0.0025564816314727,0.0074616009369492,0.0,0.986053705215454,0.0020784405060112,0.0030553073156625,0.0088125877082347,0.0,0.9949078559875488,0.0006443165475502,0.0010807890212163,0.0033670733682811,0.0,0.989794909954071,0.0019121652003377,0.0020992248319089,0.006193752400577,0.0,0.993536114692688,0.0009145137737505,0.0014341238420456,0.0041153118945658,0.0,0.9872592091560364,0.0018913807580247,0.003263151505962,0.0075863073579967,0.0,0.9865525364875792,0.0023486376740038,0.0030760918743908,0.0080227795988321,0.0,0.9902937412261964,0.0012678486527875,0.002244715578854,0.006193752400577,0.0,0.9882568717002868,0.0017043211264535,0.0025980505160987,0.0074408166110515,0.0,0.988319218158722,0.0015796147054061,0.0027227569371461,0.0073784636333584,0.0,0.9882984161376952,0.0019745184108614,0.002577266190201,0.0071498351171612,0.0,0.9945337176322936,0.0007482385262846,0.0012886330951005,0.0034294265788048,0.0,0.9892752766609192,0.0015380459371954,0.002535697305575,0.0066510094329714,0.0,0.9868435263633728,0.001808243105188,0.0033255047164857,0.0080227795988321,0.0,0.9942011833190918,0.0011015734635293,0.0012054954422637,0.0034917797893285,0.0,0.994700014591217,0.0006858853157609,0.0013302018633112,0.0032839358318597,0.0,0.9844948649406432,0.0021407937165349,0.0034709954634308,0.0098933763802051,0.0,0.9914368391036988,0.0013094174209982,0.0022031469270586,0.0050506102852523,0.0,0.9864693880081176,0.0017874587792903,0.003263151505962,0.0084800366312265,0.0,0.9957600235939026,0.0006443165475502,0.0007690229685977,0.0028266790322959,0.0,0.973105013370514,0.0036372707691043,0.0060898303054273,0.0171679183840751,0.0,0.9860121607780457,0.0023902065586298,0.0034086422529071,0.0081890551373362,0.0,0.9850768446922302,0.0025149129796773,0.0029513854533433,0.0094569036737084,0.0,0.991998016834259,0.0012678486527875066,0.001974518410861492,0.00475962832570076,0.0
35,0.999854564666748,0.0,0.0,0.0001454908342566,0.0,0.9998129606246948,0.0,0.0,0.0001870596315711,0.0,0.9994804263114928,0.0,0.0,0.0005196101265028,0.0,0.9995635747909546,0.0,0.0,0.000436472473666,0.0,0.9997714161872864,0.0,0.0,0.0002286284434376,0.0,0.9995843768119812,0.0,0.0,0.0004156880895607,0.0,0.999667465686798,0.0,0.0,0.0003325504658278,0.0,0.9997714161872864,0.0,0.0,0.0002286284434376,0.0,0.9997714161872864,0.0,0.0,0.0002286284434376,0.0,0.9997506141662598,0.0,0.0,0.0002494128420948,0.0,0.999792218208313,0.0,0.0,0.0002078440447803,0.0,0.9997298121452332,0.0,0.0,0.000270197255304,0.0,0.9997090697288512,0.0,0.0,0.0002909816685132,0.0,0.9998961091041564,0.0,0.0,0.0001039220223901,0.0,0.9997298121452332,0.0,0.0,0.000270197255304,0.0,0.9997298121452332,0.0,0.0,0.000270197255304,0.0,0.9998337626457214,0.0,0.0,0.0001662752329139,0.0,0.999667465686798,0.0,0.0,0.0003325504658278,0.0,0.9999169111251832,0.0,0.0,8.313761645695195e-05,0.0,0.9998129606246948,0.0,0.0,0.0001870596315711,0.0,0.9996259212493896,0.0,0.0,0.0003741192631423,0.0,0.9997714161872864,0.0,0.0,0.0002286284434376,0.0,0.9997506141662598,0.0,0.0,0.0002494128420948,0.0,0.9997298121452332,0.0,0.0,0.000270197255304,0.0,0.9997090697288512,0.0,0.0,0.0002909816685132,0.0,0.999792218208313,0.0,0.0,0.0002078440447803,0.0,0.9997506141662598,0.0,0.0,0.0002494128420948,0.0,0.999792218208313,0.0,0.0,0.0002078440447803,0.0,0.9998129606246948,0.0,0.0,0.0001870596315711,0.0,0.9997714161872864,0.0,0.0,0.0002286284434376,0.0,0.983289361000061,0.0025149129796773,0.0039282524958252,0.0102674951776862,0.0,0.9846819043159484,0.0023070687893778,0.0029513854533433,0.0100596519187092,0.0,0.9946792125701904,0.0008729449473321,0.0009976513683795,0.0034502111375331,0.0,0.9833725094795228,0.0023486376740038,0.0028682476840913,0.0114106377586722,0.0,0.980400323867798,0.0028266790322959,0.0037827615160495,0.0129902521148324,0.0,0.9940972924232484,0.0008729449473321,0.0008313761791214,0.0041984496638178,0.0,0.9870097637176514,0.0023694219999015,0.0024733440950512,0.0081474864855408,0.0,0.9854925274848938,0.0020784405060112,0.002577266190201,0.0098518077284097,0.0,0.9947831630706788,0.0006235321052372,0.0009768670424818,0.003616486210376,0.0,0.9891921281814576,0.001849811989814,0.0020992248319089,0.0068588531576097,0.0,0.993224322795868,0.0010392202530056,0.0014133395161479,0.0043231560848653,0.0,0.9865317344665528,0.0020576559472829,0.0027643258217722,0.0086463121697306,0.0,0.985929012298584,0.0023694219999015,0.0028682476840913,0.0088333720341324,0.0,0.9898988008499146,0.0012470642104744,0.0020368716213852,0.0068172845058143,0.0,0.9875085949897766,0.0021407937165349,0.0021407937165349,0.0082098394632339,0.0,0.98779958486557,0.0015380459371954,0.0026811880525201,0.0079812109470367,0.0,0.9875501990318298,0.0022031469270586,0.0022862844634801,0.007960426621139,0.0,0.994388222694397,0.0007274541421793,0.001163926674053,0.0037204083055257,0.0,0.9887140989303588,0.0016627523582428,0.0022862844634801,0.0073368945159018,0.0,0.9860952496528624,0.0021615780424326,0.0028682476840913,0.0088749406859278,0.0,0.9940348863601683,0.0009768670424818,0.0012262798845767,0.0037619771901518,0.0,0.9943466782569884,0.0008521605632267,0.00114314223174,0.003658055095002,0.0,0.9836011528968812,0.0025980505160987,0.0029098165687173,0.0108910277485847,0.0,0.9910004138946532,0.0016003991477191,0.0016835366841405,0.0057157110422849,0.0,0.985617220401764,0.0020160872954875,0.0030760918743908,0.0092906290665268,0.0,0.9955937266349792,0.0006235321052372,0.0007066697580739,0.0030760918743908,0.0,0.9719411134719848,0.0038658990524709,0.0055286516435444,0.0186643954366445,0.0,0.985284686088562,0.002577266190201,0.0030553073156625,0.0090827848762273,0.0,0.9844325184822084,0.0025980505160987,0.0028266790322959,0.0101427892223,0.0,0.9915823340415955,0.0014756927266716957,0.001766674336977303,0.005175316706299782,0.0
36,0.999854564666748,0.0,0.0,0.0001454908342566,0.0,0.9998129606246948,0.0,0.0,0.0001870596315711,0.0,0.9994804263114928,0.0,0.0,0.0005196101265028,0.0,0.9995635747909546,0.0,0.0,0.000436472473666,0.0,0.9997714161872864,0.0,0.0,0.0002286284434376,0.0,0.9995843768119812,0.0,0.0,0.0004156880895607,0.0,0.999667465686798,0.0,0.0,0.0003325504658278,0.0,0.9997714161872864,0.0,0.0,0.0002286284434376,0.0,0.9997714161872864,0.0,0.0,0.0002286284434376,0.0,0.9997506141662598,0.0,0.0,0.0002494128420948,0.0,0.999792218208313,0.0,0.0,0.0002078440447803,0.0,0.9997298121452332,0.0,0.0,0.000270197255304,0.0,0.9997090697288512,0.0,0.0,0.0002909816685132,0.0,0.9998961091041564,0.0,0.0,0.0001039220223901,0.0,0.9997298121452332,0.0,0.0,0.000270197255304,0.0,0.9997298121452332,0.0,0.0,0.000270197255304,0.0,0.9998337626457214,0.0,0.0,0.0001662752329139,0.0,0.999667465686798,0.0,0.0,0.0003325504658278,0.0,0.9999169111251832,0.0,0.0,8.313761645695195e-05,0.0,0.9998129606246948,0.0,0.0,0.0001870596315711,0.0,0.9996259212493896,0.0,0.0,0.0003741192631423,0.0,0.9997714161872864,0.0,0.0,0.0002286284434376,0.0,0.9997506141662598,0.0,0.0,0.0002494128420948,0.0,0.9997298121452332,0.0,0.0,0.000270197255304,0.0,0.9997090697288512,0.0,0.0,0.0002909816685132,0.0,0.999792218208313,0.0,0.0,0.0002078440447803,0.0,0.9997506141662598,0.0,0.0,0.0002494128420948,0.0,0.999792218208313,0.0,0.0,0.0002078440447803,0.0,0.9998129606246948,0.0,0.0,0.0001870596315711,0.0,0.9997714161872864,0.0,0.0,0.0002286284434376,0.0,0.982457995414734,0.0028266790322959,0.0034709954634308,0.0112443622201681,0.0,0.9841415286064148,0.0024109908845275,0.0024317752104252,0.0110157346352934,0.0,0.9943466782569884,0.0008729449473321,0.00114314223174,0.0036372707691043,0.0,0.9828113317489624,0.0023486376740038,0.0023694219999015,0.0124706421047449,0.0,0.9794650673866272,0.0031176605261862,0.0028890322428196,0.0145282987505197,0.0,0.993930995464325,0.0007066697580739,0.0008521605632267,0.0045102154836058,0.0,0.9864901900291444,0.0021823623683303,0.0023694219999015,0.0089580779895186,0.0,0.9850144982337952,0.0021200091578066,0.0021407937165349,0.0107247522100806,0.0,0.9946792125701904,0.0005611788947135,0.0007690229685977,0.0039906054735183,0.0,0.9887556433677672,0.0017458898946642,0.0018705963157117,0.0076278764754533,0.0,0.9929541349411012,0.001122357789427,0.0010600045789033,0.0048635504208505,0.0,0.9858250617980956,0.0024317752104252,0.0022239312529563,0.0095192566514015,0.0,0.9853054881095886,0.0025149129796773,0.0023278533481061,0.0098518077284097,0.0,0.9895662665367126,0.0012262798845767,0.001829027547501,0.0073784636333584,0.0,0.9869890213012696,0.0021615780424326,0.001829027547501,0.0090204309672117,0.0,0.9872176051139832,0.0016627523582428,0.0021407937165349,0.0089788623154163,0.0,0.9869890213012696,0.0021823623683303,0.0022031469270586,0.0086255278438329,0.0,0.9940972924232484,0.0007482385262846,0.0010600045789033,0.0040945275686681,0.0,0.9879450798034668,0.0020576559472829,0.0020784405060112,0.0079188579693436,0.0,0.9855756759643556,0.0023278533481061,0.0023278533481061,0.0097686694934964,0.0,0.993598461151123,0.001122357789427,0.001163926674053,0.0041153118945658,0.0,0.99411803483963,0.0008937293896451,0.0008937293896451,0.0040945275686681,0.0,0.982894480228424,0.002535697305575,0.002972169779241,0.011597697623074,0.0,0.9907301664352416,0.0015380459371954,0.0014341238420456,0.0062976744957268,0.0,0.9849105477333068,0.0023902065586298,0.0023694219999015,0.0103298490867018,0.0,0.995344340801239,0.0007274541421793,0.0005403945106081,0.0033878579270094,0.0,0.9707979559898376,0.0041568810120224,0.0045933532528579,0.0204518530517816,0.0,0.9847027063369752,0.0025980505160987,0.0026604037266224,0.0100388675928115,0.0,0.9838505387306212,0.0023694219999015,0.0025980505160987,0.011182009242475,0.0,0.9911874532699585,0.0013925550738349557,0.0016211834736168385,0.005798848811537027,0.0
37,0.999854564666748,0.0,0.0,0.0001454908342566,0.0,0.9998129606246948,0.0,0.0,0.0001870596315711,0.0,0.9994804263114928,0.0,0.0,0.0005196101265028,0.0,0.9995635747909546,0.0,0.0,0.000436472473666,0.0,0.9997714161872864,0.0,0.0,0.0002286284434376,0.0,0.9995843768119812,0.0,0.0,0.0004156880895607,0.0,0.999667465686798,0.0,0.0,0.0003325504658278,0.0,0.9997714161872864,0.0,0.0,0.0002286284434376,0.0,0.9997714161872864,0.0,0.0,0.0002286284434376,0.0,0.9997506141662598,0.0,0.0,0.0002494128420948,0.0,0.999792218208313,0.0,0.0,0.0002078440447803,0.0,0.9997298121452332,0.0,0.0,0.000270197255304,0.0,0.9997090697288512,0.0,0.0,0.0002909816685132,0.0,0.9998961091041564,0.0,0.0,0.0001039220223901,0.0,0.9997298121452332,0.0,0.0,0.000270197255304,0.0,0.9997298121452332,0.0,0.0,0.000270197255304,0.0,0.9998337626457214,0.0,0.0,0.0001662752329139,0.0,0.999667465686798,0.0,0.0,0.0003325504658278,0.0,0.9999169111251832,0.0,0.0,8.313761645695195e-05,0.0,0.9998129606246948,0.0,0.0,0.0001870596315711,0.0,0.9996259212493896,0.0,0.0,0.0003741192631423,0.0,0.9997714161872864,0.0,0.0,0.0002286284434376,0.0,0.9997506141662598,0.0,0.0,0.0002494128420948,0.0,0.9997298121452332,0.0,0.0,0.000270197255304,0.0,0.9997090697288512,0.0,0.0,0.0002909816685132,0.0,0.999792218208313,0.0,0.0,0.0002078440447803,0.0,0.9997506141662598,0.0,0.0,0.0002494128420948,0.0,0.999792218208313,0.0,0.0,0.0002078440447803,0.0,0.9998129606246948,0.0,0.0,0.0001870596315711,0.0,0.9997714161872864,0.0,0.0,0.0002286284434376,0.0,0.9818552732467652,0.0029929541051387,0.0030968762002885,0.0120549546554684,0.0,0.9835803508758544,0.0024733440950512,0.0025564816314727,0.0113898534327745,0.0,0.9940556883811952,0.0011015734635293,0.0010392202530056,0.0038035458419471,0.0,0.9818344712257384,0.0028266790322959,0.0025149129796773,0.0128239775076508,0.0,0.978966236114502,0.0028682476840913,0.0033047201577574,0.0148608488962054,0.0,0.9936400055885316,0.0007690229685977,0.0010392202530056,0.0045517846010625,0.0,0.9859497547149658,0.0021615780424326,0.0027227569371461,0.0091659221798181,0.0,0.9842870235443116,0.0021200091578066,0.0024733440950512,0.0111196562647819,0.0,0.9944713711738586,0.0006027477211318,0.0006858853157609,0.0042400183156132,0.0,0.988007426261902,0.0021200091578066,0.0019745184108614,0.0078980736434459,0.0,0.9928709864616394,0.0009352981578558,0.00114314223174,0.0050506102852523,0.0,0.985159993171692,0.0024733440950512,0.0025564816314727,0.0098102390766143,0.0,0.9847443103790284,0.0023278533481061,0.0027643258217722,0.0101635735481977,0.0,0.9892960786819458,0.0012678486527875,0.0017874587792903,0.007648660801351,0.0,0.9864278435707092,0.0022655001375824,0.0019329495262354,0.0093737663701176,0.0,0.986635684967041,0.0019329495262354,0.0021407937165349,0.0092906290665268,0.0,0.9865940809249878,0.0020992248319089,0.0024317752104252,0.0088749406859278,0.0,0.9938893914222716,0.0007482385262846,0.0010600045789033,0.0043023717589676,0.0,0.98736310005188,0.0023278533481061,0.0020784405060112,0.0082306237891316,0.0,0.98495215177536,0.002244715578854,0.0026188348419964,0.0101843578740954,0.0,0.9933074712753296,0.0012054954422637,0.0012054954422637,0.0042815874330699,0.0,0.9937646985054016,0.0010600045789033,0.0009352981578558,0.0042400183156132,0.0,0.9823333024978638,0.0025980505160987,0.0030345229897648,0.0120341703295707,0.0,0.9903560876846312,0.0015380459371954,0.0014756927266716,0.0066302251070737,0.0,0.9842870235443116,0.0026396194007247,0.0023486376740038,0.0107247522100806,0.0,0.9952611923217772,0.0006443165475502,0.0005819633370265,0.0035125643480569,0.0,0.9699249863624572,0.0041360962204635,0.0045102154836058,0.0214287210255861,0.0,0.9840999841690063,0.002535697305575,0.0027019726112484,0.0106623992323875,0.0,0.9831646680831908,0.0024941284209489,0.0029098165687173,0.0114314220845699,0.0,0.9904599785804749,0.0018705963157117367,0.0014549082843586802,0.006214536726474762,0.0
38,0.999854564666748,0.0,0.0,0.0001454908342566,0.0,0.9998129606246948,0.0,0.0,0.0001870596315711,0.0,0.9994804263114928,0.0,0.0,0.0005196101265028,0.0,0.9995635747909546,0.0,0.0,0.000436472473666,0.0,0.9997714161872864,0.0,0.0,0.0002286284434376,0.0,0.9995843768119812,0.0,0.0,0.0004156880895607,0.0,0.999667465686798,0.0,0.0,0.0003325504658278,0.0,0.9997714161872864,0.0,0.0,0.0002286284434376,0.0,0.9997714161872864,0.0,0.0,0.0002286284434376,0.0,0.9997506141662598,0.0,0.0,0.0002494128420948,0.0,0.999792218208313,0.0,0.0,0.0002078440447803,0.0,0.9997298121452332,0.0,0.0,0.000270197255304,0.0,0.9997090697288512,0.0,0.0,0.0002909816685132,0.0,0.9998961091041564,0.0,0.0,0.0001039220223901,0.0,0.9997298121452332,0.0,0.0,0.000270197255304,0.0,0.9997298121452332,0.0,0.0,0.000270197255304,0.0,0.9998337626457214,0.0,0.0,0.0001662752329139,0.0,0.999667465686798,0.0,0.0,0.0003325504658278,0.0,0.9999169111251832,0.0,0.0,8.313761645695195e-05,0.0,0.9998129606246948,0.0,0.0,0.0001870596315711,0.0,0.9996259212493896,0.0,0.0,0.0003741192631423,0.0,0.9997714161872864,0.0,0.0,0.0002286284434376,0.0,0.9997506141662598,0.0,0.0,0.0002494128420948,0.0,0.9997298121452332,0.0,0.0,0.000270197255304,0.0,0.9997090697288512,0.0,0.0,0.0002909816685132,0.0,0.999792218208313,0.0,0.0,0.0002078440447803,0.0,0.9997506141662598,0.0,0.0,0.0002494128420948,0.0,0.999792218208313,0.0,0.0,0.0002078440447803,0.0,0.9998129606246948,0.0,0.0,0.0001870596315711,0.0,0.9997714161872864,0.0,0.0,0.0002286284434376,0.0,0.9811901450157166,0.0028890322428196,0.003263151505962,0.0126577019691467,0.0,0.9829776287078856,0.0025149129796773,0.0027227569371461,0.0117847574874758,0.0,0.99386864900589,0.001163926674053,0.0010392202530056,0.0039282524958252,0.0,0.9813356399536132,0.0028058944735676,0.002577266190201,0.0132812345400452,0.0,0.9780309200286864,0.0031176605261862,0.0034294265788048,0.0154220275580883,0.0,0.9933698177337646,0.0009145137737505,0.0009768670424818,0.004738843999803,0.0,0.9851183891296388,0.0026188348419964,0.0026188348419964,0.0096439635381102,0.0,0.9836011528968812,0.0024525597691535,0.0024317752104252,0.0115145603194832,0.0,0.9942011833190918,0.0007066697580739,0.0007482385262846,0.004343940410763,0.0,0.9876125454902648,0.0021823623683303,0.0021823623683303,0.0080227795988321,0.0,0.9927670359611512,0.0007690229685977,0.0011847109999507,0.0052792388014495,0.0,0.9847650527954102,0.0024941284209489,0.0023278533481061,0.0104129863902926,0.0,0.9842246770858764,0.0023278533481061,0.0027643258217722,0.0106831835582852,0.0,0.9890466332435608,0.0012470642104744,0.0017251055687665,0.0079812109470367,0.0,0.9859497547149658,0.0023070687893778,0.0020368716213852,0.0097063165158033,0.0,0.9861368536949158,0.0021823623683303,0.0019953027367591,0.0096855321899056,0.0,0.9859497547149658,0.0023486376740038,0.0024525597691535,0.0092490594834089,0.0,0.9936192035675048,0.0009145137737505,0.0010184358106926,0.0044478625059127,0.0,0.9867811799049376,0.0024941284209489,0.0021615780424326,0.0085631748661398,0.0,0.9843701720237732,0.0024733440950512,0.0024109908845275,0.0107455365359783,0.0,0.9930372834205629,0.001163926674053,0.0012262798845767,0.0045725689269602,0.0,0.9934945106506348,0.0012054954422637,0.0008937293896451,0.0044062938541173,0.0,0.9816889762878418,0.0028058944735676,0.0027851101476699,0.0127200549468398,0.0,0.9900027513504028,0.0014341238420456,0.0014964770525693,0.0070666973479092,0.0,0.9834556579589844,0.0030137386638671,0.0023486376740038,0.011182009242475,0.0,0.9951988458633424,0.0005611788947135,0.0006443165475502,0.0035957018844783,0.0,0.968906581401825,0.0041984496638178,0.0042608026415109,0.0226342156529426,0.0,0.9833933115005492,0.0026188348419964,0.0028058944735676,0.011182009242475,0.0,0.982457995414734,0.0026188348419964,0.0029513854533433,0.0119718164205551,0.0,0.9901066422462463,0.0018913807580247521,0.0015172614948824048,0.006484733894467354,0.0
39,0.999854564666748,0.0,0.0,0.0001454908342566,0.0,0.9998129606246948,0.0,0.0,0.0001870596315711,0.0,0.9994804263114928,0.0,0.0,0.0005196101265028,0.0,0.9995635747909546,0.0,0.0,0.000436472473666,0.0,0.9997714161872864,0.0,0.0,0.0002286284434376,0.0,0.9995843768119812,0.0,0.0,0.0004156880895607,0.0,0.999667465686798,0.0,0.0,0.0003325504658278,0.0,0.9997714161872864,0.0,0.0,0.0002286284434376,0.0,0.9997714161872864,0.0,0.0,0.0002286284434376,0.0,0.9997506141662598,0.0,0.0,0.0002494128420948,0.0,0.999792218208313,0.0,0.0,0.0002078440447803,0.0,0.9997298121452332,0.0,0.0,0.000270197255304,0.0,0.9997090697288512,0.0,0.0,0.0002909816685132,0.0,0.9998961091041564,0.0,0.0,0.0001039220223901,0.0,0.9997298121452332,0.0,0.0,0.000270197255304,0.0,0.9997298121452332,0.0,0.0,0.000270197255304,0.0,0.9998337626457214,0.0,0.0,0.0001662752329139,0.0,0.999667465686798,0.0,0.0,0.0003325504658278,0.0,0.9999169111251832,0.0,0.0,8.313761645695195e-05,0.0,0.9998129606246948,0.0,0.0,0.0001870596315711,0.0,0.9996259212493896,0.0,0.0,0.0003741192631423,0.0,0.9997714161872864,0.0,0.0,0.0002286284434376,0.0,0.9997506141662598,0.0,0.0,0.0002494128420948,0.0,0.9997298121452332,0.0,0.0,0.000270197255304,0.0,0.9997090697288512,0.0,0.0,0.0002909816685132,0.0,0.999792218208313,0.0,0.0,0.0002078440447803,0.0,0.9997506141662598,0.0,0.0,0.0002494128420948,0.0,0.999792218208313,0.0,0.0,0.0002078440447803,0.0,0.9998129606246948,0.0,0.0,0.0001870596315711,0.0,0.9997714161872864,0.0,0.0,0.0002286284434376,0.0,0.9804419279098512,0.0028474633581936,0.0033255047164857,0.0133851561695337,0.0,0.9824787974357604,0.0022031469270586,0.0030760918743908,0.0122420135885477,0.0,0.9937023520469666,0.0009768670424818,0.0012054954422637,0.0041153118945658,0.0,0.980774462223053,0.0025980505160987,0.002930600894615,0.0136969219893217,0.0,0.9769917130470276,0.0034086422529071,0.003616486210376,0.0159832071512937,0.0,0.9931411743164062,0.0009560826001688,0.0009560826001688,0.0049466881901025,0.0,0.9842246770858764,0.0027851101476699,0.002972169779241,0.0100180823355913,0.0,0.9829983711242676,0.0024941284209489,0.0026396194007247,0.0118678947910666,0.0,0.9939101934432985,0.0008729449473321,0.0007690229685977,0.0044478625059127,0.0,0.987030565738678,0.0021615780424326,0.0025149129796773,0.0082929776981472,0.0,0.9925384521484376,0.0006858853157609,0.0012262798845767,0.0055494359694421,0.0,0.9844533205032348,0.0020784405060112,0.0026188348419964,0.0108494590967893,0.0,0.983289361000061,0.0026396194007247,0.002972169779241,0.0110988719388842,0.0,0.9887556433677672,0.00114314223174,0.0016627523582428,0.0084384679794311,0.0,0.9854301810264589,0.0020784405060112,0.0024525597691535,0.0100388675928115,0.0,0.9856588244438172,0.0021407937165349,0.0020992248319089,0.0101012205705046,0.0,0.9856380224227904,0.0019121652003377,0.0027227569371461,0.009727100841701,0.0,0.9934321641921996,0.0009560826001688,0.0008937293896451,0.0047180596739053,0.0,0.9863654375076294,0.0023486376740038,0.0020992248319089,0.0091867065057158,0.0,0.9838505387306212,0.002244715578854,0.0025564816314727,0.0113482847809791,0.0,0.9928501844406128,0.0011847109999507,0.0012678486527875,0.0046972753480076,0.0,0.9931619763374328,0.0011847109999507,0.0010392202530056,0.0046141375787556,0.0,0.98116934299469,0.0024317752104252,0.0030345229897648,0.013364371843636,0.0,0.9896909594535828,0.0013094174209982,0.0017458898946642,0.007253757212311,0.0,0.9830607175827026,0.0025564816314727,0.0026396194007247,0.0117431879043579,0.0,0.9951156973838806,0.0004780413000844,0.0008105917368084,0.0035957018844783,0.0,0.9679089188575744,0.004032174590975,0.0048011974431574,0.0232577472925186,0.0,0.9829152822494508,0.0023694219999015,0.0031176605261862,0.011597697623074,0.0,0.9817513227462769,0.0026811880525201,0.0031592294108122,0.0124082891270518,0.0,0.989732563495636,0.001849811989814043,0.001683536684140563,0.006734146736562252,0.0
40,0.999854564666748,0.0,0.0,0.0001454908342566,0.0,0.9998129606246948,0.0,0.0,0.0001870596315711,0.0,0.9994804263114928,0.0,0.0,0.0005196101265028,0.0,0.9995635747909546,0.0,0.0,0.000436472473666,0.0,0.9997714161872864,0.0,0.0,0.0002286284434376,0.0,0.9995843768119812,0.0,0.0,0.0004156880895607,0.0,0.999667465686798,0.0,0.0,0.0003325504658278,0.0,0.9997714161872864,0.0,0.0,0.0002286284434376,0.0,0.9997714161872864,0.0,0.0,0.0002286284434376,0.0,0.9997506141662598,0.0,0.0,0.0002494128420948,0.0,0.999792218208313,0.0,0.0,0.0002078440447803,0.0,0.9997298121452332,0.0,0.0,0.000270197255304,0.0,0.9997090697288512,0.0,0.0,0.0002909816685132,0.0,0.9998961091041564,0.0,0.0,0.0001039220223901,0.0,0.9997298121452332,0.0,0.0,0.000270197255304,0.0,0.9997298121452332,0.0,0.0,0.000270197255304,0.0,0.9998337626457214,0.0,0.0,0.0001662752329139,0.0,0.999667465686798,0.0,0.0,0.0003325504658278,0.0,0.9999169111251832,0.0,0.0,8.313761645695195e-05,0.0,0.9998129606246948,0.0,0.0,0.0001870596315711,0.0,0.9996259212493896,0.0,0.0,0.0003741192631423,0.0,0.9997714161872864,0.0,0.0,0.0002286284434376,0.0,0.9997506141662598,0.0,0.0,0.0002494128420948,0.0,0.9997298121452332,0.0,0.0,0.000270197255304,0.0,0.9997090697288512,0.0,0.0,0.0002909816685132,0.0,0.999792218208313,0.0,0.0,0.0002078440447803,0.0,0.9997506141662598,0.0,0.0,0.0002494128420948,0.0,0.999792218208313,0.0,0.0,0.0002078440447803,0.0,0.9998129606246948,0.0,0.0,0.0001870596315711,0.0,0.9997714161872864,0.0,0.0,0.0002286284434376,0.0,0.9797144532203674,0.0027435412630438,0.0033462890423834,0.0141957476735115,0.0,0.9817097783088684,0.0024317752104252,0.0028474633581936,0.0130110373720526,0.0,0.9936192035675048,0.0007274541421793,0.0012054954422637,0.0044478625059127,0.0,0.9802340865135192,0.002577266190201,0.0029098165687173,0.0142788859084248,0.0,0.9759940505027772,0.0034709954634308,0.0037619771901518,0.0167730133980512,0.0,0.9928086400032043,0.001122357789427,0.0010392202530056,0.0050298259593546,0.0,0.9837050437927246,0.0027851101476699,0.0028890322428196,0.0106208305805921,0.0,0.9823748469352722,0.0026396194007247,0.0025564816314727,0.0124290734529495,0.0,0.99368155002594,0.0009976513683795,0.0007274541421793,0.0045933532528579,0.0,0.9864901900291444,0.0022655001375824,0.0022862844634801,0.0089580779895186,0.0,0.9923721551895142,0.0005819633370265,0.0013094174209982,0.0057364953681826,0.0,0.9838297963142396,0.0019953027367591,0.0027643258217722,0.0114106377586722,0.0,0.9824371933937072,0.0028682476840913,0.0029929541051387,0.0117016192525625,0.0,0.988319218158722,0.0012470642104744,0.0015796147054061,0.0088541563600301,0.0,0.9848690032958984,0.0021200091578066,0.0026604037266224,0.0103506334125995,0.0,0.9852638840675354,0.0019537340849637,0.0021200091578066,0.0106623992323875,0.0,0.9850144982337952,0.0019745184108614,0.0027643258217722,0.0102467108517885,0.0,0.9930580258369446,0.0010392202530056,0.0010184358106926,0.0048843347467482,0.0,0.985929012298584,0.0020160872954875,0.0024317752104252,0.0096231792122125,0.0,0.9833101630210876,0.0022655001375824,0.0026811880525201,0.0117431879043579,0.0,0.9926216006278992,0.0009768670424818,0.0014133395161479,0.0049882568418979,0.0,0.992891788482666,0.0012262798845767,0.0010807890212163,0.0048011974431574,0.0,0.9803587794303894,0.002535697305575,0.0033047201577574,0.0138008445501327,0.0,0.9891089797019958,0.0016211834736168,0.0018705963157117,0.0073992479592561,0.0,0.9823956489562988,0.0025149129796773,0.0027227569371461,0.0123667204752564,0.0,0.9949910044670104,0.0003533348790369,0.0008729449473321,0.0037827615160495,0.0,0.9667657613754272,0.004032174590975,0.0050090411677956,0.0241930466145277,0.0,0.9820838570594788,0.0026188348419964,0.0031592294108122,0.0121380919590592,0.0,0.98135644197464,0.0024941284209489,0.0031800137367099,0.0129694677889347,0.0,0.9894415736198425,0.0017458898946642876,0.0018705963157117367,0.006941990926861763,0.0
41,0.999854564666748,0.0,0.0,0.0001454908342566,0.0,0.9998129606246948,0.0,0.0,0.0001870596315711,0.0,0.9994804263114928,0.0,0.0,0.0005196101265028,0.0,0.9995635747909546,0.0,0.0,0.000436472473666,0.0,0.9997714161872864,0.0,0.0,0.0002286284434376,0.0,0.9995843768119812,0.0,0.0,0.0004156880895607,0.0,0.999667465686798,0.0,0.0,0.0003325504658278,0.0,0.9997714161872864,0.0,0.0,0.0002286284434376,0.0,0.9997714161872864,0.0,0.0,0.0002286284434376,0.0,0.9997506141662598,0.0,0.0,0.0002494128420948,0.0,0.999792218208313,0.0,0.0,0.0002078440447803,0.0,0.9997298121452332,0.0,0.0,0.000270197255304,0.0,0.9997090697288512,0.0,0.0,0.0002909816685132,0.0,0.9998961091041564,0.0,0.0,0.0001039220223901,0.0,0.9997298121452332,0.0,0.0,0.000270197255304,0.0,0.9997298121452332,0.0,0.0,0.000270197255304,0.0,0.9998337626457214,0.0,0.0,0.0001662752329139,0.0,0.999667465686798,0.0,0.0,0.0003325504658278,0.0,0.9999169111251832,0.0,0.0,8.313761645695195e-05,0.0,0.9998129606246948,0.0,0.0,0.0001870596315711,0.0,0.9996259212493896,0.0,0.0,0.0003741192631423,0.0,0.9997714161872864,0.0,0.0,0.0002286284434376,0.0,0.9997506141662598,0.0,0.0,0.0002494128420948,0.0,0.9997298121452332,0.0,0.0,0.000270197255304,0.0,0.9997090697288512,0.0,0.0,0.0002909816685132,0.0,0.999792218208313,0.0,0.0,0.0002078440447803,0.0,0.9997506141662598,0.0,0.0,0.0002494128420948,0.0,0.999792218208313,0.0,0.0,0.0002078440447803,0.0,0.9998129606246948,0.0,0.0,0.0001870596315711,0.0,0.9997714161872864,0.0,0.0,0.0002286284434376,0.0,0.978966236114502,0.0028890322428196,0.0034294265788048,0.0147153576835989,0.0,0.9811069965362548,0.0024733440950512,0.002972169779241,0.0134475091472268,0.0,0.9934737086296082,0.0005819633370265,0.001163926674053,0.0047804131172597,0.0,0.9795689582824708,0.0022655001375824,0.0033255047164857,0.0148400645703077,0.0,0.9751834273338318,0.0037827615160495,0.003616486210376,0.0174173302948474,0.0,0.992642343044281,0.0009976513683795,0.0009976513683795,0.0053623761050403,0.0,0.9831231236457824,0.0028266790322959,0.0027227569371461,0.0113275004550814,0.0,0.9817513227462769,0.002535697305575,0.0028474633581936,0.0128655461594462,0.0,0.9935153126716614,0.0009560826001688,0.0007690229685977,0.0047596283257007,0.0,0.9858874082565308,0.0021200091578066,0.0024941284209489,0.0094984723255038,0.0,0.9920396208763124,0.0008313761791214,0.0012054954422637,0.0059235552325844,0.0,0.9831854701042176,0.0019745184108614,0.0030968762002885,0.0117431879043579,0.0,0.9818968176841736,0.0028474633581936,0.0030760918743908,0.0121796606108546,0.0,0.9879658818244934,0.0013302018633112,0.0014964770525693,0.0092074908316135,0.0,0.98420387506485,0.0022239312529563,0.0027227569371461,0.0108494590967893,0.0,0.9847650527954102,0.0018705963157117,0.002244715578854,0.0111196562647819,0.0,0.984578013420105,0.0020160872954875,0.002577266190201,0.0108286747708916,0.0,0.9927878379821776,0.0011015734635293,0.0009560826001688,0.005154532380402,0.0,0.9853054881095886,0.0020576559472829,0.0026396194007247,0.0099972980096936,0.0,0.9826242923736572,0.0023278533481061,0.0029513854533433,0.0120965233072638,0.0,0.9922890067100524,0.0010184358106926,0.0014133395161479,0.0052792388014495,0.0,0.9924553036689758,0.0013094174209982,0.0012470642104744,0.0049882568418979,0.0,0.9795274138450624,0.0028058944735676,0.0030968762002885,0.0145698674023151,0.0,0.9888595938682556,0.0014964770525693,0.0019121652003377,0.0077317981049418,0.0,0.981813669204712,0.0024733440950512,0.0030137386638671,0.0126992706209421,0.0,0.9948247075080872,0.000436472473666,0.0008105917368084,0.0039282524958252,0.0,0.9651238322257996,0.0048011974431574,0.0050298259593546,0.0250452067703008,0.0,0.9814603328704834,0.0026396194007247,0.0032007982954382,0.0126992706209421,0.0,0.9805458188056946,0.0026188348419964,0.0030553073156625,0.013780060224235,0.0,0.9889219403266907,0.0015380459371954203,0.002120009157806635,0.007420032285153866,0.0
42,0.999854564666748,0.0,0.0,0.0001454908342566,0.0,0.9998129606246948,0.0,0.0,0.0001870596315711,0.0,0.9994804263114928,0.0,0.0,0.0005196101265028,0.0,0.9995635747909546,0.0,0.0,0.000436472473666,0.0,0.9997714161872864,0.0,0.0,0.0002286284434376,0.0,0.9995843768119812,0.0,0.0,0.0004156880895607,0.0,0.999667465686798,0.0,0.0,0.0003325504658278,0.0,0.9997714161872864,0.0,0.0,0.0002286284434376,0.0,0.9997714161872864,0.0,0.0,0.0002286284434376,0.0,0.9997506141662598,0.0,0.0,0.0002494128420948,0.0,0.999792218208313,0.0,0.0,0.0002078440447803,0.0,0.9997298121452332,0.0,0.0,0.000270197255304,0.0,0.9997090697288512,0.0,0.0,0.0002909816685132,0.0,0.9998961091041564,0.0,0.0,0.0001039220223901,0.0,0.9997298121452332,0.0,0.0,0.000270197255304,0.0,0.9997298121452332,0.0,0.0,0.000270197255304,0.0,0.9998337626457214,0.0,0.0,0.0001662752329139,0.0,0.999667465686798,0.0,0.0,0.0003325504658278,0.0,0.9999169111251832,0.0,0.0,8.313761645695195e-05,0.0,0.9998129606246948,0.0,0.0,0.0001870596315711,0.0,0.9996259212493896,0.0,0.0,0.0003741192631423,0.0,0.9997714161872864,0.0,0.0,0.0002286284434376,0.0,0.9997506141662598,0.0,0.0,0.0002494128420948,0.0,0.9997298121452332,0.0,0.0,0.000270197255304,0.0,0.9997090697288512,0.0,0.0,0.0002909816685132,0.0,0.999792218208313,0.0,0.0,0.0002078440447803,0.0,0.9997506141662598,0.0,0.0,0.0002494128420948,0.0,0.999792218208313,0.0,0.0,0.0002078440447803,0.0,0.9998129606246948,0.0,0.0,0.0001870596315711,0.0,0.9997714161872864,0.0,0.0,0.0002286284434376,0.0,0.9784881472587584,0.0027019726112484,0.003658055095002,0.0151518303900957,0.0,0.9807329177856444,0.002244715578854,0.0030760918743908,0.0139463348314166,0.0,0.9932658672332764,0.0006027477211318,0.0012886330951005,0.0048427660949528,0.0,0.9793611168861388,0.0019745184108614,0.0033255047164857,0.0153388902544975,0.0,0.9746015071868896,0.0034294265788048,0.0038035458419471,0.0181655697524547,0.0,0.9925591945648192,0.0008105917368084,0.0010392202530056,0.0055910046212375,0.0,0.9826450347900392,0.0024733440950512,0.0029929541051387,0.0118886791169643,0.0,0.9813771843910216,0.0022239312529563,0.0028058944735676,0.0135930003598332,0.0,0.9934321641921996,0.0007690229685977,0.0008729449473321,0.0049259038642048,0.0,0.9855340719223022,0.0020784405060112,0.0025149129796773,0.0098725920543074,0.0,0.9917486310005188,0.0010184358106926,0.0010392202530056,0.006193752400577,0.0,0.982832133769989,0.0019329495262354,0.0028682476840913,0.0123667204752564,0.0,0.98160582780838,0.0026188348419964,0.0028474633581936,0.0129278991371393,0.0,0.9876332879066468,0.0014133395161479,0.0015172614948824,0.0094361193478107,0.0,0.9838089942932128,0.0021407937165349,0.0027435412630438,0.0113067161291837,0.0,0.9844117164611816,0.0017251055687665,0.0024317752104252,0.0114314220845699,0.0,0.9842454791069032,0.0017043211264535,0.0027435412630438,0.0113067161291837,0.0,0.992704689502716,0.0009145137737505,0.0010184358106926,0.0053623761050403,0.0,0.9850560426712036,0.0017251055687665,0.0029098165687173,0.0103090647608041,0.0,0.9822293519973756,0.0021407937165349,0.0028266790322959,0.0128031931817531,0.0,0.9921019673347472,0.0009352981578558,0.0014756927266716,0.0054870825260877,0.0,0.9922682642936708,0.0012262798845767,0.0013302018633112,0.0051753167062997,0.0,0.9790077805519104,0.0026811880525201,0.0032423669472336,0.0150686930865049,0.0,0.9885686039924622,0.0014341238420456,0.0018913807580247,0.0081059178337454,0.0,0.9814603328704834,0.0019953027367591,0.0034709954634308,0.0130733903497457,0.0,0.994762361049652,0.000436472473666,0.0007066697580739,0.0040945275686681,0.0,0.9645626544952391,0.004343940410763,0.005154532380402,0.0259389355778694,0.0,0.981148600578308,0.002244715578854,0.0032423669472336,0.013364371843636,0.0,0.980067789554596,0.0023902065586298,0.0032007982954382,0.0143412388861179,0.0,0.9886102080345154,0.0014964770525693893,0.0022239312529563904,0.007669445127248764,0.0
43,0.999854564666748,0.0,0.0,0.0001454908342566,0.0,0.9998129606246948,0.0,0.0,0.0001870596315711,0.0,0.9994804263114928,0.0,0.0,0.0005196101265028,0.0,0.9995635747909546,0.0,0.0,0.000436472473666,0.0,0.9997714161872864,0.0,0.0,0.0002286284434376,0.0,0.9995843768119812,0.0,0.0,0.0004156880895607,0.0,0.999667465686798,0.0,0.0,0.0003325504658278,0.0,0.9997714161872864,0.0,0.0,0.0002286284434376,0.0,0.9997714161872864,0.0,0.0,0.0002286284434376,0.0,0.9997506141662598,0.0,0.0,0.0002494128420948,0.0,0.999792218208313,0.0,0.0,0.0002078440447803,0.0,0.9997298121452332,0.0,0.0,0.000270197255304,0.0,0.9997090697288512,0.0,0.0,0.0002909816685132,0.0,0.9998961091041564,0.0,0.0,0.0001039220223901,0.0,0.9997298121452332,0.0,0.0,0.000270197255304,0.0,0.9997298121452332,0.0,0.0,0.000270197255304,0.0,0.9998337626457214,0.0,0.0,0.0001662752329139,0.0,0.999667465686798,0.0,0.0,0.0003325504658278,0.0,0.9999169111251832,0.0,0.0,8.313761645695195e-05,0.0,0.9998129606246948,0.0,0.0,0.0001870596315711,0.0,0.9996259212493896,0.0,0.0,0.0003741192631423,0.0,0.9997714161872864,0.0,0.0,0.0002286284434376,0.0,0.9997506141662598,0.0,0.0,0.0002494128420948,0.0,0.9997298121452332,0.0,0.0,0.000270197255304,0.0,0.9997090697288512,0.0,0.0,0.0002909816685132,0.0,0.999792218208313,0.0,0.0,0.0002078440447803,0.0,0.9997506141662598,0.0,0.0,0.0002494128420948,0.0,0.999792218208313,0.0,0.0,0.0002078440447803,0.0,0.9998129606246948,0.0,0.0,0.0001870596315711,0.0,0.9997714161872864,0.0,0.0,0.0002286284434376,0.0,0.978072464466095,0.0023694219999015,0.0036372707691043,0.0159208532422781,0.0,0.980379581451416,0.0020992248319089,0.0030137386638671,0.014507514424622,0.0,0.9930996298789978,0.0006027477211318,0.0013302018633112,0.0049674725160002,0.0,0.9789454340934752,0.001829027547501,0.0033670733682811,0.0158585011959075,0.0,0.9741650223731996,0.0028266790322959,0.0041568810120224,0.0188514553010463,0.0,0.9924345016479492,0.0007066697580739,0.00114314223174,0.0057157110422849,0.0,0.9823125004768372,0.0019121652003377,0.0035125643480569,0.0122627988457679,0.0,0.9809407591819764,0.0020576559472829,0.0030553073156625,0.0139463348314166,0.0,0.9933906197547911,0.0005196101265028,0.0009976513683795,0.0050921789370477,0.0,0.985035240650177,0.0019953027367591,0.0027643258217722,0.0102051421999931,0.0,0.9916862845420836,0.0008521605632267,0.0009976513683795,0.0064639495685696,0.0,0.982457995414734,0.0019953027367591,0.0028058944735676,0.0127408392727375,0.0,0.9812940955162048,0.0019953027367591,0.003263151505962,0.0134475091472268,0.0,0.9874670505523682,0.0012886330951005,0.0015380459371954,0.0097063165158033,0.0,0.9834348559379578,0.0019953027367591,0.0028266790322959,0.0117431879043579,0.0,0.9841415286064148,0.0015172614948824,0.0026604037266224,0.0116808349266648,0.0,0.9839128851890564,0.0017251055687665,0.0026604037266224,0.0117016192525625,0.0,0.9925384521484376,0.0008937293896451,0.0011015734635293,0.00546629820019,0.0,0.9848273992538452,0.0015380459371954,0.0029098165687173,0.0107247522100806,0.0,0.9817305207252502,0.0021200091578066,0.0029929541051387,0.0131565276533365,0.0,0.9919564723968506,0.0008937293896451,0.0013509863056242,0.005798848811537,0.0,0.9921643137931824,0.0009976513683795,0.0015380459371954,0.0053000231273472,0.0,0.9785920977592468,0.002577266190201,0.0033255047164857,0.0155051657930016,0.0,0.9882360696792604,0.0014549082843586,0.0017458898946642,0.0085631748661398,0.0,0.9810654520988464,0.0019953027367591,0.0034086422529071,0.0135306473821401,0.0,0.994637668132782,0.0004780413000844,0.0006443165475502,0.0042400183156132,0.0,0.9636688828468324,0.0042400183156132,0.0051961010321974,0.0268950182944536,0.0,0.9808160066604614,0.0020992248319089,0.0030968762002885,0.0139879044145345,0.0,0.9797767996788024,0.0019745184108614,0.0033255047164857,0.0149232018738985,0.0,0.9884023666381836,0.0013302018633112311,0.0022655001375824213,0.008001995272934437,0.0
44,0.999854564666748,0.0,0.0,0.0001454908342566,0.0,0.9998129606246948,0.0,0.0,0.0001870596315711,0.0,0.9994804263114928,0.0,0.0,0.0005196101265028,0.0,0.9995635747909546,0.0,0.0,0.000436472473666,0.0,0.9997714161872864,0.0,0.0,0.0002286284434376,0.0,0.9995843768119812,0.0,0.0,0.0004156880895607,0.0,0.999667465686798,0.0,0.0,0.0003325504658278,0.0,0.9997714161872864,0.0,0.0,0.0002286284434376,0.0,0.9997714161872864,0.0,0.0,0.0002286284434376,0.0,0.9997506141662598,0.0,0.0,0.0002494128420948,0.0,0.999792218208313,0.0,0.0,0.0002078440447803,0.0,0.9997298121452332,0.0,0.0,0.000270197255304,0.0,0.9997090697288512,0.0,0.0,0.0002909816685132,0.0,0.9998961091041564,0.0,0.0,0.0001039220223901,0.0,0.9997298121452332,0.0,0.0,0.000270197255304,0.0,0.9997298121452332,0.0,0.0,0.000270197255304,0.0,0.9998337626457214,0.0,0.0,0.0001662752329139,0.0,0.999667465686798,0.0,0.0,0.0003325504658278,0.0,0.9999169111251832,0.0,0.0,8.313761645695195e-05,0.0,0.9998129606246948,0.0,0.0,0.0001870596315711,0.0,0.9996259212493896,0.0,0.0,0.0003741192631423,0.0,0.9997714161872864,0.0,0.0,0.0002286284434376,0.0,0.9997506141662598,0.0,0.0,0.0002494128420948,0.0,0.9997298121452332,0.0,0.0,0.000270197255304,0.0,0.9997090697288512,0.0,0.0,0.0002909816685132,0.0,0.999792218208313,0.0,0.0,0.0002078440447803,0.0,0.9997506141662598,0.0,0.0,0.0002494128420948,0.0,0.999792218208313,0.0,0.0,0.0002078440447803,0.0,0.9998129606246948,0.0,0.0,0.0001870596315711,0.0,0.9997714161872864,0.0,0.0,0.0002286284434376,0.0,0.9777191281318665,0.0019953027367591,0.0035749175585806,0.0167106613516807,0.0,0.9800262451171876,0.0016835366841405,0.002972169779241,0.0153181059285998,0.0,0.9929748773574828,0.0006443165475502,0.0010600045789033,0.0053208074532449,0.0,0.97844660282135,0.0017874587792903,0.0031384450849145,0.0166275240480899,0.0,0.9735830426216124,0.0024109908845275,0.0044062938541173,0.0195996928960084,0.0,0.9923098087310792,0.0004988256841897,0.0012886330951005,0.0059027709066867,0.0,0.9816889762878418,0.0020160872954875,0.0033047201577574,0.0129902521148324,0.0,0.9806081652641296,0.0017666743369773,0.0031176605261862,0.014507514424622,0.0,0.9932658672332764,0.0004156880895607,0.0011015734635293,0.0052168853580951,0.0,0.98451566696167,0.0019745184108614,0.0027019726112484,0.0108078904449939,0.0,0.9914576411247252,0.0009145137737505,0.0008521605632267,0.0067757158540189,0.0,0.9821670055389404,0.0016627523582428,0.0027019726112484,0.0134682934731245,0.0,0.9808991551399232,0.0015380459371954,0.0034917797893285,0.0140710417181253,0.0,0.9874047040939332,0.0009145137737505,0.0015796147054061,0.0101012205705046,0.0,0.9830399751663208,0.001829027547501,0.0026396194007247,0.0124914264306426,0.0,0.9838089942932128,0.0014549082843586,0.002535697305575,0.0122004449367523,0.0,0.9836426973342896,0.0013717706315219,0.002535697305575,0.0124498577788472,0.0,0.9924136996269226,0.0006443165475502,0.0013302018633112,0.0056117889471352,0.0,0.9845364093780518,0.0013925550738349,0.0027851101476699,0.011285931803286,0.0,0.98135644197464,0.0019537340849637,0.0027851101476699,0.0139047661796212,0.0,0.9917901754379272,0.0008313761791214,0.0014133395161479,0.0059651238843798,0.0,0.991998016834259,0.0008937293896451,0.0014549082843586,0.0056533580645918,0.0,0.9781348705291748,0.0022239312529563,0.0032423669472336,0.0163988955318927,0.0,0.9880282282829284,0.0010807890212163,0.0018913807580247,0.008999646641314,0.0,0.980712115764618,0.0016835366841405,0.0032215826213359,0.0143828075379133,0.0,0.9945545196533204,0.000436472473666,0.0006027477211318,0.0044062938541173,0.0,0.9630038142204284,0.0037619771901518,0.0051753167062997,0.0280589461326599,0.0,0.980379581451416,0.0017043211264535,0.0032007982954382,0.0147153576835989,0.0,0.9794442653656006,0.0019121652003377,0.0030760918743908,0.0155675187706947,0.0,0.9881113767623901,0.0013302018633112311,0.002140793716534972,0.008417683653533459,0.0
45,0.999854564666748,0.0,0.0,0.0001454908342566,0.0,0.9998129606246948,0.0,0.0,0.0001870596315711,0.0,0.9994804263114928,0.0,0.0,0.0005196101265028,0.0,0.9995635747909546,0.0,0.0,0.000436472473666,0.0,0.9997714161872864,0.0,0.0,0.0002286284434376,0.0,0.9995843768119812,0.0,0.0,0.0004156880895607,0.0,0.999667465686798,0.0,0.0,0.0003325504658278,0.0,0.9997714161872864,0.0,0.0,0.0002286284434376,0.0,0.9997714161872864,0.0,0.0,0.0002286284434376,0.0,0.9997506141662598,0.0,0.0,0.0002494128420948,0.0,0.999792218208313,0.0,0.0,0.0002078440447803,0.0,0.9997298121452332,0.0,0.0,0.000270197255304,0.0,0.9997090697288512,0.0,0.0,0.0002909816685132,0.0,0.9998961091041564,0.0,0.0,0.0001039220223901,0.0,0.9997298121452332,0.0,0.0,0.000270197255304,0.0,0.9997298121452332,0.0,0.0,0.000270197255304,0.0,0.9998337626457214,0.0,0.0,0.0001662752329139,0.0,0.999667465686798,0.0,0.0,0.0003325504658278,0.0,0.9999169111251832,0.0,0.0,8.313761645695195e-05,0.0,0.9998129606246948,0.0,0.0,0.0001870596315711,0.0,0.9996259212493896,0.0,0.0,0.0003741192631423,0.0,0.9997714161872864,0.0,0.0,0.0002286284434376,0.0,0.9997506141662598,0.0,0.0,0.0002494128420948,0.0,0.9997298121452332,0.0,0.0,0.000270197255304,0.0,0.9997090697288512,0.0,0.0,0.0002909816685132,0.0,0.999792218208313,0.0,0.0,0.0002078440447803,0.0,0.9997506141662598,0.0,0.0,0.0002494128420948,0.0,0.999792218208313,0.0,0.0,0.0002078440447803,0.0,0.9998129606246948,0.0,0.0,0.0001870596315711,0.0,0.9997714161872864,0.0,0.0,0.0002286284434376,0.0,0.977345049381256,0.0016211834736168,0.0034917797893285,0.0175420362502336,0.0,0.979610562324524,0.0014964770525693,0.0030345229897648,0.0158585011959075,0.0,0.992891788482666,0.0005819633370265,0.0008729449473321,0.0056533580645918,0.0,0.978072464466095,0.0014964770525693,0.0032423669472336,0.0171887017786502,0.0,0.9731258153915404,0.0020576559472829,0.0042815874330699,0.0205349903553724,0.0,0.9921019673347472,0.0005403945106081,0.0012886330951005,0.0060690459795296,0.0,0.9814395904541016,0.0016835366841405,0.0033670733682811,0.0135098630562424,0.0,0.9803587794303894,0.0013925550738349,0.003263151505962,0.0149855557829141,0.0,0.9932451248168944,0.000270197255304,0.001163926674053,0.0053208074532449,0.0,0.9840583801269532,0.001829027547501,0.0028682476840913,0.0112443622201681,0.0,0.9913121461868286,0.0007274541421793,0.0009145137737505,0.0070459130220115,0.0,0.981813669204712,0.0013717706315219,0.0026396194007247,0.0141749633476138,0.0,0.980712115764618,0.0011847109999507,0.0034086422529071,0.0146945733577013,0.0,0.9871760606765748,0.000789807352703,0.0016003991477191,0.0104337707161903,0.0,0.9828113317489624,0.0013925550738349,0.0027851101476699,0.0130110373720526,0.0,0.9834348559379578,0.0013302018633112,0.0024525597691535,0.0127824088558554,0.0,0.983476459980011,0.0011015734635293,0.0024109908845275,0.0130110373720526,0.0,0.9923098087310792,0.0004780413000844,0.0013094174209982,0.0059027709066867,0.0,0.984183132648468,0.001122357789427,0.0026396194007247,0.0120549546554684,0.0,0.98116934299469,0.0014549082843586,0.0029513854533433,0.0144243761897087,0.0,0.9916446805000304,0.0006443165475502,0.0013094174209982,0.0064015965908765,0.0,0.991935670375824,0.0005196101265028,0.0016627523582428,0.005881986580789,0.0,0.9776983857154846,0.001829027547501,0.0033670733682811,0.0171055644750595,0.0,0.9877787828445436,0.0010807890212163,0.0018705963157117,0.0092698438093066,0.0,0.9802964329719543,0.0015172614948824,0.0030968762002885,0.0150894774124026,0.0,0.994512975215912,0.0003117660526186,0.0005196101265028,0.0046557066962122,0.0,0.9625257253646852,0.0025980505160987,0.0056741423904895,0.0292020868510007,0.0,0.980130136013031,0.0013302018633112,0.0032423669472336,0.0152973216027021,0.0,0.9791740775108336,0.0013717706315219,0.0033047201577574,0.0161494817584753,0.0,0.9879242777824402,0.000997651368379593,0.0022655001375824213,0.008812587708234787,0.0
46,0.999854564666748,0.0,0.0,0.0001454908342566,0.0,0.9998129606246948,0.0,0.0,0.0001870596315711,0.0,0.9994804263114928,0.0,0.0,0.0005196101265028,0.0,0.9995635747909546,0.0,0.0,0.000436472473666,0.0,0.9997714161872864,0.0,0.0,0.0002286284434376,0.0,0.9995843768119812,0.0,0.0,0.0004156880895607,0.0,0.999667465686798,0.0,0.0,0.0003325504658278,0.0,0.9997714161872864,0.0,0.0,0.0002286284434376,0.0,0.9997714161872864,0.0,0.0,0.0002286284434376,0.0,0.9997506141662598,0.0,0.0,0.0002494128420948,0.0,0.999792218208313,0.0,0.0,0.0002078440447803,0.0,0.9997298121452332,0.0,0.0,0.000270197255304,0.0,0.9997090697288512,0.0,0.0,0.0002909816685132,0.0,0.9998961091041564,0.0,0.0,0.0001039220223901,0.0,0.9997298121452332,0.0,0.0,0.000270197255304,0.0,0.9997298121452332,0.0,0.0,0.000270197255304,0.0,0.9998337626457214,0.0,0.0,0.0001662752329139,0.0,0.999667465686798,0.0,0.0,0.0003325504658278,0.0,0.9999169111251832,0.0,0.0,8.313761645695195e-05,0.0,0.9998129606246948,0.0,0.0,0.0001870596315711,0.0,0.9996259212493896,0.0,0.0,0.0003741192631423,0.0,0.9997714161872864,0.0,0.0,0.0002286284434376,0.0,0.9997506141662598,0.0,0.0,0.0002494128420948,0.0,0.9997298121452332,0.0,0.0,0.000270197255304,0.0,0.9997090697288512,0.0,0.0,0.0002909816685132,0.0,0.999792218208313,0.0,0.0,0.0002078440447803,0.0,0.9997506141662598,0.0,0.0,0.0002494128420948,0.0,0.999792218208313,0.0,0.0,0.0002078440447803,0.0,0.9998129606246948,0.0,0.0,0.0001870596315711,0.0,0.9997714161872864,0.0,0.0,0.0002286284434376,0.0,0.9769293665885924,0.0015588302630931,0.0033670733682811,0.0181447844952344,0.0,0.9792779684066772,0.0014549082843586,0.0028474633581936,0.0164196789264678,0.0,0.9927462935447692,0.0005196101265028,0.000789807352703,0.0059443395584821,0.0,0.9778230786323548,0.0015380459371954,0.0024733440950512,0.0181655697524547,0.0,0.9725022912025452,0.0020992248319089,0.0043647247366607,0.0210338160395622,0.0,0.9920396208763124,0.0005196101265028,0.0010807890212163,0.0063600274734199,0.0,0.981231689453125,0.0014133395161479,0.0033047201577574,0.0140502573922276,0.0,0.9801093339920044,0.0012678486527875,0.0029098165687173,0.0157130099833011,0.0,0.9930788278579712,0.0003533348790369,0.0010392202530056,0.0055286516435444,0.0,0.9838089942932128,0.0017251055687665,0.0024733440950512,0.0119926007464528,0.0,0.9911874532699584,0.0005611788947135,0.001122357789427,0.0071290507912635,0.0,0.98148113489151,0.0013509863056242,0.0023278533481061,0.0148400645703077,0.0,0.9802756309509276,0.0013302018633112,0.0031384450849145,0.0152557529509067,0.0,0.987092912197113,0.0005403945106081,0.0016627523582428,0.0107039678841829,0.0,0.982187807559967,0.0016211834736168,0.0026188348419964,0.0135722160339355,0.0,0.9831854701042176,0.0012262798845767,0.0022239312529563,0.013364371843636,0.0,0.9832686185836792,0.0009768670424818,0.0023486376740038,0.0134059404954314,0.0,0.9921643137931824,0.0005403945106081,0.0011847109999507,0.006110614631325,0.0,0.983871340751648,0.0011847109999507,0.0023070687893778,0.012636917643249,0.0,0.9807536602020264,0.0014756927266716,0.0027227569371461,0.0150479087606072,0.0,0.9914991855621338,0.0006027477211318,0.0012054954422637,0.0066925780847668,0.0,0.9917278289794922,0.0005403945106081,0.0014964770525693,0.0062353210523724,0.0,0.977345049381256,0.0016627523582428,0.0033255047164857,0.0176667440682649,0.0,0.9876332879066468,0.0009352981578558,0.0017874587792903,0.0096439635381102,0.0,0.979755997657776,0.0017043211264535,0.0028266790322959,0.0157130099833011,0.0,0.9944298267364502,0.0003325504658278,0.0004988256841897,0.004738843999803,0.0,0.9619853496551514,0.002577266190201,0.0053623761050403,0.0300750322639942,0.0,0.9799430966377258,0.0012054954422637,0.0029513854533433,0.0159000698477029,0.0,0.9788830876350404,0.0011847109999507,0.0030968762002885,0.0168353673070669,0.0,0.9876748919487,0.0009352981578558683,0.001849811989814043,0.009540041908621788,0.0
47,0.999854564666748,0.0,0.0,0.0001454908342566,0.0,0.9998129606246948,0.0,0.0,0.0001870596315711,0.0,0.9994804263114928,0.0,0.0,0.0005196101265028,0.0,0.9995635747909546,0.0,0.0,0.000436472473666,0.0,0.9997714161872864,0.0,0.0,0.0002286284434376,0.0,0.9995843768119812,0.0,0.0,0.0004156880895607,0.0,0.999667465686798,0.0,0.0,0.0003325504658278,0.0,0.9997714161872864,0.0,0.0,0.0002286284434376,0.0,0.9997714161872864,0.0,0.0,0.0002286284434376,0.0,0.9997506141662598,0.0,0.0,0.0002494128420948,0.0,0.999792218208313,0.0,0.0,0.0002078440447803,0.0,0.9997298121452332,0.0,0.0,0.000270197255304,0.0,0.9997090697288512,0.0,0.0,0.0002909816685132,0.0,0.9998961091041564,0.0,0.0,0.0001039220223901,0.0,0.9997298121452332,0.0,0.0,0.000270197255304,0.0,0.9997298121452332,0.0,0.0,0.000270197255304,0.0,0.9998337626457214,0.0,0.0,0.0001662752329139,0.0,0.999667465686798,0.0,0.0,0.0003325504658278,0.0,0.9999169111251832,0.0,0.0,8.313761645695195e-05,0.0,0.9998129606246948,0.0,0.0,0.0001870596315711,0.0,0.9996259212493896,0.0,0.0,0.0003741192631423,0.0,0.9997714161872864,0.0,0.0,0.0002286284434376,0.0,0.9997506141662598,0.0,0.0,0.0002494128420948,0.0,0.9997298121452332,0.0,0.0,0.000270197255304,0.0,0.9997090697288512,0.0,0.0,0.0002909816685132,0.0,0.999792218208313,0.0,0.0,0.0002078440447803,0.0,0.9997506141662598,0.0,0.0,0.0002494128420948,0.0,0.999792218208313,0.0,0.0,0.0002078440447803,0.0,0.9998129606246948,0.0,0.0,0.0001870596315711,0.0,0.9997714161872864,0.0,0.0,0.0002286284434376,0.0,0.9764928817749025,0.0015796147054061,0.0031176605261862,0.0188098866492509,0.0,0.9790077805519104,0.0013717706315219,0.0025980505160987,0.0170224271714687,0.0,0.9926216006278992,0.0004780413000844,0.0007690229685977,0.0061313994228839,0.0,0.9775320887565612,0.0014133395161479,0.0023902065586298,0.0186643954366445,0.0,0.972065806388855,0.0020992248319089,0.0038658990524709,0.0219691153615713,0.0,0.9919772744178772,0.0004572568868752,0.0009352981578558,0.0066302251070737,0.0,0.980836808681488,0.0014756927266716,0.0028058944735676,0.0148816332221031,0.0,0.979755997657776,0.0011847109999507,0.0026604037266224,0.0163988955318927,0.0,0.9929956793785096,0.0003949036763515,0.0008105917368084,0.005798848811537,0.0,0.9836426973342896,0.0013925550738349,0.002577266190201,0.0123875048011541,0.0,0.9910419583320618,0.0006443165475502,0.0010807890212163,0.007232972420752,0.0,0.9811277985572816,0.0013302018633112,0.0023070687893778,0.015234968625009,0.0,0.9798807501792908,0.0014133395161479,0.002930600894615,0.0157753620296716,0.0,0.9868019223213196,0.0006651009316556,0.0015796147054061,0.0109533807262778,0.0,0.9819591641426086,0.0014756927266716,0.0025149129796773,0.0140502573922276,0.0,0.982894480228424,0.0012470642104744,0.0019953027367591,0.0138631975278258,0.0,0.9831438660621644,0.0007690229685977,0.0020368716213852,0.0140502573922276,0.0,0.9921019673347472,0.000436472473666,0.0010807890212163,0.0063808122649788,0.0,0.9836843013763428,0.00114314223174,0.0019537340849637,0.0132188806310296,0.0,0.9805250763893129,0.0012054954422637,0.0026396194007247,0.0156298726797103,0.0,0.9913537502288818,0.0006027477211318,0.0010807890212163,0.0069627752527594,0.0,0.9915823340415956,0.0005819633370265,0.0013302018633112,0.0065055186860263,0.0,0.976908564567566,0.0016835366841405,0.0030968762002885,0.018311059102416,0.0,0.9875085949897766,0.0007274541421793,0.0017666743369773,0.0099972980096936,0.0,0.9794442653656006,0.0016211834736168,0.0023902065586298,0.016544384881854,0.0,0.9944090247154236,0.0002286284434376,0.0005611788947135,0.0048011974431574,0.0,0.9611747860908508,0.0024941284209489,0.0052376696839928,0.031093468889594,0.0,0.9795897603034972,0.0012262798845767,0.002577266190201,0.0166067387908697,0.0,0.9787167906761168,0.0010600045789033,0.0026811880525201,0.0175420362502336,0.0,0.9875085949897766,0.0008937293896451592,0.0017043211264535785,0.009893376380205154,0.0
48,0.999854564666748,0.0,0.0,0.0001454908342566,0.0,0.9998129606246948,0.0,0.0,0.0001870596315711,0.0,0.9994804263114928,0.0,0.0,0.0005196101265028,0.0,0.9995635747909546,0.0,0.0,0.000436472473666,0.0,0.9997714161872864,0.0,0.0,0.0002286284434376,0.0,0.9995843768119812,0.0,0.0,0.0004156880895607,0.0,0.999667465686798,0.0,0.0,0.0003325504658278,0.0,0.9997714161872864,0.0,0.0,0.0002286284434376,0.0,0.9997714161872864,0.0,0.0,0.0002286284434376,0.0,0.9997506141662598,0.0,0.0,0.0002494128420948,0.0,0.999792218208313,0.0,0.0,0.0002078440447803,0.0,0.9997298121452332,0.0,0.0,0.000270197255304,0.0,0.9997090697288512,0.0,0.0,0.0002909816685132,0.0,0.9998961091041564,0.0,0.0,0.0001039220223901,0.0,0.9997298121452332,0.0,0.0,0.000270197255304,0.0,0.9997298121452332,0.0,0.0,0.000270197255304,0.0,0.9998337626457214,0.0,0.0,0.0001662752329139,0.0,0.999667465686798,0.0,0.0,0.0003325504658278,0.0,0.9999169111251832,0.0,0.0,8.313761645695195e-05,0.0,0.9998129606246948,0.0,0.0,0.0001870596315711,0.0,0.9996259212493896,0.0,0.0,0.0003741192631423,0.0,0.9997714161872864,0.0,0.0,0.0002286284434376,0.0,0.9997506141662598,0.0,0.0,0.0002494128420948,0.0,0.9997298121452332,0.0,0.0,0.000270197255304,0.0,0.9997090697288512,0.0,0.0,0.0002909816685132,0.0,0.999792218208313,0.0,0.0,0.0002078440447803,0.0,0.9997506141662598,0.0,0.0,0.0002494128420948,0.0,0.999792218208313,0.0,0.0,0.0002078440447803,0.0,0.9998129606246948,0.0,0.0,0.0001870596315711,0.0,0.9997714161872864,0.0,0.0,0.0002286284434376,0.0,0.9760148525238036,0.0017043211264535,0.0027227569371461,0.0195581242442131,0.0,0.9788414835929872,0.0011847109999507,0.0024525597691535,0.0175212528556585,0.0,0.9925384521484376,0.000436472473666,0.0007274541421793,0.0062976744957268,0.0,0.9773034453392028,0.00114314223174,0.0023278533481061,0.0192255731672048,0.0,0.9716085195541382,0.0019745184108614,0.0034086422529071,0.0230083353817462,0.0,0.9917694330215454,0.0005403945106081,0.0008313761791214,0.0068588531576097,0.0,0.9806497693061828,0.0010392202530056,0.002535697305575,0.0157753620296716,0.0,0.9795689582824708,0.0010392202530056,0.0023902065586298,0.0170016419142484,0.0,0.9929541349411012,0.0003117660526186,0.0006443165475502,0.0060898303054273,0.0,0.9833933115005492,0.001122357789427,0.0025149129796773,0.0129694677889347,0.0,0.9909796118736268,0.0004780413000844,0.0010807890212163,0.0074616009369492,0.0,0.9808784127235411,0.0012886330951005,0.0022862844634801,0.015546734444797,0.0,0.979610562324524,0.0012886330951005,0.0023902065586298,0.0167106613516807,0.0,0.9865940809249878,0.0008105917368084,0.0013509863056242,0.0112443622201681,0.0,0.9815642833709716,0.0014756927266716,0.0023902065586298,0.0145698674023151,0.0,0.9827905297279358,0.0010184358106926,0.001849811989814,0.0143412388861179,0.0,0.9829568266868592,0.0006858853157609,0.0019953027367591,0.0143620232120156,0.0,0.9920396208763124,0.0003741192631423,0.0010184358106926,0.0065678716637194,0.0,0.983476459980011,0.0010600045789033,0.001829027547501,0.0136345690116286,0.0,0.9801509380340576,0.0012054954422637,0.0024941284209489,0.0161494817584753,0.0,0.9912497997283936,0.0005403945106081,0.0010600045789033,0.0071498351171612,0.0,0.9913744926452636,0.0006235321052372,0.001163926674053,0.006838068831712,0.0,0.9766591787338256,0.0014756927266716,0.0030345229897648,0.0188306700438261,0.0,0.9872592091560364,0.0007690229685977,0.0016627523582428,0.0103090647608041,0.0,0.979298770427704,0.0014133395161479,0.0023486376740038,0.0169392898678779,0.0,0.9943674802780152,0.0001870596315711,0.0005611788947135,0.0048843347467482,0.0,0.9605720043182372,0.0024317752104252,0.0049051195383071,0.0320911183953285,0.0,0.9794026613235474,0.0009768670424818,0.002535697305575,0.0170847810804843,0.0,0.9785505533218384,0.0008937293896451,0.0023070687893778,0.0182487070560455,0.0,0.9873631000518799,0.0007482385262846947,0.0016211834736168385,0.010267495177686214,0.0
49,0.999854564666748,0.0,0.0,0.0001454908342566,0.0,0.9998129606246948,0.0,0.0,0.0001870596315711,0.0,0.9994804263114928,0.0,0.0,0.0005196101265028,0.0,0.9995635747909546,0.0,0.0,0.000436472473666,0.0,0.9997714161872864,0.0,0.0,0.0002286284434376,0.0,0.9995843768119812,0.0,0.0,0.0004156880895607,0.0,0.999667465686798,0.0,0.0,0.0003325504658278,0.0,0.9997714161872864,0.0,0.0,0.0002286284434376,0.0,0.9997714161872864,0.0,0.0,0.0002286284434376,0.0,0.9997506141662598,0.0,0.0,0.0002494128420948,0.0,0.999792218208313,0.0,0.0,0.0002078440447803,0.0,0.9997298121452332,0.0,0.0,0.000270197255304,0.0,0.9997090697288512,0.0,0.0,0.0002909816685132,0.0,0.9998961091041564,0.0,0.0,0.0001039220223901,0.0,0.9997298121452332,0.0,0.0,0.000270197255304,0.0,0.9997298121452332,0.0,0.0,0.000270197255304,0.0,0.9998337626457214,0.0,0.0,0.0001662752329139,0.0,0.999667465686798,0.0,0.0,0.0003325504658278,0.0,0.9999169111251832,0.0,0.0,8.313761645695195e-05,0.0,0.9998129606246948,0.0,0.0,0.0001870596315711,0.0,0.9996259212493896,0.0,0.0,0.0003741192631423,0.0,0.9997714161872864,0.0,0.0,0.0002286284434376,0.0,0.9997506141662598,0.0,0.0,0.0002494128420948,0.0,0.9997298121452332,0.0,0.0,0.000270197255304,0.0,0.9997090697288512,0.0,0.0,0.0002909816685132,0.0,0.999792218208313,0.0,0.0,0.0002078440447803,0.0,0.9997506141662598,0.0,0.0,0.0002494128420948,0.0,0.999792218208313,0.0,0.0,0.0002078440447803,0.0,0.9998129606246948,0.0,0.0,0.0001870596315711,0.0,0.9997714161872864,0.0,0.0,0.0002286284434376,0.0,0.97559916973114,0.0017458898946642,0.0023694219999015,0.0202855784446001,0.0,0.9783634543418884,0.0012470642104744,0.0020992248319089,0.0182902757078409,0.0,0.9924968481063844,0.0003949036763515,0.0007274541421793,0.0063808122649788,0.0,0.9770124554634094,0.0010600045789033,0.0021615780424326,0.01976596750319,0.0,0.9711512923240662,0.0019745184108614,0.0028682476840913,0.0240059867501258,0.0,0.9916654825210572,0.000436472473666,0.0007066697580739,0.0071914037689566,0.0,0.9802548289299012,0.0011847109999507,0.0022655001375824,0.0162949729710817,0.0,0.9792364239692688,0.001122357789427,0.0020160872954875,0.0176251754164695,0.0,0.992891788482666,0.0003533348790369,0.000436472473666,0.0063184588216245,0.0,0.9830607175827026,0.0009976513683795,0.0024317752104252,0.0135098630562424,0.0,0.9908133149147034,0.0004988256841897,0.0010600045789033,0.0076278764754533,0.0,0.9806289672851562,0.0011847109999507,0.0020160872954875,0.0161702670156955,0.0,0.9791532754898072,0.0015588302630931,0.0017251055687665,0.0175628215074539,0.0,0.9864693880081176,0.0007066697580739,0.00114314223174,0.0116808349266648,0.0,0.9811277985572816,0.0016835366841405,0.0020576559472829,0.015131046064198,0.0,0.9826034903526306,0.0008313761791214,0.001829027547501,0.0147361429408192,0.0,0.9827489852905272,0.0007274541421793,0.0015380459371954,0.0149855557829141,0.0,0.991935670375824,0.0003741192631423,0.0007482385262846,0.0069419909268617,0.0,0.983289361000061,0.0008937293896451,0.0017458898946642,0.0140710417181253,0.0,0.9797976016998292,0.0013717706315219,0.0021407937165349,0.0166898760944604,0.0,0.9910419583320618,0.0006027477211318,0.0009768670424818,0.0073784636333584,0.0,0.9910835027694702,0.0008521605632267,0.0009560826001688,0.0071082659997045,0.0,0.9761187434196472,0.0015796147054061,0.0026604037266224,0.0196412615478038,0.0,0.9869474172592164,0.0008313761791214,0.0013302018633112,0.0108910277485847,0.0,0.9789869785308838,0.0013094174209982,0.0020992248319089,0.0176043901592493,0.0,0.994325876235962,0.0001870596315711,0.0004780413000844,0.0050090411677956,0.0,0.9600939750671388,0.0024317752104252,0.0042400183156132,0.0332342609763145,0.0,0.9791532754898072,0.0009768670424818,0.0019537340849637,0.0179161559790372,0.0,0.9782179594039916,0.0009560826001688,0.0021823623683303,0.0186436101794242,0.0,0.9871345162391663,0.0007898073527030647,0.0015172614948824048,0.010558477602899075,0.0
50,0.999854564666748,0.0,0.0,0.0001454908342566,0.0,0.9998129606246948,0.0,0.0,0.0001870596315711,0.0,0.9994804263114928,0.0,0.0,0.0005196101265028,0.0,0.9995635747909546,0.0,0.0,0.000436472473666,0.0,0.9997714161872864,0.0,0.0,0.0002286284434376,0.0,0.9995843768119812,0.0,0.0,0.0004156880895607,0.0,0.999667465686798,0.0,0.0,0.0003325504658278,0.0,0.9997714161872864,0.0,0.0,0.0002286284434376,0.0,0.9997714161872864,0.0,0.0,0.0002286284434376,0.0,0.9997506141662598,0.0,0.0,0.0002494128420948,0.0,0.999792218208313,0.0,0.0,0.0002078440447803,0.0,0.9997298121452332,0.0,0.0,0.000270197255304,0.0,0.9997090697288512,0.0,0.0,0.0002909816685132,0.0,0.9998961091041564,0.0,0.0,0.0001039220223901,0.0,0.9997298121452332,0.0,0.0,0.000270197255304,0.0,0.9997298121452332,0.0,0.0,0.000270197255304,0.0,0.9998337626457214,0.0,0.0,0.0001662752329139,0.0,0.999667465686798,0.0,0.0,0.0003325504658278,0.0,0.9999169111251832,0.0,0.0,8.313761645695195e-05,0.0,0.9998129606246948,0.0,0.0,0.0001870596315711,0.0,0.9996259212493896,0.0,0.0,0.0003741192631423,0.0,0.9997714161872864,0.0,0.0,0.0002286284434376,0.0,0.9997506141662598,0.0,0.0,0.0002494128420948,0.0,0.9997298121452332,0.0,0.0,0.000270197255304,0.0,0.9997090697288512,0.0,0.0,0.0002909816685132,0.0,0.999792218208313,0.0,0.0,0.0002078440447803,0.0,0.9997506141662598,0.0,0.0,0.0002494128420948,0.0,0.999792218208313,0.0,0.0,0.0002078440447803,0.0,0.9998129606246948,0.0,0.0,0.0001870596315711,0.0,0.9997714161872864,0.0,0.0,0.0002286284434376,0.0,0.9752042293548584,0.0017251055687665,0.0020368716213852,0.0210338160395622,0.0,0.9780932664871216,0.0011847109999507,0.001829027547501,0.0188930239528417,0.0,0.9922890067100524,0.0004572568868752,0.0007274541421793,0.006526303011924,0.0,0.9766799211502076,0.00114314223174,0.0017458898946642,0.0204310696572065,0.0,0.9706732630729676,0.001829027547501,0.0026811880525201,0.0248165782541036,0.0,0.9915615916252136,0.0004780413000844,0.0006027477211318,0.0073576788417994,0.0,0.9799430966377258,0.0012886330951005,0.0018913807580247,0.0168769359588623,0.0,0.9790701270103456,0.0010392202530056,0.0016419679159298,0.0182487070560455,0.0,0.9928501844406128,0.0002286284434376,0.000436472473666,0.0064847338944673,0.0,0.982769787311554,0.0010392202530056,0.0020784405060112,0.0141126103699207,0.0,0.9906470775604248,0.0005403945106081,0.0008521605632267,0.007960426621139,0.0,0.9803587794303894,0.001122357789427,0.0017043211264535,0.0168145820498466,0.0,0.9789038896560668,0.0013717706315219,0.0016211834736168,0.0181032158434391,0.0,0.986323893070221,0.0007690229685977,0.0008729449473321,0.0120341703295707,0.0,0.9808991551399232,0.0012886330951005,0.0020160872954875,0.0157961472868919,0.0,0.982187807559967,0.0009976513683795,0.0015796147054061,0.015234968625009,0.0,0.9826242923736572,0.0006443165475502,0.0013094174209982,0.0154220275580883,0.0,0.9918941259384156,0.000270197255304,0.0006235321052372,0.0072121880948543,0.0,0.9829360246658324,0.0009352981578558,0.0014341238420456,0.0146945733577013,0.0,0.979485809803009,0.0012678486527875,0.0018705963157117,0.0173757616430521,0.0,0.9907925724983216,0.0007066697580739,0.000789807352703,0.0077110137790441,0.0,0.9909796118736268,0.0007482385262846,0.0007274541421793,0.0075447387062013,0.0,0.9757446646690368,0.0016003991477191,0.0021823623683303,0.0204726383090019,0.0,0.9865940809249878,0.0010392202530056,0.0012262798845767,0.0111404405906796,0.0,0.9786960482597352,0.0010600045789033,0.0020576559472829,0.0181863531470298,0.0,0.9942843317985536,0.0001454908342566,0.0003949036763515,0.0051753167062997,0.0,0.9596367478370668,0.0023486376740038,0.0031384450849145,0.0348762311041355,0.0,0.978779137134552,0.001163926674053,0.0015172614948824,0.0185396876186132,0.0,0.9779062271118164,0.0009768670424818,0.0016627523582428,0.019454201683402,0.0,0.9868227243423462,0.0008521605632267892,0.0012470642104744911,0.011078087612986565,0.0
51,0.999854564666748,0.0,0.0,0.0001454908342566,0.0,0.9998129606246948,0.0,0.0,0.0001870596315711,0.0,0.9994804263114928,0.0,0.0,0.0005196101265028,0.0,0.9995635747909546,0.0,0.0,0.000436472473666,0.0,0.9997714161872864,0.0,0.0,0.0002286284434376,0.0,0.9995843768119812,0.0,0.0,0.0004156880895607,0.0,0.999667465686798,0.0,0.0,0.0003325504658278,0.0,0.9997714161872864,0.0,0.0,0.0002286284434376,0.0,0.9997714161872864,0.0,0.0,0.0002286284434376,0.0,0.9997506141662598,0.0,0.0,0.0002494128420948,0.0,0.999792218208313,0.0,0.0,0.0002078440447803,0.0,0.9997298121452332,0.0,0.0,0.000270197255304,0.0,0.9997090697288512,0.0,0.0,0.0002909816685132,0.0,0.9998961091041564,0.0,0.0,0.0001039220223901,0.0,0.9997298121452332,0.0,0.0,0.000270197255304,0.0,0.9997298121452332,0.0,0.0,0.000270197255304,0.0,0.9998337626457214,0.0,0.0,0.0001662752329139,0.0,0.999667465686798,0.0,0.0,0.0003325504658278,0.0,0.9999169111251832,0.0,0.0,8.313761645695195e-05,0.0,0.9998129606246948,0.0,0.0,0.0001870596315711,0.0,0.9996259212493896,0.0,0.0,0.0003741192631423,0.0,0.9997714161872864,0.0,0.0,0.0002286284434376,0.0,0.9997506141662598,0.0,0.0,0.0002494128420948,0.0,0.9997298121452332,0.0,0.0,0.000270197255304,0.0,0.9997090697288512,0.0,0.0,0.0002909816685132,0.0,0.999792218208313,0.0,0.0,0.0002078440447803,0.0,0.9997506141662598,0.0,0.0,0.0002494128420948,0.0,0.999792218208313,0.0,0.0,0.0002078440447803,0.0,0.9998129606246948,0.0,0.0,0.0001870596315711,0.0,0.9997714161872864,0.0,0.0,0.0002286284434376,0.0,0.97485089302063,0.0016419679159298,0.0019953027367591,0.0215118583291769,0.0,0.977677583694458,0.0013302018633112,0.0017251055687665,0.0192671418190002,0.0,0.992122769355774,0.0004988256841897,0.0006443165475502,0.0067341467365622,0.0,0.9764305353164672,0.0011015734635293,0.001829027547501,0.0206389129161834,0.0,0.9701120853424072,0.0019537340849637,0.002535697305575,0.0253985412418842,0.0,0.9914576411247252,0.0005196101265028,0.0005819633370265,0.0074408166110515,0.0,0.979672908782959,0.001163926674053,0.001808243105188,0.0173549782484769,0.0,0.9787999391555786,0.0009560826001688,0.0016211834736168,0.0186228267848491,0.0,0.992829442024231,0.0001662752329139,0.000436472473666,0.0065678716637194,0.0,0.982520341873169,0.001122357789427,0.0018913807580247,0.014465944841504,0.0,0.99052232503891,0.0005196101265028,0.0007066697580739,0.0082514081150293,0.0,0.9801093339920044,0.0010184358106926,0.0017043211264535,0.0171679183840751,0.0,0.9785712957382202,0.0013094174209982,0.0017251055687665,0.0183941982686519,0.0,0.9860952496528624,0.0007066697580739,0.0008313761791214,0.0123667204752564,0.0,0.9806705117225648,0.0012886330951005,0.001849811989814,0.0161910504102706,0.0,0.982000768184662,0.0008937293896451,0.0015172614948824,0.0155883030965924,0.0,0.9823541045188904,0.000789807352703,0.0011015734635293,0.0157545786350965,0.0,0.9917694330215454,0.0003325504658278,0.0006027477211318,0.0072953258641064,0.0,0.9826658368110656,0.0010184358106926,0.0013717706315219,0.0149439861997962,0.0,0.9792572259902954,0.0012678486527875,0.0017043211264535,0.0177706647664308,0.0,0.9907717704772948,0.0005819633370265,0.0007482385262846,0.0078980736434459,0.0,0.9908756613731384,0.0007066697580739,0.0006858853157609,0.0077317981049418,0.0,0.975619912147522,0.0012886330951005,0.0020992248319089,0.0209922473877668,0.0,0.9864278435707092,0.0010807890212163,0.0010600045789033,0.0114314220845699,0.0,0.9783011078834534,0.00114314223174,0.0020160872954875,0.0185396876186132,0.0,0.9942011833190918,0.0002078440447803,0.0003533348790369,0.0052376696839928,0.0,0.9591171145439148,0.0020576559472829,0.0033878579270094,0.0354374088346958,0.0,0.9786128997802734,0.0009768670424818,0.0015588302630931,0.0188514553010463,0.0,0.977615237236023,0.0011015734635293,0.0013509863056242,0.0199322439730167,0.0,0.9866772294044495,0.0008313761791214347,0.0011015734635293484,0.011389853432774544,0.0
52,0.999854564666748,0.0,0.0,0.0001454908342566,0.0,0.9998129606246948,0.0,0.0,0.0001870596315711,0.0,0.9994804263114928,0.0,0.0,0.0005196101265028,0.0,0.9995635747909546,0.0,0.0,0.000436472473666,0.0,0.9997714161872864,0.0,0.0,0.0002286284434376,0.0,0.9995843768119812,0.0,0.0,0.0004156880895607,0.0,0.999667465686798,0.0,0.0,0.0003325504658278,0.0,0.9997714161872864,0.0,0.0,0.0002286284434376,0.0,0.9997714161872864,0.0,0.0,0.0002286284434376,0.0,0.9997506141662598,0.0,0.0,0.0002494128420948,0.0,0.999792218208313,0.0,0.0,0.0002078440447803,0.0,0.9997298121452332,0.0,0.0,0.000270197255304,0.0,0.9997090697288512,0.0,0.0,0.0002909816685132,0.0,0.9998961091041564,0.0,0.0,0.0001039220223901,0.0,0.9997298121452332,0.0,0.0,0.000270197255304,0.0,0.9997298121452332,0.0,0.0,0.000270197255304,0.0,0.9998337626457214,0.0,0.0,0.0001662752329139,0.0,0.999667465686798,0.0,0.0,0.0003325504658278,0.0,0.9999169111251832,0.0,0.0,8.313761645695195e-05,0.0,0.9998129606246948,0.0,0.0,0.0001870596315711,0.0,0.9996259212493896,0.0,0.0,0.0003741192631423,0.0,0.9997714161872864,0.0,0.0,0.0002286284434376,0.0,0.9997506141662598,0.0,0.0,0.0002494128420948,0.0,0.9997298121452332,0.0,0.0,0.000270197255304,0.0,0.9997090697288512,0.0,0.0,0.0002909816685132,0.0,0.999792218208313,0.0,0.0,0.0002078440447803,0.0,0.9997506141662598,0.0,0.0,0.0002494128420948,0.0,0.999792218208313,0.0,0.0,0.0002078440447803,0.0,0.9998129606246948,0.0,0.0,0.0001870596315711,0.0,0.9997714161872864,0.0,0.0,0.0002286284434376,0.0,0.9744352102279664,0.0015796147054061,0.0020576559472829,0.0219275467097759,0.0,0.9774905443191528,0.0013509863056242,0.0015380459371954,0.0196204781532287,0.0,0.9920396208763124,0.0004988256841897,0.0005611788947135,0.0069004222750663,0.0,0.9762018918991088,0.0011015734635293,0.0016419679159298,0.0210546012967824,0.0,0.9698002934455872,0.001808243105188,0.0025564816314727,0.0258350148797035,0.0,0.9913121461868286,0.0004572568868752,0.0006651009316556,0.007565523032099,0.0,0.9795689582824708,0.0010807890212163,0.0016627523582428,0.01768752746284,0.0,0.9785920977592468,0.0009768670424818,0.0013717706315219,0.0190592985600233,0.0,0.9927878379821776,0.0001662752329139,0.000436472473666,0.0066094403155148,0.0,0.9822709560394288,0.001122357789427,0.0016419679159298,0.0149647705256938,0.0,0.9904807806015016,0.0004988256841897,0.0007066697580739,0.0083137620240449,0.0,0.9798807501792908,0.0009976513683795,0.0015796147054061,0.0175420362502336,0.0,0.9784258008003236,0.0011847109999507,0.0016835366841405,0.0187059640884399,0.0,0.9860329031944276,0.0005611788947135,0.0008729449473321,0.0125329960137605,0.0,0.9804834723472596,0.0010807890212163,0.0018705963157117,0.0165651701390743,0.0,0.9817097783088684,0.0010807890212163,0.0013509863056242,0.0158585011959075,0.0,0.9821046590805054,0.0008521605632267,0.0009560826001688,0.0160871297121047,0.0,0.9917070865631104,0.0003325504658278,0.0004988256841897,0.0074616009369492,0.0,0.9824164509773254,0.0010600045789033,0.0013509863056242,0.0151726147159934,0.0,0.9791324734687804,0.0010184358106926,0.0015796147054061,0.0182694904506206,0.0,0.9906054735183716,0.0006443165475502,0.0007066697580739,0.0080435648560523,0.0,0.9907717704772948,0.0006027477211318,0.000789807352703,0.0078357206657528,0.0,0.9752665758132936,0.0013925550738349,0.0019329495262354,0.0214079357683658,0.0,0.9863030910491944,0.0009560826001688,0.0009768670424818,0.0117639731615781,0.0,0.9779477715492249,0.0013509863056242,0.0017666743369773,0.0189345926046371,0.0,0.9941803812980652,0.0001870596315711,0.000270197255304,0.0053623761050403,0.0,0.9585559368133544,0.0020160872954875,0.0030968762002885,0.0363311395049095,0.0,0.978384256362915,0.0010184358106926,0.0014133395161479,0.0191840045154094,0.0,0.9773865938186646,0.001163926674053,0.0012262798845767,0.0202232245355844,0.0,0.9865317344665527,0.0008313761791214347,0.0010392202530056238,0.011597697623074055,0.0
53,0.999854564666748,0.0,0.0,0.0001454908342566,0.0,0.9998129606246948,0.0,0.0,0.0001870596315711,0.0,0.9994804263114928,0.0,0.0,0.0005196101265028,0.0,0.9995635747909546,0.0,0.0,0.000436472473666,0.0,0.9997714161872864,0.0,0.0,0.0002286284434376,0.0,0.9995843768119812,0.0,0.0,0.0004156880895607,0.0,0.999667465686798,0.0,0.0,0.0003325504658278,0.0,0.9997714161872864,0.0,0.0,0.0002286284434376,0.0,0.9997714161872864,0.0,0.0,0.0002286284434376,0.0,0.9997506141662598,0.0,0.0,0.0002494128420948,0.0,0.999792218208313,0.0,0.0,0.0002078440447803,0.0,0.9997298121452332,0.0,0.0,0.000270197255304,0.0,0.9997090697288512,0.0,0.0,0.0002909816685132,0.0,0.9998961091041564,0.0,0.0,0.0001039220223901,0.0,0.9997298121452332,0.0,0.0,0.000270197255304,0.0,0.9997298121452332,0.0,0.0,0.000270197255304,0.0,0.9998337626457214,0.0,0.0,0.0001662752329139,0.0,0.999667465686798,0.0,0.0,0.0003325504658278,0.0,0.9999169111251832,0.0,0.0,8.313761645695195e-05,0.0,0.9998129606246948,0.0,0.0,0.0001870596315711,0.0,0.9996259212493896,0.0,0.0,0.0003741192631423,0.0,0.9997714161872864,0.0,0.0,0.0002286284434376,0.0,0.9997506141662598,0.0,0.0,0.0002494128420948,0.0,0.9997298121452332,0.0,0.0,0.000270197255304,0.0,0.9997090697288512,0.0,0.0,0.0002909816685132,0.0,0.999792218208313,0.0,0.0,0.0002078440447803,0.0,0.9997506141662598,0.0,0.0,0.0002494128420948,0.0,0.999792218208313,0.0,0.0,0.0002078440447803,0.0,0.9998129606246948,0.0,0.0,0.0001870596315711,0.0,0.9997714161872864,0.0,0.0,0.0002286284434376,0.0,0.9740818738937378,0.0015172614948824,0.0021200091578066,0.0222808811813592,0.0,0.9772619009017944,0.0011015734635293,0.0016627523582428,0.0199738126248121,0.0,0.9920188188552856,0.0004780413000844,0.0004780413000844,0.0070251286961138,0.0,0.9759732484817504,0.0010392202530056,0.0014341238420456,0.0215534269809722,0.0,0.9692806601524352,0.0018705963157117,0.0024317752104252,0.026416977867484,0.0,0.991291344165802,0.0003741192631423,0.0006443165475502,0.0076902294531464,0.0,0.9792572259902954,0.0009976513683795,0.0014341238420456,0.018311059102416,0.0,0.9784258008003236,0.0008105917368084,0.0013717706315219,0.0193918496370315,0.0,0.992642343044281,0.0002494128420948,0.0003741192631423,0.0067341467365622,0.0,0.9818968176841736,0.001163926674053,0.0014549082843586,0.0154843814671039,0.0,0.9904184341430664,0.0003949036763515,0.0006443165475502,0.0085423905402421,0.0,0.9796936511993408,0.0009352981578558,0.0015380459371954,0.0178330186754465,0.0,0.97819721698761,0.0009560826001688,0.0017458898946642,0.0191008672118186,0.0,0.9859705567359924,0.0004988256841897,0.0009352981578558,0.0125953489914536,0.0,0.9802340865135192,0.0008937293896451,0.0019121652003377,0.016960073262453,0.0,0.98160582780838,0.0009976513683795,0.0012054954422637,0.0161910504102706,0.0,0.98179292678833,0.0009560826001688,0.0008937293896451,0.0163573268800973,0.0,0.9916654825210572,0.000270197255304,0.0004780413000844,0.0075863073579967,0.0,0.9821670055389404,0.001122357789427,0.0012470642104744,0.0154635962098836,0.0,0.9789454340934752,0.0008521605632267,0.0015588302630931,0.0186436101794242,0.0,0.9904807806015016,0.0005611788947135,0.0007482385262846,0.0082098394632339,0.0,0.9906886219978333,0.0003949036763515,0.0009145137737505,0.0080019952729344,0.0,0.9750587344169616,0.0010600045789033,0.0020160872954875,0.0218651928007602,0.0,0.9861160516738892,0.0008313761791214,0.0010807890212163,0.0119718164205551,0.0,0.9777191281318665,0.0012678486527875,0.0017251055687665,0.0192879270762205,0.0,0.9941596388816832,0.0001662752329139,0.0002286284434376,0.0054455138742923,0.0,0.9581817984580994,0.0019121652003377,0.0029098165687173,0.0369962379336357,0.0,0.9781764149665833,0.0009768670424818,0.0012262798845767,0.0196204781532287,0.0,0.9771164059638976,0.0011015734635293,0.0012262798845767,0.0205557756125926,0.0,0.9862823486328125,0.0008521605632267892,0.0009768670424818993,0.01188867911696434,0.0
54,0.999854564666748,0.0,0.0,0.0001454908342566,0.0,0.9998129606246948,0.0,0.0,0.0001870596315711,0.0,0.9994804263114928,0.0,0.0,0.0005196101265028,0.0,0.9995635747909546,0.0,0.0,0.000436472473666,0.0,0.9997714161872864,0.0,0.0,0.0002286284434376,0.0,0.9995843768119812,0.0,0.0,0.0004156880895607,0.0,0.999667465686798,0.0,0.0,0.0003325504658278,0.0,0.9997714161872864,0.0,0.0,0.0002286284434376,0.0,0.9997714161872864,0.0,0.0,0.0002286284434376,0.0,0.9997506141662598,0.0,0.0,0.0002494128420948,0.0,0.999792218208313,0.0,0.0,0.0002078440447803,0.0,0.9997298121452332,0.0,0.0,0.000270197255304,0.0,0.9997090697288512,0.0,0.0,0.0002909816685132,0.0,0.9998961091041564,0.0,0.0,0.0001039220223901,0.0,0.9997298121452332,0.0,0.0,0.000270197255304,0.0,0.9997298121452332,0.0,0.0,0.000270197255304,0.0,0.9998337626457214,0.0,0.0,0.0001662752329139,0.0,0.999667465686798,0.0,0.0,0.0003325504658278,0.0,0.9999169111251832,0.0,0.0,8.313761645695195e-05,0.0,0.9998129606246948,0.0,0.0,0.0001870596315711,0.0,0.9996259212493896,0.0,0.0,0.0003741192631423,0.0,0.9997714161872864,0.0,0.0,0.0002286284434376,0.0,0.9997506141662598,0.0,0.0,0.0002494128420948,0.0,0.9997298121452332,0.0,0.0,0.000270197255304,0.0,0.9997090697288512,0.0,0.0,0.0002909816685132,0.0,0.999792218208313,0.0,0.0,0.0002078440447803,0.0,0.9997506141662598,0.0,0.0,0.0002494128420948,0.0,0.999792218208313,0.0,0.0,0.0002078440447803,0.0,0.9998129606246948,0.0,0.0,0.0001870596315711,0.0,0.9997714161872864,0.0,0.0,0.0002286284434376,0.0,0.9737908840179444,0.0014133395161479,0.0021407937165349,0.0226550009101629,0.0,0.976908564567566,0.0011847109999507,0.0015172614948824,0.0203895010054111,0.0,0.9919564723968506,0.0003325504658278,0.0006027477211318,0.0071082659997045,0.0,0.975807011127472,0.0008729449473321,0.0013925550738349,0.0219275467097759,0.0,0.968906581401825,0.0017666743369773,0.0024525597691535,0.0268742348998785,0.0,0.9912082552909852,0.0003533348790369,0.0005403945106081,0.0078980736434459,0.0,0.9789454340934752,0.0009976513683795,0.0014964770525693,0.0185604728758335,0.0,0.977989375591278,0.0010807890212163,0.0012886330951005,0.0196412615478038,0.0,0.9926007986068726,0.0002494128420948,0.0003949036763515,0.0067549315281212,0.0,0.9816889762878418,0.0010807890212163,0.0012886330951005,0.0159416384994983,0.0,0.9903352856636048,0.0003117660526186,0.0006651009316556,0.008687880821526,0.0,0.979548156261444,0.0008105917368084,0.0014549082843586,0.0181863531470298,0.0,0.9776567816734314,0.0012470642104744,0.001808243105188,0.0192879270762205,0.0,0.9858250617980956,0.0004988256841897,0.0008521605632267,0.0128239775076508,0.0,0.9799430966377258,0.0009560826001688,0.0019121652003377,0.0171887017786502,0.0,0.9815434813499452,0.0006443165475502,0.0012470642104744,0.0165651701390743,0.0,0.9817513227462769,0.0008729449473321,0.0008521605632267,0.0165236014872789,0.0,0.991603136062622,0.0002909816685132,0.0004156880895607,0.0076902294531464,0.0,0.9819591641426086,0.0009768670424818,0.0012470642104744,0.015816930681467,0.0,0.9786960482597352,0.000789807352703,0.0016835366841405,0.0188306700438261,0.0,0.990314483642578,0.0004780413000844,0.0008521605632267,0.0083553306758403,0.0,0.9905639290809632,0.0004156880895607,0.0009560826001688,0.00806434918195,0.0,0.974643051624298,0.0011015734635293,0.0019537340849637,0.0223016664385795,0.0,0.9858666658401488,0.0007274541421793,0.0011847109999507,0.01222122926265,0.0,0.9774905443191528,0.0012054954422637,0.0016003991477191,0.0197036154568195,0.0,0.99411803483963,0.0001662752329139,0.0002286284434376,0.0054870825260877,0.0,0.9577037692070008,0.0019329495262354,0.0028890322428196,0.0374742820858955,0.0,0.9778854250907898,0.0008937293896451,0.0013509863056242,0.019869890064001,0.0,0.976908564567566,0.0009976513683795,0.0012678486527875,0.0208259727805852,0.0,0.9861575961112976,0.0006651009316556156,0.0011015734635293484,0.012075738981366158,0.0
55,0.999854564666748,0.0,0.0,0.0001454908342566,0.0,0.9998129606246948,0.0,0.0,0.0001870596315711,0.0,0.9994804263114928,0.0,0.0,0.0005196101265028,0.0,0.9995635747909546,0.0,0.0,0.000436472473666,0.0,0.9997714161872864,0.0,0.0,0.0002286284434376,0.0,0.9995843768119812,0.0,0.0,0.0004156880895607,0.0,0.999667465686798,0.0,0.0,0.0003325504658278,0.0,0.9997714161872864,0.0,0.0,0.0002286284434376,0.0,0.9997714161872864,0.0,0.0,0.0002286284434376,0.0,0.9997506141662598,0.0,0.0,0.0002494128420948,0.0,0.999792218208313,0.0,0.0,0.0002078440447803,0.0,0.9997298121452332,0.0,0.0,0.000270197255304,0.0,0.9997090697288512,0.0,0.0,0.0002909816685132,0.0,0.9998961091041564,0.0,0.0,0.0001039220223901,0.0,0.9997298121452332,0.0,0.0,0.000270197255304,0.0,0.9997298121452332,0.0,0.0,0.000270197255304,0.0,0.9998337626457214,0.0,0.0,0.0001662752329139,0.0,0.999667465686798,0.0,0.0,0.0003325504658278,0.0,0.9999169111251832,0.0,0.0,8.313761645695195e-05,0.0,0.9998129606246948,0.0,0.0,0.0001870596315711,0.0,0.9996259212493896,0.0,0.0,0.0003741192631423,0.0,0.9997714161872864,0.0,0.0,0.0002286284434376,0.0,0.9997506141662598,0.0,0.0,0.0002494128420948,0.0,0.9997298121452332,0.0,0.0,0.000270197255304,0.0,0.9997090697288512,0.0,0.0,0.0002909816685132,0.0,0.999792218208313,0.0,0.0,0.0002078440447803,0.0,0.9997506141662598,0.0,0.0,0.0002494128420948,0.0,0.999792218208313,0.0,0.0,0.0002078440447803,0.0,0.9998129606246948,0.0,0.0,0.0001870596315711,0.0,0.9997714161872864,0.0,0.0,0.0002286284434376,0.0,0.9736246466636658,0.0012262798845767,0.0020784405060112,0.0230706892907619,0.0,0.9767422676086426,0.0009352981578558,0.0016003991477191,0.0207220502197742,0.0,0.9918525218963624,0.000270197255304,0.0006235321052372,0.007253757212311,0.0,0.975682258605957,0.0007482385262846,0.0013925550738349,0.0221769586205482,0.0,0.96865713596344,0.0014549082843586,0.0023902065586298,0.0274977665394544,0.0,0.991166651248932,0.0002909816685132,0.0005819633370265,0.007960426621139,0.0,0.978779137134552,0.0008937293896451,0.0015588302630931,0.0187683161348104,0.0,0.9777607321739196,0.0010392202530056,0.0013094174209982,0.0198906753212213,0.0,0.9925384521484376,0.0002909816685132,0.0002494128420948,0.006921206600964,0.0,0.981418788433075,0.0011015734635293,0.0012886330951005,0.0161910504102706,0.0,0.9902729392051696,0.0002494128420948,0.0006651009316556,0.0088125877082347,0.0,0.9793611168861388,0.0007482385262846,0.0013717706315219,0.0185189042240381,0.0,0.977345049381256,0.0012262798845767,0.0017043211264535,0.0197243988513946,0.0,0.985679566860199,0.0004156880895607,0.0009976513683795,0.0129071148112416,0.0,0.9797144532203674,0.0009560826001688,0.0015172614948824,0.0178122334182262,0.0,0.98135644197464,0.0006443165475502,0.0011847109999507,0.0168145820498466,0.0,0.9816266298294068,0.0007274541421793,0.0009145137737505,0.0167314447462558,0.0,0.991478443145752,0.0002909816685132,0.0003949036763515,0.0078357206657528,0.0,0.9817513227462769,0.0009145137737505,0.0012054954422637,0.0161286983639001,0.0,0.9782179594039916,0.0010392202530056,0.0014964770525693,0.0192463584244251,0.0,0.990189790725708,0.0005819633370265,0.0007274541421793,0.0085008209571242,0.0,0.9903976321220398,0.0004780413000844,0.0008521605632267,0.008272192440927,0.0,0.9745391607284546,0.0010807890212163,0.0017251055687665,0.0226550009101629,0.0,0.9856588244438172,0.0007690229685977,0.0012054954422637,0.0123667204752564,0.0,0.9771787524223328,0.001122357789427,0.0014549082843586,0.0202440097928047,0.0,0.9940556883811952,0.0001454908342566,0.0002286284434376,0.0055702202953398,0.0,0.9572672843933104,0.001849811989814,0.0028682476840913,0.0380146764218807,0.0,0.977615237236023,0.0009976513683795,0.0013302018633112,0.0200569499284029,0.0,0.9767630696296692,0.0008521605632267,0.0012678486527875,0.0211169552057981,0.0,0.985991358757019,0.0006858853157609701,0.000997651368379593,0.012325151823461056,0.0
56,0.999854564666748,0.0,0.0,0.0001454908342566,0.0,0.9998129606246948,0.0,0.0,0.0001870596315711,0.0,0.9994804263114928,0.0,0.0,0.0005196101265028,0.0,0.9995635747909546,0.0,0.0,0.000436472473666,0.0,0.9997714161872864,0.0,0.0,0.0002286284434376,0.0,0.9995843768119812,0.0,0.0,0.0004156880895607,0.0,0.999667465686798,0.0,0.0,0.0003325504658278,0.0,0.9997714161872864,0.0,0.0,0.0002286284434376,0.0,0.9997714161872864,0.0,0.0,0.0002286284434376,0.0,0.9997506141662598,0.0,0.0,0.0002494128420948,0.0,0.999792218208313,0.0,0.0,0.0002078440447803,0.0,0.9997298121452332,0.0,0.0,0.000270197255304,0.0,0.9997090697288512,0.0,0.0,0.0002909816685132,0.0,0.9998961091041564,0.0,0.0,0.0001039220223901,0.0,0.9997298121452332,0.0,0.0,0.000270197255304,0.0,0.9997298121452332,0.0,0.0,0.000270197255304,0.0,0.9998337626457214,0.0,0.0,0.0001662752329139,0.0,0.999667465686798,0.0,0.0,0.0003325504658278,0.0,0.9999169111251832,0.0,0.0,8.313761645695195e-05,0.0,0.9998129606246948,0.0,0.0,0.0001870596315711,0.0,0.9996259212493896,0.0,0.0,0.0003741192631423,0.0,0.9997714161872864,0.0,0.0,0.0002286284434376,0.0,0.9997506141662598,0.0,0.0,0.0002494128420948,0.0,0.9997298121452332,0.0,0.0,0.000270197255304,0.0,0.9997090697288512,0.0,0.0,0.0002909816685132,0.0,0.999792218208313,0.0,0.0,0.0002078440447803,0.0,0.9997506141662598,0.0,0.0,0.0002494128420948,0.0,0.999792218208313,0.0,0.0,0.0002078440447803,0.0,0.9998129606246948,0.0,0.0,0.0001870596315711,0.0,0.9997714161872864,0.0,0.0,0.0002286284434376,0.0,0.9732089638710022,0.0012262798845767,0.0020576559472829,0.023507161065936,0.0,0.9762850403785706,0.0012054954422637,0.0015172614948824,0.0209922473877668,0.0,0.991810977458954,0.0002286284434376,0.0005819633370265,0.0073784636333584,0.0,0.9755160212516784,0.0006858853157609,0.0013302018633112,0.0224679410457611,0.0,0.9682830572128296,0.0015172614948824,0.0022655001375824,0.0279342383146286,0.0,0.9911043047904968,0.0002078440447803,0.0006651009316556,0.0080227795988321,0.0,0.9784881472587584,0.0010807890212163,0.0012678486527875,0.0191632211208343,0.0,0.9774905443191528,0.0011015734635293,0.001163926674053,0.0202440097928047,0.0,0.9925384521484376,0.0002494128420948,0.0002078440447803,0.0070043443702161,0.0,0.98116934299469,0.0011015734635293,0.0013717706315219,0.0163573268800973,0.0,0.9902313947677612,0.0002494128420948,0.0005611788947135,0.0089580779895186,0.0,0.9791117310523988,0.0007690229685977,0.0012470642104744,0.0188722386956214,0.0,0.9770956039428712,0.0013302018633112,0.0014549082843586,0.0201193038374185,0.0,0.9855964183807372,0.000436472473666,0.0007690229685977,0.0131980963051319,0.0,0.9794650673866272,0.0010184358106926,0.0014756927266716,0.0180408619344234,0.0,0.981148600578308,0.0005611788947135,0.0011847109999507,0.0171055644750595,0.0,0.98148113489151,0.0006235321052372,0.0010392202530056,0.0168561525642871,0.0,0.9914160966873168,0.0002909816685132,0.0003949036763515,0.0078980736434459,0.0,0.98160582780838,0.0008105917368084,0.0012678486527875,0.0163157563656568,0.0,0.9779062271118164,0.0012262798845767,0.0013925550738349,0.0194749869406223,0.0,0.9900858998298644,0.0005196101265028,0.0007482385262846,0.0086463121697306,0.0,0.9900442957878112,0.0007274541421793,0.0008105917368084,0.0084176836535334,0.0,0.9742273688316344,0.0010392202530056,0.0016419679159298,0.023091472685337,0.0,0.9854925274848938,0.0008105917368084,0.0012054954422637,0.0124914264306426,0.0,0.9769501090049744,0.0009976513683795,0.0014964770525693,0.0205557756125926,0.0,0.9939725399017334,0.0002078440447803,0.0002286284434376,0.0055910046212375,0.0,0.9564151167869568,0.0021407937165349,0.0026188348419964,0.0388252660632133,0.0,0.9774905443191528,0.0008937293896451,0.0012054954422637,0.0204102843999862,0.0,0.9764928817749025,0.0008937293896451,0.0013302018633112,0.0212832298129796,0.0,0.9857003688812256,0.0008313761791214347,0.0009768670424818993,0.012491426430642605,0.0
57,0.999854564666748,0.0,0.0,0.0001454908342566,0.0,0.9998129606246948,0.0,0.0,0.0001870596315711,0.0,0.9994804263114928,0.0,0.0,0.0005196101265028,0.0,0.9995635747909546,0.0,0.0,0.000436472473666,0.0,0.9997714161872864,0.0,0.0,0.0002286284434376,0.0,0.9995843768119812,0.0,0.0,0.0004156880895607,0.0,0.999667465686798,0.0,0.0,0.0003325504658278,0.0,0.9997714161872864,0.0,0.0,0.0002286284434376,0.0,0.9997714161872864,0.0,0.0,0.0002286284434376,0.0,0.9997506141662598,0.0,0.0,0.0002494128420948,0.0,0.999792218208313,0.0,0.0,0.0002078440447803,0.0,0.9997298121452332,0.0,0.0,0.000270197255304,0.0,0.9997090697288512,0.0,0.0,0.0002909816685132,0.0,0.9998961091041564,0.0,0.0,0.0001039220223901,0.0,0.9997298121452332,0.0,0.0,0.000270197255304,0.0,0.9997298121452332,0.0,0.0,0.000270197255304,0.0,0.9998337626457214,0.0,0.0,0.0001662752329139,0.0,0.999667465686798,0.0,0.0,0.0003325504658278,0.0,0.9999169111251832,0.0,0.0,8.313761645695195e-05,0.0,0.9998129606246948,0.0,0.0,0.0001870596315711,0.0,0.9996259212493896,0.0,0.0,0.0003741192631423,0.0,0.9997714161872864,0.0,0.0,0.0002286284434376,0.0,0.9997506141662598,0.0,0.0,0.0002494128420948,0.0,0.9997298121452332,0.0,0.0,0.000270197255304,0.0,0.9997090697288512,0.0,0.0,0.0002909816685132,0.0,0.999792218208313,0.0,0.0,0.0002078440447803,0.0,0.9997506141662598,0.0,0.0,0.0002494128420948,0.0,0.999792218208313,0.0,0.0,0.0002078440447803,0.0,0.9998129606246948,0.0,0.0,0.0001870596315711,0.0,0.9997714161872864,0.0,0.0,0.0002286284434376,0.0,0.9728556275367736,0.0012262798845767,0.0019329495262354,0.0239852014929056,0.0,0.9761395454406738,0.001122357789427,0.0015796147054061,0.0211585238575935,0.0,0.9917486310005188,0.000270197255304,0.0005196101265028,0.0074616009369492,0.0,0.9751210808753968,0.0008521605632267,0.0013302018633112,0.0226965695619583,0.0,0.9679504632949828,0.0013302018633112,0.0023278533481061,0.028391495347023,0.0,0.9910004138946532,0.0002909816685132,0.0004780413000844,0.0082306237891316,0.0,0.9781764149665833,0.0010807890212163,0.0013925550738349,0.0193502809852361,0.0,0.9773242473602296,0.0011015734635293,0.00114314223174,0.0204310696572065,0.0,0.9924968481063844,0.0001454908342566,0.0003117660526186,0.0070459130220115,0.0,0.9809199571609496,0.0009768670424818,0.0014964770525693,0.0166067387908697,0.0,0.9900234937667848,0.0003949036763515,0.0005611788947135,0.0090204309672117,0.0,0.9790077805519104,0.0006858853157609,0.0011847109999507,0.0191216524690389,0.0,0.9768046140670776,0.0013925550738349,0.0014133395161479,0.0203895010054111,0.0,0.9854925274848938,0.0004780413000844,0.0006235321052372,0.0134059404954314,0.0,0.9791948199272156,0.0010392202530056,0.0013302018633112,0.0184357669204473,0.0,0.9809615015983582,0.0006443165475502,0.0011847109999507,0.0172094870358705,0.0,0.9812940955162048,0.0004988256841897,0.001163926674053,0.0170432105660438,0.0,0.9913744926452636,0.0002909816685132,0.0003741192631423,0.007960426621139,0.0,0.9812524914741516,0.0009145137737505,0.0013094174209982,0.0165236014872789,0.0,0.977677583694458,0.0012678486527875,0.0012054954422637,0.0198491066694259,0.0,0.9900027513504028,0.0004780413000844,0.0007690229685977,0.0087502337992191,0.0,0.9899611473083496,0.0007274541421793,0.0006858853157609,0.0086255278438329,0.0,0.9740610718727112,0.0009976513683795,0.0016003991477191,0.0233408864587545,0.0,0.9851807355880736,0.0009352981578558,0.00114314223174,0.0127408392727375,0.0,0.9766175746917723,0.0011015734635293,0.0015796147054061,0.0207012668251991,0.0,0.9939517974853516,0.0002078440447803,0.0002078440447803,0.0056325737386941,0.0,0.9558539390563964,0.0023278533481061,0.0023902065586298,0.0394280143082141,0.0,0.9774073958396912,0.0007690229685977,0.0012262798845767,0.020597344264388,0.0,0.9763681888580322,0.0007482385262846,0.0014341238420456,0.0214495044201612,0.0,0.9855548739433289,0.0007274541421793401,0.001080789021216333,0.012636917643249035,0.0
58,0.999854564666748,0.0,0.0,0.0001454908342566,0.0,0.9998129606246948,0.0,0.0,0.0001870596315711,0.0,0.9994804263114928,0.0,0.0,0.0005196101265028,0.0,0.9995635747909546,0.0,0.0,0.000436472473666,0.0,0.9997714161872864,0.0,0.0,0.0002286284434376,0.0,0.9995843768119812,0.0,0.0,0.0004156880895607,0.0,0.999667465686798,0.0,0.0,0.0003325504658278,0.0,0.9997714161872864,0.0,0.0,0.0002286284434376,0.0,0.9997714161872864,0.0,0.0,0.0002286284434376,0.0,0.9997506141662598,0.0,0.0,0.0002494128420948,0.0,0.999792218208313,0.0,0.0,0.0002078440447803,0.0,0.9997298121452332,0.0,0.0,0.000270197255304,0.0,0.9997090697288512,0.0,0.0,0.0002909816685132,0.0,0.9998961091041564,0.0,0.0,0.0001039220223901,0.0,0.9997298121452332,0.0,0.0,0.000270197255304,0.0,0.9997298121452332,0.0,0.0,0.000270197255304,0.0,0.9998337626457214,0.0,0.0,0.0001662752329139,0.0,0.999667465686798,0.0,0.0,0.0003325504658278,0.0,0.9999169111251832,0.0,0.0,8.313761645695195e-05,0.0,0.9998129606246948,0.0,0.0,0.0001870596315711,0.0,0.9996259212493896,0.0,0.0,0.0003741192631423,0.0,0.9997714161872864,0.0,0.0,0.0002286284434376,0.0,0.9997506141662598,0.0,0.0,0.0002494128420948,0.0,0.9997298121452332,0.0,0.0,0.000270197255304,0.0,0.9997090697288512,0.0,0.0,0.0002909816685132,0.0,0.999792218208313,0.0,0.0,0.0002078440447803,0.0,0.9997506141662598,0.0,0.0,0.0002494128420948,0.0,0.999792218208313,0.0,0.0,0.0002078440447803,0.0,0.9998129606246948,0.0,0.0,0.0001870596315711,0.0,0.9997714161872864,0.0,0.0,0.0002286284434376,0.0,0.9726061820983888,0.0011847109999507,0.001808243105188,0.0244008898735046,0.0,0.975807011127472,0.0011015734635293,0.0014549082843586,0.021636564284563,0.0,0.9916446805000304,0.0003117660526186,0.0005403945106081,0.0075031700544059,0.0,0.9750795364379884,0.0007274541421793,0.0012054954422637,0.022987550124526,0.0,0.967555582523346,0.0013509863056242,0.002244715578854,0.0288487523794174,0.0,0.990896463394165,0.0003117660526186,0.0004572568868752,0.0083345463499426,0.0,0.9780309200286864,0.0009145137737505,0.0013094174209982,0.0197451841086149,0.0,0.9771372079849244,0.0008521605632267,0.0012470642104744,0.0207636188715696,0.0,0.9924345016479492,0.0001662752329139,0.0002909816685132,0.0071082659997045,0.0,0.9806289672851562,0.0010600045789033,0.0013717706315219,0.0169392898678779,0.0,0.9899819493293762,0.0003533348790369,0.0004780413000844,0.0091867065057158,0.0,0.9787999391555786,0.0007482385262846,0.0010807890212163,0.0193710643798112,0.0,0.9764928817749025,0.001163926674053,0.0014964770525693,0.0208467580378055,0.0,0.9853885769844056,0.000436472473666,0.0006443165475502,0.0135306473821401,0.0,0.9790077805519104,0.0009352981578558,0.0011847109999507,0.0188722386956214,0.0,0.9807329177856444,0.0008105917368084,0.0010600045789033,0.0173965469002723,0.0,0.9809407591819764,0.0008105917368084,0.0009976513683795,0.0172510556876659,0.0,0.991291344165802,0.0003117660526186,0.0003325504658278,0.00806434918195,0.0,0.9809615015983582,0.0009976513683795,0.0013302018633112,0.0167106613516807,0.0,0.9774489402770996,0.0012470642104744,0.0011015734635293,0.0202024411410093,0.0,0.9899819493293762,0.0003325504658278,0.0007274541421793,0.0089580779895186,0.0,0.9896286129951476,0.0009352981578558,0.0005196101265028,0.0089165093377232,0.0,0.9737077355384828,0.0009352981578558,0.0014756927266716,0.0238812807947397,0.0,0.98495215177536,0.0009145137737505,0.0010807890212163,0.013052606023848,0.0,0.9764097332954408,0.0010807890212163,0.0014964770525693,0.0210130326449871,0.0,0.9939101934432985,0.0002078440447803,0.0002078440447803,0.0056741423904895,0.0,0.9553967118263244,0.0023070687893778,0.0023902065586298,0.0399060547351837,0.0,0.9769917130470276,0.0008937293896451,0.0012678486527875,0.0208467580378055,0.0,0.9759732484817504,0.0009352981578558,0.0013094174209982,0.0217820554971694,0.0,0.9854301810264587,0.0007274541421793401,0.0009768670424818993,0.01286554615944624,0.0
59,0.999854564666748,0.0,0.0,0.0001454908342566,0.0,0.9998129606246948,0.0,0.0,0.0001870596315711,0.0,0.9994804263114928,0.0,0.0,0.0005196101265028,0.0,0.9995635747909546,0.0,0.0,0.000436472473666,0.0,0.9997714161872864,0.0,0.0,0.0002286284434376,0.0,0.9995843768119812,0.0,0.0,0.0004156880895607,0.0,0.999667465686798,0.0,0.0,0.0003325504658278,0.0,0.9997714161872864,0.0,0.0,0.0002286284434376,0.0,0.9997714161872864,0.0,0.0,0.0002286284434376,0.0,0.9997506141662598,0.0,0.0,0.0002494128420948,0.0,0.999792218208313,0.0,0.0,0.0002078440447803,0.0,0.9997298121452332,0.0,0.0,0.000270197255304,0.0,0.9997090697288512,0.0,0.0,0.0002909816685132,0.0,0.9998961091041564,0.0,0.0,0.0001039220223901,0.0,0.9997298121452332,0.0,0.0,0.000270197255304,0.0,0.9997298121452332,0.0,0.0,0.000270197255304,0.0,0.9998337626457214,0.0,0.0,0.0001662752329139,0.0,0.999667465686798,0.0,0.0,0.0003325504658278,0.0,0.9999169111251832,0.0,0.0,8.313761645695195e-05,0.0,0.9998129606246948,0.0,0.0,0.0001870596315711,0.0,0.9996259212493896,0.0,0.0,0.0003741192631423,0.0,0.9997714161872864,0.0,0.0,0.0002286284434376,0.0,0.9997506141662598,0.0,0.0,0.0002494128420948,0.0,0.9997298121452332,0.0,0.0,0.000270197255304,0.0,0.9997090697288512,0.0,0.0,0.0002909816685132,0.0,0.999792218208313,0.0,0.0,0.0002078440447803,0.0,0.9997506141662598,0.0,0.0,0.0002494128420948,0.0,0.999792218208313,0.0,0.0,0.0002078440447803,0.0,0.9998129606246948,0.0,0.0,0.0001870596315711,0.0,0.9997714161872864,0.0,0.0,0.0002286284434376,0.0,0.9721904993057252,0.0014341238420456,0.0015796147054061,0.0247957948595285,0.0,0.9755160212516784,0.0012262798845767,0.0013509863056242,0.0219067614525556,0.0,0.991478443145752,0.0003741192631423,0.000436472473666,0.0077110137790441,0.0,0.9749548435211182,0.0007274541421793,0.0009976513683795,0.0233201012015342,0.0,0.9672022461891174,0.0014549082843586,0.0020160872954875,0.029326794669032,0.0,0.990896463394165,0.000270197255304,0.0003949036763515,0.0084384679794311,0.0,0.9779062271118164,0.0008729449473321,0.001163926674053,0.0200569499284029,0.0,0.976908564567566,0.0008521605632267,0.0013094174209982,0.0209298953413963,0.0,0.9923721551895142,0.0001662752329139,0.0003117660526186,0.0071498351171612,0.0,0.9803379774093628,0.0010807890212163,0.0013509863056242,0.0172302704304456,0.0,0.9899611473083496,0.0003117660526186,0.0003741192631423,0.0093529820442199,0.0,0.9786128997802734,0.0007482385262846,0.0009976513683795,0.0196412615478038,0.0,0.976264238357544,0.0010807890212163,0.0015588302630931,0.0210961699485778,0.0,0.9853678345680236,0.0003117660526186,0.0006443165475502,0.013676137663424,0.0,0.9787999391555786,0.0009145137737505,0.0011847109999507,0.0191008672118186,0.0,0.980504274368286,0.0008521605632267,0.0008313761791214,0.0178122334182262,0.0,0.9807952642440796,0.0008313761791214,0.0009976513683795,0.0173757616430521,0.0,0.9912706017494202,0.0002078440447803,0.0004156880895607,0.0081059178337454,0.0,0.9807329177856444,0.0010184358106926,0.0011847109999507,0.0170639958232641,0.0,0.977365791797638,0.0008521605632267,0.0012678486527875,0.0205142069607973,0.0,0.9898364543914796,0.0003533348790369,0.0006027477211318,0.0092074908316135,0.0,0.9895247220993042,0.0008729449473321,0.0005819633370265,0.0090204309672117,0.0,0.9734583497047424,0.0010807890212163,0.0012054954422637,0.0242554005235433,0.0,0.9847027063369752,0.0009560826001688,0.0009352981578558,0.0134059404954314,0.0,0.9761603474617004,0.0010184358106926,0.0015172614948824,0.0213040150701999,0.0,0.99386864900589,0.0001870596315711,0.0002286284434376,0.0057157110422849,0.0,0.9550017714500428,0.0022655001375824,0.0023694219999015,0.0403633117675781,0.0,0.9768670201301576,0.0007482385262846,0.001163926674053,0.021220875903964,0.0,0.975682258605957,0.0010807890212163,0.00114314223174,0.0220938213169574,0.0,0.9852015376091003,0.0007898073527030647,0.0008313761791214347,0.013177311979234219,0.0
60,0.999854564666748,0.0,0.0,0.0001454908342566,0.0,0.9998129606246948,0.0,0.0,0.0001870596315711,0.0,0.9994804263114928,0.0,0.0,0.0005196101265028,0.0,0.9995635747909546,0.0,0.0,0.000436472473666,0.0,0.9997714161872864,0.0,0.0,0.0002286284434376,0.0,0.9995843768119812,0.0,0.0,0.0004156880895607,0.0,0.999667465686798,0.0,0.0,0.0003325504658278,0.0,0.9997714161872864,0.0,0.0,0.0002286284434376,0.0,0.9997714161872864,0.0,0.0,0.0002286284434376,0.0,0.9997506141662598,0.0,0.0,0.0002494128420948,0.0,0.999792218208313,0.0,0.0,0.0002078440447803,0.0,0.9997298121452332,0.0,0.0,0.000270197255304,0.0,0.9997090697288512,0.0,0.0,0.0002909816685132,0.0,0.9998961091041564,0.0,0.0,0.0001039220223901,0.0,0.9997298121452332,0.0,0.0,0.000270197255304,0.0,0.9997298121452332,0.0,0.0,0.000270197255304,0.0,0.9998337626457214,0.0,0.0,0.0001662752329139,0.0,0.999667465686798,0.0,0.0,0.0003325504658278,0.0,0.9999169111251832,0.0,0.0,8.313761645695195e-05,0.0,0.9998129606246948,0.0,0.0,0.0001870596315711,0.0,0.9996259212493896,0.0,0.0,0.0003741192631423,0.0,0.9997714161872864,0.0,0.0,0.0002286284434376,0.0,0.9997506141662598,0.0,0.0,0.0002494128420948,0.0,0.9997298121452332,0.0,0.0,0.000270197255304,0.0,0.9997090697288512,0.0,0.0,0.0002909816685132,0.0,0.999792218208313,0.0,0.0,0.0002078440447803,0.0,0.9997506141662598,0.0,0.0,0.0002494128420948,0.0,0.999792218208313,0.0,0.0,0.0002078440447803,0.0,0.9998129606246948,0.0,0.0,0.0001870596315711,0.0,0.9997714161872864,0.0,0.0,0.0002286284434376,0.0,0.9718995094299316,0.0013094174209982,0.0016419679159298,0.0251491293311119,0.0,0.9753081798553468,0.0009768670424818,0.0013925550738349,0.0223224498331546,0.0,0.9914576411247252,0.0003533348790369,0.0003117660526186,0.0078772893175482,0.0,0.9747262001037598,0.000789807352703,0.0009145137737505,0.0235695149749517,0.0,0.9668904542922974,0.0013925550738349,0.001829027547501,0.0298879723995924,0.0,0.990896463394165,0.0002078440447803,0.0003533348790369,0.0085423905402421,0.0,0.977677583694458,0.0008105917368084,0.0011847109999507,0.0203271470963954,0.0,0.9768046140670776,0.0006858853157609,0.0013094174209982,0.0212000925093889,0.0,0.992185115814209,0.0003533348790369,0.0002909816685132,0.0071706194430589,0.0,0.9801717400550842,0.0009976513683795,0.0013509863056242,0.0174796842038631,0.0,0.9898988008499146,0.0003325504658278,0.0002909816685132,0.0094776879996061,0.0,0.9784881472587584,0.0006235321052372,0.0009976513683795,0.0198906753212213,0.0,0.9760563969612122,0.0010392202530056,0.0014756927266716,0.0214287210255861,0.0,0.9853262305259703,0.000270197255304,0.0004988256841897,0.0139047661796212,0.0,0.9786336421966552,0.0008313761791214,0.0012054954422637,0.0193294957280159,0.0,0.9802964329719543,0.0008521605632267,0.0008521605632267,0.017999293282628,0.0,0.9806497693061828,0.0008313761791214,0.0008729449473321,0.0176459588110446,0.0,0.9912289977073668,0.0001870596315711,0.0003533348790369,0.0082306237891316,0.0,0.9805458188056946,0.0010600045789033,0.0010600045789033,0.0173341929912567,0.0,0.9770540595054626,0.0008521605632267,0.0013509863056242,0.0207428354769945,0.0,0.9897533059120178,0.0003325504658278,0.0006858853157609,0.0092282751575112,0.0,0.9894623160362244,0.0005819633370265,0.0008313761791214,0.0091243535280227,0.0,0.9733128547668456,0.0009145137737505,0.0013925550738349,0.0243801064789295,0.0,0.9844948649406432,0.0009976513683795,0.0009352981578558,0.0135722160339355,0.0,0.975931704044342,0.0010184358106926,0.0013509863056242,0.0216989181935787,0.0,0.9938063025474548,0.0001662752329139,0.0002286284434376,0.005798848811537,0.0,0.9545445442199708,0.0018705963157117,0.0027019726112484,0.0408829227089881,0.0,0.9764512777328492,0.0010392202530056,0.001122357789427,0.0213871523737907,0.0,0.9755783677101136,0.0009145137737505,0.001122357789427,0.0223848037421703,0.0,0.9850144982337952,0.0006858853157609701,0.0009768670424818993,0.013322803191840649,0.0
61,0.999854564666748,0.0,0.0,0.0001454908342566,0.0,0.9998129606246948,0.0,0.0,0.0001870596315711,0.0,0.9994804263114928,0.0,0.0,0.0005196101265028,0.0,0.9995635747909546,0.0,0.0,0.000436472473666,0.0,0.9997714161872864,0.0,0.0,0.0002286284434376,0.0,0.9995843768119812,0.0,0.0,0.0004156880895607,0.0,0.999667465686798,0.0,0.0,0.0003325504658278,0.0,0.9997714161872864,0.0,0.0,0.0002286284434376,0.0,0.9997714161872864,0.0,0.0,0.0002286284434376,0.0,0.9997506141662598,0.0,0.0,0.0002494128420948,0.0,0.999792218208313,0.0,0.0,0.0002078440447803,0.0,0.9997298121452332,0.0,0.0,0.000270197255304,0.0,0.9997090697288512,0.0,0.0,0.0002909816685132,0.0,0.9998961091041564,0.0,0.0,0.0001039220223901,0.0,0.9997298121452332,0.0,0.0,0.000270197255304,0.0,0.9997298121452332,0.0,0.0,0.000270197255304,0.0,0.9998337626457214,0.0,0.0,0.0001662752329139,0.0,0.999667465686798,0.0,0.0,0.0003325504658278,0.0,0.9999169111251832,0.0,0.0,8.313761645695195e-05,0.0,0.9998129606246948,0.0,0.0,0.0001870596315711,0.0,0.9996259212493896,0.0,0.0,0.0003741192631423,0.0,0.9997714161872864,0.0,0.0,0.0002286284434376,0.0,0.9997506141662598,0.0,0.0,0.0002494128420948,0.0,0.9997298121452332,0.0,0.0,0.000270197255304,0.0,0.9997090697288512,0.0,0.0,0.0002909816685132,0.0,0.999792218208313,0.0,0.0,0.0002078440447803,0.0,0.9997506141662598,0.0,0.0,0.0002494128420948,0.0,0.999792218208313,0.0,0.0,0.0002078440447803,0.0,0.9998129606246948,0.0,0.0,0.0001870596315711,0.0,0.9997714161872864,0.0,0.0,0.0002286284434376,0.0,0.9715669751167296,0.0012886330951005,0.0015796147054061,0.0255648177117109,0.0,0.9749340415000916,0.0012054954422637,0.0013509863056242,0.0225095096975564,0.0,0.9913952946662904,0.0003533348790369,0.0002909816685132,0.007960426621139,0.0,0.974518358707428,0.0006027477211318,0.0010807890212163,0.0237981434911489,0.0,0.9664955735206604,0.0014549082843586,0.001849811989814,0.0301997400820255,0.0,0.9908549189567566,0.0001454908342566,0.0003117660526186,0.008687880821526,0.0,0.9774489402770996,0.0007274541421793,0.0013925550738349,0.0204310696572065,0.0,0.9764720797538756,0.0008521605632267,0.0012678486527875,0.0214079357683658,0.0,0.9920811653137208,0.0004156880895607,0.0002909816685132,0.0072121880948543,0.0,0.9799638986587524,0.0009560826001688,0.0013509863056242,0.0177290961146354,0.0,0.9898364543914796,0.0001870596315711,0.0004572568868752,0.0095192566514015,0.0,0.9781764149665833,0.0008313761791214,0.0008729449473321,0.0201193038374185,0.0,0.9758901000022888,0.0009145137737505,0.0016211834736168,0.0215742122381925,0.0,0.9852430820465088,0.0002494128420948,0.0005403945106081,0.0139671191573143,0.0,0.97844660282135,0.0007482385262846,0.0012886330951005,0.0195165555924177,0.0,0.9800885915756226,0.0008729449473321,0.0007482385262846,0.0182902757078409,0.0,0.9804211258888244,0.0008729449473321,0.0008105917368084,0.0178953725844621,0.0,0.9911874532699584,0.0001870596315711,0.0003325504658278,0.0082929776981472,0.0,0.9804419279098512,0.0008105917368084,0.001163926674053,0.0175836067646741,0.0,0.9768462181091307,0.0008313761791214,0.0014549082843586,0.0208675414323806,0.0,0.9895870685577391,0.0004156880895607,0.0006027477211318,0.0093945506960153,0.0,0.9893792271614076,0.0005819633370265,0.0008105917368084,0.0092282751575112,0.0,0.9729179739952089,0.00114314223174,0.0012054954422637,0.0247334409505128,0.0,0.9843701720237732,0.0008105917368084,0.001122357789427,0.0136969219893217,0.0,0.9757446646690368,0.0008729449473321,0.0013302018633112,0.022052252665162,0.0,0.9937855005264282,0.0001662752329139,0.0002286284434376,0.0058196331374347,0.0,0.954087257385254,0.0017666743369773,0.0027019726112484,0.0414441004395484,0.0,0.9763473868370056,0.0010600045789033,0.0009768670424818,0.0216157808899879,0.0,0.9753081798553468,0.0010600045789033,0.0010184358106926,0.0226134322583675,0.0,0.9848273992538452,0.0007274541421793401,0.0009768670424818993,0.013468293473124504,0.0
62,0.999854564666748,0.0,0.0,0.0001454908342566,0.0,0.9998129606246948,0.0,0.0,0.0001870596315711,0.0,0.9994804263114928,0.0,0.0,0.0005196101265028,0.0,0.9995635747909546,0.0,0.0,0.000436472473666,0.0,0.9997714161872864,0.0,0.0,0.0002286284434376,0.0,0.9995843768119812,0.0,0.0,0.0004156880895607,0.0,0.999667465686798,0.0,0.0,0.0003325504658278,0.0,0.9997714161872864,0.0,0.0,0.0002286284434376,0.0,0.9997714161872864,0.0,0.0,0.0002286284434376,0.0,0.9997506141662598,0.0,0.0,0.0002494128420948,0.0,0.999792218208313,0.0,0.0,0.0002078440447803,0.0,0.9997298121452332,0.0,0.0,0.000270197255304,0.0,0.9997090697288512,0.0,0.0,0.0002909816685132,0.0,0.9998961091041564,0.0,0.0,0.0001039220223901,0.0,0.9997298121452332,0.0,0.0,0.000270197255304,0.0,0.9997298121452332,0.0,0.0,0.000270197255304,0.0,0.9998337626457214,0.0,0.0,0.0001662752329139,0.0,0.999667465686798,0.0,0.0,0.0003325504658278,0.0,0.9999169111251832,0.0,0.0,8.313761645695195e-05,0.0,0.9998129606246948,0.0,0.0,0.0001870596315711,0.0,0.9996259212493896,0.0,0.0,0.0003741192631423,0.0,0.9997714161872864,0.0,0.0,0.0002286284434376,0.0,0.9997506141662598,0.0,0.0,0.0002494128420948,0.0,0.9997298121452332,0.0,0.0,0.000270197255304,0.0,0.9997090697288512,0.0,0.0,0.0002909816685132,0.0,0.999792218208313,0.0,0.0,0.0002078440447803,0.0,0.9997506141662598,0.0,0.0,0.0002494128420948,0.0,0.999792218208313,0.0,0.0,0.0002078440447803,0.0,0.9998129606246948,0.0,0.0,0.0001870596315711,0.0,0.9997714161872864,0.0,0.0,0.0002286284434376,0.0,0.9713799357414246,0.0012262798845767,0.0014756927266716,0.0259181521832942,0.0,0.9747470021247864,0.0010600045789033,0.0014549082843586,0.0227381382137537,0.0,0.9913329482078552,0.0003117660526186,0.0003741192631423,0.0079812109470367,0.0,0.974185824394226,0.0008937293896451,0.0008937293896451,0.0240267720073461,0.0,0.9662461876869202,0.0013094174209982,0.0017251055687665,0.0307193491607904,0.0,0.9908549189567566,4.156880822847597e-05,0.0003949036763515,0.0087086651474237,0.0,0.977282702922821,0.0007482385262846,0.0012262798845767,0.0207428354769945,0.0,0.9762434363365172,0.0008937293896451,0.0012886330951005,0.0215742122381925,0.0,0.992060363292694,0.0003741192631423,0.0002078440447803,0.0073576788417994,0.0,0.9796521067619324,0.0009768670424818,0.0012678486527875,0.0181032158434391,0.0,0.9897533059120178,0.0002286284434376,0.000436472473666,0.0095816105604171,0.0,0.9779062271118164,0.0008937293896451,0.0008937293896451,0.0203063637018203,0.0,0.97559916973114,0.0008937293896451,0.0017043211264535,0.0218028407543897,0.0,0.985159993171692,0.0002286284434376,0.0005819633370265,0.0140294730663299,0.0,0.9782387614250184,0.0007690229685977,0.0012262798845767,0.01976596750319,0.0,0.9798599481582642,0.0008729449473321,0.0008729449473321,0.0183941982686519,0.0,0.9802756309509276,0.0006651009316556,0.0008521605632267,0.0182071384042501,0.0,0.9911458492279052,0.0001454908342566,0.0003741192631423,0.0083345463499426,0.0,0.9802340865135192,0.0007274541421793,0.0012054954422637,0.0178330186754465,0.0,0.9765552282333374,0.0008937293896451,0.0014964770525693,0.0210546012967824,0.0,0.9895039200782776,0.0004780413000844,0.0004988256841897,0.0095192566514015,0.0,0.9892960786819458,0.0003325504658278,0.0010600045789033,0.0093114133924245,0.0,0.972647786140442,0.0010600045789033,0.0013509863056242,0.0249412842094898,0.0,0.9840999841690063,0.0008521605632267,0.001163926674053,0.0138839818537235,0.0,0.9756615161895752,0.0007482385262846,0.0013094174209982,0.0222808811813592,0.0,0.9937855005264282,0.0001247064210474,0.0002494128420948,0.0058404174633324,0.0,0.9535676836967468,0.001829027547501,0.0027851101476699,0.0418182201683521,0.0,0.9761603474617004,0.0008313761791214,0.0011847109999507,0.0218236241489648,0.0,0.9750795364379884,0.0008937293896451,0.00114314223174,0.0228836294263601,0.0,0.9847027063369751,0.0007274541421793401,0.0008521605632267892,0.013717706315219402,0.0
63,0.999854564666748,0.0,0.0,0.0001454908342566,0.0,0.9998129606246948,0.0,0.0,0.0001870596315711,0.0,0.9994804263114928,0.0,0.0,0.0005196101265028,0.0,0.9995635747909546,0.0,0.0,0.000436472473666,0.0,0.9997714161872864,0.0,0.0,0.0002286284434376,0.0,0.9995843768119812,0.0,0.0,0.0004156880895607,0.0,0.999667465686798,0.0,0.0,0.0003325504658278,0.0,0.9997714161872864,0.0,0.0,0.0002286284434376,0.0,0.9997714161872864,0.0,0.0,0.0002286284434376,0.0,0.9997506141662598,0.0,0.0,0.0002494128420948,0.0,0.999792218208313,0.0,0.0,0.0002078440447803,0.0,0.9997298121452332,0.0,0.0,0.000270197255304,0.0,0.9997090697288512,0.0,0.0,0.0002909816685132,0.0,0.9998961091041564,0.0,0.0,0.0001039220223901,0.0,0.9997298121452332,0.0,0.0,0.000270197255304,0.0,0.9997298121452332,0.0,0.0,0.000270197255304,0.0,0.9998337626457214,0.0,0.0,0.0001662752329139,0.0,0.999667465686798,0.0,0.0,0.0003325504658278,0.0,0.9999169111251832,0.0,0.0,8.313761645695195e-05,0.0,0.9998129606246948,0.0,0.0,0.0001870596315711,0.0,0.9996259212493896,0.0,0.0,0.0003741192631423,0.0,0.9997714161872864,0.0,0.0,0.0002286284434376,0.0,0.9997506141662598,0.0,0.0,0.0002494128420948,0.0,0.9997298121452332,0.0,0.0,0.000270197255304,0.0,0.9997090697288512,0.0,0.0,0.0002909816685132,0.0,0.999792218208313,0.0,0.0,0.0002078440447803,0.0,0.9997506141662598,0.0,0.0,0.0002494128420948,0.0,0.999792218208313,0.0,0.0,0.0002078440447803,0.0,0.9998129606246948,0.0,0.0,0.0001870596315711,0.0,0.9997714161872864,0.0,0.0,0.0002286284434376,0.0,0.9711720943450928,0.0010184358106926,0.0016003991477191,0.026209132745862,0.0,0.9746222496032716,0.0008937293896451,0.0013925550738349,0.023091472685337,0.0,0.9912706017494202,0.0002078440447803,0.0004780413000844,0.0080435648560523,0.0,0.9739571809768676,0.0009976513683795,0.0008521605632267,0.0241930466145277,0.0,0.9657680988311768,0.0014341238420456,0.0017043211264535,0.031093468889594,0.0,0.9907925724983216,0.0001039220223901,0.0003117660526186,0.008791803382337,0.0,0.9771579504013062,0.0007482385262846,0.0010392202530056,0.0210546012967824,0.0,0.9761395454406738,0.0007690229685977,0.0010807890212163,0.0220106840133667,0.0,0.9920188188552856,0.0003533348790369,0.0002286284434376,0.0073992479592561,0.0,0.9795689582824708,0.0007690229685977,0.0013509863056242,0.018311059102416,0.0,0.9896286129951476,0.0003325504658278,0.0003741192631423,0.0096647478640079,0.0,0.977802276611328,0.0008105917368084,0.0009352981578558,0.0204518530517816,0.0,0.9753913283348083,0.0008729449473321,0.0013925550738349,0.0223432350903749,0.0,0.9850976467132568,0.000270197255304,0.0004572568868752,0.0141749633476138,0.0,0.9780932664871216,0.0007066697580739,0.00114314223174,0.0200569499284029,0.0,0.9796936511993408,0.0008105917368084,0.0010392202530056,0.0184565503150224,0.0,0.9800469875335692,0.0007482385262846,0.0009560826001688,0.0182487070560455,0.0,0.9911043047904968,0.0001662752329139,0.0003325504658278,0.0083968993276357,0.0,0.980067789554596,0.0006651009316556,0.0012262798845767,0.0180408619344234,0.0,0.9764305353164672,0.0009352981578558,0.0013302018633112,0.0213040150701999,0.0,0.9893792271614076,0.0004572568868752,0.0004780413000844,0.0096855321899056,0.0,0.989088237285614,0.000436472473666,0.0010392202530056,0.0094361193478107,0.0,0.972523033618927,0.0009352981578558,0.0011847109999507,0.0253569725900888,0.0,0.9839752316474916,0.0007274541421793,0.001163926674053,0.0141333946958184,0.0,0.9754328727722168,0.0007274541421793,0.0013302018633112,0.0225095096975564,0.0,0.9937855005264282,8.313761645695195e-05,0.0002494128420948,0.005881986580789,0.0,0.9531520009040833,0.001849811989814,0.0027019726112484,0.0422962605953216,0.0,0.9761187434196472,0.0007482385262846,0.0010184358106926,0.0221146065741777,0.0,0.9749548435211182,0.0007274541421793,0.0012262798845767,0.023091472685337,0.0,0.984578013420105,0.0006235321052372456,0.0009560826001688838,0.013842413201928139,0.0
64,0.999854564666748,0.0,0.0,0.0001454908342566,0.0,0.9998129606246948,0.0,0.0,0.0001870596315711,0.0,0.9994804263114928,0.0,0.0,0.0005196101265028,0.0,0.9995635747909546,0.0,0.0,0.000436472473666,0.0,0.9997714161872864,0.0,0.0,0.0002286284434376,0.0,0.9995843768119812,0.0,0.0,0.0004156880895607,0.0,0.999667465686798,0.0,0.0,0.0003325504658278,0.0,0.9997714161872864,0.0,0.0,0.0002286284434376,0.0,0.9997714161872864,0.0,0.0,0.0002286284434376,0.0,0.9997506141662598,0.0,0.0,0.0002494128420948,0.0,0.999792218208313,0.0,0.0,0.0002078440447803,0.0,0.9997298121452332,0.0,0.0,0.000270197255304,0.0,0.9997090697288512,0.0,0.0,0.0002909816685132,0.0,0.9998961091041564,0.0,0.0,0.0001039220223901,0.0,0.9997298121452332,0.0,0.0,0.000270197255304,0.0,0.9997298121452332,0.0,0.0,0.000270197255304,0.0,0.9998337626457214,0.0,0.0,0.0001662752329139,0.0,0.999667465686798,0.0,0.0,0.0003325504658278,0.0,0.9999169111251832,0.0,0.0,8.313761645695195e-05,0.0,0.9998129606246948,0.0,0.0,0.0001870596315711,0.0,0.9996259212493896,0.0,0.0,0.0003741192631423,0.0,0.9997714161872864,0.0,0.0,0.0002286284434376,0.0,0.9997506141662598,0.0,0.0,0.0002494128420948,0.0,0.9997298121452332,0.0,0.0,0.000270197255304,0.0,0.9997090697288512,0.0,0.0,0.0002909816685132,0.0,0.999792218208313,0.0,0.0,0.0002078440447803,0.0,0.9997506141662598,0.0,0.0,0.0002494128420948,0.0,0.999792218208313,0.0,0.0,0.0002078440447803,0.0,0.9998129606246948,0.0,0.0,0.0001870596315711,0.0,0.9997714161872864,0.0,0.0,0.0002286284434376,0.0,0.9710889458656312,0.0008105917368084,0.0017251055687665,0.0263754092156887,0.0,0.9744144082069396,0.0008937293896451,0.0014341238420456,0.0232577472925186,0.0,0.9912082552909852,0.0002494128420948,0.0003949036763515,0.0081474864855408,0.0,0.9738324880599976,0.0008937293896451,0.0009560826001688,0.0243177525699138,0.0,0.9654563665390016,0.0014341238420456,0.0017666743369773,0.0313428826630115,0.0,0.9907925724983216,0.0001039220223901,0.000270197255304,0.0088333720341324,0.0,0.976908564567566,0.0007690229685977,0.0011015734635293,0.021220875903964,0.0,0.9759109020233154,0.0008937293896451,0.0009560826001688,0.0222393125295639,0.0,0.9919772744178772,0.0002078440447803,0.0003533348790369,0.0074616009369492,0.0,0.9793611168861388,0.0008105917368084,0.0012470642104744,0.0185812581330537,0.0,0.989545464515686,0.0003533348790369,0.0003741192631423,0.009727100841701,0.0,0.9776567816734314,0.0008313761791214,0.0008729449473321,0.0206389129161834,0.0,0.9749963879585266,0.0010600045789033,0.0012886330951005,0.0226550009101629,0.0,0.98495215177536,0.0003741192631423,0.0003533348790369,0.0143204545602202,0.0,0.97801011800766,0.0006235321052372,0.0010807890212163,0.0202855784446001,0.0,0.9794650673866272,0.0008313761791214,0.0010600045789033,0.0186436101794242,0.0,0.9799430966377258,0.0007066697580739,0.0009768670424818,0.0183734130114316,0.0,0.9910419583320618,0.0001870596315711,0.0002494128420948,0.0085216052830219,0.0,0.9799430966377258,0.0006027477211318,0.0012054954422637,0.0182487070560455,0.0,0.9760771989822388,0.0009768670424818,0.001163926674053,0.0217820554971694,0.0,0.9893584251403807,0.0003949036763515,0.000436472473666,0.0098102390766143,0.0,0.9888595938682556,0.0006027477211318,0.0009352981578558,0.0096023948863148,0.0,0.9723775386810304,0.0009352981578558,0.0012262798845767,0.0254608951508998,0.0,0.9838505387306212,0.0006443165475502,0.001163926674053,0.0143412388861179,0.0,0.9751418828964232,0.000789807352703,0.0012470642104744,0.0228212755173444,0.0,0.9937439560890198,6.235321052372456e-05,0.0002494128420948,0.0059443395584821,0.0,0.9528194665908812,0.0017251055687665,0.0027227569371461,0.0427327342331409,0.0,0.9759109020233154,0.0005403945106081,0.001163926674053,0.0223848037421703,0.0,0.9748716950416564,0.0007066697580739,0.0011847109999507,0.0232369638979434,0.0,0.9844117164611816,0.000602747721131891,0.0009768670424818993,0.014008688740432262,0.0
65,0.999854564666748,0.0,0.0,0.0001454908342566,0.0,0.9998129606246948,0.0,0.0,0.0001870596315711,0.0,0.9994804263114928,0.0,0.0,0.0005196101265028,0.0,0.9995635747909546,0.0,0.0,0.000436472473666,0.0,0.9997714161872864,0.0,0.0,0.0002286284434376,0.0,0.9995843768119812,0.0,0.0,0.0004156880895607,0.0,0.999667465686798,0.0,0.0,0.0003325504658278,0.0,0.9997714161872864,0.0,0.0,0.0002286284434376,0.0,0.9997714161872864,0.0,0.0,0.0002286284434376,0.0,0.9997506141662598,0.0,0.0,0.0002494128420948,0.0,0.999792218208313,0.0,0.0,0.0002078440447803,0.0,0.9997298121452332,0.0,0.0,0.000270197255304,0.0,0.9997090697288512,0.0,0.0,0.0002909816685132,0.0,0.9998961091041564,0.0,0.0,0.0001039220223901,0.0,0.9997298121452332,0.0,0.0,0.000270197255304,0.0,0.9997298121452332,0.0,0.0,0.000270197255304,0.0,0.9998337626457214,0.0,0.0,0.0001662752329139,0.0,0.999667465686798,0.0,0.0,0.0003325504658278,0.0,0.9999169111251832,0.0,0.0,8.313761645695195e-05,0.0,0.9998129606246948,0.0,0.0,0.0001870596315711,0.0,0.9996259212493896,0.0,0.0,0.0003741192631423,0.0,0.9997714161872864,0.0,0.0,0.0002286284434376,0.0,0.9997506141662598,0.0,0.0,0.0002494128420948,0.0,0.9997298121452332,0.0,0.0,0.000270197255304,0.0,0.9997090697288512,0.0,0.0,0.0002909816685132,0.0,0.999792218208313,0.0,0.0,0.0002078440447803,0.0,0.9997506141662598,0.0,0.0,0.0002494128420948,0.0,0.999792218208313,0.0,0.0,0.0002078440447803,0.0,0.9998129606246948,0.0,0.0,0.0001870596315711,0.0,0.9997714161872864,0.0,0.0,0.0002286284434376,0.0,0.9708603024482728,0.0007066697580739,0.0016419679159298,0.0267910975962877,0.0,0.9741442203521729,0.000789807352703,0.0013509863056242,0.023715004324913,0.0,0.9911874532699584,0.0002078440447803,0.0004156880895607,0.0081890551373362,0.0,0.9737701416015624,0.0007482385262846,0.0009976513683795,0.0244840271770954,0.0,0.9652277231216432,0.0012678486527875,0.0017874587792903,0.0317170023918151,0.0,0.9907509684562684,0.0001039220223901,0.0002494128420948,0.0088957250118255,0.0,0.9766799211502076,0.0007690229685977,0.0010392202530056,0.0215118583291769,0.0,0.9757862091064452,0.0006858853157609,0.0010184358106926,0.0225095096975564,0.0,0.991914927959442,0.0001662752329139,0.0004572568868752,0.0074616009369492,0.0,0.9791532754898072,0.0008105917368084,0.0012054954422637,0.0188306700438261,0.0,0.9894623160362244,0.0003741192631423,0.0003949036763515,0.0097686694934964,0.0,0.9775112867355348,0.0006651009316556,0.0009352981578558,0.0208883266896009,0.0,0.9747470021247864,0.00114314223174,0.0012054954422637,0.0229044128209352,0.0,0.9849313497543336,0.0003117660526186,0.0003533348790369,0.014403591863811,0.0,0.9779477715492249,0.0004988256841897,0.0010184358106926,0.0205349903553724,0.0,0.9792779684066772,0.0008105917368084,0.0010600045789033,0.0188514553010463,0.0,0.9797767996788024,0.0006443165475502,0.0010600045789033,0.0185189042240381,0.0,0.9910211563110352,0.0001662752329139,0.0002286284434376,0.0085839591920375,0.0,0.9797144532203674,0.0007274541421793,0.001163926674053,0.0183941982686519,0.0,0.975931704044342,0.0009145137737505,0.0010600045789033,0.0220938213169574,0.0,0.9892544746398926,0.0003325504658278,0.0004988256841897,0.0099141607061028,0.0,0.9886725544929504,0.0007066697580739,0.0006651009316556,0.0099557293578982,0.0,0.9722528457641602,0.0006651009316556,0.0013094174209982,0.0257726609706878,0.0,0.9837258458137512,0.0006443165475502,0.001122357789427,0.014507514424622,0.0,0.9748924970626832,0.0008521605632267,0.0012054954422637,0.0230499040335416,0.0,0.99368155002594,0.0001039220223901,0.0001870596315711,0.0060274773277342,0.0,0.9524868726730348,0.0016003991477191,0.0023278533481061,0.0435848943889141,0.0,0.9755367636680604,0.0008105917368084,0.00114314223174,0.0225095096975564,0.0,0.9747677445411682,0.0005403945106081,0.0011847109999507,0.023507161065936,0.0,0.9842038750648499,0.0006235321052372456,0.0008729449473321438,0.014299670234322548,0.0
66,0.999854564666748,0.0,0.0,0.0001454908342566,0.0,0.9998129606246948,0.0,0.0,0.0001870596315711,0.0,0.9994804263114928,0.0,0.0,0.0005196101265028,0.0,0.9995635747909546,0.0,0.0,0.000436472473666,0.0,0.9997714161872864,0.0,0.0,0.0002286284434376,0.0,0.9995843768119812,0.0,0.0,0.0004156880895607,0.0,0.999667465686798,0.0,0.0,0.0003325504658278,0.0,0.9997714161872864,0.0,0.0,0.0002286284434376,0.0,0.9997714161872864,0.0,0.0,0.0002286284434376,0.0,0.9997506141662598,0.0,0.0,0.0002494128420948,0.0,0.999792218208313,0.0,0.0,0.0002078440447803,0.0,0.9997298121452332,0.0,0.0,0.000270197255304,0.0,0.9997090697288512,0.0,0.0,0.0002909816685132,0.0,0.9998961091041564,0.0,0.0,0.0001039220223901,0.0,0.9997298121452332,0.0,0.0,0.000270197255304,0.0,0.9997298121452332,0.0,0.0,0.000270197255304,0.0,0.9998337626457214,0.0,0.0,0.0001662752329139,0.0,0.999667465686798,0.0,0.0,0.0003325504658278,0.0,0.9999169111251832,0.0,0.0,8.313761645695195e-05,0.0,0.9998129606246948,0.0,0.0,0.0001870596315711,0.0,0.9996259212493896,0.0,0.0,0.0003741192631423,0.0,0.9997714161872864,0.0,0.0,0.0002286284434376,0.0,0.9997506141662598,0.0,0.0,0.0002494128420948,0.0,0.9997298121452332,0.0,0.0,0.000270197255304,0.0,0.9997090697288512,0.0,0.0,0.0002909816685132,0.0,0.999792218208313,0.0,0.0,0.0002078440447803,0.0,0.9997506141662598,0.0,0.0,0.0002494128420948,0.0,0.999792218208313,0.0,0.0,0.0002078440447803,0.0,0.9998129606246948,0.0,0.0,0.0001870596315711,0.0,0.9997714161872864,0.0,0.0,0.0002286284434376,0.0,0.970403015613556,0.0009768670424818,0.0014756927266716,0.027144432067871,0.0,0.9739363789558412,0.0008105917368084,0.0013925550738349,0.0238604955375194,0.0,0.9911874532699584,0.0001454908342566,0.0004156880895607,0.0082514081150293,0.0,0.9736869931221008,0.0004988256841897,0.0009352981578558,0.0248789321631193,0.0,0.9648743867874146,0.0013717706315219,0.0017043211264535,0.0320495516061782,0.0,0.9906886219978333,0.0001662752329139,0.0001454908342566,0.008999646641314,0.0,0.976513683795929,0.0007690229685977,0.0008937293896451,0.0218236241489648,0.0,0.9756615161895752,0.0005819633370265,0.0010807890212163,0.022675784304738,0.0,0.9918525218963624,0.0002078440447803,0.000436472473666,0.0075031700544059,0.0,0.978966236114502,0.0006858853157609,0.0012678486527875,0.0190800838172435,0.0,0.9894415736198424,0.0003117660526186,0.000270197255304,0.0099765136837959,0.0,0.9773242473602296,0.0005819633370265,0.0011015734635293,0.0209922473877668,0.0,0.9745599031448364,0.0010392202530056,0.0012054954422637,0.0231953952461481,0.0,0.9848482012748718,0.0003117660526186,0.0003325504658278,0.014507514424622,0.0,0.9777607321739196,0.0004780413000844,0.0009560826001688,0.0208051893860101,0.0,0.9790701270103456,0.000789807352703,0.0011015734635293,0.019038513302803,0.0,0.9796521067619324,0.0006235321052372,0.0010184358106926,0.0187059640884399,0.0,0.9910211563110352,0.0001247064210474,0.0002286284434376,0.0086255278438329,0.0,0.9793819189071656,0.0008521605632267,0.0010184358106926,0.0187475327402353,0.0,0.975807011127472,0.0007482385262846,0.001122357789427,0.0223224498331546,0.0,0.9891921281814576,0.0003117660526186,0.0004988256841897,0.0099972980096936,0.0,0.9885062575340272,0.000789807352703,0.0006651009316556,0.0100388675928115,0.0,0.9720450043678284,0.0006027477211318,0.0014133395161479,0.0259389355778694,0.0,0.9835803508758544,0.0005196101265028,0.0010807890212163,0.01481928024441,0.0,0.9747053980827332,0.0009560826001688,0.0009560826001688,0.0233824551105499,0.0,0.9936192035675048,0.0001662752329139,0.0001662752329139,0.0060482616536319,0.0,0.9522790312767028,0.0012886330951005,0.0022862844634801,0.0441460758447647,0.0,0.9751834273338318,0.0009768670424818,0.0012470642104744,0.0225926470011472,0.0,0.974643051624298,0.000436472473666,0.0012886330951005,0.0236318670213222,0.0,0.9840999841690063,0.000602747721131891,0.0008521605632267892,0.014445160515606403,0.0
67,0.999854564666748,0.0,0.0,0.0001454908342566,0.0,0.9998129606246948,0.0,0.0,0.0001870596315711,0.0,0.9994804263114928,0.0,0.0,0.0005196101265028,0.0,0.9995635747909546,0.0,0.0,0.000436472473666,0.0,0.9997714161872864,0.0,0.0,0.0002286284434376,0.0,0.9995843768119812,0.0,0.0,0.0004156880895607,0.0,0.999667465686798,0.0,0.0,0.0003325504658278,0.0,0.9997714161872864,0.0,0.0,0.0002286284434376,0.0,0.9997714161872864,0.0,0.0,0.0002286284434376,0.0,0.9997506141662598,0.0,0.0,0.0002494128420948,0.0,0.999792218208313,0.0,0.0,0.0002078440447803,0.0,0.9997298121452332,0.0,0.0,0.000270197255304,0.0,0.9997090697288512,0.0,0.0,0.0002909816685132,0.0,0.9998961091041564,0.0,0.0,0.0001039220223901,0.0,0.9997298121452332,0.0,0.0,0.000270197255304,0.0,0.9997298121452332,0.0,0.0,0.000270197255304,0.0,0.9998337626457214,0.0,0.0,0.0001662752329139,0.0,0.999667465686798,0.0,0.0,0.0003325504658278,0.0,0.9999169111251832,0.0,0.0,8.313761645695195e-05,0.0,0.9998129606246948,0.0,0.0,0.0001870596315711,0.0,0.9996259212493896,0.0,0.0,0.0003741192631423,0.0,0.9997714161872864,0.0,0.0,0.0002286284434376,0.0,0.9997506141662598,0.0,0.0,0.0002494128420948,0.0,0.9997298121452332,0.0,0.0,0.000270197255304,0.0,0.9997090697288512,0.0,0.0,0.0002909816685132,0.0,0.999792218208313,0.0,0.0,0.0002078440447803,0.0,0.9997506141662598,0.0,0.0,0.0002494128420948,0.0,0.999792218208313,0.0,0.0,0.0002078440447803,0.0,0.9998129606246948,0.0,0.0,0.0001870596315711,0.0,0.9997714161872864,0.0,0.0,0.0002286284434376,0.0,0.9702367782592772,0.0009352981578558,0.0014341238420456,0.0273938439786434,0.0,0.9737077355384828,0.0009145137737505,0.0011847109999507,0.0241930466145277,0.0,0.9911458492279052,0.0001247064210474,0.0003741192631423,0.0083553306758403,0.0,0.9735830426216124,0.0003741192631423,0.001122357789427,0.0249205008149147,0.0,0.9647080898284912,0.0010600045789033,0.0017874587792903,0.032444454729557,0.0,0.9906886219978333,0.0001039220223901,0.0001039220223901,0.009103569202125,0.0,0.9763058423995972,0.0008521605632267,0.0008729449473321,0.0219691153615713,0.0,0.9753289222717284,0.0008105917368084,0.0009976513683795,0.0228628441691398,0.0,0.9918317794799804,0.0001870596315711,0.0004156880895607,0.007565523032099,0.0,0.9788207411766052,0.0007482385262846,0.0010600045789033,0.0193710643798112,0.0,0.989420771598816,0.0002078440447803,0.0003533348790369,0.0100180823355913,0.0,0.9771372079849244,0.0006651009316556,0.0009976513683795,0.0212000925093889,0.0,0.9744352102279664,0.0009560826001688,0.0011015734635293,0.023507161065936,0.0,0.9847858548164368,0.0003117660526186,0.0002909816685132,0.0146114360541105,0.0,0.9775736927986144,0.0005196101265028,0.0009145137737505,0.0209922473877668,0.0,0.9789246320724488,0.0007690229685977,0.0010392202530056,0.0192671418190002,0.0,0.9794442653656006,0.0006027477211318,0.0008937293896451,0.0190592985600233,0.0,0.9909796118736268,0.0001247064210474,0.0001870596315711,0.0087086651474237,0.0,0.9792779684066772,0.000789807352703,0.0008937293896451,0.019038513302803,0.0,0.9756407141685486,0.000789807352703,0.0010184358106926,0.0225510783493518,0.0,0.989088237285614,0.0002909816685132,0.0006027477211318,0.0100180823355913,0.0,0.9883607625961304,0.0007274541421793,0.0005403945106081,0.0103714177384972,0.0,0.9717332720756532,0.000789807352703,0.0011847109999507,0.0262922719120979,0.0,0.9833933115005492,0.0005819633370265,0.0009768670424818,0.0150479087606072,0.0,0.9744768142700196,0.0009560826001688,0.0009768670424818,0.0235902983695268,0.0,0.9936192035675048,0.0001662752329139,0.0001247064210474,0.0060898303054273,0.0,0.951946496963501,0.0012054954422637,0.002244715578854,0.0446033328771591,0.0,0.9748716950416564,0.0012470642104744,0.0008729449473321,0.0230083353817462,0.0,0.9744560122489928,0.0004988256841897,0.0010184358106926,0.0240267720073461,0.0,0.9839544892311096,0.0006235321052372456,0.0008521605632267892,0.01456986740231514,0.0
68,0.999854564666748,0.0,0.0,0.0001454908342566,0.0,0.9998129606246948,0.0,0.0,0.0001870596315711,0.0,0.9994804263114928,0.0,0.0,0.0005196101265028,0.0,0.9995635747909546,0.0,0.0,0.000436472473666,0.0,0.9997714161872864,0.0,0.0,0.0002286284434376,0.0,0.9995843768119812,0.0,0.0,0.0004156880895607,0.0,0.999667465686798,0.0,0.0,0.0003325504658278,0.0,0.9997714161872864,0.0,0.0,0.0002286284434376,0.0,0.9997714161872864,0.0,0.0,0.0002286284434376,0.0,0.9997506141662598,0.0,0.0,0.0002494128420948,0.0,0.999792218208313,0.0,0.0,0.0002078440447803,0.0,0.9997298121452332,0.0,0.0,0.000270197255304,0.0,0.9997090697288512,0.0,0.0,0.0002909816685132,0.0,0.9998961091041564,0.0,0.0,0.0001039220223901,0.0,0.9997298121452332,0.0,0.0,0.000270197255304,0.0,0.9997298121452332,0.0,0.0,0.000270197255304,0.0,0.9998337626457214,0.0,0.0,0.0001662752329139,0.0,0.999667465686798,0.0,0.0,0.0003325504658278,0.0,0.9999169111251832,0.0,0.0,8.313761645695195e-05,0.0,0.9998129606246948,0.0,0.0,0.0001870596315711,0.0,0.9996259212493896,0.0,0.0,0.0003741192631423,0.0,0.9997714161872864,0.0,0.0,0.0002286284434376,0.0,0.9997506141662598,0.0,0.0,0.0002494128420948,0.0,0.9997298121452332,0.0,0.0,0.000270197255304,0.0,0.9997090697288512,0.0,0.0,0.0002909816685132,0.0,0.999792218208313,0.0,0.0,0.0002078440447803,0.0,0.9997506141662598,0.0,0.0,0.0002494128420948,0.0,0.999792218208313,0.0,0.0,0.0002078440447803,0.0,0.9998129606246948,0.0,0.0,0.0001870596315711,0.0,0.9997714161872864,0.0,0.0,0.0002286284434376,0.0,0.9700496792793274,0.0010392202530056,0.0011015734635293,0.0278095323592424,0.0,0.9734998941421508,0.0009145137737505,0.0011015734635293,0.0244840271770954,0.0,0.9910211563110352,0.0001870596315711,0.000270197255304,0.0085216052830219,0.0,0.9733752012252808,0.0004572568868752,0.001122357789427,0.0250452067703008,0.0,0.9643132090568542,0.00114314223174,0.0017458898946642,0.0327977910637855,0.0,0.9906886219978333,0.0001039220223901,0.0001039220223901,0.009103569202125,0.0,0.9762226939201356,0.0006858853157609,0.0009976513683795,0.0220938213169574,0.0,0.9750379920005798,0.0008729449473321,0.0009976513683795,0.023091472685337,0.0,0.9917694330215454,0.0002078440447803,0.0003949036763515,0.0076278764754533,0.0,0.9786128997802734,0.0007482385262846,0.0009768670424818,0.0196620468050241,0.0,0.9893376231193542,0.0002078440447803,0.0004156880895607,0.0100388675928115,0.0,0.9769293665885924,0.0007274541421793,0.0009560826001688,0.0213871523737907,0.0,0.9741650223731996,0.0008313761791214,0.0012678486527875,0.0237357895821332,0.0,0.9846819043159484,0.000270197255304,0.0004156880895607,0.0146322203800082,0.0,0.9774281978607178,0.0005819633370265,0.000789807352703,0.0212000925093889,0.0,0.9787999391555786,0.0006651009316556,0.0010392202530056,0.0194957703351974,0.0,0.9792572259902954,0.0006858853157609,0.0008521605632267,0.0192047897726297,0.0,0.9909796118736268,6.235321052372456e-05,0.0002286284434376,0.0087294494733214,0.0,0.979090929031372,0.0008521605632267,0.000789807352703,0.0192671418190002,0.0,0.9755575656890868,0.0005196101265028,0.0012886330951005,0.0226342156529426,0.0,0.9889842867851256,0.0003741192631423,0.0004780413000844,0.0101635735481977,0.0,0.9883399605751038,0.0005196101265028,0.0006651009316556,0.0104753393679857,0.0,0.9715254306793212,0.0008521605632267,0.0010807890212163,0.0265416838228702,0.0,0.9832478165626526,0.0006027477211318,0.0008521605632267,0.0152973216027021,0.0,0.9743520617485046,0.000789807352703,0.0010184358106926,0.0238397121429443,0.0,0.993598461151123,0.0001454908342566,0.0001247064210474,0.0061313994228839,0.0,0.9515100121498108,0.0013094174209982,0.0021823623683303,0.0449982360005378,0.0,0.9746638536453248,0.0012470642104744,0.0009560826001688,0.0231330413371324,0.0,0.9743728637695312,0.0004988256841897,0.0008105917368084,0.0243177525699138,0.0,0.9838297963142395,0.0005819633370265365,0.0007898073527030647,0.014798495918512344,0.0
69,0.999854564666748,0.0,0.0,0.0001454908342566,0.0,0.9998129606246948,0.0,0.0,0.0001870596315711,0.0,0.9994804263114928,0.0,0.0,0.0005196101265028,0.0,0.9995635747909546,0.0,0.0,0.000436472473666,0.0,0.9997714161872864,0.0,0.0,0.0002286284434376,0.0,0.9995843768119812,0.0,0.0,0.0004156880895607,0.0,0.999667465686798,0.0,0.0,0.0003325504658278,0.0,0.9997714161872864,0.0,0.0,0.0002286284434376,0.0,0.9997714161872864,0.0,0.0,0.0002286284434376,0.0,0.9997506141662598,0.0,0.0,0.0002494128420948,0.0,0.999792218208313,0.0,0.0,0.0002078440447803,0.0,0.9997298121452332,0.0,0.0,0.000270197255304,0.0,0.9997090697288512,0.0,0.0,0.0002909816685132,0.0,0.9998961091041564,0.0,0.0,0.0001039220223901,0.0,0.9997298121452332,0.0,0.0,0.000270197255304,0.0,0.9997298121452332,0.0,0.0,0.000270197255304,0.0,0.9998337626457214,0.0,0.0,0.0001662752329139,0.0,0.999667465686798,0.0,0.0,0.0003325504658278,0.0,0.9999169111251832,0.0,0.0,8.313761645695195e-05,0.0,0.9998129606246948,0.0,0.0,0.0001870596315711,0.0,0.9996259212493896,0.0,0.0,0.0003741192631423,0.0,0.9997714161872864,0.0,0.0,0.0002286284434376,0.0,0.9997506141662598,0.0,0.0,0.0002494128420948,0.0,0.9997298121452332,0.0,0.0,0.000270197255304,0.0,0.9997090697288512,0.0,0.0,0.0002909816685132,0.0,0.999792218208313,0.0,0.0,0.0002078440447803,0.0,0.9997506141662598,0.0,0.0,0.0002494128420948,0.0,0.999792218208313,0.0,0.0,0.0002078440447803,0.0,0.9998129606246948,0.0,0.0,0.0001870596315711,0.0,0.9997714161872864,0.0,0.0,0.0002286284434376,0.0,0.9698002934455872,0.0010600045789033,0.0010392202530056,0.0281005147844553,0.0,0.9733544588088988,0.000789807352703,0.001163926674053,0.0246918722987175,0.0,0.9909588098526,0.0002286284434376,0.000270197255304,0.0085423905402421,0.0,0.9731465578079224,0.0006235321052372,0.0009560826001688,0.025273835286498,0.0,0.9641053676605223,0.001122357789427,0.0016627523582428,0.0331095568835735,0.0,0.9906262755393982,0.0001247064210474,0.0001454908342566,0.009103569202125,0.0,0.9760148525238036,0.0006651009316556,0.0009976513683795,0.0223224498331546,0.0,0.9749132394790648,0.0008729449473321,0.0010184358106926,0.0231953952461481,0.0,0.9916862845420836,0.0002286284434376,0.000270197255304,0.0078149363398551,0.0,0.978384256362915,0.0007690229685977,0.0010184358106926,0.0198283214122056,0.0,0.989212930202484,0.0002494128420948,0.000436472473666,0.0101012205705046,0.0,0.9767630696296692,0.0007482385262846,0.0009768670424818,0.0215118583291769,0.0,0.9739779829978944,0.0007690229685977,0.0013094174209982,0.0239436328411102,0.0,0.9845364093780518,0.0003949036763515,0.0003949036763515,0.0146737890318036,0.0,0.9772619009017944,0.0006858853157609,0.0006858853157609,0.0213663671165704,0.0,0.978654444217682,0.0006235321052372,0.0010184358106926,0.0197036154568195,0.0,0.9791117310523988,0.0006651009316556,0.0008729449473321,0.0193502809852361,0.0,0.9909796118736268,4.156880822847597e-05,0.0002078440447803,0.0087710181251168,0.0,0.9787999391555786,0.0009145137737505,0.0008313761791214,0.019454201683402,0.0,0.9754536747932434,0.0004780413000844,0.001122357789427,0.0229459814727306,0.0,0.988901138305664,0.0003533348790369,0.0004988256841897,0.0102467108517885,0.0,0.9881529211997986,0.0005196101265028,0.000789807352703,0.0105376932770013,0.0,0.971421480178833,0.0008313761791214,0.0010600045789033,0.0266871750354766,0.0,0.9831646680831908,0.0005611788947135,0.0007690229685977,0.0155051657930016,0.0,0.974206566810608,0.0006858853157609,0.0010392202530056,0.0240683406591415,0.0,0.9935776591300964,0.0001039220223901,0.0001247064210474,0.006193752400577,0.0,0.9511151313781738,0.0013717706315219,0.0020576559472829,0.0454554930329322,0.0,0.9745599031448364,0.0009768670424818,0.0009145137737505,0.0235487297177314,0.0,0.9742273688316344,0.0005403945106081,0.0008105917368084,0.0244216751307249,0.0,0.9837673902511597,0.0004364724736660719,0.0008105917368084192,0.014985555782914162,0.0
70,0.999854564666748,0.0,0.0,0.0001454908342566,0.0,0.9998129606246948,0.0,0.0,0.0001870596315711,0.0,0.9994804263114928,0.0,0.0,0.0005196101265028,0.0,0.9995635747909546,0.0,0.0,0.000436472473666,0.0,0.9997714161872864,0.0,0.0,0.0002286284434376,0.0,0.9995843768119812,0.0,0.0,0.0004156880895607,0.0,0.999667465686798,0.0,0.0,0.0003325504658278,0.0,0.9997714161872864,0.0,0.0,0.0002286284434376,0.0,0.9997714161872864,0.0,0.0,0.0002286284434376,0.0,0.9997506141662598,0.0,0.0,0.0002494128420948,0.0,0.999792218208313,0.0,0.0,0.0002078440447803,0.0,0.9997298121452332,0.0,0.0,0.000270197255304,0.0,0.9997090697288512,0.0,0.0,0.0002909816685132,0.0,0.9998961091041564,0.0,0.0,0.0001039220223901,0.0,0.9997298121452332,0.0,0.0,0.000270197255304,0.0,0.9997298121452332,0.0,0.0,0.000270197255304,0.0,0.9998337626457214,0.0,0.0,0.0001662752329139,0.0,0.999667465686798,0.0,0.0,0.0003325504658278,0.0,0.9999169111251832,0.0,0.0,8.313761645695195e-05,0.0,0.9998129606246948,0.0,0.0,0.0001870596315711,0.0,0.9996259212493896,0.0,0.0,0.0003741192631423,0.0,0.9997714161872864,0.0,0.0,0.0002286284434376,0.0,0.9997506141662598,0.0,0.0,0.0002494128420948,0.0,0.9997298121452332,0.0,0.0,0.000270197255304,0.0,0.9997090697288512,0.0,0.0,0.0002909816685132,0.0,0.999792218208313,0.0,0.0,0.0002078440447803,0.0,0.9997506141662598,0.0,0.0,0.0002494128420948,0.0,0.999792218208313,0.0,0.0,0.0002078440447803,0.0,0.9998129606246948,0.0,0.0,0.0001870596315711,0.0,0.9997714161872864,0.0,0.0,0.0002286284434376,0.0,0.9696964025497437,0.0007066697580739,0.001163926674053,0.0284330639988183,0.0,0.9732713103294371,0.0006651009316556,0.0009976513683795,0.0250659920275211,0.0,0.9909588098526,0.0002286284434376,0.0002078440447803,0.0086047435179352,0.0,0.9730011224746704,0.0006858853157609,0.0008313761791214,0.025481678545475,0.0,0.963876724243164,0.0009976513683795,0.0016211834736168,0.0335044600069522,0.0,0.9906262755393982,6.235321052372456e-05,0.0001662752329139,0.0091451378539204,0.0,0.9759109020233154,0.0006027477211318,0.0009352981578558,0.0225510783493518,0.0,0.9747677445411682,0.0008937293896451,0.0008105917368084,0.0235279463231563,0.0,0.9916654825210572,0.0001870596315711,0.0002286284434376,0.0079188579693436,0.0,0.9782595634460448,0.0007066697580739,0.0009976513683795,0.0200361646711826,0.0,0.9891089797019958,0.0003325504658278,0.0003949036763515,0.0101635735481977,0.0,0.9766175746917723,0.0007066697580739,0.0008521605632267,0.0218236241489648,0.0,0.9738948345184326,0.0006651009316556,0.0013302018633112,0.0241099093109369,0.0,0.98451566696167,0.0003325504658278,0.0003949036763515,0.0147569272667169,0.0,0.977220356464386,0.0005403945106081,0.0006858853157609,0.0215534269809722,0.0,0.9785712957382202,0.0004988256841897,0.0010184358106926,0.0199114587157964,0.0,0.9790701270103456,0.0005819633370265,0.0007690229685977,0.0195789095014333,0.0,0.9909588098526,6.235321052372456e-05,0.0001662752329139,0.0088125877082347,0.0,0.9787167906761168,0.0006651009316556,0.0010600045789033,0.0195581242442131,0.0,0.9753289222717284,0.0004780413000844,0.0010392202530056,0.0231538265943527,0.0,0.988901138305664,0.0002909816685132,0.0003949036763515,0.0104129863902926,0.0,0.98811137676239,0.0003949036763515,0.0008729449473321,0.0106208305805921,0.0,0.9713383316993712,0.0007066697580739,0.0008729449473321,0.0270820781588554,0.0,0.9830607175827026,0.0005196101265028,0.000789807352703,0.0156298726797103,0.0,0.9741026759147644,0.0006027477211318,0.0010392202530056,0.0242554005235433,0.0,0.9935776591300964,4.156880822847597e-05,0.0001662752329139,0.0062145367264747,0.0,0.950844943523407,0.0014341238420456,0.001808243105188,0.0459127500653266,0.0,0.9744560122489928,0.0007274541421793,0.001163926674053,0.0236526522785425,0.0,0.974206566810608,0.000436472473666,0.0006651009316556,0.0246918722987175,0.0,0.9836218953132629,0.0004780413000844419,0.0007274541421793401,0.015172614715993404,0.0
71,0.999854564666748,0.0,0.0,0.0001454908342566,0.0,0.9998129606246948,0.0,0.0,0.0001870596315711,0.0,0.9994804263114928,0.0,0.0,0.0005196101265028,0.0,0.9995635747909546,0.0,0.0,0.000436472473666,0.0,0.9997714161872864,0.0,0.0,0.0002286284434376,0.0,0.9995843768119812,0.0,0.0,0.0004156880895607,0.0,0.999667465686798,0.0,0.0,0.0003325504658278,0.0,0.9997714161872864,0.0,0.0,0.0002286284434376,0.0,0.9997714161872864,0.0,0.0,0.0002286284434376,0.0,0.9997506141662598,0.0,0.0,0.0002494128420948,0.0,0.999792218208313,0.0,0.0,0.0002078440447803,0.0,0.9997298121452332,0.0,0.0,0.000270197255304,0.0,0.9997090697288512,0.0,0.0,0.0002909816685132,0.0,0.9998961091041564,0.0,0.0,0.0001039220223901,0.0,0.9997298121452332,0.0,0.0,0.000270197255304,0.0,0.9997298121452332,0.0,0.0,0.000270197255304,0.0,0.9998337626457214,0.0,0.0,0.0001662752329139,0.0,0.999667465686798,0.0,0.0,0.0003325504658278,0.0,0.9999169111251832,0.0,0.0,8.313761645695195e-05,0.0,0.9998129606246948,0.0,0.0,0.0001870596315711,0.0,0.9996259212493896,0.0,0.0,0.0003741192631423,0.0,0.9997714161872864,0.0,0.0,0.0002286284434376,0.0,0.9997506141662598,0.0,0.0,0.0002494128420948,0.0,0.9997298121452332,0.0,0.0,0.000270197255304,0.0,0.9997090697288512,0.0,0.0,0.0002909816685132,0.0,0.999792218208313,0.0,0.0,0.0002078440447803,0.0,0.9997506141662598,0.0,0.0,0.0002494128420948,0.0,0.999792218208313,0.0,0.0,0.0002078440447803,0.0,0.9998129606246948,0.0,0.0,0.0001870596315711,0.0,0.9997714161872864,0.0,0.0,0.0002286284434376,0.0,0.969426155090332,0.0008105917368084,0.00114314223174,0.0286201238632202,0.0,0.9731465578079224,0.0005611788947135,0.0010392202530056,0.0252530518919229,0.0,0.9909380078315736,0.0002078440447803,0.0001870596315711,0.0086670964956283,0.0,0.9729387164115906,0.0006443165475502,0.0006027477211318,0.0258142296224832,0.0,0.963752031326294,0.0009560826001688,0.0015380459371954,0.0337538719177246,0.0,0.9906054735183716,8.313761645695195e-05,0.0001662752329139,0.0091451378539204,0.0,0.9757446646690368,0.0005611788947135,0.0009768670424818,0.0227173529565334,0.0,0.974643051624298,0.0006858853157609,0.0009145137737505,0.0237565729767084,0.0,0.9916654825210572,0.0001662752329139,0.0002286284434376,0.0079396422952413,0.0,0.978072464466095,0.0007482385262846,0.0008313761791214,0.0203479323536157,0.0,0.9890674352645874,0.0003533348790369,0.0003325504658278,0.0102467108517885,0.0,0.9764928817749025,0.0006443165475502,0.0007690229685977,0.0220938213169574,0.0,0.9736869931221008,0.0007482385262846,0.001163926674053,0.0244008898735046,0.0,0.9844533205032348,0.0003325504658278,0.0003741192631423,0.0148400645703077,0.0,0.9771579504013062,0.0004156880895607,0.0006651009316556,0.0217612702399492,0.0,0.97844660282135,0.0004780413000844,0.0009352981578558,0.0201400872319936,0.0,0.979028582572937,0.0004156880895607,0.0008313761791214,0.0197243988513946,0.0,0.9909380078315736,4.156880822847597e-05,0.0001662752329139,0.0088541563600301,0.0,0.9786336421966552,0.0006443165475502,0.0009560826001688,0.01976596750319,0.0,0.97516268491745,0.0004780413000844,0.0009145137737505,0.0234448071569204,0.0,0.988901138305664,0.0001870596315711,0.0004156880895607,0.0104961236938834,0.0,0.9879242777824402,0.000436472473666,0.0009352981578558,0.0107039678841829,0.0,0.9712344408035278,0.0004988256841897,0.0009145137737505,0.027352275326848,0.0,0.9829776287078856,0.0004156880895607,0.0007066697580739,0.0159000698477029,0.0,0.9738948345184326,0.0005819633370265,0.0011847109999507,0.0243385378271341,0.0,0.993536114692688,8.313761645695195e-05,0.0001662752329139,0.0062145367264747,0.0,0.950720191001892,0.0012262798845767,0.0016211834736168,0.0464323572814464,0.0,0.9743105173110962,0.0005611788947135,0.0012886330951005,0.0238397121429443,0.0,0.9741026759147644,0.0003533348790369,0.0006235321052372,0.0249205008149147,0.0,0.9835180044174194,0.0004364724736660719,0.0007482385262846947,0.01529732160270214,0.0
72,0.999854564666748,0.0,0.0,0.0001454908342566,0.0,0.9998129606246948,0.0,0.0,0.0001870596315711,0.0,0.9994804263114928,0.0,0.0,0.0005196101265028,0.0,0.9995635747909546,0.0,0.0,0.000436472473666,0.0,0.9997714161872864,0.0,0.0,0.0002286284434376,0.0,0.9995843768119812,0.0,0.0,0.0004156880895607,0.0,0.999667465686798,0.0,0.0,0.0003325504658278,0.0,0.9997714161872864,0.0,0.0,0.0002286284434376,0.0,0.9997714161872864,0.0,0.0,0.0002286284434376,0.0,0.9997506141662598,0.0,0.0,0.0002494128420948,0.0,0.999792218208313,0.0,0.0,0.0002078440447803,0.0,0.9997298121452332,0.0,0.0,0.000270197255304,0.0,0.9997090697288512,0.0,0.0,0.0002909816685132,0.0,0.9998961091041564,0.0,0.0,0.0001039220223901,0.0,0.9997298121452332,0.0,0.0,0.000270197255304,0.0,0.9997298121452332,0.0,0.0,0.000270197255304,0.0,0.9998337626457214,0.0,0.0,0.0001662752329139,0.0,0.999667465686798,0.0,0.0,0.0003325504658278,0.0,0.9999169111251832,0.0,0.0,8.313761645695195e-05,0.0,0.9998129606246948,0.0,0.0,0.0001870596315711,0.0,0.9996259212493896,0.0,0.0,0.0003741192631423,0.0,0.9997714161872864,0.0,0.0,0.0002286284434376,0.0,0.9997506141662598,0.0,0.0,0.0002494128420948,0.0,0.9997298121452332,0.0,0.0,0.000270197255304,0.0,0.9997090697288512,0.0,0.0,0.0002909816685132,0.0,0.999792218208313,0.0,0.0,0.0002078440447803,0.0,0.9997506141662598,0.0,0.0,0.0002494128420948,0.0,0.999792218208313,0.0,0.0,0.0002078440447803,0.0,0.9998129606246948,0.0,0.0,0.0001870596315711,0.0,0.9997714161872864,0.0,0.0,0.0002286284434376,0.0,0.9692599177360536,0.000789807352703,0.001122357789427,0.0288279689848423,0.0,0.9730218648910522,0.0004780413000844,0.001122357789427,0.0253777578473091,0.0,0.9909172654151917,0.0001039220223901,0.0002494128420948,0.0087294494733214,0.0,0.972897171974182,0.0004780413000844,0.0005819633370265,0.0260428581386804,0.0,0.9635649919509888,0.0007482385262846,0.0014549082843586,0.0342319123446941,0.0,0.990584671497345,0.0001039220223901,0.0001039220223901,0.0092074908316135,0.0,0.9756407141685486,0.0005819633370265,0.0009352981578558,0.0228420607745647,0.0,0.9744560122489928,0.0005819633370265,0.0011015734635293,0.0238604955375194,0.0,0.9916446805000304,0.0001247064210474,0.0002494128420948,0.0079812109470367,0.0,0.9779477715492249,0.0006651009316556,0.0009560826001688,0.0204310696572065,0.0,0.9889427423477172,0.0003949036763515,0.0002909816685132,0.0103714177384972,0.0,0.9763058423995972,0.0006235321052372,0.0008729449473321,0.0221977438777685,0.0,0.9735623002052308,0.0006027477211318,0.0012262798845767,0.0246087349951267,0.0,0.9843909740447998,0.0002909816685132,0.0004156880895607,0.0149024175480008,0.0,0.9770124554634094,0.0004156880895607,0.0006651009316556,0.0219067614525556,0.0,0.9782595634460448,0.0005403945106081,0.0008937293896451,0.0203063637018203,0.0,0.9788622856140136,0.0003949036763515,0.000789807352703,0.0199530273675918,0.0,0.9909380078315736,4.156880822847597e-05,0.0001247064210474,0.0088957250118255,0.0,0.9785089492797852,0.0005819633370265,0.0009768670424818,0.0199322439730167,0.0,0.9749755859375,0.0005819633370265,0.0008729449473321,0.0235695149749517,0.0,0.988901138305664,8.313761645695195e-05,0.0003949036763515,0.0106208305805921,0.0,0.9878411293029784,0.0004988256841897,0.0007482385262846,0.0109118120744824,0.0,0.9711512923240662,0.0003741192631423,0.0009976513683795,0.0274769831448793,0.0,0.9828528761863708,0.0003949036763515,0.0007274541421793,0.0160247758030891,0.0,0.9736246466636658,0.0007274541421793,0.0010807890212163,0.0245671663433313,0.0,0.9935153126716614,8.313761645695195e-05,0.0001870596315711,0.0062145367264747,0.0,0.9505123496055604,0.0009976513683795,0.0016419679159298,0.0468480475246906,0.0,0.9740818738937378,0.0005819633370265,0.0014549082843586,0.0238812807947397,0.0,0.9740195274353028,0.0003533348790369,0.0005819633370265,0.0250452067703008,0.0,0.9833933115005493,0.0004364724736660719,0.0007482385262846947,0.015422027558088303,0.0
73,0.999854564666748,0.0,0.0,0.0001454908342566,0.0,0.9998129606246948,0.0,0.0,0.0001870596315711,0.0,0.9994804263114928,0.0,0.0,0.0005196101265028,0.0,0.9995635747909546,0.0,0.0,0.000436472473666,0.0,0.9997714161872864,0.0,0.0,0.0002286284434376,0.0,0.9995843768119812,0.0,0.0,0.0004156880895607,0.0,0.999667465686798,0.0,0.0,0.0003325504658278,0.0,0.9997714161872864,0.0,0.0,0.0002286284434376,0.0,0.9997714161872864,0.0,0.0,0.0002286284434376,0.0,0.9997506141662598,0.0,0.0,0.0002494128420948,0.0,0.999792218208313,0.0,0.0,0.0002078440447803,0.0,0.9997298121452332,0.0,0.0,0.000270197255304,0.0,0.9997090697288512,0.0,0.0,0.0002909816685132,0.0,0.9998961091041564,0.0,0.0,0.0001039220223901,0.0,0.9997298121452332,0.0,0.0,0.000270197255304,0.0,0.9997298121452332,0.0,0.0,0.000270197255304,0.0,0.9998337626457214,0.0,0.0,0.0001662752329139,0.0,0.999667465686798,0.0,0.0,0.0003325504658278,0.0,0.9999169111251832,0.0,0.0,8.313761645695195e-05,0.0,0.9998129606246948,0.0,0.0,0.0001870596315711,0.0,0.9996259212493896,0.0,0.0,0.0003741192631423,0.0,0.9997714161872864,0.0,0.0,0.0002286284434376,0.0,0.9997506141662598,0.0,0.0,0.0002494128420948,0.0,0.9997298121452332,0.0,0.0,0.000270197255304,0.0,0.9997090697288512,0.0,0.0,0.0002909816685132,0.0,0.999792218208313,0.0,0.0,0.0002078440447803,0.0,0.9997506141662598,0.0,0.0,0.0002494128420948,0.0,0.999792218208313,0.0,0.0,0.0002078440447803,0.0,0.9998129606246948,0.0,0.0,0.0001870596315711,0.0,0.9997714161872864,0.0,0.0,0.0002286284434376,0.0,0.96909362077713,0.0007066697580739,0.0012886330951005,0.028911106288433,0.0,0.9729179739952089,0.000436472473666,0.0010600045789033,0.025585601106286,0.0,0.99083411693573,0.0001247064210474,0.0002494128420948,0.008791803382337,0.0,0.9727516770362854,0.0003949036763515,0.0006858853157609,0.0261675640940666,0.0,0.9633778929710388,0.0007274541421793,0.0013509863056242,0.0345436781644821,0.0,0.990584671497345,4.156880822847597e-05,0.0001662752329139,0.0092074908316135,0.0,0.9755160212516784,0.0004988256841897,0.0008937293896451,0.023091472685337,0.0,0.974393665790558,0.0005196101265028,0.0009976513683795,0.0240891240537166,0.0,0.9916239380836488,6.235321052372456e-05,0.0002909816685132,0.0080227795988321,0.0,0.9779269695281982,0.0004572568868752,0.0009768670424818,0.0206389129161834,0.0,0.988901138305664,0.0003117660526186,0.0003325504658278,0.010454555042088,0.0,0.9762434363365172,0.0005196101265028,0.0008937293896451,0.0223432350903749,0.0,0.9734375476837158,0.0005403945106081,0.0010184358106926,0.0250036381185054,0.0,0.98432856798172,0.0002078440447803,0.0004156880895607,0.0150479087606072,0.0,0.9768877625465392,0.0003741192631423,0.0007482385262846,0.0219898987561464,0.0,0.9781764149665833,0.0004780413000844,0.0008105917368084,0.0205349903553724,0.0,0.9787375926971436,0.0003741192631423,0.0008313761791214,0.0200569499284029,0.0,0.9909172654151917,6.235321052372456e-05,6.235321052372456e-05,0.0089580779895186,0.0,0.9783427119255066,0.0004572568868752,0.00114314223174,0.0200569499284029,0.0,0.9749548435211182,0.0004988256841897,0.0006235321052372,0.0239228494465351,0.0,0.9888803958892822,2.0784404114237987e-05,0.0004572568868752,0.0106416149064898,0.0,0.987737238407135,0.0004156880895607,0.0007066697580739,0.0111404405906796,0.0,0.9709434509277344,0.0004780413000844,0.0009560826001688,0.0276224724948406,0.0,0.9827281832695008,0.000436472473666,0.0006858853157609,0.0161494817584753,0.0,0.9734583497047424,0.0007482385262846,0.0009352981578558,0.024858146905899,0.0,0.9934945106506348,8.313761645695195e-05,0.0001662752329139,0.0062561058439314,0.0,0.9502213597297668,0.0008937293896451,0.0017043211264535,0.0471805967390537,0.0,0.9739156365394592,0.0006443165475502,0.0013509863056242,0.0240891240537166,0.0,0.9739363789558412,0.0002909816685132,0.0006443165475502,0.0251283440738916,0.0,0.9833309650421143,0.0004364724736660719,0.000644316547550261,0.015588303096592426,0.0
74,0.999854564666748,0.0,0.0,0.0001454908342566,0.0,0.9998129606246948,0.0,0.0,0.0001870596315711,0.0,0.9994804263114928,0.0,0.0,0.0005196101265028,0.0,0.9995635747909546,0.0,0.0,0.000436472473666,0.0,0.9997714161872864,0.0,0.0,0.0002286284434376,0.0,0.9995843768119812,0.0,0.0,0.0004156880895607,0.0,0.999667465686798,0.0,0.0,0.0003325504658278,0.0,0.9997714161872864,0.0,0.0,0.0002286284434376,0.0,0.9997714161872864,0.0,0.0,0.0002286284434376,0.0,0.9997506141662598,0.0,0.0,0.0002494128420948,0.0,0.999792218208313,0.0,0.0,0.0002078440447803,0.0,0.9997298121452332,0.0,0.0,0.000270197255304,0.0,0.9997090697288512,0.0,0.0,0.0002909816685132,0.0,0.9998961091041564,0.0,0.0,0.0001039220223901,0.0,0.9997298121452332,0.0,0.0,0.000270197255304,0.0,0.9997298121452332,0.0,0.0,0.000270197255304,0.0,0.9998337626457214,0.0,0.0,0.0001662752329139,0.0,0.999667465686798,0.0,0.0,0.0003325504658278,0.0,0.9999169111251832,0.0,0.0,8.313761645695195e-05,0.0,0.9998129606246948,0.0,0.0,0.0001870596315711,0.0,0.9996259212493896,0.0,0.0,0.0003741192631423,0.0,0.9997714161872864,0.0,0.0,0.0002286284434376,0.0,0.9997506141662598,0.0,0.0,0.0002494128420948,0.0,0.9997298121452332,0.0,0.0,0.000270197255304,0.0,0.9997090697288512,0.0,0.0,0.0002909816685132,0.0,0.999792218208313,0.0,0.0,0.0002078440447803,0.0,0.9997506141662598,0.0,0.0,0.0002494128420948,0.0,0.999792218208313,0.0,0.0,0.0002078440447803,0.0,0.9998129606246948,0.0,0.0,0.0001870596315711,0.0,0.9997714161872864,0.0,0.0,0.0002286284434376,0.0,0.968906581401825,0.000789807352703,0.001163926674053,0.0291397348046302,0.0,0.9728763699531556,0.0003949036763515,0.0008729449473321,0.0258557982742786,0.0,0.99083411693573,0.0001247064210474,0.0002286284434376,0.0088125877082347,0.0,0.9726685285568236,0.0003325504658278,0.0007690229685977,0.0262299180030822,0.0,0.9632116556167604,0.0006651009316556,0.0013509863056242,0.0347723066806793,0.0,0.990584671497345,4.156880822847597e-05,0.0001247064210474,0.0092490594834089,0.0,0.9753913283348083,0.0005196101265028,0.0007690229685977,0.0233201012015342,0.0,0.974268913269043,0.0004988256841897,0.0010184358106926,0.0242138300091028,0.0,0.9915823340415956,8.313761645695195e-05,0.0002494128420948,0.0080851335078477,0.0,0.9778854250907898,0.0003741192631423,0.0008937293896451,0.0208467580378055,0.0,0.9888803958892822,0.0002286284434376,0.0003533348790369,0.0105376932770013,0.0,0.9760979413986206,0.0005196101265028,0.0008937293896451,0.0224887244403362,0.0,0.9733336567878724,0.0005611788947135,0.0008521605632267,0.0252530518919229,0.0,0.9842662215232848,0.0002494128420948,0.0004156880895607,0.0150686930865049,0.0,0.9768670201301576,0.0003533348790369,0.0007274541421793,0.022052252665162,0.0,0.9781556129455566,0.0004156880895607,0.0007066697580739,0.0207220502197742,0.0,0.9786752462387084,0.0003949036763515,0.0007066697580739,0.0202232245355844,0.0,0.990896463394165,6.235321052372456e-05,6.235321052372456e-05,0.0089788623154163,0.0,0.9782387614250184,0.0004780413000844,0.0009976513683795,0.0202855784446001,0.0,0.9748716950416564,0.0004572568868752,0.0006027477211318,0.0240683406591415,0.0,0.988838791847229,6.235321052372456e-05,0.0003533348790369,0.0107455365359783,0.0,0.9876748919487,0.000436472473666,0.0005611788947135,0.0113275004550814,0.0,0.9708603024482728,0.0004780413000844,0.0009145137737505,0.0277471803128719,0.0,0.982707381248474,0.0003533348790369,0.0006651009316556,0.0162741877138614,0.0,0.9733128547668456,0.000789807352703,0.000789807352703,0.0251075606793165,0.0,0.9934737086296082,0.0001039220223901,0.0001039220223901,0.0063184588216245,0.0,0.9501174688339232,0.0007274541421793,0.0016419679159298,0.0475131459534168,0.0,0.973874032497406,0.0005819633370265,0.0010807890212163,0.0244632437825202,0.0,0.9739156365394592,0.0002909816685132,0.0005611788947135,0.0252322666347026,0.0,0.9832686185836792,0.0003533348790369928,0.0005819633370265365,0.015796147286891937,0.0
75,0.999854564666748,0.0,0.0,0.0001454908342566,0.0,0.9998129606246948,0.0,0.0,0.0001870596315711,0.0,0.9994804263114928,0.0,0.0,0.0005196101265028,0.0,0.9995635747909546,0.0,0.0,0.000436472473666,0.0,0.9997714161872864,0.0,0.0,0.0002286284434376,0.0,0.9995843768119812,0.0,0.0,0.0004156880895607,0.0,0.999667465686798,0.0,0.0,0.0003325504658278,0.0,0.9997714161872864,0.0,0.0,0.0002286284434376,0.0,0.9997714161872864,0.0,0.0,0.0002286284434376,0.0,0.9997506141662598,0.0,0.0,0.0002494128420948,0.0,0.999792218208313,0.0,0.0,0.0002078440447803,0.0,0.9997298121452332,0.0,0.0,0.000270197255304,0.0,0.9997090697288512,0.0,0.0,0.0002909816685132,0.0,0.9998961091041564,0.0,0.0,0.0001039220223901,0.0,0.9997298121452332,0.0,0.0,0.000270197255304,0.0,0.9997298121452332,0.0,0.0,0.000270197255304,0.0,0.9998337626457214,0.0,0.0,0.0001662752329139,0.0,0.999667465686798,0.0,0.0,0.0003325504658278,0.0,0.9999169111251832,0.0,0.0,8.313761645695195e-05,0.0,0.9998129606246948,0.0,0.0,0.0001870596315711,0.0,0.9996259212493896,0.0,0.0,0.0003741192631423,0.0,0.9997714161872864,0.0,0.0,0.0002286284434376,0.0,0.9997506141662598,0.0,0.0,0.0002494128420948,0.0,0.9997298121452332,0.0,0.0,0.000270197255304,0.0,0.9997090697288512,0.0,0.0,0.0002909816685132,0.0,0.999792218208313,0.0,0.0,0.0002078440447803,0.0,0.9997506141662598,0.0,0.0,0.0002494128420948,0.0,0.999792218208313,0.0,0.0,0.0002078440447803,0.0,0.9998129606246948,0.0,0.0,0.0001870596315711,0.0,0.9997714161872864,0.0,0.0,0.0002286284434376,0.0,0.9687818884849548,0.0006443165475502,0.0009768670424818,0.0295969918370246,0.0,0.9728348255157472,0.0003117660526186,0.000789807352703,0.0260636433959007,0.0,0.9907925724983216,0.0001454908342566,0.0002494128420948,0.0088125877082347,0.0,0.972523033618927,0.0004156880895607,0.0007482385262846,0.026313055306673,0.0,0.9630661606788636,0.0006858853157609,0.001122357789427,0.0351256430149078,0.0,0.990584671497345,2.0784404114237987e-05,8.313761645695195e-05,0.0093114133924245,0.0,0.9753497242927552,0.0003949036763515,0.0007690229685977,0.0234863758087158,0.0,0.974206566810608,0.000436472473666,0.0010184358106926,0.0243385378271341,0.0,0.9915615916252136,0.0001039220223901,0.0001870596315711,0.0081474864855408,0.0,0.9777399301528932,0.0003325504658278,0.0008937293896451,0.0210338160395622,0.0,0.9886932969093324,0.0003741192631423,0.0003741192631423,0.010558477602899,0.0,0.9760148525238036,0.0004780413000844,0.0008313761791214,0.022675784304738,0.0,0.973229706287384,0.0004572568868752,0.0008729449473321,0.0254401098936796,0.0,0.98420387506485,0.0002494128420948,0.0003949036763515,0.0151518303900957,0.0,0.9768462181091307,0.0003117660526186,0.0006027477211318,0.0222393125295639,0.0,0.9781140685081482,0.0003325504658278,0.0006235321052372,0.0209298953413963,0.0,0.9785920977592468,0.000436472473666,0.0006235321052372,0.0203479323536157,0.0,0.990896463394165,4.156880822847597e-05,8.313761645695195e-05,0.0089788623154163,0.0,0.9781348705291748,0.0004988256841897,0.0007482385262846,0.0206181295216083,0.0,0.974830150604248,0.0003325504658278,0.0006443165475502,0.0241930466145277,0.0,0.9888180494308472,8.313761645695195e-05,0.0002909816685132,0.0108078904449939,0.0,0.9875917434692384,0.0003325504658278,0.0005819633370265,0.011493775062263,0.0,0.9707979559898376,0.000436472473666,0.0008105917368084,0.0279550235718488,0.0,0.9826658368110656,0.0003117660526186,0.0006027477211318,0.0164196789264678,0.0,0.973229706287384,0.0006651009316556,0.0008105917368084,0.0252946205437183,0.0,0.9934737086296082,6.235321052372456e-05,8.313761645695195e-05,0.0063808122649788,0.0,0.9499927759170532,0.0007274541421793,0.0015588302630931,0.0477209910750389,0.0,0.9738324880599976,0.0004780413000844,0.0008729449473321,0.0248165782541036,0.0,0.9738532304763794,0.0002494128420948,0.0005403945106081,0.0253569725900888,0.0,0.9832062125205994,0.0003117660526186228,0.0005819633370265365,0.01590006984770298,0.0
76,0.999854564666748,0.0,0.0,0.0001454908342566,0.0,0.9998129606246948,0.0,0.0,0.0001870596315711,0.0,0.9994804263114928,0.0,0.0,0.0005196101265028,0.0,0.9995635747909546,0.0,0.0,0.000436472473666,0.0,0.9997714161872864,0.0,0.0,0.0002286284434376,0.0,0.9995843768119812,0.0,0.0,0.0004156880895607,0.0,0.999667465686798,0.0,0.0,0.0003325504658278,0.0,0.9997714161872864,0.0,0.0,0.0002286284434376,0.0,0.9997714161872864,0.0,0.0,0.0002286284434376,0.0,0.9997506141662598,0.0,0.0,0.0002494128420948,0.0,0.999792218208313,0.0,0.0,0.0002078440447803,0.0,0.9997298121452332,0.0,0.0,0.000270197255304,0.0,0.9997090697288512,0.0,0.0,0.0002909816685132,0.0,0.9998961091041564,0.0,0.0,0.0001039220223901,0.0,0.9997298121452332,0.0,0.0,0.000270197255304,0.0,0.9997298121452332,0.0,0.0,0.000270197255304,0.0,0.9998337626457214,0.0,0.0,0.0001662752329139,0.0,0.999667465686798,0.0,0.0,0.0003325504658278,0.0,0.9999169111251832,0.0,0.0,8.313761645695195e-05,0.0,0.9998129606246948,0.0,0.0,0.0001870596315711,0.0,0.9996259212493896,0.0,0.0,0.0003741192631423,0.0,0.9997714161872864,0.0,0.0,0.0002286284434376,0.0,0.9997506141662598,0.0,0.0,0.0002494128420948,0.0,0.9997298121452332,0.0,0.0,0.000270197255304,0.0,0.9997090697288512,0.0,0.0,0.0002909816685132,0.0,0.999792218208313,0.0,0.0,0.0002078440447803,0.0,0.9997506141662598,0.0,0.0,0.0002494128420948,0.0,0.999792218208313,0.0,0.0,0.0002078440447803,0.0,0.9998129606246948,0.0,0.0,0.0001870596315711,0.0,0.9997714161872864,0.0,0.0,0.0002286284434376,0.0,0.9687610864639282,0.0004988256841897,0.0009768670424818,0.0297632664442062,0.0,0.972772479057312,0.0002494128420948,0.0006858853157609,0.0262922719120979,0.0,0.9907717704772948,0.0001454908342566,0.0002286284434376,0.0088541563600301,0.0,0.9724814891815186,0.0004156880895607,0.0006858853157609,0.026416977867484,0.0,0.962983012199402,0.0005819633370265,0.00114314223174,0.0352919176220893,0.0,0.990584671497345,0.0,0.0001039220223901,0.0093114133924245,0.0,0.975225031375885,0.0004156880895607,0.0006651009316556,0.0236942209303379,0.0,0.974185824394226,0.000270197255304,0.0008729449473321,0.0246710870414972,0.0,0.9915199875831604,0.0001247064210474,0.0001870596315711,0.0081682708114385,0.0,0.9775944352149964,0.0003533348790369,0.0008729449473321,0.0211793072521686,0.0,0.9886517524719238,0.0002909816685132,0.0004780413000844,0.0105792619287967,0.0,0.9759940505027772,0.0003117660526186,0.0008313761791214,0.0228628441691398,0.0,0.973167359828949,0.0003949036763515,0.0008729449473321,0.0255648177117109,0.0,0.9840791821479796,0.0003117660526186,0.0003949036763515,0.0152141833677887,0.0,0.9767630696296692,0.0002494128420948,0.0005611788947135,0.0224263723939657,0.0,0.9781140685081482,0.0001454908342566,0.0006651009316556,0.0210753865540027,0.0,0.97844660282135,0.0004156880895607,0.0005819633370265,0.0205557756125926,0.0,0.9908756613731384,6.235321052372456e-05,4.156880822847597e-05,0.0090204309672117,0.0,0.9780517220497132,0.0004572568868752,0.0007690229685977,0.0207220502197742,0.0,0.9747262001037598,0.0002494128420948,0.0006651009316556,0.0243593212217092,0.0,0.9887972474098206,0.0001039220223901,0.0001870596315711,0.0109118120744824,0.0,0.9875501990318298,0.0002909816685132,0.0005196101265028,0.0116392662748694,0.0,0.970714807510376,0.000436472473666,0.0005819633370265,0.0282667893916368,0.0,0.9826450347900392,0.0002078440447803,0.0005403945106081,0.0166067387908697,0.0,0.9730634689331056,0.0005611788947135,0.0008521605632267,0.0255232490599155,0.0,0.9934737086296082,4.156880822847597e-05,0.0001039220223901,0.0063808122649788,0.0,0.9496601819992064,0.0008521605632267,0.0014341238420456,0.0480535440146923,0.0,0.973749339580536,0.0003325504658278,0.000789807352703,0.0251283440738916,0.0,0.9738324880599976,0.0001870596315711,0.000436472473666,0.0255440324544906,0.0,0.9830815196037292,0.0003117660526186228,0.000561178894713521,0.01604555919766426,0.0
77,0.999854564666748,0.0,0.0,0.0001454908342566,0.0,0.9998129606246948,0.0,0.0,0.0001870596315711,0.0,0.9994804263114928,0.0,0.0,0.0005196101265028,0.0,0.9995635747909546,0.0,0.0,0.000436472473666,0.0,0.9997714161872864,0.0,0.0,0.0002286284434376,0.0,0.9995843768119812,0.0,0.0,0.0004156880895607,0.0,0.999667465686798,0.0,0.0,0.0003325504658278,0.0,0.9997714161872864,0.0,0.0,0.0002286284434376,0.0,0.9997714161872864,0.0,0.0,0.0002286284434376,0.0,0.9997506141662598,0.0,0.0,0.0002494128420948,0.0,0.999792218208313,0.0,0.0,0.0002078440447803,0.0,0.9997298121452332,0.0,0.0,0.000270197255304,0.0,0.9997090697288512,0.0,0.0,0.0002909816685132,0.0,0.9998961091041564,0.0,0.0,0.0001039220223901,0.0,0.9997298121452332,0.0,0.0,0.000270197255304,0.0,0.9997298121452332,0.0,0.0,0.000270197255304,0.0,0.9998337626457214,0.0,0.0,0.0001662752329139,0.0,0.999667465686798,0.0,0.0,0.0003325504658278,0.0,0.9999169111251832,0.0,0.0,8.313761645695195e-05,0.0,0.9998129606246948,0.0,0.0,0.0001870596315711,0.0,0.9996259212493896,0.0,0.0,0.0003741192631423,0.0,0.9997714161872864,0.0,0.0,0.0002286284434376,0.0,0.9997506141662598,0.0,0.0,0.0002494128420948,0.0,0.9997298121452332,0.0,0.0,0.000270197255304,0.0,0.9997090697288512,0.0,0.0,0.0002909816685132,0.0,0.999792218208313,0.0,0.0,0.0002078440447803,0.0,0.9997506141662598,0.0,0.0,0.0002494128420948,0.0,0.999792218208313,0.0,0.0,0.0002078440447803,0.0,0.9998129606246948,0.0,0.0,0.0001870596315711,0.0,0.9997714161872864,0.0,0.0,0.0002286284434376,0.0,0.9685532450675964,0.0005403945106081,0.0009560826001688,0.029950326308608,0.0,0.972585380077362,0.0003325504658278,0.0005819633370265,0.0265001151710748,0.0,0.9906054735183716,0.0002286284434376,0.0001870596315711,0.0089788623154163,0.0,0.972460687160492,0.0002909816685132,0.0006235321052372,0.026624821126461,0.0,0.9627336263656616,0.0006443165475502,0.0009352981578558,0.0356868207454681,0.0,0.990584671497345,0.0,0.0001039220223901,0.0093114133924245,0.0,0.9750795364379884,0.000436472473666,0.0007066697580739,0.0237773582339286,0.0,0.973998725414276,0.0003949036763515,0.0006443165475502,0.02496206946671,0.0,0.9914991855621338,0.0001247064210474,0.0001454908342566,0.0082306237891316,0.0,0.977345049381256,0.0005819633370265,0.0006858853157609,0.0213871523737907,0.0,0.9884231090545654,0.0004780413000844,0.000436472473666,0.0106623992323875,0.0,0.975682258605957,0.0005611788947135,0.0006858853157609,0.0230706892907619,0.0,0.9729803204536438,0.0004572568868752,0.0007274541421793,0.0258350148797035,0.0,0.9840376377105712,0.0002909816685132,0.0003533348790369,0.0153181059285998,0.0,0.976700723171234,0.0001870596315711,0.0005403945106081,0.0225718636065721,0.0,0.9779685735702516,0.0002078440447803,0.0006235321052372,0.0212000925093889,0.0,0.978384256362915,0.0003533348790369,0.0005196101265028,0.0207428354769945,0.0,0.99083411693573,8.313761645695195e-05,6.235321052372456e-05,0.0090204309672117,0.0,0.977802276611328,0.0005403945106081,0.0007482385262846,0.020909110084176,0.0,0.974643051624298,0.0003117660526186,0.0006027477211318,0.0244424585253,0.0,0.9886932969093324,0.0001870596315711,0.0001039220223901,0.0110157346352934,0.0,0.98736310005188,0.0003741192631423,0.0006027477211318,0.0116600506007671,0.0,0.9706524610519408,0.0002909816685132,0.0005819633370265,0.0284746345132589,0.0,0.9823956489562988,0.0003325504658278,0.0005196101265028,0.0167522300034761,0.0,0.9728556275367736,0.0006027477211318,0.0008937293896451,0.0256479550153017,0.0,0.9934737086296082,2.0784404114237987e-05,0.0001039220223901,0.0064015965908765,0.0,0.9493484497070312,0.0008729449473321,0.0012886330951005,0.0484900139272213,0.0,0.9734583497047424,0.0004572568868752,0.0007482385262846,0.0253361891955137,0.0,0.9737077355384828,0.0002286284434376,0.000436472473666,0.0256271697580814,0.0,0.9829568266868591,0.00037411926314234734,0.0004988256841897964,0.016170267015695572,0.0
78,0.999854564666748,0.0,0.0,0.0001454908342566,0.0,0.9998129606246948,0.0,0.0,0.0001870596315711,0.0,0.9994804263114928,0.0,0.0,0.0005196101265028,0.0,0.9995635747909546,0.0,0.0,0.000436472473666,0.0,0.9997714161872864,0.0,0.0,0.0002286284434376,0.0,0.9995843768119812,0.0,0.0,0.0004156880895607,0.0,0.999667465686798,0.0,0.0,0.0003325504658278,0.0,0.9997714161872864,0.0,0.0,0.0002286284434376,0.0,0.9997714161872864,0.0,0.0,0.0002286284434376,0.0,0.9997506141662598,0.0,0.0,0.0002494128420948,0.0,0.999792218208313,0.0,0.0,0.0002078440447803,0.0,0.9997298121452332,0.0,0.0,0.000270197255304,0.0,0.9997090697288512,0.0,0.0,0.0002909816685132,0.0,0.9998961091041564,0.0,0.0,0.0001039220223901,0.0,0.9997298121452332,0.0,0.0,0.000270197255304,0.0,0.9997298121452332,0.0,0.0,0.000270197255304,0.0,0.9998337626457214,0.0,0.0,0.0001662752329139,0.0,0.999667465686798,0.0,0.0,0.0003325504658278,0.0,0.9999169111251832,0.0,0.0,8.313761645695195e-05,0.0,0.9998129606246948,0.0,0.0,0.0001870596315711,0.0,0.9996259212493896,0.0,0.0,0.0003741192631423,0.0,0.9997714161872864,0.0,0.0,0.0002286284434376,0.0,0.9997506141662598,0.0,0.0,0.0002494128420948,0.0,0.9997298121452332,0.0,0.0,0.000270197255304,0.0,0.9997090697288512,0.0,0.0,0.0002909816685132,0.0,0.999792218208313,0.0,0.0,0.0002078440447803,0.0,0.9997506141662598,0.0,0.0,0.0002494128420948,0.0,0.999792218208313,0.0,0.0,0.0002078440447803,0.0,0.9998129606246948,0.0,0.0,0.0001870596315711,0.0,0.9997714161872864,0.0,0.0,0.0002286284434376,0.0,0.9682830572128296,0.0006235321052372,0.0008937293896451,0.0301997400820255,0.0,0.9723151922225952,0.0005611788947135,0.0004780413000844,0.0266456063836812,0.0,0.99052232503891,0.0003117660526186,0.0001247064210474,0.0090412162244319,0.0,0.9723983407020568,0.000270197255304,0.0004780413000844,0.0268534496426582,0.0,0.9625673294067384,0.0006443165475502,0.0008937293896451,0.0358946658670902,0.0,0.990584671497345,0.0,4.156880822847597e-05,0.0093737663701176,0.0,0.9747885465621948,0.0006027477211318,0.0006235321052372,0.0239852014929056,0.0,0.9739156365394592,0.0003533348790369,0.0006443165475502,0.0250867754220962,0.0,0.991291344165802,0.0002909816685132,0.0001039220223901,0.0083137620240449,0.0,0.9771164059638976,0.0007690229685977,0.0004988256841897,0.0216157808899879,0.0,0.9882360696792604,0.0006443165475502,0.0003325504658278,0.0107871061190962,0.0,0.975495219230652,0.0006027477211318,0.0006651009316556,0.0232369638979434,0.0,0.9728140234947203,0.0005196101265028,0.0006443165475502,0.0260220747441053,0.0,0.9839544892311096,0.0003117660526186,0.000270197255304,0.0154635962098836,0.0,0.976388931274414,0.0004780413000844,0.0003949036763515,0.0227381382137537,0.0,0.9776983857154846,0.0004572568868752,0.0004988256841897,0.0213455837219953,0.0,0.97832190990448,0.0003533348790369,0.000436472473666,0.0208883266896009,0.0,0.9908133149147034,8.313761645695195e-05,8.313761645695195e-05,0.0090204309672117,0.0,0.9775112867355348,0.0007274541421793,0.0005611788947135,0.0212000925093889,0.0,0.9744560122489928,0.0004156880895607,0.0005819633370265,0.024546381086111,0.0,0.9886517524719238,0.0001870596315711,6.235321052372456e-05,0.0110988719388842,0.0,0.9872176051139832,0.0004572568868752,0.0004780413000844,0.0118471104651689,0.0,0.9703614711761476,0.0004988256841897,0.0005611788947135,0.0285785552114248,0.0,0.9822916984558104,0.0004156880895607,0.0004572568868752,0.0168353673070669,0.0,0.9726061820983888,0.0007066697580739,0.0008937293896451,0.0257934462279081,0.0,0.9934737086296082,0.0,0.0001039220223901,0.0064223809167742,0.0,0.9490366578102112,0.0010807890212163,0.0009976513683795,0.0488849170506,0.0,0.9732920527458192,0.0005819633370265,0.0006858853157609,0.0254401098936796,0.0,0.9736661911010742,0.0002494128420948,0.0003117660526186,0.0257726609706878,0.0,0.9829360246658325,0.0003325504658278078,0.0004988256841897964,0.016232619062066078,0.0
79,0.999854564666748,0.0,0.0,0.0001454908342566,0.0,0.9998129606246948,0.0,0.0,0.0001870596315711,0.0,0.9994804263114928,0.0,0.0,0.0005196101265028,0.0,0.9995635747909546,0.0,0.0,0.000436472473666,0.0,0.9997714161872864,0.0,0.0,0.0002286284434376,0.0,0.9995843768119812,0.0,0.0,0.0004156880895607,0.0,0.999667465686798,0.0,0.0,0.0003325504658278,0.0,0.9997714161872864,0.0,0.0,0.0002286284434376,0.0,0.9997714161872864,0.0,0.0,0.0002286284434376,0.0,0.9997506141662598,0.0,0.0,0.0002494128420948,0.0,0.999792218208313,0.0,0.0,0.0002078440447803,0.0,0.9997298121452332,0.0,0.0,0.000270197255304,0.0,0.9997090697288512,0.0,0.0,0.0002909816685132,0.0,0.9998961091041564,0.0,0.0,0.0001039220223901,0.0,0.9997298121452332,0.0,0.0,0.000270197255304,0.0,0.9997298121452332,0.0,0.0,0.000270197255304,0.0,0.9998337626457214,0.0,0.0,0.0001662752329139,0.0,0.999667465686798,0.0,0.0,0.0003325504658278,0.0,0.9999169111251832,0.0,0.0,8.313761645695195e-05,0.0,0.9998129606246948,0.0,0.0,0.0001870596315711,0.0,0.9996259212493896,0.0,0.0,0.0003741192631423,0.0,0.9997714161872864,0.0,0.0,0.0002286284434376,0.0,0.9997506141662598,0.0,0.0,0.0002494128420948,0.0,0.9997298121452332,0.0,0.0,0.000270197255304,0.0,0.9997090697288512,0.0,0.0,0.0002909816685132,0.0,0.999792218208313,0.0,0.0,0.0002078440447803,0.0,0.9997506141662598,0.0,0.0,0.0002494128420948,0.0,0.999792218208313,0.0,0.0,0.0002078440447803,0.0,0.9998129606246948,0.0,0.0,0.0001870596315711,0.0,0.9997714161872864,0.0,0.0,0.0002286284434376,0.0,0.9681375622749328,0.0006443165475502,0.0009145137737505,0.0303036607801914,0.0,0.9720242023468018,0.0008105917368084,0.000436472473666,0.026728743687272,0.0,0.99052232503891,0.000270197255304,0.0001662752329139,0.0090412162244319,0.0,0.9722944498062134,0.0002286284434376,0.0004780413000844,0.0269989408552646,0.0,0.9622555375099182,0.0008105917368084,0.0008105917368084,0.0361232943832874,0.0,0.990584671497345,0.0,4.156880822847597e-05,0.0093737663701176,0.0,0.974643051624298,0.0007066697580739,0.0005611788947135,0.0240891240537166,0.0,0.9738324880599976,0.0003741192631423,0.0005611788947135,0.0252322666347026,0.0,0.9912289977073668,0.0003325504658278,0.0001039220223901,0.0083345463499426,0.0,0.9769293665885924,0.0008105917368084,0.0005196101265028,0.0217404868453741,0.0,0.9882360696792604,0.0004572568868752,0.0004156880895607,0.0108910277485847,0.0,0.9753081798553468,0.0007066697580739,0.0006027477211318,0.0233824551105499,0.0,0.972710132598877,0.0005196101265028,0.0006651009316556,0.0261052120476961,0.0,0.9838505387306212,0.0003533348790369,0.0003117660526186,0.0154843814671039,0.0,0.976326584815979,0.0005196101265028,0.0003741192631423,0.022779706865549,0.0,0.9775944352149964,0.0005196101265028,0.0004572568868752,0.0214287210255861,0.0,0.97819721698761,0.0003949036763515,0.0004780413000844,0.0209298953413963,0.0,0.9908133149147034,8.313761645695195e-05,6.235321052372456e-05,0.0090412162244319,0.0,0.9774073958396912,0.0007274541421793,0.0005819633370265,0.0212832298129796,0.0,0.9743520617485046,0.0004780413000844,0.0004988256841897,0.0246710870414972,0.0,0.9886309504508972,0.0001870596315711,8.313761645695195e-05,0.0110988719388842,0.0,0.9871137142181396,0.0004780413000844,0.0005196101265028,0.0118886791169643,0.0,0.9702159762382508,0.0005819633370265,0.0005403945106081,0.0286616925150156,0.0,0.9822293519973756,0.000436472473666,0.0003949036763515,0.0169392898678779,0.0,0.9722736477851868,0.0009560826001688,0.0008729449473321,0.025897366926074,0.0,0.9934529662132264,2.0784404114237987e-05,0.0001039220223901,0.0064223809167742,0.0,0.9486833214759828,0.0013094174209982,0.0008521605632267,0.0491551160812377,0.0,0.9731881618499756,0.0006443165475502,0.0006235321052372,0.0255440324544906,0.0,0.9736661911010742,0.0001870596315711,0.0003533348790369,0.0257934462279081,0.0,0.9827489852905273,0.0004572568868752569,0.00041568808956071734,0.016378110274672508,0.0
80,0.999854564666748,0.0,0.0,0.0001454908342566,0.0,0.9998129606246948,0.0,0.0,0.0001870596315711,0.0,0.9994804263114928,0.0,0.0,0.0005196101265028,0.0,0.9995635747909546,0.0,0.0,0.000436472473666,0.0,0.9997714161872864,0.0,0.0,0.0002286284434376,0.0,0.9995843768119812,0.0,0.0,0.0004156880895607,0.0,0.999667465686798,0.0,0.0,0.0003325504658278,0.0,0.9997714161872864,0.0,0.0,0.0002286284434376,0.0,0.9997714161872864,0.0,0.0,0.0002286284434376,0.0,0.9997506141662598,0.0,0.0,0.0002494128420948,0.0,0.999792218208313,0.0,0.0,0.0002078440447803,0.0,0.9997298121452332,0.0,0.0,0.000270197255304,0.0,0.9997090697288512,0.0,0.0,0.0002909816685132,0.0,0.9998961091041564,0.0,0.0,0.0001039220223901,0.0,0.9997298121452332,0.0,0.0,0.000270197255304,0.0,0.9997298121452332,0.0,0.0,0.000270197255304,0.0,0.9998337626457214,0.0,0.0,0.0001662752329139,0.0,0.999667465686798,0.0,0.0,0.0003325504658278,0.0,0.9999169111251832,0.0,0.0,8.313761645695195e-05,0.0,0.9998129606246948,0.0,0.0,0.0001870596315711,0.0,0.9996259212493896,0.0,0.0,0.0003741192631423,0.0,0.9997714161872864,0.0,0.0,0.0002286284434376,0.0,0.9997506141662598,0.0,0.0,0.0002494128420948,0.0,0.9997298121452332,0.0,0.0,0.000270197255304,0.0,0.9997090697288512,0.0,0.0,0.0002909816685132,0.0,0.999792218208313,0.0,0.0,0.0002078440447803,0.0,0.9997506141662598,0.0,0.0,0.0002494128420948,0.0,0.999792218208313,0.0,0.0,0.0002078440447803,0.0,0.9998129606246948,0.0,0.0,0.0001870596315711,0.0,0.9997714161872864,0.0,0.0,0.0002286284434376,0.0,0.968012809753418,0.0007482385262846,0.0006651009316556,0.030573857948184,0.0,0.9718995094299316,0.0008729449473321,0.0003741192631423,0.0268534496426582,0.0,0.9903976321220398,0.0003741192631423,0.0001662752329139,0.0090620005503296,0.0,0.9720866084098816,0.0003949036763515,0.0004572568868752,0.0270612947642803,0.0,0.9620893001556396,0.0008937293896451,0.0007690229685977,0.0362480022013187,0.0,0.990584671497345,0.0,2.0784404114237987e-05,0.0093945506960153,0.0,0.9746015071868896,0.0006235321052372,0.0005196101265028,0.0242554005235433,0.0,0.9737285375595092,0.0004572568868752,0.0004572568868752,0.0253569725900888,0.0,0.9912082552909852,0.0003117660526186,0.0001454908342566,0.0083345463499426,0.0,0.9768877625465392,0.0007066697580739,0.0004780413000844,0.0219275467097759,0.0,0.98811137676239,0.0005403945106081,0.0004156880895607,0.0109325964003801,0.0,0.9752042293548584,0.000789807352703,0.0004988256841897,0.023507161065936,0.0,0.9726269841194152,0.0005403945106081,0.0005196101265028,0.026313055306673,0.0,0.9837881922721864,0.0002909816685132,0.0003741192631423,0.015546734444797,0.0,0.9762850403785706,0.0004780413000844,0.0003949036763515,0.0228420607745647,0.0,0.977552890777588,0.0005611788947135,0.0003325504658278,0.0215534269809722,0.0,0.9779685735702516,0.0004780413000844,0.0005819633370265,0.0209714639931917,0.0,0.9908133149147034,6.235321052372456e-05,6.235321052372456e-05,0.0090620005503296,0.0,0.9773242473602296,0.0007274541421793,0.0005819633370265,0.0213663671165704,0.0,0.9741442203521729,0.0005819633370265,0.000436472473666,0.0248373635113239,0.0,0.9886309504508972,0.0001662752329139,0.0001039220223901,0.0110988719388842,0.0,0.9870513677597046,0.0004988256841897,0.0003741192631423,0.0120757389813661,0.0,0.9701536297798156,0.0005611788947135,0.0005196101265028,0.0287656150758266,0.0,0.9821670055389404,0.0004780413000844,0.0003325504658278,0.0170224271714687,0.0,0.9720450043678284,0.0010184358106926,0.0008313761791214,0.0261052120476961,0.0,0.9934321641921996,4.156880822847597e-05,6.235321052372456e-05,0.0064639495685696,0.0,0.948517084121704,0.00114314223174,0.0010600045789033,0.0492798238992691,0.0,0.9729595184326172,0.000789807352703,0.0005611788947135,0.025689523667097,0.0,0.9736038446426392,0.0002286284434376,0.000270197255304,0.025897366926074,0.0,0.9826866388320923,0.00039490367635153234,0.0004364724736660719,0.01648203283548355,0.0
81,0.999854564666748,0.0,0.0,0.0001454908342566,0.0,0.9998129606246948,0.0,0.0,0.0001870596315711,0.0,0.9994804263114928,0.0,0.0,0.0005196101265028,0.0,0.9995635747909546,0.0,0.0,0.000436472473666,0.0,0.9997714161872864,0.0,0.0,0.0002286284434376,0.0,0.9995843768119812,0.0,0.0,0.0004156880895607,0.0,0.999667465686798,0.0,0.0,0.0003325504658278,0.0,0.9997714161872864,0.0,0.0,0.0002286284434376,0.0,0.9997714161872864,0.0,0.0,0.0002286284434376,0.0,0.9997506141662598,0.0,0.0,0.0002494128420948,0.0,0.999792218208313,0.0,0.0,0.0002078440447803,0.0,0.9997298121452332,0.0,0.0,0.000270197255304,0.0,0.9997090697288512,0.0,0.0,0.0002909816685132,0.0,0.9998961091041564,0.0,0.0,0.0001039220223901,0.0,0.9997298121452332,0.0,0.0,0.000270197255304,0.0,0.9997298121452332,0.0,0.0,0.000270197255304,0.0,0.9998337626457214,0.0,0.0,0.0001662752329139,0.0,0.999667465686798,0.0,0.0,0.0003325504658278,0.0,0.9999169111251832,0.0,0.0,8.313761645695195e-05,0.0,0.9998129606246948,0.0,0.0,0.0001870596315711,0.0,0.9996259212493896,0.0,0.0,0.0003741192631423,0.0,0.9997714161872864,0.0,0.0,0.0002286284434376,0.0,0.9997506141662598,0.0,0.0,0.0002494128420948,0.0,0.9997298121452332,0.0,0.0,0.000270197255304,0.0,0.9997090697288512,0.0,0.0,0.0002909816685132,0.0,0.999792218208313,0.0,0.0,0.0002078440447803,0.0,0.9997506141662598,0.0,0.0,0.0002494128420948,0.0,0.999792218208313,0.0,0.0,0.0002078440447803,0.0,0.9998129606246948,0.0,0.0,0.0001870596315711,0.0,0.9997714161872864,0.0,0.0,0.0002286284434376,0.0,0.967888116836548,0.0006651009316556,0.0007066697580739,0.0307401344180107,0.0,0.9717124700546264,0.0008729449473321,0.000436472473666,0.0269781574606895,0.0,0.9903560876846312,0.0002494128420948,0.0003117660526186,0.0090827848762273,0.0,0.9720242023468018,0.000436472473666,0.000436472473666,0.0271028634160757,0.0,0.9619022011756896,0.0008313761791214,0.0008313761791214,0.0364350602030754,0.0,0.990584671497345,0.0,0.0,0.009415335021913,0.0,0.9745391607284546,0.0005403945106081,0.0005611788947135,0.0243593212217092,0.0,0.9736661911010742,0.0003325504658278,0.0004572568868752,0.0255440324544906,0.0,0.9911874532699584,0.0003117660526186,0.0001454908342566,0.0083553306758403,0.0,0.9768670201301576,0.0004780413000844,0.0006027477211318,0.022052252665162,0.0,0.9879450798034668,0.0004780413000844,0.0005196101265028,0.0110573032870888,0.0,0.9750795364379884,0.0006027477211318,0.0006235321052372,0.0236942209303379,0.0,0.972585380077362,0.0003949036763515,0.0005819633370265,0.0264377612620592,0.0,0.9837050437927246,0.0003325504658278,0.0003533348790369,0.0156090874224901,0.0,0.9762018918991088,0.0004988256841897,0.0003117660526186,0.022987550124526,0.0,0.977552890777588,0.0004156880895607,0.0002909816685132,0.0217404868453741,0.0,0.9776360392570496,0.0007482385262846,0.0004780413000844,0.0211377386003732,0.0,0.9907925724983216,4.156880822847597e-05,0.0001039220223901,0.0090620005503296,0.0,0.977220356464386,0.0005819633370265,0.0007066697580739,0.0214910730719566,0.0,0.9740610718727112,0.0005819633370265,0.0003325504658278,0.0250244233757257,0.0,0.9886309504508972,6.235321052372456e-05,0.0002078440447803,0.0110988719388842,0.0,0.9868435263633728,0.0005196101265028,0.0004780413000844,0.0121588762849569,0.0,0.9701120853424072,0.0005403945106081,0.0004988256841897,0.0288487523794174,0.0,0.9821462035179138,0.0002494128420948,0.0004572568868752,0.0171471331268548,0.0,0.9717540144920348,0.0011015734635293,0.0007690229685977,0.0263754092156887,0.0,0.9934321641921996,4.156880822847597e-05,4.156880822847597e-05,0.0064847338944673,0.0,0.9482676386833192,0.0010807890212163,0.001163926674053,0.0494876652956008,0.0,0.9727932214736938,0.0006651009316556,0.0006235321052372,0.0259181521832942,0.0,0.973479151725769,0.0002286284434376,0.0003117660526186,0.0259805042296648,0.0,0.9826242923736572,0.0003325504658278078,0.0004364724736660719,0.016606738790869713,0.0
82,0.999854564666748,0.0,0.0,0.0001454908342566,0.0,0.9998129606246948,0.0,0.0,0.0001870596315711,0.0,0.9994804263114928,0.0,0.0,0.0005196101265028,0.0,0.9995635747909546,0.0,0.0,0.000436472473666,0.0,0.9997714161872864,0.0,0.0,0.0002286284434376,0.0,0.9995843768119812,0.0,0.0,0.0004156880895607,0.0,0.999667465686798,0.0,0.0,0.0003325504658278,0.0,0.9997714161872864,0.0,0.0,0.0002286284434376,0.0,0.9997714161872864,0.0,0.0,0.0002286284434376,0.0,0.9997506141662598,0.0,0.0,0.0002494128420948,0.0,0.999792218208313,0.0,0.0,0.0002078440447803,0.0,0.9997298121452332,0.0,0.0,0.000270197255304,0.0,0.9997090697288512,0.0,0.0,0.0002909816685132,0.0,0.9998961091041564,0.0,0.0,0.0001039220223901,0.0,0.9997298121452332,0.0,0.0,0.000270197255304,0.0,0.9997298121452332,0.0,0.0,0.000270197255304,0.0,0.9998337626457214,0.0,0.0,0.0001662752329139,0.0,0.999667465686798,0.0,0.0,0.0003325504658278,0.0,0.9999169111251832,0.0,0.0,8.313761645695195e-05,0.0,0.9998129606246948,0.0,0.0,0.0001870596315711,0.0,0.9996259212493896,0.0,0.0,0.0003741192631423,0.0,0.9997714161872864,0.0,0.0,0.0002286284434376,0.0,0.9997506141662598,0.0,0.0,0.0002494128420948,0.0,0.9997298121452332,0.0,0.0,0.000270197255304,0.0,0.9997090697288512,0.0,0.0,0.0002909816685132,0.0,0.999792218208313,0.0,0.0,0.0002078440447803,0.0,0.9997506141662598,0.0,0.0,0.0002494128420948,0.0,0.999792218208313,0.0,0.0,0.0002078440447803,0.0,0.9998129606246948,0.0,0.0,0.0001870596315711,0.0,0.9997714161872864,0.0,0.0,0.0002286284434376,0.0,0.9677426218986512,0.0005403945106081,0.0008105917368084,0.0309064090251922,0.0,0.9715461730957032,0.0007690229685977,0.0006027477211318,0.0270820781588554,0.0,0.9902729392051696,0.0002494128420948,0.0003117660526186,0.0091659221798181,0.0,0.9718579649925232,0.0005403945106081,0.0003533348790369,0.0272483546286821,0.0,0.961756706237793,0.0008105917368084,0.0008105917368084,0.036622118204832,0.0,0.990584671497345,0.0,0.0,0.009415335021913,0.0,0.9743105173110962,0.0004780413000844,0.0007274541421793,0.0244840271770954,0.0,0.9736246466636658,0.0002909816685132,0.0004780413000844,0.0256063863635063,0.0,0.9911458492279052,0.0001454908342566,0.0003325504658278,0.008376115001738,0.0,0.9768046140670776,0.0003117660526186,0.0008105917368084,0.0220730379223823,0.0,0.98779958486557,0.000436472473666,0.0006651009316556,0.0110988719388842,0.0,0.9749132394790648,0.0005819633370265,0.0007482385262846,0.0237565729767084,0.0,0.9725022912025452,0.0003117660526186,0.0006235321052372,0.0265624690800905,0.0,0.9836011528968812,0.0003533348790369,0.0003741192631423,0.0156714413315057,0.0,0.9761187434196472,0.000270197255304,0.0004988256841897,0.0231122579425573,0.0,0.9774905443191528,0.0002078440447803,0.0004780413000844,0.0218236241489648,0.0,0.9775112867355348,0.0008105917368084,0.0004156880895607,0.0212624445557594,0.0,0.9907925724983216,2.0784404114237987e-05,0.0001039220223901,0.0090827848762273,0.0,0.9770956039428712,0.0004156880895607,0.0008313761791214,0.0216573495417833,0.0,0.9739363789558412,0.0005196101265028,0.0004988256841897,0.0250452067703008,0.0,0.9885686039924622,8.313761645695195e-05,0.0002286284434376,0.0111196562647819,0.0,0.986698031425476,0.0005196101265028,0.0005196101265028,0.0122627988457679,0.0,0.9699873328208924,0.0003741192631423,0.0005819633370265,0.0290565975010395,0.0,0.9820631146430968,0.0002286284434376,0.000436472473666,0.017271839082241,0.0,0.9715669751167296,0.0010392202530056,0.0008521605632267,0.0265416838228702,0.0,0.9933698177337646,0.0001039220223901,2.0784404114237987e-05,0.0065055186860263,0.0,0.947872757911682,0.001163926674053,0.0011847109999507,0.0497786477208137,0.0,0.9726269841194152,0.0006651009316556,0.0006235321052372,0.0260844267904758,0.0,0.9734583497047424,0.0002078440447803,0.000270197255304,0.0260636433959007,0.0,0.9825411438941956,0.00039490367635153234,0.00039490367635153234,0.01666909269988537,0.0
83,0.999854564666748,0.0,0.0,0.0001454908342566,0.0,0.9998129606246948,0.0,0.0,0.0001870596315711,0.0,0.9994804263114928,0.0,0.0,0.0005196101265028,0.0,0.9995635747909546,0.0,0.0,0.000436472473666,0.0,0.9997714161872864,0.0,0.0,0.0002286284434376,0.0,0.9995843768119812,0.0,0.0,0.0004156880895607,0.0,0.999667465686798,0.0,0.0,0.0003325504658278,0.0,0.9997714161872864,0.0,0.0,0.0002286284434376,0.0,0.9997714161872864,0.0,0.0,0.0002286284434376,0.0,0.9997506141662598,0.0,0.0,0.0002494128420948,0.0,0.999792218208313,0.0,0.0,0.0002078440447803,0.0,0.9997298121452332,0.0,0.0,0.000270197255304,0.0,0.9997090697288512,0.0,0.0,0.0002909816685132,0.0,0.9998961091041564,0.0,0.0,0.0001039220223901,0.0,0.9997298121452332,0.0,0.0,0.000270197255304,0.0,0.9997298121452332,0.0,0.0,0.000270197255304,0.0,0.9998337626457214,0.0,0.0,0.0001662752329139,0.0,0.999667465686798,0.0,0.0,0.0003325504658278,0.0,0.9999169111251832,0.0,0.0,8.313761645695195e-05,0.0,0.9998129606246948,0.0,0.0,0.0001870596315711,0.0,0.9996259212493896,0.0,0.0,0.0003741192631423,0.0,0.9997714161872864,0.0,0.0,0.0002286284434376,0.0,0.9997506141662598,0.0,0.0,0.0002494128420948,0.0,0.9997298121452332,0.0,0.0,0.000270197255304,0.0,0.9997090697288512,0.0,0.0,0.0002909816685132,0.0,0.999792218208313,0.0,0.0,0.0002078440447803,0.0,0.9997506141662598,0.0,0.0,0.0002494128420948,0.0,0.999792218208313,0.0,0.0,0.0002078440447803,0.0,0.9998129606246948,0.0,0.0,0.0001870596315711,0.0,0.9997714161872864,0.0,0.0,0.0002286284434376,0.0,0.967555582523346,0.0005819633370265,0.0007690229685977,0.031093468889594,0.0,0.971359133720398,0.0006651009316556,0.0008521605632267,0.0271236468106508,0.0,0.990189790725708,0.0003325504658278,0.0003117660526186,0.0091659221798181,0.0,0.971795618534088,0.0004988256841897,0.0003741192631423,0.0273314919322729,0.0,0.9614657759666444,0.000789807352703,0.0009560826001688,0.0367883965373039,0.0,0.990584671497345,0.0,0.0,0.009415335021913,0.0,0.9741442203521729,0.0004988256841897,0.0007482385262846,0.0246087349951267,0.0,0.9735830426216124,0.0002494128420948,0.000436472473666,0.0257310923188924,0.0,0.9910835027694702,0.0001454908342566,0.0003533348790369,0.0084176836535334,0.0,0.9765967726707458,0.0003325504658278,0.0009560826001688,0.0221146065741777,0.0,0.9874462485313416,0.000789807352703,0.0006443165475502,0.0111196562647819,0.0,0.974830150604248,0.0004780413000844,0.000789807352703,0.0239020641893148,0.0,0.9723359942436218,0.0003741192631423,0.0006235321052372,0.0266663897782564,0.0,0.983559548854828,0.0002909816685132,0.0004156880895607,0.0157337933778762,0.0,0.9759940505027772,0.0003325504658278,0.0005403945106081,0.0231330413371324,0.0,0.9774281978607178,0.0001662752329139,0.0005611788947135,0.0218444094061851,0.0,0.9774281978607178,0.0007690229685977,0.0004780413000844,0.021324798464775,0.0,0.9907925724983216,2.0784404114237987e-05,8.313761645695195e-05,0.009103569202125,0.0,0.9769293665885924,0.0004780413000844,0.0008313761791214,0.0217612702399492,0.0,0.9737077355384828,0.0006443165475502,0.0005196101265028,0.0251283440738916,0.0,0.9885270595550536,0.0001039220223901,0.0002078440447803,0.0111612249165773,0.0,0.9864901900291444,0.0006235321052372,0.0005611788947135,0.012325151823461,0.0,0.969675600528717,0.0005403945106081,0.0006443165475502,0.0291397348046302,0.0,0.9819176197052002,0.0003117660526186,0.0004780413000844,0.0172926243394613,0.0,0.9713175296783448,0.0009560826001688,0.0010392202530056,0.0266871750354766,0.0,0.9933698177337646,8.313761645695195e-05,2.0784404114237987e-05,0.006526303011924,0.0,0.9474570751190186,0.0012262798845767,0.0014341238420456,0.0498825684189796,0.0,0.9724191427230836,0.0007690229685977,0.0006858853157609,0.0261259954422712,0.0,0.9733752012252808,0.0002909816685132,0.0002494128420948,0.0260844267904758,0.0,0.9824579954147339,0.00029098166851326823,0.0005196101265028119,0.016731444746255875,0.0
84,0.999854564666748,0.0,0.0,0.0001454908342566,0.0,0.9998129606246948,0.0,0.0,0.0001870596315711,0.0,0.9994804263114928,0.0,0.0,0.0005196101265028,0.0,0.9995635747909546,0.0,0.0,0.000436472473666,0.0,0.9997714161872864,0.0,0.0,0.0002286284434376,0.0,0.9995843768119812,0.0,0.0,0.0004156880895607,0.0,0.999667465686798,0.0,0.0,0.0003325504658278,0.0,0.9997714161872864,0.0,0.0,0.0002286284434376,0.0,0.9997714161872864,0.0,0.0,0.0002286284434376,0.0,0.9997506141662598,0.0,0.0,0.0002494128420948,0.0,0.999792218208313,0.0,0.0,0.0002078440447803,0.0,0.9997298121452332,0.0,0.0,0.000270197255304,0.0,0.9997090697288512,0.0,0.0,0.0002909816685132,0.0,0.9998961091041564,0.0,0.0,0.0001039220223901,0.0,0.9997298121452332,0.0,0.0,0.000270197255304,0.0,0.9997298121452332,0.0,0.0,0.000270197255304,0.0,0.9998337626457214,0.0,0.0,0.0001662752329139,0.0,0.999667465686798,0.0,0.0,0.0003325504658278,0.0,0.9999169111251832,0.0,0.0,8.313761645695195e-05,0.0,0.9998129606246948,0.0,0.0,0.0001870596315711,0.0,0.9996259212493896,0.0,0.0,0.0003741192631423,0.0,0.9997714161872864,0.0,0.0,0.0002286284434376,0.0,0.9997506141662598,0.0,0.0,0.0002494128420948,0.0,0.9997298121452332,0.0,0.0,0.000270197255304,0.0,0.9997090697288512,0.0,0.0,0.0002909816685132,0.0,0.999792218208313,0.0,0.0,0.0002078440447803,0.0,0.9997506141662598,0.0,0.0,0.0002494128420948,0.0,0.999792218208313,0.0,0.0,0.0002078440447803,0.0,0.9998129606246948,0.0,0.0,0.0001870596315711,0.0,0.9997714161872864,0.0,0.0,0.0002286284434376,0.0,0.9673477411270142,0.0006651009316556,0.0007690229685977,0.0312181748449802,0.0,0.9711512923240662,0.0007482385262846,0.0009352981578558,0.0271652154624462,0.0,0.990127444267273,0.000270197255304,0.0003949036763515,0.0092074908316135,0.0,0.9717124700546264,0.0003741192631423,0.000436472473666,0.0274769831448793,0.0,0.9611124396324158,0.0009768670424818,0.0009768670424818,0.0369338877499103,0.0,0.990584671497345,0.0,0.0,0.009415335021913,0.0,0.9739363789558412,0.0006651009316556,0.0007482385262846,0.0246503036469221,0.0,0.973541498184204,0.0001870596315711,0.0004780413000844,0.0257934462279081,0.0,0.9909796118736268,0.0002286284434376,0.0003533348790369,0.0084384679794311,0.0,0.9762850403785706,0.0006027477211318,0.0008521605632267,0.022260095924139,0.0,0.987342357635498,0.0007690229685977,0.0005819633370265,0.0113067161291837,0.0,0.9746222496032716,0.0005819633370265,0.0008105917368084,0.0239852014929056,0.0,0.9722528457641602,0.0003741192631423,0.0006027477211318,0.0267703123390674,0.0,0.983476459980011,0.0003117660526186,0.0004156880895607,0.0157961472868919,0.0,0.975869357585907,0.0004156880895607,0.0005611788947135,0.0231538265943527,0.0,0.977220356464386,0.0003325504658278,0.0005611788947135,0.0218859780579805,0.0,0.9772619009017944,0.0007066697580739,0.0006235321052372,0.0214079357683658,0.0,0.9906886219978333,0.0001247064210474,8.313761645695195e-05,0.009103569202125,0.0,0.9766383767127992,0.0006858853157609,0.0008105917368084,0.0218651928007602,0.0,0.973541498184204,0.0006027477211318,0.0006858853157609,0.025169912725687,0.0,0.9883607625961304,0.000270197255304,0.0001870596315711,0.011182009242475,0.0,0.9862200021743774,0.0008313761791214,0.0005403945106081,0.0124082891270518,0.0,0.969426155090332,0.0007274541421793,0.0006443165475502,0.0292020868510007,0.0,0.9817721247673036,0.0003949036763515,0.0004988256841897,0.0173341929912567,0.0,0.9709226489067078,0.001122357789427,0.0011847109999507,0.0267703123390674,0.0,0.9933698177337646,6.235321052372456e-05,4.156880822847597e-05,0.006526303011924,0.0,0.9470621347427368,0.0014549082843586,0.0014756927266716,0.0500072762370109,0.0,0.97200345993042,0.0009560826001688,0.0008729449473321,0.0261675640940666,0.0,0.9733336567878724,0.000270197255304,0.0002494128420948,0.0261467806994915,0.0,0.9823541045188904,0.0003325504658278078,0.0005196101265028119,0.01679379865527153,0.0
85,0.999854564666748,0.0,0.0,0.0001454908342566,0.0,0.9998129606246948,0.0,0.0,0.0001870596315711,0.0,0.9994804263114928,0.0,0.0,0.0005196101265028,0.0,0.9995635747909546,0.0,0.0,0.000436472473666,0.0,0.9997714161872864,0.0,0.0,0.0002286284434376,0.0,0.9995843768119812,0.0,0.0,0.0004156880895607,0.0,0.999667465686798,0.0,0.0,0.0003325504658278,0.0,0.9997714161872864,0.0,0.0,0.0002286284434376,0.0,0.9997714161872864,0.0,0.0,0.0002286284434376,0.0,0.9997506141662598,0.0,0.0,0.0002494128420948,0.0,0.999792218208313,0.0,0.0,0.0002078440447803,0.0,0.9997298121452332,0.0,0.0,0.000270197255304,0.0,0.9997090697288512,0.0,0.0,0.0002909816685132,0.0,0.9998961091041564,0.0,0.0,0.0001039220223901,0.0,0.9997298121452332,0.0,0.0,0.000270197255304,0.0,0.9997298121452332,0.0,0.0,0.000270197255304,0.0,0.9998337626457214,0.0,0.0,0.0001662752329139,0.0,0.999667465686798,0.0,0.0,0.0003325504658278,0.0,0.9999169111251832,0.0,0.0,8.313761645695195e-05,0.0,0.9998129606246948,0.0,0.0,0.0001870596315711,0.0,0.9996259212493896,0.0,0.0,0.0003741192631423,0.0,0.9997714161872864,0.0,0.0,0.0002286284434376,0.0,0.9997506141662598,0.0,0.0,0.0002494128420948,0.0,0.9997298121452332,0.0,0.0,0.000270197255304,0.0,0.9997090697288512,0.0,0.0,0.0002909816685132,0.0,0.999792218208313,0.0,0.0,0.0002078440447803,0.0,0.9997506141662598,0.0,0.0,0.0002494128420948,0.0,0.999792218208313,0.0,0.0,0.0002078440447803,0.0,0.9998129606246948,0.0,0.0,0.0001870596315711,0.0,0.9997714161872864,0.0,0.0,0.0002286284434376,0.0,0.9670567512512208,0.0008313761791214,0.0008729449473321,0.0312389601022005,0.0,0.9705693125724792,0.00114314223174,0.0010600045789033,0.0272275693714618,0.0,0.9899404048919678,0.0004156880895607,0.0004156880895607,0.0092282751575112,0.0,0.9716085195541382,0.0004156880895607,0.0004572568868752,0.0275185517966747,0.0,0.9608214497566224,0.0010807890212163,0.0010807890212163,0.0370170250535011,0.0,0.990584671497345,0.0,0.0,0.009415335021913,0.0,0.973811686038971,0.0007274541421793,0.0006858853157609,0.0247750096023082,0.0,0.9734375476837158,0.0002286284434376,0.0005196101265028,0.0258142296224832,0.0,0.990896463394165,0.0002909816685132,0.0003325504658278,0.0084800366312265,0.0,0.9759940505027772,0.0008729449473321,0.0007274541421793,0.0224055871367454,0.0,0.9869474172592164,0.0009976513683795,0.0007066697580739,0.0113482847809791,0.0,0.9743520617485046,0.0007274541421793,0.0009145137737505,0.0240059867501258,0.0,0.9721073508262634,0.0004780413000844,0.0005819633370265,0.0268326662480831,0.0,0.9832686185836792,0.000436472473666,0.0003741192631423,0.0159208532422781,0.0,0.975619912147522,0.0005819633370265,0.0005611788947135,0.0232369638979434,0.0,0.9770124554634094,0.0005403945106081,0.0005611788947135,0.0218859780579805,0.0,0.9769501090049744,0.0006858853157609,0.0008105917368084,0.0215534269809722,0.0,0.9906678199768066,0.0001247064210474,8.313761645695195e-05,0.0091243535280227,0.0,0.9764720797538756,0.0007482385262846,0.0008313761791214,0.021948330104351,0.0,0.9734583497047424,0.0006027477211318,0.0006651009316556,0.025273835286498,0.0,0.9882984161376952,0.0003325504658278,0.0001662752329139,0.0112027935683727,0.0,0.9860121607780457,0.0008313761791214,0.0007066697580739,0.0124498577788472,0.0,0.9691975712776184,0.0009145137737505,0.0006027477211318,0.0292852260172367,0.0,0.9816474318504332,0.0004988256841897,0.0004988256841897,0.0173549782484769,0.0,0.9706940054893494,0.0010600045789033,0.0013094174209982,0.026936586946249,0.0,0.9933698177337646,6.235321052372456e-05,4.156880822847597e-05,0.006526303011924,0.0,0.9462307691574096,0.0020368716213852,0.0013925550738349,0.050339825451374,0.0,0.9716916680336,0.0011015734635293,0.0009560826001688,0.0262507032603025,0.0,0.9732920527458192,0.0001870596315711,0.0003533348790369,0.0261675640940666,0.0,0.9820838570594788,0.0005403945106081665,0.0004572568868752569,0.016918504610657692,0.0
86,0.982250154018402,0.0,0.0,0.0177498813718557,0.0,0.9822086095809937,0.0,0.0,0.0177914500236511,0.0,0.981876015663147,0.0,0.0,0.0181240011006593,0.0,0.9819591641426086,0.0,0.0,0.0180408619344234,0.0,0.9821670055389404,0.0,0.0,0.0178330186754465,0.0,0.9819799661636353,0.0,0.0,0.0180200785398483,0.0,0.9820631146430968,0.0,0.0,0.0179369412362575,0.0,0.9821670055389404,0.0,0.0,0.0178330186754465,0.0,0.9821670055389404,0.0,0.0,0.0178330186754465,0.0,0.9821462035179138,0.0,0.0,0.0178538039326667,0.0,0.982187807559967,0.0,0.0,0.0178122334182262,0.0,0.982125461101532,0.0,0.0,0.0178745873272418,0.0,0.9821046590805054,0.0,0.0,0.0178953725844621,0.0,0.9822916984558104,0.0,0.0,0.0177083127200603,0.0,0.982125461101532,0.0,0.0,0.0178745873272418,0.0,0.982125461101532,0.0,0.0,0.0178745873272418,0.0,0.9822293519973756,0.0,0.0,0.0177706647664308,0.0,0.9820631146430968,0.0,0.0,0.0179369412362575,0.0,0.9823125004768372,0.0,0.0,0.01768752746284,0.0,0.9822086095809937,0.0,0.0,0.0177914500236511,0.0,0.9820215106010436,0.0,0.0,0.0179785098880529,0.0,0.9821670055389404,0.0,0.0,0.0178330186754465,0.0,0.9821462035179138,0.0,0.0,0.0178538039326667,0.0,0.982125461101532,0.0,0.0,0.0178745873272418,0.0,0.9821046590805054,0.0,0.0,0.0178953725844621,0.0,0.982187807559967,0.0,0.0,0.0178122334182262,0.0,0.9821462035179138,0.0,0.0,0.0178538039326667,0.0,0.982187807559967,0.0,0.0,0.0178122334182262,0.0,0.9822086095809937,0.0,0.0,0.0177914500236511,0.0,0.9821670055389404,0.0,0.0,0.0178330186754465,0.0,0.9491406083106996,0.0009976513683795,0.0008105917368084,0.0490304082632064,2.0784404114237987e-05,0.952777862548828,0.001163926674053,0.0010392202530056,0.0450190193951129,0.0,0.9722528457641602,0.0004156880895607,0.0003325504658278,0.0269989408552646,0.0,0.9538170695304872,0.000436472473666,0.0006027477211318,0.0451437272131443,0.0,0.9428013563156128,0.0013509863056242,0.0009768670424818,0.0548708252608776,0.0,0.9729803204536438,0.0,0.0,0.0270197261124849,0.0,0.9560410380363464,0.0006651009316556,0.0007690229685977,0.0425248891115188,0.0,0.9557292461395264,0.0002909816685132,0.0003741192631423,0.0436056815087795,0.0,0.973229706287384,0.0003117660526186,0.0003533348790369,0.0261052120476961,0.0,0.958077907562256,0.001122357789427,0.0005403945106081,0.0402593910694122,0.0,0.9690104722976683,0.0011847109999507,0.0006235321052372,0.0291813034564256,0.0,0.9566437602043152,0.0006651009316556,0.0007690229685977,0.0419221445918083,0.0,0.954274356365204,0.0006235321052372,0.0004780413000844,0.0446241162717342,0.0,0.9655810594558716,0.0004156880895607,0.000436472473666,0.0335460267961025,2.0784404114237987e-05,0.9577869176864624,0.0007274541421793,0.0005819633370265,0.0409037061035633,0.0,0.9593249559402466,0.0005611788947135,0.0004780413000844,0.0396358594298362,0.0,0.9591586589813232,0.0007482385262846,0.0008729449473321,0.0391993857920169,2.0784404114237987e-05,0.9730426669120787,0.0001454908342566,4.156880822847597e-05,0.0267703123390674,0.0,0.9586806297302246,0.0008105917368084,0.0007066697580739,0.0397813506424427,2.0784404114237987e-05,0.9555630087852478,0.0007690229685977,0.0007066697580739,0.042940579354763,2.0784404114237987e-05,0.9706732630729676,0.0002909816685132,0.0001247064210474,0.028911106288433,0.0,0.9682414531707764,0.0008521605632267,0.0006651009316556,0.0302413087338209,0.0,0.9513853192329408,0.0009976513683795,0.0006651009316556,0.0469519682228565,0.0,0.9639183282852172,0.0005403945106081,0.0003325504658278,0.0352087803184986,0.0,0.952777862548828,0.0011847109999507,0.0012886330951005,0.0447488203644752,0.0,0.975682258605957,8.313761645695195e-05,0.0001039220223901,0.024130692705512,0.0,0.9281067848205566,0.0021615780424326,0.0014756927266716,0.0682559832930564,0.0,0.9535468816757202,0.0014756927266716,0.0008313761791214,0.0441460758447647,0.0,0.9555837512016296,0.000270197255304,0.0002494128420948,0.043896660208702,0.0,0.9644171595573425,0.0005196101265028119,0.00041568808956071734,0.03464760258793831,0.0
87,0.9821670055389404,0.0,0.0,0.0178330186754465,0.0,0.982125461101532,0.0,0.0,0.0178745873272418,0.0,0.98179292678833,0.0,0.0,0.0182071384042501,0.0,0.981876015663147,0.0,0.0,0.0181240011006593,0.0,0.9820838570594788,0.0,0.0,0.0179161559790372,0.0,0.9818968176841736,0.0,0.0,0.0181032158434391,0.0,0.9819799661636353,0.0,0.0,0.0180200785398483,0.0,0.9820838570594788,0.0,0.0,0.0179161559790372,0.0,0.9820838570594788,0.0,0.0,0.0179161559790372,0.0,0.9820631146430968,0.0,0.0,0.0179369412362575,0.0,0.9821046590805054,0.0,0.0,0.0178953725844621,0.0,0.9820423126220704,0.0,0.0,0.0179577246308326,0.0,0.9820215106010436,0.0,0.0,0.0179785098880529,0.0,0.9822086095809937,0.0,0.0,0.0177914500236511,0.0,0.9820423126220704,0.0,0.0,0.0179577246308326,0.0,0.9820423126220704,0.0,0.0,0.0179577246308326,0.0,0.9821462035179138,0.0,0.0,0.0178538039326667,0.0,0.9819799661636353,0.0,0.0,0.0180200785398483,0.0,0.9822293519973756,0.0,0.0,0.0177706647664308,0.0,0.982125461101532,0.0,0.0,0.0178745873272418,0.0,0.981938362121582,0.0,0.0,0.0180616471916437,0.0,0.9820838570594788,0.0,0.0,0.0179161559790372,0.0,0.9820631146430968,0.0,0.0,0.0179369412362575,0.0,0.9820423126220704,0.0,0.0,0.0179577246308326,0.0,0.9820215106010436,0.0,0.0,0.0179785098880529,0.0,0.9821046590805054,0.0,0.0,0.0178953725844621,0.0,0.9820631146430968,0.0,0.0,0.0179369412362575,0.0,0.9821046590805054,0.0,0.0,0.0178953725844621,0.0,0.982125461101532,0.0,0.0,0.0178745873272418,0.0,0.9820838570594788,0.0,0.0,0.0179161559790372,0.0,0.9488704204559326,0.0009976513683795,0.0007274541421793,0.049383744597435,2.0784404114237987e-05,0.9524453282356262,0.0012262798845767,0.0009560826001688,0.0453723557293415,0.0,0.9718371629714966,0.0006651009316556,0.0003325504658278,0.0271652154624462,0.0,0.9536092281341552,0.0004988256841897,0.0006027477211318,0.0452892184257507,0.0,0.9424688220024108,0.0013094174209982,0.0011015734635293,0.0551202408969402,0.0,0.972897171974182,0.0,0.0,0.0271028634160757,0.0,0.9556045532226562,0.0008521605632267,0.0006443165475502,0.0428990088403224,0.0,0.9553551077842712,0.0005403945106081,0.0003325504658278,0.043771956115961,0.0,0.9731258153915404,0.000270197255304,0.0002078440447803,0.0263961926102638,0.0,0.9579116106033324,0.0009976513683795,0.0005196101265028,0.0405711568892002,0.0,0.9687610864639282,0.0009976513683795,0.000789807352703,0.0294515006244182,0.0,0.9562904238700868,0.0008521605632267,0.0006651009316556,0.0421923398971557,0.0,0.9541496634483336,0.0004988256841897,0.0004780413000844,0.0448735281825065,0.0,0.9652485251426696,0.0006235321052372,0.0003949036763515,0.0337123051285743,2.0784404114237987e-05,0.9576206207275392,0.0006858853157609,0.0003949036763515,0.041298609226942,0.0,0.9591586589813232,0.0005819633370265,0.000270197255304,0.0399891920387744,0.0,0.9587222337722778,0.0010184358106926,0.0008937293896451,0.0393448770046234,2.0784404114237987e-05,0.9729595184326172,0.0001454908342566,2.0784404114237987e-05,0.0268742348998785,0.0,0.9583688974380492,0.0008729449473321,0.0005819633370265,0.0401554703712463,2.0784404114237987e-05,0.955375909805298,0.0006443165475502,0.0007482385262846,0.0432107746601104,2.0784404114237987e-05,0.9705277681350708,0.0003117660526186,0.0001247064210474,0.0290358122438192,0.0,0.967867374420166,0.0009352981578558,0.0007274541421793,0.0304699372500181,0.0,0.9510319828987122,0.0009560826001688,0.0006858853157609,0.0473260879516601,0.0,0.963752031326294,0.0004780413000844,0.0003741192631423,0.0353958420455455,0.0,0.9524661302566528,0.001163926674053,0.0012886330951005,0.0450813733041286,0.0,0.9755783677101136,0.0001039220223901,0.0001039220223901,0.0242138300091028,0.0,0.9275248050689696,0.002244715578854,0.0015796147054061,0.0686508864164352,0.0,0.9531935453414916,0.0015380459371954,0.0008729449473321,0.044395487755537,0.0,0.9552512168884276,0.000436472473666,0.0002909816685132,0.0440213680267334,0.0,0.9642924070358276,0.0004780413000844419,0.0004780413000844419,0.0347515232861042,0.0
88,0.9718579649925232,0.0,0.0,0.0281420834362506,0.0,0.97181636095047,0.0,0.0,0.028183652088046,0.0,0.971483826637268,0.0,0.0,0.0285162031650543,0.0,0.9715669751167296,0.0,0.0,0.0284330639988183,0.0,0.9717748165130616,0.0,0.0,0.0282252207398414,0.0,0.9715877771377563,0.0,0.0,0.0284122806042432,0.0,0.9716708660125732,0.0,0.0,0.0283291433006525,0.0,0.9717748165130616,0.0,0.0,0.0282252207398414,0.0,0.9717748165130616,0.0,0.0,0.0282252207398414,0.0,0.9717540144920348,0.0,0.0,0.0282460059970617,0.0,0.971795618534088,0.0,0.0,0.0282044354826211,0.0,0.9717332720756532,0.0,0.0,0.0282667893916368,0.0,0.9717124700546264,0.0,0.0,0.0282875746488571,0.0,0.9718995094299316,0.0,0.0,0.0281005147844553,0.0,0.9717332720756532,0.0,0.0,0.0282667893916368,0.0,0.9717332720756532,0.0,0.0,0.0282667893916368,0.0,0.9718371629714966,0.0,0.0,0.0281628668308258,0.0,0.9716708660125732,0.0,0.0,0.0283291433006525,0.0,0.9719203114509584,0.0,0.0,0.028079729527235,0.0,0.97181636095047,0.0,0.0,0.028183652088046,0.0,0.9716293215751648,0.0,0.0,0.0283707119524478,0.0,0.9717748165130616,0.0,0.0,0.0282252207398414,0.0,0.9717540144920348,0.0,0.0,0.0282460059970617,0.0,0.9717332720756532,0.0,0.0,0.0282667893916368,0.0,0.9717124700546264,0.0,0.0,0.0282875746488571,0.0,0.971795618534088,0.0,0.0,0.0282044354826211,0.0,0.9717540144920348,0.0,0.0,0.0282460059970617,0.0,0.971795618534088,0.0,0.0,0.0282044354826211,0.0,0.97181636095047,0.0,0.0,0.028183652088046,0.0,0.9717748165130616,0.0,0.0,0.0282252207398414,0.0,0.9382495880126952,0.0011015734635293,0.000789807352703,0.0598382987082004,2.0784404114237987e-05,0.941886842250824,0.0012678486527875,0.0008729449473321,0.0559724010527133,0.0,0.9614657759666444,0.0006651009316556,0.0003949036763515,0.0374742820858955,0.0,0.943175494670868,0.0005403945106081,0.0005819633370265,0.0557022020220756,0.0,0.931827187538147,0.0012886330951005,0.00114314223174,0.0657410696148872,0.0,0.9625881314277648,0.0,0.0,0.0374119281768798,0.0,0.9450252652168274,0.0009145137737505,0.0007066697580739,0.0533535666763782,0.0,0.944983720779419,0.0005611788947135,0.0002909816685132,0.0541641563177108,0.0,0.9627543687820436,0.0002286284434376,0.0002494128420948,0.0367676094174385,0.0,0.9473739266395568,0.0009145137737505,0.0006443165475502,0.0510672815144062,0.0,0.9579532146453856,0.0013925550738349,0.0008937293896451,0.0397605635225772,0.0,0.9458358883857728,0.000789807352703,0.0006858853157609,0.0526884645223617,0.0,0.9437158703804016,0.0005403945106081,0.0004572568868752,0.0552865155041217,0.0,0.9547939300537108,0.0006858853157609,0.0003741192631423,0.0441252887248992,2.0784404114237987e-05,0.9472699761390686,0.0006027477211318,0.0004572568868752,0.051670029759407,0.0,0.948849618434906,0.0003741192631423,0.0003741192631423,0.0503813959658145,2.0784404114237987e-05,0.9482676386833192,0.0009976513683795,0.0009352981578558,0.0497578643262386,4.156880822847597e-05,0.9626504778862,4.156880822847597e-05,0.0001247064210474,0.0371832996606826,0.0,0.947872757911682,0.0007690229685977,0.0007690229685977,0.0505684539675712,2.0784404114237987e-05,0.9449005722999572,0.0006443165475502,0.0008105917368084,0.0536237619817256,2.0784404114237987e-05,0.9601771235466005,0.0001870596315711,0.000270197255304,0.0393656603991985,0.0,0.9574751257896424,0.0007482385262846,0.0008937293896451,0.0408829227089881,0.0,0.9404942989349364,0.0009352981578558,0.000789807352703,0.0577806420624256,0.0,0.9533390402793884,0.000436472473666,0.0004572568868752,0.0457672588527202,0.0,0.9416998028755188,0.0012262798845767,0.0013509863056242,0.055722989141941,0.0,0.965165376663208,0.0002078440447803,8.313761645695195e-05,0.0345436781644821,0.0,0.916737735271454,0.0023278533481061,0.0016211834736168,0.0793132856488227,0.0,0.9424064755439758,0.0016003991477191,0.0011847109999507,0.0548084750771522,0.0,0.944734275341034,0.0006027477211318,0.0003325504658278,0.0543304309248924,0.0,0.9539210200309753,0.0004364724736660719,0.00039490367635153234,0.045247647911310196,0.0
89,0.9717332720756532,0.0,0.0,0.0282667893916368,0.0,0.9716916680336,0.0,0.0,0.0283083580434322,0.0,0.971359133720398,0.0,0.0,0.0286409091204404,0.0,0.9714422821998596,0.0,0.0,0.0285577718168497,0.0,0.9716501235961914,0.0,0.0,0.0283499266952276,0.0,0.9714630246162416,0.0,0.0,0.0285369865596294,0.0,0.9715461730957032,0.0,0.0,0.0284538492560386,0.0,0.9716501235961914,0.0,0.0,0.0283499266952276,0.0,0.9716501235961914,0.0,0.0,0.0283499266952276,0.0,0.9716293215751648,0.0,0.0,0.0283707119524478,0.0,0.9716708660125732,0.0,0.0,0.0283291433006525,0.0,0.9716085195541382,0.0,0.0,0.028391495347023,0.0,0.9715877771377563,0.0,0.0,0.0284122806042432,0.0,0.9717748165130616,0.0,0.0,0.0282252207398414,0.0,0.9716085195541382,0.0,0.0,0.028391495347023,0.0,0.9716085195541382,0.0,0.0,0.028391495347023,0.0,0.9717124700546264,0.0,0.0,0.0282875746488571,0.0,0.9715461730957032,0.0,0.0,0.0284538492560386,0.0,0.971795618534088,0.0,0.0,0.0282044354826211,0.0,0.9716916680336,0.0,0.0,0.0283083580434322,0.0,0.9715046286582948,0.0,0.0,0.028495417907834,0.0,0.9716501235961914,0.0,0.0,0.0283499266952276,0.0,0.9716293215751648,0.0,0.0,0.0283707119524478,0.0,0.9716085195541382,0.0,0.0,0.028391495347023,0.0,0.9715877771377563,0.0,0.0,0.0284122806042432,0.0,0.9716708660125732,0.0,0.0,0.0283291433006525,0.0,0.9716293215751648,0.0,0.0,0.0283707119524478,0.0,0.9716708660125732,0.0,0.0,0.0283291433006525,0.0,0.9716916680336,0.0,0.0,0.0283083580434322,0.0,0.9716501235961914,0.0,0.0,0.0283499266952276,0.0,0.9380001425743104,0.0009352981578558,0.0009560826001688,0.0600877106189727,2.0784404114237987e-05,0.9415958523750304,0.0008521605632267,0.0013302018633112,0.0562218129634857,0.0,0.9612579345703124,0.0005611788947135,0.0004572568868752,0.0377236939966678,0.0,0.9428429007530212,0.0006443165475502,0.0004780413000844,0.056034754961729,0.0,0.9314738512039183,0.0012262798845767,0.0012678486527875,0.0660320520401001,0.0,0.96246337890625,0.0,0.0,0.0375366322696208,0.0,0.944526433944702,0.001163926674053,0.000789807352703,0.0535198412835598,0.0,0.9447758793830872,0.0005403945106081,0.0002909816685132,0.054392784833908,0.0,0.9625465273857116,0.0002286284434376,0.0003117660526186,0.0369131006300449,0.0,0.947041392326355,0.0008313761791214,0.0008937293896451,0.0512335561215877,0.0,0.9574127793312072,0.0014133395161479,0.001163926674053,0.0400099791586399,0.0,0.9454202055931092,0.0008105917368084,0.0008521605632267,0.0529170930385589,0.0,0.9434456825256348,0.0005403945106081,0.0005196101265028,0.0554943606257438,0.0,0.9545445442199708,0.0006027477211318,0.0005196101265028,0.0443123504519462,2.0784404114237987e-05,0.9468958973884584,0.0006027477211318,0.0006651009316556,0.0518363043665885,0.0,0.9486417770385742,0.0002494128420948,0.0005403945106081,0.0505476705729961,2.0784404114237987e-05,0.9479766488075256,0.0008521605632267,0.0010184358106926,0.0501111969351768,4.156880822847597e-05,0.9625257253646852,2.0784404114237987e-05,0.0001454908342566,0.0373080037534236,0.0,0.9474154710769652,0.0009352981578558,0.0008521605632267,0.0507762990891933,2.0784404114237987e-05,0.9444433450698853,0.0008937293896451,0.0006858853157609,0.053956314921379,2.0784404114237987e-05,0.960010826587677,0.0001662752329139,0.0003325504658278,0.0394903682172298,0.0,0.957101047039032,0.000789807352703,0.0010392202530056,0.0410699807107448,0.0,0.9401825070381165,0.0008937293896451,0.0009560826001688,0.0579677037894725,0.0,0.95311039686203,0.0004156880895607,0.0005196101265028,0.0459543168544769,0.0,0.9410762786865234,0.0014964770525693,0.0013509863056242,0.0560763217508792,0.0,0.9650198817253112,0.0002286284434376,6.235321052372456e-05,0.0346891693770885,0.0,0.9160102605819702,0.0020992248319089,0.0022862844634801,0.0796042680740356,0.0,0.9417828917503356,0.0017874587792903,0.0012678486527875,0.0551618076860904,0.0,0.9444433450698853,0.0007274541421793,0.0003117660526186,0.0545174926519393,0.0,0.9536715745925903,0.00029098166851326823,0.000602747721131891,0.045434705913066864,0.0
90,0.9662877321243286,0.0,0.0,0.0337123051285743,0.0,0.9662461876869202,0.0,0.0,0.0337538719177246,0.0,0.9659135937690736,0.0,0.0,0.0340864211320877,0.0,0.9659967422485352,0.0,0.0,0.0340032838284969,0.0,0.9662045836448668,0.0,0.0,0.0337954424321651,0.0,0.9660175442695618,0.0,0.0,0.0339825004339218,0.0,0.9661006927490234,0.0,0.0,0.033899363130331,0.0,0.9662045836448668,0.0,0.0,0.0337954424321651,0.0,0.9662045836448668,0.0,0.0,0.0337954424321651,0.0,0.9661837816238404,0.0,0.0,0.0338162258267402,0.0,0.9662253856658936,0.0,0.0,0.0337746553122997,0.0,0.9661630392074584,0.0,0.0,0.0338370092213153,0.0,0.966142237186432,0.0,0.0,0.0338577926158905,0.0,0.9663292765617372,0.0,0.0,0.0336707346141338,0.0,0.9661630392074584,0.0,0.0,0.0338370092213153,0.0,0.9661630392074584,0.0,0.0,0.0338370092213153,0.0,0.966266930103302,0.0,0.0,0.0337330885231494,0.0,0.9661006927490234,0.0,0.0,0.033899363130331,0.0,0.9663500785827636,0.0,0.0,0.0336499512195587,0.0,0.9662461876869202,0.0,0.0,0.0337538719177246,0.0,0.9660590887069702,0.0,0.0,0.0339409336447715,0.0,0.9662045836448668,0.0,0.0,0.0337954424321651,0.0,0.9661837816238404,0.0,0.0,0.0338162258267402,0.0,0.9661630392074584,0.0,0.0,0.0338370092213153,0.0,0.966142237186432,0.0,0.0,0.0338577926158905,0.0,0.9662253856658936,0.0,0.0,0.0337746553122997,0.0,0.9661837816238404,0.0,0.0,0.0338162258267402,0.0,0.9662253856658936,0.0,0.0,0.0337746553122997,0.0,0.9662461876869202,0.0,0.0,0.0337538719177246,0.0,0.9662045836448668,0.0,0.0,0.0337954424321651,0.0,0.9323468208312988,0.0008313761791214,0.00114314223174,0.0656579360365867,2.0784404114237987e-05,0.935693085193634,0.001122357789427,0.0013302018633112,0.0618543848395347,0.0,0.9557084441184998,0.0005819633370265,0.0004988256841897,0.0432107746601104,0.0,0.9372934699058532,0.0005611788947135,0.0006027477211318,0.0615426190197467,0.0,0.925633430480957,0.0012054954422637,0.0014964770525693,0.0716438442468643,2.0784404114237987e-05,0.9570178985595704,0.0,0.0,0.0429821461439132,0.0,0.9387691617012024,0.0013094174209982,0.0008937293896451,0.0590277090668678,0.0,0.9392887949943542,0.0004780413000844,0.0003325504658278,0.0598798692226409,2.0784404114237987e-05,0.9570387005805968,0.0002286284434376,0.0003533348790369,0.0423794016242027,0.0,0.9413048624992372,0.0008105917368084,0.0011847109999507,0.0566998533904552,0.0,0.951551616191864,0.0014964770525693,0.0013302018633112,0.0456217676401138,0.0,0.939808428287506,0.0008729449473321,0.0008313761791214,0.0584873147308826,0.0,0.9376468062400818,0.0006651009316556,0.0007066697580739,0.0609814412891864,0.0,0.948974311351776,0.0006443165475502,0.0005196101265028,0.0498410016298294,2.0784404114237987e-05,0.9414295554161072,0.0003949036763515,0.0008105917368084,0.0573649555444717,0.0,0.942863702774048,0.0004988256841897,0.0006235321052372,0.0559931844472885,2.0784404114237987e-05,0.9421362280845642,0.0010600045789033,0.0008729449473321,0.0558892637491226,4.156880822847597e-05,0.9570802450180054,0.0,0.0001454908342566,0.0427743047475814,0.0,0.9416790008544922,0.0010392202530056,0.0009352981578558,0.0563257336616516,2.0784404114237987e-05,0.9388731122016908,0.0007274541421793,0.0008937293896451,0.0594849660992622,2.0784404114237987e-05,0.9543575048446656,0.0003533348790369,0.0003533348790369,0.0449358820915222,0.0,0.9513437747955322,0.0009352981578558,0.0009976513683795,0.0467233397066593,0.0,0.9343836903572084,0.0010392202530056,0.001122357789427,0.0634547844529151,0.0,0.9472284317016602,0.0007274541421793,0.0006235321052372,0.0514206141233444,0.0,0.9352774024009703,0.0015380459371954,0.0013717706315219,0.0618128180503845,0.0,0.9595119953155518,0.0002078440447803,0.0001454908342566,0.0401346832513809,0.0,0.9096918106079102,0.0024525597691535,0.0025564816314727,0.0852991938591003,0.0,0.9355475902557372,0.0020368716213852,0.0016419679159298,0.0607528127729892,2.0784404114237987e-05,0.9389354586601256,0.0006858853157609,0.0002909816685132,0.0600877106189727,0.0,0.9477688074111938,0.0006858853157609701,0.000602747721131891,0.05094257369637489,0.0
91,0.9661214351654052,0.0,0.0,0.0338785797357559,0.0,0.9660798907279968,0.0,0.0,0.0339201465249061,0.0,0.9657473564147948,0.0,0.0,0.0342526994645595,0.0,0.9658304452896118,0.0,0.0,0.0341695621609687,0.0,0.9660383462905884,0.0,0.0,0.0339617170393466,0.0,0.9658512473106384,0.0,0.0,0.0341487750411033,0.0,0.9659343957901,0.0,0.0,0.0340656377375125,0.0,0.9660383462905884,0.0,0.0,0.0339617170393466,0.0,0.9660383462905884,0.0,0.0,0.0339617170393466,0.0,0.9660175442695618,0.0,0.0,0.0339825004339218,0.0,0.9660590887069702,0.0,0.0,0.0339409336447715,0.0,0.9659967422485352,0.0,0.0,0.0340032838284969,0.0,0.9659759402275084,0.0,0.0,0.0340240709483623,0.0,0.9661630392074584,0.0,0.0,0.0338370092213153,0.0,0.9659967422485352,0.0,0.0,0.0340032838284969,0.0,0.9659967422485352,0.0,0.0,0.0340032838284969,0.0,0.9661006927490234,0.0,0.0,0.033899363130331,0.0,0.9659343957901,0.0,0.0,0.0340656377375125,0.0,0.9661837816238404,0.0,0.0,0.0338162258267402,0.0,0.9660798907279968,0.0,0.0,0.0339201465249061,0.0,0.9658928513526917,0.0,0.0,0.0341072082519531,0.0,0.9660383462905884,0.0,0.0,0.0339617170393466,0.0,0.9660175442695618,0.0,0.0,0.0339825004339218,0.0,0.9659967422485352,0.0,0.0,0.0340032838284969,0.0,0.9659759402275084,0.0,0.0,0.0340240709483623,0.0,0.9660590887069702,0.0,0.0,0.0339409336447715,0.0,0.9660175442695618,0.0,0.0,0.0339825004339218,0.0,0.9660590887069702,0.0,0.0,0.0339409336447715,0.0,0.9660798907279968,0.0,0.0,0.0339201465249061,0.0,0.9660383462905884,0.0,0.0,0.0339617170393466,0.0,0.9319726824760436,0.0008521605632267,0.0011847109999507,0.0659696981310844,2.0784404114237987e-05,0.9353189468383788,0.0010807890212163,0.0014133395161479,0.0621869377791881,0.0,0.9553551077842712,0.000436472473666,0.0007482385262846,0.043460190296173,0.0,0.9370856285095216,0.0004780413000844,0.0005611788947135,0.0618751719594001,0.0,0.9251554012298584,0.0012678486527875,0.0016003991477191,0.071955606341362,2.0784404114237987e-05,0.956851601600647,0.0,0.0,0.0431484244763851,0.0,0.938415825366974,0.00114314223174,0.0010184358106926,0.0594226121902465,0.0,0.9391017556190492,0.0002078440447803,0.0005819633370265,0.0600877106189727,2.0784404114237987e-05,0.9568307995796204,0.0002494128420948,0.0003325504658278,0.0425872430205345,0.0,0.9409307837486268,0.0009352981578558,0.0012054954422637,0.0569284819066524,0.0,0.9511982798576356,0.0015172614948824,0.0013509863056242,0.0459335334599018,0.0,0.9396005272865297,0.0006443165475502,0.0009352981578558,0.0588198639452457,0.0,0.9373350739479064,0.0007690229685977,0.0006651009316556,0.0612308531999588,0.0,0.9486209750175476,0.0005819633370265,0.0006651009316556,0.0501111969351768,2.0784404114237987e-05,0.9412009716033936,0.0003741192631423,0.0008105917368084,0.057614367455244,0.0,0.9426143169403076,0.0004988256841897,0.0006443165475502,0.0562218129634857,2.0784404114237987e-05,0.9418244957923888,0.0008521605632267,0.0011015734635293,0.0561802461743354,4.156880822847597e-05,0.9568724036216736,4.156880822847597e-05,0.0001454908342566,0.042940579354763,0.0,0.9413880109786988,0.0009352981578558,0.0010392202530056,0.0566167160868644,2.0784404114237987e-05,0.9385821223258972,0.0007482385262846,0.0008729449473321,0.0597759447991848,2.0784404114237987e-05,0.954087257385254,0.0003949036763515,0.0003533348790369,0.0451645106077194,0.0,0.9510735273361206,0.0007482385262846,0.00114314223174,0.0470351055264472,0.0,0.9341135025024414,0.0008729449473321,0.0012678486527875,0.063745766878128,0.0,0.9469582438468932,0.0007482385262846,0.0006235321052372,0.051670029759407,0.0,0.934986412525177,0.0014341238420456,0.0014133395161479,0.062166154384613,0.0,0.9592626094818116,0.000270197255304,0.0001039220223901,0.0403633117675781,0.0,0.9090682864189148,0.0024109908845275,0.0026604037266224,0.0858603715896606,0.0,0.9351527094841005,0.0019953027367591,0.0017458898946642,0.0610853619873523,2.0784404114237987e-05,0.9386860132217408,0.0005196101265028,0.0005196101265028,0.0602747723460197,0.0,0.9475609660148621,0.0006858853157609701,0.000561178894713521,0.05119198560714722,0.0
92,0.9648120403289796,0.0,0.0,0.0351879969239234,0.0,0.964770495891571,0.0,0.0,0.0352295637130737,0.0,0.9644379019737244,0.0,0.0,0.0355621166527271,0.0,0.964521050453186,0.0,0.0,0.0354789793491363,0.0,0.9647288918495178,0.0,0.0,0.0352711342275142,0.0,0.9645418524742126,0.0,0.0,0.0354581922292709,0.0,0.9646250009536744,0.0,0.0,0.0353750549256801,0.0,0.9647288918495178,0.0,0.0,0.0352711342275142,0.0,0.9647288918495178,0.0,0.0,0.0352711342275142,0.0,0.9647080898284912,0.0,0.0,0.0352919176220893,0.0,0.9647496938705444,0.0,0.0,0.0352503508329391,0.0,0.9646873474121094,0.0,0.0,0.0353127010166645,0.0,0.9646665453910828,0.0,0.0,0.0353334881365299,0.0,0.964853584766388,0.0,0.0,0.0351464264094829,0.0,0.9646873474121094,0.0,0.0,0.0353127010166645,0.0,0.9646873474121094,0.0,0.0,0.0353127010166645,0.0,0.9647912383079528,0.0,0.0,0.0352087803184986,0.0,0.9646250009536744,0.0,0.0,0.0353750549256801,0.0,0.9648743867874146,0.0,0.0,0.0351256430149078,0.0,0.964770495891571,0.0,0.0,0.0352295637130737,0.0,0.9645833969116212,0.0,0.0,0.0354166254401207,0.0,0.9647288918495178,0.0,0.0,0.0352711342275142,0.0,0.9647080898284912,0.0,0.0,0.0352919176220893,0.0,0.9646873474121094,0.0,0.0,0.0353127010166645,0.0,0.9646665453910828,0.0,0.0,0.0353334881365299,0.0,0.9647496938705444,0.0,0.0,0.0352503508329391,0.0,0.9647080898284912,0.0,0.0,0.0352919176220893,0.0,0.9647496938705444,0.0,0.0,0.0352503508329391,0.0,0.964770495891571,0.0,0.0,0.0352295637130737,0.0,0.9647288918495178,0.0,0.0,0.0352711342275142,0.0,0.9305177927017212,0.0006858853157609,0.0013094174209982,0.0674661770462989,2.0784404114237987e-05,0.933822512626648,0.0010184358106926,0.0014756927266716,0.0636834129691124,0.0,0.9539625644683838,0.0004572568868752,0.0007274541421793,0.0448527447879314,0.0,0.9356099367141724,0.0005196101265028,0.0006235321052372,0.0632469430565834,0.0,0.9237212538719176,0.0010600045789033,0.0016419679159298,0.0735560059547424,2.0784404114237987e-05,0.9555422067642212,0.0,0.0,0.0444578416645526,0.0,0.9368362426757812,0.00114314223174,0.001122357789427,0.0608983039855957,0.0,0.93775075674057,0.0001870596315711,0.0006027477211318,0.0614386983215808,2.0784404114237987e-05,0.9553551077842712,0.0003533348790369,0.0003325504658278,0.0439590141177177,0.0,0.939434289932251,0.0008937293896451,0.0012262798845767,0.0584457442164421,0.0,0.9497017860412598,0.0012054954422637,0.0014964770525693,0.0475962869822979,0.0,0.938145637512207,0.0006443165475502,0.0009976513683795,0.060212418437004,0.0,0.9359217286109924,0.0007482385262846,0.0006235321052372,0.0627065449953079,0.0,0.9472076296806335,0.0005403945106081,0.0007690229685977,0.0514621846377849,2.0784404114237987e-05,0.9397876262664796,0.000436472473666,0.0007274541421793,0.0590484924614429,0.0,0.9412633180618286,0.0005403945106081,0.0005819633370265,0.0575935840606689,2.0784404114237987e-05,0.9404111504554749,0.0008105917368084,0.001163926674053,0.0575728006660938,4.156880822847597e-05,0.9555630087852478,4.156880822847597e-05,0.0001454908342566,0.0442499965429306,0.0,0.9399123191833496,0.0009145137737505,0.0010600045789033,0.0580924078822135,2.0784404114237987e-05,0.9371895790100098,0.0006651009316556,0.0008105917368084,0.0613139905035495,2.0784404114237987e-05,0.9527363181114196,0.0003949036763515,0.0003533348790369,0.0465154945850372,0.0,0.9496394395828248,0.000789807352703,0.0010184358106926,0.0485523678362369,0.0,0.9326170086860656,0.0008313761791214,0.0011847109999507,0.0653669536113739,0.0,0.9456280469894408,0.0006651009316556,0.0005819633370265,0.053124938160181,0.0,0.9335315227508544,0.001122357789427,0.0016211834736168,0.0637249797582626,0.0,0.9579116106033324,0.0002078440447803,0.0002078440447803,0.0416727289557457,0.0,0.9073639512062072,0.0023278533481061,0.0027227569371461,0.0875854790210723,0.0,0.9336146712303162,0.0017458898946642,0.0020160872954875,0.062602624297142,2.0784404114237987e-05,0.9372727274894714,0.0004156880895607,0.0006443165475502,0.061667326837778,0.0,0.9461892247200012,0.0006858853157609701,0.0005403945106081665,0.05258454382419586,0.0
93,0.9647288918495178,0.0,0.0,0.0352711342275142,0.0,0.9646873474121094,0.0,0.0,0.0353127010166645,0.0,0.9643547534942628,0.0,0.0,0.0356452539563179,0.0,0.9644379019737244,0.0,0.0,0.0355621166527271,0.0,0.9646457433700562,0.0,0.0,0.035354271531105,0.0,0.964458703994751,0.0,0.0,0.0355413295328617,0.0,0.9645418524742126,0.0,0.0,0.0354581922292709,0.0,0.9646457433700562,0.0,0.0,0.035354271531105,0.0,0.9646457433700562,0.0,0.0,0.035354271531105,0.0,0.9646250009536744,0.0,0.0,0.0353750549256801,0.0,0.9646665453910828,0.0,0.0,0.0353334881365299,0.0,0.9646041989326476,0.0,0.0,0.0353958420455455,0.0,0.9645833969116212,0.0,0.0,0.0354166254401207,0.0,0.964770495891571,0.0,0.0,0.0352295637130737,0.0,0.9646041989326476,0.0,0.0,0.0353958420455455,0.0,0.9646041989326476,0.0,0.0,0.0353958420455455,0.0,0.9647080898284912,0.0,0.0,0.0352919176220893,0.0,0.9645418524742126,0.0,0.0,0.0354581922292709,0.0,0.9647912383079528,0.0,0.0,0.0352087803184986,0.0,0.9646873474121094,0.0,0.0,0.0353127010166645,0.0,0.9645002484321594,0.0,0.0,0.0354997627437114,0.0,0.9646457433700562,0.0,0.0,0.035354271531105,0.0,0.9646250009536744,0.0,0.0,0.0353750549256801,0.0,0.9646041989326476,0.0,0.0,0.0353958420455455,0.0,0.9645833969116212,0.0,0.0,0.0354166254401207,0.0,0.9646665453910828,0.0,0.0,0.0353334881365299,0.0,0.9646250009536744,0.0,0.0,0.0353750549256801,0.0,0.9646665453910828,0.0,0.0,0.0353334881365299,0.0,0.9646873474121094,0.0,0.0,0.0353127010166645,0.0,0.9646457433700562,0.0,0.0,0.035354271531105,0.0,0.9302683472633362,0.0007274541421793,0.0012262798845767,0.0677571594715118,2.0784404114237987e-05,0.933635413646698,0.0009560826001688,0.0014341238420456,0.0639743953943252,0.0,0.9537339806556702,0.0005196101265028,0.0007482385262846,0.0449982360005378,0.0,0.9354644417762756,0.0003741192631423,0.0007482385262846,0.0634132176637649,0.0,0.9233055710792542,0.001163926674053,0.0015172614948824,0.0739924758672714,2.0784404114237987e-05,0.9554590582847596,0.0,0.0,0.0445409789681434,0.0,0.9365660548210144,0.0009560826001688,0.0012886330951005,0.0611892864108085,0.0,0.9376468062400818,0.0001247064210474,0.0006443165475502,0.0615634061396122,2.0784404114237987e-05,0.9552720189094543,0.000270197255304,0.0003117660526186,0.0441460758447647,0.0,0.9391433000564576,0.0008937293896451,0.001122357789427,0.0588406473398208,0.0,0.949244499206543,0.001163926674053,0.001808243105188,0.0477833449840545,0.0,0.937958598136902,0.0004572568868752,0.0010807890212163,0.0605034008622169,0.0,0.9357346296310424,0.0007066697580739,0.0006858853157609,0.0628728196024894,0.0,0.9469374418258668,0.0006027477211318,0.0008105917368084,0.0516284592449665,2.0784404114237987e-05,0.9395797848701476,0.0003117660526186,0.0008521605632267,0.059256337583065,0.0,0.9411386251449584,0.0004988256841897,0.0004572568868752,0.0578845664858818,2.0784404114237987e-05,0.9402448534965516,0.0007274541421793,0.001163926674053,0.0578222125768661,4.156880822847597e-05,0.9554590582847596,6.235321052372456e-05,4.156880822847597e-05,0.0444370545446872,0.0,0.9396213293075562,0.000789807352703,0.0011015734635293,0.0584665276110172,2.0784404114237987e-05,0.9369401335716248,0.0004988256841897,0.0009768670424818,0.0615634061396122,2.0784404114237987e-05,0.9525700211524964,0.000436472473666,0.0002286284434376,0.0467649102210998,0.0,0.9493484497070312,0.0007482385262846,0.0009976513683795,0.0489057041704654,0.0,0.932409167289734,0.0007690229685977,0.001122357789427,0.065699502825737,0.0,0.9453994035720824,0.0007066697580739,0.0005403945106081,0.0533535666763782,0.0,0.9331573843955994,0.0009145137737505,0.0017251055687665,0.0642030239105224,0.0,0.9577869176864624,0.0002286284434376,0.0002286284434376,0.0417558662593364,0.0,0.9068235754966736,0.0021823623683303,0.002930600894615,0.0880635231733322,0.0,0.9331989884376526,0.0015796147054061,0.0020992248319089,0.0631014481186866,2.0784404114237987e-05,0.937106430530548,0.0003325504658278,0.0007690229685977,0.0617920346558094,0.0,0.9460229277610779,0.000644316547550261,0.000561178894713521,0.05277160182595253,0.0
94,0.9601147770881652,0.0,0.0,0.0398852713406086,0.0,0.960073173046112,0.0,0.0,0.0399268418550491,0.0,0.9597406387329102,0.0,0.0,0.0402593910694122,0.0,0.9598237872123718,0.0,0.0,0.0401762537658214,0.0,0.9600316286087036,0.0,0.0,0.0399684086441993,0.0,0.9598445892333984,0.0,0.0,0.0401554703712463,0.0,0.9599276781082152,0.0,0.0,0.0400723293423652,0.0,0.9600316286087036,0.0,0.0,0.0399684086441993,0.0,0.9600316286087036,0.0,0.0,0.0399684086441993,0.0,0.960010826587677,0.0,0.0,0.0399891920387744,0.0,0.9600524306297302,0.0,0.0,0.0399476252496242,0.0,0.9599900841712952,0.0,0.0,0.0400099791586399,0.0,0.9599692821502686,0.0,0.0,0.040030762553215,0.0,0.9601563215255736,0.0,0.0,0.039843700826168,0.0,0.9599900841712952,0.0,0.0,0.0400099791586399,0.0,0.9599900841712952,0.0,0.0,0.0400099791586399,0.0,0.9600939750671388,0.0,0.0,0.0399060547351837,0.0,0.9599276781082152,0.0,0.0,0.0400723293423652,0.0,0.9601771235466005,0.0,0.0,0.0398229174315929,0.0,0.960073173046112,0.0,0.0,0.0399268418550491,0.0,0.9598861336708068,0.0,0.0,0.0401138998568058,0.0,0.9600316286087036,0.0,0.0,0.0399684086441993,0.0,0.960010826587677,0.0,0.0,0.0399891920387744,0.0,0.9599900841712952,0.0,0.0,0.0400099791586399,0.0,0.9599692821502686,0.0,0.0,0.040030762553215,0.0,0.9600524306297302,0.0,0.0,0.0399476252496242,0.0,0.960010826587677,0.0,0.0,0.0399891920387744,0.0,0.9600524306297302,0.0,0.0,0.0399476252496242,0.0,0.960073173046112,0.0,0.0,0.0399268418550491,0.0,0.9600316286087036,0.0,0.0,0.0399684086441993,0.0,0.9255087375640868,0.0006651009316556,0.00114314223174,0.072662279009819,2.0784404114237987e-05,0.9289173483848572,0.0006027477211318,0.0013094174209982,0.0691704973578453,0.0,0.9490159153938292,0.0005196101265028,0.0006651009316556,0.0497994311153888,0.0,0.930787980556488,0.0003325504658278,0.0007482385262846,0.0681312754750251,0.0,0.9183381199836732,0.001122357789427,0.0016211834736168,0.0788975954055786,2.0784404114237987e-05,0.950844943523407,0.0,0.0,0.0491551160812377,0.0,0.9317440390586852,0.0008521605632267,0.0014756927266716,0.0659281313419342,0.0,0.932928740978241,0.0001870596315711,0.0005819633370265,0.0662814676761627,2.0784404114237987e-05,0.9506163001060486,0.0002494128420948,0.0002909816685132,0.0488433502614498,0.0,0.9343005418777466,0.0008313761791214,0.001122357789427,0.063745766878128,0.0,0.944401741027832,0.0009768670424818,0.001829027547501,0.0527923852205276,0.0,0.9332197308540344,0.0004156880895607,0.0009768670424818,0.0653877332806587,0.0,0.9309542179107666,0.0005196101265028,0.0008937293896451,0.0676324516534805,0.0,0.9422401785850524,0.0005611788947135,0.0007274541421793,0.0564504414796829,2.0784404114237987e-05,0.9348825216293336,0.0003741192631423,0.0006235321052372,0.0641198903322219,0.0,0.9364413022994996,0.0002494128420948,0.0005819633370265,0.0627065449953079,2.0784404114237987e-05,0.9354644417762756,0.0004988256841897,0.0012470642104744,0.0627481192350387,4.156880822847597e-05,0.9508241415023804,8.313761645695195e-05,2.0784404114237987e-05,0.049071978777647,0.0,0.934612274169922,0.0008937293896451,0.0012262798845767,0.0632469430565834,2.0784404114237987e-05,0.932014226913452,0.0006858853157609,0.0010184358106926,0.0662606805562973,2.0784404114237987e-05,0.9479351043701172,0.0002494128420948,0.0003741192631423,0.0514414012432098,0.0,0.9446927309036256,0.0004780413000844,0.0011015734635293,0.0537276864051818,0.0,0.9277119040489196,0.0004988256841897,0.0012470642104744,0.0705422684550285,0.0,0.9407436847686768,0.0003117660526186,0.0008521605632267,0.0580924078822135,0.0,0.9283561706542968,0.0007482385262846,0.001849811989814,0.069045789539814,0.0,0.9531520009040833,0.0001870596315711,0.0002909816685132,0.0463700070977211,0.0,0.9019392132759094,0.0015796147054061,0.002972169779241,0.0934882462024688,2.0784404114237987e-05,0.9281483292579652,0.0012262798845767,0.002577266190201,0.0680273547768592,2.0784404114237987e-05,0.9324507117271424,0.0003117660526186,0.000789807352703,0.0664477422833442,0.0,0.9413464665412903,0.0002494128420948982,0.0007482385262846947,0.0576559379696846,0.0
95,0.9579116106033324,0.0,0.0,0.0420884191989898,0.0,0.957870066165924,0.0,0.0,0.0421299859881401,0.0,0.9575374722480774,0.0,0.0,0.0424625389277935,0.0,0.9576206207275392,0.0,0.0,0.0423794016242027,0.0,0.9578284621238708,0.0,0.0,0.0421715565025806,0.0,0.9576414227485656,0.0,0.0,0.0423586145043373,0.0,0.9577245712280272,0.0,0.0,0.0422754772007465,0.0,0.9578284621238708,0.0,0.0,0.0421715565025806,0.0,0.9578284621238708,0.0,0.0,0.0421715565025806,0.0,0.957807719707489,0.0,0.0,0.0421923398971557,0.0,0.9578492641448976,0.0,0.0,0.0421507731080055,0.0,0.9577869176864624,0.0,0.0,0.0422131232917308,0.0,0.9577661156654358,0.0,0.0,0.0422339104115963,0.0,0.9579532146453856,0.0,0.0,0.0420468486845493,0.0,0.9577869176864624,0.0,0.0,0.0422131232917308,0.0,0.9577869176864624,0.0,0.0,0.0422131232917308,0.0,0.957890808582306,0.0,0.0,0.0421092025935649,0.0,0.9577245712280272,0.0,0.0,0.0422754772007465,0.0,0.9579739570617676,0.0,0.0,0.0420260652899742,0.0,0.957870066165924,0.0,0.0,0.0421299859881401,0.0,0.957682967185974,0.0,0.0,0.042317047715187,0.0,0.9578284621238708,0.0,0.0,0.0421715565025806,0.0,0.957807719707489,0.0,0.0,0.0421923398971557,0.0,0.9577869176864624,0.0,0.0,0.0422131232917308,0.0,0.9577661156654358,0.0,0.0,0.0422339104115963,0.0,0.9578492641448976,0.0,0.0,0.0421507731080055,0.0,0.957807719707489,0.0,0.0,0.0421923398971557,0.0,0.9578492641448976,0.0,0.0,0.0421507731080055,0.0,0.957870066165924,0.0,0.0,0.0421299859881401,0.0,0.9578284621238708,0.0,0.0,0.0421715565025806,0.0,0.923180878162384,0.0005819633370265,0.0010392202530056,0.0751771926879882,2.0784404114237987e-05,0.9265479445457458,0.0005611788947135,0.0013302018633112,0.0715607032179832,0.0,0.9466672539711,0.0004780413000844,0.0007690229685977,0.0520857162773609,0.0,0.9284601211547852,0.0004156880895607,0.0006027477211318,0.0705214813351631,0.0,0.9158855676651,0.0010600045789033,0.0015172614948824,0.0815164297819137,2.0784404114237987e-05,0.9486417770385742,0.0,0.0,0.051358263939619,0.0,0.929374635219574,0.0008313761791214,0.0014964770525693,0.0682975500822067,0.0,0.9306216835975648,0.000270197255304,0.0004988256841897,0.0685885325074195,2.0784404114237987e-05,0.9483299851417542,0.0002909816685132,0.000270197255304,0.0511088483035564,0.0,0.9319311380386353,0.000789807352703,0.0010184358106926,0.0662606805562973,0.0,0.942011535167694,0.0009768670424818,0.0016835366841405,0.0553072988986969,2.0784404114237987e-05,0.9309542179107666,0.000436472473666,0.0009145137737505,0.0676948055624961,0.0,0.9286264181137084,0.0004988256841897,0.0008105917368084,0.0700642243027687,0.0,0.9398499727249146,0.0005611788947135,0.0008313761791214,0.0587367266416549,2.0784404114237987e-05,0.932533860206604,0.0004572568868752,0.0004572568868752,0.0665516629815101,0.0,0.9341758489608764,0.0002286284434376,0.0005819633370265,0.0649928301572799,2.0784404114237987e-05,0.9330326914787292,0.0005819633370265,0.0012054954422637,0.0651383250951767,4.156880822847597e-05,0.9486209750175476,4.156880822847597e-05,4.156880822847597e-05,0.0512959100306034,0.0,0.932201325893402,0.0009768670424818,0.001163926674053,0.0656371489167213,2.0784404114237987e-05,0.9296863675117492,0.0006858853157609,0.0008521605632267,0.0687548071146011,2.0784404114237987e-05,0.9457111954689026,0.0001662752329139,0.0004572568868752,0.0536653324961662,0.0,0.9424272179603576,0.000436472473666,0.0010392202530056,0.0560971051454544,0.0,0.9252800941467284,0.0006235321052372,0.00114314223174,0.0729532614350318,0.0,0.938415825366974,0.0003325504658278,0.0008313761791214,0.0604202635586261,0.0,0.925882875919342,0.0008937293896451,0.0016627523582428,0.0715607032179832,0.0,0.950907289981842,0.0001454908342566,0.0002909816685132,0.0486562885344028,0.0,0.8994035124778748,0.0014549082843586,0.0029098165687173,0.0962110087275505,2.0784404114237987e-05,0.9256126284599304,0.0013302018633112,0.0022655001375824,0.0707708969712257,2.0784404114237987e-05,0.9301851987838744,0.0002909816685132,0.0007690229685977,0.0687548071146011,0.0,0.9389770030975342,0.00037411926314234734,0.0007274541421793401,0.05992143601179123,0.0
96,0.9550225734710692,0.0,0.0,0.0449774488806724,0.0,0.9549810290336608,0.0,0.0,0.0450190193951129,0.0,0.954648494720459,0.0,0.0,0.045351568609476,0.0,0.954731583595276,0.0,0.0,0.0452684313058853,0.0,0.9549394249916076,0.0,0.0,0.0450605899095535,0.0,0.9547523856163024,0.0,0.0,0.0452476479113101,0.0,0.9548355340957642,0.0,0.0,0.0451645106077194,0.0,0.9549394249916076,0.0,0.0,0.0450605899095535,0.0,0.9549394249916076,0.0,0.0,0.0450605899095535,0.0,0.9549186825752258,0.0,0.0,0.0450813733041286,0.0,0.9549602270126344,0.0,0.0,0.0450398027896881,0.0,0.9548978805541992,0.0,0.0,0.0451021566987037,0.0,0.9548770785331726,0.0,0.0,0.0451229400932788,0.0,0.9550641775131226,0.0,0.0,0.0449358820915222,0.0,0.9548978805541992,0.0,0.0,0.0451021566987037,0.0,0.9548978805541992,0.0,0.0,0.0451021566987037,0.0,0.9550017714500428,0.0,0.0,0.0449982360005378,0.0,0.9548355340957642,0.0,0.0,0.0451645106077194,0.0,0.9550849199295044,0.0,0.0,0.0449150986969471,0.0,0.9549810290336608,0.0,0.0,0.0450190193951129,0.0,0.9547939300537108,0.0,0.0,0.0452060773968696,0.0,0.9549394249916076,0.0,0.0,0.0450605899095535,0.0,0.9549186825752258,0.0,0.0,0.0450813733041286,0.0,0.9548978805541992,0.0,0.0,0.0451021566987037,0.0,0.9548770785331726,0.0,0.0,0.0451229400932788,0.0,0.9549602270126344,0.0,0.0,0.0450398027896881,0.0,0.9549186825752258,0.0,0.0,0.0450813733041286,0.0,0.9549602270126344,0.0,0.0,0.0450398027896881,0.0,0.9549810290336608,0.0,0.0,0.0450190193951129,0.0,0.9549394249916076,0.0,0.0,0.0450605899095535,0.0,0.9201255440711976,0.0006027477211318,0.0009976513683795,0.0782532840967178,2.0784404114237987e-05,0.9234718680381776,0.0005611788947135,0.0012678486527875,0.0746991485357284,0.0,0.9437366724014282,0.000436472473666,0.0005196101265028,0.0553072988986969,0.0,0.9255295395851136,0.0002909816685132,0.0006443165475502,0.073535218834877,0.0,0.9126847386360168,0.0012470642104744,0.0013925550738349,0.0846548750996589,2.0784404114237987e-05,0.945752739906311,0.0,0.0,0.0542472936213016,0.0,0.9262569546699524,0.000789807352703,0.0014133395161479,0.0715399160981178,0.0,0.9276703000068665,0.0002909816685132,0.0002494128420948,0.071768544614315,2.0784404114237987e-05,0.9454202055931092,0.0001454908342566,0.0004156880895607,0.0540186651051044,0.0,0.9288342595100404,0.0008105917368084,0.001122357789427,0.0692328512668609,0.0,0.938727617263794,0.0011847109999507,0.0017043211264535,0.0583626069128513,2.0784404114237987e-05,0.9276911020278932,0.0006651009316556,0.000789807352703,0.0708540305495262,0.0,0.925571084022522,0.0005611788947135,0.0008729449473321,0.0729948282241821,0.0,0.9368985891342164,0.0005196101265028,0.0006858853157609,0.0618751719594001,2.0784404114237987e-05,0.9295616745948792,0.000436472473666,0.0004780413000844,0.0695238336920738,0.0,0.9310789704322816,0.0003949036763515,0.0005403945106081,0.0679650008678436,2.0784404114237987e-05,0.9298942685127258,0.0007274541421793,0.0009560826001688,0.0683806911110878,4.156880822847597e-05,0.9457319378852844,4.156880822847597e-05,4.156880822847597e-05,0.0541849397122859,0.0,0.9292291402816772,0.0008937293896451,0.0011015734635293,0.0687548071146011,2.0784404114237987e-05,0.9266934394836426,0.0007066697580739,0.0008313761791214,0.0717477649450302,2.0784404114237987e-05,0.9428013563156128,0.0001454908342566,0.000436472473666,0.0566167160868644,0.0,0.9394134879112244,0.000436472473666,0.0008729449473321,0.0592771209776401,0.0,0.9222871661186218,0.0005403945106081,0.0010600045789033,0.0761124864220619,0.0,0.9354436993598938,0.0003949036763515,0.0007690229685977,0.0633924305438995,0.0,0.9225988984107972,0.00114314223174,0.0015796147054061,0.074678361415863,0.0,0.9479766488075256,0.0001454908342566,0.0003117660526186,0.0515661053359508,0.0,0.8961403965950012,0.0014341238420456,0.0028058944735676,0.0995988622307777,2.0784404114237987e-05,0.922474205493927,0.0013509863056242,0.0022239312529563,0.0739301219582557,2.0784404114237987e-05,0.9272130727767944,0.000270197255304,0.0006235321052372,0.0718932524323463,0.0,0.9360464215278625,0.0003533348790369928,0.0007482385262846947,0.06285203993320465,0.0
97,0.9518218040466307,0.0,0.0,0.0481782481074333,0.0,0.9517802000045776,0.0,0.0,0.0482198186218738,0.0,0.9514476656913756,0.0,0.0,0.0485523678362369,0.0,0.9515308141708374,0.0,0.0,0.0484692305326461,0.0,0.9517386555671692,0.0,0.0,0.048261385411024,0.0,0.951551616191864,0.0,0.0,0.048448447138071,0.0,0.9516347050666808,0.0,0.0,0.0483653098344802,0.0,0.9517386555671692,0.0,0.0,0.048261385411024,0.0,0.9517386555671692,0.0,0.0,0.048261385411024,0.0,0.9517178535461426,0.0,0.0,0.0482821725308895,0.0,0.9517594575881958,0.0,0.0,0.0482406020164489,0.0,0.951697051525116,0.0,0.0,0.0483029559254646,0.0,0.951676309108734,0.0,0.0,0.0483237393200397,0.0,0.9518633484840392,0.0,0.0,0.048136681318283,0.0,0.951697051525116,0.0,0.0,0.0483029559254646,0.0,0.951697051525116,0.0,0.0,0.0483029559254646,0.0,0.9518010020256042,0.0,0.0,0.0481990315020084,0.0,0.9516347050666808,0.0,0.0,0.0483653098344802,0.0,0.951884150505066,0.0,0.0,0.0481158941984176,0.0,0.9517802000045776,0.0,0.0,0.0482198186218738,0.0,0.9515931606292723,0.0,0.0,0.0484068766236305,0.0,0.9517386555671692,0.0,0.0,0.048261385411024,0.0,0.9517178535461426,0.0,0.0,0.0482821725308895,0.0,0.951697051525116,0.0,0.0,0.0483029559254646,0.0,0.951676309108734,0.0,0.0,0.0483237393200397,0.0,0.9517594575881958,0.0,0.0,0.0482406020164489,0.0,0.9517178535461426,0.0,0.0,0.0482821725308895,0.0,0.9517594575881958,0.0,0.0,0.0482406020164489,0.0,0.9517802000045776,0.0,0.0,0.0482198186218738,0.0,0.9517386555671692,0.0,0.0,0.048261385411024,0.0,0.9166961312294006,0.0006651009316556,0.0008521605632267,0.0817658454179763,2.0784404114237987e-05,0.9201048016548156,0.0006235321052372,0.001122357789427,0.0781493559479713,0.0,0.9403903484344482,0.000436472473666,0.0006027477211318,0.0585704520344734,0.0,0.9222455620765686,0.0003117660526186,0.0005819633370265,0.0768607258796691,0.0,0.9094631671905518,0.0009352981578558,0.0013925550738349,0.0881882235407829,2.0784404114237987e-05,0.9425519704818726,0.0,0.0,0.0574480928480625,0.0,0.9227235913276672,0.0009352981578558,0.0013302018633112,0.0750109180808067,0.0,0.9243447780609132,0.0003949036763515,0.0002078440447803,0.0750316977500915,2.0784404114237987e-05,0.9420738816261292,0.0002909816685132,0.0003533348790369,0.0572818182408809,0.0,0.9253008961677552,0.0009352981578558,0.0011015734635293,0.072662279009819,0.0,0.9353397488594056,0.0009976513683795,0.0015796147054061,0.0620622299611568,2.0784404114237987e-05,0.9244279265403748,0.0006235321052372,0.0007482385262846,0.0742003247141838,0.0,0.9222455620765686,0.0005819633370265,0.0008521605632267,0.0763203352689743,0.0,0.9336562156677246,0.0003741192631423,0.0007274541421793,0.0652214586734771,2.0784404114237987e-05,0.926340103149414,0.0003325504658278,0.0005611788947135,0.0727661997079849,0.0,0.9276703000068665,0.0005611788947135,0.0005819633370265,0.0711658000946044,2.0784404114237987e-05,0.9265479445457458,0.000789807352703,0.0008937293896451,0.0717269778251648,4.156880822847597e-05,0.942531168460846,2.0784404114237987e-05,6.235321052372456e-05,0.0573857389390468,0.0,0.9257373809814452,0.0009768670424818,0.001122357789427,0.0721426680684089,2.0784404114237987e-05,0.9233471751213074,0.0006858853157609,0.0008313761791214,0.0751148387789726,2.0784404114237987e-05,0.9394550919532776,0.0002078440447803,0.0004780413000844,0.0598590821027755,0.0,0.936087965965271,0.0003533348790369,0.0009976513683795,0.0625610575079917,0.0,0.91892009973526,0.0005819633370265,0.0009560826001688,0.0795419141650199,0.0,0.9321597218513488,0.0003325504658278,0.0008105917368084,0.0666971504688263,0.0,0.919252634048462,0.0009976513683795,0.0014133395161479,0.0783364176750183,0.0,0.944588840007782,0.0002909816685132,0.0002494128420948,0.0548708252608776,0.0,0.8924199342727661,0.0014964770525693,0.0027851101476699,0.1032777056097984,2.0784404114237987e-05,0.9189616441726683,0.0013302018633112,0.0020784405060112,0.0776089653372764,2.0784404114237987e-05,0.9239083528518676,0.0002909816685132,0.0004988256841897,0.075301893055439,0.0,0.9327001571655273,0.00041568808956071734,0.0007690229685977101,0.06611519306898117,0.0
98,0.9517594575881958,0.0,0.0,0.0482406020164489,0.0,0.9517178535461426,0.0,0.0,0.0482821725308895,0.0,0.9513853192329408,0.0,0.0,0.0486147217452526,0.0,0.9514684677124025,0.0,0.0,0.0485315844416618,0.0,0.951676309108734,0.0,0.0,0.0483237393200397,0.0,0.9514892101287842,0.0,0.0,0.0485108010470867,0.0,0.9515723586082458,0.0,0.0,0.0484276600182056,0.0,0.951676309108734,0.0,0.0,0.0483237393200397,0.0,0.951676309108734,0.0,0.0,0.0483237393200397,0.0,0.9516555070877076,0.0,0.0,0.0483445227146148,0.0,0.951697051525116,0.0,0.0,0.0483029559254646,0.0,0.9516347050666808,0.0,0.0,0.0483653098344802,0.0,0.9516139626502992,0.0,0.0,0.0483860932290554,0.0,0.9518010020256042,0.0,0.0,0.0481990315020084,0.0,0.9516347050666808,0.0,0.0,0.0483653098344802,0.0,0.9516347050666808,0.0,0.0,0.0483653098344802,0.0,0.9517386555671692,0.0,0.0,0.048261385411024,0.0,0.9515723586082458,0.0,0.0,0.0484276600182056,0.0,0.9518218040466307,0.0,0.0,0.0481782481074333,0.0,0.9517178535461426,0.0,0.0,0.0482821725308895,0.0,0.9515308141708374,0.0,0.0,0.0484692305326461,0.0,0.951676309108734,0.0,0.0,0.0483237393200397,0.0,0.9516555070877076,0.0,0.0,0.0483445227146148,0.0,0.9516347050666808,0.0,0.0,0.0483653098344802,0.0,0.9516139626502992,0.0,0.0,0.0483860932290554,0.0,0.951697051525116,0.0,0.0,0.0483029559254646,0.0,0.9516555070877076,0.0,0.0,0.0483445227146148,0.0,0.951697051525116,0.0,0.0,0.0483029559254646,0.0,0.9517178535461426,0.0,0.0,0.0482821725308895,0.0,0.951676309108734,0.0,0.0,0.0483237393200397,0.0,0.9164882898330688,0.0006651009316556,0.0008729449473321,0.0819529071450233,2.0784404114237987e-05,0.9198346138000488,0.0007274541421793,0.0010600045789033,0.0783779844641685,0.0,0.9402864575386048,0.0003741192631423,0.0006235321052372,0.0587159432470798,0.0,0.9219130277633668,0.0005196101265028,0.000436472473666,0.0771309211850166,0.0,0.9090682864189148,0.0009145137737505,0.0015172614948824,0.0884792059659957,2.0784404114237987e-05,0.9424895644187928,0.0,0.0,0.0575104467570781,0.0,0.9223287105560304,0.0010600045789033,0.001163926674053,0.0754473879933357,0.0,0.9242408871650696,0.0003325504658278,0.0002286284434376,0.0751771926879882,2.0784404114237987e-05,0.941949188709259,0.0003117660526186,0.0003117660526186,0.0574273094534873,0.0,0.9249267578125,0.0010184358106926,0.001122357789427,0.0729324743151664,0.0,0.9349448680877686,0.0011015734635293,0.0013925550738349,0.0625402703881263,2.0784404114237987e-05,0.924157738685608,0.0007066697580739,0.0005819633370265,0.0745536610484123,0.0,0.922016978263855,0.0005819633370265,0.0008729449473321,0.076528176665306,0.0,0.9334899187088012,0.0003949036763515,0.0006858853157609,0.0654085204005241,2.0784404114237987e-05,0.9262362122535706,0.0002909816685132,0.0003949036763515,0.0730779618024826,0.0,0.927566409111023,0.0005196101265028,0.0005819633370265,0.0713112875819206,2.0784404114237987e-05,0.9263816475868224,0.0007274541421793,0.0008937293896451,0.071955606341362,4.156880822847597e-05,0.9424688220024108,0.0,8.313761645695195e-05,0.0574480928480625,0.0,0.9254879355430604,0.0007690229685977,0.0011847109999507,0.0725375711917877,2.0784404114237987e-05,0.923056185245514,0.0006027477211318,0.0008105917368084,0.0755097419023513,2.0784404114237987e-05,0.9393511414527892,0.0002286284434376,0.0004572568868752,0.0599630065262317,0.0,0.9357346296310424,0.0006027477211318,0.000789807352703,0.0628728196024894,0.0,0.9186498522758484,0.0007066697580739,0.0008521605632267,0.0797913298010826,0.0,0.932014226913452,0.0003741192631423,0.0007482385262846,0.0668634250760078,0.0,0.9190863370895386,0.0009145137737505,0.0011015734635293,0.0788975954055786,0.0,0.9445056915283204,0.0002909816685132,0.0002494128420948,0.0549539662897586,0.0,0.8919419050216675,0.0016419679159298,0.0024525597691535,0.1039428040385246,2.0784404114237987e-05,0.9185875058174132,0.0012054954422637,0.0020160872954875,0.0781701430678367,2.0784404114237987e-05,0.9237420558929444,0.0003533348790369,0.0003741192631423,0.0755305215716362,0.0,0.9325546622276306,0.0004364724736660719,0.0007066697580739856,0.06630224734544754,0.0
99,0.9510111808776855,0.0,0.0,0.0489888414740562,0.0,0.9509696364402772,0.0,0.0,0.0490304082632064,0.0,0.9506371021270752,0.0,0.0,0.0493629612028598,0.0,0.950720191001892,0.0,0.0,0.0492798238992691,0.0,0.950928032398224,0.0,0.0,0.049071978777647,0.0,0.9507409930229188,0.0,0.0,0.0492590367794036,0.0,0.9508241415023804,0.0,0.0,0.0491758994758129,0.0,0.950928032398224,0.0,0.0,0.049071978777647,0.0,0.950928032398224,0.0,0.0,0.049071978777647,0.0,0.950907289981842,0.0,0.0,0.0490927621722221,0.0,0.9509488344192504,0.0,0.0,0.0490511953830719,0.0,0.9508864879608154,0.0,0.0,0.0491135455667972,0.0,0.9508656859397888,0.0,0.0,0.0491343326866626,0.0,0.9510527849197388,0.0,0.0,0.0489472709596157,0.0,0.9508864879608154,0.0,0.0,0.0491135455667972,0.0,0.9508864879608154,0.0,0.0,0.0491135455667972,0.0,0.9509904384613036,0.0,0.0,0.0490096248686313,0.0,0.9508241415023804,0.0,0.0,0.0491758994758129,0.0,0.9510735273361206,0.0,0.0,0.0489264875650405,0.0,0.9509696364402772,0.0,0.0,0.0490304082632064,0.0,0.9507825374603271,0.0,0.0,0.0492174699902534,0.0,0.950928032398224,0.0,0.0,0.049071978777647,0.0,0.950907289981842,0.0,0.0,0.0490927621722221,0.0,0.9508864879608154,0.0,0.0,0.0491135455667972,0.0,0.9508656859397888,0.0,0.0,0.0491343326866626,0.0,0.9509488344192504,0.0,0.0,0.0490511953830719,0.0,0.950907289981842,0.0,0.0,0.0490927621722221,0.0,0.9509488344192504,0.0,0.0,0.0490511953830719,0.0,0.9509696364402772,0.0,0.0,0.0490304082632064,0.0,0.950928032398224,0.0,0.0,0.049071978777647,0.0,0.9154698848724364,0.0008105917368084,0.000789807352703,0.0829089879989624,2.0784404114237987e-05,0.91892009973526,0.0007274541421793,0.0007690229685977,0.0795834809541702,0.0,0.9394134879112244,0.0003533348790369,0.0006651009316556,0.059568103402853,0.0,0.921123206615448,0.000436472473666,0.0004572568868752,0.0779830813407898,0.0,0.9081329703330994,0.0008521605632267,0.0013717706315219,0.0896223485469818,2.0784404114237987e-05,0.9417413473129272,0.0,0.0,0.0582586862146854,0.0,0.9211648106575012,0.0013094174209982,0.0010184358106926,0.0765073895454406,0.0,0.9234510660171508,0.000270197255304,0.0002909816685132,0.0759669989347457,2.0784404114237987e-05,0.9411801695823668,0.0002494128420948,0.0003325504658278,0.05823789909482,0.0,0.9240122437477112,0.0010184358106926,0.0009976513683795,0.0739716961979866,0.0,0.933884859085083,0.0012262798845767,0.001163926674053,0.0637042000889778,2.0784404114237987e-05,0.9233679175376892,0.0006858853157609,0.0004780413000844,0.0754681676626205,0.0,0.9212063550949096,0.0005196101265028,0.0006443165475502,0.0776297524571418,0.0,0.932533860206604,0.0004156880895607,0.0007482385262846,0.0662814676761627,2.0784404114237987e-05,0.925446391105652,0.0001870596315711,0.0005196101265028,0.0738469883799552,0.0,0.9267557859420776,0.0005196101265028,0.0003117660526186,0.0723920762538909,2.0784404114237987e-05,0.9254255890846252,0.0007066697580739,0.0007274541421793,0.073098748922348,4.156880822847597e-05,0.9416790008544922,4.156880822847597e-05,8.313761645695195e-05,0.0581963323056697,0.0,0.9244487285614014,0.0008521605632267,0.0011015734635293,0.0735767930746078,2.0784404114237987e-05,0.922100067138672,0.0006858853157609,0.0008105917368084,0.0763826817274093,2.0784404114237987e-05,0.9384366273880004,0.0003741192631423,0.000270197255304,0.0609190873801708,0.0,0.9348409175872804,0.0006858853157609,0.0005403945106081,0.063932828605175,0.0,0.9177353382110596,0.0006443165475502,0.0007274541421793,0.0808928981423378,0.0,0.9311413168907166,0.0003741192631423,0.000436472473666,0.0680481418967247,0.0,0.9179431796073914,0.0010392202530056,0.0010184358106926,0.0799991711974144,0.0,0.9436535239219666,0.0003533348790369,0.0002286284434376,0.0557645559310913,0.0,0.8907156586647034,0.0017874587792903,0.0019121652003377,0.1055639907717704,2.0784404114237987e-05,0.9174236059188844,0.0012886330951005,0.0015588302630931,0.0797081887722015,2.0784404114237987e-05,0.9229522347450256,0.0003325504658278,0.0003741192631423,0.0763411149382591,0.0,0.9317232966423035,0.0003533348790369928,0.00041568808956071734,0.06750774383544922,0.0
100,0.9493899941444396,0.0,0.0,0.0506100244820117,0.0,0.9493484497070312,0.0,0.0,0.050651591271162,0.0,0.9490159153938292,0.0,0.0,0.0509841442108154,0.0,0.9490990042686462,0.0,0.0,0.0509010069072246,0.0,0.949306845664978,0.0,0.0,0.0506931617856025,0.0,0.9491198062896729,0.0,0.0,0.0508802197873592,0.0,0.9492029547691344,0.0,0.0,0.0507970824837684,0.0,0.949306845664978,0.0,0.0,0.0506931617856025,0.0,0.949306845664978,0.0,0.0,0.0506931617856025,0.0,0.9492861032485962,0.0,0.0,0.0507139451801776,0.0,0.9493276476860046,0.0,0.0,0.0506723783910274,0.0,0.9492653012275696,0.0,0.0,0.0507347323000431,0.0,0.949244499206543,0.0,0.0,0.0507555156946182,0.0,0.9494315981864928,0.0,0.0,0.0505684539675712,0.0,0.9492653012275696,0.0,0.0,0.0507347323000431,0.0,0.9492653012275696,0.0,0.0,0.0507347323000431,0.0,0.949369251728058,0.0,0.0,0.0506308078765869,0.0,0.9492029547691344,0.0,0.0,0.0507970824837684,0.0,0.9494523406028748,0.0,0.0,0.0505476705729961,0.0,0.9493484497070312,0.0,0.0,0.050651591271162,0.0,0.949161410331726,0.0,0.0,0.050838652998209,0.0,0.949306845664978,0.0,0.0,0.0506931617856025,0.0,0.9492861032485962,0.0,0.0,0.0507139451801776,0.0,0.9492653012275696,0.0,0.0,0.0507347323000431,0.0,0.949244499206543,0.0,0.0,0.0507555156946182,0.0,0.9493276476860046,0.0,0.0,0.0506723783910274,0.0,0.9492861032485962,0.0,0.0,0.0507139451801776,0.0,0.9493276476860046,0.0,0.0,0.0506723783910274,0.0,0.9493484497070312,0.0,0.0,0.050651591271162,0.0,0.949306845664978,0.0,0.0,0.0506931617856025,0.0,0.9136824011802672,0.0008105917368084,0.0007482385262846,0.08473801612854,2.0784404114237987e-05,0.9171326160430908,0.0007066697580739,0.0007482385262846,0.0814125090837478,0.0,0.9376676082611084,0.000436472473666,0.0005196101265028,0.0613763444125652,0.0,0.9194396734237672,0.0004572568868752,0.0004572568868752,0.0796458348631858,0.0,0.9063039422035216,0.0007482385262846,0.0013717706315219,0.0915552973747253,2.0784404114237987e-05,0.9401201605796814,0.0,0.0,0.0598798692226409,0.0,0.9192941784858704,0.0013302018633112,0.0010600045789033,0.0783156380057334,0.0,0.9216636419296264,0.0003741192631423,0.0003325504658278,0.0776089653372764,2.0784404114237987e-05,0.9394758343696594,0.0003117660526186,0.0003117660526186,0.0599006526172161,0.0,0.9221832156181335,0.0010184358106926,0.0009976513683795,0.0758007243275642,0.0,0.9319934844970704,0.0011015734635293,0.0013717706315219,0.06551244109869,2.0784404114237987e-05,0.9216428399086,0.0004156880895607,0.0008105917368084,0.0771309211850166,0.0,0.9194396734237672,0.0004988256841897,0.0006651009316556,0.0793964266777038,0.0,0.9308295249938964,0.000436472473666,0.0006235321052372,0.0680897086858749,2.0784404114237987e-05,0.9236589074134828,0.000270197255304,0.0005403945106081,0.0755305215716362,0.0,0.9250099062919616,0.000436472473666,0.000436472473666,0.0740964040160179,2.0784404114237987e-05,0.923575758934021,0.0006858853157609,0.0008313761791214,0.07486542314291,4.156880822847597e-05,0.9400370121002196,6.235321052372456e-05,4.156880822847597e-05,0.0598590821027755,0.0,0.9226197004318236,0.0009768670424818,0.0010600045789033,0.0753226801753044,2.0784404114237987e-05,0.9201671481132508,0.0008937293896451,0.000789807352703,0.0781285762786865,2.0784404114237987e-05,0.9368154406547546,0.0003533348790369,0.0001870596315711,0.0626441910862922,0.0,0.9330742359161376,0.0007066697580739,0.0005611788947135,0.0656579360365867,0.0,0.915823221206665,0.0008313761791214,0.0007274541421793,0.0826180055737495,0.0,0.9293538331985474,0.0004572568868752,0.0004156880895607,0.0697732418775558,0.0,0.9161349534988404,0.0008313761791214,0.0012886330951005,0.0817450582981109,0.0,0.9419907927513124,0.0003533348790369,0.0001870596315711,0.0574688762426376,0.0,0.8888658285140991,0.0016419679159298,0.001829027547501,0.1076424270868301,2.0784404114237987e-05,0.9154282808303832,0.0014133395161479,0.0015796147054061,0.0815580040216445,2.0784404114237987e-05,0.921247899532318,0.0003325504658278,0.0003741192631423,0.0780454352498054,0.0,0.9299150109291077,0.0004988256841897964,0.00041568808956071734,0.0691704973578453,0.0
101,0.9452331066131592,0.0,0.0,0.0547669045627117,0.0,0.9451915621757508,0.0,0.0,0.0548084750771522,0.0,0.9448590278625488,0.0,0.0,0.0551410242915153,0.0,0.9449421763420104,0.0,0.0,0.0550578869879245,0.0,0.9451500177383424,0.0,0.0,0.0548500418663024,0.0,0.9449629187583924,0.0,0.0,0.0550371035933494,0.0,0.945046067237854,0.0,0.0,0.0549539662897586,0.0,0.9451500177383424,0.0,0.0,0.0548500418663024,0.0,0.9451500177383424,0.0,0.0,0.0548500418663024,0.0,0.9451292157173156,0.0,0.0,0.0548708252608776,0.0,0.945170760154724,0.0,0.0,0.0548292584717273,0.0,0.9451084136962892,0.0,0.0,0.054891612380743,0.0,0.9450876116752625,0.0,0.0,0.0549123957753181,0.0,0.9452747106552124,0.0,0.0,0.0547253377735614,0.0,0.9451084136962892,0.0,0.0,0.054891612380743,0.0,0.9451084136962892,0.0,0.0,0.054891612380743,0.0,0.9452123641967772,0.0,0.0,0.0547876879572868,0.0,0.945046067237854,0.0,0.0,0.0549539662897586,0.0,0.945295512676239,0.0,0.0,0.054704550653696,0.0,0.9451915621757508,0.0,0.0,0.0548084750771522,0.0,0.9450045228004456,0.0,0.0,0.0549955330789089,0.0,0.9451500177383424,0.0,0.0,0.0548500418663024,0.0,0.9451292157173156,0.0,0.0,0.0548708252608776,0.0,0.9451084136962892,0.0,0.0,0.054891612380743,0.0,0.9450876116752625,0.0,0.0,0.0549123957753181,0.0,0.945170760154724,0.0,0.0,0.0548292584717273,0.0,0.9451292157173156,0.0,0.0,0.0548708252608776,0.0,0.945170760154724,0.0,0.0,0.0548292584717273,0.0,0.9451915621757508,0.0,0.0,0.0548084750771522,0.0,0.9451500177383424,0.0,0.0,0.0548500418663024,0.0,0.9094631671905518,0.0006443165475502,0.0008313761791214,0.089040383696556,2.0784404114237987e-05,0.9128925800323486,0.0006235321052372,0.0007274541421793,0.0857564508914947,0.0,0.9334275722503662,0.0003741192631423,0.0005819633370265,0.0656163617968559,0.0,0.9151788949966432,0.0004780413000844,0.0003741192631423,0.0839689895510673,0.0,0.9020223617553712,0.0008521605632267,0.0012678486527875,0.0958368852734565,2.0784404114237987e-05,0.9359632730484008,0.0,0.0,0.0640367493033409,0.0,0.9148879051208496,0.0012470642104744,0.001122357789427,0.0827427133917808,0.0,0.9174859523773192,0.000270197255304,0.0004156880895607,0.0818074122071266,2.0784404114237987e-05,0.9351319074630736,0.0003533348790369,0.0002909816685132,0.0642238110303878,0.0,0.9177769422531128,0.0009352981578558,0.00114314223174,0.0801446586847305,0.0,0.9275871515274048,0.001163926674053,0.0013717706315219,0.0698563829064369,2.0784404114237987e-05,0.9173404574394226,0.0004988256841897,0.0007274541421793,0.0814332962036132,0.0,0.9152204394340516,0.000436472473666,0.0006858853157609,0.0836572274565696,0.0,0.9264440536499025,0.0006235321052372,0.0005611788947135,0.0723505094647407,2.0784404114237987e-05,0.9194188714027404,0.0003325504658278,0.0004572568868752,0.0797913298010826,0.0,0.9206036329269408,0.0004780413000844,0.0006027477211318,0.078294850885868,2.0784404114237987e-05,0.9191902875900269,0.0007690229685977,0.0008729449473321,0.0791262239217758,4.156880822847597e-05,0.9358801245689392,6.235321052372456e-05,4.156880822847597e-05,0.0640159621834755,0.0,0.918275773525238,0.0008729449473321,0.0011847109999507,0.0796458348631858,2.0784404114237987e-05,0.9158439636230468,0.0009145137737505,0.0008521605632267,0.0823685899376869,2.0784404114237987e-05,0.9325962066650392,0.000270197255304,0.0002909816685132,0.066842645406723,0.0,0.9287926554679872,0.0007066697580739,0.0005611788947135,0.0699395164847374,0.0,0.9113961458206176,0.0009352981578558,0.0007066697580739,0.0869619473814964,0.0,0.9251554012298584,0.0004156880895607,0.0004780413000844,0.0739509090781211,0.0,0.911645531654358,0.0010184358106926,0.0012886330951005,0.0860474333167076,0.0,0.9377923011779784,0.0002078440447803,0.0003325504658278,0.061667326837778,0.0,0.8845219016075134,0.0013094174209982,0.0019537340849637,0.1121942102909088,2.0784404114237987e-05,0.9108973145484924,0.0014756927266716,0.0016627523582428,0.0859435126185417,2.0784404114237987e-05,0.9170079231262208,0.0003117660526186,0.0003741192631423,0.0823062434792518,0.0,0.9256542325019836,0.0004572568868752569,0.0004988256841897964,0.07338973134756088,0.0
102,0.9404942989349364,0.0,0.0,0.0595057494938373,0.0,0.9404526948928832,0.0,0.0,0.0595473162829875,0.0,0.9401201605796814,0.0,0.0,0.0598798692226409,0.0,0.9402033090591432,0.0,0.0,0.0597967319190502,0.0,0.9404111504554749,0.0,0.0,0.0595888867974281,0.0,0.9402241110801696,0.0,0.0,0.0597759447991848,0.0,0.9403071999549866,0.0,0.0,0.059692807495594,0.0,0.9404111504554749,0.0,0.0,0.0595888867974281,0.0,0.9404111504554749,0.0,0.0,0.0595888867974281,0.0,0.9403903484344482,0.0,0.0,0.0596096701920032,0.0,0.9404319524765016,0.0,0.0,0.059568103402853,0.0,0.9403696060180664,0.0,0.0,0.0596304535865783,0.0,0.9403488039970398,0.0,0.0,0.0596512407064437,0.0,0.940535843372345,0.0,0.0,0.0594641789793968,0.0,0.9403696060180664,0.0,0.0,0.0596304535865783,0.0,0.9403696060180664,0.0,0.0,0.0596304535865783,0.0,0.94047349691391,0.0,0.0,0.0595265328884124,0.0,0.9403071999549866,0.0,0.0,0.059692807495594,0.0,0.9405566453933716,0.0,0.0,0.0594433955848217,0.0,0.9404526948928832,0.0,0.0,0.0595473162829875,0.0,0.940265655517578,0.0,0.0,0.0597343780100345,0.0,0.9404111504554749,0.0,0.0,0.0595888867974281,0.0,0.9403903484344482,0.0,0.0,0.0596096701920032,0.0,0.9403696060180664,0.0,0.0,0.0596304535865783,0.0,0.9403488039970398,0.0,0.0,0.0596512407064437,0.0,0.9404319524765016,0.0,0.0,0.059568103402853,0.0,0.9403903484344482,0.0,0.0,0.0596096701920032,0.0,0.9404319524765016,0.0,0.0,0.059568103402853,0.0,0.9404526948928832,0.0,0.0,0.0595473162829875,0.0,0.9404111504554749,0.0,0.0,0.0595888867974281,0.0,0.9045580625534058,0.0006651009316556,0.0008105917368084,0.0939455032348632,2.0784404114237987e-05,0.9080706238746644,0.0004988256841897,0.0008313761791214,0.0905992165207862,0.0,0.928605616092682,0.0004156880895607,0.0004780413000844,0.0705007016658783,0.0,0.9104400277137756,0.0002078440447803,0.0005819633370265,0.0887701883912086,0.0,0.8970341086387634,0.0007690229685977,0.0012678486527875,0.1009082794189453,2.0784404114237987e-05,0.9312244653701782,0.0,0.0,0.0687755942344665,0.0,0.909899652004242,0.001163926674053,0.0012678486527875,0.0876686200499534,0.0,0.9125600457191468,0.0004156880895607,0.000436472473666,0.0865670442581176,2.0784404114237987e-05,0.9302683472633362,0.0004156880895607,0.0003533348790369,0.0689626559615135,0.0,0.9127886891365052,0.0008729449473321,0.0012470642104744,0.0850913524627685,0.0,0.9226405024528505,0.0010392202530056,0.0013302018633112,0.0749693438410759,2.0784404114237987e-05,0.9124976992607116,0.0003949036763515,0.0008313761791214,0.0862760618329048,0.0,0.9102737903594972,0.0004780413000844,0.0007482385262846,0.0884792059659957,2.0784404114237987e-05,0.9216220378875732,0.0006027477211318,0.0004780413000844,0.0772556290030479,4.156880822847597e-05,0.9145761132240297,0.0003949036763515,0.0003741192631423,0.0846548750996589,0.0,0.91569846868515,0.0006027477211318,0.0006027477211318,0.0830752626061439,2.0784404114237987e-05,0.914347529411316,0.0007690229685977,0.0008937293896451,0.0839482098817825,4.156880822847597e-05,0.9311413168907166,6.235321052372456e-05,2.0784404114237987e-05,0.0687755942344665,0.0,0.9132875204086304,0.0009352981578558,0.001163926674053,0.0845925211906433,2.0784404114237987e-05,0.9110428094863892,0.0007482385262846,0.0009145137737505,0.0872737094759941,2.0784404114237987e-05,0.9277326464653016,0.0003533348790369,0.0002494128420948,0.0716646239161491,0.0,0.9238875508308412,0.0005819633370265,0.0006443165475502,0.0748862102627754,0.0,0.90653258562088,0.0008521605632267,0.000789807352703,0.0918255001306533,0.0,0.9201255440711976,0.0006235321052372,0.0004156880895607,0.0788144618272781,2.0784404114237987e-05,0.9066364765167236,0.0011847109999507,0.0011015734635293,0.0910772606730461,0.0,0.9329703450202942,0.000270197255304,0.0003117660526186,0.0664477422833442,0.0,0.8794088959693909,0.0012678486527875,0.0019121652003377,0.1173903122544288,2.0784404114237987e-05,0.9059090614318848,0.0014133395161479,0.0016419679159298,0.0910149067640304,2.0784404114237987e-05,0.9122275114059448,0.0002494128420948,0.0003949036763515,0.0871282219886779,0.0,0.9207698702812195,0.0005196101265028119,0.0004988256841897964,0.078211709856987,0.0
103,0.936462104320526,0.0,0.0,0.0635379254817962,0.0,0.9364205598831176,0.0,0.0,0.0635794922709465,0.0,0.936087965965271,0.0,0.0,0.0639120414853096,0.0,0.9361711144447328,0.0,0.0,0.0638289079070091,0.0,0.9363789558410645,0.0,0.0,0.0636210590600967,0.0,0.9361919164657592,0.0,0.0,0.0638081207871437,0.0,0.936275064945221,0.0,0.0,0.0637249797582626,0.0,0.9363789558410645,0.0,0.0,0.0636210590600967,0.0,0.9363789558410645,0.0,0.0,0.0636210590600967,0.0,0.9363582134246826,0.0,0.0,0.0636418461799621,0.0,0.9363997578620912,0.0,0.0,0.0636002793908119,0.0,0.936337411403656,0.0,0.0,0.0636626332998275,0.0,0.9363166093826294,0.0,0.0,0.0636834129691124,0.0,0.9365037083625792,0.0,0.0,0.0634963512420654,0.0,0.936337411403656,0.0,0.0,0.0636626332998275,0.0,0.936337411403656,0.0,0.0,0.0636626332998275,0.0,0.9364413022994996,0.0,0.0,0.063558705151081,0.0,0.936275064945221,0.0,0.0,0.0637249797582626,0.0,0.9365244507789612,0.0,0.0,0.0634755715727806,0.0,0.9364205598831176,0.0,0.0,0.0635794922709465,0.0,0.9362334609031676,0.0,0.0,0.0637665539979934,0.0,0.9363789558410645,0.0,0.0,0.0636210590600967,0.0,0.9363582134246826,0.0,0.0,0.0636418461799621,0.0,0.936337411403656,0.0,0.0,0.0636626332998275,0.0,0.9363166093826294,0.0,0.0,0.0636834129691124,0.0,0.9363997578620912,0.0,0.0,0.0636002793908119,0.0,0.9363582134246826,0.0,0.0,0.0636418461799621,0.0,0.9363997578620912,0.0,0.0,0.0636002793908119,0.0,0.9364205598831176,0.0,0.0,0.0635794922709465,0.0,0.9363789558410645,0.0,0.0,0.0636210590600967,0.0,0.9004219770431519,0.0004988256841897,0.0009352981578558,0.0981231704354286,2.0784404114237987e-05,0.9039552807807922,0.0004156880895607,0.0008937293896451,0.0947353169322013,0.0,0.924469530582428,0.0003949036763515,0.0004988256841897,0.0746367946267128,0.0,0.90622079372406,0.0003533348790369,0.0005611788947135,0.0928647145628929,0.0,0.8927732706069946,0.0008105917368084,0.0011015734635293,0.1052937880158424,2.0784404114237987e-05,0.9271922707557678,0.0,0.0,0.0728077664971351,0.0,0.905327081680298,0.0012886330951005,0.0014756927266716,0.091887854039669,2.0784404114237987e-05,0.9083408117294312,0.0005611788947135,0.0003741192631423,0.0907031372189521,2.0784404114237987e-05,0.9260491132736206,0.0005819633370265,0.0003325504658278,0.0730363950133323,0.0,0.908610999584198,0.0008521605632267,0.0011847109999507,0.0893521532416343,0.0,0.9184004664421082,0.0009352981578558,0.0014133395161479,0.0792301520705223,2.0784404114237987e-05,0.9083200097084044,0.0004988256841897,0.0007482385262846,0.0904329419136047,0.0,0.9059298038482666,0.0007274541421793,0.0006443165475502,0.0926776602864265,2.0784404114237987e-05,0.9175274968147278,0.0004572568868752,0.0006027477211318,0.0813709422945976,4.156880822847597e-05,0.910543978214264,0.0003533348790369,0.0003325504658278,0.0887701883912086,0.0,0.9114584922790528,0.0007482385262846,0.0005819633370265,0.0871905758976936,2.0784404114237987e-05,0.9100035429000854,0.0008729449473321,0.0009352981578558,0.0881466567516326,4.156880822847597e-05,0.9271091222763062,2.0784404114237987e-05,4.156880822847597e-05,0.0728285536170005,0.0,0.9090266823768616,0.0008729449473321,0.0010600045789033,0.0890196040272712,2.0784404114237987e-05,0.906553328037262,0.0009976513683795,0.0008105917368084,0.091617651283741,2.0784404114237987e-05,0.9236589074134828,0.0002286284434376,0.0003949036763515,0.0757175832986831,0.0,0.919709861278534,0.0005819633370265,0.0007482385262846,0.0789599493145942,0.0,0.9021262526512146,0.0010600045789033,0.0008729449473321,0.0959408059716224,0.0,0.9159479141235352,0.0006443165475502,0.0004988256841897,0.0828882008790969,2.0784404114237987e-05,0.9024588465690612,0.0009352981578558,0.0013094174209982,0.0952964946627616,0.0,0.9288966059684752,0.0002078440447803,0.0003949036763515,0.0705007016658783,0.0,0.8751065731048584,0.0010600045789033,0.0021200091578066,0.1216926872730255,2.0784404114237987e-05,0.9014403820037842,0.0014341238420456,0.0016211834736168,0.095483548939228,2.0784404114237987e-05,0.908153772354126,0.0002494128420948,0.0003949036763515,0.0912019684910774,0.0,0.9165506362915039,0.0006235321052372456,0.0005196101265028119,0.08230624347925186,0.0
104,0.934924066066742,0.0,0.0,0.065075971186161,0.0,0.9348825216293336,0.0,0.0,0.0651175379753112,0.0,0.9345499277114868,0.0,0.0,0.0654500871896743,0.0,0.9346330761909484,0.0,0.0,0.0653669536113739,0.0,0.9348409175872804,0.0,0.0,0.0651591047644615,0.0,0.9346538782119752,0.0,0.0,0.0653461664915084,0.0,0.9347370266914368,0.0,0.0,0.0652630254626274,0.0,0.9348409175872804,0.0,0.0,0.0651591047644615,0.0,0.9348409175872804,0.0,0.0,0.0651591047644615,0.0,0.9348201155662536,0.0,0.0,0.0651798918843269,0.0,0.9348617196083068,0.0,0.0,0.0651383250951767,0.0,0.9347993731498718,0.0,0.0,0.0652006790041923,0.0,0.9347785711288452,0.0,0.0,0.0652214586734771,0.0,0.9349656105041504,0.0,0.0,0.0650343969464302,0.0,0.9347993731498718,0.0,0.0,0.0652006790041923,0.0,0.9347993731498718,0.0,0.0,0.0652006790041923,0.0,0.9349032640457152,0.0,0.0,0.0650967508554458,0.0,0.9347370266914368,0.0,0.0,0.0652630254626274,0.0,0.934986412525177,0.0,0.0,0.0650136172771453,0.0,0.9348825216293336,0.0,0.0,0.0651175379753112,0.0,0.9346954226493835,0.0,0.0,0.0653045997023582,0.0,0.9348409175872804,0.0,0.0,0.0651591047644615,0.0,0.9348201155662536,0.0,0.0,0.0651798918843269,0.0,0.9347993731498718,0.0,0.0,0.0652006790041923,0.0,0.9347785711288452,0.0,0.0,0.0652214586734771,0.0,0.9348617196083068,0.0,0.0,0.0651383250951767,0.0,0.9348201155662536,0.0,0.0,0.0651798918843269,0.0,0.9348617196083068,0.0,0.0,0.0651383250951767,0.0,0.9348825216293336,0.0,0.0,0.0651175379753112,0.0,0.9348409175872804,0.0,0.0,0.0651591047644615,0.0,0.898738443851471,0.0004780413000844,0.0009768670424818,0.0997651368379592,4.156880822847597e-05,0.902292549610138,0.0003741192631423,0.0008937293896451,0.0964396372437477,0.0,0.9228275418281556,0.0003741192631423,0.0004780413000844,0.0763203352689743,0.0,0.9045788645744324,0.0003949036763515,0.0004988256841897,0.094527468085289,0.0,0.8910897374153137,0.0007482385262846,0.0010600045789033,0.1070812493562698,2.0784404114237987e-05,0.9256542325019836,0.0,0.0,0.0743458122014999,0.0,0.9034772515296936,0.0013509863056242,0.0015588302630931,0.0935921743512153,2.0784404114237987e-05,0.9067611694335938,0.000436472473666,0.000436472473666,0.0923451110720634,2.0784404114237987e-05,0.9244071841239928,0.0006027477211318,0.0003325504658278,0.0746575817465782,0.0,0.906865119934082,0.0008521605632267,0.0012262798845767,0.0910564735531807,0.0,0.9166961312294006,0.0008313761791214,0.0014964770525693,0.0809552520513534,2.0784404114237987e-05,0.906553328037262,0.0006235321052372,0.000789807352703,0.0920333415269851,0.0,0.9041839241981506,0.000789807352703,0.0006651009316556,0.0943404138088226,2.0784404114237987e-05,0.9158439636230468,0.0005196101265028,0.0004988256841897,0.0830960497260093,4.156880822847597e-05,0.9090059399604796,0.0001870596315711,0.0003533348790369,0.0904537290334701,0.0,0.909899652004242,0.0006443165475502,0.0006443165475502,0.088790975511074,2.0784404114237987e-05,0.9083616137504578,0.0007482385262846,0.0009352981578558,0.0899133309721946,4.156880822847597e-05,0.9255502820014954,2.0784404114237987e-05,6.235321052372456e-05,0.0743665993213653,0.0,0.9072392582893372,0.0009145137737505,0.0010600045789033,0.0907654911279678,2.0784404114237987e-05,0.9047242999076844,0.0009768670424818,0.0009976513683795,0.093280404806137,2.0784404114237987e-05,0.9218090772628784,0.0005403945106081,0.0003741192631423,0.0772764161229133,0.0,0.9180055856704712,0.0006027477211318,0.0008313761791214,0.0805603489279747,0.0,0.9003803730010986,0.0009768670424818,0.0009352981578558,0.0977074801921844,0.0,0.914347529411316,0.0005403945106081,0.0005403945106081,0.084550954401493,2.0784404114237987e-05,0.900297224521637,0.0013717706315219,0.0012262798845767,0.0971047356724739,0.0,0.9270259737968444,0.0004988256841897,0.0003949036763515,0.0720803141593933,0.0,0.8728410601615906,0.0015588302630931,0.0020160872954875,0.1235632821917533,2.0784404114237987e-05,0.8995282053947449,0.0014341238420456,0.0016627523582428,0.0973541513085365,2.0784404114237987e-05,0.9065949320793152,0.0001870596315711,0.0004156880895607,0.0928023606538772,0.0,0.914867103099823,0.0005819633370265365,0.0005403945106081665,0.08401056379079819,0.0
105,0.9347162246704102,0.0,0.0,0.0652838125824928,0.0,0.9346746802330016,0.0,0.0,0.065325379371643,0.0,0.934342086315155,0.0,0.0,0.0656579360365867,0.0,0.9344252347946168,0.0,0.0,0.0655747950077056,0.0,0.9346330761909484,0.0,0.0,0.0653669536113739,0.0,0.9344460368156432,0.0,0.0,0.0655540078878402,0.0,0.934529185295105,0.0,0.0,0.0654708743095398,0.0,0.9346330761909484,0.0,0.0,0.0653669536113739,0.0,0.9346330761909484,0.0,0.0,0.0653669536113739,0.0,0.934612274169922,0.0,0.0,0.0653877332806587,0.0,0.9346538782119752,0.0,0.0,0.0653461664915084,0.0,0.93459153175354,0.0,0.0,0.0654085204005241,0.0,0.9345707297325134,0.0,0.0,0.0654293075203895,0.0,0.9347577691078186,0.0,0.0,0.0652422457933425,0.0,0.93459153175354,0.0,0.0,0.0654085204005241,0.0,0.93459153175354,0.0,0.0,0.0654085204005241,0.0,0.9346954226493835,0.0,0.0,0.0653045997023582,0.0,0.934529185295105,0.0,0.0,0.0654708743095398,0.0,0.9347785711288452,0.0,0.0,0.0652214586734771,0.0,0.9346746802330016,0.0,0.0,0.065325379371643,0.0,0.9344875812530518,0.0,0.0,0.06551244109869,0.0,0.9346330761909484,0.0,0.0,0.0653669536113739,0.0,0.934612274169922,0.0,0.0,0.0653877332806587,0.0,0.93459153175354,0.0,0.0,0.0654085204005241,0.0,0.9345707297325134,0.0,0.0,0.0654293075203895,0.0,0.9346538782119752,0.0,0.0,0.0653461664915084,0.0,0.934612274169922,0.0,0.0,0.0653877332806587,0.0,0.9346538782119752,0.0,0.0,0.0653461664915084,0.0,0.9346746802330016,0.0,0.0,0.065325379371643,0.0,0.9346330761909484,0.0,0.0,0.0653669536113739,0.0,0.8982603549957275,0.0006858853157609,0.0008729449473321,0.1001392602920532,4.156880822847597e-05,0.901897668838501,0.0004780413000844,0.000789807352703,0.0968345403671264,0.0,0.9225573539733888,0.0003533348790369,0.0005196101265028,0.0765697434544563,0.0,0.904038429260254,0.0006235321052372,0.0005611788947135,0.0947768837213516,0.0,0.8905078172683716,0.0009976513683795,0.0008729449473321,0.1076008602976799,2.0784404114237987e-05,0.925446391105652,0.0,0.0,0.0745536610484123,0.0,0.902604341506958,0.0017666743369773,0.0015796147054061,0.0940286442637443,2.0784404114237987e-05,0.9064702391624452,0.0004988256841897,0.0003949036763515,0.0926153063774108,2.0784404114237987e-05,0.924157738685608,0.0004572568868752,0.0004988256841897,0.0748862102627754,0.0,0.9063870906829834,0.0008729449473321,0.0012678486527875,0.0914721637964248,0.0,0.916218101978302,0.0008521605632267,0.0013509863056242,0.0815580040216445,2.0784404114237987e-05,0.9058882594108582,0.0009352981578558,0.0005611788947135,0.0926153063774108,0.0,0.9039345383644104,0.0007690229685977,0.0005611788947135,0.0947145298123359,2.0784404114237987e-05,0.9155322313308716,0.0003949036763515,0.0006651009316556,0.0833662450313568,4.156880822847597e-05,0.9086318016052246,0.000270197255304,0.0003533348790369,0.090744711458683,0.0,0.90956711769104,0.0005196101265028,0.0006858853157609,0.0892066657543182,2.0784404114237987e-05,0.9078835844993592,0.000789807352703,0.0009145137737505,0.090370588004589,4.156880822847597e-05,0.9253424406051636,2.0784404114237987e-05,6.235321052372456e-05,0.0745744407176971,0.0,0.906740427017212,0.0010184358106926,0.001163926674053,0.0910564735531807,2.0784404114237987e-05,0.904225528240204,0.0011015734635293,0.0010600045789033,0.0935921743512153,2.0784404114237987e-05,0.9215596914291382,0.0005196101265028,0.0004156880895607,0.0775050446391105,0.0,0.9177561402320862,0.0005196101265028,0.0008313761791214,0.0808928981423378,0.0,0.8998607993125916,0.0010184358106926,0.0011015734635293,0.0980192497372627,0.0,0.9139941930770874,0.0006443165475502,0.0004988256841897,0.0848419368267059,2.0784404114237987e-05,0.8998815417289734,0.0012470642104744,0.001163926674053,0.0977074801921844,0.0,0.9267557859420776,0.0005196101265028,0.0003949036763515,0.0723297297954559,0.0,0.8718018531799316,0.0022031469270586,0.001829027547501,0.1241452470421791,2.0784404114237987e-05,0.8987799882888794,0.0016003991477191,0.0017874587792903,0.0978114083409309,2.0784404114237987e-05,0.9063039422035216,0.0001870596315711,0.0004156880895607,0.0930933430790901,0.0,0.9145969152450562,0.0005403945106081665,0.000602747721131891,0.08425997197628021,0.0
106,0.9328871965408324,0.0,0.0,0.0671128407120704,0.0,0.932845652103424,0.0,0.0,0.0671544075012207,0.0,0.9325130581855774,0.0,0.0,0.0674869567155838,0.0,0.9325962066650392,0.0,0.0,0.0674038231372833,0.0,0.9328040480613708,0.0,0.0,0.0671959817409515,0.0,0.9326170086860656,0.0,0.0,0.0673830360174179,0.0,0.9327001571655272,0.0,0.0,0.0672999024391174,0.0,0.9328040480613708,0.0,0.0,0.0671959817409515,0.0,0.9328040480613708,0.0,0.0,0.0671959817409515,0.0,0.9327832460403442,0.0,0.0,0.0672167614102363,0.0,0.9328248500823976,0.0,0.0,0.0671751946210861,0.0,0.9327625036239624,0.0,0.0,0.0672375485301017,0.0,0.9327417016029358,0.0,0.0,0.0672583281993866,0.0,0.932928740978241,0.0,0.0,0.0670712739229202,0.0,0.9327625036239624,0.0,0.0,0.0672375485301017,0.0,0.9327625036239624,0.0,0.0,0.0672375485301017,0.0,0.932866394519806,0.0,0.0,0.0671336278319358,0.0,0.9327001571655272,0.0,0.0,0.0672999024391174,0.0,0.9329495429992676,0.0,0.0,0.0670504868030548,0.0,0.932845652103424,0.0,0.0,0.0671544075012207,0.0,0.932658553123474,0.0,0.0,0.0673414692282676,0.0,0.9328040480613708,0.0,0.0,0.0671959817409515,0.0,0.9327832460403442,0.0,0.0,0.0672167614102363,0.0,0.9327625036239624,0.0,0.0,0.0672375485301017,0.0,0.9327417016029358,0.0,0.0,0.0672583281993866,0.0,0.9328248500823976,0.0,0.0,0.0671751946210861,0.0,0.9327832460403442,0.0,0.0,0.0672167614102363,0.0,0.9328248500823976,0.0,0.0,0.0671751946210861,0.0,0.932845652103424,0.0,0.0,0.0671544075012207,0.0,0.9328040480613708,0.0,0.0,0.0671959817409515,0.0,0.8962442874908447,0.0007066697580739,0.0008105917368084,0.102196916937828,4.156880822847597e-05,0.8997153043746948,0.0007482385262846,0.0007066697580739,0.0988298431038856,0.0,0.920665979385376,0.0003325504658278,0.0004572568868752,0.0785442665219307,0.0,0.9021470546722412,0.0006858853157609,0.0004780413000844,0.0966890454292297,0.0,0.8885332942008972,0.0008937293896451,0.0011015734635293,0.1094506755471229,2.0784404114237987e-05,0.9236173629760742,0.0,0.0,0.0763826817274093,0.0,0.9004843235015869,0.001808243105188,0.0014964770525693,0.096190221607685,2.0784404114237987e-05,0.9046204090118408,0.0003325504658278,0.0004572568868752,0.0945690423250198,2.0784404114237987e-05,0.9222455620765686,0.0004156880895607,0.0004780413000844,0.0768607258796691,0.0,0.904350221157074,0.0008313761791214,0.0011847109999507,0.0936337411403656,0.0,0.9140772819519044,0.0009560826001688,0.0013717706315219,0.0835740864276886,2.0784404114237987e-05,0.9039968848228456,0.0008937293896451,0.0006027477211318,0.0945066884160041,0.0,0.9019184112548828,0.0007482385262846,0.0006443165475502,0.0966682657599449,2.0784404114237987e-05,0.913516104221344,0.0004988256841897,0.0007066697580739,0.0852368399500846,4.156880822847597e-05,0.9067611694335938,0.0002078440447803,0.000436472473666,0.0925945192575454,0.0,0.9075302481651306,0.0005611788947135,0.0006443165475502,0.0912435352802276,2.0784404114237987e-05,0.905763566493988,0.0009768670424818,0.0008729449473321,0.0923451110720634,4.156880822847597e-05,0.923492670059204,4.156880822847597e-05,6.235321052372456e-05,0.0764034688472747,0.0,0.9044333696365356,0.0012470642104744,0.001122357789427,0.0931764841079711,2.0784404114237987e-05,0.9020639061927797,0.0013717706315219,0.0009768670424818,0.0955666899681091,2.0784404114237987e-05,0.9195228219032288,0.0006027477211318,0.0003949036763515,0.0794795602560043,0.0,0.915823221206665,0.0004572568868752,0.0008729449473321,0.0828466340899467,0.0,0.8977615237236023,0.001163926674053,0.0010600045789033,0.1000145524740219,0.0,0.9121235609054564,0.0003949036763515,0.0007066697580739,0.0867541059851646,2.0784404114237987e-05,0.8978862762451172,0.00114314223174,0.0012886330951005,0.0996820032596588,0.0,0.9248228669166564,0.0005403945106081,0.0002909816685132,0.0743458122014999,0.0,0.8693908452987671,0.0024109908845275,0.0016835366841405,0.1264938861131668,2.0784404114237987e-05,0.896493673324585,0.001808243105188,0.0017251055687665,0.0999521985650062,2.0784404114237987e-05,0.9043709635734558,0.0002494128420948,0.0003533348790369,0.0950262919068336,0.0,0.9124976992607117,0.0006651009316556156,0.000602747721131891,0.08623449504375458,0.0
107,0.9303930401802064,0.0,0.0,0.0696069672703743,0.0,0.930351495742798,0.0,0.0,0.0696485415101051,0.0,0.930018961429596,0.0,0.0,0.0699810907244682,0.0,0.9301021099090576,0.0,0.0,0.0698979496955871,0.0,0.9303099513053894,0.0,0.0,0.0696901082992553,0.0,0.9301228523254396,0.0,0.0,0.0698771700263023,0.0,0.9302060008049012,0.0,0.0,0.0697940289974212,0.0,0.9303099513053894,0.0,0.0,0.0696901082992553,0.0,0.9303099513053894,0.0,0.0,0.0696901082992553,0.0,0.9302891492843628,0.0,0.0,0.0697108879685401,0.0,0.9303306937217712,0.0,0.0,0.0696693211793899,0.0,0.9302683472633362,0.0,0.0,0.0697316750884056,0.0,0.9302475452423096,0.0,0.0,0.069752462208271,0.0,0.9304346442222596,0.0,0.0,0.069565400481224,0.0,0.9302683472633362,0.0,0.0,0.0697316750884056,0.0,0.9302683472633362,0.0,0.0,0.0697316750884056,0.0,0.9303722977638244,0.0,0.0,0.0696277543902397,0.0,0.9302060008049012,0.0,0.0,0.0697940289974212,0.0,0.930455446243286,0.0,0.0,0.0695446133613586,0.0,0.930351495742798,0.0,0.0,0.0696485415101051,0.0,0.9301644563674928,0.0,0.0,0.0698355957865715,0.0,0.9303099513053894,0.0,0.0,0.0696901082992553,0.0,0.9302891492843628,0.0,0.0,0.0697108879685401,0.0,0.9302683472633362,0.0,0.0,0.0697316750884056,0.0,0.9302475452423096,0.0,0.0,0.069752462208271,0.0,0.9303306937217712,0.0,0.0,0.0696693211793899,0.0,0.9302891492843628,0.0,0.0,0.0697108879685401,0.0,0.9303306937217712,0.0,0.0,0.0696693211793899,0.0,0.930351495742798,0.0,0.0,0.0696485415101051,0.0,0.9303099513053894,0.0,0.0,0.0696901082992553,0.0,0.8935838937759399,0.0007690229685977,0.0007690229685977,0.1048157513141632,6.235321052372456e-05,0.89705491065979,0.0008313761791214,0.0005819633370265,0.1015318110585212,0.0,0.918088674545288,0.0003117660526186,0.0005196101265028,0.0810799598693847,0.0,0.8995905518531799,0.0005611788947135,0.0003949036763515,0.0994533747434616,0.0,0.8857066035270691,0.0009976513683795,0.0009976513683795,0.1122773513197898,2.0784404114237987e-05,0.921123206615448,0.0,0.0,0.0788768157362937,0.0,0.8975121378898621,0.0017458898946642,0.0017043211264535,0.0990169048309326,2.0784404114237987e-05,0.9020639061927797,0.0002078440447803,0.0006027477211318,0.0971047356724739,2.0784404114237987e-05,0.9195851683616638,0.0003949036763515,0.0006027477211318,0.0794172063469886,0.0,0.901648223400116,0.0008937293896451,0.0010184358106926,0.0964396372437477,0.0,0.911188304424286,0.00114314223174,0.0012470642104744,0.0864007696509361,2.0784404114237987e-05,0.9013988375663756,0.0008521605632267,0.0005403945106081,0.0972086563706398,0.0,0.8993411660194397,0.0005196101265028,0.000789807352703,0.0993286669254303,2.0784404114237987e-05,0.9108349680900574,0.0006235321052372,0.0006651009316556,0.087834894657135,4.156880822847597e-05,0.9041215777397156,0.0003533348790369,0.0003949036763515,0.0951302200555801,0.0,0.904807448387146,0.0005819633370265,0.0008105917368084,0.0937792286276817,2.0784404114237987e-05,0.90306156873703,0.0008729449473321,0.0010807890212163,0.0949431583285331,4.156880822847597e-05,0.920998513698578,4.156880822847597e-05,6.235321052372456e-05,0.0788975954055786,0.0,0.9017937183380128,0.001163926674053,0.001163926674053,0.0958576723933219,2.0784404114237987e-05,0.8990709781646729,0.0014133395161479,0.0012054954422637,0.0982894450426101,2.0784404114237987e-05,0.9170079231262208,0.0005819633370265,0.0003949036763515,0.082015261054039,0.0,0.9130380749702454,0.0006027477211318,0.0007274541421793,0.0856317430734634,0.0,0.8950387835502625,0.0010184358106926,0.0012262798845767,0.1027165278792381,0.0,0.9094216227531432,0.0004572568868752,0.0007690229685977,0.0893313661217689,2.0784404114237987e-05,0.8950595855712891,0.0013302018633112,0.0013302018633112,0.1022800505161285,0.0,0.9223287105560304,0.0004988256841897,0.0003117660526186,0.0768607258796691,0.0,0.8664186596870422,0.0026188348419964,0.0015380459371954,0.1294036954641342,2.0784404114237987e-05,0.8935215473175049,0.001849811989814,0.001849811989814,0.1027580946683883,2.0784404114237987e-05,0.901710569858551,0.0003741192631423,0.0002909816685132,0.0976243466138839,0.0,0.9098165035247803,0.0006651009316556156,0.0007066697580739856,0.08881175518035889,0.0
108,0.9274001121520996,0.0,0.0,0.0725999251008033,0.0,0.9273585677146912,0.0,0.0,0.0726414918899536,0.0,0.9270259737968444,0.0,0.0,0.0729740411043167,0.0,0.9271091222763062,0.0,0.0,0.0728909075260162,0.0,0.927316963672638,0.0,0.0,0.0726830586791038,0.0,0.9271299242973328,0.0,0.0,0.0728701204061508,0.0,0.9272130727767944,0.0,0.0,0.0727869868278503,0.0,0.927316963672638,0.0,0.0,0.0726830586791038,0.0,0.927316963672638,0.0,0.0,0.0726830586791038,0.0,0.9272961616516112,0.0,0.0,0.0727038457989692,0.0,0.9273377656936646,0.0,0.0,0.072662279009819,0.0,0.9272754192352296,0.0,0.0,0.0727246329188346,0.0,0.9272546172142028,0.0,0.0,0.0727454125881195,0.0,0.927441656589508,0.0,0.0,0.0725583583116531,0.0,0.9272754192352296,0.0,0.0,0.0727246329188346,0.0,0.9272754192352296,0.0,0.0,0.0727246329188346,0.0,0.927379310131073,0.0,0.0,0.0726207047700882,0.0,0.9272130727767944,0.0,0.0,0.0727869868278503,0.0,0.9274624586105348,0.0,0.0,0.0725375711917877,0.0,0.9273585677146912,0.0,0.0,0.0726414918899536,0.0,0.9271714687347412,0.0,0.0,0.0728285536170005,0.0,0.927316963672638,0.0,0.0,0.0726830586791038,0.0,0.9272961616516112,0.0,0.0,0.0727038457989692,0.0,0.9272754192352296,0.0,0.0,0.0727246329188346,0.0,0.9272546172142028,0.0,0.0,0.0727454125881195,0.0,0.9273377656936646,0.0,0.0,0.072662279009819,0.0,0.9272961616516112,0.0,0.0,0.0727038457989692,0.0,0.9273377656936646,0.0,0.0,0.072662279009819,0.0,0.9273585677146912,0.0,0.0,0.0726414918899536,0.0,0.927316963672638,0.0,0.0,0.0726830586791038,0.0,0.8903830647468567,0.0008313761791214,0.0006443165475502,0.1080789044499397,6.235321052372456e-05,0.8938748836517334,0.0008937293896451,0.0005403945106081,0.1046910434961319,0.0,0.914929449558258,0.0003741192631423,0.0004988256841897,0.0841976180672645,0.0,0.8965352773666382,0.0005196101265028,0.0004572568868752,0.1024878993630409,0.0,0.8823810815811157,0.0011847109999507,0.0009560826001688,0.1154573634266853,2.0784404114237987e-05,0.9181302785873412,0.0,0.0,0.0818697661161422,0.0,0.8938748836517334,0.0020784405060112,0.0016003991477191,0.1024255454540252,2.0784404114237987e-05,0.8989254832267761,0.0003117660526186,0.0006027477211318,0.1001392602920532,2.0784404114237987e-05,0.9164674878120422,0.0004156880895607,0.0006858853157609,0.0824309438467025,0.0,0.8984266519546509,0.0009145137737505,0.0010600045789033,0.0995988622307777,0.0,0.9077380895614624,0.0014341238420456,0.0011015734635293,0.0897054895758628,2.0784404114237987e-05,0.8983227014541626,0.0007066697580739,0.0007274541421793,0.1002431809902191,0.0,0.8960364460945129,0.0006235321052372,0.0009352981578558,0.1023839712142944,2.0784404114237987e-05,0.9077172875404358,0.0006027477211318,0.0006027477211318,0.0910356864333152,4.156880822847597e-05,0.9009000062942504,0.0005819633370265,0.0003533348790369,0.0981647372245788,0.0,0.9017313718795776,0.0006443165475502,0.0007690229685977,0.0968345403671264,2.0784404114237987e-05,0.8998399972915649,0.0009976513683795,0.0009768670424818,0.098143957555294,4.156880822847597e-05,0.9179847836494446,4.156880822847597e-05,4.156880822847597e-05,0.0819321200251579,0.0,0.8983851075172424,0.0013302018633112,0.001122357789427,0.0991416051983833,2.0784404114237987e-05,0.8957662582397461,0.0014341238420456,0.0012886330951005,0.101490244269371,2.0784404114237987e-05,0.9139525890350342,0.0003325504658278,0.0005403945106081,0.085174486041069,0.0,0.9099828004837036,0.0004988256841897,0.0007482385262846,0.0887701883912086,0.0,0.8916093707084656,0.0012470642104744,0.0012678486527875,0.1058757528662681,0.0,0.9062415957450868,0.0005819633370265,0.0007066697580739,0.0924490317702293,2.0784404114237987e-05,0.8914638757705688,0.0013094174209982,0.0015588302630931,0.1056679114699363,0.0,0.9192110300064088,0.0002909816685132,0.0005403945106081,0.0799576044082641,0.0,0.8628852963447571,0.0024317752104252,0.0017874587792903,0.1328746974468231,2.0784404114237987e-05,0.8898218870162964,0.0021823623683303,0.001808243105188,0.1061459481716156,4.156880822847597e-05,0.8986760377883911,0.0003949036763515,0.000270197255304,0.1006588712334632,0.0,0.9065117835998535,0.0008313761791214347,0.0007690229685977101,0.09188785403966904,0.0
109,0.9240953922271729,0.0,0.0,0.0759046450257301,0.0,0.9240538477897644,0.0,0.0,0.0759462118148803,0.0,0.9237212538719176,0.0,0.0,0.0762787610292434,0.0,0.9238044023513794,0.0,0.0,0.076195627450943,0.0,0.9240122437477112,0.0,0.0,0.0759877786040306,0.0,0.923825204372406,0.0,0.0,0.0761748403310775,0.0,0.9239083528518676,0.0,0.0,0.0760917067527771,0.0,0.9240122437477112,0.0,0.0,0.0759877786040306,0.0,0.9240122437477112,0.0,0.0,0.0759877786040306,0.0,0.9239914417266846,0.0,0.0,0.076008565723896,0.0,0.9240330457687378,0.0,0.0,0.0759669989347457,0.0,0.9239706993103028,0.0,0.0,0.0760293528437614,0.0,0.923949897289276,0.0,0.0,0.0760501325130462,0.0,0.9241369366645812,0.0,0.0,0.0758630782365799,0.0,0.9239706993103028,0.0,0.0,0.0760293528437614,0.0,0.9239706993103028,0.0,0.0,0.0760293528437614,0.0,0.9240745902061462,0.0,0.0,0.0759254246950149,0.0,0.9239083528518676,0.0,0.0,0.0760917067527771,0.0,0.924157738685608,0.0,0.0,0.0758422911167144,0.0,0.9240538477897644,0.0,0.0,0.0759462118148803,0.0,0.9238667488098145,0.0,0.0,0.0761332735419273,0.0,0.9240122437477112,0.0,0.0,0.0759877786040306,0.0,0.9239914417266846,0.0,0.0,0.076008565723896,0.0,0.9239706993103028,0.0,0.0,0.0760293528437614,0.0,0.923949897289276,0.0,0.0,0.0760501325130462,0.0,0.9240330457687378,0.0,0.0,0.0759669989347457,0.0,0.9239914417266846,0.0,0.0,0.076008565723896,0.0,0.9240330457687378,0.0,0.0,0.0759669989347457,0.0,0.9240538477897644,0.0,0.0,0.0759462118148803,0.0,0.9240122437477112,0.0,0.0,0.0759877786040306,0.0,0.8868705034255981,0.0007690229685977,0.0007482385262846,0.111549898982048,6.235321052372456e-05,0.8904454708099365,0.0008313761791214,0.0005611788947135,0.1081620380282402,0.0,0.9113753437995912,0.0005611788947135,0.000436472473666,0.0876270458102226,0.0,0.8931058645248413,0.0003117660526186,0.0007274541421793,0.1058549731969833,0.0,0.8788061738014221,0.0010807890212163,0.001122357789427,0.1189699321985244,2.0784404114237987e-05,0.9148255586624146,0.0,0.0,0.085174486041069,0.0,0.8900713324546814,0.0019121652003377,0.0020160872954875,0.105979673564434,2.0784404114237987e-05,0.8955584168434143,0.0002909816685132,0.0005196101265028,0.1036102548241615,2.0784404114237987e-05,0.9129133820533752,0.0006235321052372,0.0006443165475502,0.0858188048005104,0.0,0.8944776058197021,0.0012886330951005,0.001122357789427,0.1031114310026168,0.0,0.9041215777397156,0.0014756927266716,0.0011015734635293,0.093280404806137,2.0784404114237987e-05,0.894747793674469,0.0005196101265028,0.0010807890212163,0.1036518216133117,0.0,0.8925238847732544,0.000789807352703,0.0008313761791214,0.1058341860771179,2.0784404114237987e-05,0.9043709635734558,0.0005403945106081,0.0006235321052372,0.0944235473871231,4.156880822847597e-05,0.8974705934524536,0.0005403945106081,0.0003533348790369,0.1016357392072677,0.0,0.8982603549957275,0.0006858853157609,0.0007690229685977,0.1002639681100845,2.0784404114237987e-05,0.896348237991333,0.0009145137737505,0.0010184358106926,0.101677305996418,4.156880822847597e-05,0.9146592617034912,6.235321052372456e-05,2.0784404114237987e-05,0.0852576270699501,0.0,0.8947685956954956,0.0013509863056242,0.0012054954422637,0.1026541739702224,2.0784404114237987e-05,0.8921082019805908,0.0014964770525693,0.0012678486527875,0.105106733739376,2.0784404114237987e-05,0.9105231761932372,0.0004156880895607,0.0005819633370265,0.0884792059659957,0.0,0.9061999917030334,0.0009352981578558,0.0006443165475502,0.0922204032540321,0.0,0.8878889679908752,0.0013509863056242,0.0012886330951005,0.1094714552164077,0.0,0.9026666879653932,0.0007066697580739,0.0006858853157609,0.0959200263023376,2.0784404114237987e-05,0.8875979781150818,0.0016627523582428,0.0015796147054061,0.1091596931219101,0.0,0.9158439636230468,0.0002909816685132,0.0005611788947135,0.0833038911223411,0.0,0.8589778542518616,0.0022031469270586,0.0023902065586298,0.136408045887947,2.0784404114237987e-05,0.8859767913818359,0.0021823623683303,0.0019745184108614,0.1098040044307708,6.235321052372456e-05,0.8953089714050293,0.0003741192631423,0.000270197255304,0.1040467247366905,0.0,0.9031239151954651,0.0008521605632267892,0.000644316547550261,0.09537962824106216,0.0
110,0.9185667634010316,0.0,0.0,0.0814332962036132,0.0,0.9185251593589784,0.0,0.0,0.0814748629927635,0.0,0.9181926250457764,0.0,0.0,0.0818074122071266,0.0,0.918275773525238,0.0,0.0,0.0817242786288261,0.0,0.9184836149215698,0.0,0.0,0.0815164297819137,0.0,0.91829651594162,0.0,0.0,0.0817034915089607,0.0,0.9183796644210817,0.0,0.0,0.0816203579306602,0.0,0.9184836149215698,0.0,0.0,0.0815164297819137,0.0,0.9184836149215698,0.0,0.0,0.0815164297819137,0.0,0.9184628129005432,0.0,0.0,0.0815372169017791,0.0,0.9185043573379515,0.0,0.0,0.0814956501126289,0.0,0.9184420108795166,0.0,0.0,0.0815580040216445,0.0,0.9184212684631348,0.0,0.0,0.0815787836909294,0.0,0.91860830783844,0.0,0.0,0.081391729414463,0.0,0.9184420108795166,0.0,0.0,0.0815580040216445,0.0,0.9184420108795166,0.0,0.0,0.0815580040216445,0.0,0.9185459613800048,0.0,0.0,0.0814540833234787,0.0,0.9183796644210817,0.0,0.0,0.0816203579306602,0.0,0.9186291098594666,0.0,0.0,0.0813709422945976,0.0,0.9185251593589784,0.0,0.0,0.0814748629927635,0.0,0.9183381199836732,0.0,0.0,0.0816619247198104,0.0,0.9184836149215698,0.0,0.0,0.0815164297819137,0.0,0.9184628129005432,0.0,0.0,0.0815372169017791,0.0,0.9184420108795166,0.0,0.0,0.0815580040216445,0.0,0.9184212684631348,0.0,0.0,0.0815787836909294,0.0,0.9185043573379515,0.0,0.0,0.0814956501126289,0.0,0.9184628129005432,0.0,0.0,0.0815372169017791,0.0,0.9185043573379515,0.0,0.0,0.0814956501126289,0.0,0.9185251593589784,0.0,0.0,0.0814748629927635,0.0,0.9184836149215698,0.0,0.0,0.0815164297819137,0.0,0.8812171816825867,0.0007066697580739,0.0008729449473321,0.1171409040689468,6.235321052372456e-05,0.8846673965454102,0.0007274541421793,0.0008313761791214,0.1137738302350044,0.0,0.9056596159934998,0.0006858853157609,0.0004156880895607,0.0932388380169868,0.0,0.88739013671875,0.000436472473666,0.0006858853157609,0.1114875450730323,0.0,0.8727994561195374,0.0014133395161479,0.00114314223174,0.1246232837438583,2.0784404114237987e-05,0.9092968702316284,0.0,0.0,0.0907031372189521,0.0,0.88423091173172,0.0019329495262354,0.0020576559472829,0.1117577403783798,2.0784404114237987e-05,0.8899673819541931,0.0003325504658278,0.0005196101265028,0.1091596931219101,2.0784404114237987e-05,0.907260000705719,0.0006651009316556,0.0005403945106081,0.0915345177054405,0.0,0.8883877992630005,0.0016419679159298,0.0010807890212163,0.108889490365982,0.0,0.8982188105583191,0.0015380459371954,0.001163926674053,0.0990584716200828,2.0784404114237987e-05,0.8889905214309692,0.0006858853157609,0.0009976513683795,0.1093259677290916,0.0,0.8866419196128845,0.0009560826001688,0.0009560826001688,0.1114251911640167,2.0784404114237987e-05,0.8987591862678528,0.000436472473666,0.0005819633370265,0.1001808270812034,4.156880822847597e-05,0.891838014125824,0.0006027477211318,0.0003117660526186,0.1072475239634513,0.0,0.8922328948974609,0.0009768670424818,0.0007274541421793,0.1060420274734497,2.0784404114237987e-05,0.89054936170578,0.0008937293896451,0.0010807890212163,0.1074345856904983,4.156880822847597e-05,0.9091098308563232,6.235321052372456e-05,4.156880822847597e-05,0.0907862782478332,0.0,0.8890321254730225,0.0010807890212163,0.0014964770525693,0.1083698794245719,2.0784404114237987e-05,0.886101484298706,0.0016419679159298,0.0014341238420456,0.1107808724045753,4.156880822847597e-05,0.9048282504081726,0.0003741192631423,0.0007274541421793,0.0940702110528945,0.0,0.900546669960022,0.0009560826001688,0.0006235321052372,0.0978737622499466,0.0,0.8819238543510437,0.0015172614948824,0.0012886330951005,0.1152703016996383,0.0,0.8970133066177368,0.000789807352703,0.0006858853157609,0.101490244269371,2.0784404114237987e-05,0.8816744089126587,0.0018913807580247,0.0014133395161479,0.1150208935141563,0.0,0.9101906418800354,0.0003117660526186,0.0006235321052372,0.0888741090893745,0.0,0.85270094871521,0.0023694219999015,0.0027851101476699,0.1421029716730117,4.156880822847597e-05,0.8799700736999512,0.0022031469270586,0.0020576559472829,0.1157067790627479,6.235321052372456e-05,0.8897179961204529,0.0003325504658278,0.0002909816685132,0.1096585169434547,0.0,0.8973874449729919,0.0007898073527030647,0.0008105917368084192,0.1010122075676918,0.0
111,0.9176937937736512,0.0,0.0,0.0823062434792518,0.0,0.9176522493362428,0.0,0.0,0.0823478102684021,0.0,0.917319655418396,0.0,0.0,0.0826803594827652,0.0,0.9174028038978576,0.0,0.0,0.0825972184538841,0.0,0.9176106452941896,0.0,0.0,0.0823893770575523,0.0,0.9174236059188844,0.0,0.0,0.0825764387845993,0.0,0.917506754398346,0.0,0.0,0.0824932977557182,0.0,0.9176106452941896,0.0,0.0,0.0823893770575523,0.0,0.9176106452941896,0.0,0.0,0.0823893770575523,0.0,0.9175898432731628,0.0,0.0,0.0824101641774177,0.0,0.917631447315216,0.0,0.0,0.0823685899376869,0.0,0.917569100856781,0.0,0.0,0.0824309438467025,0.0,0.9175482988357544,0.0,0.0,0.082451730966568,0.0,0.9177353382110596,0.0,0.0,0.082264669239521,0.0,0.917569100856781,0.0,0.0,0.0824309438467025,0.0,0.917569100856781,0.0,0.0,0.0824309438467025,0.0,0.9176729917526244,0.0,0.0,0.0823270231485366,0.0,0.917506754398346,0.0,0.0,0.0824932977557182,0.0,0.9177561402320862,0.0,0.0,0.0822438895702362,0.0,0.9176522493362428,0.0,0.0,0.0823478102684021,0.0,0.9174651503562928,0.0,0.0,0.082534871995449,0.0,0.9176106452941896,0.0,0.0,0.0823893770575523,0.0,0.9175898432731628,0.0,0.0,0.0824101641774177,0.0,0.917569100856781,0.0,0.0,0.0824309438467025,0.0,0.9175482988357544,0.0,0.0,0.082451730966568,0.0,0.917631447315216,0.0,0.0,0.0823685899376869,0.0,0.9175898432731628,0.0,0.0,0.0824101641774177,0.0,0.917631447315216,0.0,0.0,0.0823685899376869,0.0,0.9176522493362428,0.0,0.0,0.0823478102684021,0.0,0.9176106452941896,0.0,0.0,0.0823893770575523,0.0,0.8801363706588745,0.0007482385262846,0.0008729449473321,0.1181801185011863,6.235321052372456e-05,0.8836697340011597,0.0006858853157609,0.0009145137737505,0.1147299110889434,0.0,0.9046204090118408,0.0007690229685977,0.0004156880895607,0.0941949188709259,0.0,0.8863301277160645,0.0005611788947135,0.0007482385262846,0.1123604923486709,0.0,0.8716355562210083,0.0013717706315219,0.0012262798845767,0.1257456392049789,2.0784404114237987e-05,0.9084239602088928,0.0,0.0,0.0915760844945907,0.0,0.8826305270195007,0.0021823623683303,0.0022862844634801,0.1128800958395004,2.0784404114237987e-05,0.8886371850967407,0.0007274541421793,0.0003949036763515,0.110219694674015,2.0784404114237987e-05,0.906158447265625,0.0007274541421793,0.0005819633370265,0.0925321653485298,0.0,0.8868705034255981,0.0020784405060112,0.0010392202530056,0.1100118532776832,0.0,0.8969925045967102,0.0014964770525693,0.0013509863056242,0.1001392602920532,2.0784404114237987e-05,0.8877434730529785,0.0009560826001688,0.0009976513683795,0.1103028357028961,0.0,0.8854779601097107,0.001163926674053,0.0008313761791214,0.112505979835987,2.0784404114237987e-05,0.8977823257446289,0.0003533348790369,0.0006858853157609,0.1011369079351425,4.156880822847597e-05,0.8907987475395203,0.0006235321052372,0.0003533348790369,0.1082243919372558,0.0,0.8913183808326721,0.000789807352703,0.000789807352703,0.1070812493562698,2.0784404114237987e-05,0.8890944719314575,0.0012678486527875,0.0011847109999507,0.1084114536643028,4.156880822847597e-05,0.908216118812561,8.313761645695195e-05,4.156880822847597e-05,0.0916592255234718,0.0,0.887785017490387,0.0013094174209982,0.0013925550738349,0.1094922423362732,2.0784404114237987e-05,0.8850207328796387,0.0013509863056242,0.0018705963157117,0.1117161735892295,4.156880822847597e-05,0.9036850929260254,0.0006235321052372,0.0006235321052372,0.0950678661465644,0.0,0.8995698094367981,0.0007690229685977,0.0007482385262846,0.0989129766821861,0.0,0.8807183504104614,0.0016211834736168,0.0013925550738349,0.1162679567933082,0.0,0.8958494067192078,0.0008729449473321,0.0006027477211318,0.1026541739702224,2.0784404114237987e-05,0.8803650140762329,0.0019953027367591,0.0014756927266716,0.1161640360951423,0.0,0.9091721773147584,0.0004572568868752,0.0005403945106081,0.0898301973938942,0.0,0.8513084053993225,0.0024109908845275,0.0028890322428196,0.1433500349521637,4.156880822847597e-05,0.8785983324050903,0.0022239312529563,0.0022862844634801,0.1168291345238685,6.235321052372456e-05,0.8886164426803589,0.0003949036763515,0.0004156880895607,0.1105730310082435,0.0,0.8959532976150513,0.001163926674053073,0.0008521605632267892,0.10203064233064651,0.0
112,0.917506754398346,0.0,0.0,0.0824932977557182,0.0,0.9174651503562928,0.0,0.0,0.082534871995449,0.0,0.9171326160430908,0.0,0.0,0.0828674212098121,0.0,0.9172157645225524,0.0,0.0,0.082784280180931,0.0,0.9174236059188844,0.0,0.0,0.0825764387845993,0.0,0.9172365665435792,0.0,0.0,0.0827635005116462,0.0,0.917319655418396,0.0,0.0,0.0826803594827652,0.0,0.9174236059188844,0.0,0.0,0.0825764387845993,0.0,0.9174236059188844,0.0,0.0,0.0825764387845993,0.0,0.9174028038978576,0.0,0.0,0.0825972184538841,0.0,0.9174444079399108,0.0,0.0,0.0825556516647338,0.0,0.917382001876831,0.0,0.0,0.0826180055737495,0.0,0.9173612594604492,0.0,0.0,0.0826387926936149,0.0,0.9175482988357544,0.0,0.0,0.082451730966568,0.0,0.917382001876831,0.0,0.0,0.0826180055737495,0.0,0.917382001876831,0.0,0.0,0.0826180055737495,0.0,0.9174859523773192,0.0,0.0,0.0825140848755836,0.0,0.917319655418396,0.0,0.0,0.0826803594827652,0.0,0.917569100856781,0.0,0.0,0.0824309438467025,0.0,0.9174651503562928,0.0,0.0,0.082534871995449,0.0,0.9172781109809875,0.0,0.0,0.0827219262719154,0.0,0.9174236059188844,0.0,0.0,0.0825764387845993,0.0,0.9174028038978576,0.0,0.0,0.0825972184538841,0.0,0.917382001876831,0.0,0.0,0.0826180055737495,0.0,0.9173612594604492,0.0,0.0,0.0826387926936149,0.0,0.9174444079399108,0.0,0.0,0.0825556516647338,0.0,0.9174028038978576,0.0,0.0,0.0825972184538841,0.0,0.9174444079399108,0.0,0.0,0.0825556516647338,0.0,0.9174651503562928,0.0,0.0,0.082534871995449,0.0,0.9174236059188844,0.0,0.0,0.0825764387845993,0.0,0.8798246383666992,0.0006651009316556,0.0009768670424818,0.1184711009263992,6.235321052372456e-05,0.8833995461463928,0.0005819633370265,0.0010184358106926,0.1150001063942909,0.0,0.9044333696365356,0.0006027477211318,0.0004780413000844,0.0944859012961387,0.0,0.8860807418823242,0.0005611788947135,0.0006235321052372,0.1127346083521843,0.0,0.8713445663452148,0.00114314223174,0.0013302018633112,0.1261613368988037,2.0784404114237987e-05,0.9082368612289428,0.0,0.0,0.0917631462216377,0.0,0.8821524381637573,0.001829027547501,0.0023902065586298,0.1136075556278228,2.0784404114237987e-05,0.8884501457214355,0.0005819633370265,0.0003533348790369,0.1105938106775283,2.0784404114237987e-05,0.9059506058692932,0.0006235321052372,0.0005196101265028,0.0929062888026237,0.0,0.8865587711334229,0.0019745184108614,0.001122357789427,0.1103444024920463,0.0,0.8967015743255615,0.00114314223174,0.0016003991477191,0.1005341634154319,2.0784404114237987e-05,0.8874524831771851,0.0009768670424818,0.0009352981578558,0.1106353849172592,0.0,0.8852285742759705,0.0009145137737505,0.0008313761791214,0.1130048036575317,2.0784404114237987e-05,0.8975121378898621,0.0003117660526186,0.0007482385262846,0.1013863235712051,4.156880822847597e-05,0.8904454708099365,0.0005611788947135,0.0005819633370265,0.1084114536643028,0.0,0.8910481929779053,0.000789807352703,0.0006651009316556,0.1074761524796485,2.0784404114237987e-05,0.888741135597229,0.0012054954422637,0.0011015734635293,0.1089102774858474,4.156880822847597e-05,0.9080290198326112,6.235321052372456e-05,6.235321052372456e-05,0.0918462797999382,0.0,0.8873485922813416,0.00114314223174,0.0015796147054061,0.1099079325795173,2.0784404114237987e-05,0.8845219016075134,0.0013509863056242,0.0017251055687665,0.1123604923486709,4.156880822847597e-05,0.903394103050232,0.0006651009316556,0.0006443165475502,0.0952964946627616,0.0,0.8992788195610046,0.0008105917368084,0.0006651009316556,0.0992455333471298,0.0,0.8803234100341797,0.0013925550738349,0.0014549082843586,0.1168291345238685,0.0,0.8955584168434143,0.000789807352703,0.0006443165475502,0.1029867231845855,2.0784404114237987e-05,0.8798869848251343,0.0016835366841405,0.0019329495262354,0.1164965853095054,0.0,0.908860445022583,0.0004572568868752,0.0006235321052372,0.0900588259100914,0.0,0.8505809307098389,0.0024109908845275,0.0031592294108122,0.1438072919845581,4.156880822847597e-05,0.8780786991119385,0.001849811989814,0.0025564816314727,0.1174526661634445,6.235321052372456e-05,0.8883669972419739,0.0004156880895607,0.0004156880895607,0.1108016595244407,0.0,0.8956831097602844,0.0009352981578558683,0.0009768670424818993,0.10240475833415985,0.0
113,0.9158439636230468,0.0,0.0,0.0841560512781143,0.0,0.9158024191856384,0.0,0.0,0.0841976180672645,0.0,0.9154698848724364,0.0,0.0,0.0845301747322082,0.0,0.9155529737472534,0.0,0.0,0.0844470337033271,0.0,0.91576087474823,0.0,0.0,0.0842391923069953,0.0,0.91557377576828,0.0,0.0,0.0844262465834617,0.0,0.9156569242477416,0.0,0.0,0.0843431130051612,0.0,0.91576087474823,0.0,0.0,0.0842391923069953,0.0,0.91576087474823,0.0,0.0,0.0842391923069953,0.0,0.9157400727272034,0.0,0.0,0.0842599719762802,0.0,0.9157816171646118,0.0,0.0,0.0842184051871299,0.0,0.9157192707061768,0.0,0.0,0.0842807590961456,0.0,0.91569846868515,0.0,0.0,0.084301546216011,0.0,0.9158855676651,0.0,0.0,0.084114484488964,0.0,0.9157192707061768,0.0,0.0,0.0842807590961456,0.0,0.9157192707061768,0.0,0.0,0.0842807590961456,0.0,0.915823221206665,0.0,0.0,0.0841768383979797,0.0,0.9156569242477416,0.0,0.0,0.0843431130051612,0.0,0.915906310081482,0.0,0.0,0.0840936973690986,0.0,0.9158024191856384,0.0,0.0,0.0841976180672645,0.0,0.9156153798103333,0.0,0.0,0.0843846797943115,0.0,0.91576087474823,0.0,0.0,0.0842391923069953,0.0,0.9157400727272034,0.0,0.0,0.0842599719762802,0.0,0.9157192707061768,0.0,0.0,0.0842807590961456,0.0,0.91569846868515,0.0,0.0,0.084301546216011,0.0,0.9157816171646118,0.0,0.0,0.0842184051871299,0.0,0.9157400727272034,0.0,0.0,0.0842599719762802,0.0,0.9157816171646118,0.0,0.0,0.0842184051871299,0.0,0.9158024191856384,0.0,0.0,0.0841976180672645,0.0,0.91576087474823,0.0,0.0,0.0842391923069953,0.0,0.87803715467453,0.0005819633370265,0.0010392202530056,0.120279349386692,6.235321052372456e-05,0.8814873695373535,0.0007066697580739,0.0010184358106926,0.1167875677347183,0.0,0.9026458859443665,0.0004780413000844,0.0006235321052372,0.0962525755167007,0.0,0.8843972086906433,0.0004572568868752,0.0006443165475502,0.1145012825727462,0.0,0.8695155382156372,0.0010392202530056,0.0014549082843586,0.1279695779085159,2.0784404114237987e-05,0.9065741300582886,0.0,0.0,0.0934258997440338,0.0,0.8801571726799011,0.0016627523582428,0.002577266190201,0.1155820712447166,2.0784404114237987e-05,0.8867666125297546,0.0005403945106081,0.0003741192631423,0.1122981384396553,2.0784404114237987e-05,0.904225528240204,0.000436472473666,0.0006651009316556,0.0946729630231857,0.0,0.8847297430038452,0.0014964770525693,0.0015588302630931,0.1122149974107742,0.0,0.894747793674469,0.001122357789427,0.0017458898946642,0.1023631915450096,2.0784404114237987e-05,0.8857274055480957,0.0007690229685977,0.0009768670424818,0.1125267669558525,0.0,0.8835034370422363,0.0007690229685977,0.0008313761791214,0.1148753985762596,2.0784404114237987e-05,0.8957246541976929,0.0003949036763515,0.0006443165475502,0.1031945645809173,4.156880822847597e-05,0.888741135597229,0.0004780413000844,0.0007066697580739,0.1100742071866989,0.0,0.8893230557441711,0.0006858853157609,0.0008105917368084,0.1091596931219101,2.0784404114237987e-05,0.886683464050293,0.0014133395161479,0.0011847109999507,0.1106769517064094,4.156880822847597e-05,0.9063454866409302,6.235321052372456e-05,6.235321052372456e-05,0.0935298204421997,0.0,0.8853117227554321,0.0012054954422637,0.0016419679159298,0.1118200942873954,2.0784404114237987e-05,0.8825473785400391,0.0013094174209982,0.0017874587792903,0.1143142208456993,4.156880822847597e-05,0.9016066789627076,0.0006651009316556,0.0004572568868752,0.0972710102796554,0.0,0.8975329399108887,0.0004156880895607,0.0009768670424818,0.1010745540261268,0.0,0.8784528374671936,0.0011847109999507,0.0016627523582428,0.1186997294425964,0.0,0.8938125371932983,0.0006027477211318,0.0008521605632267,0.1047118306159973,2.0784404114237987e-05,0.8780163526535034,0.0013302018633112,0.0018705963157117,0.1187828704714775,0.0,0.907176911830902,0.0004156880895607,0.0003533348790369,0.0920541286468505,0.0,0.848502516746521,0.0022239312529563,0.0030345229897648,0.146197497844696,4.156880822847597e-05,0.8760834336280823,0.0016419679159298,0.0027227569371461,0.1194895356893539,6.235321052372456e-05,0.8866626620292664,0.0003949036763515,0.0004572568868752,0.1124851927161216,0.0,0.8937709331512451,0.0011015734635293484,0.0009145137737505138,0.10421299934387207,0.0
114,0.9142435789108276,0.0,0.0,0.0857564508914947,0.0,0.9142020344734192,0.0,0.0,0.0857980176806449,0.0,0.9138694405555724,0.0,0.0,0.0861305743455886,0.0,0.9139525890350342,0.0,0.0,0.0860474333167076,0.0,0.914160430431366,0.0,0.0,0.0858395919203758,0.0,0.9139733910560608,0.0,0.0,0.0860266461968422,0.0,0.9140565395355223,0.0,0.0,0.0859435126185417,0.0,0.914160430431366,0.0,0.0,0.0858395919203758,0.0,0.914160430431366,0.0,0.0,0.0858395919203758,0.0,0.914139688014984,0.0,0.0,0.0858603715896606,0.0,0.9141812324523926,0.0,0.0,0.0858188048005104,0.0,0.9141188859939576,0.0,0.0,0.085881158709526,0.0,0.9140980839729308,0.0,0.0,0.0859019458293914,0.0,0.914285123348236,0.0,0.0,0.0857148841023445,0.0,0.9141188859939576,0.0,0.0,0.085881158709526,0.0,0.9141188859939576,0.0,0.0,0.085881158709526,0.0,0.914222776889801,0.0,0.0,0.0857772380113601,0.0,0.9140565395355223,0.0,0.0,0.0859435126185417,0.0,0.9143059253692628,0.0,0.0,0.0856940969824791,0.0,0.9142020344734192,0.0,0.0,0.0857980176806449,0.0,0.9140149354934692,0.0,0.0,0.0859850794076919,0.0,0.914160430431366,0.0,0.0,0.0858395919203758,0.0,0.914139688014984,0.0,0.0,0.0858603715896606,0.0,0.9141188859939576,0.0,0.0,0.085881158709526,0.0,0.9140980839729308,0.0,0.0,0.0859019458293914,0.0,0.9141812324523926,0.0,0.0,0.0858188048005104,0.0,0.914139688014984,0.0,0.0,0.0858603715896606,0.0,0.9141812324523926,0.0,0.0,0.0858188048005104,0.0,0.9142020344734192,0.0,0.0,0.0857980176806449,0.0,0.914160430431366,0.0,0.0,0.0858395919203758,0.0,0.8763328194618225,0.0005611788947135,0.0008937293896451,0.1221499443054199,6.235321052372456e-05,0.8797414898872375,0.0006027477211318,0.0010807890212163,0.1185750290751457,0.0,0.9009831547737122,0.0003533348790369,0.0007482385262846,0.0979153290390968,0.0,0.8827552199363708,0.0003117660526186,0.0004988256841897,0.1164342314004898,0.0,0.8674994707107544,0.0009768670424818,0.0015588302630931,0.1299441009759903,2.0784404114237987e-05,0.9049737453460692,0.0,0.0,0.0950262919068336,0.0,0.8779540061950684,0.0019537340849637,0.0022239312529563,0.1178475692868232,2.0784404114237987e-05,0.8851038217544556,0.0005403945106081,0.0003533348790369,0.1139816716313362,2.0784404114237987e-05,0.9025419354438782,0.0003949036763515,0.0007482385262846,0.0963149294257164,0.0,0.8826928734779358,0.0013717706315219,0.001849811989814,0.1140648126602172,2.0784404114237987e-05,0.8928980231285095,0.0009976513683795,0.001849811989814,0.1042337864637374,2.0784404114237987e-05,0.8840438723564148,0.0006235321052372,0.0007482385262846,0.1145844236016273,0.0,0.8817575573921204,0.0005611788947135,0.00114314223174,0.1165173724293708,2.0784404114237987e-05,0.8940827250480652,0.0003533348790369,0.0006235321052372,0.1048988848924636,4.156880822847597e-05,0.8871199488639832,0.0003949036763515,0.0006443165475502,0.1118408814072609,0.0,0.8875356316566467,0.0003741192631423,0.0011847109999507,0.1108847931027412,2.0784404114237987e-05,0.8848128914833069,0.0014133395161479,0.0011847109999507,0.1125475466251373,4.156880822847597e-05,0.9047242999076844,6.235321052372456e-05,8.313761645695195e-05,0.0951302200555801,0.0,0.8835034370422363,0.0012054954422637,0.0015588302630931,0.1137114763259887,2.0784404114237987e-05,0.8807598948478699,0.0010184358106926,0.0019745184108614,0.1162056028842926,4.156880822847597e-05,0.8999438881874084,0.0005611788947135,0.0005819633370265,0.0989129766821861,0.0,0.8958701491355896,0.0003533348790369,0.0010600045789033,0.1027165278792381,0.0,0.8767277598381042,0.0008729449473321,0.0017874587792903,0.1206118986010551,0.0,0.8921705484390259,0.0005196101265028,0.0008313761791214,0.1064577177166938,2.0784404114237987e-05,0.8762081265449524,0.00114314223174,0.0020576559472829,0.1205911114811897,0.0,0.9054933786392212,0.0003741192631423,0.0004156880895607,0.093716874718666,0.0,0.8465279936790466,0.001849811989814,0.0029513854533433,0.1486292779445648,4.156880822847597e-05,0.8739842176437378,0.0016627523582428,0.0026604037266224,0.1216303333640098,6.235321052372456e-05,0.8849791288375854,0.0004156880895607,0.000436472473666,0.1141687333583831,0.0,0.8920042514801025,0.0010600045789033175,0.0010600045789033175,0.10587575286626816,0.0
115,0.9130173325538636,0.0,0.0,0.0869827345013618,0.0,0.9129757285118104,0.0,0.0,0.087024301290512,0.0,0.9126431941986084,0.0,0.0,0.0873568505048751,0.0,0.91272634267807,0.0,0.0,0.0872737094759941,0.0,0.912934184074402,0.0,0.0,0.0870658680796623,0.0,0.912747085094452,0.0,0.0,0.0872529298067092,0.0,0.9128302335739136,0.0,0.0,0.0871697887778282,0.0,0.912934184074402,0.0,0.0,0.0870658680796623,0.0,0.912934184074402,0.0,0.0,0.0870658680796623,0.0,0.9129133820533752,0.0,0.0,0.0870866551995277,0.0,0.9129549264907836,0.0,0.0,0.0870450809597969,0.0,0.9128925800323486,0.0,0.0,0.0871074348688125,0.0,0.9128718376159668,0.0,0.0,0.0871282219886779,0.0,0.913058876991272,0.0,0.0,0.086941160261631,0.0,0.9128925800323486,0.0,0.0,0.0871074348688125,0.0,0.9128925800323486,0.0,0.0,0.0871074348688125,0.0,0.9129965305328368,0.0,0.0,0.0870035141706466,0.0,0.9128302335739136,0.0,0.0,0.0871697887778282,0.0,0.9130796790122986,0.0,0.0,0.0869203805923461,0.0,0.9129757285118104,0.0,0.0,0.087024301290512,0.0,0.9127886891365052,0.0,0.0,0.087211363017559,0.0,0.912934184074402,0.0,0.0,0.0870658680796623,0.0,0.9129133820533752,0.0,0.0,0.0870866551995277,0.0,0.9128925800323486,0.0,0.0,0.0871074348688125,0.0,0.9128718376159668,0.0,0.0,0.0871282219886779,0.0,0.9129549264907836,0.0,0.0,0.0870450809597969,0.0,0.9129133820533752,0.0,0.0,0.0870866551995277,0.0,0.9129549264907836,0.0,0.0,0.0870450809597969,0.0,0.9129757285118104,0.0,0.0,0.087024301290512,0.0,0.912934184074402,0.0,0.0,0.0870658680796623,0.0,0.8750442266464233,0.0004156880895607,0.0009145137737505,0.1235632821917533,6.235321052372456e-05,0.8783904910087585,0.0006027477211318,0.0008521605632267,0.1201546415686607,0.0,0.8996321558952332,0.0003117660526186,0.0008521605632267,0.0992039591073989,0.0,0.8814665675163269,0.0001870596315711,0.0006235321052372,0.1177228614687919,0.0,0.8659614324569702,0.0009976513683795,0.0017043211264535,0.1313158720731735,2.0784404114237987e-05,0.9037474393844604,0.0,0.0,0.0962525755167007,0.0,0.8763328194618225,0.0016211834736168,0.0026604037266224,0.1193648353219032,2.0784404114237987e-05,0.8836697340011597,0.0002909816685132,0.000789807352703,0.1152287349104881,2.0784404114237987e-05,0.9012325406074524,0.0002494128420948,0.0008937293896451,0.0976243466138839,0.0,0.8810716867446899,0.001122357789427,0.0022862844634801,0.1154781505465507,4.156880822847597e-05,0.8914015293121338,0.0009145137737505,0.0018913807580247,0.1057718321681022,2.0784404114237987e-05,0.8827344179153442,0.0003325504658278,0.0010600045789033,0.1158730536699295,0.0,0.8803234100341797,0.0004780413000844,0.0012470642104744,0.1179307103157043,2.0784404114237987e-05,0.8927732706069946,0.0003325504658278,0.0005403945106081,0.1063122302293777,4.156880822847597e-05,0.8857897520065308,0.0003325504658278,0.0007690229685977,0.1131087243556976,0.0,0.8861638307571411,0.0004780413000844,0.0010184358106926,0.1123189181089401,2.0784404114237987e-05,0.8835034370422363,0.0009145137737505,0.0014756927266716,0.1140648126602172,4.156880822847597e-05,0.9034980535507202,4.156880822847597e-05,8.313761645695195e-05,0.096377283334732,0.0,0.8820277452468872,0.0010807890212163,0.0014549082843586,0.1154157966375351,2.0784404114237987e-05,0.8791803121566772,0.001163926674053,0.001849811989814,0.1177644357085228,4.156880822847597e-05,0.8985721468925476,0.000436472473666,0.0006443165475502,0.100347101688385,0.0,0.8944152593612671,0.0004780413000844,0.0010600045789033,0.1040467247366905,0.0,0.8752936124801636,0.0007482385262846,0.001849811989814,0.1221083775162696,0.0,0.8907156586647034,0.0004572568868752,0.0010807890212163,0.1077255681157112,2.0784404114237987e-05,0.8747947812080383,0.0008937293896451,0.0023278533481061,0.1219836696982383,0.0,0.9041423797607422,0.0003533348790369,0.0004572568868752,0.095047079026699,0.0,0.8449899554252625,0.0016419679159298,0.0028890322428196,0.150437518954277,4.156880822847597e-05,0.8722175359725952,0.0017043211264535,0.0027019726112484,0.1233138665556907,6.235321052372456e-05,0.8837528824806213,0.0001870596315711,0.0005611788947135,0.1154989302158355,0.0,0.8906117081642151,0.0006651009316556156,0.0013509863056242466,0.1073722317814827,0.0
116,0.9101074934005736,0.0,0.0,0.0898925513029098,0.0,0.9100658893585204,0.0,0.0,0.08993411809206,0.0,0.9097333550453186,0.0,0.0,0.0902666673064231,0.0,0.9098165035247804,0.0,0.0,0.0901835262775421,0.0,0.910024344921112,0.0,0.0,0.0899756848812103,0.0,0.9098373055458068,0.0,0.0,0.0901627466082573,0.0,0.9099204540252686,0.0,0.0,0.0900796055793762,0.0,0.910024344921112,0.0,0.0,0.0899756848812103,0.0,0.910024344921112,0.0,0.0,0.0899756848812103,0.0,0.9100035429000854,0.0,0.0,0.0899964720010757,0.0,0.9100451469421388,0.0,0.0,0.0899548977613449,0.0,0.9099828004837036,0.0,0.0,0.0900172516703605,0.0,0.909961998462677,0.0,0.0,0.0900380387902259,0.0,0.9101490378379822,0.0,0.0,0.089850977063179,0.0,0.9099828004837036,0.0,0.0,0.0900172516703605,0.0,0.9099828004837036,0.0,0.0,0.0900172516703605,0.0,0.9100866913795472,0.0,0.0,0.0899133309721946,0.0,0.9099204540252686,0.0,0.0,0.0900796055793762,0.0,0.9101698398590088,0.0,0.0,0.0898301973938942,0.0,0.9100658893585204,0.0,0.0,0.08993411809206,0.0,0.9098788499832152,0.0,0.0,0.090121179819107,0.0,0.910024344921112,0.0,0.0,0.0899756848812103,0.0,0.9100035429000854,0.0,0.0,0.0899964720010757,0.0,0.9099828004837036,0.0,0.0,0.0900172516703605,0.0,0.909961998462677,0.0,0.0,0.0900380387902259,0.0,0.9100451469421388,0.0,0.0,0.0899548977613449,0.0,0.9100035429000854,0.0,0.0,0.0899964720010757,0.0,0.9100451469421388,0.0,0.0,0.0899548977613449,0.0,0.9100658893585204,0.0,0.0,0.08993411809206,0.0,0.910024344921112,0.0,0.0,0.0899756848812103,0.0,0.8720512390136719,0.0003741192631423,0.0008729449473321,0.1266393810510635,6.235321052372456e-05,0.8753559589385986,0.0006443165475502,0.0007690229685977,0.1232307329773902,0.0,0.8965560793876648,0.0004780413000844,0.0007690229685977,0.102196916937828,0.0,0.8785151839256287,0.0001662752329139,0.0006235321052372,0.1206950321793556,0.0,0.8628645539283752,0.0010807890212163,0.0014756927266716,0.134558230638504,2.0784404114237987e-05,0.9008376598358154,0.0,0.0,0.0991623923182487,0.0,0.8731112480163574,0.0016419679159298,0.0024733440950512,0.1227526888251304,2.0784404114237987e-05,0.8805312514305115,0.0005196101265028,0.0007274541421793,0.1182009056210517,2.0784404114237987e-05,0.8982396125793457,0.0003117660526186,0.0007482385262846,0.1007004380226135,0.0,0.877974808216095,0.0011847109999507,0.0022031469270586,0.1185958087444305,4.156880822847597e-05,0.8883046507835388,0.0009976513683795,0.0016003991477191,0.109076552093029,2.0784404114237987e-05,0.8797622323036194,0.0002909816685132,0.0010600045789033,0.1188867911696434,0.0,0.8772473335266113,0.0005819633370265,0.0012262798845767,0.1209236606955528,2.0784404114237987e-05,0.889842689037323,0.000270197255304,0.000436472473666,0.1094091013073921,4.156880822847597e-05,0.8827760219573975,0.000270197255304,0.000789807352703,0.1161640360951423,0.0,0.8830877542495728,0.0005611788947135,0.0008729449473321,0.1154573634266853,2.0784404114237987e-05,0.8805728554725647,0.0007690229685977,0.0014341238420456,0.117182470858097,4.156880822847597e-05,0.9005882143974304,4.156880822847597e-05,8.313761645695195e-05,0.09928710013628,0.0,0.8789932131767273,0.0009560826001688,0.0015588302630931,0.1184711009263992,2.0784404114237987e-05,0.8759379386901855,0.0011847109999507,0.0016627523582428,0.1211730763316154,4.156880822847597e-05,0.8955791592597961,0.0004156880895607,0.0007274541421793,0.1032777056097984,0.0,0.8912560343742371,0.0006235321052372,0.0008729449473321,0.1072475239634513,0.0,0.8721135854721069,0.0008105917368084,0.001829027547501,0.1252468228340149,0.0,0.8875771760940552,0.0005819633370265,0.0009768670424818,0.110843226313591,2.0784404114237987e-05,0.8716563582420349,0.0008313761791214,0.0022862844634801,0.1252260357141494,0.0,0.901190996170044,0.000270197255304,0.0005819633370265,0.097956895828247,0.0,0.8413734436035156,0.001808243105188,0.0029513854533433,0.1538045853376388,6.235321052372456e-05,0.8688712120056152,0.001808243105188,0.0025564816314727,0.1267017275094986,6.235321052372456e-05,0.8807183504104614,0.0002494128420948,0.0004572568868752,0.1185750290751457,0.0,0.8874940276145935,0.0007898073527030647,0.0012470642104744911,0.11046911031007767,0.0
117,0.908922791481018,0.0,0.0,0.0910772606730461,0.0,0.9088811874389648,0.0,0.0,0.0911188274621963,0.0,0.9085486531257628,0.0,0.0,0.0914513766765594,0.0,0.9086318016052246,0.0,0.0,0.0913682430982589,0.0,0.9088396430015564,0.0,0.0,0.0911603942513465,0.0,0.9086526036262512,0.0,0.0,0.0913474559783935,0.0,0.908735692501068,0.0,0.0,0.0912643149495124,0.0,0.9088396430015564,0.0,0.0,0.0911603942513465,0.0,0.9088396430015564,0.0,0.0,0.0911603942513465,0.0,0.9088188409805298,0.0,0.0,0.091181181371212,0.0,0.908860445022583,0.0,0.0,0.0911396145820617,0.0,0.908798098564148,0.0,0.0,0.0912019684910774,0.0,0.9087772965431212,0.0,0.0,0.0912227481603622,0.0,0.9089643359184264,0.0,0.0,0.0910356864333152,0.0,0.908798098564148,0.0,0.0,0.0912019684910774,0.0,0.908798098564148,0.0,0.0,0.0912019684910774,0.0,0.9089019894599916,0.0,0.0,0.0910980403423309,0.0,0.908735692501068,0.0,0.0,0.0912643149495124,0.0,0.9089851379394532,0.0,0.0,0.0910149067640304,0.0,0.9088811874389648,0.0,0.0,0.0911188274621963,0.0,0.9086941480636596,0.0,0.0,0.0913058891892433,0.0,0.9088396430015564,0.0,0.0,0.0911603942513465,0.0,0.9088188409805298,0.0,0.0,0.091181181371212,0.0,0.908798098564148,0.0,0.0,0.0912019684910774,0.0,0.9087772965431212,0.0,0.0,0.0912227481603622,0.0,0.908860445022583,0.0,0.0,0.0911396145820617,0.0,0.9088188409805298,0.0,0.0,0.091181181371212,0.0,0.908860445022583,0.0,0.0,0.0911396145820617,0.0,0.9088811874389648,0.0,0.0,0.0911188274621963,0.0,0.9088396430015564,0.0,0.0,0.0911603942513465,0.0,0.8708665370941162,0.0002494128420948,0.000789807352703,0.128031924366951,6.235321052372456e-05,0.8741089105606079,0.0004572568868752,0.0008313761791214,0.1246025040745735,0.0,0.8952882289886475,0.000436472473666,0.0007274541421793,0.1035479009151458,0.0,0.8772681355476379,0.0002078440447803,0.0005819633370265,0.1219420954585075,0.0,0.8615135550498962,0.0010807890212163,0.0013094174209982,0.1360754966735839,2.0784404114237987e-05,0.8996529579162598,0.0,0.0,0.100347101688385,0.0,0.8715732097625732,0.0016627523582428,0.0021615780424326,0.1245817169547081,2.0784404114237987e-05,0.879138708114624,0.0007066697580739,0.0006027477211318,0.1195311099290847,2.0784404114237987e-05,0.8968262672424316,0.0004780413000844,0.0006858853157609,0.1020098552107811,0.0,0.8764783143997192,0.0013302018633112,0.0021407937165349,0.120009146630764,4.156880822847597e-05,0.8868497610092163,0.0009768670424818,0.0014341238420456,0.1107185184955596,2.0784404114237987e-05,0.8782865405082703,0.0005196101265028,0.0010392202530056,0.1201546415686607,0.0,0.8760210871696472,0.0005611788947135,0.0009768670424818,0.1224201396107673,2.0784404114237987e-05,0.8886371850967407,0.0001662752329139,0.000436472473666,0.1107185184955596,4.156880822847597e-05,0.8815705180168152,0.0002494128420948,0.0006027477211318,0.1175773739814758,0.0,0.8818199038505554,0.0005819633370265,0.0008521605632267,0.1167252138257026,2.0784404114237987e-05,0.8792218565940857,0.0005403945106081,0.0016003991477191,0.1185958087444305,4.156880822847597e-05,0.8994035124778748,2.0784404114237987e-05,8.313761645695195e-05,0.1004925966262817,0.0,0.8777046203613281,0.0006858853157609,0.0015172614948824,0.1200715005397796,2.0784404114237987e-05,0.8744622468948364,0.001163926674053,0.0016627523582428,0.1226695552468299,4.156880822847597e-05,0.8943321108818054,0.0003533348790369,0.000789807352703,0.1045247688889503,0.0,0.8899881839752197,0.0006235321052372,0.0008937293896451,0.1084945872426033,0.0,0.8707418441772461,0.000789807352703,0.0016003991477191,0.1268680095672607,0.0,0.8862054347991943,0.0006858853157609,0.0008729449473321,0.1122149974107742,2.0784404114237987e-05,0.8702430129051208,0.0008521605632267,0.0018913807580247,0.1270134896039962,0.0,0.8999231457710266,0.0003325504658278,0.0004780413000844,0.0992663130164146,0.0,0.8397730588912964,0.001808243105188,0.0028266790322959,0.1555296927690506,6.235321052372456e-05,0.8674163222312927,0.0017458898946642,0.0021823623683303,0.1285931020975113,6.235321052372456e-05,0.8794088959693909,0.0003325504658278,0.0004572568868752,0.1198013052344322,0.0,0.886101484298706,0.0007482385262846947,0.0011847109999507666,0.11196558177471161,0.0
118,0.9088396430015564,0.0,0.0,0.0911603942513465,0.0,0.908798098564148,0.0,0.0,0.0912019684910774,0.0,0.9084655046463012,0.0,0.0,0.0915345177054405,0.0,0.9085486531257628,0.0,0.0,0.0914513766765594,0.0,0.9087564945220948,0.0,0.0,0.0912435352802276,0.0,0.9085694551467896,0.0,0.0,0.0914305970072746,0.0,0.9086526036262512,0.0,0.0,0.0913474559783935,0.0,0.9087564945220948,0.0,0.0,0.0912435352802276,0.0,0.9087564945220948,0.0,0.0,0.0912435352802276,0.0,0.908735692501068,0.0,0.0,0.0912643149495124,0.0,0.9087772965431212,0.0,0.0,0.0912227481603622,0.0,0.9087149500846864,0.0,0.0,0.0912851020693779,0.0,0.9086941480636596,0.0,0.0,0.0913058891892433,0.0,0.9088811874389648,0.0,0.0,0.0911188274621963,0.0,0.9087149500846864,0.0,0.0,0.0912851020693779,0.0,0.9087149500846864,0.0,0.0,0.0912851020693779,0.0,0.9088188409805298,0.0,0.0,0.091181181371212,0.0,0.9086526036262512,0.0,0.0,0.0913474559783935,0.0,0.9089019894599916,0.0,0.0,0.0910980403423309,0.0,0.908798098564148,0.0,0.0,0.0912019684910774,0.0,0.908610999584198,0.0,0.0,0.0913890227675437,0.0,0.9087564945220948,0.0,0.0,0.0912435352802276,0.0,0.908735692501068,0.0,0.0,0.0912643149495124,0.0,0.9087149500846864,0.0,0.0,0.0912851020693779,0.0,0.9086941480636596,0.0,0.0,0.0913058891892433,0.0,0.9087772965431212,0.0,0.0,0.0912227481603622,0.0,0.908735692501068,0.0,0.0,0.0912643149495124,0.0,0.9087772965431212,0.0,0.0,0.0912227481603622,0.0,0.908798098564148,0.0,0.0,0.0912019684910774,0.0,0.9087564945220948,0.0,0.0,0.0912435352802276,0.0,0.8706586956977844,0.000270197255304,0.0006858853157609,0.1283229142427444,6.235321052372456e-05,0.8738179206848145,0.0005196101265028,0.0008521605632267,0.1248103454709053,0.0,0.8950595855712891,0.0005196101265028,0.0005403945106081,0.1038804501295089,0.0,0.8770394921302795,0.0003117660526186,0.0004988256841897,0.1221499443054199,0.0,0.8610978722572327,0.0009976513683795,0.0014549082843586,0.1364288330078125,2.0784404114237987e-05,0.8995698094367981,0.0,0.0,0.100430242717266,0.0,0.8712406754493713,0.0013094174209982,0.0022655001375824,0.1251636743545532,2.0784404114237987e-05,0.8789516687393188,0.0007482385262846,0.0006027477211318,0.1196765974164009,2.0784404114237987e-05,0.8966184258460999,0.0005196101265028,0.0005196101265028,0.1023424044251442,0.0,0.8760210871696472,0.0012678486527875,0.0019329495262354,0.1207366064190864,4.156880822847597e-05,0.8866626620292664,0.0008313761791214,0.0013717706315219,0.1111134216189384,2.0784404114237987e-05,0.8778916597366333,0.0007482385262846,0.0008521605632267,0.1205079779028892,0.0,0.8757508397102356,0.0006027477211318,0.0009145137737505,0.1227111220359802,2.0784404114237987e-05,0.888554036617279,0.0001247064210474,0.000436472473666,0.110843226313591,4.156880822847597e-05,0.8814665675163269,0.0002494128420948,0.0004988256841897,0.1177852153778076,0.0,0.8816328644752502,0.0004988256841897,0.0008729449473321,0.1169746294617652,2.0784404114237987e-05,0.8788269758224487,0.0005819633370265,0.0016835366841405,0.1188660040497779,4.156880822847597e-05,0.8993203639984131,0.0,8.313761645695195e-05,0.1005965173244476,0.0,0.8774344325065613,0.0006651009316556,0.0014133395161479,0.1204664036631584,2.0784404114237987e-05,0.8740257620811462,0.0013302018633112,0.0014964770525693,0.1231060251593589,4.156880822847597e-05,0.8940827250480652,0.0004572568868752,0.0007274541421793,0.1047326102852821,0.0,0.8897595405578613,0.0007066697580739,0.0004780413000844,0.1090557649731636,0.0,0.8705340027809143,0.000789807352703,0.0013094174209982,0.1273668259382248,0.0,0.886039137840271,0.0007274541421793,0.0006443165475502,0.1125683337450027,2.0784404114237987e-05,0.8698273301124573,0.0009768670424818,0.0015380459371954,0.1276578158140182,0.0,0.8997568488121033,0.0003325504658278,0.0004988256841897,0.0994118079543113,0.0,0.8392118811607361,0.0019121652003377,0.0025980505160987,0.1562155783176422,6.235321052372456e-05,0.8670837879180908,0.0014964770525693,0.0021407937165349,0.1292166411876678,6.235321052372456e-05,0.8792426586151123,0.0003325504658278,0.0004780413000844,0.1199467927217483,0.0,0.8858520984649658,0.0007482385262846947,0.0012678486527875066,0.11213186383247375,0.0
119,0.9088396430015564,0.0,0.0,0.0911603942513465,0.0,0.908798098564148,0.0,0.0,0.0912019684910774,0.0,0.9084655046463012,0.0,0.0,0.0915345177054405,0.0,0.9085486531257628,0.0,0.0,0.0914513766765594,0.0,0.9087564945220948,0.0,0.0,0.0912435352802276,0.0,0.9085694551467896,0.0,0.0,0.0914305970072746,0.0,0.9086526036262512,0.0,0.0,0.0913474559783935,0.0,0.9087564945220948,0.0,0.0,0.0912435352802276,0.0,0.9087564945220948,0.0,0.0,0.0912435352802276,0.0,0.908735692501068,0.0,0.0,0.0912643149495124,0.0,0.9087772965431212,0.0,0.0,0.0912227481603622,0.0,0.9087149500846864,0.0,0.0,0.0912851020693779,0.0,0.9086941480636596,0.0,0.0,0.0913058891892433,0.0,0.9088811874389648,0.0,0.0,0.0911188274621963,0.0,0.9087149500846864,0.0,0.0,0.0912851020693779,0.0,0.9087149500846864,0.0,0.0,0.0912851020693779,0.0,0.9088188409805298,0.0,0.0,0.091181181371212,0.0,0.9086526036262512,0.0,0.0,0.0913474559783935,0.0,0.9089019894599916,0.0,0.0,0.0910980403423309,0.0,0.908798098564148,0.0,0.0,0.0912019684910774,0.0,0.908610999584198,0.0,0.0,0.0913890227675437,0.0,0.9087564945220948,0.0,0.0,0.0912435352802276,0.0,0.908735692501068,0.0,0.0,0.0912643149495124,0.0,0.9087149500846864,0.0,0.0,0.0912851020693779,0.0,0.9086941480636596,0.0,0.0,0.0913058891892433,0.0,0.9087772965431212,0.0,0.0,0.0912227481603622,0.0,0.908735692501068,0.0,0.0,0.0912643149495124,0.0,0.9087772965431212,0.0,0.0,0.0912227481603622,0.0,0.908798098564148,0.0,0.0,0.0912019684910774,0.0,0.9087564945220948,0.0,0.0,0.0912435352802276,0.0,0.8706170916557312,0.0002494128420948,0.0006235321052372,0.1284476220607757,6.235321052372456e-05,0.873776376247406,0.000436472473666,0.0007274541421793,0.1250597536563873,0.0,0.894997239112854,0.0004572568868752,0.0004780413000844,0.1040675118565559,0.0,0.8769979476928711,0.0002909816685132,0.0003741192631423,0.1223370060324668,0.0,0.861014723777771,0.0007690229685977,0.0012886330951005,0.1369068771600723,2.0784404114237987e-05,0.8995698094367981,0.0,0.0,0.100430242717266,0.0,0.8709912300109863,0.001163926674053,0.0023486376740038,0.1254754513502121,2.0784404114237987e-05,0.8789101243019104,0.0005819633370265,0.0007482385262846,0.1197389513254165,2.0784404114237987e-05,0.8966184258460999,0.000436472473666,0.0004780413000844,0.1024671122431755,0.0,0.8757716417312622,0.001122357789427,0.0017666743369773,0.1212977841496467,4.156880822847597e-05,0.8865171670913696,0.0007066697580739,0.0012678486527875,0.1114875450730323,2.0784404114237987e-05,0.8778085112571716,0.0007482385262846,0.0007066697580739,0.1207366064190864,0.0,0.8757092952728271,0.000436472473666,0.0007690229685977,0.1230644583702087,2.0784404114237987e-05,0.8885332942008972,6.235321052372456e-05,0.000436472473666,0.110926367342472,4.156880822847597e-05,0.8813418745994568,0.000270197255304,0.0004988256841897,0.1178891435265541,0.0,0.8816120624542236,0.0003741192631423,0.0005196101265028,0.1174734532833099,2.0784404114237987e-05,0.8785775303840637,0.0007482385262846,0.0014964770525693,0.119136206805706,4.156880822847597e-05,0.8992996215820312,2.0784404114237987e-05,6.235321052372456e-05,0.1006172969937324,0.0,0.8773512840270996,0.0004988256841897,0.0014549082843586,0.1206742525100708,2.0784404114237987e-05,0.8738179206848145,0.0011847109999507,0.0013717706315219,0.1235840693116188,4.156880822847597e-05,0.8940827250480652,0.0003117660526186,0.0007066697580739,0.1048988848924636,0.0,0.8897179961204529,0.0005196101265028,0.0005819633370265,0.1091804727911949,0.0,0.8704508543014526,0.0006651009316556,0.0010807890212163,0.1278032958507537,0.0,0.8859144449234009,0.0006235321052372,0.0007482385262846,0.112693041563034,2.0784404114237987e-05,0.869785726070404,0.0008313761791214,0.0013302018633112,0.1280527114868164,0.0,0.8997153043746948,0.0002494128420948,0.0004988256841897,0.099536508321762,0.0,0.8389624953269958,0.001849811989814,0.0021615780424326,0.15696382522583,6.235321052372456e-05,0.8668343424797058,0.0012054954422637,0.0022031469270586,0.1296946853399276,6.235321052372456e-05,0.8792218565940857,0.0003533348790369,0.0004156880895607,0.120009146630764,0.0,0.8857689499855042,0.0006651009316556156,0.0012262798845767975,0.11233970522880554,0.0
120,0.9082368612289428,0.0,0.0,0.0917631462216377,0.0,0.9081953167915344,0.0,0.0,0.0918047130107879,0.0,0.9078627824783324,0.0,0.0,0.092137262225151,0.0,0.9079459309577942,0.0,0.0,0.0920541286468505,0.0,0.908153772354126,0.0,0.0,0.0918462797999382,0.0,0.907966673374176,0.0,0.0,0.0920333415269851,0.0,0.9080498218536376,0.0,0.0,0.0919502004981041,0.0,0.908153772354126,0.0,0.0,0.0918462797999382,0.0,0.908153772354126,0.0,0.0,0.0918462797999382,0.0,0.9081329703330994,0.0,0.0,0.0918670669198036,0.0,0.9081745147705078,0.0,0.0,0.0918255001306533,0.0,0.9081121683120728,0.0,0.0,0.091887854039669,0.0,0.9080914258956908,0.0,0.0,0.0919086337089538,0.0,0.908278465270996,0.0,0.0,0.0917215719819068,0.0,0.9081121683120728,0.0,0.0,0.091887854039669,0.0,0.9081121683120728,0.0,0.0,0.091887854039669,0.0,0.908216118812561,0.0,0.0,0.0917839258909225,0.0,0.9080498218536376,0.0,0.0,0.0919502004981041,0.0,0.9082992672920228,0.0,0.0,0.091700792312622,0.0,0.9081953167915344,0.0,0.0,0.0918047130107879,0.0,0.9080082774162292,0.0,0.0,0.0919917747378349,0.0,0.908153772354126,0.0,0.0,0.0918462797999382,0.0,0.9081329703330994,0.0,0.0,0.0918670669198036,0.0,0.9081121683120728,0.0,0.0,0.091887854039669,0.0,0.9080914258956908,0.0,0.0,0.0919086337089538,0.0,0.9081745147705078,0.0,0.0,0.0918255001306533,0.0,0.9081329703330994,0.0,0.0,0.0918670669198036,0.0,0.9081745147705078,0.0,0.0,0.0918255001306533,0.0,0.9081953167915344,0.0,0.0,0.0918047130107879,0.0,0.908153772354126,0.0,0.0,0.0918462797999382,0.0,0.869972825050354,0.0002078440447803,0.0004988256841897,0.1292582154273986,6.235321052372456e-05,0.873132050037384,0.0003533348790369,0.0007274541421793,0.1257872134447097,0.0,0.8943321108818054,0.0003533348790369,0.0004780413000844,0.104836530983448,0.0,0.8763951659202576,0.0002494128420948,0.0002286284434376,0.1231268122792244,0.0,0.8602665066719055,0.0007274541421793,0.0011847109999507,0.1378006041049957,2.0784404114237987e-05,0.8989670276641846,0.0,0.0,0.1010329872369766,0.0,0.8703261613845825,0.0009145137737505,0.0019329495262354,0.1268056482076645,2.0784404114237987e-05,0.8782241940498352,0.000436472473666,0.0005196101265028,0.1207989603281021,2.0784404114237987e-05,0.8960156440734863,0.0003533348790369,0.0003325504658278,0.1032984852790832,0.0,0.8749610781669617,0.00114314223174,0.0013094174209982,0.1225448474287986,4.156880822847597e-05,0.8858104944229126,0.0006235321052372,0.0011015734635293,0.1124436259269714,2.0784404114237987e-05,0.8771434426307678,0.0007482385262846,0.0003949036763515,0.1217134669423103,0.0,0.8750857710838318,0.0002909816685132,0.0006443165475502,0.1239581853151321,2.0784404114237987e-05,0.887847363948822,0.0001247064210474,0.0003533348790369,0.1116330325603485,4.156880822847597e-05,0.8806352019309998,0.000270197255304,0.000436472473666,0.1186581626534462,0.0,0.8809469938278198,0.000270197255304,0.0006443165475502,0.1181177720427513,2.0784404114237987e-05,0.8778293132781982,0.0008729449473321,0.0009352981578558,0.1203209161758422,4.156880822847597e-05,0.8986968398094177,2.0784404114237987e-05,4.156880822847597e-05,0.101240836083889,0.0,0.8766653537750244,0.0004572568868752,0.0012054954422637,0.1216511204838752,2.0784404114237987e-05,0.8730489015579224,0.0010184358106926,0.0014964770525693,0.1243946552276611,4.156880822847597e-05,0.8934383988380432,0.000270197255304,0.0005196101265028,0.1057718321681022,0.0,0.8890736699104309,0.0003117660526186,0.0007274541421793,0.1098871454596519,0.0,0.8697025775909424,0.0005403945106081,0.0010184358106926,0.128738597035408,0.0,0.8852077722549438,0.0004988256841897,0.0006858853157609,0.1135867685079574,2.0784404114237987e-05,0.8690583109855652,0.0007274541421793,0.001122357789427,0.1290919333696365,0.0,0.8990917801856995,0.0002286284434376,0.0003949036763515,0.1002847477793693,0.0,0.8381726741790771,0.0013302018633112,0.0023486376740038,0.1580861806869506,6.235321052372456e-05,0.8660237789154053,0.0009768670424818,0.0021407937165349,0.1307962536811828,6.235321052372456e-05,0.8785151839256287,0.0003325504658278,0.0003117660526186,0.1208405271172523,0.0,0.8851246237754822,0.0004988256841897964,0.0008729449473321438,0.11350362747907639,0.0
121,0.907384753227234,0.0,0.0,0.0926153063774108,0.0,0.9073431491851808,0.0,0.0,0.0926568731665611,0.0,0.9070106148719788,0.0,0.0,0.0929894223809242,0.0,0.9070937633514404,0.0,0.0,0.0929062888026237,0.0,0.9073016047477722,0.0,0.0,0.0926984399557113,0.0,0.9071145057678224,0.0,0.0,0.0928855016827583,0.0,0.907197654247284,0.0,0.0,0.0928023606538772,0.0,0.9073016047477722,0.0,0.0,0.0926984399557113,0.0,0.9073016047477722,0.0,0.0,0.0926984399557113,0.0,0.9072808027267456,0.0,0.0,0.0927192270755767,0.0,0.9073224067687988,0.0,0.0,0.0926776602864265,0.0,0.907260000705719,0.0,0.0,0.0927400141954422,0.0,0.9072392582893372,0.0,0.0,0.092760793864727,0.0,0.9074262976646424,0.0,0.0,0.0925737395882606,0.0,0.907260000705719,0.0,0.0,0.0927400141954422,0.0,0.907260000705719,0.0,0.0,0.0927400141954422,0.0,0.9073639512062072,0.0,0.0,0.0926360860466957,0.0,0.907197654247284,0.0,0.0,0.0928023606538772,0.0,0.907447099685669,0.0,0.0,0.0925529524683952,0.0,0.9073431491851808,0.0,0.0,0.0926568731665611,0.0,0.9071561098098756,0.0,0.0,0.0928439348936081,0.0,0.9073016047477722,0.0,0.0,0.0926984399557113,0.0,0.9072808027267456,0.0,0.0,0.0927192270755767,0.0,0.907260000705719,0.0,0.0,0.0927400141954422,0.0,0.9072392582893372,0.0,0.0,0.092760793864727,0.0,0.9073224067687988,0.0,0.0,0.0926776602864265,0.0,0.9072808027267456,0.0,0.0,0.0927192270755767,0.0,0.9073224067687988,0.0,0.0,0.0926776602864265,0.0,0.9073431491851808,0.0,0.0,0.0926568731665611,0.0,0.9073016047477722,0.0,0.0,0.0926984399557113,0.0,0.8690375089645386,0.0002909816685132,0.0003741192631423,0.1302350759506225,6.235321052372456e-05,0.8722798824310303,0.0002909816685132,0.0007066697580739,0.126722514629364,0.0,0.8933552503585815,0.0003949036763515,0.0005611788947135,0.1056886985898017,0.0,0.8755014538764954,0.0002286284434376,0.0002286284434376,0.1240413263440132,0.0,0.8592896461486816,0.0006858853157609,0.0012470642104744,0.1387566775083542,2.0784404114237987e-05,0.8981148600578308,0.0,0.0,0.1018851473927497,0.0,0.8692453503608704,0.000789807352703,0.0019953027367591,0.1279487907886505,2.0784404114237987e-05,0.8772889375686646,0.0003117660526186,0.0007274541421793,0.1216511204838752,2.0784404114237987e-05,0.8951427340507507,0.0001454908342566,0.0005403945106081,0.1041714325547218,0.0,0.8738387227058411,0.0011015734635293,0.0014964770525693,0.1235217154026031,4.156880822847597e-05,0.8848128914833069,0.0004988256841897,0.0012678486527875,0.1133997067809104,2.0784404114237987e-05,0.8762704730033875,0.0004780413000844,0.0005819633370265,0.1226695552468299,0.0,0.8741504549980164,0.0003325504658278,0.0006235321052372,0.1248726993799209,2.0784404114237987e-05,0.886995255947113,0.0001039220223901,0.0002909816685132,0.1125683337450027,4.156880822847597e-05,0.8797622323036194,0.000270197255304,0.0002909816685132,0.1196765974164009,0.0,0.8800532221794128,0.0002286284434376,0.0006443165475502,0.1190530657768249,2.0784404114237987e-05,0.8769147992134094,0.0007690229685977,0.0009352981578558,0.121339350938797,4.156880822847597e-05,0.897844672203064,2.0784404114237987e-05,4.156880822847597e-05,0.1020929962396621,0.0,0.8756884932518005,0.0004780413000844,0.0010600045789033,0.1227526888251304,2.0784404114237987e-05,0.8720720410346985,0.0008521605632267,0.0014756927266716,0.1255585849285125,4.156880822847597e-05,0.8925654292106628,0.0002286284434376,0.0004780413000844,0.1067279130220413,0.0,0.8881383538246155,0.0003117660526186,0.0007066697580739,0.110843226313591,0.0,0.8688088655471802,0.0003949036763515,0.0009976513683795,0.1297986060380935,0.0,0.884293258190155,0.0003741192631423,0.0007690229685977,0.1145428493618965,2.0784404114237987e-05,0.8681021928787231,0.0006027477211318,0.0010600045789033,0.1302350759506225,0.0,0.8981980085372925,0.0001870596315711,0.0003533348790369,0.1012616157531738,0.0,0.837091863155365,0.00114314223174,0.0022239312529563,0.1594787389039993,6.235321052372456e-05,0.8649429678916931,0.0009352981578558,0.0020784405060112,0.1319809705018997,6.235321052372456e-05,0.8776630163192749,0.0002078440447803,0.0003741192631423,0.1217550411820411,0.0,0.8841893076896667,0.00037411926314234734,0.000997651368379593,0.11443892866373062,0.0
122,0.9061169028282166,0.0,0.0,0.0938831567764282,0.0,0.9060752987861632,0.0,0.0,0.0939247235655784,0.0,0.9057427644729614,0.0,0.0,0.0942572727799415,0.0,0.9058259129524232,0.0,0.0,0.0941741317510604,0.0,0.9060337543487548,0.0,0.0,0.0939662903547287,0.0,0.9058466553688048,0.0,0.0,0.0941533520817756,0.0,0.9059298038482666,0.0,0.0,0.0940702110528945,0.0,0.9060337543487548,0.0,0.0,0.0939662903547287,0.0,0.9060337543487548,0.0,0.0,0.0939662903547287,0.0,0.9060129523277284,0.0,0.0,0.0939870774745941,0.0,0.9060545563697816,0.0,0.0,0.0939455032348632,0.0,0.9059921503067015,0.0,0.0,0.0940078571438789,0.0,0.9059714078903198,0.0,0.0,0.0940286442637443,0.0,0.906158447265625,0.0,0.0,0.0938415825366973,0.0,0.9059921503067015,0.0,0.0,0.0940078571438789,0.0,0.9059921503067015,0.0,0.0,0.0940078571438789,0.0,0.90609610080719,0.0,0.0,0.093903936445713,0.0,0.9059298038482666,0.0,0.0,0.0940702110528945,0.0,0.9061792492866516,0.0,0.0,0.0938208028674125,0.0,0.9060752987861632,0.0,0.0,0.0939247235655784,0.0,0.9058882594108582,0.0,0.0,0.0941117852926254,0.0,0.9060337543487548,0.0,0.0,0.0939662903547287,0.0,0.9060129523277284,0.0,0.0,0.0939870774745941,0.0,0.9059921503067015,0.0,0.0,0.0940078571438789,0.0,0.9059714078903198,0.0,0.0,0.0940286442637443,0.0,0.9060545563697816,0.0,0.0,0.0939455032348632,0.0,0.9060129523277284,0.0,0.0,0.0939870774745941,0.0,0.9060545563697816,0.0,0.0,0.0939455032348632,0.0,0.9060752987861632,0.0,0.0,0.0939247235655784,0.0,0.9060337543487548,0.0,0.0,0.0939662903547287,0.0,0.8677696585655212,0.0001662752329139,0.0003741192631423,0.1316276341676712,6.235321052372456e-05,0.8709912300109863,0.0001039220223901,0.0006651009316556,0.1282397806644439,0.0,0.8920873999595642,0.0002494128420948,0.0005819633370265,0.1070812493562698,0.0,0.874233603477478,8.313761645695195e-05,0.0003533348790369,0.1253299564123153,0.0,0.8580009937286377,0.0003741192631423,0.0014133395161479,0.1401908099651336,2.0784404114237987e-05,0.8968470096588135,0.0,0.0,0.1031529977917671,0.0,0.8676865100860596,0.0008313761791214,0.0019121652003377,0.1295491904020309,2.0784404114237987e-05,0.8758963346481323,0.0003325504658278,0.0008105917368084,0.1229397505521774,2.0784404114237987e-05,0.8938748836517334,2.0784404114237987e-05,0.0006027477211318,0.1055016368627548,0.0,0.8724877238273621,0.0008105917368084,0.0017043211264535,0.124955840408802,4.156880822847597e-05,0.8832747936248779,0.0006651009316556,0.0010807890212163,0.1149585396051406,2.0784404114237987e-05,0.8748779296875,0.0002909816685132,0.0008313761791214,0.1239997521042823,0.0,0.8727163672447205,0.0003117660526186,0.0007482385262846,0.1262028962373733,2.0784404114237987e-05,0.8857274055480957,0.0001039220223901,0.0001662752329139,0.1139608845114708,4.156880822847597e-05,0.8784736394882202,0.000270197255304,0.000270197255304,0.1209860146045684,0.0,0.8787438273429871,0.0001662752329139,0.0006858853157609,0.1203832700848579,2.0784404114237987e-05,0.875584602355957,0.0005196101265028,0.0008521605632267,0.123002104461193,4.156880822847597e-05,0.8965768218040466,2.0784404114237987e-05,2.0784404114237987e-05,0.1033816263079643,0.0,0.8743167519569397,0.0003949036763515,0.0008729449473321,0.1243946552276611,2.0784404114237987e-05,0.8707418441772461,0.0005611788947135,0.0015172614948824,0.1271381974220276,4.156880822847597e-05,0.8912768363952637,8.313761645695195e-05,0.0005196101265028,0.1081204712390899,0.0,0.8868289589881897,0.0002078440447803,0.0007690229685977,0.1121942102909088,0.0,0.8674163222312927,0.0003949036763515,0.0009145137737505,0.1312742978334427,0.0,0.8829214572906494,0.0003949036763515,0.0007690229685977,0.1158938407897949,2.0784404114237987e-05,0.866626501083374,0.0004780413000844,0.0011847109999507,0.1317107677459716,0.0,0.8969301581382751,0.0001039220223901,0.0004156880895607,0.1025502532720565,0.0,0.8356161713600159,0.0008729449473321,0.0022862844634801,0.1611622720956802,6.235321052372456e-05,0.8636127710342407,0.0007482385262846,0.0019953027367591,0.1335813701152801,6.235321052372456e-05,0.8763951659202576,0.0001247064210474,0.0004156880895607,0.1230644583702087,0.0,0.8827136158943176,0.00041568808956071734,0.0009145137737505138,0.11595618724822998,0.0
123,0.9030407667160034,0.0,0.0,0.0969592481851577,0.0,0.902999222278595,0.0,0.0,0.097000814974308,0.0,0.9026666879653932,0.0,0.0,0.0973333641886711,0.0,0.9027498364448548,0.0,0.0,0.09725022315979,0.0,0.9029576778411864,0.0,0.0,0.0970423817634582,0.0,0.9027705788612366,0.0,0.0,0.0972294434905052,0.0,0.9028537273406982,0.0,0.0,0.0971463024616241,0.0,0.9029576778411864,0.0,0.0,0.0970423817634582,0.0,0.9029576778411864,0.0,0.0,0.0970423817634582,0.0,0.90293687582016,0.0,0.0,0.0970631688833236,0.0,0.9029784202575684,0.0,0.0,0.0970216020941734,0.0,0.9029160737991332,0.0,0.0,0.0970839485526084,0.0,0.9028952717781068,0.0,0.0,0.0971047356724739,0.0,0.9030823707580566,0.0,0.0,0.0969176739454269,0.0,0.9029160737991332,0.0,0.0,0.0970839485526084,0.0,0.9029160737991332,0.0,0.0,0.0970839485526084,0.0,0.9030200242996216,0.0,0.0,0.0969800278544426,0.0,0.9028537273406982,0.0,0.0,0.0971463024616241,0.0,0.9031031727790833,0.0,0.0,0.0968968942761421,0.0,0.902999222278595,0.0,0.0,0.097000814974308,0.0,0.9028121829032898,0.0,0.0,0.0971878767013549,0.0,0.9029576778411864,0.0,0.0,0.0970423817634582,0.0,0.90293687582016,0.0,0.0,0.0970631688833236,0.0,0.9029160737991332,0.0,0.0,0.0970839485526084,0.0,0.9028952717781068,0.0,0.0,0.0971047356724739,0.0,0.9029784202575684,0.0,0.0,0.0970216020941734,0.0,0.90293687582016,0.0,0.0,0.0970631688833236,0.0,0.9029784202575684,0.0,0.0,0.0970216020941734,0.0,0.902999222278595,0.0,0.0,0.097000814974308,0.0,0.9029576778411864,0.0,0.0,0.0970423817634582,0.0,0.8646727800369263,0.0001454908342566,0.0003117660526186,0.1348076462745666,6.235321052372456e-05,0.8678112030029297,0.0001662752329139,0.0005611788947135,0.131461352109909,0.0,0.8889905214309692,0.0002078440447803,0.0005819633370265,0.110219694674015,0.0,0.8711575269699097,4.156880822847597e-05,0.0003533348790369,0.1284476220607757,0.0,0.8547170758247375,0.0004988256841897,0.0010807890212163,0.1436825841665268,2.0784404114237987e-05,0.8937709331512451,0.0,0.0,0.1062290892004966,0.0,0.8644441366195679,0.0007482385262846,0.0015588302630931,0.1332280337810516,2.0784404114237987e-05,0.8727579116821289,0.0003533348790369,0.000789807352703,0.126078188419342,2.0784404114237987e-05,0.8907987475395203,2.0784404114237987e-05,0.0005196101265028,0.1086608618497848,0.0,0.8692453503608704,0.0007274541421793,0.0015172614948824,0.1284684091806411,4.156880822847597e-05,0.8801155686378479,0.0006027477211318,0.0009768670424818,0.1182840466499328,2.0784404114237987e-05,0.8716979026794434,0.0003117660526186,0.0008313761791214,0.127158984541893,0.0,0.8695778846740723,0.0003325504658278,0.0006443165475502,0.1294244825839996,2.0784404114237987e-05,0.8826512694358826,8.313761645695195e-05,0.0001454908342566,0.1170785501599311,4.156880822847597e-05,0.875335156917572,0.0002078440447803,0.0003741192631423,0.1240828931331634,0.0,0.8756469488143921,0.0001662752329139,0.0005196101265028,0.1236464232206344,2.0784404114237987e-05,0.872425377368927,0.0003533348790369,0.0008313761791214,0.12634839117527,4.156880822847597e-05,0.8935007452964783,0.0,2.0784404114237987e-05,0.1064785048365593,0.0,0.8711159229278564,0.000436472473666,0.0007482385262846,0.1276785880327224,2.0784404114237987e-05,0.8674994707107544,0.0005196101265028,0.0015380459371954,0.1304013580083847,4.156880822847597e-05,0.8881591558456421,0.0001247064210474,0.0004572568868752,0.1112589165568351,0.0,0.8836905360221863,0.0002286284434376,0.0007482385262846,0.115332655608654,0.0,0.8643194437026978,0.0003325504658278,0.0008729449473321,0.1344750970602035,0.0,0.8796791434288025,0.000436472473666,0.0008521605632267,0.1190114989876747,2.0784404114237987e-05,0.8633841276168823,0.0006027477211318,0.0010184358106926,0.134994700551033,0.0,0.8937917351722717,0.0001247064210474,0.0003741192631423,0.1057094782590866,0.0,0.8322283029556274,0.0009352981578558,0.0021615780424326,0.1646124869585037,6.235321052372456e-05,0.860370397567749,0.0006651009316556,0.0017458898946642,0.1371562778949737,6.235321052372456e-05,0.8733190894126892,0.0001039220223901,0.0003533348790369,0.1262236833572387,0.0,0.8794505000114441,0.0005196101265028119,0.0008313761791214347,0.11917777359485626,2.0784404114237987e-05
124,0.8992996215820312,0.0,0.0,0.1007004380226135,0.0,0.899258017539978,0.0,0.0,0.1007420048117637,0.0,0.8989254832267761,0.0,0.0,0.1010745540261268,0.0,0.8990086317062378,0.0,0.0,0.1009914204478263,0.0,0.8992164731025696,0.0,0.0,0.1007835790514946,0.0,0.8990293741226196,0.0,0.0,0.1009706333279609,0.0,0.8991125226020813,0.0,0.0,0.1008874997496604,0.0,0.8992164731025696,0.0,0.0,0.1007835790514946,0.0,0.8992164731025696,0.0,0.0,0.1007835790514946,0.0,0.899195671081543,0.0,0.0,0.1008043587207794,0.0,0.8992372155189514,0.0,0.0,0.1007627919316291,0.0,0.8991748690605164,0.0,0.0,0.1008251458406448,0.0,0.8991541266441345,0.0,0.0,0.1008459255099296,0.0,0.8993411660194397,0.0,0.0,0.1006588712334632,0.0,0.8991748690605164,0.0,0.0,0.1008251458406448,0.0,0.8991748690605164,0.0,0.0,0.1008251458406448,0.0,0.8992788195610046,0.0,0.0,0.1007212251424789,0.0,0.8991125226020813,0.0,0.0,0.1008874997496604,0.0,0.8993619680404663,0.0,0.0,0.1006380841135978,0.0,0.899258017539978,0.0,0.0,0.1007420048117637,0.0,0.8990709781646729,0.0,0.0,0.1009290665388107,0.0,0.8992164731025696,0.0,0.0,0.1007835790514946,0.0,0.899195671081543,0.0,0.0,0.1008043587207794,0.0,0.8991748690605164,0.0,0.0,0.1008251458406448,0.0,0.8991541266441345,0.0,0.0,0.1008459255099296,0.0,0.8992372155189514,0.0,0.0,0.1007627919316291,0.0,0.899195671081543,0.0,0.0,0.1008043587207794,0.0,0.8992372155189514,0.0,0.0,0.1007627919316291,0.0,0.899258017539978,0.0,0.0,0.1007420048117637,0.0,0.8992164731025696,0.0,0.0,0.1007835790514946,0.0,0.8608900308609009,0.0001454908342566,0.0002909816685132,0.1386111974716186,6.235321052372456e-05,0.8639661073684692,0.0002286284434376,0.0004780413000844,0.1353272497653961,0.0,0.8851869702339172,0.0002078440447803,0.0005196101265028,0.1140855923295021,0.0,0.8673955202102661,6.235321052372456e-05,0.0002909816685132,0.1322511583566665,0.0,0.8508511781692505,0.0004780413000844,0.0009145137737505,0.1477355509996414,2.0784404114237987e-05,0.8900297284126282,0.0,0.0,0.1099702790379524,0.0,0.8605782389640808,0.0008105917368084,0.0012262798845767,0.1373641341924667,2.0784404114237987e-05,0.8689335584640503,0.0003533348790369,0.0006651009316556,0.1300272345542907,2.0784404114237987e-05,0.8870368003845215,4.156880822847597e-05,0.000436472473666,0.1124851927161216,0.0,0.8653794527053833,0.0006443165475502,0.0013302018633112,0.132604494690895,4.156880822847597e-05,0.8763120174407959,0.0005611788947135,0.0008105917368084,0.122295431792736,2.0784404114237987e-05,0.8678320050239563,0.0003741192631423,0.0008105917368084,0.1309833079576492,0.0,0.8657951354980469,0.0003533348790369,0.0004572568868752,0.1333735138177871,2.0784404114237987e-05,0.8788893222808838,2.0784404114237987e-05,0.0001454908342566,0.120902881026268,4.156880822847597e-05,0.8715732097625732,0.0001247064210474,0.0003741192631423,0.1279280036687851,0.0,0.8717602491378784,0.0002494128420948,0.000436472473666,0.1275331079959869,2.0784404114237987e-05,0.8686633706092834,0.0002286284434376,0.0008937293896451,0.1301727294921875,4.156880822847597e-05,0.8897595405578613,0.0,2.0784404114237987e-05,0.110219694674015,0.0,0.8672084808349609,0.0005196101265028,0.0005819633370265,0.1316691935062408,2.0784404114237987e-05,0.8635712265968323,0.0005403945106081,0.0013509863056242,0.1344958841800689,4.156880822847597e-05,0.8844179511070251,8.313761645695195e-05,0.0003533348790369,0.1151456013321876,0.0,0.879845380783081,0.0002909816685132,0.0005611788947135,0.1193024814128875,0.0,0.8603288531303406,0.000436472473666,0.0008105917368084,0.1384241282939911,0.0,0.8758547902107239,0.0004156880895607,0.0007274541421793,0.1229813173413276,2.0784404114237987e-05,0.8595598340034485,0.0005611788947135,0.0009560826001688,0.1389229595661163,0.0,0.8899881839752197,0.0001662752329139,0.000270197255304,0.1095753759145736,0.0,0.8282793164253235,0.0009560826001688,0.0020368716213852,0.1686654388904571,6.235321052372456e-05,0.8566084504127502,0.0004780413000844,0.0014133395161479,0.1414378732442855,6.235321052372456e-05,0.8695778846740723,0.0,0.0004572568868752,0.1299648731946945,0.0,0.8756469488143921,0.0005403945106081665,0.0007066697580739856,0.12308523803949356,2.0784404114237987e-05
125,0.8960364460945129,0.0,0.0,0.10396359115839,0.0,0.8959949016571045,0.0,0.0,0.1040051579475402,0.0,0.8956623077392578,0.0,0.0,0.1043377071619033,0.0,0.8957454562187195,0.0,0.0,0.1042545735836029,0.0,0.8959532976150513,0.0,0.0,0.1040467247366905,0.0,0.8957662582397461,0.0,0.0,0.1042337864637374,0.0,0.8958494067192078,0.0,0.0,0.1041506454348564,0.0,0.8959532976150513,0.0,0.0,0.1040467247366905,0.0,0.8959532976150513,0.0,0.0,0.1040467247366905,0.0,0.8959324955940247,0.0,0.0,0.1040675118565559,0.0,0.8959740996360779,0.0,0.0,0.1040259450674057,0.0,0.8959117531776428,0.0,0.0,0.1040882989764213,0.0,0.8958909511566162,0.0,0.0,0.1041090786457061,0.0,0.8960779905319214,0.0,0.0,0.1039220169186592,0.0,0.8959117531776428,0.0,0.0,0.1040882989764213,0.0,0.8959117531776428,0.0,0.0,0.1040882989764213,0.0,0.8960156440734863,0.0,0.0,0.1039843708276748,0.0,0.8958494067192078,0.0,0.0,0.1041506454348564,0.0,0.896098792552948,0.0,0.0,0.1039012372493743,0.0,0.8959949016571045,0.0,0.0,0.1040051579475402,0.0,0.8958078026771545,0.0,0.0,0.1041922196745872,0.0,0.8959532976150513,0.0,0.0,0.1040467247366905,0.0,0.8959324955940247,0.0,0.0,0.1040675118565559,0.0,0.8959117531776428,0.0,0.0,0.1040882989764213,0.0,0.8958909511566162,0.0,0.0,0.1041090786457061,0.0,0.8959740996360779,0.0,0.0,0.1040259450674057,0.0,0.8959324955940247,0.0,0.0,0.1040675118565559,0.0,0.8959740996360779,0.0,0.0,0.1040259450674057,0.0,0.8959949016571045,0.0,0.0,0.1040051579475402,0.0,0.8959532976150513,0.0,0.0,0.1040467247366905,0.0,0.8576268553733826,6.235321052372456e-05,0.0002909816685132,0.141957476735115,6.235321052372456e-05,0.8606821894645691,0.0002494128420948,0.0003533348790369,0.1387151181697845,0.0,0.8817160129547119,0.0002909816685132,0.0004780413000844,0.1175150200724601,0.0,0.864111602306366,4.156880822847597e-05,0.0002909816685132,0.1355558782815933,0.0,0.8475672006607056,0.0003741192631423,0.0008521605632267,0.1511857509613037,2.0784404114237987e-05,0.8867666125297546,0.0,0.0,0.1132334321737289,0.0,0.8572527766227722,0.0006443165475502,0.00114314223174,0.1409390419721603,2.0784404114237987e-05,0.8656080961227417,0.0003325504658278,0.0005196101265028,0.1335190087556839,2.0784404114237987e-05,0.8837528824806213,4.156880822847597e-05,0.0003741192631423,0.1158314868807792,0.0,0.8619500398635864,0.0005403945106081,0.0014133395161479,0.1360547095537185,4.156880822847597e-05,0.8729657530784607,0.0004988256841897,0.0007690229685977,0.1257456392049789,2.0784404114237987e-05,0.864423394203186,0.0004988256841897,0.0007690229685977,0.1343088150024414,0.0,0.8624488711357117,0.0003533348790369,0.0003741192631423,0.1368029415607452,2.0784404114237987e-05,0.875584602355957,6.235321052372456e-05,0.0001247064210474,0.1241868138313293,4.156880822847597e-05,0.8683100342750549,0.0001039220223901,0.0002909816685132,0.1312950849533081,0.0,0.8684555292129517,0.0002494128420948,0.0003117660526186,0.130962535738945,2.0784404114237987e-05,0.8653794527053833,0.0001870596315711,0.0009352981578558,0.1334566622972488,4.156880822847597e-05,0.8864964246749878,0.0,2.0784404114237987e-05,0.1134828478097915,0.0,0.8639037609100342,0.000436472473666,0.0005819633370265,0.1350570619106292,2.0784404114237987e-05,0.8601833581924438,0.0005403945106081,0.00114314223174,0.138091579079628,4.156880822847597e-05,0.8811548352241516,6.235321052372456e-05,0.0002909816685132,0.1184918880462646,0.0,0.8765614628791809,0.0002286284434376,0.0003949036763515,0.1228150427341461,0.0,0.8570656776428223,0.0003949036763515,0.0005819633370265,0.141957476735115,0.0,0.8725500702857971,0.0003949036763515,0.0005611788947135,0.1264730989933014,2.0784404114237987e-05,0.8562343120574951,0.0005196101265028,0.0008313761791214,0.1424147337675094,0.0,0.8867042660713196,0.0001454908342566,0.000270197255304,0.1128800958395004,0.0,0.8248706459999084,0.0008729449473321,0.0015588302630931,0.1726352572441101,6.235321052372456e-05,0.8529295921325684,0.0006651009316556,0.0012054954422637,0.1451374888420105,6.235321052372456e-05,0.8662524223327637,6.235321052372456e-05,0.0003325504658278,0.1333527415990829,0.0,0.8723006844520569,0.0005403945106081665,0.0005819633370265365,0.12655623257160187,2.0784404114237987e-05
126,0.8932305574417114,0.0,0.0,0.1067694872617721,0.0,0.8931889533996582,0.0,0.0,0.1068110540509224,0.0,0.8928564190864563,0.0,0.0,0.1071436032652854,0.0,0.892939567565918,0.0,0.0,0.1070604622364044,0.0,0.8931474089622498,0.0,0.0,0.1068526208400726,0.0,0.8929603695869446,0.0,0.0,0.1070396825671196,0.0,0.8930435180664062,0.0,0.0,0.1069565415382385,0.0,0.8931474089622498,0.0,0.0,0.1068526208400726,0.0,0.8931474089622498,0.0,0.0,0.1068526208400726,0.0,0.8931266069412231,0.0,0.0,0.106873407959938,0.0,0.8931682109832764,0.0,0.0,0.1068318337202072,0.0,0.8931058645248413,0.0,0.0,0.1068941876292228,0.0,0.8930850625038147,0.0,0.0,0.1069149747490882,0.0,0.8932721018791199,0.0,0.0,0.1067279130220413,0.0,0.8931058645248413,0.0,0.0,0.1068941876292228,0.0,0.8931058645248413,0.0,0.0,0.1068941876292228,0.0,0.8932097554206848,0.0,0.0,0.1067902669310569,0.0,0.8930435180664062,0.0,0.0,0.1069565415382385,0.0,0.8932929039001465,0.0,0.0,0.1067071333527565,0.0,0.8931889533996582,0.0,0.0,0.1068110540509224,0.0,0.893001914024353,0.0,0.0,0.1069981157779693,0.0,0.8931474089622498,0.0,0.0,0.1068526208400726,0.0,0.8931266069412231,0.0,0.0,0.106873407959938,0.0,0.8931058645248413,0.0,0.0,0.1068941876292228,0.0,0.8930850625038147,0.0,0.0,0.1069149747490882,0.0,0.8931682109832764,0.0,0.0,0.1068318337202072,0.0,0.8931266069412231,0.0,0.0,0.106873407959938,0.0,0.8931682109832764,0.0,0.0,0.1068318337202072,0.0,0.8931889533996582,0.0,0.0,0.1068110540509224,0.0,0.8931474089622498,0.0,0.0,0.1068526208400726,0.0,0.8547378182411194,0.0001454908342566,0.0002909816685132,0.1447633802890777,6.235321052372456e-05,0.8577515482902527,0.0003533348790369,0.0003117660526186,0.1415833681821823,0.0,0.8788269758224487,0.0003741192631423,0.0003949036763515,0.1204040497541427,0.0,0.8612433671951294,0.0001039220223901,0.0002286284434376,0.1384241282939911,0.0,0.8447405099868774,0.0003741192631423,0.0007066697580739,0.1541579216718673,2.0784404114237987e-05,0.8839607238769531,0.0,0.0,0.116039328277111,0.0,0.8541558980941772,0.0006443165475502,0.0010807890212163,0.1440774947404861,4.156880822847597e-05,0.8625943660736084,0.0004156880895607,0.000436472473666,0.1365327537059784,2.0784404114237987e-05,0.8809261918067932,6.235321052372456e-05,0.0001454908342566,0.1188660040497779,0.0,0.8590402007102966,0.0005611788947135,0.0011847109999507,0.1391723752021789,4.156880822847597e-05,0.8700351715087891,0.0003533348790369,0.0007690229685977,0.1288217306137085,2.0784404114237987e-05,0.8613888621330261,0.0006027477211318,0.0006027477211318,0.1374056935310363,0.0,0.8595598340034485,0.000270197255304,0.0004988256841897,0.1396504044532776,2.0784404114237987e-05,0.8727787137031555,6.235321052372456e-05,0.0001039220223901,0.1270134896039962,4.156880822847597e-05,0.86521315574646,0.0003741192631423,0.0002909816685132,0.134121760725975,0.0,0.8655457496643066,0.0003117660526186,0.000270197255304,0.133851557970047,2.0784404114237987e-05,0.8623033761978149,0.0003949036763515,0.0008313761791214,0.1364288330078125,4.156880822847597e-05,0.8836905360221863,0.0,2.0784404114237987e-05,0.1162887439131736,0.0,0.8609315752983093,0.0004988256841897,0.0005819633370265,0.1379668712615966,2.0784404114237987e-05,0.8572943210601807,0.0005611788947135,0.0009145137737505,0.1411884576082229,4.156880822847597e-05,0.8783489465713501,4.156880822847597e-05,0.0002494128420948,0.1213601380586624,0.0,0.8736932277679443,0.0002494128420948,0.0003533348790369,0.1257040798664093,0.0,0.8541766405105591,0.0003533348790369,0.0005196101265028,0.1449504345655441,0.0,0.8696818351745605,0.0003533348790369,0.0004780413000844,0.1294660568237304,2.0784404114237987e-05,0.8532413840293884,0.0004988256841897,0.0008105917368084,0.1454492658376693,0.0,0.8838775753974915,0.0001662752329139,0.0001870596315711,0.1157691329717636,0.0,0.821732223033905,0.0009976513683795,0.0013509863056242,0.1758568435907364,6.235321052372456e-05,0.8499574065208435,0.0007690229685977,0.0009976513683795,0.14821358025074,6.235321052372456e-05,0.8634049296379089,0.0001039220223901,0.0002078440447803,0.1362833380699157,0.0,0.8694323897361755,0.00039490367635153234,0.0005819633370265365,0.12956997752189636,2.0784404114237987e-05
127,0.8901128768920898,0.0,0.0,0.1098871454596519,0.0,0.8900713324546814,0.0,0.0,0.1099287122488021,0.0,0.8897387981414795,0.0,0.0,0.1102612614631652,0.0,0.8898218870162964,0.0,0.0,0.1101781278848648,0.0,0.8900297284126282,0.0,0.0,0.1099702790379524,0.0,0.889842689037323,0.0,0.0,0.1101573407649993,0.0,0.8899258375167847,0.0,0.0,0.1100742071866989,0.0,0.8900297284126282,0.0,0.0,0.1099702790379524,0.0,0.8900297284126282,0.0,0.0,0.1099702790379524,0.0,0.8900089859962463,0.0,0.0,0.1099910661578178,0.0,0.8900505304336548,0.0,0.0,0.1099494993686676,0.0,0.8899881839752197,0.0,0.0,0.1100118532776832,0.0,0.8899673819541931,0.0,0.0,0.110032632946968,0.0,0.8901544809341431,0.0,0.0,0.1098455786705017,0.0,0.8899881839752197,0.0,0.0,0.1100118532776832,0.0,0.8899881839752197,0.0,0.0,0.1100118532776832,0.0,0.890092134475708,0.0,0.0,0.1099079325795173,0.0,0.8899258375167847,0.0,0.0,0.1100742071866989,0.0,0.8901752233505249,0.0,0.0,0.1098247915506362,0.0,0.8900713324546814,0.0,0.0,0.1099287122488021,0.0,0.8898842334747314,0.0,0.0,0.1101157739758491,0.0,0.8900297284126282,0.0,0.0,0.1099702790379524,0.0,0.8900089859962463,0.0,0.0,0.1099910661578178,0.0,0.8899881839752197,0.0,0.0,0.1100118532776832,0.0,0.8899673819541931,0.0,0.0,0.110032632946968,0.0,0.8900505304336548,0.0,0.0,0.1099494993686676,0.0,0.8900089859962463,0.0,0.0,0.1099910661578178,0.0,0.8900505304336548,0.0,0.0,0.1099494993686676,0.0,0.8900713324546814,0.0,0.0,0.1099287122488021,0.0,0.8900297284126282,0.0,0.0,0.1099702790379524,0.0,0.8513915538787842,0.0003533348790369,0.0001870596315711,0.1480057388544082,6.235321052372456e-05,0.8545507788658142,0.0003325504658278,0.0002078440447803,0.1449088603258133,0.0,0.8756469488143921,0.0004156880895607,0.000270197255304,0.1236672028899192,0.0,0.8581256866455078,0.0001039220223901,8.313761645695195e-05,0.1416872888803482,0.0,0.8415189385414124,0.000270197255304,0.0005819633370265,0.1576081365346908,2.0784404114237987e-05,0.8808430433273315,0.0,0.0,0.1191569864749908,0.0,0.8508511781692505,0.0006651009316556,0.0009976513683795,0.1474445611238479,4.156880822847597e-05,0.8593727350234985,0.0004572568868752,0.0003949036763515,0.1397543400526046,2.0784404114237987e-05,0.8778085112571716,6.235321052372456e-05,2.0784404114237987e-05,0.1221083775162696,0.0,0.8553197979927063,0.0009976513683795,0.0009768670424818,0.142664149403572,4.156880822847597e-05,0.866813600063324,0.0003741192631423,0.0007482385262846,0.1320433169603347,2.0784404114237987e-05,0.858167290687561,0.0006027477211318,0.0003949036763515,0.1408351212739944,0.0,0.8563174605369568,0.0003325504658278,0.0003741192631423,0.1429551243782043,2.0784404114237987e-05,0.8696402311325073,8.313761645695195e-05,0.0001039220223901,0.1301311552524566,4.156880822847597e-05,0.8620955348014832,0.0003117660526186,0.0003325504658278,0.1372601985931396,0.0,0.8624072670936584,0.0003117660526186,0.0001870596315711,0.1370731443166732,2.0784404114237987e-05,0.8590610027313232,0.000436472473666,0.0006027477211318,0.1398582607507705,4.156880822847597e-05,0.8805728554725647,0.0,2.0784404114237987e-05,0.1194064021110534,0.0,0.8576268553733826,0.0005611788947135,0.0005196101265028,0.1412715911865234,2.0784404114237987e-05,0.8539064526557922,0.0006651009316556,0.0007274541421793,0.1446594595909118,4.156880822847597e-05,0.8752104640007019,2.0784404114237987e-05,0.0001247064210474,0.1246232837438583,2.0784404114237987e-05,0.870367705821991,0.0003949036763515,0.000270197255304,0.1289672255516052,0.0,0.8507472276687622,0.0006443165475502,0.0004156880895607,0.1481928080320358,0.0,0.8663771152496338,0.0003741192631423,0.0005611788947135,0.1326668560504913,2.0784404114237987e-05,0.8500613570213318,0.0003949036763515,0.0006443165475502,0.1488994657993316,0.0,0.880739152431488,0.0001247064210474,0.0001662752329139,0.1189699321985244,0.0,0.8184898495674133,0.0008105917368084,0.0011847109999507,0.1794525384902954,6.235321052372456e-05,0.84669429063797,0.0007482385262846,0.0009145137737505,0.151580661535263,6.235321052372456e-05,0.8602665066719055,0.0001247064210474,0.0001247064210474,0.1394841372966766,0.0,0.8662316203117371,0.00029098166851326823,0.000602747721131891,0.1328539103269577,2.0784404114237987e-05
128,0.8889697194099426,0.0,0.0,0.1110302880406379,0.0,0.8889281749725342,0.0,0.0,0.1110718548297882,0.0,0.8885956406593323,0.0,0.0,0.1114044040441513,0.0,0.888678789138794,0.0,0.0,0.1113212704658508,0.0,0.8888866305351257,0.0,0.0,0.1111134216189384,0.0,0.8886995315551758,0.0,0.0,0.1113004833459854,0.0,0.8887826800346375,0.0,0.0,0.1112173497676849,0.0,0.8888866305351257,0.0,0.0,0.1111134216189384,0.0,0.8888866305351257,0.0,0.0,0.1111134216189384,0.0,0.8888658285140991,0.0,0.0,0.1111342087388038,0.0,0.8889073729515076,0.0,0.0,0.1110926419496536,0.0,0.8888450264930725,0.0,0.0,0.1111549958586692,0.0,0.8888242840766907,0.0,0.0,0.1111757755279541,0.0,0.8890113234519958,0.0,0.0,0.1109887212514877,0.0,0.8888450264930725,0.0,0.0,0.1111549958586692,0.0,0.8888450264930725,0.0,0.0,0.1111549958586692,0.0,0.8889489769935608,0.0,0.0,0.1110510677099227,0.0,0.8887826800346375,0.0,0.0,0.1112173497676849,0.0,0.8890321254730225,0.0,0.0,0.1109679341316223,0.0,0.8889281749725342,0.0,0.0,0.1110718548297882,0.0,0.888741135597229,0.0,0.0,0.1112589165568351,0.0,0.8888866305351257,0.0,0.0,0.1111134216189384,0.0,0.8888658285140991,0.0,0.0,0.1111342087388038,0.0,0.8888450264930725,0.0,0.0,0.1111549958586692,0.0,0.8888242840766907,0.0,0.0,0.1111757755279541,0.0,0.8889073729515076,0.0,0.0,0.1110926419496536,0.0,0.8888658285140991,0.0,0.0,0.1111342087388038,0.0,0.8889073729515076,0.0,0.0,0.1110926419496536,0.0,0.8889281749725342,0.0,0.0,0.1110718548297882,0.0,0.8888866305351257,0.0,0.0,0.1111134216189384,0.0,0.8502275943756104,0.0003325504658278,0.0001870596315711,0.1491904556751251,6.235321052372456e-05,0.8533868193626404,0.0002494128420948,0.000270197255304,0.1460935771465301,0.0,0.8744206428527832,0.000436472473666,0.000270197255304,0.1248726993799209,0.0,0.8569825291633606,8.313761645695195e-05,6.235321052372456e-05,0.1428719907999038,0.0,0.840251088142395,0.000270197255304,0.0006235321052372,0.1588344126939773,2.0784404114237987e-05,0.8796998858451843,0.0,0.0,0.1203001290559768,0.0,0.8491883873939514,0.0010600045789033,0.0008729449473321,0.1488371193408966,4.156880822847597e-05,0.8579801917076111,0.0006235321052372,0.000436472473666,0.1409390419721603,2.0784404114237987e-05,0.8766653537750244,4.156880822847597e-05,4.156880822847597e-05,0.1232515200972557,0.0,0.8539480566978455,0.0011015734635293,0.0008521605632267,0.1440567076206207,4.156880822847597e-05,0.8655872941017151,0.0003949036763515,0.0006651009316556,0.1333319544792175,2.0784404114237987e-05,0.8569825291633606,0.0005196101265028,0.000436472473666,0.1420613974332809,0.0,0.8550288081169128,0.000436472473666,0.0003741192631423,0.1441398411989212,2.0784404114237987e-05,0.8684555292129517,0.0001039220223901,0.0001039220223901,0.1312950849533081,4.156880822847597e-05,0.8609315752983093,0.0003117660526186,0.0002286284434376,0.1385280489921569,0.0,0.8612225651741028,0.0002078440447803,0.0003117660526186,0.1382370740175247,2.0784404114237987e-05,0.8578346967697144,0.0004988256841897,0.0003741192631423,0.141250804066658,4.156880822847597e-05,0.8794296979904175,0.0,0.0,0.1205703318119049,0.0,0.8561927676200867,0.0006858853157609,0.0006027477211318,0.1424978673458099,2.0784404114237987e-05,0.8525762557983398,0.0006651009316556,0.0007066697580739,0.1460104435682296,4.156880822847597e-05,0.8740257620811462,6.235321052372456e-05,0.0001247064210474,0.1257664263248443,2.0784404114237987e-05,0.8691622018814087,0.0003533348790369,0.0003325504658278,0.130151942372322,0.0,0.8494585752487183,0.0005403945106081,0.0005819633370265,0.1494190841913223,0.0,0.8650676608085632,0.0004572568868752,0.0005196101265028,0.1339347064495086,2.0784404114237987e-05,0.8488143086433411,0.0004156880895607,0.0006858853157609,0.1500841826200485,0.0,0.8795543909072876,0.0001039220223901,0.0001870596315711,0.1201546415686607,0.0,0.8171803951263428,0.0007690229685977,0.00114314223174,0.180845096707344,6.235321052372456e-05,0.8454264402389526,0.0008521605632267,0.0006858853157609,0.1529732197523117,6.235321052372456e-05,0.8590610027313232,0.0001870596315711,0.0001039220223901,0.140648066997528,0.0,0.8648806214332581,0.0004364724736660719,0.0005819633370265365,0.1340801864862442,2.0784404114237987e-05
129,0.8858936429023743,0.0,0.0,0.1141063794493675,0.0,0.8858520984649658,0.0,0.0,0.1141479462385177,0.0,0.8855195641517639,0.0,0.0,0.1144804954528808,0.0,0.8856026530265808,0.0,0.0,0.1143973618745803,0.0,0.8858104944229126,0.0,0.0,0.114189513027668,0.0,0.8856234550476074,0.0,0.0,0.1143765747547149,0.0,0.8857066035270691,0.0,0.0,0.1142934411764144,0.0,0.8858104944229126,0.0,0.0,0.114189513027668,0.0,0.8858104944229126,0.0,0.0,0.114189513027668,0.0,0.8857897520065308,0.0,0.0,0.1142103001475334,0.0,0.8858312964439392,0.0,0.0,0.1141687333583831,0.0,0.8857689499855042,0.0,0.0,0.1142310872673988,0.0,0.8857481479644775,0.0,0.0,0.1142518669366836,0.0,0.8859352469444275,0.0,0.0,0.1140648126602172,0.0,0.8857689499855042,0.0,0.0,0.1142310872673988,0.0,0.8857689499855042,0.0,0.0,0.1142310872673988,0.0,0.8858729004859924,0.0,0.0,0.1141271665692329,0.0,0.8857066035270691,0.0,0.0,0.1142934411764144,0.0,0.8859559893608093,0.0,0.0,0.1140440255403518,0.0,0.8858520984649658,0.0,0.0,0.1141479462385177,0.0,0.8856649994850159,0.0,0.0,0.1143350079655647,0.0,0.8858104944229126,0.0,0.0,0.114189513027668,0.0,0.8857897520065308,0.0,0.0,0.1142103001475334,0.0,0.8857689499855042,0.0,0.0,0.1142310872673988,0.0,0.8857481479644775,0.0,0.0,0.1142518669366836,0.0,0.8858312964439392,0.0,0.0,0.1141687333583831,0.0,0.8857897520065308,0.0,0.0,0.1142103001475334,0.0,0.8858312964439392,0.0,0.0,0.1141687333583831,0.0,0.8858520984649658,0.0,0.0,0.1141479462385177,0.0,0.8858104944229126,0.0,0.0,0.114189513027668,0.0,0.8470891714096069,0.0003949036763515,0.0001454908342566,0.1523081064224243,6.235321052372456e-05,0.850310742855072,0.0002286284434376,0.0002494128420948,0.1492112427949905,0.0,0.8713237643241882,0.0002494128420948,0.0004156880895607,0.1280111521482467,0.0,0.8538856506347656,8.313761645695195e-05,8.313761645695195e-05,0.1459480822086334,0.0,0.8371126651763916,0.0003117660526186,0.0004988256841897,0.1620559990406036,2.0784404114237987e-05,0.876623809337616,0.0,0.0,0.1233762204647064,0.0,0.8460083603858948,0.0011015734635293,0.0008729449473321,0.1519755572080612,4.156880822847597e-05,0.8548833131790161,0.0005819633370265,0.0004156880895607,0.1440982669591903,2.0784404114237987e-05,0.8735477328300476,6.235321052372456e-05,6.235321052372456e-05,0.1263276040554046,0.0,0.8507056832313538,0.0011015734635293,0.0008105917368084,0.147340640425682,4.156880822847597e-05,0.8623033761978149,0.0005196101265028,0.0006443165475502,0.1365119665861129,2.0784404114237987e-05,0.8538649082183838,0.0004156880895607,0.0005196101265028,0.1451998502016067,0.0,0.8516825437545776,0.0006235321052372,0.000436472473666,0.1472367197275161,2.0784404114237987e-05,0.8653794527053833,6.235321052372456e-05,6.235321052372456e-05,0.1344543099403381,4.156880822847597e-05,0.8578139543533325,0.0003533348790369,0.0001247064210474,0.1417080610990524,0.0,0.8580009937286377,0.0003117660526186,0.0002909816685132,0.1413755118846893,2.0784404114237987e-05,0.8547170758247375,0.0005196101265028,0.0002494128420948,0.1444723904132843,4.156880822847597e-05,0.8763536214828491,0.0,0.0,0.1236464232206344,0.0,0.8530335426330566,0.0007274541421793,0.0005611788947135,0.1456571072340011,2.0784404114237987e-05,0.8494585752487183,0.0005819633370265,0.0006651009316556,0.1492528021335601,4.156880822847597e-05,0.8709496855735779,6.235321052372456e-05,8.313761645695195e-05,0.1288840919733047,2.0784404114237987e-05,0.8660237789154053,0.0003949036763515,0.0003117660526186,0.1332695931196212,0.0,0.8461538553237915,0.0007690229685977,0.000436472473666,0.1526198834180832,2.0784404114237987e-05,0.8618876934051514,0.0005196101265028,0.0004572568868752,0.1371147185564041,2.0784404114237987e-05,0.8457381725311279,0.0003533348790369,0.0006235321052372,0.1532849818468094,0.0,0.8764575123786926,0.0001039220223901,0.0001870596315711,0.1232515200972557,0.0,0.813875675201416,0.0008521605632267,0.0011015734635293,0.1841082572937011,6.235321052372456e-05,0.8422879576683044,0.0004988256841897,0.0008937293896451,0.156257152557373,6.235321052372456e-05,0.8559849262237549,0.0001247064210474,6.235321052372456e-05,0.1438280791044235,0.0,0.861659049987793,0.0004988256841897964,0.0006235321052372456,0.1371978521347046,2.0784404114237987e-05
130,0.8833995461463928,0.0,0.0,0.1166005060076713,0.0,0.8833579421043396,0.0,0.0,0.1166420727968216,0.0,0.8830254077911377,0.0,0.0,0.1169746294617652,0.0,0.8831085562705994,0.0,0.0,0.1168914884328842,0.0,0.8833163976669312,0.0,0.0,0.1166836470365524,0.0,0.883129358291626,0.0,0.0,0.1168707013130188,0.0,0.8832124471664429,0.0,0.0,0.1167875677347183,0.0,0.8833163976669312,0.0,0.0,0.1166836470365524,0.0,0.8833163976669312,0.0,0.0,0.1166836470365524,0.0,0.8832955956459045,0.0,0.0,0.1167044267058372,0.0,0.8833371996879578,0.0,0.0,0.116662859916687,0.0,0.8832747936248779,0.0,0.0,0.1167252138257026,0.0,0.8832540512084961,0.0,0.0,0.116746000945568,0.0,0.8834410905838013,0.0,0.0,0.1165589392185211,0.0,0.8832747936248779,0.0,0.0,0.1167252138257026,0.0,0.8832747936248779,0.0,0.0,0.1167252138257026,0.0,0.8833787441253662,0.0,0.0,0.1166212931275367,0.0,0.8832124471664429,0.0,0.0,0.1167875677347183,0.0,0.8834618926048279,0.0,0.0,0.1165381520986557,0.0,0.8833579421043396,0.0,0.0,0.1166420727968216,0.0,0.8831709027290344,0.0,0.0,0.1168291345238685,0.0,0.8833163976669312,0.0,0.0,0.1166836470365524,0.0,0.8832955956459045,0.0,0.0,0.1167044267058372,0.0,0.8832747936248779,0.0,0.0,0.1167252138257026,0.0,0.8832540512084961,0.0,0.0,0.116746000945568,0.0,0.8833371996879578,0.0,0.0,0.116662859916687,0.0,0.8832955956459045,0.0,0.0,0.1167044267058372,0.0,0.8833371996879578,0.0,0.0,0.116662859916687,0.0,0.8833579421043396,0.0,0.0,0.1166420727968216,0.0,0.8833163976669312,0.0,0.0,0.1166836470365524,0.0,0.8445950746536255,0.0003117660526186,0.0001454908342566,0.1548853814601898,6.235321052372456e-05,0.8476503491401672,0.000270197255304,0.0003741192631423,0.1517053693532943,0.0,0.8687880635261536,0.0002078440447803,0.0003741192631423,0.1306299865245819,0.0,0.8513707518577576,4.156880822847597e-05,0.0001039220223901,0.1484837830066681,0.0,0.8344522714614868,0.0004572568868752,0.0003949036763515,0.1646748334169387,2.0784404114237987e-05,0.8741297125816345,0.0,0.0,0.1258703470230102,0.0,0.8432856202125549,0.0010392202530056,0.0009352981578558,0.1546983271837234,4.156880822847597e-05,0.8521397709846497,0.0006235321052372,0.0005403945106081,0.1466755419969558,2.0784404114237987e-05,0.8710535764694214,4.156880822847597e-05,6.235321052372456e-05,0.1288425177335739,0.0,0.8480244874954224,0.0011847109999507,0.0006443165475502,0.1501049697399139,4.156880822847597e-05,0.8597468733787537,0.0004572568868752,0.0006235321052372,0.1391515880823135,2.0784404114237987e-05,0.8513084053993225,0.0002494128420948,0.0007274541421793,0.147714763879776,0.0,0.8491260409355164,0.0006027477211318,0.000436472473666,0.1498139798641204,2.0784404114237987e-05,0.8628852963447571,6.235321052372456e-05,6.235321052372456e-05,0.1369484364986419,4.156880822847597e-05,0.8551951050758362,0.0001870596315711,0.0003949036763515,0.1442229747772216,0.0,0.8554444909095764,0.000270197255304,0.0003533348790369,0.143911212682724,2.0784404114237987e-05,0.8520774245262146,0.0003949036763515,0.0004572568868752,0.1470288783311844,4.156880822847597e-05,0.8738594651222229,0.0,0.0,0.1261405497789383,0.0,0.8505185842514038,0.0005819633370265,0.0006027477211318,0.1482759416103363,2.0784404114237987e-05,0.8468813300132751,0.0005819633370265,0.0006235321052372,0.1518508493900299,6.235321052372456e-05,0.8684555292129517,6.235321052372456e-05,6.235321052372456e-05,0.131399005651474,2.0784404114237987e-05,0.863467276096344,0.0003949036763515,0.0002909816685132,0.1358468681573867,0.0,0.8434726595878601,0.0008729449473321,0.0004780413000844,0.1551555693149566,2.0784404114237987e-05,0.8590818047523499,0.0007690229685977,0.0004572568868752,0.139671191573143,2.0784404114237987e-05,0.8427867889404297,0.0006235321052372,0.0007066697580739,0.1558830291032791,0.0,0.873921811580658,0.0001247064210474,0.0001662752329139,0.1257872134447097,0.0,0.8109035491943359,0.0009976513683795,0.0012054954422637,0.1868310123682022,6.235321052372456e-05,0.8394820690155029,0.0006443165475502,0.0008313761791214,0.158979907631874,6.235321052372456e-05,0.853469967842102,0.0001039220223901,0.0001039220223901,0.1463222056627273,0.0,0.8587908148765564,0.0008105917368084192,0.000602747721131891,0.1397751122713089,2.0784404114237987e-05
131,0.8805312514305115,0.0,0.0,0.1194687560200691,0.0,0.880489706993103,0.0,0.0,0.1195103228092193,0.0,0.8801571726799011,0.0,0.0,0.1198428720235824,0.0,0.8802403211593628,0.0,0.0,0.1197597384452819,0.0,0.8804481625556946,0.0,0.0,0.1195518895983696,0.0,0.8802610635757446,0.0,0.0,0.1197389513254165,0.0,0.8803442120552063,0.0,0.0,0.119655817747116,0.0,0.8804481625556946,0.0,0.0,0.1195518895983696,0.0,0.8804481625556946,0.0,0.0,0.1195518895983696,0.0,0.880427360534668,0.0,0.0,0.119572676718235,0.0,0.8804689049720764,0.0,0.0,0.1195311099290847,0.0,0.8804065585136414,0.0,0.0,0.1195934638381004,0.0,0.8803858160972595,0.0,0.0,0.1196142435073852,0.0,0.8805728554725647,0.0,0.0,0.1194271892309188,0.0,0.8804065585136414,0.0,0.0,0.1195934638381004,0.0,0.8804065585136414,0.0,0.0,0.1195934638381004,0.0,0.8805105090141296,0.0,0.0,0.1194895356893539,0.0,0.8803442120552063,0.0,0.0,0.119655817747116,0.0,0.8805936574935913,0.0,0.0,0.1194064021110534,0.0,0.880489706993103,0.0,0.0,0.1195103228092193,0.0,0.8803026676177979,0.0,0.0,0.1196973845362663,0.0,0.8804481625556946,0.0,0.0,0.1195518895983696,0.0,0.880427360534668,0.0,0.0,0.119572676718235,0.0,0.8804065585136414,0.0,0.0,0.1195934638381004,0.0,0.8803858160972595,0.0,0.0,0.1196142435073852,0.0,0.8804689049720764,0.0,0.0,0.1195311099290847,0.0,0.880427360534668,0.0,0.0,0.119572676718235,0.0,0.8804689049720764,0.0,0.0,0.1195311099290847,0.0,0.880489706993103,0.0,0.0,0.1195103228092193,0.0,0.8804481625556946,0.0,0.0,0.1195518895983696,0.0,0.8417060375213623,0.0001039220223901,0.0003741192631423,0.1577536314725875,6.235321052372456e-05,0.8443456292152405,0.0006235321052372,0.000436472473666,0.1545943915843963,0.0,0.8656080961227417,0.0004572568868752,0.000436472473666,0.1334982216358184,0.0,0.848502516746521,4.156880822847597e-05,0.0001039220223901,0.1513520330190658,0.0,0.8314385414123535,0.0004988256841897,0.0004780413000844,0.1675638705492019,2.0784404114237987e-05,0.8712614178657532,0.0,0.0,0.128738597035408,0.0,0.8398770093917847,0.0013925550738349,0.0008313761791214,0.1578575521707534,4.156880822847597e-05,0.8491675853729248,0.0006235321052372,0.0005196101265028,0.1496684998273849,2.0784404114237987e-05,0.8681853413581848,4.156880822847597e-05,6.235321052372456e-05,0.1317107677459716,0.0,0.8449691534042358,0.0007690229685977,0.001163926674053,0.1530563533306121,4.156880822847597e-05,0.8567746877670288,0.0004572568868752,0.0004572568868752,0.1422900259494781,2.0784404114237987e-05,0.8482738733291626,0.0003117660526186,0.0007066697580739,0.1507077068090438,0.0,0.8461331129074097,0.0006027477211318,0.0003949036763515,0.1528485119342804,2.0784404114237987e-05,0.8600170612335205,4.156880822847597e-05,8.313761645695195e-05,0.1398166865110397,4.156880822847597e-05,0.8522437214851379,0.000270197255304,0.0003741192631423,0.1471120119094848,0.0,0.8525554537773132,0.000270197255304,0.0003325504658278,0.1468210369348526,2.0784404114237987e-05,0.8491052389144897,0.0003741192631423,0.0005196101265028,0.1499594748020172,4.156880822847597e-05,0.8709912300109863,0.0,0.0,0.129008799791336,0.0,0.8473385572433472,0.0007066697580739,0.0006858853157609,0.1512481123208999,2.0784404114237987e-05,0.8437013030052185,0.0006235321052372,0.0008313761791214,0.1547814607620239,6.235321052372456e-05,0.8655872941017151,4.156880822847597e-05,6.235321052372456e-05,0.134288027882576,2.0784404114237987e-05,0.8605366945266724,0.0002494128420948,0.0004572568868752,0.1387566775083542,0.0,0.8404173851013184,0.0007482385262846,0.0006651009316556,0.1581277400255203,4.156880822847597e-05,0.856109619140625,0.0006858853157609,0.0005403945106081,0.1426433622837066,2.0784404114237987e-05,0.8396691679954529,0.0008105917368084,0.0005611788947135,0.1589591205120086,0.0,0.8710535764694214,0.0001039220223901,0.0001870596315711,0.1286554634571075,0.0,0.8074117302894592,0.0014964770525693,0.001122357789427,0.1899071037769317,6.235321052372456e-05,0.8362396955490112,0.0008729449473321,0.0009145137737505,0.1619105041027069,6.235321052372456e-05,0.8503730893135071,0.0003117660526186,0.0001247064210474,0.1491904556751251,0.0,0.85586017370224,0.0007898073527030647,0.0004780413000844419,0.14285120368003845,2.0784404114237987e-05
132,0.8801155686378479,0.0,0.0,0.1198844462633133,0.0,0.8800740242004395,0.0,0.0,0.1199260130524635,0.0,0.8797414898872375,0.0,0.0,0.1202585622668266,0.0,0.8798246383666992,0.0,0.0,0.1201754212379455,0.0,0.880032479763031,0.0,0.0,0.1199675798416137,0.0,0.879845380783081,0.0,0.0,0.1201546415686607,0.0,0.8799285292625427,0.0,0.0,0.1200715005397796,0.0,0.880032479763031,0.0,0.0,0.1199675798416137,0.0,0.880032479763031,0.0,0.0,0.1199675798416137,0.0,0.8800116777420044,0.0,0.0,0.1199883669614791,0.0,0.8800532221794128,0.0,0.0,0.1199467927217483,0.0,0.8799908757209778,0.0,0.0,0.120009146630764,0.0,0.8799700736999512,0.0,0.0,0.1200299337506294,0.0,0.8801571726799011,0.0,0.0,0.1198428720235824,0.0,0.8799908757209778,0.0,0.0,0.120009146630764,0.0,0.8799908757209778,0.0,0.0,0.120009146630764,0.0,0.8800948262214661,0.0,0.0,0.1199052259325981,0.0,0.8799285292625427,0.0,0.0,0.1200715005397796,0.0,0.8801779747009277,0.0,0.0,0.1198220923542976,0.0,0.8800740242004395,0.0,0.0,0.1199260130524635,0.0,0.8798869848251343,0.0,0.0,0.1201130747795105,0.0,0.880032479763031,0.0,0.0,0.1199675798416137,0.0,0.8800116777420044,0.0,0.0,0.1199883669614791,0.0,0.8799908757209778,0.0,0.0,0.120009146630764,0.0,0.8799700736999512,0.0,0.0,0.1200299337506294,0.0,0.8800532221794128,0.0,0.0,0.1199467927217483,0.0,0.8800116777420044,0.0,0.0,0.1199883669614791,0.0,0.8800532221794128,0.0,0.0,0.1199467927217483,0.0,0.8800740242004395,0.0,0.0,0.1199260130524635,0.0,0.880032479763031,0.0,0.0,0.1199675798416137,0.0,0.8412487506866455,0.0001247064210474,0.0003741192631423,0.1581901013851165,6.235321052372456e-05,0.8439091444015503,0.0006235321052372,0.0003533348790369,0.155114009976387,0.0,0.8651300072669983,0.000436472473666,0.0004988256841897,0.1339347064495086,0.0,0.8480244874954224,0.0001039220223901,0.0001039220223901,0.1517677158117294,0.0,0.8309604525566101,0.000436472473666,0.0003949036763515,0.1681873947381973,2.0784404114237987e-05,0.8708457350730896,0.0,0.0,0.1291542798280716,0.0,0.8392326831817627,0.0011015734635293,0.0011847109999507,0.1584395170211792,4.156880822847597e-05,0.8486688137054443,0.0004572568868752,0.0007066697580739,0.1501465290784835,2.0784404114237987e-05,0.8677488565444946,6.235321052372456e-05,6.235321052372456e-05,0.1321264505386352,0.0,0.8444703221321106,0.0006235321052372,0.0012262798845767,0.1536383181810379,4.156880822847597e-05,0.8562343120574951,0.0004988256841897,0.0004572568868752,0.1427888572216034,2.0784404114237987e-05,0.8475256562232971,0.0006027477211318,0.0006443165475502,0.1512273252010345,0.0,0.8456758260726929,0.0004988256841897,0.0004780413000844,0.1533265560865402,2.0784404114237987e-05,0.8596013784408569,0.0,0.0001247064210474,0.1402323693037033,4.156880822847597e-05,0.8517448902130127,0.0003325504658278,0.0003325504658278,0.1475900560617447,0.0,0.8519319295883179,0.000436472473666,0.0003533348790369,0.1472575068473816,2.0784404114237987e-05,0.8485440611839294,0.000436472473666,0.0005196101265028,0.1504583060741424,4.156880822847597e-05,0.8705755472183228,0.0,0.0,0.1294244825839996,0.0,0.8467150330543518,0.0006235321052372,0.0008521605632267,0.1517885029315948,2.0784404114237987e-05,0.842890739440918,0.0008313761791214,0.0008521605632267,0.1553634256124496,6.235321052372456e-05,0.8651716113090515,0.0,6.235321052372456e-05,0.1347452849149704,2.0784404114237987e-05,0.8600794076919556,0.0002286284434376,0.0004572568868752,0.139234721660614,0.0,0.8397107124328613,0.0008937293896451,0.000789807352703,0.1585642248392105,4.156880822847597e-05,0.8556107878684998,0.0006027477211318,0.0005403945106081,0.1432253271341323,2.0784404114237987e-05,0.8391703367233276,0.000789807352703,0.0004988256841897,0.1595410853624344,0.0,0.8705755472183228,0.0001247064210474,0.0001662752329139,0.1291335076093673,0.0,0.8067882061004639,0.0015380459371954,0.0009768670424818,0.190634548664093,6.235321052372456e-05,0.8356785178184509,0.0008937293896451,0.0008729449473321,0.1624924689531326,6.235321052372456e-05,0.8499366641044617,0.000270197255304,0.0001870596315711,0.1496061384677887,0.0,0.8550911545753479,0.0009352981578558683,0.0004988256841897964,0.1434539556503296,2.0784404114237987e-05
133,0.879845380783081,0.0,0.0,0.1201546415686607,0.0,0.8798038363456726,0.0,0.0,0.1201962083578109,0.0,0.8794713020324707,0.0,0.0,0.120528757572174,0.0,0.8795543909072876,0.0,0.0,0.1204456239938736,0.0,0.8797622323036194,0.0,0.0,0.1202377751469612,0.0,0.8795751929283142,0.0,0.0,0.1204248368740081,0.0,0.8796583414077759,0.0,0.0,0.1203417032957077,0.0,0.8797622323036194,0.0,0.0,0.1202377751469612,0.0,0.8797622323036194,0.0,0.0,0.1202377751469612,0.0,0.8797414898872375,0.0,0.0,0.1202585622668266,0.0,0.879783034324646,0.0,0.0,0.1202169954776763,0.0,0.8797206878662109,0.0,0.0,0.120279349386692,0.0,0.8796998858451843,0.0,0.0,0.1203001290559768,0.0,0.8798869848251343,0.0,0.0,0.1201130747795105,0.0,0.8797206878662109,0.0,0.0,0.120279349386692,0.0,0.8797206878662109,0.0,0.0,0.120279349386692,0.0,0.8798246383666992,0.0,0.0,0.1201754212379455,0.0,0.8796583414077759,0.0,0.0,0.1203417032957077,0.0,0.8799077272415161,0.0,0.0,0.120092287659645,0.0,0.8798038363456726,0.0,0.0,0.1201962083578109,0.0,0.8796167373657227,0.0,0.0,0.1203832700848579,0.0,0.8797622323036194,0.0,0.0,0.1202377751469612,0.0,0.8797414898872375,0.0,0.0,0.1202585622668266,0.0,0.8797206878662109,0.0,0.0,0.120279349386692,0.0,0.8796998858451843,0.0,0.0,0.1203001290559768,0.0,0.879783034324646,0.0,0.0,0.1202169954776763,0.0,0.8797414898872375,0.0,0.0,0.1202585622668266,0.0,0.879783034324646,0.0,0.0,0.1202169954776763,0.0,0.8798038363456726,0.0,0.0,0.1201962083578109,0.0,0.8797622323036194,0.0,0.0,0.1202377751469612,0.0,0.8408746123313904,0.0001662752329139,0.0003949036763515,0.1585018634796142,6.235321052372456e-05,0.8434934616088867,0.0007690229685977,0.0002494128420948,0.1554881334304809,0.0,0.8647974729537964,0.0004780413000844,0.0004572568868752,0.1342672556638717,0.0,0.8476918935775757,0.0001454908342566,0.0001039220223901,0.1520587056875229,0.0,0.8304616212844849,0.0006027477211318,0.0003325504658278,0.1685823053121566,2.0784404114237987e-05,0.8705755472183228,0.0,0.0,0.1294244825839996,0.0,0.8386922478675842,0.0012678486527875,0.001163926674053,0.1588344126939773,4.156880822847597e-05,0.8483362197875977,0.0004988256841897,0.0006443165475502,0.1504998654127121,2.0784404114237987e-05,0.8674786686897278,2.0784404114237987e-05,8.313761645695195e-05,0.1324174404144287,0.0,0.8436389565467834,0.0010184358106926,0.0012678486527875,0.154033213853836,4.156880822847597e-05,0.8557146787643433,0.0005403945106081,0.0006027477211318,0.1431214064359665,2.0784404114237987e-05,0.8471307158470154,0.0006858853157609,0.0005611788947135,0.1516222208738327,0.0,0.8453224897384644,0.0003117660526186,0.0007066697580739,0.1536383181810379,2.0784404114237987e-05,0.8593311905860901,0.0,0.0001039220223901,0.1405233591794967,4.156880822847597e-05,0.8513292074203491,0.000436472473666,0.0003533348790369,0.1478810310363769,0.0,0.8515785932540894,0.0003741192631423,0.0003533348790369,0.1476731896400451,2.0784404114237987e-05,0.8481907248497009,0.0004780413000844,0.0005403945106081,0.1507492810487747,4.156880822847597e-05,0.8703053593635559,0.0,0.0,0.1296946853399276,0.0,0.8461123108863831,0.0008729449473321,0.0007690229685977,0.1522249728441238,2.0784404114237987e-05,0.8422879576683044,0.001122357789427,0.0007066697580739,0.155820682644844,6.235321052372456e-05,0.8648806214332581,2.0784404114237987e-05,6.235321052372456e-05,0.1350154876708984,2.0784404114237987e-05,0.8597676753997803,0.0002078440447803,0.0004156880895607,0.1396088451147079,0.0,0.8391287326812744,0.0009768670424818,0.0007690229685977,0.1590838283300399,4.156880822847597e-05,0.855153501033783,0.0006858853157609,0.0005611788947135,0.1435786634683609,2.0784404114237987e-05,0.8387546539306641,0.0009352981578558,0.0004156880895607,0.1598944216966629,0.0,0.8702430129051208,0.0001662752329139,0.0001247064210474,0.1294660568237304,0.0,0.8059360384941101,0.0018913807580247,0.0009976513683795,0.1911125928163528,6.235321052372456e-05,0.8350757956504822,0.001163926674053,0.0009145137737505,0.1627834588289261,6.235321052372456e-05,0.8496456742286682,0.0002909816685132,0.0001870596315711,0.1498763412237167,0.0,0.8546754717826843,0.0009352981578558683,0.0005819633370265365,0.1437865048646927,2.0784404114237987e-05
134,0.8781618475914001,0.0,0.0,0.1218381747603416,0.0,0.8781203031539917,0.0,0.0,0.1218797490000724,0.0,0.877787709236145,0.0,0.0,0.1222122982144355,0.0,0.8778708577156067,0.0,0.0,0.1221291571855545,0.0,0.8780786991119385,0.0,0.0,0.1219213157892227,0.0,0.8778916597366333,0.0,0.0,0.1221083775162696,0.0,0.877974808216095,0.0,0.0,0.1220252364873886,0.0,0.8780786991119385,0.0,0.0,0.1219213157892227,0.0,0.8780786991119385,0.0,0.0,0.1219213157892227,0.0,0.8780579566955566,0.0,0.0,0.1219420954585075,0.0,0.8780995011329651,0.0,0.0,0.1219005286693573,0.0,0.87803715467453,0.0,0.0,0.1219628825783729,0.0,0.8780163526535034,0.0,0.0,0.1219836696982383,0.0,0.8782034516334534,0.0,0.0,0.1217966079711914,0.0,0.87803715467453,0.0,0.0,0.1219628825783729,0.0,0.87803715467453,0.0,0.0,0.1219628825783729,0.0,0.8781410455703735,0.0,0.0,0.121858961880207,0.0,0.877974808216095,0.0,0.0,0.1220252364873886,0.0,0.8782241940498352,0.0,0.0,0.1217758208513259,0.0,0.8781203031539917,0.0,0.0,0.1218797490000724,0.0,0.8779332041740417,0.0,0.0,0.1220668032765388,0.0,0.8780786991119385,0.0,0.0,0.1219213157892227,0.0,0.8780579566955566,0.0,0.0,0.1219420954585075,0.0,0.87803715467453,0.0,0.0,0.1219628825783729,0.0,0.8780163526535034,0.0,0.0,0.1219836696982383,0.0,0.8780995011329651,0.0,0.0,0.1219005286693573,0.0,0.8780579566955566,0.0,0.0,0.1219420954585075,0.0,0.8780995011329651,0.0,0.0,0.1219005286693573,0.0,0.8781203031539917,0.0,0.0,0.1218797490000724,0.0,0.8780786991119385,0.0,0.0,0.1219213157892227,0.0,0.8390663862228394,0.0002909816685132,0.0003949036763515,0.1601853966712951,6.235321052372456e-05,0.8417683839797974,0.0006443165475502,0.0003949036763515,0.1571924537420272,0.0,0.8628852963447571,0.0006651009316556,0.0002909816685132,0.1361586302518844,0.0,0.8460083603858948,0.0001247064210474,0.0001039220223901,0.1537630259990692,0.0,0.8286533951759338,0.0005611788947135,0.0004780413000844,0.170286625623703,2.0784404114237987e-05,0.8688920140266418,0.0,0.0,0.1311080157756805,0.0,0.8361981511116028,0.001849811989814,0.0013302018633112,0.1605803072452545,4.156880822847597e-05,0.8465279936790466,0.0003741192631423,0.0008313761791214,0.1522457599639892,2.0784404114237987e-05,0.8657743334770203,4.156880822847597e-05,6.235321052372456e-05,0.134121760725975,0.0,0.8416852355003357,0.0011015734635293,0.0012886330951005,0.1558830291032791,4.156880822847597e-05,0.8538856506347656,0.0006235321052372,0.0005819633370265,0.144888088107109,2.0784404114237987e-05,0.845405638217926,0.0006651009316556,0.0004780413000844,0.1534512490034103,0.0,0.8429738879203796,0.0009145137737505,0.0006858853157609,0.1553841978311538,4.156880822847597e-05,0.8576476573944092,0.0,6.235321052372456e-05,0.1422484666109085,4.156880822847597e-05,0.8496248722076416,0.0003325504658278,0.0004780413000844,0.149564579129219,0.0,0.8498119115829468,0.0003949036763515,0.0003741192631423,0.1493982970714569,2.0784404114237987e-05,0.8461746573448181,0.0006651009316556,0.0006651009316556,0.152453601360321,4.156880822847597e-05,0.868621826171875,0.0,0.0,0.1313782185316085,0.0,0.8438884019851685,0.0013925550738349,0.0007482385262846,0.1539500802755355,2.0784404114237987e-05,0.840438187122345,0.0012054954422637,0.0006651009316556,0.1576289236545562,6.235321052372456e-05,0.8631970882415771,2.0784404114237987e-05,6.235321052372456e-05,0.1366990208625793,2.0784404114237987e-05,0.8580425381660461,0.0001870596315711,0.0004572568868752,0.1413131654262542,0.0,0.8372789621353149,0.0009560826001688,0.0009560826001688,0.1607673615217209,4.156880822847597e-05,0.8533452749252319,0.0004988256841897,0.0008313761791214,0.1453037708997726,2.0784404114237987e-05,0.8369463682174683,0.0006027477211318,0.0008105917368084,0.16164031624794,0.0,0.8684971332550049,0.0001870596315711,0.0001454908342566,0.1311703771352768,0.0,0.8041278123855591,0.0015380459371954,0.0013302018633112,0.1929416209459304,6.235321052372456e-05,0.8332675695419312,0.0009768670424818,0.0008105917368084,0.1648826748132705,6.235321052372456e-05,0.8479413390159607,0.0002909816685132,0.0001454908342566,0.1516222208738327,0.0,0.852950394153595,0.000602747721131891,0.0008729449473321438,0.14555318653583527,2.0784404114237987e-05
135,0.8764159679412842,0.0,0.0,0.1235840693116188,0.0,0.8763744235038757,0.0,0.0,0.123625636100769,0.0,0.876041829586029,0.0,0.0,0.1239581853151321,0.0,0.8761249780654907,0.0,0.0,0.1238750517368316,0.0,0.8763328194618225,0.0,0.0,0.1236672028899192,0.0,0.8761457800865173,0.0,0.0,0.1238542646169662,0.0,0.876228928565979,0.0,0.0,0.1237711235880851,0.0,0.8763328194618225,0.0,0.0,0.1236672028899192,0.0,0.8763328194618225,0.0,0.0,0.1236672028899192,0.0,0.8763120174407959,0.0,0.0,0.1236879900097847,0.0,0.8763536214828491,0.0,0.0,0.1236464232206344,0.0,0.8762912750244141,0.0,0.0,0.1237087696790695,0.0,0.8762704730033875,0.0,0.0,0.1237295567989349,0.0,0.8764575123786926,0.0,0.0,0.1235424950718879,0.0,0.8762912750244141,0.0,0.0,0.1237087696790695,0.0,0.8762912750244141,0.0,0.0,0.1237087696790695,0.0,0.8763951659202576,0.0,0.0,0.1236048489809036,0.0,0.876228928565979,0.0,0.0,0.1237711235880851,0.0,0.8764783143997192,0.0,0.0,0.1235217154026031,0.0,0.8763744235038757,0.0,0.0,0.123625636100769,0.0,0.8761873245239258,0.0,0.0,0.123812697827816,0.0,0.8763328194618225,0.0,0.0,0.1236672028899192,0.0,0.8763120174407959,0.0,0.0,0.1236879900097847,0.0,0.8762912750244141,0.0,0.0,0.1237087696790695,0.0,0.8762704730033875,0.0,0.0,0.1237295567989349,0.0,0.8763536214828491,0.0,0.0,0.1236464232206344,0.0,0.8763120174407959,0.0,0.0,0.1236879900097847,0.0,0.8763536214828491,0.0,0.0,0.1236464232206344,0.0,0.8763744235038757,0.0,0.0,0.123625636100769,0.0,0.8763328194618225,0.0,0.0,0.1236672028899192,0.0,0.8372581601142883,0.0003325504658278,0.0003325504658278,0.1620144248008728,6.235321052372456e-05,0.8398977518081665,0.0003325504658278,0.0007066697580739,0.1590630412101745,0.0,0.8609731793403625,0.0005196101265028,0.0005196101265028,0.1379876583814621,0.0,0.8442624807357788,0.0001247064210474,4.156880822847597e-05,0.1555712670087814,0.0,0.8267828226089478,0.0005403945106081,0.0006027477211318,0.1720532923936844,2.0784404114237987e-05,0.8671461343765259,0.0,0.0,0.1328539103269577,0.0,0.8340157866477966,0.0017458898946642,0.0015796147054061,0.1626171767711639,4.156880822847597e-05,0.8445950746536255,0.0004572568868752,0.0007274541421793,0.1541994959115982,2.0784404114237987e-05,0.8640284538269043,4.156880822847597e-05,4.156880822847597e-05,0.1358884274959564,0.0,0.8394820690155029,0.0013717706315219,0.0013717706315219,0.1577328443527221,4.156880822847597e-05,0.8520150780677795,0.0006443165475502,0.0005611788947135,0.1467586755752563,2.0784404114237987e-05,0.8435558080673218,0.0006027477211318,0.0004156880895607,0.1554257720708847,0.0,0.8408538699150085,0.001163926674053,0.0007274541421793,0.1571924537420272,6.235321052372456e-05,0.8559017777442932,0.0,6.235321052372456e-05,0.1439943462610244,4.156880822847597e-05,0.847858190536499,0.000270197255304,0.000270197255304,0.1516014486551284,0.0,0.8478373885154724,0.0006027477211318,0.0002909816685132,0.1512481123208999,2.0784404114237987e-05,0.8441585898399353,0.0008313761791214,0.0004988256841897,0.1544696986675262,4.156880822847597e-05,0.866875946521759,0.0,0.0,0.1331241130828857,0.0,0.8419554233551025,0.0012678486527875,0.0008937293896451,0.1558622419834137,2.0784404114237987e-05,0.8384636640548706,0.001122357789427,0.0008937293896451,0.1594579517841339,6.235321052372456e-05,0.8614512085914612,2.0784404114237987e-05,6.235321052372456e-05,0.1384449154138565,2.0784404114237987e-05,0.8561303615570068,0.0002909816685132,0.0004572568868752,0.1431214064359665,0.0,0.8352628350257874,0.0010392202530056,0.0010600045789033,0.1625963896512985,4.156880822847597e-05,0.8510797619819641,0.0009145137737505,0.0008729449473321,0.1471120119094848,2.0784404114237987e-05,0.8347432613372803,0.0008105917368084,0.0008729449473321,0.1635732650756836,0.0,0.8666888475418091,0.0002494128420948,0.0001247064210474,0.1329370439052581,0.0,0.8017791509628296,0.0015172614948824,0.0016211834736168,0.1950200647115707,6.235321052372456e-05,0.8313553929328918,0.0007690229685977,0.0010184358106926,0.1667948365211486,6.235321052372456e-05,0.8461538553237915,0.0001039220223901,0.0003325504658278,0.1534096896648407,0.0,0.8508095741271973,0.0009352981578558683,0.0008729449473321438,0.14736142754554749,2.0784404114237987e-05
136,0.8732151985168457,0.0,0.0,0.126784861087799,0.0,0.8731735944747925,0.0,0.0,0.1268264353275299,0.0,0.8728410601615906,0.0,0.0,0.127158984541893,0.0,0.8729242086410522,0.0,0.0,0.1270758509635925,0.0,0.873132050037384,0.0,0.0,0.1268680095672607,0.0,0.8729449510574341,0.0,0.0,0.1270550638437271,0.0,0.8730280995368958,0.0,0.0,0.1269719302654266,0.0,0.873132050037384,0.0,0.0,0.1268680095672607,0.0,0.873132050037384,0.0,0.0,0.1268680095672607,0.0,0.8731112480163574,0.0,0.0,0.1268887817859649,0.0,0.8731527924537659,0.0,0.0,0.1268472224473953,0.0,0.8730904459953308,0.0,0.0,0.1269095689058303,0.0,0.873069703578949,0.0,0.0,0.1269303560256958,0.0,0.8732567429542542,0.0,0.0,0.1267433017492294,0.0,0.8730904459953308,0.0,0.0,0.1269095689058303,0.0,0.8730904459953308,0.0,0.0,0.1269095689058303,0.0,0.8731943964958191,0.0,0.0,0.1268056482076645,0.0,0.8730280995368958,0.0,0.0,0.1269719302654266,0.0,0.8732775449752808,0.0,0.0,0.126722514629364,0.0,0.8731735944747925,0.0,0.0,0.1268264353275299,0.0,0.8729865550994873,0.0,0.0,0.1270134896039962,0.0,0.873132050037384,0.0,0.0,0.1268680095672607,0.0,0.8731112480163574,0.0,0.0,0.1268887817859649,0.0,0.8730904459953308,0.0,0.0,0.1269095689058303,0.0,0.873069703578949,0.0,0.0,0.1269303560256958,0.0,0.8731527924537659,0.0,0.0,0.1268472224473953,0.0,0.8731112480163574,0.0,0.0,0.1268887817859649,0.0,0.8731527924537659,0.0,0.0,0.1268472224473953,0.0,0.8731735944747925,0.0,0.0,0.1268264353275299,0.0,0.873132050037384,0.0,0.0,0.1268680095672607,0.0,0.8339742422103882,0.0003741192631423,0.0001454908342566,0.1654438525438308,6.235321052372456e-05,0.8365306854248047,0.0004780413000844,0.0006443165475502,0.1623469740152359,0.0,0.8576684594154358,0.0005611788947135,0.0005196101265028,0.141250804066658,0.0,0.8410409092903137,8.313761645695195e-05,0.0001039220223901,0.1587720662355423,0.0,0.8233326077461243,0.0007274541421793,0.0005611788947135,0.1753580123186111,2.0784404114237987e-05,0.8639453053474426,0.0,0.0,0.1360547095537185,0.0,0.8305240273475647,0.001808243105188,0.0016211834736168,0.1659842580556869,6.235321052372456e-05,0.8413318991661072,0.000436472473666,0.0007066697580739,0.1575042158365249,2.0784404114237987e-05,0.8608276844024658,2.0784404114237987e-05,6.235321052372456e-05,0.1390892267227172,0.0,0.8359279632568359,0.0016419679159298,0.0008521605632267,0.1615363955497741,4.156880822847597e-05,0.8486064076423645,0.0007274541421793,0.0005819633370265,0.1500633955001831,2.0784404114237987e-05,0.8402926921844482,0.0003325504658278,0.0006443165475502,0.1587304919958114,0.0,0.8371126651763916,0.0016627523582428,0.0006443165475502,0.160497173666954,8.313761645695195e-05,0.85270094871521,0.0,4.156880822847597e-05,0.1472159326076507,4.156880822847597e-05,0.8446366190910339,0.0002078440447803,0.0003533348790369,0.1548022478818893,0.0,0.8445534706115723,0.0004780413000844,0.0004780413000844,0.1544696986675262,2.0784404114237987e-05,0.8406875729560852,0.0009560826001688,0.0005196101265028,0.1577951908111572,4.156880822847597e-05,0.8636751174926758,0.0,0.0,0.1363249123096466,0.0,0.8386507034301758,0.001163926674053,0.0009145137737505,0.1592501103878021,2.0784404114237987e-05,0.835034191608429,0.0009560826001688,0.0010184358106926,0.1629289388656616,6.235321052372456e-05,0.8582088351249695,6.235321052372456e-05,4.156880822847597e-05,0.1416665017604828,2.0784404114237987e-05,0.8528048992156982,0.0003741192631423,0.0002909816685132,0.1465300470590591,0.0,0.8318334221839905,0.0009768670424818,0.0010392202530056,0.166108950972557,4.156880822847597e-05,0.8472970128059387,0.0014133395161479,0.0007690229685977,0.1504998654127121,2.0784404114237987e-05,0.8313553929328918,0.0009145137737505,0.0008937293896451,0.1668364107608795,0.0,0.8633010387420654,0.0003741192631423,0.0001662752329139,0.1361586302518844,0.0,0.798266589641571,0.0016211834736168,0.0017043211264535,0.1983455717563629,6.235321052372456e-05,0.827738881111145,0.0010392202530056,0.0010184358106926,0.1701411306858062,6.235321052372456e-05,0.8428699374198914,0.0001662752329139,0.0003325504658278,0.1566312760114669,0.0,0.8472346663475037,0.0009560826001688838,0.0011431422317400575,0.15064536035060883,2.0784404114237987e-05
137,0.8698896765708923,0.0,0.0,0.1301103681325912,0.0,0.8698480725288391,0.0,0.0,0.130151942372322,0.0,0.8695155382156372,0.0,0.0,0.1304844915866851,0.0,0.8695986866950989,0.0,0.0,0.1304013580083847,0.0,0.8698065280914307,0.0,0.0,0.1301935017108917,0.0,0.8696194887161255,0.0,0.0,0.1303805708885193,0.0,0.8697025775909424,0.0,0.0,0.1302974224090576,0.0,0.8698065280914307,0.0,0.0,0.1301935017108917,0.0,0.8698065280914307,0.0,0.0,0.1301935017108917,0.0,0.869785726070404,0.0,0.0,0.1302142888307571,0.0,0.8698273301124573,0.0,0.0,0.1301727294921875,0.0,0.8697649836540222,0.0,0.0,0.1302350759506225,0.0,0.8697441816329956,0.0,0.0,0.1302558630704879,0.0,0.8699312210083008,0.0,0.0,0.1300687938928604,0.0,0.8697649836540222,0.0,0.0,0.1302350759506225,0.0,0.8697649836540222,0.0,0.0,0.1302350759506225,0.0,0.8698688745498657,0.0,0.0,0.1301311552524566,0.0,0.8697025775909424,0.0,0.0,0.1302974224090576,0.0,0.8699520230293274,0.0,0.0,0.1300480216741562,0.0,0.8698480725288391,0.0,0.0,0.130151942372322,0.0,0.8696610331535339,0.0,0.0,0.1303389966487884,0.0,0.8698065280914307,0.0,0.0,0.1301935017108917,0.0,0.869785726070404,0.0,0.0,0.1302142888307571,0.0,0.8697649836540222,0.0,0.0,0.1302350759506225,0.0,0.8697441816329956,0.0,0.0,0.1302558630704879,0.0,0.8698273301124573,0.0,0.0,0.1301727294921875,0.0,0.869785726070404,0.0,0.0,0.1302142888307571,0.0,0.8698273301124573,0.0,0.0,0.1301727294921875,0.0,0.8698480725288391,0.0,0.0,0.130151942372322,0.0,0.8698065280914307,0.0,0.0,0.1301935017108917,0.0,0.8306279182434082,0.0002909816685132,0.0002286284434376,0.1687901467084884,6.235321052372456e-05,0.8328726291656494,0.0006651009316556,0.0007690229685977,0.1656932681798935,0.0,0.8543013334274292,0.0005403945106081,0.0004988256841897,0.1446594595909118,0.0,0.8376946449279785,4.156880822847597e-05,0.0001662752329139,0.1620975732803344,0.0,0.8197784423828125,0.0007274541421793,0.0006651009316556,0.1788082271814346,2.0784404114237987e-05,0.860619843006134,0.0,0.0,0.1393802165985107,0.0,0.8269906640052795,0.0017458898946642,0.0013717706315219,0.1698293685913086,6.235321052372456e-05,0.8378608822822571,0.0005196101265028,0.0005196101265028,0.1610791385173797,2.0784404114237987e-05,0.8575021624565125,2.0784404114237987e-05,6.235321052372456e-05,0.1424147337675094,0.0,0.8322906494140625,0.0013925550738349,0.0011847109999507,0.1650905162096023,4.156880822847597e-05,0.8451354503631592,0.0006235321052372,0.0007482385262846,0.1534720361232757,2.0784404114237987e-05,0.8368216753005981,0.0003533348790369,0.0007274541421793,0.1620975732803344,0.0,0.8336001038551331,0.0017666743369773,0.0005819633370265,0.1639681607484817,8.313761645695195e-05,0.8493754863739014,0.0,0.0,0.1505830138921737,4.156880822847597e-05,0.8412695527076721,0.0001039220223901,0.0004780413000844,0.1581485271453857,0.0,0.841144859790802,0.0004780413000844,0.0005196101265028,0.157836765050888,2.0784404114237987e-05,0.8371750116348267,0.0010600045789033,0.0005196101265028,0.1612038314342498,4.156880822847597e-05,0.8603495955467224,0.0,0.0,0.1396504044532776,0.0,0.835034191608429,0.001122357789427,0.0009560826001688,0.1628665924072265,2.0784404114237987e-05,0.8315216302871704,0.0008105917368084,0.001163926674053,0.1664415150880813,6.235321052372456e-05,0.8548833131790161,4.156880822847597e-05,2.0784404114237987e-05,0.1450335681438446,2.0784404114237987e-05,0.8494378328323364,0.0003741192631423,0.000270197255304,0.1499179005622863,0.0,0.8283624053001404,0.0008105917368084,0.0012054954422637,0.1695799529552459,4.156880822847597e-05,0.8437429070472717,0.0014549082843586,0.000789807352703,0.1539916545152664,2.0784404114237987e-05,0.8270114660263062,0.0017874587792903,0.0009352981578558,0.1702450513839721,2.0784404114237987e-05,0.8599339127540588,0.0003533348790369,0.0001870596315711,0.1395257115364074,0.0,0.7940889596939087,0.0018913807580247,0.0021200091578066,0.201837345957756,6.235321052372456e-05,0.8240184783935547,0.0011015734635293,0.0012262798845767,0.1735913455486297,6.235321052372456e-05,0.8390455842018127,0.0006443165475502,0.0002909816685132,0.1600191295146942,0.0,0.8436597585678101,0.0010600045789033175,0.001080789021216333,0.1541787087917328,2.0784404114237987e-05
138,0.8628645539283752,0.0,0.0,0.1371355056762695,0.0,0.862822949886322,0.0,0.0,0.1371770650148391,0.0,0.8624904155731201,0.0,0.0,0.1375096142292022,0.0,0.8625735640525818,0.0,0.0,0.1374264806509018,0.0,0.8627814054489136,0.0,0.0,0.13721863925457,0.0,0.8625943660736084,0.0,0.0,0.1374056935310363,0.0,0.8626774549484253,0.0,0.0,0.1373225599527359,0.0,0.8627814054489136,0.0,0.0,0.13721863925457,0.0,0.8627814054489136,0.0,0.0,0.13721863925457,0.0,0.862760603427887,0.0,0.0,0.1372394263744354,0.0,0.8628022074699402,0.0,0.0,0.1371978521347046,0.0,0.8627398014068604,0.0,0.0,0.1372601985931396,0.0,0.8627190589904785,0.0,0.0,0.137280985713005,0.0,0.8629060983657837,0.0,0.0,0.1370939314365387,0.0,0.8627398014068604,0.0,0.0,0.1372601985931396,0.0,0.8627398014068604,0.0,0.0,0.1372601985931396,0.0,0.8628437519073486,0.0,0.0,0.1371562778949737,0.0,0.8626774549484253,0.0,0.0,0.1373225599527359,0.0,0.8629269003868103,0.0,0.0,0.1370731443166732,0.0,0.862822949886322,0.0,0.0,0.1371770650148391,0.0,0.8626359105110168,0.0,0.0,0.1373641341924667,0.0,0.8627814054489136,0.0,0.0,0.13721863925457,0.0,0.862760603427887,0.0,0.0,0.1372394263744354,0.0,0.8627398014068604,0.0,0.0,0.1372601985931396,0.0,0.8627190589904785,0.0,0.0,0.137280985713005,0.0,0.8628022074699402,0.0,0.0,0.1371978521347046,0.0,0.862760603427887,0.0,0.0,0.1372394263744354,0.0,0.8628022074699402,0.0,0.0,0.1371978521347046,0.0,0.862822949886322,0.0,0.0,0.1371770650148391,0.0,0.8627814054489136,0.0,0.0,0.13721863925457,0.0,0.8235612511634827,0.0002078440447803,0.0002909816685132,0.1758776307106018,6.235321052372456e-05,0.8257851600646973,0.0006858853157609,0.0008105917368084,0.1727183908224105,0.0,0.8472346663475037,0.0003533348790369,0.0007066697580739,0.1517053693532943,0.0,0.8306487202644348,6.235321052372456e-05,0.0001454908342566,0.1691434830427169,0.0,0.8126701712608337,0.0006858853157609,0.0007274541421793,0.1858957111835479,2.0784404114237987e-05,0.8535947203636169,0.0,0.0,0.1464053392410278,0.0,0.819279670715332,0.0016211834736168,0.0020784405060112,0.1769584119319915,6.235321052372456e-05,0.8307734131813049,0.0004572568868752,0.0006235321052372,0.1681250482797622,2.0784404114237987e-05,0.8504770398139954,0.0,4.156880822847597e-05,0.1494814306497573,0.0,0.8250369429588318,0.0013509863056242,0.0012886330951005,0.1722819209098816,4.156880822847597e-05,0.8379648327827454,0.0006235321052372,0.0006858853157609,0.1607050150632858,2.0784404114237987e-05,0.8295887112617493,0.0005196101265028,0.0007274541421793,0.1691642701625824,0.0,0.8263047933578491,0.0013717706315219,0.0009768670424818,0.1712634861469268,8.313761645695195e-05,0.8423503041267395,0.0,0.0,0.1576081365346908,4.156880822847597e-05,0.8339118361473083,0.0004156880895607,0.0004572568868752,0.1652152240276336,0.0,0.8337871432304382,0.0007274541421793,0.0004572568868752,0.1650073826313018,2.0784404114237987e-05,0.8300667405128479,0.0008105917368084,0.0008105917368084,0.1682497560977935,6.235321052372456e-05,0.8533244729042053,0.0,0.0,0.1466755419969558,0.0,0.8277804851531982,0.0008105917368084,0.0014133395161479,0.1699748635292053,2.0784404114237987e-05,0.8242886662483215,0.0008521605632267,0.0012886330951005,0.1735082119703292,6.235321052372456e-05,0.847858190536499,4.156880822847597e-05,2.0784404114237987e-05,0.1520587056875229,2.0784404114237987e-05,0.8423919081687927,0.0003533348790369,0.0002494128420948,0.1570053845643997,0.0,0.8210047483444214,0.0009768670424818,0.00114314223174,0.1768337041139602,4.156880822847597e-05,0.836447536945343,0.0016003991477191,0.0008105917368084,0.1611206978559494,2.0784404114237987e-05,0.8195290565490723,0.0021200091578066,0.0010600045789033,0.1772701889276504,2.0784404114237987e-05,0.8529087901115417,0.0002909816685132,0.0002286284434376,0.1465716212987899,0.0,0.7866896986961365,0.0021407937165349,0.0020160872954875,0.2090911120176315,6.235321052372456e-05,0.8164529800415039,0.0015172614948824,0.0012886330951005,0.1806788295507431,6.235321052372456e-05,0.8319373726844788,0.0007066697580739,0.0003117660526186,0.1670442521572113,0.0,0.8362604975700378,0.0013925550738349557,0.0009768670424818993,0.1613493263721466,2.0784404114237987e-05
139,0.8625527620315552,0.0,0.0,0.1374472677707672,0.0,0.8625112175941467,0.0,0.0,0.1374888271093368,0.0,0.8621786236763,0.0,0.0,0.1378213763236999,0.0,0.8622617721557617,0.0,0.0,0.1377382427453994,0.0,0.8624696135520935,0.0,0.0,0.1375304013490677,0.0,0.8622825741767883,0.0,0.0,0.137717455625534,0.0,0.86236572265625,0.0,0.0,0.1376343220472335,0.0,0.8624696135520935,0.0,0.0,0.1375304013490677,0.0,0.8624696135520935,0.0,0.0,0.1375304013490677,0.0,0.8624488711357117,0.0,0.0,0.1375511884689331,0.0,0.8624904155731201,0.0,0.0,0.1375096142292022,0.0,0.8624280691146851,0.0,0.0,0.1375719755887985,0.0,0.8624072670936584,0.0,0.0,0.1375927478075027,0.0,0.8625943660736084,0.0,0.0,0.1374056935310363,0.0,0.8624280691146851,0.0,0.0,0.1375719755887985,0.0,0.8624280691146851,0.0,0.0,0.1375719755887985,0.0,0.8625319600105286,0.0,0.0,0.1374680548906326,0.0,0.86236572265625,0.0,0.0,0.1376343220472335,0.0,0.8626151084899902,0.0,0.0,0.1373849064111709,0.0,0.8625112175941467,0.0,0.0,0.1374888271093368,0.0,0.8623241186141968,0.0,0.0,0.1376758962869644,0.0,0.8624696135520935,0.0,0.0,0.1375304013490677,0.0,0.8624488711357117,0.0,0.0,0.1375511884689331,0.0,0.8624280691146851,0.0,0.0,0.1375719755887985,0.0,0.8624072670936584,0.0,0.0,0.1375927478075027,0.0,0.8624904155731201,0.0,0.0,0.1375096142292022,0.0,0.8624488711357117,0.0,0.0,0.1375511884689331,0.0,0.8624904155731201,0.0,0.0,0.1375096142292022,0.0,0.8625112175941467,0.0,0.0,0.1374888271093368,0.0,0.8624696135520935,0.0,0.0,0.1375304013490677,0.0,0.8231663107872009,0.0002286284434376,0.0003533348790369,0.1761893928050995,6.235321052372456e-05,0.8252655267715454,0.0007690229685977,0.0007690229685977,0.1731964349746704,0.0,0.8468605279922485,0.0002494128420948,0.0008313761791214,0.1520587056875229,0.0,0.8303161859512329,8.313761645695195e-05,0.0001247064210474,0.16947603225708,0.0,0.8122544884681702,0.0006651009316556,0.0006858853157609,0.1863737553358078,2.0784404114237987e-05,0.8532829284667969,0.0,0.0,0.1467171013355255,0.0,0.8182404041290283,0.0019121652003377,0.0022862844634801,0.1774988174438476,6.235321052372456e-05,0.8302953839302063,0.000436472473666,0.0005611788947135,0.1686862260103225,2.0784404114237987e-05,0.8501652479171753,0.0,4.156880822847597e-05,0.1497932076454162,0.0,0.823872983455658,0.0017458898946642,0.0015588302630931,0.1727807521820068,4.156880822847597e-05,0.8375698924064636,0.0005819633370265,0.0007482385262846,0.1610791385173797,2.0784404114237987e-05,0.8291522264480591,0.0005403945106081,0.0007690229685977,0.1695383787155151,0.0,0.8257436156272888,0.0012470642104744,0.0012886330951005,0.1716376096010208,8.313761645695195e-05,0.8420385718345642,0.0,0.0,0.1579198986291885,4.156880822847597e-05,0.8335169553756714,0.0004780413000844,0.0003533348790369,0.1656516939401626,0.0,0.8332675695419312,0.0007066697580739,0.0006235321052372,0.1653815060853958,2.0784404114237987e-05,0.829484760761261,0.0008105917368084,0.0009352981578558,0.168707013130188,6.235321052372456e-05,0.85301274061203,0.0,0.0,0.1469873040914535,0.0,0.8271777033805847,0.0009145137737505,0.0015796147054061,0.1703074127435684,2.0784404114237987e-05,0.8232494592666626,0.0013509863056242,0.0014341238420456,0.1739031076431274,6.235321052372456e-05,0.8475464582443237,4.156880822847597e-05,2.0784404114237987e-05,0.1523704677820205,2.0784404114237987e-05,0.8420177698135376,0.0002494128420948,0.0003533348790369,0.1573795080184936,0.0,0.820318877696991,0.0010807890212163,0.0012262798845767,0.1773325353860855,4.156880822847597e-05,0.8358448147773743,0.0013717706315219,0.0010184358106926,0.1617442369461059,2.0784404114237987e-05,0.8189055323600769,0.0019745184108614,0.0010600045789033,0.1780392080545425,2.0784404114237987e-05,0.8525139093399048,0.0003117660526186,0.0002494128420948,0.1469249576330185,0.0,0.7853386998176575,0.002577266190201,0.0021407937165349,0.209880918264389,6.235321052372456e-05,0.8156631588935852,0.001829027547501,0.00114314223174,0.1813023537397384,6.235321052372456e-05,0.831542432308197,0.0007482385262846,0.0003325504658278,0.1673768013715744,0.0,0.8356577754020691,0.001288633095100522,0.000997651368379593,0.16203521192073822,2.0784404114237987e-05
140,0.8623033761978149,0.0,0.0,0.1376966834068298,0.0,0.8622617721557617,0.0,0.0,0.1377382427453994,0.0,0.8619292378425598,0.0,0.0,0.1380707919597625,0.0,0.8620123863220215,0.0,0.0,0.1379876583814621,0.0,0.8622202277183533,0.0,0.0,0.1377798169851303,0.0,0.8620331883430481,0.0,0.0,0.1379668712615966,0.0,0.862116277217865,0.0,0.0,0.1378837376832962,0.0,0.8622202277183533,0.0,0.0,0.1377798169851303,0.0,0.8622202277183533,0.0,0.0,0.1377798169851303,0.0,0.8621994256973267,0.0,0.0,0.1378006041049957,0.0,0.8622410297393799,0.0,0.0,0.1377590298652649,0.0,0.8621786236763,0.0,0.0,0.1378213763236999,0.0,0.8621578812599182,0.0,0.0,0.1378421634435653,0.0,0.8623449206352234,0.0,0.0,0.137655109167099,0.0,0.8621786236763,0.0,0.0,0.1378213763236999,0.0,0.8621786236763,0.0,0.0,0.1378213763236999,0.0,0.8622825741767883,0.0,0.0,0.137717455625534,0.0,0.862116277217865,0.0,0.0,0.1378837376832962,0.0,0.86236572265625,0.0,0.0,0.1376343220472335,0.0,0.8622617721557617,0.0,0.0,0.1377382427453994,0.0,0.8620747327804565,0.0,0.0,0.137925311923027,0.0,0.8622202277183533,0.0,0.0,0.1377798169851303,0.0,0.8621994256973267,0.0,0.0,0.1378006041049957,0.0,0.8621786236763,0.0,0.0,0.1378213763236999,0.0,0.8621578812599182,0.0,0.0,0.1378421634435653,0.0,0.8622410297393799,0.0,0.0,0.1377590298652649,0.0,0.8621994256973267,0.0,0.0,0.1378006041049957,0.0,0.8622410297393799,0.0,0.0,0.1377590298652649,0.0,0.8622617721557617,0.0,0.0,0.1377382427453994,0.0,0.8622202277183533,0.0,0.0,0.1377798169851303,0.0,0.8226674795150757,0.0003949036763515,0.0004156880895607,0.1764595955610275,6.235321052372456e-05,0.8246004581451416,0.0010184358106926,0.0004988256841897,0.173882320523262,0.0,0.8463824987411499,0.0003741192631423,0.0006235321052372,0.1526198834180832,0.0,0.8300459384918213,8.313761645695195e-05,0.0001454908342566,0.1697254478931427,0.0,0.8117764592170715,0.0006443165475502,0.000789807352703,0.1867686510086059,2.0784404114237987e-05,0.8530335426330566,0.0,0.0,0.1469665169715881,0.0,0.8173258900642395,0.0022862844634801,0.0020368716213852,0.1782886236906051,6.235321052372456e-05,0.829796552658081,0.0006235321052372,0.0005196101265028,0.1690395623445511,2.0784404114237987e-05,0.8498950600624084,2.0784404114237987e-05,4.156880822847597e-05,0.1500426083803177,0.0,0.8228753209114075,0.0021407937165349,0.0017251055687665,0.1732172220945358,4.156880822847597e-05,0.8371334671974182,0.0005611788947135,0.0008521605632267,0.161432459950447,2.0784404114237987e-05,0.8288612365722656,0.0005196101265028,0.0006651009316556,0.1699540764093399,0.0,0.825223982334137,0.0009768670424818,0.0017043211264535,0.1720117330551147,8.313761645695195e-05,0.8417891263961792,0.0,0.0,0.1581693142652511,4.156880822847597e-05,0.8331844210624695,0.0005403945106081,0.0002909816685132,0.1659842580556869,0.0,0.8328726291656494,0.0007690229685977,0.0006858853157609,0.1656516939401626,2.0784404114237987e-05,0.8289443850517273,0.0008313761791214,0.0011015734635293,0.1690603494644165,6.235321052372456e-05,0.852763295173645,0.0,0.0,0.1472367197275161,0.0,0.8264294862747192,0.0013094174209982,0.0013717706315219,0.1708685904741287,2.0784404114237987e-05,0.8225843906402588,0.0015380459371954,0.0013509863056242,0.1744642853736877,6.235321052372456e-05,0.8472970128059387,0.0,6.235321052372456e-05,0.1526198834180832,2.0784404114237987e-05,0.8416852355003357,0.0002078440447803,0.0004156880895607,0.1576912701129913,0.0,0.8199239373207092,0.0009976513683795,0.0012678486527875,0.1777690052986145,4.156880822847597e-05,0.8352004885673523,0.0011847109999507,0.0014964770525693,0.1620975732803344,2.0784404114237987e-05,0.8185105919837952,0.0019329495262354,0.0009976513683795,0.1785380244255066,2.0784404114237987e-05,0.8520774245262146,0.0003117660526186,0.000436472473666,0.1471743583679199,0.0,0.7844657897949219,0.0028890322428196,0.001829027547501,0.210753858089447,6.235321052372456e-05,0.8152682781219482,0.0015588302630931,0.0011847109999507,0.181925892829895,6.235321052372456e-05,0.8312307000160217,0.0007274541421793,0.0001870596315711,0.1678548455238342,0.0,0.8351173400878906,0.001205495442263782,0.0013094174209982157,0.1623469740152359,2.0784404114237987e-05
141,0.8608068823814392,0.0,0.0,0.1391931474208831,0.0,0.8607653379440308,0.0,0.0,0.139234721660614,0.0,0.8604327440261841,0.0,0.0,0.1395672708749771,0.0,0.8605158925056458,0.0,0.0,0.1394841372966766,0.0,0.8607237339019775,0.0,0.0,0.1392762959003448,0.0,0.8605366945266724,0.0,0.0,0.1394633501768112,0.0,0.860619843006134,0.0,0.0,0.1393802165985107,0.0,0.8607237339019775,0.0,0.0,0.1392762959003448,0.0,0.8607237339019775,0.0,0.0,0.1392762959003448,0.0,0.8607029318809509,0.0,0.0,0.1392970830202102,0.0,0.8607445359230042,0.0,0.0,0.1392555087804794,0.0,0.8606821894645691,0.0,0.0,0.1393178552389145,0.0,0.8606613874435425,0.0,0.0,0.1393386423587799,0.0,0.8608484268188477,0.0,0.0,0.1391515880823135,0.0,0.8606821894645691,0.0,0.0,0.1393178552389145,0.0,0.8606821894645691,0.0,0.0,0.1393178552389145,0.0,0.8607860803604126,0.0,0.0,0.1392139345407486,0.0,0.860619843006134,0.0,0.0,0.1393802165985107,0.0,0.8608692288398743,0.0,0.0,0.1391308009624481,0.0,0.8607653379440308,0.0,0.0,0.139234721660614,0.0,0.8605782389640808,0.0,0.0,0.1394217759370803,0.0,0.8607237339019775,0.0,0.0,0.1392762959003448,0.0,0.8607029318809509,0.0,0.0,0.1392970830202102,0.0,0.8606821894645691,0.0,0.0,0.1393178552389145,0.0,0.8606613874435425,0.0,0.0,0.1393386423587799,0.0,0.8607445359230042,0.0,0.0,0.1392555087804794,0.0,0.8607029318809509,0.0,0.0,0.1392970830202102,0.0,0.8607445359230042,0.0,0.0,0.1392555087804794,0.0,0.8607653379440308,0.0,0.0,0.139234721660614,0.0,0.8607237339019775,0.0,0.0,0.1392762959003448,0.0,0.8211710453033447,0.0003741192631423,0.0003949036763515,0.1779976338148117,6.235321052372456e-05,0.8229169249534607,0.0008729449473321,0.0008105917368084,0.1753995865583419,0.0,0.8447821140289307,0.000436472473666,0.0006027477211318,0.1541787087917328,0.0,0.8285079002380371,0.0001039220223901,0.0001039220223901,0.1712842732667923,0.0,0.8101968765258789,0.0004988256841897,0.0009560826001688,0.1883274912834167,2.0784404114237987e-05,0.8515370488166809,0.0,0.0,0.1484629958868026,0.0,0.8153721690177917,0.002535697305575,0.0020160872954875,0.1800137311220169,6.235321052372456e-05,0.8281961679458618,0.0005819633370265,0.0005819633370265,0.1706191748380661,2.0784404114237987e-05,0.8483985662460327,2.0784404114237987e-05,2.0784404114237987e-05,0.1515598744153976,0.0,0.8208177089691162,0.0023902065586298,0.0019537340849637,0.1747968345880508,4.156880822847597e-05,0.8354914784431458,0.0005611788947135,0.0008729449473321,0.1630536466836929,2.0784404114237987e-05,0.8272400498390198,0.0004988256841897,0.0004780413000844,0.1717831045389175,0.0,0.8232494592666626,0.0012678486527875,0.001849811989814,0.1735497713088989,8.313761645695195e-05,0.8402926921844482,0.0,0.0,0.1596657931804657,4.156880822847597e-05,0.8316879272460938,0.0004988256841897,0.0002494128420948,0.1675638705492019,0.0,0.8313345909118652,0.0007274541421793,0.0005611788947135,0.1673352420330047,4.156880822847597e-05,0.8271569013595581,0.0009352981578558,0.00114314223174,0.1707023084163665,6.235321052372456e-05,0.8512668609619141,0.0,0.0,0.1487331986427307,0.0,0.8248082995414734,0.00114314223174,0.0014549082843586,0.172572910785675,2.0784404114237987e-05,0.8209632039070129,0.0014756927266716,0.00114314223174,0.1763556748628616,6.235321052372456e-05,0.8457381725311279,6.235321052372456e-05,6.235321052372456e-05,0.1541163623332977,2.0784404114237987e-05,0.8401471972465515,0.0002078440447803,0.0004156880895607,0.1592293232679367,0.0,0.8179494142532349,0.0013302018633112,0.001122357789427,0.1795564740896225,4.156880822847597e-05,0.8334546089172363,0.0012054954422637,0.0016419679159298,0.1636771857738495,2.0784404114237987e-05,0.8167231678962708,0.0012054954422637,0.0019329495262354,0.1801176518201828,2.0784404114237987e-05,0.8505185842514038,0.0003325504658278,0.0004156880895607,0.1487331986427307,0.0,0.7824912667274475,0.0025149129796773,0.0024733440950512,0.2124581784009933,6.235321052372456e-05,0.8133352994918823,0.0016003991477191,0.0014341238420456,0.1835678517818451,6.235321052372456e-05,0.8296302556991577,0.0003325504658278,0.0006651009316556,0.1693721115589141,0.0,0.8331428170204163,0.0014341238420456648,0.001205495442263782,0.16419678926467896,2.0784404114237987e-05
142,0.859268844127655,0.0,0.0,0.1407312005758285,0.0,0.8592272400856018,0.0,0.0,0.1407727748155594,0.0,0.8588947057723999,0.0,0.0,0.1411053240299224,0.0,0.8589778542518616,0.0,0.0,0.1410221755504608,0.0,0.8591856956481934,0.0,0.0,0.140814334154129,0.0,0.8589986562728882,0.0,0.0,0.1410014033317566,0.0,0.8590818047523499,0.0,0.0,0.1409182548522949,0.0,0.8591856956481934,0.0,0.0,0.140814334154129,0.0,0.8591856956481934,0.0,0.0,0.140814334154129,0.0,0.8591648936271667,0.0,0.0,0.1408351212739944,0.0,0.85920649766922,0.0,0.0,0.1407935470342636,0.0,0.8591441512107849,0.0,0.0,0.1408559083938598,0.0,0.8591233491897583,0.0,0.0,0.1408766955137252,0.0,0.8593103885650635,0.0,0.0,0.1406896263360977,0.0,0.8591441512107849,0.0,0.0,0.1408559083938598,0.0,0.8591441512107849,0.0,0.0,0.1408559083938598,0.0,0.8592480421066284,0.0,0.0,0.1407519876956939,0.0,0.8590818047523499,0.0,0.0,0.1409182548522949,0.0,0.8593311905860901,0.0,0.0,0.1406688541173935,0.0,0.8592272400856018,0.0,0.0,0.1407727748155594,0.0,0.8590402007102966,0.0,0.0,0.1409598290920257,0.0,0.8591856956481934,0.0,0.0,0.140814334154129,0.0,0.8591648936271667,0.0,0.0,0.1408351212739944,0.0,0.8591441512107849,0.0,0.0,0.1408559083938598,0.0,0.8591233491897583,0.0,0.0,0.1408766955137252,0.0,0.85920649766922,0.0,0.0,0.1407935470342636,0.0,0.8591648936271667,0.0,0.0,0.1408351212739944,0.0,0.85920649766922,0.0,0.0,0.1407935470342636,0.0,0.8592272400856018,0.0,0.0,0.1407727748155594,0.0,0.8591856956481934,0.0,0.0,0.140814334154129,0.0,0.8195914030075073,0.0003741192631423,0.0003325504658278,0.1796396076679229,6.235321052372456e-05,0.8210878968238831,0.0011015734635293,0.0007274541421793,0.1770623326301574,2.0784404114237987e-05,0.8426828980445862,0.0009560826001688,0.0005819633370265,0.1557791084051132,0.0,0.8269490599632263,0.0001039220223901,6.235321052372456e-05,0.1728846728801727,0.0,0.808513343334198,0.0005611788947135,0.0008105917368084,0.1900733709335327,4.156880822847597e-05,0.8499990105628967,0.0,0.0,0.150001049041748,0.0,0.8133144974708557,0.0023694219999015,0.0024317752104252,0.1818219721317291,6.235321052372456e-05,0.826574981212616,0.0006027477211318,0.0005819633370265,0.1722195744514465,2.0784404114237987e-05,0.8468605279922485,2.0784404114237987e-05,2.0784404114237987e-05,0.153097927570343,0.0,0.818718433380127,0.0027227569371461,0.0016211834736168,0.1768960654735565,4.156880822847597e-05,0.8337664008140564,0.0006027477211318,0.0007690229685977,0.1648411154747009,2.0784404114237987e-05,0.8256604671478271,0.0003325504658278,0.0005611788947135,0.173445850610733,0.0,0.8211502432823181,0.0015588302630931,0.0020368716213852,0.1751709580421447,8.313761645695195e-05,0.8387546539306641,0.0,0.0,0.1612038314342498,4.156880822847597e-05,0.8299420475959778,0.0003741192631423,0.000436472473666,0.1692474037408828,0.0,0.8297134041786194,0.0004780413000844,0.0008105917368084,0.1689564138650894,4.156880822847597e-05,0.8254941701889038,0.0009768670424818,0.00114314223174,0.1723234951496124,6.235321052372456e-05,0.8497288227081299,0.0,0.0,0.1502712368965149,0.0,0.8230208158493042,0.001163926674053,0.0013509863056242,0.1744434982538223,2.0784404114237987e-05,0.8192172646522522,0.0014756927266716,0.0010184358106926,0.1782262623310089,6.235321052372456e-05,0.8442001342773438,6.235321052372456e-05,4.156880822847597e-05,0.1556751877069473,2.0784404114237987e-05,0.8385468125343323,0.0002494128420948,0.0003949036763515,0.1608089357614517,0.0,0.8160996437072754,0.0013094174209982,0.00114314223174,0.1814062744379043,4.156880822847597e-05,0.8316463828086853,0.0012054954422637,0.0017251055687665,0.1654022932052612,2.0784404114237987e-05,0.8147901892662048,0.00114314223174,0.002244715578854,0.1818011850118637,2.0784404114237987e-05,0.8485856652259827,0.0007274541421793,0.0003533348790369,0.1503335982561111,0.0,0.7802672982215881,0.0028266790322959,0.0022655001375824,0.2145781815052032,6.235321052372456e-05,0.8117141127586365,0.00114314223174,0.0016419679159298,0.1854384541511535,6.235321052372456e-05,0.8279675245285034,0.0003741192631423,0.0007274541421793,0.1709309369325637,0.0,0.8311475515365601,0.0015172614948824048,0.0014341238420456648,0.16588032245635986,2.0784404114237987e-05
143,0.855153501033783,0.0,0.0,0.1448465138673782,0.0,0.8551119565963745,0.0,0.0,0.144888088107109,0.0,0.8547794222831726,0.0,0.0,0.1452206373214721,0.0,0.8548625707626343,0.0,0.0,0.1451374888420105,0.0,0.8550704121589661,0.0,0.0,0.1449296474456787,0.0,0.8548833131790161,0.0,0.0,0.1451167166233062,0.0,0.8549664616584778,0.0,0.0,0.1450335681438446,0.0,0.8550704121589661,0.0,0.0,0.1449296474456787,0.0,0.8550704121589661,0.0,0.0,0.1449296474456787,0.0,0.8550496101379395,0.0,0.0,0.1449504345655441,0.0,0.8550911545753479,0.0,0.0,0.1449088603258133,0.0,0.8550288081169128,0.0,0.0,0.1449712216854095,0.0,0.8550080060958862,0.0,0.0,0.1449920088052749,0.0,0.8551951050758362,0.0,0.0,0.1448049396276474,0.0,0.8550288081169128,0.0,0.0,0.1449712216854095,0.0,0.8550288081169128,0.0,0.0,0.1449712216854095,0.0,0.8551327586174011,0.0,0.0,0.1448673009872436,0.0,0.8549664616584778,0.0,0.0,0.1450335681438446,0.0,0.855215847492218,0.0,0.0,0.1447841525077819,0.0,0.8551119565963745,0.0,0.0,0.144888088107109,0.0,0.8549249172210693,0.0,0.0,0.1450751423835754,0.0,0.8550704121589661,0.0,0.0,0.1449296474456787,0.0,0.8550496101379395,0.0,0.0,0.1449504345655441,0.0,0.8550288081169128,0.0,0.0,0.1449712216854095,0.0,0.8550080060958862,0.0,0.0,0.1449920088052749,0.0,0.8550911545753479,0.0,0.0,0.1449088603258133,0.0,0.8550496101379395,0.0,0.0,0.1449504345655441,0.0,0.8550911545753479,0.0,0.0,0.1449088603258133,0.0,0.8551119565963745,0.0,0.0,0.144888088107109,0.0,0.8550704121589661,0.0,0.0,0.1449296474456787,0.0,0.8153721690177917,0.0003949036763515,0.0002909816685132,0.1838796287775039,6.235321052372456e-05,0.8166608214378357,0.0012054954422637,0.0008937293896451,0.181219220161438,2.0784404114237987e-05,0.8382973670959473,0.001163926674053,0.0004156880895607,0.1601230502128601,0.0,0.822833776473999,8.313761645695195e-05,8.313761645695195e-05,0.1769999861717224,0.0,0.8040238618850708,0.0008313761791214,0.000789807352703,0.1943133920431137,4.156880822847597e-05,0.8458836674690247,0.0,0.0,0.1541163623332977,0.0,0.8087627291679382,0.0020784405060112,0.0023486376740038,0.1867478638887405,6.235321052372456e-05,0.8224180936813354,0.0004780413000844,0.0006235321052372,0.1764595955610275,2.0784404114237987e-05,0.8427452445030212,2.0784404114237987e-05,0.0,0.1572340130805969,0.0,0.8140004277229309,0.0024733440950512,0.0022031469270586,0.181281566619873,4.156880822847597e-05,0.829484760761261,0.0006858853157609,0.0007066697580739,0.1691019088029861,2.0784404114237987e-05,0.82148277759552,0.000270197255304,0.0006443165475502,0.1776027381420135,0.0,0.8168686628341675,0.0014756927266716,0.0016211834736168,0.1799513697624206,8.313761645695195e-05,0.834639310836792,0.0,0.0,0.1653191447257995,4.156880822847597e-05,0.8257436156272888,0.0003741192631423,0.0004988256841897,0.1733835041522979,0.0,0.8255149722099304,0.0003533348790369,0.0009352981578558,0.1731548756361007,4.156880822847597e-05,0.8211710453033447,0.0009145137737505,0.0010807890212163,0.1767713576555252,6.235321052372456e-05,0.8456134796142578,0.0,0.0,0.1543865501880645,0.0,0.8188015818595886,0.0009768670424818,0.0011015734635293,0.1790992170572281,2.0784404114237987e-05,0.8147278428077698,0.001122357789427,0.0015796147054061,0.1825078576803207,6.235321052372456e-05,0.8400640487670898,8.313761645695195e-05,4.156880822847597e-05,0.159790500998497,2.0784404114237987e-05,0.8344106674194336,0.0002078440447803,0.0004156880895607,0.164965808391571,0.0,0.8118180632591248,0.0011015734635293,0.0013509863056242,0.1856878697872162,4.156880822847597e-05,0.8271985054016113,0.0012470642104744,0.0018913807580247,0.169642299413681,2.0784404114237987e-05,0.810009777545929,0.0014964770525693,0.0024317752104252,0.1860204190015792,4.156880822847597e-05,0.8442832827568054,0.0008313761791214,0.0003741192631423,0.1545112580060959,0.0,0.7757363319396973,0.0022031469270586,0.0031800137367099,0.2187974154949188,8.313761645695195e-05,0.807162344455719,0.0011015734635293,0.0019953027367591,0.1896784752607345,6.235321052372456e-05,0.8235819935798645,0.0005611788947135,0.000789807352703,0.1750670373439788,0.0,0.8266788721084595,0.0015796147054061294,0.001683536684140563,0.17003720998764038,2.0784404114237987e-05
144,0.8533037304878235,0.0,0.0,0.1466963291168213,0.0,0.8532621264457703,0.0,0.0,0.1467378884553909,0.0,0.8529295921325684,0.0,0.0,0.147070437669754,0.0,0.85301274061203,0.0,0.0,0.1469873040914535,0.0,0.8532205820083618,0.0,0.0,0.1467794626951217,0.0,0.8530335426330566,0.0,0.0,0.1469665169715881,0.0,0.8531166315078735,0.0,0.0,0.1468833833932876,0.0,0.8532205820083618,0.0,0.0,0.1467794626951217,0.0,0.8532205820083618,0.0,0.0,0.1467794626951217,0.0,0.8531997799873352,0.0,0.0,0.1468002498149871,0.0,0.8532413840293884,0.0,0.0,0.1467586755752563,0.0,0.8531789779663086,0.0,0.0,0.1468210369348526,0.0,0.8531582355499268,0.0,0.0,0.1468418091535568,0.0,0.8533452749252319,0.0,0.0,0.1466547548770904,0.0,0.8531789779663086,0.0,0.0,0.1468210369348526,0.0,0.8531789779663086,0.0,0.0,0.1468210369348526,0.0,0.8532829284667969,0.0,0.0,0.1467171013355255,0.0,0.8531166315078735,0.0,0.0,0.1468833833932876,0.0,0.8533660769462585,0.0,0.0,0.146633967757225,0.0,0.8532621264457703,0.0,0.0,0.1467378884553909,0.0,0.8530750870704651,0.0,0.0,0.1469249576330185,0.0,0.8532205820083618,0.0,0.0,0.1467794626951217,0.0,0.8531997799873352,0.0,0.0,0.1468002498149871,0.0,0.8531789779663086,0.0,0.0,0.1468210369348526,0.0,0.8531582355499268,0.0,0.0,0.1468418091535568,0.0,0.8532413840293884,0.0,0.0,0.1467586755752563,0.0,0.8531997799873352,0.0,0.0,0.1468002498149871,0.0,0.8532413840293884,0.0,0.0,0.1467586755752563,0.0,0.8532621264457703,0.0,0.0,0.1467378884553909,0.0,0.8532205820083618,0.0,0.0,0.1467794626951217,0.0,0.813480794429779,0.0001870596315711,0.0004780413000844,0.185791790485382,6.235321052372456e-05,0.8145616054534912,0.0010392202530056,0.0011847109999507,0.1831937432289123,2.0784404114237987e-05,0.8363436460494995,0.0010392202530056,0.0004780413000844,0.1621391326189041,0.0,0.8209632039070129,8.313761645695195e-05,0.0001039220223901,0.1788498014211654,0.0,0.8019869923591614,0.000789807352703,0.0008937293896451,0.196287915110588,4.156880822847597e-05,0.8440338373184204,0.0,0.0,0.1559661626815796,0.0,0.8064348697662354,0.0018913807580247,0.002577266190201,0.1890341490507125,6.235321052372456e-05,0.8205059170722961,0.0002909816685132,0.0006858853157609,0.1784964650869369,2.0784404114237987e-05,0.840895414352417,0.0,2.0784404114237987e-05,0.1590838283300399,0.0,0.811672568321228,0.0022031469270586,0.0024941284209489,0.1835886389017105,4.156880822847597e-05,0.8274894952774048,0.0006443165475502,0.0007690229685977,0.1710764318704605,2.0784404114237987e-05,0.8195498585700989,0.0003117660526186,0.0005819633370265,0.1795564740896225,0.0,0.8146031498908997,0.0016211834736168,0.0015172614948824,0.1821753084659576,8.313761645695195e-05,0.8327894806861877,0.0,0.0,0.1671689599752426,4.156880822847597e-05,0.8237482905387878,0.000436472473666,0.0005611788947135,0.1752540916204452,0.0,0.8236443400382996,0.0002286284434376,0.0008521605632267,0.1752333045005798,4.156880822847597e-05,0.8190510272979736,0.0008937293896451,0.0011015734635293,0.1788913607597351,6.235321052372456e-05,0.8437636494636536,0.0,0.0,0.1562363654375076,0.0,0.8167855143547058,0.0006443165475502,0.0014133395161479,0.1811360865831375,2.0784404114237987e-05,0.8124415874481201,0.00114314223174,0.0017666743369773,0.1845862865447998,6.235321052372456e-05,0.8381726741790771,0.0001247064210474,4.156880822847597e-05,0.16164031624794,2.0784404114237987e-05,0.8325192928314209,0.0001662752329139,0.0003325504658278,0.1669819056987762,0.0,0.8097811937332153,0.00114314223174,0.0012262798845767,0.1878078728914261,4.156880822847597e-05,0.8250576853752136,0.00114314223174,0.0017666743369773,0.1720117330551147,2.0784404114237987e-05,0.8074948787689209,0.0020160872954875,0.0021200091578066,0.1883274912834167,4.156880822847597e-05,0.8423503041267395,0.0007274541421793,0.0004988256841897,0.156423419713974,0.0,0.7731174826622009,0.0023486376740038,0.0032007982954382,0.221249982714653,8.313761645695195e-05,0.8044811487197876,0.0017874587792903,0.0019745184108614,0.1916945576667785,6.235321052372456e-05,0.8216282725334167,0.0006027477211318,0.0008105917368084,0.1769584119319915,0.0,0.8246628046035767,0.0014549082843586802,0.0015796147054061294,0.1722819209098816,2.0784404114237987e-05
145,0.8476088047027588,0.0,0.0,0.152391254901886,0.0,0.8475672006607056,0.0,0.0,0.1524328142404556,0.0,0.8472346663475037,0.0,0.0,0.1527653634548187,0.0,0.8473178148269653,0.0,0.0,0.1526822298765182,0.0,0.8475256562232971,0.0,0.0,0.1524743884801864,0.0,0.8473385572433472,0.0,0.0,0.1526614427566528,0.0,0.8474217057228088,0.0,0.0,0.1525783091783523,0.0,0.8475256562232971,0.0,0.0,0.1524743884801864,0.0,0.8475256562232971,0.0,0.0,0.1524743884801864,0.0,0.8475048542022705,0.0,0.0,0.1524951756000518,0.0,0.8475464582443237,0.0,0.0,0.152453601360321,0.0,0.8474840521812439,0.0,0.0,0.1525159627199173,0.0,0.8474633097648621,0.0,0.0,0.1525367349386215,0.0,0.8476503491401672,0.0,0.0,0.1523496806621551,0.0,0.8474840521812439,0.0,0.0,0.1525159627199173,0.0,0.8474840521812439,0.0,0.0,0.1525159627199173,0.0,0.8475880026817322,0.0,0.0,0.1524120420217514,0.0,0.8474217057228088,0.0,0.0,0.1525783091783523,0.0,0.8476711511611938,0.0,0.0,0.1523288935422897,0.0,0.8475672006607056,0.0,0.0,0.1524328142404556,0.0,0.8473801612854004,0.0,0.0,0.1526198834180832,0.0,0.8475256562232971,0.0,0.0,0.1524743884801864,0.0,0.8475048542022705,0.0,0.0,0.1524951756000518,0.0,0.8474840521812439,0.0,0.0,0.1525159627199173,0.0,0.8474633097648621,0.0,0.0,0.1525367349386215,0.0,0.8475464582443237,0.0,0.0,0.152453601360321,0.0,0.8475048542022705,0.0,0.0,0.1524951756000518,0.0,0.8475464582443237,0.0,0.0,0.152453601360321,0.0,0.8475672006607056,0.0,0.0,0.1524328142404556,0.0,0.8475256562232971,0.0,0.0,0.1524743884801864,0.0,0.8077235221862793,0.0002494128420948,0.0003949036763515,0.1915698498487472,6.235321052372456e-05,0.8087003827095032,0.0010184358106926,0.0012054954422637,0.189054936170578,2.0784404114237987e-05,0.8305863738059998,0.0009976513683795,0.0004780413000844,0.1679379791021347,0.0,0.8152682781219482,4.156880822847597e-05,0.0001247064210474,0.1845655143260955,0.0,0.7958763837814331,0.001122357789427,0.0007274541421793,0.2022322565317154,4.156880822847597e-05,0.8383389115333557,0.0,0.0,0.1616610884666443,0.0,0.7997838854789734,0.0023902065586298,0.0027435412630438,0.1950200647115707,6.235321052372456e-05,0.8147071003913879,0.0002909816685132,0.0007274541421793,0.1842537373304367,2.0784404114237987e-05,0.8352004885673523,0.0,2.0784404114237987e-05,0.1647787541151046,0.0,0.8053125143051147,0.0023070687893778,0.0027019726112484,0.1896161139011383,6.235321052372456e-05,0.8216906189918518,0.0006027477211318,0.0007066697580739,0.176979199051857,2.0784404114237987e-05,0.8136886358261108,0.0003533348790369,0.0006443165475502,0.1853137463331222,0.0,0.808513343334198,0.0015380459371954,0.0014549082843586,0.1884106248617172,8.313761645695195e-05,0.827094554901123,0.0,0.0,0.1728638857603073,4.156880822847597e-05,0.8179702162742615,0.0005196101265028,0.0005403945106081,0.1809698045253753,0.0,0.817928671836853,0.0002078440447803,0.0008105917368084,0.1810113787651062,4.156880822847597e-05,0.8131482601165771,0.0008105917368084,0.001122357789427,0.1848564893007278,6.235321052372456e-05,0.8380687236785889,0.0,0.0,0.1619312912225723,0.0,0.8108204007148743,0.000789807352703,0.0014341238420456,0.1869349330663681,2.0784404114237987e-05,0.8062478303909302,0.0015172614948824,0.0016627523582428,0.1904890686273574,8.313761645695195e-05,0.8324777483940125,6.235321052372456e-05,6.235321052372456e-05,0.1673768013715744,2.0784404114237987e-05,0.8267412185668945,0.0002078440447803,0.0002494128420948,0.1728015393018722,0.0,0.8038991689682007,0.0008521605632267,0.0014756927266716,0.193731427192688,4.156880822847597e-05,0.8192172646522522,0.0010392202530056,0.0014341238420456,0.1782886236906051,2.0784404114237987e-05,0.8011348843574524,0.0023902065586298,0.0022239312529563,0.1941886842250824,6.235321052372456e-05,0.8365722894668579,0.0007482385262846,0.0003741192631423,0.1623054146766662,0.0,0.7665080428123474,0.0027851101476699,0.0033670733682811,0.2272358834743499,0.0001039220223901,0.7983497381210327,0.0017874587792903,0.0019953027367591,0.197805181145668,6.235321052372456e-05,0.8157463073730469,0.0006858853157609,0.0008313761791214,0.1827364861965179,0.0,0.8186768889427185,0.0012678486527875066,0.001683536684140563,0.17835097014904022,2.0784404114237987e-05
146,0.8445950746536255,0.0,0.0,0.1554049849510193,0.0,0.8445534706115723,0.0,0.0,0.1554465591907501,0.0,0.8442209362983704,0.0,0.0,0.1557791084051132,0.0,0.844304084777832,0.0,0.0,0.1556959748268127,0.0,0.8445119261741638,0.0,0.0,0.1554881334304809,0.0,0.8443248271942139,0.0,0.0,0.1556751877069473,0.0,0.8444079756736755,0.0,0.0,0.1555920541286468,0.0,0.8445119261741638,0.0,0.0,0.1554881334304809,0.0,0.8445119261741638,0.0,0.0,0.1554881334304809,0.0,0.8444911241531372,0.0,0.0,0.1555089056491851,0.0,0.8445326685905457,0.0,0.0,0.1554673463106155,0.0,0.8444703221321106,0.0,0.0,0.1555296927690506,0.0,0.8444495797157288,0.0,0.0,0.155550479888916,0.0,0.8446366190910339,0.0,0.0,0.1553634256124496,0.0,0.8444703221321106,0.0,0.0,0.1555296927690506,0.0,0.8444703221321106,0.0,0.0,0.1555296927690506,0.0,0.8445742726325989,0.0,0.0,0.1554257720708847,0.0,0.8444079756736755,0.0,0.0,0.1555920541286468,0.0,0.8446574211120605,0.0,0.0,0.1553426384925842,0.0,0.8445534706115723,0.0,0.0,0.1554465591907501,0.0,0.8443664312362671,0.0,0.0,0.1556336134672165,0.0,0.8445119261741638,0.0,0.0,0.1554881334304809,0.0,0.8444911241531372,0.0,0.0,0.1555089056491851,0.0,0.8444703221321106,0.0,0.0,0.1555296927690506,0.0,0.8444495797157288,0.0,0.0,0.155550479888916,0.0,0.8445326685905457,0.0,0.0,0.1554673463106155,0.0,0.8444911241531372,0.0,0.0,0.1555089056491851,0.0,0.8445326685905457,0.0,0.0,0.1554673463106155,0.0,0.8445534706115723,0.0,0.0,0.1554465591907501,0.0,0.8445119261741638,0.0,0.0,0.1554881334304809,0.0,0.8045850396156311,0.0003325504658278,0.0004156880895607,0.1946043819189071,6.235321052372456e-05,0.8054580092430115,0.0009560826001688,0.001163926674053,0.1924012303352356,2.0784404114237987e-05,0.8274271488189697,0.0005819633370265,0.0009976513683795,0.17099329829216,0.0,0.8122544884681702,2.0784404114237987e-05,0.0001247064210474,0.1876000314950943,0.0,0.7925093173980713,0.0013302018633112,0.0006443165475502,0.2054746150970459,4.156880822847597e-05,0.8353251814842224,0.0,0.0,0.1646748334169387,0.0,0.7962297201156616,0.0024109908845275,0.0030553073156625,0.198241651058197,6.235321052372456e-05,0.8114439249038696,0.0004572568868752,0.0006651009316556,0.1874129772186279,2.0784404114237987e-05,0.832186758518219,0.0,2.0784404114237987e-05,0.1677924990653991,0.0,0.8011764287948608,0.0028682476840913,0.0029513854533433,0.1929416209459304,6.235321052372456e-05,0.8184690475463867,0.0006235321052372,0.0007482385262846,0.180138424038887,2.0784404114237987e-05,0.8105294108390808,0.0004572568868752,0.0005403945106081,0.1884729713201522,0.0,0.8052917122840881,0.0011847109999507,0.001829027547501,0.1916114240884781,8.313761645695195e-05,0.8240808248519897,0.0,0.0,0.1758776307106018,4.156880822847597e-05,0.8149149417877197,0.0003533348790369,0.0007066697580739,0.1840251088142395,0.0,0.8148109912872314,0.0002286284434376,0.0008105917368084,0.1841082572937011,4.156880822847597e-05,0.809677243232727,0.00114314223174,0.0010600045789033,0.1880572885274887,6.235321052372456e-05,0.8350549936294556,0.0,0.0,0.1649450361728668,0.0,0.8076611757278442,0.0006858853157609,0.0013925550738349,0.1902396529912948,2.0784404114237987e-05,0.8025689721107483,0.0019745184108614,0.0016835366841405,0.1936898678541183,8.313761645695195e-05,0.8294640183448792,6.235321052372456e-05,6.235321052372456e-05,0.1703905463218689,2.0784404114237987e-05,0.8237274885177612,0.0001454908342566,0.000270197255304,0.1758568435907364,0.0,0.8006983995437622,0.0007274541421793,0.0016419679159298,0.1968906670808792,4.156880822847597e-05,0.8161411881446838,0.0008313761791214,0.0014756927266716,0.1815309822559356,2.0784404114237987e-05,0.7978717088699341,0.002244715578854,0.0016003991477191,0.1982208639383316,6.235321052372456e-05,0.8334961533546448,0.0004156880895607,0.0007274541421793,0.1653607189655304,0.0,0.7628291845321655,0.0027643258217722,0.0032007982954382,0.2311017960309982,0.0001039220223901,0.7949411273002625,0.0020992248319089,0.0016835366841405,0.2012138217687606,6.235321052372456e-05,0.8125870823860168,0.0007066697580739,0.0004572568868752,0.1862490475177765,0.0,0.8151435256004333,0.0013302018633112311,0.0018913807580247521,0.18161411583423615,2.0784404114237987e-05
147,0.8444911241531372,0.0,0.0,0.1555089056491851,0.0,0.8444495797157288,0.0,0.0,0.155550479888916,0.0,0.8441169857978821,0.0,0.0,0.1558830291032791,0.0,0.8442001342773438,0.0,0.0,0.1557998955249786,0.0,0.8444079756736755,0.0,0.0,0.1555920541286468,0.0,0.8442209362983704,0.0,0.0,0.1557791084051132,0.0,0.844304084777832,0.0,0.0,0.1556959748268127,0.0,0.8444079756736755,0.0,0.0,0.1555920541286468,0.0,0.8444079756736755,0.0,0.0,0.1555920541286468,0.0,0.8443871736526489,0.0,0.0,0.155612826347351,0.0,0.8444287776947021,0.0,0.0,0.1555712670087814,0.0,0.8443664312362671,0.0,0.0,0.1556336134672165,0.0,0.8443456292152405,0.0,0.0,0.1556544005870819,0.0,0.8445326685905457,0.0,0.0,0.1554673463106155,0.0,0.8443664312362671,0.0,0.0,0.1556336134672165,0.0,0.8443664312362671,0.0,0.0,0.1556336134672165,0.0,0.8444703221321106,0.0,0.0,0.1555296927690506,0.0,0.844304084777832,0.0,0.0,0.1556959748268127,0.0,0.8445534706115723,0.0,0.0,0.1554465591907501,0.0,0.8444495797157288,0.0,0.0,0.155550479888916,0.0,0.8442624807357788,0.0,0.0,0.1557375341653823,0.0,0.8444079756736755,0.0,0.0,0.1555920541286468,0.0,0.8443871736526489,0.0,0.0,0.155612826347351,0.0,0.8443664312362671,0.0,0.0,0.1556336134672165,0.0,0.8443456292152405,0.0,0.0,0.1556544005870819,0.0,0.8444287776947021,0.0,0.0,0.1555712670087814,0.0,0.8443871736526489,0.0,0.0,0.155612826347351,0.0,0.8444287776947021,0.0,0.0,0.1555712670087814,0.0,0.8444495797157288,0.0,0.0,0.155550479888916,0.0,0.8444079756736755,0.0,0.0,0.1555920541286468,0.0,0.804065465927124,0.0006443165475502,0.0004780413000844,0.1947498619556427,6.235321052372456e-05,0.8048552870750427,0.00114314223174,0.0014133395161479,0.1925674974918365,2.0784404114237987e-05,0.8267204761505127,0.0009145137737505,0.0012262798845767,0.1711387783288955,0.0,0.8118180632591248,0.0003533348790369,0.0001039220223901,0.1877247393131256,0.0,0.7920312881469727,0.0013302018633112,0.0009352981578558,0.2056616842746734,4.156880822847597e-05,0.8352212905883789,0.0,0.0,0.1647787541151046,0.0,0.7954399585723877,0.0026604037266224,0.0028058944735676,0.1990314573049545,6.235321052372456e-05,0.8112360835075378,0.0005196101265028,0.0006443165475502,0.1875792443752288,2.0784404114237987e-05,0.8320828080177307,0.0,2.0784404114237987e-05,0.167896419763565,0.0,0.8003658056259155,0.002972169779241,0.0033255047164857,0.1932741701602935,6.235321052372456e-05,0.8182820081710815,0.0005403945106081,0.0007690229685977,0.1803878396749496,2.0784404114237987e-05,0.8103839159011841,0.000436472473666,0.0003949036763515,0.1887847483158111,0.0,0.8049176335334778,0.0012886330951005,0.0017251055687665,0.191985547542572,8.313761645695195e-05,0.8239769339561462,0.0,0.0,0.1759815514087677,4.156880822847597e-05,0.814582347869873,0.0004988256841897,0.0004572568868752,0.1844615936279297,0.0,0.8141459226608276,0.0007066697580739,0.0005611788947135,0.1845447272062301,4.156880822847597e-05,0.8094694018363953,0.0010392202530056,0.0011847109999507,0.188244342803955,6.235321052372456e-05,0.8349511027336121,0.0,0.0,0.1650489568710327,0.0,0.8071415424346924,0.0009976513683795,0.0012678486527875,0.1905722022056579,2.0784404114237987e-05,0.802070140838623,0.0019953027367591,0.001849811989814,0.194001629948616,8.313761645695195e-05,0.8292769193649292,0.0001247064210474,8.313761645695195e-05,0.1704944670200348,2.0784404114237987e-05,0.8235612511634827,0.0001870596315711,0.000270197255304,0.1759815514087677,0.0,0.8002411127090454,0.0009145137737505,0.0014756927266716,0.1973271369934082,4.156880822847597e-05,0.8154137134552002,0.001122357789427,0.0015380459371954,0.1819051057100296,2.0784404114237987e-05,0.7966454029083252,0.0027019726112484,0.001808243105188,0.1987820416688919,6.235321052372456e-05,0.8330804705619812,0.0005403945106081,0.0009145137737505,0.1654646396636963,0.0,0.7617276310920715,0.0033462890423834,0.0032423669472336,0.2315798252820968,0.0001039220223901,0.7942759990692139,0.0022239312529563,0.0015796147054061,0.2018581330776214,6.235321052372456e-05,0.81231689453125,0.0006027477211318,0.0006443165475502,0.1864361017942428,0.0,0.8142913579940796,0.001725105568766594,0.0018705963157117367,0.18209215998649597,2.0784404114237987e-05
148,0.8429738879203796,0.0,0.0,0.1570261716842651,0.0,0.8429322838783264,0.0,0.0,0.1570677459239959,0.0,0.8425997495651245,0.0,0.0,0.157400295138359,0.0,0.8426828980445862,0.0,0.0,0.1573171615600586,0.0,0.842890739440918,0.0,0.0,0.1571093052625656,0.0,0.842703640460968,0.0,0.0,0.1572963744401931,0.0,0.8427867889404297,0.0,0.0,0.1572132259607315,0.0,0.842890739440918,0.0,0.0,0.1571093052625656,0.0,0.842890739440918,0.0,0.0,0.1571093052625656,0.0,0.8428699374198914,0.0,0.0,0.157130092382431,0.0,0.8429114818572998,0.0,0.0,0.1570885330438614,0.0,0.8428491353988647,0.0,0.0,0.1571508795022964,0.0,0.8428283929824829,0.0,0.0,0.1571716666221618,0.0,0.8430154323577881,0.0,0.0,0.1569845974445343,0.0,0.8428491353988647,0.0,0.0,0.1571508795022964,0.0,0.8428491353988647,0.0,0.0,0.1571508795022964,0.0,0.842953085899353,0.0,0.0,0.1570469588041305,0.0,0.8427867889404297,0.0,0.0,0.1572132259607315,0.0,0.8430362343788147,0.0,0.0,0.15696382522583,0.0,0.8429322838783264,0.0,0.0,0.1570677459239959,0.0,0.8427452445030212,0.0,0.0,0.1572548002004623,0.0,0.842890739440918,0.0,0.0,0.1571093052625656,0.0,0.8428699374198914,0.0,0.0,0.157130092382431,0.0,0.8428491353988647,0.0,0.0,0.1571508795022964,0.0,0.8428283929824829,0.0,0.0,0.1571716666221618,0.0,0.8429114818572998,0.0,0.0,0.1570885330438614,0.0,0.8428699374198914,0.0,0.0,0.157130092382431,0.0,0.8429114818572998,0.0,0.0,0.1570885330438614,0.0,0.8429322838783264,0.0,0.0,0.1570677459239959,0.0,0.842890739440918,0.0,0.0,0.1571093052625656,0.0,0.8024027347564697,0.0007482385262846,0.000436472473666,0.1963502615690231,6.235321052372456e-05,0.8027976155281067,0.0014341238420456,0.0014549082843586,0.1942926049232483,2.0784404114237987e-05,0.8249329924583435,0.0010807890212163,0.0012678486527875,0.1727183908224105,0.0,0.810259222984314,0.0003741192631423,0.0001039220223901,0.1892627775669098,0.0,0.7901814579963684,0.0014756927266716,0.0010184358106926,0.2072828561067581,4.156880822847597e-05,0.8337039947509766,0.0,0.0,0.1662960201501846,0.0,0.7927171587944031,0.0033878579270094,0.0025564816314727,0.2012761682271957,6.235321052372456e-05,0.809614896774292,0.0005611788947135,0.0005403945106081,0.1892627775669098,2.0784404114237987e-05,0.8305655717849731,0.0,2.0784404114237987e-05,0.1694136708974838,0.0,0.798204243183136,0.0031384450849145,0.0029513854533433,0.1956435889005661,6.235321052372456e-05,0.816265881061554,0.0008937293896451,0.0008313761791214,0.18198823928833,2.0784404114237987e-05,0.8087835311889648,0.000436472473666,0.0003533348790369,0.1904267072677612,0.0,0.8027352690696716,0.0015380459371954,0.0018913807580247,0.1937522143125534,8.313761645695195e-05,0.8224596381187439,0.0,0.0,0.1774988174438476,4.156880822847597e-05,0.8130027651786804,0.0004156880895607,0.0005196101265028,0.1860619783401489,0.0,0.8125039339065552,0.0008105917368084,0.0003741192631423,0.1862698346376419,4.156880822847597e-05,0.807869017124176,0.0008521605632267,0.0011847109999507,0.190031811594963,6.235321052372456e-05,0.8334338068962097,0.0,0.0,0.1665662080049514,0.0,0.8052086234092712,0.0012470642104744,0.00114314223174,0.1923804432153701,2.0784404114237987e-05,0.8001164197921753,0.0019953027367591,0.0015588302630931,0.1962463408708572,8.313761645695195e-05,0.827738881111145,0.0001039220223901,0.0001247064210474,0.1720117330551147,2.0784404114237987e-05,0.8219608068466187,0.0002286284434376,0.0002494128420948,0.1775611639022827,0.0,0.7981835007667542,0.0012678486527875,0.0012886330951005,0.1991977244615554,6.235321052372456e-05,0.8133768439292908,0.0013509863056242,0.0015380459371954,0.1837133467197418,2.0784404114237987e-05,0.7945461869239807,0.0026188348419964,0.0021615780424326,0.2006110697984695,6.235321052372456e-05,0.8311682939529419,0.0008521605632267,0.0009145137737505,0.1670650392770767,0.0,0.75860995054245,0.0041776653379201,0.002972169779241,0.2341363131999969,0.0001039220223901,0.7918649911880493,0.0022862844634801,0.0019329495262354,0.2038534283638,6.235321052372456e-05,0.8104462623596191,0.0008521605632267,0.0006651009316556,0.1880365014076233,0.0,0.8119011521339417,0.0024317752104252577,0.0017458898946642876,0.1839004009962082,2.0784404114237987e-05
149,0.8409993648529053,0.0,0.0,0.1590006947517395,0.0,0.840957760810852,0.0,0.0,0.1590422540903091,0.0,0.8406252264976501,0.0,0.0,0.1593748033046722,0.0,0.8407083749771118,0.0,0.0,0.1592916697263717,0.0,0.8409162163734436,0.0,0.0,0.1590838283300399,0.0,0.8407291173934937,0.0,0.0,0.1592708826065063,0.0,0.8408122658729553,0.0,0.0,0.1591877490282058,0.0,0.8409162163734436,0.0,0.0,0.1590838283300399,0.0,0.8409162163734436,0.0,0.0,0.1590838283300399,0.0,0.840895414352417,0.0,0.0,0.1591046154499054,0.0,0.8409370183944702,0.0,0.0,0.1590630412101745,0.0,0.8408746123313904,0.0,0.0,0.1591254025697708,0.0,0.8408538699150085,0.0,0.0,0.1591461896896362,0.0,0.8410409092903137,0.0,0.0,0.1589591205120086,0.0,0.8408746123313904,0.0,0.0,0.1591254025697708,0.0,0.8408746123313904,0.0,0.0,0.1591254025697708,0.0,0.8409785628318787,0.0,0.0,0.1590214818716049,0.0,0.8408122658729553,0.0,0.0,0.1591877490282058,0.0,0.8410617113113403,0.0,0.0,0.1589383333921432,0.0,0.840957760810852,0.0,0.0,0.1590422540903091,0.0,0.8407707214355469,0.0,0.0,0.1592293232679367,0.0,0.8409162163734436,0.0,0.0,0.1590838283300399,0.0,0.840895414352417,0.0,0.0,0.1591046154499054,0.0,0.8408746123313904,0.0,0.0,0.1591254025697708,0.0,0.8408538699150085,0.0,0.0,0.1591461896896362,0.0,0.8409370183944702,0.0,0.0,0.1590630412101745,0.0,0.840895414352417,0.0,0.0,0.1591046154499054,0.0,0.8409370183944702,0.0,0.0,0.1590630412101745,0.0,0.840957760810852,0.0,0.0,0.1590422540903091,0.0,0.8409162163734436,0.0,0.0,0.1590838283300399,0.0,0.8003866076469421,0.0007274541421793,0.0002494128420948,0.1985742002725601,6.235321052372456e-05,0.8004074096679688,0.0016835366841405,0.0012054954422637,0.1966828107833862,2.0784404114237987e-05,0.8225843906402588,0.0013925550738349,0.0011015734635293,0.1749215424060821,0.0,0.8082846999168396,0.0003741192631423,8.313761645695195e-05,0.1912580877542495,0.0,0.7879367470741272,0.0013302018633112,0.0012054954422637,0.2094860076904297,4.156880822847597e-05,0.8317294716835022,0.0,0.0,0.1682705283164978,0.0,0.7896618843078613,0.0035125643480569,0.0028474633581936,0.2039157897233963,6.235321052372456e-05,0.807557225227356,0.0005403945106081,0.0003949036763515,0.1914867162704467,2.0784404114237987e-05,0.8285910487174988,0.0,0.0,0.1714089810848236,0.0,0.7949411273002625,0.0037619771901518,0.0028682476840913,0.1983663588762283,6.235321052372456e-05,0.8141874670982361,0.0008937293896451,0.0007482385262846,0.1841498166322708,2.0784404114237987e-05,0.8067050576210022,0.0003741192631423,0.0004780413000844,0.1924428045749664,0.0,0.800261914730072,0.0016419679159298,0.0020160872954875,0.1959969252347946,8.313761645695195e-05,0.8204851150512695,0.0,0.0,0.1794733256101608,4.156880822847597e-05,0.8109450936317444,0.0004156880895607,0.0005196101265028,0.1881196349859237,0.0,0.8104047179222107,0.0009145137737505,0.0002494128420948,0.1883898377418518,4.156880822847597e-05,0.805354118347168,0.0011847109999507,0.0011015734635293,0.1922973096370697,6.235321052372456e-05,0.8314592838287354,0.0,0.0,0.1685407310724258,0.0,0.8030262589454651,0.0011847109999507,0.0009145137737505,0.1948537826538086,2.0784404114237987e-05,0.7978509068489075,0.0017874587792903,0.0016419679159298,0.1986365467309951,8.313761645695195e-05,0.8257643580436707,0.0001039220223901,0.0001247064210474,0.1739862412214279,2.0784404114237987e-05,0.8199655413627625,0.0001662752329139,0.0002494128420948,0.1796188205480575,0.0,0.795751690864563,0.0015380459371954,0.0013302018633112,0.2013177424669265,6.235321052372456e-05,0.810778796672821,0.001829027547501,0.0012886330951005,0.1860827654600143,2.0784404114237987e-05,0.7919897437095642,0.002535697305575,0.0026811880525201,0.2027103006839752,8.313761645695195e-05,0.829027533531189,0.0009352981578558,0.0008105917368084,0.1692266166210174,0.0,0.7556793689727783,0.0042192339897155,0.003263151505962,0.2367343604564666,0.0001039220223901,0.7892462015151978,0.0024941284209489,0.0022239312529563,0.2059734463691711,6.235321052372456e-05,0.8079937100410461,0.00114314223174,0.000789807352703,0.1900733709335327,0.0,0.8096356987953186,0.0024317752104252577,0.0017458898946642876,0.186165913939476,2.0784404114237987e-05
150,0.8230416178703308,0.0,0.0,0.1769584119319915,0.0,0.8230000734329224,0.0,0.0,0.1769999861717224,0.0,0.8226674795150757,0.0,0.0,0.1773325353860855,0.0,0.8227506279945374,0.0,0.0,0.177249401807785,0.0,0.8229584693908691,0.0,0.0,0.1770415604114532,0.0,0.822771430015564,0.0,0.0,0.1772286146879196,0.0,0.8228545784950256,0.0,0.0,0.1771454811096191,0.0,0.8229584693908691,0.0,0.0,0.1770415604114532,0.0,0.8229584693908691,0.0,0.0,0.1770415604114532,0.0,0.8229376673698425,0.0,0.0,0.1770623326301574,0.0,0.8229792714118958,0.0,0.0,0.1770207732915878,0.0,0.8229169249534607,0.0,0.0,0.1770831197500229,0.0,0.8228961229324341,0.0,0.0,0.1771039068698883,0.0,0.8230831623077393,0.0,0.0,0.1769168525934219,0.0,0.8229169249534607,0.0,0.0,0.1770831197500229,0.0,0.8229169249534607,0.0,0.0,0.1770831197500229,0.0,0.8230208158493042,0.0,0.0,0.176979199051857,0.0,0.8228545784950256,0.0,0.0,0.1771454811096191,0.0,0.8231039643287659,0.0,0.0,0.1768960654735565,0.0,0.8230000734329224,0.0,0.0,0.1769999861717224,0.0,0.8228129744529724,0.0,0.0,0.1771870404481887,0.0,0.8229584693908691,0.0,0.0,0.1770415604114532,0.0,0.8229376673698425,0.0,0.0,0.1770623326301574,0.0,0.8229169249534607,0.0,0.0,0.1770831197500229,0.0,0.8228961229324341,0.0,0.0,0.1771039068698883,0.0,0.8229792714118958,0.0,0.0,0.1770207732915878,0.0,0.8229376673698425,0.0,0.0,0.1770623326301574,0.0,0.8229792714118958,0.0,0.0,0.1770207732915878,0.0,0.8230000734329224,0.0,0.0,0.1769999861717224,0.0,0.8229584693908691,0.0,0.0,0.1770415604114532,0.0,0.7823249697685242,0.0007066697580739,0.0003741192631423,0.2165319174528122,6.235321052372456e-05,0.7819300889968872,0.0019745184108614,0.0012470642104744,0.2148275971412658,2.0784404114237987e-05,0.8041901588439941,0.0016835366841405,0.00114314223174,0.1929831951856613,0.0,0.7903062105178833,0.0003949036763515,4.156880822847597e-05,0.2092573791742324,0.0,0.7697504162788391,0.0012054954422637,0.0014756927266716,0.2275268733501434,4.156880822847597e-05,0.8137717843055725,0.0,0.0,0.186228260397911,0.0,0.7708519697189331,0.0038243304006755,0.002930600894615,0.2223307639360427,6.235321052372456e-05,0.7895163893699646,0.0003741192631423,0.0005403945106081,0.2095483690500259,2.0784404114237987e-05,0.8106333017349243,0.0,0.0,0.1893667131662368,0.0,0.7762975096702576,0.0033255047164857,0.0034294265788048,0.2168852537870407,6.235321052372456e-05,0.7958971858024597,0.0010184358106926,0.0008105917368084,0.2022322565317154,4.156880822847597e-05,0.7884979248046875,0.0004780413000844,0.0004988256841897,0.2104836553335189,4.156880822847597e-05,0.7819092869758606,0.001829027547501,0.0017458898946642,0.2144327014684677,8.313761645695195e-05,0.8025274276733398,0.0,0.0,0.1974310576915741,4.156880822847597e-05,0.7929250001907349,0.000436472473666,0.0005611788947135,0.206077367067337,0.0,0.7923430800437927,0.0009145137737505,0.0003117660526186,0.2063891291618347,4.156880822847597e-05,0.7871885299682617,0.0009352981578558,0.0012678486527875,0.2105460166931152,6.235321052372456e-05,0.8135015964508057,0.0,0.0,0.1864984631538391,0.0,0.7848191261291504,0.0012886330951005,0.0009352981578558,0.2129362225532531,2.0784404114237987e-05,0.7796022295951843,0.0014133395161479,0.0021823623683303,0.2166981995105743,0.0001039220223901,0.807806670665741,0.0001039220223901,6.235321052372456e-05,0.1920063197612762,2.0784404114237987e-05,0.8019454479217529,0.0002286284434376,0.0002078440447803,0.1976181119680404,0.0,0.7775237560272217,0.0016211834736168,0.0010392202530056,0.2197535037994384,6.235321052372456e-05,0.7925716638565063,0.0020160872954875,0.0011015734635293,0.2042899131774902,2.0784404114237987e-05,0.7733045220375061,0.0030137386638671,0.0026396194007247,0.2209382206201553,0.0001039220223901,0.8107995986938477,0.00114314223174,0.0008105917368084,0.1872466951608657,0.0,0.7370980978012085,0.0041776653379201,0.0034502111375331,0.2551701366901397,0.0001039220223901,0.7707064747810364,0.0026811880525201,0.0021823623683303,0.2243676483631134,6.235321052372456e-05,0.7897865772247314,0.0012470642104744,0.0008313761791214,0.2081350237131118,0.0,0.7910752296447754,0.0025149129796773195,0.0017874587792903185,0.20460167527198792,2.0784404114237987e-05
151,0.8202149271965027,0.0,0.0,0.1797851026058197,0.0,0.8201733827590942,0.0,0.0,0.1798266619443893,0.0,0.8198408484458923,0.0,0.0,0.1801592111587524,0.0,0.8199239373207092,0.0,0.0,0.1800760775804519,0.0,0.820131778717041,0.0,0.0,0.1798682361841201,0.0,0.8199447393417358,0.0,0.0,0.1800552904605865,0.0,0.8200278878211975,0.0,0.0,0.179972156882286,0.0,0.820131778717041,0.0,0.0,0.1798682361841201,0.0,0.820131778717041,0.0,0.0,0.1798682361841201,0.0,0.8201110363006592,0.0,0.0,0.1798890233039856,0.0,0.8201525807380676,0.0,0.0,0.1798474490642547,0.0,0.8200902342796326,0.0,0.0,0.1799097955226898,0.0,0.820069432258606,0.0,0.0,0.1799305826425552,0.0,0.8202565312385559,0.0,0.0,0.1797435283660888,0.0,0.8200902342796326,0.0,0.0,0.1799097955226898,0.0,0.8200902342796326,0.0,0.0,0.1799097955226898,0.0,0.8201941847801208,0.0,0.0,0.1798058748245239,0.0,0.8200278878211975,0.0,0.0,0.179972156882286,0.0,0.8202772736549377,0.0,0.0,0.1797227412462234,0.0,0.8201733827590942,0.0,0.0,0.1798266619443893,0.0,0.8199862837791443,0.0,0.0,0.1800137311220169,0.0,0.820131778717041,0.0,0.0,0.1798682361841201,0.0,0.8201110363006592,0.0,0.0,0.1798890233039856,0.0,0.8200902342796326,0.0,0.0,0.1799097955226898,0.0,0.820069432258606,0.0,0.0,0.1799305826425552,0.0,0.8201525807380676,0.0,0.0,0.1798474490642547,0.0,0.8201110363006592,0.0,0.0,0.1798890233039856,0.0,0.8201525807380676,0.0,0.0,0.1798474490642547,0.0,0.8201733827590942,0.0,0.0,0.1798266619443893,0.0,0.820131778717041,0.0,0.0,0.1798682361841201,0.0,0.779435932636261,0.0003533348790369,0.0007482385262846,0.2194001674652099,6.235321052372456e-05,0.7789162993431091,0.0016627523582428,0.0014549082843586,0.2179452627897262,2.0784404114237987e-05,0.8011764287948608,0.0012678486527875,0.0011847109999507,0.1963710486888885,0.0,0.7874795198440552,6.235321052372456e-05,0.0003533348790369,0.2121048420667648,0.0,0.766528844833374,0.0012262798845767,0.0017043211264535,0.2304990440607071,4.156880822847597e-05,0.8109450936317444,0.0,0.0,0.189054936170578,0.0,0.7673394083976746,0.0038243304006755,0.0030968762002885,0.2256770581007003,6.235321052372456e-05,0.786398708820343,0.0005611788947135,0.0005611788947135,0.2124581784009933,2.0784404114237987e-05,0.807806670665741,0.0,0.0,0.1921933889389038,0.0,0.7728888392448425,0.0032007982954382,0.0035749175585806,0.2202523350715637,8.313761645695195e-05,0.7928834557533264,0.001122357789427,0.0007066697580739,0.2052459865808487,4.156880822847597e-05,0.7855257987976074,0.0005819633370265,0.0004988256841897,0.2133519053459167,4.156880822847597e-05,0.7787084579467773,0.0019329495262354,0.0014549082843586,0.2178205549716949,8.313761645695195e-05,0.7997007369995117,0.0,0.0,0.200257733464241,4.156880822847597e-05,0.7899528741836548,0.0003533348790369,0.0005819633370265,0.2091118842363357,0.0,0.7893292903900146,0.0005403945106081,0.000789807352703,0.2092989534139633,4.156880822847597e-05,0.7841539978981018,0.0010392202530056,0.0012470642104744,0.2134974002838134,6.235321052372456e-05,0.8106749057769775,0.0,0.0,0.189325138926506,0.0,0.7819092869758606,0.0009560826001688,0.0011015734635293,0.2160123139619827,2.0784404114237987e-05,0.7757986783981323,0.0019953027367591,0.0023694219999015,0.219732716679573,0.0001039220223901,0.8049383759498596,6.235321052372456e-05,0.0001454908342566,0.1948330104351043,2.0784404114237987e-05,0.7990356087684631,0.0002494128420948,0.0002078440447803,0.2005071491003036,0.0,0.7743229866027832,0.0016419679159298,0.0010807890212163,0.2228919565677642,6.235321052372456e-05,0.7894332408905029,0.0017043211264535,0.0014549082843586,0.207386776804924,2.0784404114237987e-05,0.7694178819656372,0.0029513854533433,0.0033670733682811,0.2241597920656204,0.0001039220223901,0.807806670665741,0.0009976513683795,0.0007274541421793,0.190468281507492,0.0,0.7334400415420532,0.004011389799416,0.0037619771901518,0.2586826980113983,0.0001039220223901,0.7673394083976746,0.0026604037266224,0.0026604037266224,0.2272774577140808,6.235321052372456e-05,0.78679358959198,0.0012470642104744,0.0008729449473321,0.2110864073038101,0.0,0.7877705097198486,0.002244715578854084,0.0020784405060112476,0.20788560807704926,2.0784404114237987e-05
152,0.814769446849823,0.0,0.0,0.1852306127548217,0.0,0.8147278428077698,0.0,0.0,0.1852721720933914,0.0,0.8143953084945679,0.0,0.0,0.1856047213077545,0.0,0.8144784569740295,0.0,0.0,0.185521587729454,0.0,0.8146862983703613,0.0,0.0,0.1853137463331222,0.0,0.8144991993904114,0.0,0.0,0.1855008006095886,0.0,0.814582347869873,0.0,0.0,0.1854176670312881,0.0,0.8146862983703613,0.0,0.0,0.1853137463331222,0.0,0.8146862983703613,0.0,0.0,0.1853137463331222,0.0,0.8146654963493347,0.0,0.0,0.1853345334529876,0.0,0.8147071003913879,0.0,0.0,0.1852929592132568,0.0,0.8146446943283081,0.0,0.0,0.1853553205728531,0.0,0.8146239519119263,0.0,0.0,0.1853761076927185,0.0,0.8148109912872314,0.0,0.0,0.1851890385150909,0.0,0.8146446943283081,0.0,0.0,0.1853553205728531,0.0,0.8146446943283081,0.0,0.0,0.1853553205728531,0.0,0.8147486448287964,0.0,0.0,0.1852513998746872,0.0,0.814582347869873,0.0,0.0,0.1854176670312881,0.0,0.8148317933082581,0.0,0.0,0.1851682513952255,0.0,0.8147278428077698,0.0,0.0,0.1852721720933914,0.0,0.8145408034324646,0.0,0.0,0.1854592412710189,0.0,0.8146862983703613,0.0,0.0,0.1853137463331222,0.0,0.8146654963493347,0.0,0.0,0.1853345334529876,0.0,0.8146446943283081,0.0,0.0,0.1853553205728531,0.0,0.8146239519119263,0.0,0.0,0.1853761076927185,0.0,0.8147071003913879,0.0,0.0,0.1852929592132568,0.0,0.8146654963493347,0.0,0.0,0.1853345334529876,0.0,0.8147071003913879,0.0,0.0,0.1852929592132568,0.0,0.8147278428077698,0.0,0.0,0.1852721720933914,0.0,0.8146862983703613,0.0,0.0,0.1853137463331222,0.0,0.773824155330658,0.0003741192631423,0.000789807352703,0.2249495983123779,6.235321052372456e-05,0.7732213735580444,0.0013717706315219,0.0016835366841405,0.223702535033226,2.0784404114237987e-05,0.7951281666755676,0.0016003991477191,0.0011847109999507,0.2020867615938186,0.0,0.7817845940589905,0.000270197255304,0.0003949036763515,0.2175503522157669,0.0,0.7608131170272827,0.001163926674053,0.0016627523582428,0.2363186776638031,4.156880822847597e-05,0.8054995536804199,0.0,0.0,0.19450044631958,0.0,0.760667622089386,0.0038451147265732,0.0038658990524709,0.2315382659435272,8.313761645695195e-05,0.780849277973175,0.0005611788947135,0.0006235321052372,0.2179452627897262,2.0784404114237987e-05,0.8023611307144165,0.0,0.0,0.1976388990879058,0.0,0.7666950821876526,0.0033047201577574,0.003616486210376,0.2263005971908569,8.313761645695195e-05,0.7871677279472351,0.0008937293896451,0.0010392202530056,0.2108369916677475,6.235321052372456e-05,0.7800179123878479,0.0005611788947135,0.0005196101265028,0.218859776854515,4.156880822847597e-05,0.7727433443069458,0.0017874587792903,0.0019537340849637,0.2234323471784591,8.313761645695195e-05,0.7942551970481873,0.0,0.0,0.2057032436132431,4.156880822847597e-05,0.7842786908149719,0.0005196101265028,0.0005611788947135,0.2146405428647995,0.0,0.78363436460495,0.0006651009316556,0.0008313761791214,0.2148275971412658,4.156880822847597e-05,0.7782720327377319,0.0013925550738349,0.001122357789427,0.2191507518291473,6.235321052372456e-05,0.8052293658256531,0.0,0.0,0.1947706490755081,0.0,0.7763598561286926,0.0006443165475502,0.0014133395161479,0.2215617448091507,2.0784404114237987e-05,0.7697504162788391,0.0021615780424326,0.0024317752104252,0.225552350282669,0.0001039220223901,0.7994512915611267,8.313761645695195e-05,0.0001454908342566,0.2002993077039718,2.0784404114237987e-05,0.7935693264007568,0.0001870596315711,0.000270197255304,0.2059734463691711,0.0,0.7683994174003601,0.0015796147054061,0.0014549082843586,0.2285037338733673,6.235321052372456e-05,0.78363436460495,0.0015380459371954,0.0016419679159298,0.2131648510694503,2.0784404114237987e-05,0.7632656693458557,0.0030760918743908,0.0032839358318597,0.2302496284246444,0.0001247064210474,0.8021740913391113,0.000789807352703,0.0009352981578558,0.1961008459329605,0.0,0.7273086309432983,0.0030968762002885,0.0049466881901025,0.2645438909530639,0.0001039220223901,0.7614158391952515,0.002244715578854,0.0031176605261862,0.2331386655569076,8.313761645695195e-05,0.7810779213905334,0.001163926674053,0.0009560826001688,0.2168021202087402,0.0,0.7816598415374756,0.0020368716213852167,0.0025980505160987377,0.21368445456027985,2.0784404114237987e-05
153,0.8136054873466492,0.0,0.0,0.1863945424556732,0.0,0.8135639429092407,0.0,0.0,0.1864361017942428,0.0,0.8132314085960388,0.0,0.0,0.1867686510086059,0.0,0.8133144974708557,0.0,0.0,0.1866855174303054,0.0,0.8135223388671875,0.0,0.0,0.1864776760339737,0.0,0.8133352994918823,0.0,0.0,0.18666473031044,0.0,0.813418447971344,0.0,0.0,0.1865815967321396,0.0,0.8135223388671875,0.0,0.0,0.1864776760339737,0.0,0.8135223388671875,0.0,0.0,0.1864776760339737,0.0,0.8135015964508057,0.0,0.0,0.1864984631538391,0.0,0.8135431408882141,0.0,0.0,0.1864568889141082,0.0,0.813480794429779,0.0,0.0,0.1865192353725433,0.0,0.8134599924087524,0.0,0.0,0.1865400224924087,0.0,0.8136470913887024,0.0,0.0,0.1863529682159423,0.0,0.813480794429779,0.0,0.0,0.1865192353725433,0.0,0.813480794429779,0.0,0.0,0.1865192353725433,0.0,0.8135846853256226,0.0,0.0,0.1864153146743774,0.0,0.813418447971344,0.0,0.0,0.1865815967321396,0.0,0.8136678338050842,0.0,0.0,0.1863321810960769,0.0,0.8135639429092407,0.0,0.0,0.1864361017942428,0.0,0.8133768439292908,0.0,0.0,0.1866231709718704,0.0,0.8135223388671875,0.0,0.0,0.1864776760339737,0.0,0.8135015964508057,0.0,0.0,0.1864984631538391,0.0,0.813480794429779,0.0,0.0,0.1865192353725433,0.0,0.8134599924087524,0.0,0.0,0.1865400224924087,0.0,0.8135431408882141,0.0,0.0,0.1864568889141082,0.0,0.8135015964508057,0.0,0.0,0.1864984631538391,0.0,0.8135431408882141,0.0,0.0,0.1864568889141082,0.0,0.8135639429092407,0.0,0.0,0.1864361017942428,0.0,0.8135223388671875,0.0,0.0,0.1864776760339737,0.0,0.7724108099937439,0.0005819633370265,0.000789807352703,0.2261551022529602,6.235321052372456e-05,0.771891176700592,0.001122357789427,0.001849811989814,0.22511588037014,2.0784404114237987e-05,0.793756365776062,0.0014341238420456,0.0014549082843586,0.203354611992836,0.0,0.7805790901184082,0.0003117660526186,0.0003741192631423,0.2187350690364837,0.0,0.7592127323150635,0.0013302018633112,0.0017458898946642,0.2376696616411209,4.156880822847597e-05,0.8043356537818909,0.0,0.0,0.1956643760204315,0.0,0.7586515545845032,0.003616486210376,0.0044686468318104,0.2331802248954773,8.313761645695195e-05,0.7795398831367493,0.0006235321052372,0.0006443165475502,0.2191715389490127,2.0784404114237987e-05,0.8011972308158875,0.0,0.0,0.1988028287887573,0.0,0.7648037075996399,0.0027435412630438,0.004427078180015,0.227942556142807,8.313761645695195e-05,0.7858375310897827,0.0009560826001688,0.0009976513683795,0.2121464163064956,6.235321052372456e-05,0.7786669135093689,0.0006443165475502,0.0005403945106081,0.220106840133667,4.156880822847597e-05,0.7710806131362915,0.0017874587792903,0.0020368716213852,0.2250119596719741,8.313761645695195e-05,0.7930912971496582,0.0,0.0,0.2068671733140945,4.156880822847597e-05,0.7829692959785461,0.0005819633370265,0.0004988256841897,0.2159499526023864,0.0,0.7820755839347839,0.0009352981578558,0.0009352981578558,0.2160123139619827,4.156880822847597e-05,0.7767963409423828,0.001163926674053,0.0013925550738349,0.2205848842859268,6.235321052372456e-05,0.804065465927124,0.0,0.0,0.1959345787763595,0.0,0.7749465107917786,0.0006858853157609,0.0014549082843586,0.2228919565677642,2.0784404114237987e-05,0.7679213881492615,0.002535697305575,0.0022862844634801,0.2271527498960495,0.0001039220223901,0.798266589641571,0.0001039220223901,0.0001039220223901,0.2015047967433929,2.0784404114237987e-05,0.7923638224601746,0.0002078440447803,0.0002494128420948,0.2071789354085922,0.0,0.7667366862297058,0.0016211834736168,0.0017251055687665,0.2298547178506851,6.235321052372456e-05,0.7822626233100891,0.001122357789427,0.0019745184108614,0.214619755744934,2.0784404114237987e-05,0.7615613341331482,0.0030345229897648,0.0032007982954382,0.2320786565542221,0.0001247064210474,0.8007607460021973,0.0008729449473321,0.0010184358106926,0.1973479241132736,0.0,0.7252094149589539,0.0030760918743908,0.0051337475888431,0.2664768397808075,0.0001039220223901,0.759566068649292,0.0022862844634801,0.002930600894615,0.2351339608430862,8.313761645695195e-05,0.7793527841567993,0.0012470642104744,0.0013302018633112,0.2180699706077575,0.0,0.7795398831367493,0.002701972611248493,0.002722756937146187,0.21501466631889343,2.0784404114237987e-05
154,0.8131898045539856,0.0,0.0,0.1868102252483368,0.0,0.8131482601165771,0.0,0.0,0.1868517994880676,0.0,0.8128156661987305,0.0,0.0,0.1871843487024307,0.0,0.8128988146781921,0.0,0.0,0.187101200222969,0.0,0.8131066560745239,0.0,0.0,0.1868933588266372,0.0,0.8129196166992188,0.0,0.0,0.1870804280042648,0.0,0.8130027651786804,0.0,0.0,0.1869972795248031,0.0,0.8131066560745239,0.0,0.0,0.1868933588266372,0.0,0.8131066560745239,0.0,0.0,0.1868933588266372,0.0,0.8130859136581421,0.0,0.0,0.1869141459465026,0.0,0.8131274580955505,0.0,0.0,0.1868725717067718,0.0,0.8130651116371155,0.0,0.0,0.1869349330663681,0.0,0.8130443096160889,0.0,0.0,0.1869557201862335,0.0,0.8132314085960388,0.0,0.0,0.1867686510086059,0.0,0.8130651116371155,0.0,0.0,0.1869349330663681,0.0,0.8130651116371155,0.0,0.0,0.1869349330663681,0.0,0.813169002532959,0.0,0.0,0.1868310123682022,0.0,0.8130027651786804,0.0,0.0,0.1869972795248031,0.0,0.8132521510124207,0.0,0.0,0.1867478638887405,0.0,0.8131482601165771,0.0,0.0,0.1868517994880676,0.0,0.8129611611366272,0.0,0.0,0.187038853764534,0.0,0.8131066560745239,0.0,0.0,0.1868933588266372,0.0,0.8130859136581421,0.0,0.0,0.1869141459465026,0.0,0.8130651116371155,0.0,0.0,0.1869349330663681,0.0,0.8130443096160889,0.0,0.0,0.1869557201862335,0.0,0.8131274580955505,0.0,0.0,0.1868725717067718,0.0,0.8130859136581421,0.0,0.0,0.1869141459465026,0.0,0.8131274580955505,0.0,0.0,0.1868725717067718,0.0,0.8131482601165771,0.0,0.0,0.1868517994880676,0.0,0.8131066560745239,0.0,0.0,0.1868933588266372,0.0,0.7713508009910583,0.001122357789427,0.0008313761791214,0.22663314640522,6.235321052372456e-05,0.7706233263015747,0.0014549082843586,0.0022031469270586,0.2256978452205658,2.0784404114237987e-05,0.7924469709396362,0.0018913807580247,0.001829027547501,0.2038326561450958,0.0,0.780080258846283,0.0003741192631423,0.0003949036763515,0.2191507518291473,0.0,0.7583397626876831,0.0015588302630931,0.0015588302630931,0.2385010421276092,4.156880822847597e-05,0.8039199709892273,0.0,0.0,0.1960800737142563,0.0,0.757258951663971,0.0037411926314234,0.0043647247366607,0.2345519959926605,8.313761645695195e-05,0.7788747549057007,0.000789807352703,0.0006235321052372,0.2196911573410034,2.0784404114237987e-05,0.8007815480232239,0.0,0.0,0.1992185115814209,0.0,0.762413501739502,0.004032174590975,0.0044478625059127,0.2290233522653579,8.313761645695195e-05,0.7845281362533569,0.0015172614948824,0.0012262798845767,0.2126660197973251,6.235321052372456e-05,0.7781680822372437,0.0004780413000844,0.0006235321052372,0.2206888049840927,4.156880822847597e-05,0.770082950592041,0.0019745184108614,0.0020368716213852,0.2258225530385971,8.313761645695195e-05,0.7926756143569946,0.0,0.0,0.2072828561067581,4.156880822847597e-05,0.7823249697685242,0.0007482385262846,0.0004780413000844,0.2164487838745117,0.0,0.7813065648078918,0.0011847109999507,0.0010184358106926,0.2164487838745117,4.156880822847597e-05,0.7759233713150024,0.0014133395161479,0.0013925550738349,0.2212084084749221,6.235321052372456e-05,0.8036497831344604,0.0,0.0,0.1963502615690231,0.0,0.7740111947059631,0.0009560826001688,0.0014341238420456,0.2235778421163559,2.0784404114237987e-05,0.7664040923118591,0.0033462890423834,0.0020784405060112,0.2280672639608383,0.0001039220223901,0.7978301644325256,0.0001247064210474,0.0001039220223901,0.2019204795360565,2.0784404114237987e-05,0.7918442487716675,0.0002494128420948,0.0002286284434376,0.2076777666807174,0.0,0.7656766772270203,0.0019953027367591,0.001808243105188,0.2304574698209762,6.235321052372456e-05,0.7812026143074036,0.0015172614948824,0.0020784405060112,0.2151809334754943,2.0784404114237987e-05,0.7605429291725159,0.0029098165687173,0.003263151505962,0.233159452676773,0.0001247064210474,0.7997838854789734,0.001163926674053,0.0012054954422637,0.1978467404842376,0.0,0.723131000995636,0.0041153118945658,0.0048427660949528,0.2678070366382599,0.0001039220223901,0.758215069770813,0.0026396194007247,0.0030760918743908,0.23598612844944,8.313761645695195e-05,0.7785214185714722,0.0014133395161479,0.0013925550738349,0.2186727225780487,0.0,0.7778978943824768,0.0033255047164857388,0.0030345229897648096,0.21572132408618927,2.0784404114237987e-05
155,0.810965895652771,0.0,0.0,0.1890341490507125,0.0,0.8109242916107178,0.0,0.0,0.1890757232904434,0.0,0.8105917572975159,0.0,0.0,0.1894082725048065,0.0,0.8106749057769775,0.0,0.0,0.189325138926506,0.0,0.8108827471733093,0.0,0.0,0.1891172975301742,0.0,0.8106957077980042,0.0,0.0,0.1893043518066406,0.0,0.810778796672821,0.0,0.0,0.1892212182283401,0.0,0.8108827471733093,0.0,0.0,0.1891172975301742,0.0,0.8108827471733093,0.0,0.0,0.1891172975301742,0.0,0.8108619451522827,0.0,0.0,0.1891380846500396,0.0,0.8109035491943359,0.0,0.0,0.1890965104103088,0.0,0.8108412027359009,0.0,0.0,0.1891588568687439,0.0,0.8108204007148743,0.0,0.0,0.1891796439886093,0.0,0.8110074400901794,0.0,0.0,0.1889925897121429,0.0,0.8108412027359009,0.0,0.0,0.1891588568687439,0.0,0.8108412027359009,0.0,0.0,0.1891588568687439,0.0,0.8109450936317444,0.0,0.0,0.189054936170578,0.0,0.810778796672821,0.0,0.0,0.1892212182283401,0.0,0.811028242111206,0.0,0.0,0.1889718025922775,0.0,0.8109242916107178,0.0,0.0,0.1890757232904434,0.0,0.8107372522354126,0.0,0.0,0.1892627775669098,0.0,0.8108827471733093,0.0,0.0,0.1891172975301742,0.0,0.8108619451522827,0.0,0.0,0.1891380846500396,0.0,0.8108412027359009,0.0,0.0,0.1891588568687439,0.0,0.8108204007148743,0.0,0.0,0.1891796439886093,0.0,0.8109035491943359,0.0,0.0,0.1890965104103088,0.0,0.8108619451522827,0.0,0.0,0.1891380846500396,0.0,0.8109035491943359,0.0,0.0,0.1890965104103088,0.0,0.8109242916107178,0.0,0.0,0.1890757232904434,0.0,0.8108827471733093,0.0,0.0,0.1891172975301742,0.0,0.7690021395683289,0.0011847109999507,0.0007690229685977,0.2289817780256271,6.235321052372456e-05,0.7675472497940063,0.0021200091578066,0.0021615780424326,0.2281503975391388,2.0784404114237987e-05,0.7895787358283997,0.0023486376740038,0.0018705963157117,0.2062020748853683,0.0,0.7777315974235535,0.0004988256841897,0.0003949036763515,0.2213746905326843,0.0,0.7552844882011414,0.0019953027367591,0.0016003991477191,0.2410783022642135,4.156880822847597e-05,0.8016960620880127,0.0,0.0,0.198303997516632,0.0,0.7526863813400269,0.0054039452224969,0.0045102154836058,0.2373163253068924,8.313761645695195e-05,0.776339054107666,0.0008105917368084,0.0006651009316556,0.2221644967794418,2.0784404114237987e-05,0.7985575795173645,0.0,0.0,0.2014424502849578,0.0,0.7583397626876831,0.0053000231273472,0.0039074681699275,0.2323696315288543,8.313761645695195e-05,0.7817845940589905,0.001849811989814,0.0012054954422637,0.2150977998971939,6.235321052372456e-05,0.7758194804191589,0.0004572568868752,0.0006235321052372,0.2230582237243652,4.156880822847597e-05,0.7670068740844727,0.0024525597691535,0.0022031469270586,0.2282543331384658,8.313761645695195e-05,0.7904516458511353,0.0,0.0,0.2095067948102951,4.156880822847597e-05,0.7799139618873596,0.000789807352703,0.0005819633370265,0.2187142819166183,0.0,0.7788332104682922,0.0012470642104744,0.0011015734635293,0.2187766432762146,4.156880822847597e-05,0.7729511857032776,0.0019537340849637,0.00114314223174,0.2238896042108535,6.235321052372456e-05,0.8014258146286011,0.0,0.0,0.1985742002725601,0.0,0.7713923454284668,0.0012678486527875,0.0013717706315219,0.2259472608566284,2.0784404114237987e-05,0.7632864713668823,0.003263151505962,0.0023902065586298,0.2309563010931015,0.0001039220223901,0.7956061959266663,8.313761645695195e-05,0.0001454908342566,0.2041444182395935,2.0784404114237987e-05,0.7895371317863464,0.0002494128420948,0.0003117660526186,0.2099016904830932,0.0,0.7630162835121155,0.0020576559472829,0.0019953027367591,0.2328684628009796,6.235321052372456e-05,0.7784798741340637,0.0017043211264535,0.0023278533481061,0.2174672186374664,2.0784404114237987e-05,0.7568017244338989,0.0033670733682811,0.0040737432427704,0.2356327921152115,0.0001247064210474,0.7972897291183472,0.0012678486527875,0.0013094174209982,0.2001330256462097,0.0,0.7192027568817139,0.0049882568418979,0.0050090411677956,0.2706753015518188,0.0001247064210474,0.755118191242218,0.002972169779241,0.0032215826213359,0.2386049628257751,8.313761645695195e-05,0.7761312127113342,0.0014133395161479,0.0014133395161479,0.2210421413183212,0.0,0.7744061350822449,0.004115311894565821,0.0029929541051387787,0.21846486628055573,2.0784404114237987e-05
156,0.8098850846290588,0.0,0.0,0.1901149451732635,0.0,0.8098435401916504,0.0,0.0,0.1901565194129943,0.0,0.8095109462738037,0.0,0.0,0.1904890686273574,0.0,0.8095940947532654,0.0,0.0,0.1904059201478958,0.0,0.8098019361495972,0.0,0.0,0.190198078751564,0.0,0.809614896774292,0.0,0.0,0.1903851479291916,0.0,0.8096980452537537,0.0,0.0,0.1903019994497299,0.0,0.8098019361495972,0.0,0.0,0.190198078751564,0.0,0.8098019361495972,0.0,0.0,0.190198078751564,0.0,0.8097811937332153,0.0,0.0,0.1902188658714294,0.0,0.8098227381706238,0.0,0.0,0.1901772916316986,0.0,0.8097603917121887,0.0,0.0,0.1902396529912948,0.0,0.8097395896911621,0.0,0.0,0.1902604401111602,0.0,0.8099266886711121,0.0,0.0,0.1900733709335327,0.0,0.8097603917121887,0.0,0.0,0.1902396529912948,0.0,0.8097603917121887,0.0,0.0,0.1902396529912948,0.0,0.8098642826080322,0.0,0.0,0.1901357322931289,0.0,0.8096980452537537,0.0,0.0,0.1903019994497299,0.0,0.8099474310874939,0.0,0.0,0.1900525838136673,0.0,0.8098435401916504,0.0,0.0,0.1901565194129943,0.0,0.8096564412117004,0.0,0.0,0.1903435736894607,0.0,0.8098019361495972,0.0,0.0,0.190198078751564,0.0,0.8097811937332153,0.0,0.0,0.1902188658714294,0.0,0.8097603917121887,0.0,0.0,0.1902396529912948,0.0,0.8097395896911621,0.0,0.0,0.1902604401111602,0.0,0.8098227381706238,0.0,0.0,0.1901772916316986,0.0,0.8097811937332153,0.0,0.0,0.1902188658714294,0.0,0.8098227381706238,0.0,0.0,0.1901772916316986,0.0,0.8098435401916504,0.0,0.0,0.1901565194129943,0.0,0.8098019361495972,0.0,0.0,0.190198078751564,0.0,0.767568051815033,0.0013717706315219,0.0005196101265028,0.2304782569408416,6.235321052372456e-05,0.7657598257064819,0.002577266190201,0.0019121652003377,0.229730024933815,2.0784404114237987e-05,0.7879990935325623,0.002244715578854,0.0018705963157117,0.2078856080770492,0.0,0.776588499546051,0.0003117660526186,0.0003117660526186,0.2227880209684372,0.0,0.7534970045089722,0.0024317752104252,0.0014964770525693,0.2425332069396972,4.156880822847597e-05,0.8006152510643005,0.0,0.0,0.199384793639183,0.0,0.7497142553329468,0.0060690459795296,0.0050506102852523,0.2390830069780349,8.313761645695195e-05,0.7750296592712402,0.0009352981578558,0.0006651009316556,0.2233492136001587,2.0784404114237987e-05,0.7974768280982971,0.0,0.0,0.2025232315063476,0.0,0.7556793689727783,0.0061313994228839,0.0039490368217229,0.2341571003198623,8.313761645695195e-05,0.7804543972015381,0.001829027547501,0.0013925550738349,0.2162617295980453,6.235321052372456e-05,0.7745516300201416,0.0005819633370265,0.0006443165475502,0.2241805791854858,4.156880822847597e-05,0.7651362419128418,0.0027227569371461,0.0024525597691535,0.2296053171157837,8.313761645695195e-05,0.7893708944320679,0.0,0.0,0.2105875760316848,4.156880822847597e-05,0.7786877155303955,0.0007066697580739,0.0005819633370265,0.2200237065553665,0.0,0.7773159146308899,0.0014341238420456,0.000789807352703,0.2204186022281646,4.156880822847597e-05,0.7715378403663635,0.001849811989814,0.0014756927266716,0.2250743061304092,6.235321052372456e-05,0.8003450632095337,0.0,0.0,0.1996549814939499,0.0,0.770082950592041,0.0013925550738349,0.0010600045789033,0.2274437397718429,2.0784404114237987e-05,0.7614158391952515,0.0034502111375331,0.0025980505160987,0.2324319928884506,0.0001039220223901,0.7945046424865723,6.235321052372456e-05,0.0001039220223901,0.2053083479404449,2.0784404114237987e-05,0.7883108854293823,0.0003741192631423,0.000270197255304,0.2110448330640792,0.0,0.7614158391952515,0.0020992248319089,0.0021200091578066,0.2343025803565979,6.235321052372456e-05,0.7767963409423828,0.0019537340849637,0.0020576559472829,0.2191715389490127,2.0784404114237987e-05,0.7543699741363525,0.004011389799416,0.003658055095002,0.237835943698883,0.0001247064210474,0.7956477999687195,0.0016419679159298,0.0011847109999507,0.2015255838632583,0.0,0.716874897480011,0.0055494359694421,0.0046972753480076,0.2727537453174591,0.0001247064210474,0.7527903318405151,0.0037411926314234,0.0031384450849145,0.2402469217777252,8.313761645695195e-05,0.7746763229370117,0.0015172614948824,0.0015172614948824,0.2222892045974731,0.0,0.7725563049316406,0.004219233989715576,0.0029098165687173605,0.22029389441013336,2.0784404114237987e-05
157,0.807162344455719,0.0,0.0,0.1928377002477646,0.0,0.8071207404136658,0.0,0.0,0.1928792744874954,0.0,0.8067882061004639,0.0,0.0,0.1932118237018585,0.0,0.8068713545799255,0.0,0.0,0.193128690123558,0.0,0.8070791959762573,0.0,0.0,0.192920833826065,0.0,0.8068921566009521,0.0,0.0,0.1931079030036926,0.0,0.806975245475769,0.0,0.0,0.1930247545242309,0.0,0.8070791959762573,0.0,0.0,0.192920833826065,0.0,0.8070791959762573,0.0,0.0,0.192920833826065,0.0,0.8070583939552307,0.0,0.0,0.1929416209459304,0.0,0.8070999979972839,0.0,0.0,0.1929000616073608,0.0,0.8070376515388489,0.0,0.0,0.1929624080657959,0.0,0.8070168495178223,0.0,0.0,0.1929831951856613,0.0,0.8072038888931274,0.0,0.0,0.1927961260080337,0.0,0.8070376515388489,0.0,0.0,0.1929624080657959,0.0,0.8070376515388489,0.0,0.0,0.1929624080657959,0.0,0.8071415424346924,0.0,0.0,0.19285848736763,0.0,0.806975245475769,0.0,0.0,0.1930247545242309,0.0,0.807224690914154,0.0,0.0,0.1927753537893295,0.0,0.8071207404136658,0.0,0.0,0.1928792744874954,0.0,0.8069337010383606,0.0,0.0,0.1930663287639618,0.0,0.8070791959762573,0.0,0.0,0.192920833826065,0.0,0.8070583939552307,0.0,0.0,0.1929416209459304,0.0,0.8070376515388489,0.0,0.0,0.1929624080657959,0.0,0.8070168495178223,0.0,0.0,0.1929831951856613,0.0,0.8070999979972839,0.0,0.0,0.1929000616073608,0.0,0.8070583939552307,0.0,0.0,0.1929416209459304,0.0,0.8070999979972839,0.0,0.0,0.1929000616073608,0.0,0.8071207404136658,0.0,0.0,0.1928792744874954,0.0,0.8070791959762573,0.0,0.0,0.192920833826065,0.0,0.7647205591201782,0.0012470642104744,0.0006235321052372,0.2333465069532394,6.235321052372456e-05,0.762662947177887,0.0027851101476699,0.0015380459371954,0.2329931706190109,2.0784404114237987e-05,0.7849645614624023,0.0023486376740038,0.001808243105188,0.2108785659074783,0.0,0.7738449573516846,0.0002909816685132,0.0003117660526186,0.225552350282669,0.0,0.7504001259803772,0.0023694219999015,0.0016003991477191,0.2455885261297226,4.156880822847597e-05,0.7978925108909607,0.0,0.0,0.202107548713684,0.0,0.7456197142601013,0.0065886559896171,0.0046972753480076,0.2430112510919571,8.313761645695195e-05,0.7721614241600037,0.0009352981578558,0.0007066697580739,0.2261758893728256,2.0784404114237987e-05,0.7947540283203125,0.0,0.0,0.2052459865808487,0.0,0.7515848278999329,0.0067757158540189,0.004032174590975,0.2375241667032241,8.313761645695195e-05,0.7771912217140198,0.0022031469270586,0.0010600045789033,0.2194833010435104,6.235321052372456e-05,0.7715794444084167,0.0006443165475502,0.0007482385262846,0.2269864827394485,4.156880822847597e-05,0.762018620967865,0.0026188348419964,0.0022862844634801,0.2329931706190109,8.313761645695195e-05,0.786648154258728,0.0,0.0,0.2133103460073471,4.156880822847597e-05,0.7758402228355408,0.0006858853157609,0.0006651009316556,0.2228088080883026,0.0,0.7741151452064514,0.0015172614948824,0.0010600045789033,0.223266065120697,4.156880822847597e-05,0.7684825658798218,0.0018705963157117,0.0017043211264535,0.2278802096843719,6.235321052372456e-05,0.7976222634315491,0.0,0.0,0.2023777365684509,0.0,0.7671523690223694,0.0013509863056242,0.0008937293896451,0.2305821776390075,2.0784404114237987e-05,0.7576538920402527,0.0038243304006755,0.0028266790322959,0.2355912178754806,0.0001039220223901,0.7917819023132324,4.156880822847597e-05,0.0001039220223901,0.2080518901348114,2.0784404114237987e-05,0.7854633927345276,0.0004572568868752,0.0002286284434376,0.213850736618042,0.0,0.758277416229248,0.0020160872954875,0.0020784405060112,0.237565740942955,6.235321052372456e-05,0.773429274559021,0.0023902065586298,0.0017458898946642,0.2224139124155044,2.0784404114237987e-05,0.7504416704177856,0.0046764910221099,0.003616486210376,0.2410990893840789,0.0001662752329139,0.7924677729606628,0.001849811989814,0.0010392202530056,0.2046432495117187,0.0,0.7133207321166992,0.0054455138742923,0.004032174590975,0.2770769000053406,0.0001247064210474,0.7491946220397949,0.0039282524958252,0.002930600894615,0.2438634186983108,8.313761645695195e-05,0.7713299989700317,0.0015796147054061,0.0017251055687665,0.2253652960062027,0.0,0.7689605951309204,0.004136096220463514,0.0029929541051387787,0.22388960421085358,2.0784404114237987e-05
158,0.8059568405151367,0.0,0.0,0.1940432041883468,0.0,0.8059152960777283,0.0,0.0,0.1940847635269165,0.0,0.8055827021598816,0.0,0.0,0.1944173127412796,0.0,0.8056658506393433,0.0,0.0,0.1943341791629791,0.0,0.805873692035675,0.0,0.0,0.1941263377666473,0.0,0.8056866526603699,0.0,0.0,0.1943133920431137,0.0,0.8057698011398315,0.0,0.0,0.1942302584648132,0.0,0.805873692035675,0.0,0.0,0.1941263377666473,0.0,0.805873692035675,0.0,0.0,0.1941263377666473,0.0,0.8058528900146484,0.0,0.0,0.1941471248865127,0.0,0.8058944940567017,0.0,0.0,0.1941055506467819,0.0,0.8058321475982666,0.0,0.0,0.1941678971052169,0.0,0.80581134557724,0.0,0.0,0.1941886842250824,0.0,0.8059983849525452,0.0,0.0,0.194001629948616,0.0,0.8058321475982666,0.0,0.0,0.1941678971052169,0.0,0.8058321475982666,0.0,0.0,0.1941678971052169,0.0,0.8059360384941101,0.0,0.0,0.1940639764070511,0.0,0.8057698011398315,0.0,0.0,0.1942302584648132,0.0,0.8060191869735718,0.0,0.0,0.1939808428287506,0.0,0.8059152960777283,0.0,0.0,0.1940847635269165,0.0,0.8057281970977783,0.0,0.0,0.194271832704544,0.0,0.805873692035675,0.0,0.0,0.1941263377666473,0.0,0.8058528900146484,0.0,0.0,0.1941471248865127,0.0,0.8058321475982666,0.0,0.0,0.1941678971052169,0.0,0.80581134557724,0.0,0.0,0.1941886842250824,0.0,0.8058944940567017,0.0,0.0,0.1941055506467819,0.0,0.8058528900146484,0.0,0.0,0.1941471248865127,0.0,0.8058944940567017,0.0,0.0,0.1941055506467819,0.0,0.8059152960777283,0.0,0.0,0.1940847635269165,0.0,0.805873692035675,0.0,0.0,0.1941263377666473,0.0,0.7633072137832642,0.0008105917368084,0.0012262798845767,0.2345935702323913,6.235321052372456e-05,0.7611041069030762,0.0022862844634801,0.0019745184108614,0.2346143573522567,2.0784404114237987e-05,0.7833434343338013,0.0018705963157117,0.0023278533481061,0.2124581784009933,0.0,0.7726186513900757,0.0002286284434376,0.0003949036763515,0.2267578542232513,0.0,0.7489452362060547,0.0021615780424326,0.0017874587792903,0.2470642179250717,4.156880822847597e-05,0.7966870069503784,0.0,0.0,0.2033130377531051,0.0,0.7431879639625549,0.006838068831712,0.0045933532528579,0.2452975362539291,8.313761645695195e-05,0.7706025838851929,0.0010392202530056,0.0008729449473321,0.2274645119905471,2.0784404114237987e-05,0.7935485243797302,0.0,0.0,0.2064514905214309,0.0,0.7485295534133911,0.0066510094329714,0.0047180596739053,0.240018293261528,8.313761645695195e-05,0.775632381439209,0.0016627523582428,0.001849811989814,0.2207927256822586,6.235321052372456e-05,0.7702284455299377,0.0007066697580739,0.0007274541421793,0.2282958924770355,4.156880822847597e-05,0.7597115635871887,0.0031384450849145,0.0023694219999015,0.2346974909305572,8.313761645695195e-05,0.7854426503181458,0.0,0.0,0.2145158350467682,4.156880822847597e-05,0.7743853330612183,0.0007066697580739,0.0008105917368084,0.2240974456071853,0.0,0.7725563049316406,0.0015172614948824,0.0012886330951005,0.2245962768793106,4.156880822847597e-05,0.7667990326881409,0.0018913807580247,0.0016211834736168,0.2296260893344879,6.235321052372456e-05,0.7964168190956116,0.0,0.0,0.2035832405090332,0.0,0.7658013701438904,0.0009768670424818,0.0012054954422637,0.2319955229759216,2.0784404114237987e-05,0.7549518942832947,0.0042192339897155,0.0036372707691043,0.2370876967906952,0.0001039220223901,0.7905347943305969,6.235321052372456e-05,0.0001247064210474,0.2092573791742324,2.0784404114237987e-05,0.7842163443565369,0.0003949036763515,0.0003117660526186,0.2150770127773285,0.0,0.7565315365791321,0.0019121652003377,0.0022655001375824,0.2392284870147705,6.235321052372456e-05,0.7716833353042603,0.0022862844634801,0.0017666743369773,0.2242429405450821,2.0784404114237987e-05,0.7483424544334412,0.0049674725160002,0.0036372707691043,0.2428865432739257,0.0001662752329139,0.7910544276237488,0.0014964770525693,0.0014341238420456,0.2060150206089019,0.0,0.7107642889022827,0.0051337475888431,0.004738843999803,0.2792384624481201,0.0001247064210474,0.7472200989723206,0.0037619771901518,0.0032215826213359,0.2457132190465927,8.313761645695195e-05,0.769688069820404,0.0016003991477191,0.0016627523582428,0.2270488291978836,0.0,0.7669652700424194,0.003699623979628086,0.003928252495825291,0.22538608312606812,2.0784404114237987e-05
159,0.8034003376960754,0.0,0.0,0.1965996772050857,0.0,0.803358793258667,0.0,0.0,0.1966412514448166,0.0,0.8030262589454651,0.0,0.0,0.1969738006591797,0.0,0.803109347820282,0.0,0.0,0.1968906670808792,0.0,0.8033171892166138,0.0,0.0,0.1966828107833862,0.0,0.8031301498413086,0.0,0.0,0.1968698799610138,0.0,0.8032132983207703,0.0,0.0,0.1967867314815521,0.0,0.8033171892166138,0.0,0.0,0.1966828107833862,0.0,0.8033171892166138,0.0,0.0,0.1966828107833862,0.0,0.8032964468002319,0.0,0.0,0.1967035979032516,0.0,0.8033379912376404,0.0,0.0,0.196662038564682,0.0,0.8032756447792053,0.0,0.0,0.196724385023117,0.0,0.8032548427581787,0.0,0.0,0.1967451721429824,0.0,0.8034419417381287,0.0,0.0,0.1965581029653549,0.0,0.8032756447792053,0.0,0.0,0.196724385023117,0.0,0.8032756447792053,0.0,0.0,0.196724385023117,0.0,0.8033795952796936,0.0,0.0,0.1966204643249511,0.0,0.8032132983207703,0.0,0.0,0.1967867314815521,0.0,0.8034626841545105,0.0,0.0,0.1965373307466507,0.0,0.803358793258667,0.0,0.0,0.1966412514448166,0.0,0.8031717538833618,0.0,0.0,0.1968283057212829,0.0,0.8033171892166138,0.0,0.0,0.1966828107833862,0.0,0.8032964468002319,0.0,0.0,0.1967035979032516,0.0,0.8032756447792053,0.0,0.0,0.196724385023117,0.0,0.8032548427581787,0.0,0.0,0.1967451721429824,0.0,0.8033379912376404,0.0,0.0,0.196662038564682,0.0,0.8032964468002319,0.0,0.0,0.1967035979032516,0.0,0.8033379912376404,0.0,0.0,0.196662038564682,0.0,0.803358793258667,0.0,0.0,0.1966412514448166,0.0,0.8033171892166138,0.0,0.0,0.1966828107833862,0.0,0.7605013251304626,0.0009352981578558,0.0012470642104744,0.2372539788484573,6.235321052372456e-05,0.7579864263534546,0.0019953027367591,0.0023070687893778,0.2376904487609863,2.0784404114237987e-05,0.7801218032836914,0.0018913807580247,0.002535697305575,0.2154511362314224,0.0,0.7699790596961975,0.0001870596315711,0.0004988256841897,0.2293351143598556,0.0,0.7457444071769714,0.0019745184108614,0.0023902065586298,0.2498493194580078,4.156880822847597e-05,0.7941305041313171,0.0,0.0,0.2058695256710052,0.0,0.7385945916175842,0.006526303011924,0.0060898303054273,0.2487061768770218,8.313761645695195e-05,0.7679421901702881,0.0008313761791214,0.0011015734635293,0.2301041334867477,2.0784404114237987e-05,0.7909920811653137,0.0,0.0,0.2090079635381698,0.0,0.7446843981742859,0.0060898303054273,0.005881986580789,0.2432606667280197,8.313761645695195e-05,0.7724939584732056,0.0017251055687665,0.0020368716213852,0.2236817628145218,6.235321052372456e-05,0.7675057053565979,0.0007482385262846,0.0006027477211318,0.2311017960309982,4.156880822847597e-05,0.7564275860786438,0.0030137386638671,0.0028266790322959,0.2376488745212555,8.313761645695195e-05,0.7828861474990845,0.0,0.0,0.2170723229646682,4.156880822847597e-05,0.7716833353042603,0.0006651009316556,0.0009352981578558,0.2267162799835205,0.0,0.7694594264030457,0.001808243105188,0.0014341238420456,0.2272566705942154,4.156880822847597e-05,0.7637436985969543,0.0016419679159298,0.0021615780424326,0.2323904186487198,6.235321052372456e-05,0.7938603162765503,0.0,0.0,0.2061397135257721,0.0,0.7627876400947571,0.0010392202530056,0.0013509863056242,0.2348014116287231,2.0784404114237987e-05,0.7513977885246277,0.0043231560848653,0.0042400183156132,0.2399143725633621,0.0001247064210474,0.7879575490951538,8.313761645695195e-05,0.0001247064210474,0.2118138670921325,2.0784404114237987e-05,0.7815559506416321,0.0004156880895607,0.0003325504658278,0.2176958471536636,0.0,0.7536633014678955,0.0017874587792903,0.0024317752104252,0.2420551776885986,6.235321052372456e-05,0.7686488032341003,0.0022655001375824,0.0020160872954875,0.2270488291978836,2.0784404114237987e-05,0.7444973587989807,0.004738843999803,0.004427078180015,0.2461497038602829,0.0001870596315711,0.7880614399909973,0.0016627523582428,0.0014341238420456,0.2088416963815689,0.0,0.7068567872047424,0.0047804131172597,0.0058196331374347,0.2823976874351501,0.0001454908342566,0.7438738346099854,0.0036788394208997,0.0035125643480569,0.2488516718149185,8.313761645695195e-05,0.7663002014160156,0.0022655001375824,0.0015796147054061,0.2298547178506851,0.0,0.7633072137832642,0.003533348673954606,0.0045933532528579235,0.22854530811309814,2.0784404114237987e-05
160,0.8031509518623352,0.0,0.0,0.1968490928411483,0.0,0.803109347820282,0.0,0.0,0.1968906670808792,0.0,0.8027768135070801,0.0,0.0,0.1972232162952423,0.0,0.8028599619865417,0.0,0.0,0.1971400678157806,0.0,0.8030678033828735,0.0,0.0,0.1969322264194488,0.0,0.8028807640075684,0.0,0.0,0.1971192955970764,0.0,0.80296391248703,0.0,0.0,0.1970361471176147,0.0,0.8030678033828735,0.0,0.0,0.1969322264194488,0.0,0.8030678033828735,0.0,0.0,0.1969322264194488,0.0,0.8030470013618469,0.0,0.0,0.1969530135393142,0.0,0.8030886054039001,0.0,0.0,0.1969114392995834,0.0,0.8030262589454651,0.0,0.0,0.1969738006591797,0.0,0.8030054569244385,0.0,0.0,0.1969945877790451,0.0,0.8031924962997437,0.0,0.0,0.1968075186014175,0.0,0.8030262589454651,0.0,0.0,0.1969738006591797,0.0,0.8030262589454651,0.0,0.0,0.1969738006591797,0.0,0.8031301498413086,0.0,0.0,0.1968698799610138,0.0,0.80296391248703,0.0,0.0,0.1970361471176147,0.0,0.8032132983207703,0.0,0.0,0.1967867314815521,0.0,0.803109347820282,0.0,0.0,0.1968906670808792,0.0,0.8029223084449768,0.0,0.0,0.1970777213573455,0.0,0.8030678033828735,0.0,0.0,0.1969322264194488,0.0,0.8030470013618469,0.0,0.0,0.1969530135393142,0.0,0.8030262589454651,0.0,0.0,0.1969738006591797,0.0,0.8030054569244385,0.0,0.0,0.1969945877790451,0.0,0.8030886054039001,0.0,0.0,0.1969114392995834,0.0,0.8030470013618469,0.0,0.0,0.1969530135393142,0.0,0.8030886054039001,0.0,0.0,0.1969114392995834,0.0,0.803109347820282,0.0,0.0,0.1968906670808792,0.0,0.8030678033828735,0.0,0.0,0.1969322264194488,0.0,0.7599194049835205,0.0009145137737505,0.0015380459371954,0.237565740942955,6.235321052372456e-05,0.7570719122886658,0.0019537340849637,0.0028266790322959,0.2381269186735153,2.0784404114237987e-05,0.778791606426239,0.0024733440950512,0.0028474633581936,0.2158876061439514,0.0,0.7695217728614807,0.0003325504658278,0.0005611788947135,0.2295845299959182,0.0,0.7449130415916443,0.001849811989814,0.0027019726112484,0.2504936456680298,4.156880822847597e-05,0.7938811182975769,0.0,0.0,0.2061189413070678,0.0,0.7369110584259033,0.0060690459795296,0.0072953258641064,0.249641478061676,8.313761645695195e-05,0.7674225568771362,0.0008729449473321,0.0010392202530056,0.2306445389986038,2.0784404114237987e-05,0.7907426357269287,0.0,0.0,0.2092573791742324,0.0,0.7424396872520447,0.0065055186860263,0.0068796379491686,0.244092047214508,8.313761645695195e-05,0.7717249393463135,0.0019953027367591,0.0020992248319089,0.2241182327270507,6.235321052372456e-05,0.7670900225639343,0.0007274541421793,0.0006443165475502,0.2314966917037964,4.156880822847597e-05,0.7555338740348816,0.0028682476840913,0.0032423669472336,0.238272413611412,8.313761645695195e-05,0.7826367616653442,0.0,0.0,0.2173217236995697,4.156880822847597e-05,0.7712053060531616,0.0007482385262846,0.0009352981578558,0.2271111905574798,0.0,0.7687942981719971,0.0017874587792903,0.0016835366841405,0.2276931405067443,4.156880822847597e-05,0.7629538774490356,0.001849811989814,0.0022862844634801,0.2328476756811142,6.235321052372456e-05,0.7936109304428101,0.0,0.0,0.2063891291618347,0.0,0.7621225118637085,0.0012262798845767,0.0014964770525693,0.2351339608430862,2.0784404114237987e-05,0.7502338290214539,0.0044478625059127,0.0040529589168727,0.2411406636238098,0.0001247064210474,0.7876665592193604,0.0001039220223901,0.0001039220223901,0.2121048420667648,2.0784404114237987e-05,0.7811402678489685,0.000436472473666,0.0003949036763515,0.2180283963680267,0.0,0.7525409460067749,0.0021407937165349,0.002577266190201,0.242678701877594,6.235321052372456e-05,0.7676095962524414,0.0024525597691535,0.0023070687893778,0.2276100069284439,2.0784404114237987e-05,0.7427722215652466,0.0048635504208505,0.0047180596739053,0.2474591135978698,0.0001870596315711,0.7872716784477234,0.0016419679159298,0.001829027547501,0.2092573791742324,0.0,0.7045289278030396,0.0056117889471352,0.0062353210523724,0.2834784984588623,0.0001454908342566,0.7426891326904297,0.0033670733682811,0.0042192339897155,0.249641478061676,8.313761645695195e-05,0.7654064893722534,0.002535697305575,0.0017874587792903,0.2302704155445099,0.0,0.7614158391952515,0.0044062938541173935,0.004884334746748209,0.2292727679014206,2.0784404114237987e-05
161,0.8030678033828735,0.0,0.0,0.1969322264194488,0.0,0.8030262589454651,0.0,0.0,0.1969738006591797,0.0,0.8026936650276184,0.0,0.0,0.1973063498735427,0.0,0.8027768135070801,0.0,0.0,0.1972232162952423,0.0,0.8029846549034119,0.0,0.0,0.1970153599977493,0.0,0.8027976155281067,0.0,0.0,0.1972024291753769,0.0,0.8028807640075684,0.0,0.0,0.1971192955970764,0.0,0.8029846549034119,0.0,0.0,0.1970153599977493,0.0,0.8029846549034119,0.0,0.0,0.1970153599977493,0.0,0.80296391248703,0.0,0.0,0.1970361471176147,0.0,0.8030054569244385,0.0,0.0,0.1969945877790451,0.0,0.8029431104660034,0.0,0.0,0.1970569342374801,0.0,0.8029223084449768,0.0,0.0,0.1970777213573455,0.0,0.803109347820282,0.0,0.0,0.1968906670808792,0.0,0.8029431104660034,0.0,0.0,0.1970569342374801,0.0,0.8029431104660034,0.0,0.0,0.1970569342374801,0.0,0.8030470013618469,0.0,0.0,0.1969530135393142,0.0,0.8028807640075684,0.0,0.0,0.1971192955970764,0.0,0.8031301498413086,0.0,0.0,0.1968698799610138,0.0,0.8030262589454651,0.0,0.0,0.1969738006591797,0.0,0.8028391599655151,0.0,0.0,0.197160854935646,0.0,0.8029846549034119,0.0,0.0,0.1970153599977493,0.0,0.80296391248703,0.0,0.0,0.1970361471176147,0.0,0.8029431104660034,0.0,0.0,0.1970569342374801,0.0,0.8029223084449768,0.0,0.0,0.1970777213573455,0.0,0.8030054569244385,0.0,0.0,0.1969945877790451,0.0,0.80296391248703,0.0,0.0,0.1970361471176147,0.0,0.8030054569244385,0.0,0.0,0.1969945877790451,0.0,0.8030262589454651,0.0,0.0,0.1969738006591797,0.0,0.8029846549034119,0.0,0.0,0.1970153599977493,0.0,0.7596699595451355,0.0009560826001688,0.0014964770525693,0.2378151565790176,6.235321052372456e-05,0.7560742497444153,0.0024941284209489,0.0029513854533433,0.2384594678878784,2.0784404114237987e-05,0.7778147459030151,0.0030553073156625,0.0025564816314727,0.216573491692543,0.0,0.7693347334861755,0.0004156880895607,0.0003325504658278,0.2299170792102813,0.0,0.744414210319519,0.0018913807580247,0.0028058944735676,0.2508469820022583,4.156880822847597e-05,0.7937979698181152,0.0,0.0,0.2062020748853683,0.0,0.7352067232131958,0.0063184588216245,0.0074408166110515,0.2509509027004242,8.313761645695195e-05,0.7671939134597778,0.0008729449473321,0.0010807890212163,0.2308315932750702,2.0784404114237987e-05,0.790659487247467,0.0,0.0,0.2093405127525329,0.0,0.740548312664032,0.0069419909268617,0.0075031700544059,0.2449234127998352,8.313761645695195e-05,0.7705402374267578,0.0025564816314727,0.0023694219999015,0.2244715690612793,6.235321052372456e-05,0.766923725605011,0.0005611788947135,0.0008313761791214,0.2316421866416931,4.156880822847597e-05,0.7542660236358643,0.003658055095002,0.0031176605261862,0.238875150680542,8.313761645695195e-05,0.7825536131858826,0.0,0.0,0.2174048721790313,4.156880822847597e-05,0.7708519697189331,0.0008937293896451,0.0008313761791214,0.2274229526519775,0.0,0.7683162689208984,0.0017043211264535,0.0019121652003377,0.2280257046222686,4.156880822847597e-05,0.7625381946563721,0.001849811989814,0.0021823623683303,0.2333672940731048,6.235321052372456e-05,0.7935277819633484,0.0,0.0,0.2064722776412964,0.0,0.7618523240089417,0.0012054954422637,0.0016003991477191,0.2353210300207138,2.0784404114237987e-05,0.7493401169776917,0.0042192339897155,0.0044894311577081,0.2418265491724014,0.0001247064210474,0.7875626683235168,0.0001247064210474,6.235321052372456e-05,0.2122295498847961,2.0784404114237987e-05,0.7809947729110718,0.0003741192631423,0.0004988256841897,0.2181323170661926,0.0,0.7516887784004211,0.0024941284209489,0.0025149129796773,0.2432398796081543,6.235321052372456e-05,0.7670900225639343,0.002244715578854,0.0025980505160987,0.2280464768409729,2.0784404114237987e-05,0.7414628267288208,0.0048843347467482,0.0052168853580951,0.2482489198446273,0.0001870596315711,0.7868975400924683,0.0014756927266716,0.0020992248319089,0.2095275819301605,0.0,0.7029493451118469,0.0062768901698291,0.0063808122649788,0.2842475175857544,0.0001454908342566,0.7417330145835876,0.0033670733682811,0.0046141375787556,0.2502026557922363,8.313761645695195e-05,0.7646582126617432,0.002577266190201,0.0021407937165349,0.2306237518787384,0.0,0.7603766322135925,0.004489431157708168,0.00509217893704772,0.23002099990844727,2.0784404114237987e-05
162,0.8019662499427795,0.0,0.0,0.1980338096618652,0.0,0.8019246459007263,0.0,0.0,0.1980753690004348,0.0,0.8015921115875244,0.0,0.0,0.1984079182147979,0.0,0.8016752600669861,0.0,0.0,0.1983247846364975,0.0,0.8018831014633179,0.0,0.0,0.1981169432401657,0.0,0.8016960620880127,0.0,0.0,0.198303997516632,0.0,0.8017791509628296,0.0,0.0,0.1982208639383316,0.0,0.8018831014633179,0.0,0.0,0.1981169432401657,0.0,0.8018831014633179,0.0,0.0,0.1981169432401657,0.0,0.8018622994422913,0.0,0.0,0.1981377303600311,0.0,0.8019039034843445,0.0,0.0,0.1980961561203003,0.0,0.8018414974212646,0.0,0.0,0.1981585025787353,0.0,0.8018207550048828,0.0,0.0,0.1981792896986007,0.0,0.802007794380188,0.0,0.0,0.1979922354221344,0.0,0.8018414974212646,0.0,0.0,0.1981585025787353,0.0,0.8018414974212646,0.0,0.0,0.1981585025787353,0.0,0.8019454479217529,0.0,0.0,0.1980545818805694,0.0,0.8017791509628296,0.0,0.0,0.1982208639383316,0.0,0.8020285964012146,0.0,0.0,0.1979714483022689,0.0,0.8019246459007263,0.0,0.0,0.1980753690004348,0.0,0.8017376065254211,0.0,0.0,0.1982624381780624,0.0,0.8018831014633179,0.0,0.0,0.1981169432401657,0.0,0.8018622994422913,0.0,0.0,0.1981377303600311,0.0,0.8018414974212646,0.0,0.0,0.1981585025787353,0.0,0.8018207550048828,0.0,0.0,0.1981792896986007,0.0,0.8019039034843445,0.0,0.0,0.1980961561203003,0.0,0.8018622994422913,0.0,0.0,0.1981377303600311,0.0,0.8019039034843445,0.0,0.0,0.1980961561203003,0.0,0.8019246459007263,0.0,0.0,0.1980753690004348,0.0,0.8018831014633179,0.0,0.0,0.1981169432401657,0.0,0.7583397626876831,0.0009768670424818,0.0014549082843586,0.2391661405563354,6.235321052372456e-05,0.7542036771774292,0.0029098165687173,0.0031384450849145,0.2397273182868957,2.0784404114237987e-05,0.7760273218154907,0.0033255047164857,0.0027643258217722,0.21788290143013,0.0,0.7679213881492615,0.0007066697580739,0.0003117660526186,0.2310602217912674,0.0,0.7426891326904297,0.0022655001375824,0.0026188348419964,0.2523850202560425,4.156880822847597e-05,0.7926964163780212,0.0,0.0,0.2073036432266235,0.0,0.7322553396224976,0.0069419909268617,0.0078149363398551,0.2528630495071411,0.0001247064210474,0.7658637166023254,0.0007482385262846,0.0012886330951005,0.2320786565542221,2.0784404114237987e-05,0.789557933807373,0.0,0.0,0.2104420959949493,0.0,0.7381165623664856,0.0064223809167742,0.0086255278438329,0.2467524409294128,8.313761645695195e-05,0.7686072587966919,0.0030345229897648,0.0025564816314727,0.2257394194602966,6.235321052372456e-05,0.7654272317886353,0.0008105917368084,0.000789807352703,0.2329308241605758,4.156880822847597e-05,0.752665638923645,0.0030553073156625,0.0037204083055257,0.2404755502939224,8.313761645695195e-05,0.7814520001411438,0.0,0.0,0.2185064405202865,4.156880822847597e-05,0.769688069820404,0.0007066697580739,0.0009352981578558,0.2286700159311294,0.0,0.7666535377502441,0.0019121652003377,0.0018705963157117,0.229522168636322,4.156880822847597e-05,0.7603350877761841,0.0024733440950512,0.0023486376740038,0.2347806245088577,6.235321052372456e-05,0.7924261689186096,0.0,0.0,0.2075738459825515,0.0,0.7604182362556458,0.0013925550738349,0.0014964770525693,0.2366720139980316,2.0784404114237987e-05,0.7473655939102173,0.0035957018844783,0.0053208074532449,0.2435932159423828,0.0001247064210474,0.7864610552787781,8.313761645695195e-05,8.313761645695195e-05,0.2133519053459167,2.0784404114237987e-05,0.779685378074646,0.0005403945106081,0.0004988256841897,0.2192754596471786,0.0,0.7498181462287903,0.0027227569371461,0.0025564816314727,0.2448402792215347,6.235321052372456e-05,0.7652401924133301,0.0024525597691535,0.002930600894615,0.229355901479721,2.0784404114237987e-05,0.738802433013916,0.0055494359694421,0.0055702202953398,0.2498908936977386,0.0001870596315711,0.7853595018386841,0.0017043211264535,0.0020576559472829,0.2108785659074783,0.0,0.7005383372306824,0.0062353210523724,0.0067965001799166,0.2862843871116638,0.0001454908342566,0.7398000955581665,0.0034294265788048,0.0046972753480076,0.2519901096820831,8.313761645695195e-05,0.7633072137832642,0.0023902065586298,0.0020160872954875,0.2322864979505539,0.0,0.7578825354576111,0.00509217893704772,0.004925903864204884,0.2320786565542221,2.0784404114237987e-05
163,0.7998670339584351,0.0,0.0,0.2001330256462097,0.0,0.7998254299163818,0.0,0.0,0.2001745998859405,0.0,0.7994928956031799,0.0,0.0,0.2005071491003036,0.0,0.7995760440826416,0.0,0.0,0.2004240155220031,0.0,0.7997838854789734,0.0,0.0,0.2002161592245102,0.0,0.7995967864990234,0.0,0.0,0.2004032284021377,0.0,0.7996799349784851,0.0,0.0,0.2003200799226761,0.0,0.7997838854789734,0.0,0.0,0.2002161592245102,0.0,0.7997838854789734,0.0,0.0,0.2002161592245102,0.0,0.7997630834579468,0.0,0.0,0.2002369463443756,0.0,0.7998046278953552,0.0,0.0,0.2001953870058059,0.0,0.7997422814369202,0.0,0.0,0.200257733464241,0.0,0.7997215390205383,0.0,0.0,0.2002785205841064,0.0,0.7999085783958435,0.0,0.0,0.2000914514064788,0.0,0.7997422814369202,0.0,0.0,0.200257733464241,0.0,0.7997422814369202,0.0,0.0,0.200257733464241,0.0,0.7998462319374084,0.0,0.0,0.2001538127660751,0.0,0.7996799349784851,0.0,0.0,0.2003200799226761,0.0,0.7999293804168701,0.0,0.0,0.2000706791877746,0.0,0.7998254299163818,0.0,0.0,0.2001745998859405,0.0,0.7996383905410767,0.0,0.0,0.2003616541624069,0.0,0.7997838854789734,0.0,0.0,0.2002161592245102,0.0,0.7997630834579468,0.0,0.0,0.2002369463443756,0.0,0.7997422814369202,0.0,0.0,0.200257733464241,0.0,0.7997215390205383,0.0,0.0,0.2002785205841064,0.0,0.7998046278953552,0.0,0.0,0.2001953870058059,0.0,0.7997630834579468,0.0,0.0,0.2002369463443756,0.0,0.7998046278953552,0.0,0.0,0.2001953870058059,0.0,0.7998254299163818,0.0,0.0,0.2001745998859405,0.0,0.7997838854789734,0.0,0.0,0.2002161592245102,0.0,0.7557209134101868,0.0012470642104744,0.0010600045789033,0.2419096827507019,6.235321052372456e-05,0.7515432834625244,0.0029098165687173,0.0028474633581936,0.242678701877594,2.0784404114237987e-05,0.7733253240585327,0.003263151505962,0.002535697305575,0.220875859260559,0.0,0.7657390236854553,0.0007066697580739,0.0003117660526186,0.2332425862550735,0.0,0.7399455904960632,0.0022655001375824,0.0028058944735676,0.2549207210540771,6.235321052372456e-05,0.790597140789032,0.0,0.0,0.2094028741121292,0.0,0.7282024025917053,0.0068588531576097,0.0088749406859278,0.2559183537960052,0.0001454908342566,0.7635982036590576,0.0008105917368084,0.00114314223174,0.2344272881746292,2.0784404114237987e-05,0.7874587178230286,0.0,0.0,0.2125413119792938,0.0,0.734292209148407,0.0068588531576097,0.0079396422952413,0.2508261799812317,8.313761645695195e-05,0.765884518623352,0.0030760918743908,0.002244715578854,0.2287323623895645,6.235321052372456e-05,0.7630993723869324,0.0008729449473321,0.0008729449473321,0.2351131737232208,4.156880822847597e-05,0.749901294708252,0.0029929541051387,0.0038658990524709,0.2431567460298538,8.313761645695195e-05,0.7793527841567993,0.0,0.0,0.2206056714057922,4.156880822847597e-05,0.7675472497940063,0.0006027477211318,0.0008521605632267,0.2309978604316711,0.0,0.7642425298690796,0.0016835366841405,0.0020576559472829,0.2319747358560562,4.156880822847597e-05,0.757965624332428,0.002244715578854,0.0023902065586298,0.2373371124267578,6.235321052372456e-05,0.7903269529342651,0.0,0.0,0.209673061966896,0.0,0.7580487728118896,0.0012054954422637,0.0014341238420456,0.2392908483743667,2.0784404114237987e-05,0.7439153790473938,0.0039490368217229,0.0052168853580951,0.2467940151691436,0.0001247064210474,0.7843618392944336,6.235321052372456e-05,8.313761645695195e-05,0.2154719233512878,2.0784404114237987e-05,0.7775445580482483,0.0004780413000844,0.0004988256841897,0.2214786112308502,0.0,0.7470954060554504,0.0030345229897648,0.0022239312529563,0.2475838214159011,6.235321052372456e-05,0.7627044916152954,0.0024109908845275,0.0027643258217722,0.2320994436740875,2.0784404114237987e-05,0.7355392575263977,0.0054247295483946,0.0062561058439314,0.2525928616523742,0.0001870596315711,0.7828238010406494,0.0017043211264535,0.0019329495262354,0.2135389745235443,0.0,0.697399914264679,0.0059235552325844,0.0064847338944673,0.290046364068985,0.0001454908342566,0.7366408705711365,0.003699623979628,0.0045517846010625,0.255024641752243,8.313761645695195e-05,0.7607091665267944,0.0020576559472829,0.0024317752104252,0.2348014116287231,0.0,0.7546193599700928,0.005154532380402088,0.0048011974431574345,0.23540416359901428,2.0784404114237987e-05
164,0.7967493534088135,0.0,0.0,0.2032506912946701,0.0,0.7967077493667603,0.0,0.0,0.2032922506332397,0.0,0.7963752150535583,0.0,0.0,0.2036247998476028,0.0,0.79645836353302,0.0,0.0,0.2035416662693023,0.0,0.7966662049293518,0.0,0.0,0.2033338248729705,0.0,0.7964791655540466,0.0,0.0,0.2035208791494369,0.0,0.7965623140335083,0.0,0.0,0.2034377455711364,0.0,0.7966662049293518,0.0,0.0,0.2033338248729705,0.0,0.7966662049293518,0.0,0.0,0.2033338248729705,0.0,0.7966454029083252,0.0,0.0,0.203354611992836,0.0,0.7966870069503784,0.0,0.0,0.2033130377531051,0.0,0.7966246604919434,0.0,0.0,0.2033753991127014,0.0,0.7966038584709167,0.0,0.0,0.2033961713314056,0.0,0.7967908978462219,0.0,0.0,0.2032091170549392,0.0,0.7966246604919434,0.0,0.0,0.2033753991127014,0.0,0.7966246604919434,0.0,0.0,0.2033753991127014,0.0,0.7967285513877869,0.0,0.0,0.2032714784145355,0.0,0.7965623140335083,0.0,0.0,0.2034377455711364,0.0,0.7968116998672485,0.0,0.0,0.2031883299350738,0.0,0.7967077493667603,0.0,0.0,0.2032922506332397,0.0,0.7965207099914551,0.0,0.0,0.2034793198108673,0.0,0.7966662049293518,0.0,0.0,0.2033338248729705,0.0,0.7966454029083252,0.0,0.0,0.203354611992836,0.0,0.7966246604919434,0.0,0.0,0.2033753991127014,0.0,0.7966038584709167,0.0,0.0,0.2033961713314056,0.0,0.7966870069503784,0.0,0.0,0.2033130377531051,0.0,0.7966454029083252,0.0,0.0,0.203354611992836,0.0,0.7966870069503784,0.0,0.0,0.2033130377531051,0.0,0.7967077493667603,0.0,0.0,0.2032922506332397,0.0,0.7966662049293518,0.0,0.0,0.2033338248729705,0.0,0.7524369955062866,0.0010807890212163,0.0012678486527875,0.2451520413160324,6.235321052372456e-05,0.7479267716407776,0.0027435412630438,0.0026604037266224,0.2466277331113815,4.156880822847597e-05,0.7692931294441223,0.0030968762002885,0.002972169779241,0.2246378362178802,0.0,0.7625381946563721,0.0005819633370265,0.0003949036763515,0.236484944820404,0.0,0.7361835837364197,0.0023278533481061,0.0025564816314727,0.2588697671890259,6.235321052372456e-05,0.7874795198440552,0.0,0.0,0.2125205248594284,0.0,0.7227776646614075,0.0077317981049418,0.007960426621139,0.2613846659660339,0.0001454908342566,0.7601479887962341,0.0008729449473321,0.0011015734635293,0.2378567159175872,2.0784404114237987e-05,0.784341037273407,0.0,0.0,0.2156589776277542,0.0,0.7295741438865662,0.0064639495685696,0.0080851335078477,0.2557728886604309,0.0001039220223901,0.7622888088226318,0.0030345229897648,0.002244715578854,0.2323696315288543,6.235321052372456e-05,0.7597115635871887,0.0009768670424818,0.0009145137737505,0.2383555471897125,4.156880822847597e-05,0.745515763759613,0.003616486210376,0.003658055095002,0.2471265643835067,8.313761645695195e-05,0.7762351632118225,0.0,0.0,0.2237233221530914,4.156880822847597e-05,0.7643048763275146,0.0004988256841897,0.0008937293896451,0.2343025803565979,0.0,0.7604805827140808,0.0019121652003377,0.0022239312529563,0.235341802239418,4.156880822847597e-05,0.754411518573761,0.0021407937165349,0.0021823623683303,0.2411822229623794,8.313761645695195e-05,0.7872093319892883,0.0,0.0,0.2127907276153564,0.0,0.7546401619911194,0.0010807890212163,0.0014549082843586,0.2428034096956253,2.0784404114237987e-05,0.7396129965782166,0.0042192339897155,0.0052376696839928,0.2508054077625274,0.0001247064210474,0.7812234163284302,4.156880822847597e-05,0.0001247064210474,0.218589574098587,2.0784404114237987e-05,0.7743853330612183,0.0003533348790369,0.0005819633370265,0.2246586233377456,2.0784404114237987e-05,0.7433958053588867,0.0027435412630438,0.0026604037266224,0.2511379420757293,6.235321052372456e-05,0.7590048909187317,0.0022031469270586,0.0030553073156625,0.2357159256935119,2.0784404114237987e-05,0.7311537861824036,0.0052168853580951,0.0062145367264747,0.2572277784347534,0.0001870596315711,0.7792696356773376,0.0016003991477191,0.0022031469270586,0.2169268280267715,0.0,0.6928065419197083,0.0053208074532449,0.0068588531576097,0.2948683500289917,0.0001454908342566,0.7327541708946228,0.0035333486739546,0.0046141375787556,0.2590152323246002,8.313761645695195e-05,0.7570511102676392,0.0019537340849637,0.0029098165687173,0.2380853444337844,0.0,0.7504209280014038,0.0045933532528579235,0.005175316706299782,0.2397688925266266,4.156880822847597e-05
165,0.7943591475486755,0.0,0.0,0.205640897154808,0.0,0.7943175435066223,0.0,0.0,0.2056824564933776,0.0,0.7939850091934204,0.0,0.0,0.2060150206089019,0.0,0.7940681576728821,0.0,0.0,0.2059318721294403,0.0,0.7942759990692139,0.0,0.0,0.2057240307331085,0.0,0.7940889596939087,0.0,0.0,0.2059110850095749,0.0,0.7941721081733704,0.0,0.0,0.2058279514312744,0.0,0.7942759990692139,0.0,0.0,0.2057240307331085,0.0,0.7942759990692139,0.0,0.0,0.2057240307331085,0.0,0.7942551970481873,0.0,0.0,0.2057448178529739,0.0,0.7942968010902405,0.0,0.0,0.2057032436132431,0.0,0.7942344546318054,0.0,0.0,0.2057656049728393,0.0,0.7942136526107788,0.0,0.0,0.2057863920927047,0.0,0.794400691986084,0.0,0.0,0.2055993229150772,0.0,0.7942344546318054,0.0,0.0,0.2057656049728393,0.0,0.7942344546318054,0.0,0.0,0.2057656049728393,0.0,0.7943383455276489,0.0,0.0,0.2056616842746734,0.0,0.7941721081733704,0.0,0.0,0.2058279514312744,0.0,0.7944214940071106,0.0,0.0,0.2055785357952118,0.0,0.7943175435066223,0.0,0.0,0.2056824564933776,0.0,0.7941305041313171,0.0,0.0,0.2058695256710052,0.0,0.7942759990692139,0.0,0.0,0.2057240307331085,0.0,0.7942551970481873,0.0,0.0,0.2057448178529739,0.0,0.7942344546318054,0.0,0.0,0.2057656049728393,0.0,0.7942136526107788,0.0,0.0,0.2057863920927047,0.0,0.7942968010902405,0.0,0.0,0.2057032436132431,0.0,0.7942551970481873,0.0,0.0,0.2057448178529739,0.0,0.7942968010902405,0.0,0.0,0.2057032436132431,0.0,0.7943175435066223,0.0,0.0,0.2056824564933776,0.0,0.7942759990692139,0.0,0.0,0.2057240307331085,0.0,0.7498389482498169,0.001122357789427,0.0010807890212163,0.2478955835103988,6.235321052372456e-05,0.7449130415916443,0.0024525597691535,0.0028682476840913,0.2497246116399765,4.156880822847597e-05,0.7659676671028137,0.0031384450849145,0.0033670733682811,0.2275268733501434,0.0,0.7601064443588257,0.0005196101265028,0.000436472473666,0.2389375120401382,0.0,0.7334192395210266,0.0022862844634801,0.0022655001375824,0.2619666159152984,6.235321052372456e-05,0.7850893139839172,0.0,0.0,0.2149107456207275,0.0,0.7183921337127686,0.0081059178337454,0.0076902294531464,0.2656662464141845,0.0001454908342566,0.7574044466018677,0.0010807890212163,0.0010184358106926,0.2404755502939224,2.0784404114237987e-05,0.781950831413269,0.0,0.0,0.2180491834878921,0.0,0.7251678705215454,0.0066717937588691,0.0083137620240449,0.2597427070140838,0.0001039220223901,0.7594413161277771,0.0023902065586298,0.0030968762002885,0.2350092530250549,6.235321052372456e-05,0.7571550607681274,0.0010600045789033,0.0008105917368084,0.2409328073263168,4.156880822847597e-05,0.7418161630630493,0.0037411926314234,0.0040529589168727,0.2503065764904022,8.313761645695195e-05,0.7738449573516846,0.0,0.0,0.2261135280132293,4.156880822847597e-05,0.7617276310920715,0.0004156880895607,0.0010184358106926,0.2368382811546325,0.0,0.7575291991233826,0.0020784405060112,0.0021823623683303,0.2381684929132461,4.156880822847597e-05,0.7512730956077576,0.0025564816314727,0.0021823623683303,0.2439049780368805,8.313761645695195e-05,0.7848191261291504,0.0,0.0,0.2151809334754943,0.0,0.7519173622131348,0.0012262798845767,0.0014133395161479,0.2454222440719604,2.0784404114237987e-05,0.7357887029647827,0.0048427660949528,0.0052584540098905,0.2539854049682617,0.0001247064210474,0.7787708640098572,8.313761645695195e-05,0.0001247064210474,0.2210005670785904,2.0784404114237987e-05,0.7719951272010803,0.0002909816685132,0.0004988256841897,0.2271943241357803,2.0784404114237987e-05,0.7403404712677002,0.0026396194007247,0.0029098165687173,0.2540269792079925,8.313761645695195e-05,0.7558872103691101,0.0024941284209489,0.0028890322428196,0.238708883523941,2.0784404114237987e-05,0.7274749279022217,0.0052792388014495,0.0060898303054273,0.2609689831733703,0.0001870596315711,0.7764845490455627,0.0017043211264535,0.0019329495262354,0.2198782116174698,0.0,0.689210832118988,0.0050298259593546,0.0071082659997045,0.2984848320484161,0.0001662752329139,0.7293663024902344,0.003658055095002,0.0042400183156132,0.262631744146347,0.0001039220223901,0.754016637802124,0.0019329495262354,0.0032007982954382,0.2408496737480163,0.0,0.7470746040344238,0.0045933532528579235,0.005362376105040312,0.24292811751365662,4.156880822847597e-05
166,0.7913246154785156,0.0,0.0,0.2086754143238067,0.0,0.7912830710411072,0.0,0.0,0.2087169885635376,0.0,0.7909504771232605,0.0,0.0,0.2090495377779007,0.0,0.7910336256027222,0.0,0.0,0.2089664041996002,0.0,0.791241466999054,0.0,0.0,0.2087585479021072,0.0,0.7910544276237488,0.0,0.0,0.2089456170797348,0.0,0.7911375761032104,0.0,0.0,0.2088624835014343,0.0,0.791241466999054,0.0,0.0,0.2087585479021072,0.0,0.791241466999054,0.0,0.0,0.2087585479021072,0.0,0.7912207245826721,0.0,0.0,0.2087793350219726,0.0,0.7912622690200806,0.0,0.0,0.208737775683403,0.0,0.7911999225616455,0.0,0.0,0.208800122141838,0.0,0.7911791205406189,0.0,0.0,0.2088209092617035,0.0,0.7913661599159241,0.0,0.0,0.2086338549852371,0.0,0.7911999225616455,0.0,0.0,0.208800122141838,0.0,0.7911999225616455,0.0,0.0,0.208800122141838,0.0,0.791303813457489,0.0,0.0,0.2086962014436721,0.0,0.7911375761032104,0.0,0.0,0.2088624835014343,0.0,0.7913869619369507,0.0,0.0,0.2086130678653717,0.0,0.7912830710411072,0.0,0.0,0.2087169885635376,0.0,0.7910959720611572,0.0,0.0,0.2089040428400039,0.0,0.791241466999054,0.0,0.0,0.2087585479021072,0.0,0.7912207245826721,0.0,0.0,0.2087793350219726,0.0,0.7911999225616455,0.0,0.0,0.208800122141838,0.0,0.7911791205406189,0.0,0.0,0.2088209092617035,0.0,0.7912622690200806,0.0,0.0,0.208737775683403,0.0,0.7912207245826721,0.0,0.0,0.2087793350219726,0.0,0.7912622690200806,0.0,0.0,0.208737775683403,0.0,0.7912830710411072,0.0,0.0,0.2087169885635376,0.0,0.791241466999054,0.0,0.0,0.2087585479021072,0.0,0.7465757727622986,0.001122357789427,0.0011847109999507,0.2510548233985901,6.235321052372456e-05,0.7411718368530273,0.0023902065586298,0.003263151505962,0.2531332671642303,4.156880822847597e-05,0.7621225118637085,0.003263151505962,0.0037411926314234,0.230873167514801,0.0,0.7570095658302307,0.000270197255304,0.0007274541421793,0.2419928163290023,0.0,0.7297404408454895,0.0023070687893778,0.0025149129796773,0.2653752863407135,6.235321052372456e-05,0.7820547819137573,0.0,0.0,0.2179452627897262,0.0,0.7140066623687744,0.0076070916838943,0.0081682708114385,0.2700725495815277,0.0001454908342566,0.7539958357810974,0.0012262798845767,0.0011015734635293,0.2436555624008178,2.0784404114237987e-05,0.7789162993431091,0.0,0.0,0.2210837006568908,0.0,0.7202211618423462,0.007253757212311,0.008272192440927,0.2641489803791046,0.0001039220223901,0.7556793689727783,0.0022862844634801,0.0033878579270094,0.2385841757059097,6.235321052372456e-05,0.7539958357810974,0.000789807352703,0.0009560826001688,0.2442167550325393,4.156880822847597e-05,0.7377839684486389,0.0042400183156132,0.0041568810120224,0.2537360191345215,8.313761645695195e-05,0.7708104252815247,0.0,0.0,0.2291480600833892,4.156880822847597e-05,0.7583605647087097,0.0006858853157609,0.0009560826001688,0.2399975210428238,0.0,0.7540373802185059,0.0019745184108614,0.0022655001375824,0.2416810542345047,4.156880822847597e-05,0.7478644251823425,0.001829027547501,0.0029513854533433,0.2472720593214035,8.313761645695195e-05,0.7817845940589905,0.0,0.0,0.2182154655456543,0.0,0.7486334443092346,0.00114314223174,0.0015380459371954,0.2486646175384521,2.0784404114237987e-05,0.7314239740371704,0.0053000231273472,0.0050921789370477,0.2580591738224029,0.0001247064210474,0.7757363319396973,8.313761645695195e-05,0.0001247064210474,0.2240350991487503,2.0784404114237987e-05,0.7688359022140503,0.0002078440447803,0.0005819633370265,0.2303535491228103,2.0784404114237987e-05,0.7365785241127014,0.0025980505160987,0.003263151505962,0.257477194070816,8.313761645695195e-05,0.7523123025894165,0.0022862844634801,0.0029929541051387,0.2423877269029617,2.0784404114237987e-05,0.7230686545372009,0.0050921789370477,0.0064431652426719,0.2651882171630859,0.0002078440447803,0.7728680372238159,0.001849811989814,0.0019121652003377,0.2233699858188629,0.0,0.6847837567329407,0.0051129632629454,0.0075863073579967,0.3023507297039032,0.0001662752329139,0.7256043553352356,0.0035541329998522,0.0041984496638178,0.2665391862392425,0.0001039220223901,0.750607967376709,0.0020576559472829,0.0028266790322959,0.2445077300071716,0.0,0.7428138256072998,0.004427078180015087,0.005881986580789089,0.2468355894088745,4.156880822847597e-05
167,0.7906387448310852,0.0,0.0,0.2093612998723983,0.0,0.790597140789032,0.0,0.0,0.2094028741121292,0.0,0.7902646064758301,0.0,0.0,0.2097354233264923,0.0,0.7903477549552917,0.0,0.0,0.2096522897481918,0.0,0.7905555963516235,0.0,0.0,0.2094444334506988,0.0,0.7903685569763184,0.0,0.0,0.2096315026283264,0.0,0.7904516458511353,0.0,0.0,0.2095483690500259,0.0,0.7905555963516235,0.0,0.0,0.2094444334506988,0.0,0.7905555963516235,0.0,0.0,0.2094444334506988,0.0,0.7905347943305969,0.0,0.0,0.2094652205705642,0.0,0.7905763983726501,0.0,0.0,0.2094236612319946,0.0,0.7905140519142151,0.0,0.0,0.2094860076904297,0.0,0.7904932498931885,0.0,0.0,0.2095067948102951,0.0,0.7906802892684937,0.0,0.0,0.2093197405338287,0.0,0.7905140519142151,0.0,0.0,0.2094860076904297,0.0,0.7905140519142151,0.0,0.0,0.2094860076904297,0.0,0.7906179428100586,0.0,0.0,0.2093820869922638,0.0,0.7904516458511353,0.0,0.0,0.2095483690500259,0.0,0.7907010912895203,0.0,0.0,0.2092989534139633,0.0,0.790597140789032,0.0,0.0,0.2094028741121292,0.0,0.7904101014137268,0.0,0.0,0.2095899283885955,0.0,0.7905555963516235,0.0,0.0,0.2094444334506988,0.0,0.7905347943305969,0.0,0.0,0.2094652205705642,0.0,0.7905140519142151,0.0,0.0,0.2094860076904297,0.0,0.7904932498931885,0.0,0.0,0.2095067948102951,0.0,0.7905763983726501,0.0,0.0,0.2094236612319946,0.0,0.7905347943305969,0.0,0.0,0.2094652205705642,0.0,0.7905763983726501,0.0,0.0,0.2094236612319946,0.0,0.790597140789032,0.0,0.0,0.2094028741121292,0.0,0.7905555963516235,0.0,0.0,0.2094444334506988,0.0,0.7455365657806396,0.0009560826001688,0.0014964770525693,0.2519485354423523,6.235321052372456e-05,0.7398832440376282,0.0024317752104252,0.0034709954634308,0.2541724741458893,4.156880822847597e-05,0.7603558301925659,0.0037411926314234,0.0039282524958252,0.2319747358560562,0.0,0.7560742497444153,0.000436472473666,0.000789807352703,0.2426994889974594,0.0,0.7285349369049072,0.0021823623683303,0.0029098165687173,0.2663105726242065,6.235321052372456e-05,0.7813689112663269,0.0,0.0,0.2186311483383178,0.0,0.7113046646118164,0.0076694451272487,0.0088957250118255,0.271984726190567,0.0001454908342566,0.7531644701957703,0.0012054954422637,0.0009145137737505,0.244694784283638,2.0784404114237987e-05,0.7782304286956787,0.0,0.0,0.2217695862054824,0.0,0.7181427478790283,0.006921206600964,0.0081474864855408,0.2666846811771393,0.0001039220223901,0.7545154094696045,0.0021407937165349,0.003658055095002,0.2396233975887298,6.235321052372456e-05,0.7530813217163086,0.000789807352703,0.0010392202530056,0.2450481206178665,4.156880822847597e-05,0.7364745736122131,0.0041984496638178,0.0037204083055257,0.2555234730243683,8.313761645695195e-05,0.7701245546340942,0.0,0.0,0.2298339456319809,4.156880822847597e-05,0.7575499415397644,0.0007690229685977,0.0007482385262846,0.2409328073263168,0.0,0.7528318762779236,0.0021823623683303,0.0022239312529563,0.2427202761173248,4.156880822847597e-05,0.7463887333869934,0.0023486376740038,0.0027435412630438,0.2484359890222549,8.313761645695195e-05,0.7810986638069153,0.0,0.0,0.2189013510942459,0.0,0.7475942373275757,0.0012262798845767,0.0016627523582428,0.2494959831237793,2.0784404114237987e-05,0.7293663024902344,0.0053208074532449,0.0049466881901025,0.2602415382862091,0.0001247064210474,0.7750296592712402,0.0001039220223901,8.313761645695195e-05,0.2247625440359115,2.0784404114237987e-05,0.7680668830871582,0.0002494128420948,0.0005819633370265,0.2310810089111328,2.0784404114237987e-05,0.7349573373794556,0.0029098165687173,0.0033462890423834,0.2587034702301025,8.313761645695195e-05,0.7510236501693726,0.0024525597691535,0.0028890322428196,0.2436140030622482,2.0784404114237987e-05,0.7210733294487,0.0052376696839928,0.0067133624106645,0.2667678296566009,0.0002078440447803,0.771891176700592,0.0017043211264535,0.0021407937165349,0.2242637276649475,0.0,0.6825182437896729,0.0056533580645918,0.0072745415382087,0.3043875992298126,0.0001662752329139,0.7239000201225281,0.0035125643480569,0.0044894311577081,0.2679941058158874,0.0001039220223901,0.7490907311439514,0.0023902065586298,0.0028890322428196,0.2456300854682922,0.0,0.740797758102417,0.0045933532528579235,0.0062561058439314365,0.24831128120422363,4.156880822847597e-05
168,0.7905140519142151,0.0,0.0,0.2094860076904297,0.0,0.7904724478721619,0.0,0.0,0.2095275819301605,0.0,0.79013991355896,0.0,0.0,0.2098601311445236,0.0,0.7902230620384216,0.0,0.0,0.2097769975662231,0.0,0.7904309034347534,0.0,0.0,0.2095691412687301,0.0,0.7902438044548035,0.0,0.0,0.2097562104463577,0.0,0.7903269529342651,0.0,0.0,0.209673061966896,0.0,0.7904309034347534,0.0,0.0,0.2095691412687301,0.0,0.7904309034347534,0.0,0.0,0.2095691412687301,0.0,0.7904101014137268,0.0,0.0,0.2095899283885955,0.0,0.7904516458511353,0.0,0.0,0.2095483690500259,0.0,0.7903892993927002,0.0,0.0,0.209610715508461,0.0,0.7903685569763184,0.0,0.0,0.2096315026283264,0.0,0.7905555963516235,0.0,0.0,0.2094444334506988,0.0,0.7903892993927002,0.0,0.0,0.209610715508461,0.0,0.7903892993927002,0.0,0.0,0.209610715508461,0.0,0.7904932498931885,0.0,0.0,0.2095067948102951,0.0,0.7903269529342651,0.0,0.0,0.209673061966896,0.0,0.7905763983726501,0.0,0.0,0.2094236612319946,0.0,0.7904724478721619,0.0,0.0,0.2095275819301605,0.0,0.7902854084968567,0.0,0.0,0.2097146362066269,0.0,0.7904309034347534,0.0,0.0,0.2095691412687301,0.0,0.7904101014137268,0.0,0.0,0.2095899283885955,0.0,0.7903892993927002,0.0,0.0,0.209610715508461,0.0,0.7903685569763184,0.0,0.0,0.2096315026283264,0.0,0.7904516458511353,0.0,0.0,0.2095483690500259,0.0,0.7904101014137268,0.0,0.0,0.2095899283885955,0.0,0.7904516458511353,0.0,0.0,0.2095483690500259,0.0,0.7904724478721619,0.0,0.0,0.2095275819301605,0.0,0.7904309034347534,0.0,0.0,0.2095691412687301,0.0,0.7450377345085144,0.001163926674053,0.0014133395161479,0.2523226737976074,6.235321052372456e-05,0.7393012642860413,0.0023902065586298,0.0034086422529071,0.2548583745956421,4.156880822847597e-05,0.7597115635871887,0.0033462890423834,0.0041776653379201,0.2327645421028137,0.0,0.7559287548065186,0.0003741192631423,0.000789807352703,0.2429073303937912,0.0,0.7278906106948853,0.0020576559472829,0.0029098165687173,0.2670795917510986,6.235321052372456e-05,0.781244158744812,0.0,0.0,0.2187558561563491,0.0,0.7098081707954407,0.0067341467365622,0.0091659221798181,0.2741462886333465,0.0001454908342566,0.7527695298194885,0.00114314223174,0.00114314223174,0.2449234127998352,2.0784404114237987e-05,0.7781057357788086,0.0,0.0,0.2218942940235138,0.0,0.7160435318946838,0.0072953258641064,0.0084592523053288,0.2680980265140533,0.0001039220223901,0.7538087964057922,0.002244715578854,0.0035541329998522,0.2403300702571869,6.235321052372456e-05,0.7527695298194885,0.0007066697580739,0.00114314223174,0.2453391104936599,4.156880822847597e-05,0.7356640100479126,0.003616486210376,0.0042608026415109,0.2563756108283996,8.313761645695195e-05,0.7699998021125793,0.0,0.0,0.2299586534500122,4.156880822847597e-05,0.7573005557060242,0.0007690229685977,0.0007274541421793,0.2412030100822448,0.0,0.7523331046104431,0.0019121652003377,0.0023278533481061,0.243385374546051,4.156880822847597e-05,0.7459315061569214,0.002244715578854,0.0026811880525201,0.2490595132112503,8.313761645695195e-05,0.7809739708900452,0.0,0.0,0.219026044011116,0.0,0.7470954060554504,0.0013094174209982,0.0014964770525693,0.2500779628753662,2.0784404114237987e-05,0.7284102439880371,0.0049674725160002,0.0051337475888431,0.2613638937473297,0.0001247064210474,0.7748633623123169,0.0001247064210474,8.313761645695195e-05,0.2249080389738083,2.0784404114237987e-05,0.7678797841072083,0.000270197255304,0.0005196101265028,0.23130963742733,2.0784404114237987e-05,0.7341675162315369,0.0029929541051387,0.003616486210376,0.2591399550437927,8.313761645695195e-05,0.7504416704177856,0.0023278533481061,0.0029929541051387,0.2442167550325393,2.0784404114237987e-05,0.7198054790496826,0.0051129632629454,0.0066925780847668,0.268181174993515,0.0002078440447803,0.7715170979499817,0.0015172614948824,0.0021407937165349,0.2248249053955078,0.0,0.6811257004737854,0.0054455138742923,0.0073992479592561,0.3058632910251617,0.0001662752329139,0.7230478525161743,0.0034709954634308,0.0044686468318104,0.2689086198806762,0.0001039220223901,0.7483217120170593,0.0024941284209489,0.0025980505160987,0.2465861737728119,0.0,0.7396546006202698,0.004531000275164843,0.006235321052372456,0.24953755736351013,4.156880822847597e-05
169,0.7892253994941711,0.0,0.0,0.2107746452093124,0.0,0.7891837954521179,0.0,0.0,0.210816204547882,0.0,0.788851261138916,0.0,0.0,0.2111487686634063,0.0,0.7889344096183777,0.0,0.0,0.2110656201839447,0.0,0.7891422510147095,0.0,0.0,0.2108577787876129,0.0,0.7889552116394043,0.0,0.0,0.2110448330640792,0.0,0.789038360118866,0.0,0.0,0.2109616994857788,0.0,0.7891422510147095,0.0,0.0,0.2108577787876129,0.0,0.7891422510147095,0.0,0.0,0.2108577787876129,0.0,0.7891214489936829,0.0,0.0,0.2108785659074783,0.0,0.7891630530357361,0.0,0.0,0.2108369916677475,0.0,0.789100706577301,0.0,0.0,0.2108993530273437,0.0,0.7890799045562744,0.0,0.0,0.2109201401472091,0.0,0.7892669439315796,0.0,0.0,0.2107330709695816,0.0,0.789100706577301,0.0,0.0,0.2108993530273437,0.0,0.789100706577301,0.0,0.0,0.2108993530273437,0.0,0.7892045974731445,0.0,0.0,0.2107954323291778,0.0,0.789038360118866,0.0,0.0,0.2109616994857788,0.0,0.7892877459526062,0.0,0.0,0.2107122838497162,0.0,0.7891837954521179,0.0,0.0,0.210816204547882,0.0,0.7889967560768127,0.0,0.0,0.2110032737255096,0.0,0.7891422510147095,0.0,0.0,0.2108577787876129,0.0,0.7891214489936829,0.0,0.0,0.2108785659074783,0.0,0.789100706577301,0.0,0.0,0.2108993530273437,0.0,0.7890799045562744,0.0,0.0,0.2109201401472091,0.0,0.7891630530357361,0.0,0.0,0.2108369916677475,0.0,0.7891214489936829,0.0,0.0,0.2108785659074783,0.0,0.7891630530357361,0.0,0.0,0.2108369916677475,0.0,0.7891837954521179,0.0,0.0,0.210816204547882,0.0,0.7891422510147095,0.0,0.0,0.2108577787876129,0.0,0.7433750033378601,0.0013302018633112,0.0012886330951005,0.2539438605308532,6.235321052372456e-05,0.7373059391975403,0.0024733440950512,0.0033670733682811,0.2568120956420898,4.156880822847597e-05,0.7577370405197144,0.0030968762002885,0.004032174590975,0.2351339608430862,0.0,0.7544946670532227,0.0004780413000844,0.0006235321052372,0.2444038093090057,0.0,0.726290225982666,0.0019953027367591,0.0027019726112484,0.2689501941204071,6.235321052372456e-05,0.7799555659294128,0.0,0.0,0.2200444936752319,0.0,0.706877589225769,0.0063808122649788,0.009727100841701,0.2768690586090088,0.0001454908342566,0.751252293586731,0.0010184358106926,0.0012262798845767,0.246482253074646,2.0784404114237987e-05,0.7768170833587646,0.0,0.0,0.2231829315423965,0.0,0.7131960391998291,0.006838068831712,0.0084800366312265,0.2713819742202759,0.0001039220223901,0.7521460056304932,0.0021615780424326,0.0034917797893285,0.2421383112668991,6.235321052372456e-05,0.7513354420661926,0.0006858853157609,0.00114314223174,0.2467940151691436,4.156880822847597e-05,0.73358553647995,0.0030968762002885,0.0049259038642048,0.2583085596561432,8.313761645695195e-05,0.7687112092971802,0.0,0.0,0.2312472760677337,4.156880822847597e-05,0.7559703588485718,0.0006235321052372,0.0006858853157609,0.2427202761173248,0.0,0.7504001259803772,0.0019953027367591,0.0024733440950512,0.2450896948575973,4.156880822847597e-05,0.7442687153816223,0.0018705963157117,0.0028890322428196,0.2508885562419891,8.313761645695195e-05,0.779685378074646,0.0,0.0,0.2203146815299987,0.0,0.7454326748847961,0.0013509863056242,0.0014133395161479,0.2517822682857513,2.0784404114237987e-05,0.7260200381278992,0.0046349219046533,0.0056533580645918,0.2635670304298401,0.0001247064210474,0.7735539674758911,8.313761645695195e-05,0.0001039220223901,0.2262382358312606,2.0784404114237987e-05,0.7664456963539124,0.0004156880895607,0.0003533348790369,0.2327645421028137,2.0784404114237987e-05,0.7323592901229858,0.0028474633581936,0.0034086422529071,0.261280745267868,0.0001039220223901,0.7486334443092346,0.0021200091578066,0.002930600894615,0.2462951838970184,2.0784404114237987e-05,0.7171242833137512,0.0052168853580951,0.0065055186860263,0.2709454894065857,0.0002078440447803,0.7697712182998657,0.0015796147054061,0.0019953027367591,0.2266539335250854,0.0,0.6785484552383423,0.0055286516435444,0.006526303011924,0.3092303574085235,0.0001662752329139,0.7209901809692383,0.0032423669472336,0.0045310002751648,0.2711325585842132,0.0001039220223901,0.7466589212417603,0.0022239312529563,0.0025980505160987,0.2485191226005554,0.0,0.7368694543838501,0.005071394611150026,0.005549435969442129,0.25246816873550415,4.156880822847597e-05
170,0.78679358959198,0.0,0.0,0.21320641040802,0.0,0.7867520451545715,0.0,0.0,0.2132479846477508,0.0,0.7864195108413696,0.0,0.0,0.2135805338621139,0.0,0.7865026593208313,0.0,0.0,0.2134974002838134,0.0,0.7867105007171631,0.0,0.0,0.2132895588874817,0.0,0.7865234017372131,0.0,0.0,0.213476613163948,0.0,0.7866065502166748,0.0,0.0,0.2133934795856475,0.0,0.7867105007171631,0.0,0.0,0.2132895588874817,0.0,0.7867105007171631,0.0,0.0,0.2132895588874817,0.0,0.7866896986961365,0.0,0.0,0.2133103460073471,0.0,0.7867312431335449,0.0,0.0,0.2132687717676162,0.0,0.7866688966751099,0.0,0.0,0.2133311182260513,0.0,0.786648154258728,0.0,0.0,0.2133519053459167,0.0,0.7868351936340332,0.0,0.0,0.2131648510694503,0.0,0.7866688966751099,0.0,0.0,0.2133311182260513,0.0,0.7866688966751099,0.0,0.0,0.2133311182260513,0.0,0.7867728471755981,0.0,0.0,0.2132271975278854,0.0,0.7866065502166748,0.0,0.0,0.2133934795856475,0.0,0.7868559956550598,0.0,0.0,0.2131440639495849,0.0,0.7867520451545715,0.0,0.0,0.2132479846477508,0.0,0.7865650057792664,0.0,0.0,0.2134350389242172,0.0,0.7867105007171631,0.0,0.0,0.2132895588874817,0.0,0.7866896986961365,0.0,0.0,0.2133103460073471,0.0,0.7866688966751099,0.0,0.0,0.2133311182260513,0.0,0.786648154258728,0.0,0.0,0.2133519053459167,0.0,0.7867312431335449,0.0,0.0,0.2132687717676162,0.0,0.7866896986961365,0.0,0.0,0.2133103460073471,0.0,0.7867312431335449,0.0,0.0,0.2132687717676162,0.0,0.7867520451545715,0.0,0.0,0.2132479846477508,0.0,0.7867105007171631,0.0,0.0,0.2132895588874817,0.0,0.7405899167060852,0.0014549082843586,0.0013509863056242,0.256541907787323,6.235321052372456e-05,0.7341467142105103,0.0024941284209489,0.0031592294108122,0.2601583898067474,4.156880822847597e-05,0.7543907165527344,0.0032007982954382,0.0039490368217229,0.2384594678878784,0.0,0.7519381642341614,0.0005403945106081,0.0005819633370265,0.2469395101070404,0.0,0.7229647040367126,0.002244715578854,0.002930600894615,0.2717976570129394,6.235321052372456e-05,0.7775237560272217,0.0,0.0,0.2224762588739395,0.0,0.7025128602981567,0.0069627752527594,0.0094569036737084,0.2809012234210968,0.0001662752329139,0.7485295534133911,0.0009352981578558,0.0014549082843586,0.2490595132112503,2.0784404114237987e-05,0.7743853330612183,0.0,0.0,0.2256147116422653,0.0,0.7095587849617004,0.0061313994228839,0.0085839591920375,0.2756219804286957,0.0001039220223901,0.7491738200187683,0.0019745184108614,0.0031176605261862,0.245671659708023,6.235321052372456e-05,0.7486542463302612,0.0008105917368084,0.0011847109999507,0.2493089288473129,4.156880822847597e-05,0.730031430721283,0.0032215826213359,0.004738843999803,0.26192507147789,8.313761645695195e-05,0.766279399394989,0.0,0.0,0.2336790561676025,4.156880822847597e-05,0.7533307075500488,0.0004988256841897,0.0007482385262846,0.2454222440719604,0.0,0.7476773858070374,0.001829027547501,0.002535697305575,0.2479163706302642,4.156880822847597e-05,0.7414004802703857,0.0019329495262354,0.002930600894615,0.2536528706550598,8.313761645695195e-05,0.7772535681724548,0.0,0.0,0.2227464616298675,0.0,0.742605984210968,0.0014964770525693,0.0014756927266716,0.2544011175632477,2.0784404114237987e-05,0.7223827242851257,0.0045102154836058,0.0061729680746793,0.2668094038963318,0.0001247064210474,0.7711221575737,8.313761645695195e-05,8.313761645695195e-05,0.2286908030509948,2.0784404114237987e-05,0.7640138864517212,0.0002909816685132,0.0004156880895607,0.2352586686611175,2.0784404114237987e-05,0.7292208075523376,0.0028266790322959,0.0033670733682811,0.2644815444946289,0.0001039220223901,0.7455573678016663,0.0022239312529563,0.0030345229897648,0.2491634339094162,2.0784404114237987e-05,0.713715672492981,0.0048219817690551,0.0066510094329714,0.2746035456657409,0.0002078440447803,0.7668821811676025,0.0014549082843586,0.0022862844634801,0.2293766885995865,0.0,0.6745994091033936,0.0056533580645918,0.0064223809167742,0.3131378293037414,0.0001870596315711,0.717519223690033,0.0035541329998522,0.0043855090625584,0.2744164764881134,0.0001247064210474,0.743894636631012,0.0021823623683303,0.0023070687893778,0.2516160011291504,0.0,0.7334400415420532,0.004842766094952822,0.005819633137434721,0.2558560073375702,4.156880822847597e-05
171,0.7832810282707214,0.0,0.0,0.2167189866304397,0.0,0.783239483833313,0.0,0.0,0.2167605459690094,0.0,0.7829069495201111,0.0,0.0,0.2170930951833725,0.0,0.7829900979995728,0.0,0.0,0.217009961605072,0.0,0.7831979393959045,0.0,0.0,0.2168021202087402,0.0,0.7830108404159546,0.0,0.0,0.2169891744852066,0.0,0.7830939888954163,0.0,0.0,0.2169060409069061,0.0,0.7831979393959045,0.0,0.0,0.2168021202087402,0.0,0.7831979393959045,0.0,0.0,0.2168021202087402,0.0,0.7831771373748779,0.0,0.0,0.2168229073286056,0.0,0.7832186818122864,0.0,0.0,0.2167813330888748,0.0,0.7831563353538513,0.0,0.0,0.216843694448471,0.0,0.7831355333328247,0.0,0.0,0.2168644666671753,0.0,0.7833226323127747,0.0,0.0,0.2166774123907089,0.0,0.7831563353538513,0.0,0.0,0.216843694448471,0.0,0.7831563353538513,0.0,0.0,0.216843694448471,0.0,0.7832602858543396,0.0,0.0,0.2167397588491439,0.0,0.7830939888954163,0.0,0.0,0.2169060409069061,0.0,0.7833434343338013,0.0,0.0,0.2166566252708435,0.0,0.783239483833313,0.0,0.0,0.2167605459690094,0.0,0.7830524444580078,0.0,0.0,0.2169476151466369,0.0,0.7831979393959045,0.0,0.0,0.2168021202087402,0.0,0.7831771373748779,0.0,0.0,0.2168229073286056,0.0,0.7831563353538513,0.0,0.0,0.216843694448471,0.0,0.7831355333328247,0.0,0.0,0.2168644666671753,0.0,0.7832186818122864,0.0,0.0,0.2167813330888748,0.0,0.7831771373748779,0.0,0.0,0.2168229073286056,0.0,0.7832186818122864,0.0,0.0,0.2167813330888748,0.0,0.783239483833313,0.0,0.0,0.2167605459690094,0.0,0.7831979393959045,0.0,0.0,0.2168021202087402,0.0,0.7368279099464417,0.0013509863056242,0.0014756927266716,0.2602830827236175,6.235321052372456e-05,0.730031430721283,0.0024941284209489,0.0029929541051387,0.264439970254898,4.156880822847597e-05,0.749901294708252,0.0030968762002885,0.004343940410763,0.2426579147577285,0.0,0.7483424544334412,0.0003741192631423,0.0005196101265028,0.2507638335227966,0.0,0.7189949154853821,0.0021823623683303,0.0028266790322959,0.2759337425231933,6.235321052372456e-05,0.7740111947059631,0.0,0.0,0.225988820195198,0.0,0.6976077556610107,0.0063392431475222,0.0096231792122125,0.2862635850906372,0.0001662752329139,0.7448506951332092,0.0009560826001688,0.0013717706315219,0.252800703048706,2.0784404114237987e-05,0.7708727717399597,0.0,0.0,0.2291272729635238,0.0,0.7043210864067078,0.0064639495685696,0.0086463121697306,0.2804439663887024,0.0001247064210474,0.7450169920921326,0.0021407937165349,0.0027643258217722,0.2500155866146087,6.235321052372456e-05,0.7449338436126709,0.000789807352703,0.0010184358106926,0.2532163858413696,4.156880822847597e-05,0.7256667017936707,0.0034502111375331,0.0048635504208505,0.2659156620502472,0.0001039220223901,0.7627668380737305,0.0,0.0,0.237191617488861,4.156880822847597e-05,0.7497766017913818,0.0004156880895607,0.0008105917368084,0.2489763796329498,2.0784404114237987e-05,0.7436867356300354,0.0017874587792903,0.0024941284209489,0.2519901096820831,4.156880822847597e-05,0.7374722361564636,0.0015588302630931,0.0026188348419964,0.2582670152187347,8.313761645695195e-05,0.7737410068511963,0.0,0.0,0.2262590229511261,0.0,0.7387192845344543,0.0015172614948824,0.0014964770525693,0.2582462131977081,2.0784404114237987e-05,0.7176647186279297,0.004343940410763,0.0066717937588691,0.2711949050426483,0.0001247064210474,0.7675472497940063,0.0001247064210474,0.0001039220223901,0.2322033643722534,2.0784404114237987e-05,0.7604182362556458,0.0002909816685132,0.0002909816685132,0.2389790713787078,2.0784404114237987e-05,0.7250639200210571,0.002535697305575,0.0035333486739546,0.2687631249427795,0.0001039220223901,0.7415875196456909,0.0020784405060112,0.0028890322428196,0.2534242272377014,2.0784404114237987e-05,0.7092054486274719,0.0045102154836058,0.0064015965908765,0.2796541452407837,0.0002286284434376,0.7628915309906006,0.0016419679159298,0.0021407937165349,0.233325719833374,0.0,0.6702138781547546,0.0049466881901025,0.0066925780847668,0.3179598152637481,0.0001870596315711,0.7131128907203674,0.0034294265788048,0.0045725689269602,0.2787604331970215,0.0001247064210474,0.7400494813919067,0.0016835366841405,0.0028890322428196,0.2553779780864715,0.0,0.7287635803222656,0.004676491022109985,0.00575728015974164,0.2607611417770386,4.156880822847597e-05
172,0.7816598415374756,0.0,0.0,0.2183401584625244,0.0,0.7816182971000671,0.0,0.0,0.2183817327022552,0.0,0.7812857627868652,0.0,0.0,0.2187142819166183,0.0,0.7813689112663269,0.0,0.0,0.2186311483383178,0.0,0.7815767526626587,0.0,0.0,0.218423306941986,0.0,0.7813896536827087,0.0,0.0,0.2186103612184524,0.0,0.7814728021621704,0.0,0.0,0.2185272276401519,0.0,0.7815767526626587,0.0,0.0,0.218423306941986,0.0,0.7815767526626587,0.0,0.0,0.218423306941986,0.0,0.7815559506416321,0.0,0.0,0.2184440940618515,0.0,0.7815974950790405,0.0,0.0,0.2184025198221206,0.0,0.7815351486206055,0.0,0.0,0.2184648662805557,0.0,0.7815144062042236,0.0,0.0,0.2184856534004211,0.0,0.7817014455795288,0.0,0.0,0.2182985991239547,0.0,0.7815351486206055,0.0,0.0,0.2184648662805557,0.0,0.7815351486206055,0.0,0.0,0.2184648662805557,0.0,0.7816390991210938,0.0,0.0,0.2183609455823898,0.0,0.7814728021621704,0.0,0.0,0.2185272276401519,0.0,0.7817222476005554,0.0,0.0,0.2182778120040893,0.0,0.7816182971000671,0.0,0.0,0.2183817327022552,0.0,0.781431257724762,0.0,0.0,0.2185687869787216,0.0,0.7815767526626587,0.0,0.0,0.218423306941986,0.0,0.7815559506416321,0.0,0.0,0.2184440940618515,0.0,0.7815351486206055,0.0,0.0,0.2184648662805557,0.0,0.7815144062042236,0.0,0.0,0.2184856534004211,0.0,0.7815974950790405,0.0,0.0,0.2184025198221206,0.0,0.7815559506416321,0.0,0.0,0.2184440940618515,0.0,0.7815974950790405,0.0,0.0,0.2184025198221206,0.0,0.7816182971000671,0.0,0.0,0.2183817327022552,0.0,0.7815767526626587,0.0,0.0,0.218423306941986,0.0,0.7347910404205322,0.0013925550738349,0.0013302018633112,0.2624238729476928,6.235321052372456e-05,0.7277451157569885,0.0027019726112484,0.0028890322428196,0.2666223347187042,4.156880822847597e-05,0.7474902868270874,0.0033670733682811,0.0042608026415109,0.2448818534612655,0.0,0.7466173768043518,0.0004572568868752,0.0004572568868752,0.2524681687355041,0.0,0.7170203924179077,0.0020160872954875,0.0027019726112484,0.2781992554664612,6.235321052372456e-05,0.7723900079727173,0.0,0.0,0.2276100069284439,0.0,0.6946355700492859,0.0063184588216245,0.0090412162244319,0.2898385226726532,0.0001662752329139,0.7429801225662231,0.0009352981578558,0.0014756927266716,0.2545881569385528,2.0784404114237987e-05,0.7692515850067139,0.0,0.0,0.2307484596967697,0.0,0.7011618614196777,0.0060274773277342,0.0088957250118255,0.28379026055336,0.0001247064210474,0.7428761720657349,0.0020784405060112,0.0027227569371461,0.2522603273391723,6.235321052372456e-05,0.7430840134620667,0.0008313761791214,0.0009768670424818,0.2550662159919739,4.156880822847597e-05,0.7233180403709412,0.0034917797893285,0.0048843347467482,0.2682019472122192,0.0001039220223901,0.7611456513404846,0.0,0.0,0.2388128042221069,4.156880822847597e-05,0.7480722665786743,0.0003741192631423,0.0008937293896451,0.2506391406059265,2.0784404114237987e-05,0.7417122721672058,0.0017666743369773,0.0025564816314727,0.2539230585098266,4.156880822847597e-05,0.7353106737136841,0.0017666743369773,0.0026811880525201,0.2601583898067474,8.313761645695195e-05,0.7721198201179504,0.0,0.0,0.2278802096843719,0.0,0.736807107925415,0.0014341238420456,0.0016003991477191,0.2601375877857208,2.0784404114237987e-05,0.7147756814956665,0.0047804131172597,0.0061521837487816,0.2741670608520508,0.0001247064210474,0.7659260630607605,8.313761645695195e-05,0.0001454908342566,0.2338245511054992,2.0784404114237987e-05,0.7587762475013733,0.0002494128420948,0.0003117660526186,0.2406418323516845,2.0784404114237987e-05,0.7225074768066406,0.0028058944735676,0.0035749175585806,0.2710078358650207,0.0001039220223901,0.7394675016403198,0.0021200091578066,0.0029098165687173,0.2554818987846374,2.0784404114237987e-05,0.7060046195983887,0.0049466881901025,0.0063808122649788,0.2824184894561767,0.0002494128420948,0.7608339190483093,0.001829027547501,0.0019537340849637,0.2353833764791488,0.0,0.6673664450645447,0.0049051195383071,0.006921206600964,0.3206202089786529,0.0001870596315711,0.710618793964386,0.0035749175585806,0.0042400183156132,0.2814416289329529,0.0001247064210474,0.7380126118659973,0.0014549082843586,0.0030345229897648,0.2574979960918426,0.0,0.7261862754821777,0.004614137578755617,0.00561178894713521,0.26354625821113586,4.156880822847597e-05
173,0.7801634073257446,0.0,0.0,0.2198366373777389,0.0,0.7801218032836914,0.0,0.0,0.2198782116174698,0.0,0.7797892689704895,0.0,0.0,0.2202107608318328,0.0,0.7798724174499512,0.0,0.0,0.2201276272535324,0.0,0.780080258846283,0.0,0.0,0.2199197858572006,0.0,0.7798932194709778,0.0,0.0,0.220106840133667,0.0,0.7799763083457947,0.0,0.0,0.2200237065553665,0.0,0.780080258846283,0.0,0.0,0.2199197858572006,0.0,0.780080258846283,0.0,0.0,0.2199197858572006,0.0,0.7800594568252563,0.0,0.0,0.2199405580759048,0.0,0.7801010608673096,0.0,0.0,0.2198989987373352,0.0,0.7800387144088745,0.0,0.0,0.2199613451957702,0.0,0.7800179123878479,0.0,0.0,0.2199821323156356,0.0,0.7802049517631531,0.0,0.0,0.2197950780391693,0.0,0.7800387144088745,0.0,0.0,0.2199613451957702,0.0,0.7800387144088745,0.0,0.0,0.2199613451957702,0.0,0.780142605304718,0.0,0.0,0.2198574244976043,0.0,0.7799763083457947,0.0,0.0,0.2200237065553665,0.0,0.7802257537841797,0.0,0.0,0.2197742909193039,0.0,0.7801218032836914,0.0,0.0,0.2198782116174698,0.0,0.7799347639083862,0.0,0.0,0.2200652658939361,0.0,0.780080258846283,0.0,0.0,0.2199197858572006,0.0,0.7800594568252563,0.0,0.0,0.2199405580759048,0.0,0.7800387144088745,0.0,0.0,0.2199613451957702,0.0,0.7800179123878479,0.0,0.0,0.2199821323156356,0.0,0.7801010608673096,0.0,0.0,0.2198989987373352,0.0,0.7800594568252563,0.0,0.0,0.2199405580759048,0.0,0.7801010608673096,0.0,0.0,0.2198989987373352,0.0,0.7801218032836914,0.0,0.0,0.2198782116174698,0.0,0.780080258846283,0.0,0.0,0.2199197858572006,0.0,0.7330659627914429,0.0012470642104744,0.0015380459371954,0.2640866339206695,6.235321052372456e-05,0.7256250977516174,0.0026188348419964,0.0030968762002885,0.2686176300048828,4.156880822847597e-05,0.7447883486747742,0.0038866836111992,0.004032174590975,0.2472928464412689,0.0,0.7451208829879761,0.0003117660526186,0.0005196101265028,0.2540477812290191,0.0,0.7149211764335632,0.0023070687893778,0.0023694219999015,0.2803400456905365,6.235321052372456e-05,0.7708935737609863,0.0,0.0,0.2291064858436584,0.0,0.6914555430412292,0.0063600274734199,0.008376115001738,0.2936420738697052,0.0001662752329139,0.741192638874054,0.0009976513683795,0.0013717706315219,0.2564171850681305,2.0784404114237987e-05,0.7677550911903381,0.0,0.0,0.2322449386119842,0.0,0.6979818344116211,0.0061521837487816,0.0088541563600301,0.2868871390819549,0.0001247064210474,0.7406522631645203,0.0024317752104252,0.0026188348419964,0.2542348206043243,6.235321052372456e-05,0.7414212822914124,0.0008521605632267,0.0008521605632267,0.256832867860794,4.156880822847597e-05,0.720491349697113,0.004032174590975,0.0044062938541173,0.2709662616252899,0.0001039220223901,0.7596491575241089,0.0,0.0,0.2403092831373214,4.156880822847597e-05,0.74640953540802,0.0004988256841897,0.0008105917368084,0.2522603273391723,2.0784404114237987e-05,0.7397377490997314,0.0016003991477191,0.0025564816314727,0.256063848733902,4.156880822847597e-05,0.7332945466041565,0.0019121652003377,0.0026188348419964,0.2620705366134643,0.0001039220223901,0.7706233263015747,0.0,0.0,0.2293766885995865,0.0,0.734936535358429,0.0014341238420456,0.0016835366841405,0.26192507147789,2.0784404114237987e-05,0.7119489908218384,0.0050090411677956,0.0060690459795296,0.2768274843692779,0.0001454908342566,0.7643256783485413,0.0001662752329139,0.0001454908342566,0.235341802239418,2.0784404114237987e-05,0.757175862789154,0.0002078440447803,0.0004156880895607,0.2421798706054687,2.0784404114237987e-05,0.7204082012176514,0.0028890322428196,0.0035125643480569,0.273086279630661,0.0001039220223901,0.7372020483016968,0.0023694219999015,0.0028474633581936,0.2575603425502777,2.0784404114237987e-05,0.7033234238624573,0.004738843999803,0.0065055186860263,0.2851828038692474,0.0002494128420948,0.7590879797935486,0.0016211834736168,0.0019745184108614,0.2373163253068924,0.0,0.6646644473075867,0.0048219817690551,0.0067341467365622,0.3235923945903778,0.0001870596315711,0.708228588104248,0.003699623979628,0.0042400183156132,0.2837071120738983,0.0001247064210474,0.7358094453811646,0.0017874587792903,0.0028682476840913,0.2595348656177521,0.0,0.723193347454071,0.004614137578755617,0.006027477327734232,0.266123503446579,4.156880822847597e-05
174,0.779830813407898,0.0,0.0,0.220169186592102,0.0,0.7797892689704895,0.0,0.0,0.2202107608318328,0.0,0.7794567346572876,0.0,0.0,0.2205433100461959,0.0,0.7795398831367493,0.0,0.0,0.2204601764678955,0.0,0.779747724533081,0.0,0.0,0.2202523350715637,0.0,0.7795606255531311,0.0,0.0,0.2204393893480301,0.0,0.7796437740325928,0.0,0.0,0.2203562557697296,0.0,0.779747724533081,0.0,0.0,0.2202523350715637,0.0,0.779747724533081,0.0,0.0,0.2202523350715637,0.0,0.7797269225120544,0.0,0.0,0.2202731221914291,0.0,0.7797684669494629,0.0,0.0,0.2202315479516983,0.0,0.7797061204910278,0.0,0.0,0.2202938944101333,0.0,0.779685378074646,0.0,0.0,0.2203146815299987,0.0,0.7798724174499512,0.0,0.0,0.2201276272535324,0.0,0.7797061204910278,0.0,0.0,0.2202938944101333,0.0,0.7797061204910278,0.0,0.0,0.2202938944101333,0.0,0.7798100709915161,0.0,0.0,0.2201899737119674,0.0,0.7796437740325928,0.0,0.0,0.2203562557697296,0.0,0.7798932194709778,0.0,0.0,0.220106840133667,0.0,0.7797892689704895,0.0,0.0,0.2202107608318328,0.0,0.7796022295951843,0.0,0.0,0.2203978151082992,0.0,0.779747724533081,0.0,0.0,0.2202523350715637,0.0,0.7797269225120544,0.0,0.0,0.2202731221914291,0.0,0.7797061204910278,0.0,0.0,0.2202938944101333,0.0,0.779685378074646,0.0,0.0,0.2203146815299987,0.0,0.7797684669494629,0.0,0.0,0.2202315479516983,0.0,0.7797269225120544,0.0,0.0,0.2202731221914291,0.0,0.7797684669494629,0.0,0.0,0.2202315479516983,0.0,0.7797892689704895,0.0,0.0,0.2202107608318328,0.0,0.779747724533081,0.0,0.0,0.2202523350715637,0.0,0.7324631810188293,0.001163926674053,0.0016835366841405,0.2646270394325256,6.235321052372456e-05,0.7249807715415955,0.0022031469270586,0.0032007982954382,0.2695737183094024,4.156880822847597e-05,0.7434165477752686,0.004011389799416,0.004011389799416,0.248560681939125,0.0,0.7446843981742859,0.0002909816685132,0.0006027477211318,0.2544218897819519,0.0,0.7142145037651062,0.0017874587792903,0.0028890322428196,0.2810467183589935,6.235321052372456e-05,0.7705609798431396,0.0,0.0,0.2294390350580215,0.0,0.689460277557373,0.0060898303054273,0.0083137620240449,0.2959699034690857,0.0001662752329139,0.7406314611434937,0.0009352981578558,0.0013094174209982,0.2571030855178833,2.0784404114237987e-05,0.7674225568771362,0.0,0.0,0.2325774878263473,0.0,0.6953422427177429,0.007253757212311,0.0080435648560523,0.289235770702362,0.0001247064210474,0.7396337985992432,0.002577266190201,0.0027019726112484,0.255024641752243,6.235321052372456e-05,0.7409224510192871,0.0007690229685977,0.0009352981578558,0.2573316991329193,4.156880822847597e-05,0.7193482518196106,0.0037204083055257,0.0042192339897155,0.2726082503795624,0.0001039220223901,0.759316623210907,0.0,0.0,0.2406418323516845,4.156880822847597e-05,0.7458483576774597,0.0005196101265028,0.0008313761791214,0.2527799308300018,2.0784404114237987e-05,0.7389687299728394,0.0017458898946642,0.0022862844634801,0.2569575905799866,4.156880822847597e-05,0.7325255274772644,0.0019121652003377,0.0023070687893778,0.2631513476371765,0.0001039220223901,0.7702907919883728,0.0,0.0,0.2297092378139495,0.0,0.7343753576278687,0.0012678486527875,0.0017458898946642,0.2625901699066162,2.0784404114237987e-05,0.710431694984436,0.0049882568418979,0.0058404174633324,0.2785941660404205,0.0001454908342566,0.7639931440353394,0.0001662752329139,8.313761645695195e-05,0.2357367128133773,2.0784404114237987e-05,0.7568225264549255,0.0002286284434376,0.0004156880895607,0.2425124198198318,2.0784404114237987e-05,0.7196391820907593,0.0026188348419964,0.0035541329998522,0.2740839421749115,0.0001039220223901,0.7362667322158813,0.0023278533481061,0.0027643258217722,0.2586203515529632,2.0784404114237987e-05,0.7018685340881348,0.0048843347467482,0.006193752400577,0.2868039906024933,0.0002494128420948,0.758277416229248,0.0016419679159298,0.0020368716213852,0.2380437850952148,0.0,0.6631056070327759,0.0045310002751648,0.0070459130220115,0.325130432844162,0.0001870596315711,0.7070438861846924,0.0035125643480569,0.0042815874330699,0.2850373089313507,0.0001247064210474,0.7348949313163757,0.0020368716213852,0.0025564816314727,0.2605117261409759,0.0,0.7214474678039551,0.005029825959354639,0.006069045979529619,0.2674121558666229,4.156880822847597e-05
175,0.7797684669494629,0.0,0.0,0.2202315479516983,0.0,0.7797269225120544,0.0,0.0,0.2202731221914291,0.0,0.7793943881988525,0.0,0.0,0.2206056714057922,0.0,0.7794775366783142,0.0,0.0,0.2205225229263305,0.0,0.779685378074646,0.0,0.0,0.2203146815299987,0.0,0.779498279094696,0.0,0.0,0.2205017358064651,0.0,0.7795814275741577,0.0,0.0,0.2204186022281646,0.0,0.779685378074646,0.0,0.0,0.2203146815299987,0.0,0.779685378074646,0.0,0.0,0.2203146815299987,0.0,0.7796645760536194,0.0,0.0,0.2203354686498642,0.0,0.7797061204910278,0.0,0.0,0.2202938944101333,0.0,0.7796437740325928,0.0,0.0,0.2203562557697296,0.0,0.7796229720115662,0.0,0.0,0.220377042889595,0.0,0.7798100709915161,0.0,0.0,0.2201899737119674,0.0,0.7796437740325928,0.0,0.0,0.2203562557697296,0.0,0.7796437740325928,0.0,0.0,0.2203562557697296,0.0,0.779747724533081,0.0,0.0,0.2202523350715637,0.0,0.7795814275741577,0.0,0.0,0.2204186022281646,0.0,0.779830813407898,0.0,0.0,0.220169186592102,0.0,0.7797269225120544,0.0,0.0,0.2202731221914291,0.0,0.7795398831367493,0.0,0.0,0.2204601764678955,0.0,0.779685378074646,0.0,0.0,0.2203146815299987,0.0,0.7796645760536194,0.0,0.0,0.2203354686498642,0.0,0.7796437740325928,0.0,0.0,0.2203562557697296,0.0,0.7796229720115662,0.0,0.0,0.220377042889595,0.0,0.7797061204910278,0.0,0.0,0.2202938944101333,0.0,0.7796645760536194,0.0,0.0,0.2203354686498642,0.0,0.7797061204910278,0.0,0.0,0.2202938944101333,0.0,0.7797269225120544,0.0,0.0,0.2202731221914291,0.0,0.779685378074646,0.0,0.0,0.2203146815299987,0.0,0.7322553396224976,0.0010600045789033,0.0017043211264535,0.2649180293083191,6.235321052372456e-05,0.7243988513946533,0.0021200091578066,0.0030968762002885,0.2703427374362945,4.156880822847597e-05,0.743000864982605,0.0033878579270094,0.0041776653379201,0.2494336366653442,0.0,0.7446220517158508,0.0002078440447803,0.0006235321052372,0.254546582698822,0.0,0.7139027118682861,0.0015796147054061,0.0027019726112484,0.2817533910274505,6.235321052372456e-05,0.7704986333847046,0.0,0.0,0.2295013964176178,0.0,0.6887743473052979,0.0053208074532449,0.0083553306758403,0.2973832488059997,0.0001662752329139,0.7404651641845703,0.0008729449473321,0.0011015734635293,0.2575395405292511,2.0784404114237987e-05,0.7673602104187012,0.0,0.0,0.2326398342847824,0.0,0.6946355700492859,0.0061729680746793,0.0078565049916505,0.2912102937698364,0.0001247064210474,0.7393428087234497,0.0021615780424326,0.0026188348419964,0.2558144330978393,6.235321052372456e-05,0.7407561540603638,0.0006651009316556,0.0010184358106926,0.2575187683105469,4.156880822847597e-05,0.7185584306716919,0.0035957018844783,0.0040737432427704,0.2736682593822479,0.0001039220223901,0.7592542767524719,0.0,0.0,0.2407041788101196,4.156880822847597e-05,0.7457444071769714,0.0005196101265028,0.0005403945106081,0.2531748414039612,2.0784404114237987e-05,0.7387192845344543,0.0014549082843586,0.0023070687893778,0.257477194070816,4.156880822847597e-05,0.732296884059906,0.0016627523582428,0.0023486376740038,0.2635878026485443,0.0001039220223901,0.7702284455299377,0.0,0.0,0.2297715842723846,0.0,0.7340635657310486,0.00114314223174,0.0018705963157117,0.2629019320011139,2.0784404114237987e-05,0.7100368142127991,0.0041153118945658,0.0057157110422849,0.279986709356308,0.0001454908342566,0.7638683915138245,0.0001662752329139,0.0001454908342566,0.2357990592718124,2.0784404114237987e-05,0.7567393779754639,0.0001662752329139,0.0003741192631423,0.2426994889974594,2.0784404114237987e-05,0.7191196084022522,0.0024317752104252,0.0034709954634308,0.2748737335205078,0.0001039220223901,0.7359133958816528,0.0021615780424326,0.0026811880525201,0.259223073720932,2.0784404114237987e-05,0.7011618614196777,0.0045310002751648,0.0058196331374347,0.2882381081581116,0.0002494128420948,0.7580487728118896,0.0013302018633112,0.0019329495262354,0.2386880964040756,0.0,0.6623989343643188,0.0043023717589676,0.006526303011924,0.3265853524208069,0.0001870596315711,0.7065242528915405,0.0030760918743908,0.0044478625059127,0.2858271300792694,0.0001247064210474,0.7344169020652771,0.0021200091578066,0.0025149129796773,0.2609481811523437,0.0,0.7210109829902649,0.00424001831561327,0.006006693001836538,0.2687007784843445,4.156880822847597e-05
176,0.7795398831367493,0.0,0.0,0.2204601764678955,0.0,0.779498279094696,0.0,0.0,0.2205017358064651,0.0,0.7791657447814941,0.0,0.0,0.2208342999219894,0.0,0.7792488932609558,0.0,0.0,0.2207511514425277,0.0,0.7794567346572876,0.0,0.0,0.2205433100461959,0.0,0.7792696356773376,0.0,0.0,0.2207303643226623,0.0,0.7793527841567993,0.0,0.0,0.2206472307443618,0.0,0.7794567346572876,0.0,0.0,0.2205433100461959,0.0,0.7794567346572876,0.0,0.0,0.2205433100461959,0.0,0.779435932636261,0.0,0.0,0.2205640971660614,0.0,0.7794775366783142,0.0,0.0,0.2205225229263305,0.0,0.7794151306152344,0.0,0.0,0.2205848842859268,0.0,0.7793943881988525,0.0,0.0,0.2206056714057922,0.0,0.7795814275741577,0.0,0.0,0.2204186022281646,0.0,0.7794151306152344,0.0,0.0,0.2205848842859268,0.0,0.7794151306152344,0.0,0.0,0.2205848842859268,0.0,0.7795190811157227,0.0,0.0,0.2204809635877609,0.0,0.7793527841567993,0.0,0.0,0.2206472307443618,0.0,0.7796022295951843,0.0,0.0,0.2203978151082992,0.0,0.779498279094696,0.0,0.0,0.2205017358064651,0.0,0.7793112397193909,0.0,0.0,0.2206888049840927,0.0,0.7794567346572876,0.0,0.0,0.2205433100461959,0.0,0.779435932636261,0.0,0.0,0.2205640971660614,0.0,0.7794151306152344,0.0,0.0,0.2205848842859268,0.0,0.7793943881988525,0.0,0.0,0.2206056714057922,0.0,0.7794775366783142,0.0,0.0,0.2205225229263305,0.0,0.779435932636261,0.0,0.0,0.2205640971660614,0.0,0.7794775366783142,0.0,0.0,0.2205225229263305,0.0,0.779498279094696,0.0,0.0,0.2205017358064651,0.0,0.7794567346572876,0.0,0.0,0.2205433100461959,0.0,0.731839656829834,0.0008313761791214,0.0017666743369773,0.2654999792575836,6.235321052372456e-05,0.7238168716430664,0.001808243105188,0.0031592294108122,0.2711741328239441,4.156880822847597e-05,0.7424188852310181,0.0029513854533433,0.0038866836111992,0.2507430613040924,0.0,0.7443934082984924,0.0001039220223901,0.0004780413000844,0.255024641752243,0.0,0.7134038805961609,0.0014964770525693,0.002535697305575,0.282501608133316,6.235321052372456e-05,0.7702699899673462,0.0,0.0,0.229730024933815,0.0,0.6879221796989441,0.0045933532528579,0.0076902294531464,0.2996279597282409,0.0001662752329139,0.74009108543396,0.0007690229685977,0.0012054954422637,0.2579136788845062,2.0784404114237987e-05,0.7671315670013428,0.0,0.0,0.2328684628009796,0.0,0.693658709526062,0.0053831608965992,0.0080019952729344,0.2928314805030823,0.0001247064210474,0.7388232350349426,0.0019329495262354,0.0026604037266224,0.2565211057662964,6.235321052372456e-05,0.7404651641845703,0.0004988256841897,0.0010184358106926,0.2579760253429413,4.156880822847597e-05,0.7178933024406433,0.0033047201577574,0.0041776653379201,0.2745203971862793,0.0001039220223901,0.7590256333351135,0.0,0.0,0.2409328073263168,4.156880822847597e-05,0.7454742193222046,0.0004780413000844,0.0004988256841897,0.2535281479358673,2.0784404114237987e-05,0.7381373047828674,0.0014549082843586,0.0021407937165349,0.2582254409790039,4.156880822847597e-05,0.7318604588508606,0.0013302018633112,0.0020992248319089,0.264606237411499,0.0001039220223901,0.7699998021125793,0.0,0.0,0.2300002127885818,0.0,0.7336063385009766,0.0010807890212163,0.001808243105188,0.2634838819503784,2.0784404114237987e-05,0.7093093395233154,0.0033462890423834,0.0056117889471352,0.2815870940685272,0.0001454908342566,0.7636398077011108,0.0001662752329139,0.0001247064210474,0.236048474907875,2.0784404114237987e-05,0.7564275860786438,0.0002286284434376,0.0003117660526186,0.2430112510919571,2.0784404114237987e-05,0.718620777130127,0.0017666743369773,0.0034709954634308,0.2760376632213592,0.0001039220223901,0.7354145646095276,0.0019329495262354,0.002577266190201,0.2600544691085815,2.0784404114237987e-05,0.7002889513969421,0.0035957018844783,0.0060898303054273,0.2897761762142181,0.0002494128420948,0.7574875950813293,0.0012262798845767,0.0020784405060112,0.2392076998949051,0.0,0.6616507172584534,0.0035957018844783,0.0061729680746793,0.3283935785293579,0.0001870596315711,0.7057344317436218,0.0027643258217722,0.0043023717589676,0.2870741784572601,0.0001247064210474,0.7340843677520752,0.001808243105188,0.0020992248319089,0.2620081901550293,0.0,0.7204082012176514,0.003658055095002055,0.005632573738694191,0.2702596187591553,4.156880822847597e-05
177,0.7781057357788086,0.0,0.0,0.2218942940235138,0.0,0.7780641913414001,0.0,0.0,0.2219358682632446,0.0,0.7777315974235535,0.0,0.0,0.2222684174776077,0.0,0.7778147459030151,0.0,0.0,0.2221852838993072,0.0,0.7780225872993469,0.0,0.0,0.2219774425029754,0.0,0.7778355479240417,0.0,0.0,0.2221644967794418,0.0,0.7779186964035034,0.0,0.0,0.2220813632011413,0.0,0.7780225872993469,0.0,0.0,0.2219774425029754,0.0,0.7780225872993469,0.0,0.0,0.2219774425029754,0.0,0.7780017852783203,0.0,0.0,0.2219982147216797,0.0,0.7780433893203735,0.0,0.0,0.22195665538311,0.0,0.7779810428619385,0.0,0.0,0.2220190018415451,0.0,0.7779602408409119,0.0,0.0,0.2220397889614105,0.0,0.778147280216217,0.0,0.0,0.2218527346849441,0.0,0.7779810428619385,0.0,0.0,0.2220190018415451,0.0,0.7779810428619385,0.0,0.0,0.2220190018415451,0.0,0.778084933757782,0.0,0.0,0.2219150811433792,0.0,0.7779186964035034,0.0,0.0,0.2220813632011413,0.0,0.7781680822372437,0.0,0.0,0.2218319475650787,0.0,0.7780641913414001,0.0,0.0,0.2219358682632446,0.0,0.7778770923614502,0.0,0.0,0.222122922539711,0.0,0.7780225872993469,0.0,0.0,0.2219774425029754,0.0,0.7780017852783203,0.0,0.0,0.2219982147216797,0.0,0.7779810428619385,0.0,0.0,0.2220190018415451,0.0,0.7779602408409119,0.0,0.0,0.2220397889614105,0.0,0.7780433893203735,0.0,0.0,0.22195665538311,0.0,0.7780017852783203,0.0,0.0,0.2219982147216797,0.0,0.7780433893203735,0.0,0.0,0.22195665538311,0.0,0.7780641913414001,0.0,0.0,0.2219358682632446,0.0,0.7780225872993469,0.0,0.0,0.2219774425029754,0.0,0.7303016185760498,0.0007066697580739,0.0016211834736168,0.267308235168457,6.235321052372456e-05,0.7221125364303589,0.0014549082843586,0.0033255047164857,0.2730655074119568,4.156880822847597e-05,0.7405067682266235,0.0022239312529563,0.0045725689269602,0.2526967823505401,0.0,0.7429385185241699,0.0001247064210474,0.0004572568868752,0.2564795613288879,0.0,0.7116164565086365,0.0012470642104744,0.0026188348419964,0.2844553589820862,6.235321052372456e-05,0.7688359022140503,0.0,0.0,0.2311641424894333,0.0,0.6856359243392944,0.0037619771901518,0.0080019952729344,0.3024338781833648,0.0001662752329139,0.738552987575531,0.0005819633370265,0.0012262798845767,0.2596179842948913,2.0784404114237987e-05,0.7656974196434021,0.0,0.0,0.2343025803565979,0.0,0.691601037979126,0.0043231560848653,0.0077110137790441,0.2962401211261749,0.0001247064210474,0.7370565533638,0.0015380459371954,0.0028058944735676,0.2585372030735016,6.235321052372456e-05,0.7388232350349426,0.0005403945106081,0.0009976513683795,0.2595972120761871,4.156880822847597e-05,0.7160642743110657,0.0023694219999015,0.0048219817690551,0.2766404151916504,0.0001039220223901,0.7575915455818176,0.0,0.0,0.2423669397830963,4.156880822847597e-05,0.7439985275268555,0.0003533348790369,0.0005403945106081,0.2550869882106781,2.0784404114237987e-05,0.7364330291748047,0.0012470642104744,0.002244715578854,0.2600336670875549,4.156880822847597e-05,0.7302392721176147,0.0009976513683795,0.0022862844634801,0.2663729190826416,0.0001039220223901,0.7685657143592834,0.0,0.0,0.2314343452453613,0.0,0.7318812012672424,0.0009976513683795,0.001808243105188,0.2652921378612518,2.0784404114237987e-05,0.7072932720184326,0.0025980505160987,0.006110614631325,0.283852607011795,0.0001454908342566,0.7622056603431702,6.235321052372456e-05,0.0001870596315711,0.2375241667032241,2.0784404114237987e-05,0.7549934983253479,0.0001247064210474,0.0003533348790369,0.2445077300071716,2.0784404114237987e-05,0.7168125510215759,0.0015380459371954,0.0034086422529071,0.2781369090080261,0.0001039220223901,0.7337933778762817,0.0013509863056242,0.0028890322428196,0.2619458436965942,2.0784404114237987e-05,0.6983767747879028,0.0028890322428196,0.0061313994228839,0.2923534214496612,0.0002494128420948,0.7558040618896484,0.0012262798845767,0.0020784405060112,0.2408912479877472,0.0,0.6596346497535706,0.002972169779241,0.006110614631325,0.3310955464839935,0.0001870596315711,0.7038846015930176,0.0022862844634801,0.0044686468318104,0.289235770702362,0.0001247064210474,0.7324216365814209,0.0013302018633112,0.0021615780424326,0.2640658617019653,2.0784404114237987e-05,0.7184960842132568,0.0026396194007247686,0.0061106146313250065,0.27271217107772827,4.156880822847597e-05
178,0.7772535681724548,0.0,0.0,0.2227464616298675,0.0,0.7772120237350464,0.0,0.0,0.2227880209684372,0.0,0.7768794298171997,0.0,0.0,0.2231205850839615,0.0,0.7769625782966614,0.0,0.0,0.2230374366044998,0.0,0.7771704196929932,0.0,0.0,0.222829595208168,0.0,0.776983380317688,0.0,0.0,0.2230166494846344,0.0,0.7770665287971497,0.0,0.0,0.2229335159063339,0.0,0.7771704196929932,0.0,0.0,0.222829595208168,0.0,0.7771704196929932,0.0,0.0,0.222829595208168,0.0,0.7771496772766113,0.0,0.0,0.2228503823280334,0.0,0.7771912217140198,0.0,0.0,0.2228088080883026,0.0,0.7771288752555847,0.0,0.0,0.2228711694478988,0.0,0.7771080732345581,0.0,0.0,0.2228919565677642,0.0,0.7772951722145081,0.0,0.0,0.2227048873901367,0.0,0.7771288752555847,0.0,0.0,0.2228711694478988,0.0,0.7771288752555847,0.0,0.0,0.2228711694478988,0.0,0.7772327661514282,0.0,0.0,0.2227672487497329,0.0,0.7770665287971497,0.0,0.0,0.2229335159063339,0.0,0.7773159146308899,0.0,0.0,0.2226841002702713,0.0,0.7772120237350464,0.0,0.0,0.2227880209684372,0.0,0.7770249247550964,0.0,0.0,0.2229750901460647,0.0,0.7771704196929932,0.0,0.0,0.222829595208168,0.0,0.7771496772766113,0.0,0.0,0.2228503823280334,0.0,0.7771288752555847,0.0,0.0,0.2228711694478988,0.0,0.7771080732345581,0.0,0.0,0.2228919565677642,0.0,0.7771912217140198,0.0,0.0,0.2228088080883026,0.0,0.7771496772766113,0.0,0.0,0.2228503823280334,0.0,0.7771912217140198,0.0,0.0,0.2228088080883026,0.0,0.7772120237350464,0.0,0.0,0.2227880209684372,0.0,0.7771704196929932,0.0,0.0,0.222829595208168,0.0,0.7293663024902344,0.0005196101265028,0.0015172614948824,0.2685345113277435,6.235321052372456e-05,0.7210109829902649,0.0013925550738349,0.002930600894615,0.2746243178844452,4.156880822847597e-05,0.7393220663070679,0.0015172614948824,0.0049259038642048,0.2542348206043243,0.0,0.7420240044593811,8.313761645695195e-05,0.0004156880895607,0.257477194070816,0.0,0.7106603384017944,0.0009768670424818,0.0026811880525201,0.2856192886829376,6.235321052372456e-05,0.7679837346076965,0.0,0.0,0.232016310095787,0.0,0.6840147376060486,0.0028682476840913,0.0080227795988321,0.3049280047416687,0.0001662752329139,0.7376384735107422,0.0004156880895607,0.0012262798845767,0.2606987953186035,2.0784404114237987e-05,0.7648453116416931,0.0,0.0,0.2351547479629516,0.0,0.68985515832901,0.0029098165687173,0.0084592523053288,0.2986510992050171,0.0001247064210474,0.7360173463821411,0.0010392202530056,0.0031176605261862,0.2597634792327881,6.235321052372456e-05,0.7377632260322571,0.0005819633370265,0.0010184358106926,0.2605948448181152,4.156880822847597e-05,0.7145885825157166,0.0021823623683303,0.0048427660949528,0.2782823741436004,0.0001039220223901,0.7567393779754639,0.0,0.0,0.2432190924882888,4.156880822847597e-05,0.7430424690246582,0.0002286284434376,0.0007274541421793,0.2559807300567627,2.0784404114237987e-05,0.735393762588501,0.0009976513683795,0.0020368716213852,0.2615301609039306,4.156880822847597e-05,0.7290753126144409,0.0008729449473321,0.0023486376740038,0.2675991952419281,0.0001039220223901,0.7677135467529297,0.0,0.0,0.2322864979505539,0.0,0.7308419942855835,0.0009560826001688,0.0016627523582428,0.2665184140205383,2.0784404114237987e-05,0.7056720852851868,0.0021823623683303,0.006193752400577,0.2858063280582428,0.0001454908342566,0.7613534927368164,6.235321052372456e-05,0.0001662752329139,0.2383971214294433,2.0784404114237987e-05,0.7540789842605591,0.0001662752329139,0.0002286284434376,0.2455053776502609,2.0784404114237987e-05,0.7157732844352722,0.0012886330951005,0.0033255047164857,0.2795086801052093,0.0001039220223901,0.7325047254562378,0.0011847109999507,0.002972169779241,0.2633176147937774,2.0784404114237987e-05,0.696755588054657,0.002535697305575,0.0058612017892301,0.2945981323719024,0.0002494128420948,0.7547025084495544,0.0009976513683795,0.0020992248319089,0.2422006577253341,0.0,0.6582005023956299,0.0023278533481061,0.0060482616536319,0.3332363367080688,0.0001870596315711,0.7025960087776184,0.0018705963157117,0.0045517846010625,0.2908569574356079,0.0001247064210474,0.7313823699951172,0.0009352981578558,0.0023694219999015,0.2652921378612518,2.0784404114237987e-05,0.7168125510215759,0.0020576559472829103,0.006027477327734232,0.2750608026981354,4.156880822847597e-05
179,0.7767547369003296,0.0,0.0,0.2232452780008316,0.0,0.7767131924629211,0.0,0.0,0.2232868522405624,0.0,0.7763806581497192,0.0,0.0,0.2236194014549255,0.0,0.7764637470245361,0.0,0.0,0.223536267876625,0.0,0.7766715884208679,0.0,0.0,0.2233284264802932,0.0,0.7764845490455627,0.0,0.0,0.2235154807567596,0.0,0.7765676975250244,0.0,0.0,0.2234323471784591,0.0,0.7766715884208679,0.0,0.0,0.2233284264802932,0.0,0.7766715884208679,0.0,0.0,0.2233284264802932,0.0,0.7766508460044861,0.0,0.0,0.2233492136001587,0.0,0.7766923904418945,0.0,0.0,0.2233076393604278,0.0,0.7766300439834595,0.0,0.0,0.2233699858188629,0.0,0.7766092419624329,0.0,0.0,0.2233907729387283,0.0,0.7767963409423828,0.0,0.0,0.2232037186622619,0.0,0.7766300439834595,0.0,0.0,0.2233699858188629,0.0,0.7766300439834595,0.0,0.0,0.2233699858188629,0.0,0.7767339944839478,0.0,0.0,0.223266065120697,0.0,0.7765676975250244,0.0,0.0,0.2234323471784591,0.0,0.7768170833587646,0.0,0.0,0.2231829315423965,0.0,0.7767131924629211,0.0,0.0,0.2232868522405624,0.0,0.7765260934829712,0.0,0.0,0.2234739065170288,0.0,0.7766715884208679,0.0,0.0,0.2233284264802932,0.0,0.7766508460044861,0.0,0.0,0.2233492136001587,0.0,0.7766300439834595,0.0,0.0,0.2233699858188629,0.0,0.7766092419624329,0.0,0.0,0.2233907729387283,0.0,0.7766923904418945,0.0,0.0,0.2233076393604278,0.0,0.7766508460044861,0.0,0.0,0.2233492136001587,0.0,0.7766923904418945,0.0,0.0,0.2233076393604278,0.0,0.7767131924629211,0.0,0.0,0.2232868522405624,0.0,0.7766715884208679,0.0,0.0,0.2233284264802932,0.0,0.7288051247596741,0.000436472473666,0.0013094174209982,0.2693866491317749,6.235321052372456e-05,0.7202419638633728,0.00114314223174,0.0027227569371461,0.2758506238460541,4.156880822847597e-05,0.7382620573043823,0.0017251055687665,0.0043647247366607,0.2556481659412384,0.0,0.7414836287498474,0.0001247064210474,0.0002909816685132,0.2581007182598114,0.0,0.7099328637123108,0.0009560826001688,0.0020368716213852,0.2870118319988251,6.235321052372456e-05,0.7674849033355713,0.0,0.0,0.2325151264667511,0.0,0.6828300356864929,0.002930600894615,0.0067133624106645,0.3073597550392151,0.0001662752329139,0.7370149493217468,0.000436472473666,0.0010392202530056,0.2614885866641998,2.0784404114237987e-05,0.7643464803695679,0.0,0.0,0.2356535792350769,0.0,0.688504159450531,0.0031176605261862,0.0078980736434459,0.3003554344177246,0.0001247064210474,0.7352482676506042,0.0010807890212163,0.0028058944735676,0.2608027160167694,6.235321052372456e-05,0.7371604442596436,0.0005819633370265,0.0008729449473321,0.2613430917263031,4.156880822847597e-05,0.7136325240135193,0.0019121652003377,0.0044478625059127,0.2799035608768463,0.0001039220223901,0.7562405467033386,0.0,0.0,0.2437179237604141,4.156880822847597e-05,0.7424188852310181,0.0003117660526186,0.0005611788947135,0.2566874027252197,2.0784404114237987e-05,0.7347078919410706,0.0009976513683795,0.0019329495262354,0.262319952249527,4.156880822847597e-05,0.7282854914665222,0.0009976513683795,0.0020784405060112,0.2685345113277435,0.0001039220223901,0.7672147154808044,0.0,0.0,0.2327853292226791,0.0,0.7302184700965881,0.0008313761791214,0.0015172614948824,0.2674121558666229,2.0784404114237987e-05,0.7043418884277344,0.0026811880525201,0.0053208074532449,0.2875106632709503,0.0001454908342566,0.7608546614646912,0.0,0.0002286284434376,0.2388959378004074,2.0784404114237987e-05,0.7535801529884338,0.0001454908342566,0.0002494128420948,0.2460042089223861,2.0784404114237987e-05,0.7150666117668152,0.0010392202530056,0.0030760918743908,0.2807141542434692,0.0001039220223901,0.7318188548088074,0.0010807890212163,0.0026188348419964,0.2644607722759247,2.0784404114237987e-05,0.6955708861351013,0.002577266190201,0.0055286516435444,0.2960738241672516,0.0002494128420948,0.7539958357810974,0.0010392202530056,0.001808243105188,0.2431567460298538,0.0,0.6570989489555359,0.0022862844634801,0.0051753167062997,0.335252434015274,0.0001870596315711,0.7015151977539062,0.0019953027367591,0.0039698211476206,0.2923949956893921,0.0001247064210474,0.730488657951355,0.0009145137737505,0.0024525597691535,0.266123503446579,2.0784404114237987e-05,0.7156693935394287,0.002327853348106146,0.005403945222496986,0.2765572667121887,4.156880822847597e-05
180,0.7760688662528992,0.0,0.0,0.2239311635494232,0.0,0.7760273218154907,0.0,0.0,0.223972737789154,0.0,0.775694727897644,0.0,0.0,0.2243052870035171,0.0,0.7757778763771057,0.0,0.0,0.2242221534252166,0.0,0.7759857177734375,0.0,0.0,0.2240143120288849,0.0,0.7757986783981323,0.0,0.0,0.2242013663053512,0.0,0.775881826877594,0.0,0.0,0.2241182327270507,0.0,0.7759857177734375,0.0,0.0,0.2240143120288849,0.0,0.7759857177734375,0.0,0.0,0.2240143120288849,0.0,0.7759649157524109,0.0,0.0,0.2240350991487503,0.0,0.7760065197944641,0.0,0.0,0.2239935249090194,0.0,0.775944173336029,0.0,0.0,0.2240558713674545,0.0,0.7759233713150024,0.0,0.0,0.2240766584873199,0.0,0.7761104106903076,0.0,0.0,0.2238896042108535,0.0,0.775944173336029,0.0,0.0,0.2240558713674545,0.0,0.775944173336029,0.0,0.0,0.2240558713674545,0.0,0.7760480642318726,0.0,0.0,0.2239519506692886,0.0,0.775881826877594,0.0,0.0,0.2241182327270507,0.0,0.7761312127113342,0.0,0.0,0.2238688170909881,0.0,0.7760273218154907,0.0,0.0,0.223972737789154,0.0,0.7758402228355408,0.0,0.0,0.2241597920656204,0.0,0.7759857177734375,0.0,0.0,0.2240143120288849,0.0,0.7759649157524109,0.0,0.0,0.2240350991487503,0.0,0.775944173336029,0.0,0.0,0.2240558713674545,0.0,0.7759233713150024,0.0,0.0,0.2240766584873199,0.0,0.7760065197944641,0.0,0.0,0.2239935249090194,0.0,0.7759649157524109,0.0,0.0,0.2240350991487503,0.0,0.7760065197944641,0.0,0.0,0.2239935249090194,0.0,0.7760273218154907,0.0,0.0,0.223972737789154,0.0,0.7759857177734375,0.0,0.0,0.2240143120288849,0.0,0.7280776500701904,0.0002909816685132,0.0012470642104744,0.2703219652175903,6.235321052372456e-05,0.7192027568817139,0.00114314223174,0.0024733440950512,0.2771392464637756,4.156880822847597e-05,0.7370357513427734,0.0019121652003377,0.0037411926314234,0.2573109269142151,0.0,0.7407769560813904,0.0001454908342566,0.0002078440447803,0.2588697671890259,0.0,0.7089560031890869,0.0009768670424818,0.001849811989814,0.2881549894809723,6.235321052372456e-05,0.7667990326881409,0.0,0.0,0.2332010120153427,0.0,0.681146502494812,0.0033047201577574,0.0059443395584821,0.3094381988048553,0.0001662752329139,0.7362251877784729,0.0003949036763515,0.0010184358106926,0.2623407542705536,2.0784404114237987e-05,0.7636605501174927,0.0,0.0,0.2363394647836685,0.0,0.6870492696762085,0.0031384450849145,0.006921206600964,0.3027664124965668,0.0001247064210474,0.7341883182525635,0.001163926674053,0.0024525597691535,0.2621329128742218,6.235321052372456e-05,0.7364122271537781,0.0005819633370265,0.0007274541421793,0.2622368335723877,4.156880822847597e-05,0.7125517129898071,0.0018705963157117,0.004032174590975,0.2814416289329529,0.0001039220223901,0.7555546760559082,0.0,0.0,0.2444038093090057,4.156880822847597e-05,0.7416291236877441,0.0003741192631423,0.0005611788947135,0.257414847612381,2.0784404114237987e-05,0.7338557243347168,0.0008105917368084,0.001808243105188,0.2634838819503784,4.156880822847597e-05,0.72739177942276,0.0009976513683795,0.0018705963157117,0.2696360647678375,0.0001039220223901,0.766528844833374,0.0,0.0,0.2334712147712707,0.0,0.729449450969696,0.0006858853157609,0.0013717706315219,0.2684721350669861,2.0784404114237987e-05,0.7031779885292053,0.0026604037266224,0.0046141375787556,0.289402037858963,0.0001454908342566,0.7601479887962341,2.0784404114237987e-05,0.0001662752329139,0.2396441847085952,2.0784404114237987e-05,0.7528942823410034,6.235321052372456e-05,0.0002494128420948,0.2467732280492782,2.0784404114237987e-05,0.7141520977020264,0.0009976513683795,0.0027019726112484,0.2820443511009216,0.0001039220223901,0.7310290336608887,0.0009145137737505,0.0024317752104252,0.2656038999557495,2.0784404114237987e-05,0.694365382194519,0.0024525597691535,0.0051753167062997,0.2977573871612549,0.0002494128420948,0.7530813217163086,0.0009352981578558,0.0016627523582428,0.2443206757307052,0.0,0.6559557914733887,0.0022239312529563,0.0048219817690551,0.3368112742900848,0.0001870596315711,0.7004136443138123,0.001849811989814,0.0036372707691043,0.2939746081829071,0.0001247064210474,0.7295949459075928,0.0010184358106926,0.0022239312529563,0.2671419382095337,2.0784404114237987e-05,0.7142768502235413,0.0026604037266224623,0.004614137578755617,0.27840709686279297,4.156880822847597e-05
181,0.7758402228355408,0.0,0.0,0.2241597920656204,0.0,0.7757986783981323,0.0,0.0,0.2242013663053512,0.0,0.7754661440849304,0.0,0.0,0.2245339155197143,0.0,0.7755492329597473,0.0,0.0,0.2244507819414138,0.0,0.7757570743560791,0.0,0.0,0.2242429405450821,0.0,0.7755700349807739,0.0,0.0,0.2244299948215484,0.0,0.7756531834602356,0.0,0.0,0.2243468612432479,0.0,0.7757570743560791,0.0,0.0,0.2242429405450821,0.0,0.7757570743560791,0.0,0.0,0.2242429405450821,0.0,0.7757363319396973,0.0,0.0,0.2242637276649475,0.0,0.7757778763771057,0.0,0.0,0.2242221534252166,0.0,0.7757155299186707,0.0,0.0,0.2242844998836517,0.0,0.775694727897644,0.0,0.0,0.2243052870035171,0.0,0.775881826877594,0.0,0.0,0.2241182327270507,0.0,0.7757155299186707,0.0,0.0,0.2242844998836517,0.0,0.7757155299186707,0.0,0.0,0.2242844998836517,0.0,0.7758194804191589,0.0,0.0,0.2241805791854858,0.0,0.7756531834602356,0.0,0.0,0.2243468612432479,0.0,0.7759025692939758,0.0,0.0,0.2240974456071853,0.0,0.7757986783981323,0.0,0.0,0.2242013663053512,0.0,0.7756115794181824,0.0,0.0,0.2243884205818176,0.0,0.7757570743560791,0.0,0.0,0.2242429405450821,0.0,0.7757363319396973,0.0,0.0,0.2242637276649475,0.0,0.7757155299186707,0.0,0.0,0.2242844998836517,0.0,0.775694727897644,0.0,0.0,0.2243052870035171,0.0,0.7757778763771057,0.0,0.0,0.2242221534252166,0.0,0.7757363319396973,0.0,0.0,0.2242637276649475,0.0,0.7757778763771057,0.0,0.0,0.2242221534252166,0.0,0.7757986783981323,0.0,0.0,0.2242013663053512,0.0,0.7757570743560791,0.0,0.0,0.2242429405450821,0.0,0.7277451157569885,0.0002909816685132,0.0009352981578558,0.2709662616252899,6.235321052372456e-05,0.718683123588562,0.001163926674053,0.0020784405060112,0.2780329883098602,4.156880822847597e-05,0.7362667322158813,0.0019745184108614,0.0034294265788048,0.2583293616771698,0.0,0.7404859662055969,0.0001870596315711,0.0001247064210474,0.2592023015022278,0.0,0.7084987759590149,0.0008521605632267,0.001849811989814,0.2887369394302368,6.235321052372456e-05,0.7665703892707825,0.0,0.0,0.2334296405315399,0.0,0.6802943348884583,0.0030760918743908,0.0054455138742923,0.3110178112983703,0.0001662752329139,0.7358718514442444,0.0004156880895607,0.0008729449473321,0.2628187835216522,2.0784404114237987e-05,0.763431966304779,0.0,0.0,0.2365680932998657,0.0,0.6860724091529846,0.003263151505962,0.0060066930018365,0.3045330941677093,0.0001247064210474,0.733647882938385,0.00114314223174,0.0022655001375824,0.2628811299800873,6.235321052372456e-05,0.7361835837364197,0.0003741192631423,0.0007066697580739,0.2626940906047821,4.156880822847597e-05,0.7115333080291748,0.0022655001375824,0.003699623979628,0.2823976874351501,0.0001039220223901,0.7553260326385498,0.0,0.0,0.2446324378252029,4.156880822847597e-05,0.7413796782493591,0.0003533348790369,0.0005196101265028,0.2577266097068786,2.0784404114237987e-05,0.7334192395210266,0.0007482385262846,0.0017251055687665,0.2640658617019653,4.156880822847597e-05,0.7269137501716614,0.0010600045789033,0.0015172614948824,0.2704050838947296,0.0001039220223901,0.7663002014160156,0.0,0.0,0.2336998432874679,0.0,0.7290337681770325,0.0005819633370265,0.0013717706315219,0.2689917683601379,2.0784404114237987e-05,0.702305018901825,0.0027227569371461,0.0039282524958252,0.2908985316753387,0.0001454908342566,0.7599194049835205,2.0784404114237987e-05,0.0001662752329139,0.2398728132247924,2.0784404114237987e-05,0.752665638923645,6.235321052372456e-05,0.0002286284434376,0.2470226436853408,2.0784404114237987e-05,0.7136533260345459,0.0008937293896451,0.0021407937165349,0.283208280801773,0.0001039220223901,0.7306133508682251,0.0009145137737505,0.0021200091578066,0.2663313448429107,2.0784404114237987e-05,0.6936171054840088,0.0024941284209489,0.0040737432427704,0.2995656132698059,0.0002494128420948,0.75260329246521,0.0009352981578558,0.0014756927266716,0.2449857741594314,0.0,0.6552699208259583,0.0020992248319089,0.0041776653379201,0.3382661640644073,0.0001870596315711,0.6998316645622253,0.0017874587792903,0.0031800137367099,0.2950761914253235,0.0001247064210474,0.7291584610939026,0.0009976513683795,0.0020368716213852,0.2677862644195556,2.0784404114237987e-05,0.7136740684509277,0.002556481631472707,0.004136096220463514,0.27959179878234863,4.156880822847597e-05
