t,susceptible_0_x,exposed_0_x,infected_0_x,recovered_0_x,dead_0_x,susceptible_1_x,exposed_1_x,infected_1_x,recovered_1_x,dead_1_x,susceptible_2_x,exposed_2_x,infected_2_x,recovered_2_x,dead_2_x,susceptible_3_x,exposed_3_x,infected_3_x,recovered_3_x,dead_3_x,susceptible_4_x,exposed_4_x,infected_4_x,recovered_4_x,dead_4_x,susceptible_5_x,exposed_5_x,infected_5_x,recovered_5_x,dead_5_x,susceptible_6_x,exposed_6_x,infected_6_x,recovered_6_x,dead_6_x,susceptible_7_x,exposed_7_x,infected_7_x,recovered_7_x,dead_7_x,susceptible_8_x,exposed_8_x,infected_8_x,recovered_8_x,dead_8_x,susceptible_9_x,exposed_9_x,infected_9_x,recovered_9_x,dead_9_x,susceptible_10_x,exposed_10_x,infected_10_x,recovered_10_x,dead_10_x,susceptible_11_x,exposed_11_x,infected_11_x,recovered_11_x,dead_11_x,susceptible_12_x,exposed_12_x,infected_12_x,recovered_12_x,dead_12_x,susceptible_13_x,exposed_13_x,infected_13_x,recovered_13_x,dead_13_x,susceptible_14_x,exposed_14_x,infected_14_x,recovered_14_x,dead_14_x,susceptible_15_x,exposed_15_x,infected_15_x,recovered_15_x,dead_15_x,susceptible_16_x,exposed_16_x,infected_16_x,recovered_16_x,dead_16_x,susceptible_17_x,exposed_17_x,infected_17_x,recovered_17_x,dead_17_x,susceptible_18_x,exposed_18_x,infected_18_x,recovered_18_x,dead_18_x,susceptible_19_x,exposed_19_x,infected_19_x,recovered_19_x,dead_19_x,susceptible_20_x,exposed_20_x,infected_20_x,recovered_20_x,dead_20_x,susceptible_21_x,exposed_21_x,infected_21_x,recovered_21_x,dead_21_x,susceptible_22_x,exposed_22_x,infected_22_x,recovered_22_x,dead_22_x,susceptible_23_x,exposed_23_x,infected_23_x,recovered_23_x,dead_23_x,susceptible_24_x,exposed_24_x,infected_24_x,recovered_24_x,dead_24_x,susceptible_25_x,exposed_25_x,infected_25_x,recovered_25_x,dead_25_x,susceptible_26_x,exposed_26_x,infected_26_x,recovered_26_x,dead_26_x,susceptible_27_x,exposed_27_x,infected_27_x,recovered_27_x,dead_27_x,susceptible_28_x,exposed_28_x,infected_28_x,recovered_28_x,dead_28_x,susceptible_29_x,exposed_29_x,infected_29_x,recovered_29_x,dead_29_x,susceptible_0_y,exposed_0_y,infected_0_y,recovered_0_y,dead_0_y,susceptible_1_y,exposed_1_y,infected_1_y,recovered_1_y,dead_1_y,susceptible_2_y,exposed_2_y,infected_2_y,recovered_2_y,dead_2_y,susceptible_3_y,exposed_3_y,infected_3_y,recovered_3_y,dead_3_y,susceptible_4_y,exposed_4_y,infected_4_y,recovered_4_y,dead_4_y,susceptible_5_y,exposed_5_y,infected_5_y,recovered_5_y,dead_5_y,susceptible_6_y,exposed_6_y,infected_6_y,recovered_6_y,dead_6_y,susceptible_7_y,exposed_7_y,infected_7_y,recovered_7_y,dead_7_y,susceptible_8_y,exposed_8_y,infected_8_y,recovered_8_y,dead_8_y,susceptible_9_y,exposed_9_y,infected_9_y,recovered_9_y,dead_9_y,susceptible_10_y,exposed_10_y,infected_10_y,recovered_10_y,dead_10_y,susceptible_11_y,exposed_11_y,infected_11_y,recovered_11_y,dead_11_y,susceptible_12_y,exposed_12_y,infected_12_y,recovered_12_y,dead_12_y,susceptible_13_y,exposed_13_y,infected_13_y,recovered_13_y,dead_13_y,susceptible_14_y,exposed_14_y,infected_14_y,recovered_14_y,dead_14_y,susceptible_15_y,exposed_15_y,infected_15_y,recovered_15_y,dead_15_y,susceptible_16_y,exposed_16_y,infected_16_y,recovered_16_y,dead_16_y,susceptible_17_y,exposed_17_y,infected_17_y,recovered_17_y,dead_17_y,susceptible_18_y,exposed_18_y,infected_18_y,recovered_18_y,dead_18_y,susceptible_19_y,exposed_19_y,infected_19_y,recovered_19_y,dead_19_y,susceptible_20_y,exposed_20_y,infected_20_y,recovered_20_y,dead_20_y,susceptible_21_y,exposed_21_y,infected_21_y,recovered_21_y,dead_21_y,susceptible_22_y,exposed_22_y,infected_22_y,recovered_22_y,dead_22_y,susceptible_23_y,exposed_23_y,infected_23_y,recovered_23_y,dead_23_y,susceptible_24_y,exposed_24_y,infected_24_y,recovered_24_y,dead_24_y,susceptible_25_y,exposed_25_y,infected_25_y,recovered_25_y,dead_25_y,susceptible_26_y,exposed_26_y,infected_26_y,recovered_26_y,dead_26_y,susceptible_27_y,exposed_27_y,infected_27_y,recovered_27_y,dead_27_y,susceptible_28_y,exposed_28_y,infected_28_y,recovered_28_y,dead_28_y,susceptible_29_y,exposed_29_y,infected_29_y,recovered_29_y,dead_29_y
0,0.9996259212493896,0.0,0.0003741192631423,0.0,0.0,0.9998337626457214,0.0,0.0001662752329139,0.0,0.0,0.999854564666748,0.0,0.0001454908342566,0.0,0.0,0.9997298121452332,0.0,0.000270197255304,0.0,0.0,0.9997298121452332,0.0,0.000270197255304,0.0,0.0,0.9997298121452332,0.0,0.000270197255304,0.0,0.0,0.9996467232704164,0.0,0.0003533348790369,0.0,0.0,0.9997714161872864,0.0,0.0002286284434376,0.0,0.0,0.9997090697288512,0.0,0.0002909816685132,0.0,0.0,0.9997298121452332,0.0,0.000270197255304,0.0,0.0,0.9998961091041564,0.0,0.0001039220223901,0.0,0.0,0.9999169111251832,0.0,8.313761645695195e-05,0.0,0.0,0.9996882677078248,0.0,0.0003117660526186,0.0,0.0,0.9998961091041564,0.0,0.0001039220223901,0.0,0.0,0.999792218208313,0.0,0.0002078440447803,0.0,0.0,0.9998337626457214,0.0,0.0001662752329139,0.0,0.0,0.9997714161872864,0.0,0.0002286284434376,0.0,0.0,0.9998337626457214,0.0,0.0001662752329139,0.0,0.0,0.9997506141662598,0.0,0.0002494128420948,0.0,0.0,0.999792218208313,0.0,0.0002078440447803,0.0,0.0,0.9996882677078248,0.0,0.0003117660526186,0.0,0.0,0.9997298121452332,0.0,0.000270197255304,0.0,0.0,0.999792218208313,0.0,0.0002078440447803,0.0,0.0,0.9997298121452332,0.0,0.000270197255304,0.0,0.0,0.999792218208313,0.0,0.0002078440447803,0.0,0.0,0.999854564666748,0.0,0.0001454908342566,0.0,0.0,0.999792218208313,0.0,0.0002078440447803,0.0,0.0,0.9997506141662598,0.0,0.0002494128420948,0.0,0.0,0.9998129606246948,0.0,0.0001870596315711,0.0,0.0,0.9997714161872864,0.0,0.0002286284434376,0.0,0.0,0.999667465686798,0.0,0.0003325504658278,0.0,0.0,0.9997090697288512,2.0784404114237987e-05,0.000270197255304,0.0,0.0,0.9997298121452332,2.0784404114237987e-05,0.0002494128420948,0.0,0.0,0.9998129606246948,0.0,0.0001870596315711,0.0,0.0,0.9996259212493896,4.156880822847597e-05,0.0003325504658278,0.0,0.0,0.999792218208313,0.0,0.0002078440447803,0.0,0.0,0.9996259212493896,2.0784404114237987e-05,0.0003533348790369,0.0,0.0,0.9996882677078248,0.0,0.0003117660526186,0.0,0.0,0.9997298121452332,2.0784404114237987e-05,0.0002494128420948,0.0,0.0,0.9995219707489014,4.156880822847597e-05,0.000436472473666,0.0,0.0,0.9996467232704164,2.0784404114237987e-05,0.0003325504658278,0.0,0.0,0.9997298121452332,0.0,0.000270197255304,0.0,0.0,0.9995843768119812,4.156880822847597e-05,0.0003741192631423,0.0,0.0,0.9995012283325196,0.0,0.0004988256841897,0.0,0.0,0.9997714161872864,4.156880822847597e-05,0.0001870596315711,0.0,0.0,0.999667465686798,6.235321052372456e-05,0.000270197255304,0.0,0.0,0.999854564666748,0.0,0.0001454908342566,0.0,0.0,0.9995843768119812,8.313761645695195e-05,0.0003325504658278,0.0,0.0,0.999542772769928,2.0784404114237987e-05,0.000436472473666,0.0,0.0,0.999605119228363,6.235321052372456e-05,0.0003325504658278,0.0,0.0,0.9995635747909546,6.235321052372456e-05,0.0003741192631423,0.0,0.0,0.9996882677078248,4.156880822847597e-05,0.000270197255304,0.0,0.0,0.9995843768119812,6.235321052372456e-05,0.0003533348790369,0.0,0.0,0.9995012283325196,8.313761645695195e-05,0.0004156880895607,0.0,0.0,0.9998129606246948,2.0784404114237987e-05,0.0001662752329139,0.0,0.0,0.9996259212493896,4.156880822847597e-05,0.0003325504658278,0.0,0.0,0.9996259212493896,4.156880822847597e-05,0.0003325504658278,0.0,0.0,0.9998337626457214,4.156880822847597e-05,0.0001247064210474,0.0,0.0,0.999667465686798,4.156880822847597e-05,0.0002909816685132,0.0,0.0,0.9997506141662598,0.0,0.0002494128420948982,0.0,0.0
1,0.9996259212493896,0.0,0.0003741192631423,0.0,0.0,0.9998337626457214,0.0,0.0001662752329139,0.0,0.0,0.999854564666748,0.0,0.0001454908342566,0.0,0.0,0.9997298121452332,0.0,0.000270197255304,0.0,0.0,0.9997298121452332,0.0,0.000270197255304,0.0,0.0,0.9997298121452332,0.0,0.000270197255304,0.0,0.0,0.9996467232704164,0.0,0.0003533348790369,0.0,0.0,0.9997714161872864,0.0,0.0002286284434376,0.0,0.0,0.9997090697288512,0.0,0.0002909816685132,0.0,0.0,0.9997298121452332,0.0,0.000270197255304,0.0,0.0,0.9998961091041564,0.0,0.0001039220223901,0.0,0.0,0.9999169111251832,0.0,8.313761645695195e-05,0.0,0.0,0.9996882677078248,0.0,0.0003117660526186,0.0,0.0,0.9998961091041564,0.0,0.0001039220223901,0.0,0.0,0.999792218208313,0.0,0.0002078440447803,0.0,0.0,0.9998337626457214,0.0,0.0001662752329139,0.0,0.0,0.9997714161872864,0.0,0.0002286284434376,0.0,0.0,0.9998337626457214,0.0,0.0001662752329139,0.0,0.0,0.9997506141662598,0.0,0.0002494128420948,0.0,0.0,0.999792218208313,0.0,0.0002078440447803,0.0,0.0,0.9996882677078248,0.0,0.0003117660526186,0.0,0.0,0.9997298121452332,0.0,0.000270197255304,0.0,0.0,0.999792218208313,0.0,0.0002078440447803,0.0,0.0,0.9997298121452332,0.0,0.000270197255304,0.0,0.0,0.999792218208313,0.0,0.0002078440447803,0.0,0.0,0.999854564666748,0.0,0.0001454908342566,0.0,0.0,0.999792218208313,0.0,0.0002078440447803,0.0,0.0,0.9997506141662598,0.0,0.0002494128420948,0.0,0.0,0.9998129606246948,0.0,0.0001870596315711,0.0,0.0,0.9997714161872864,0.0,0.0002286284434376,0.0,0.0,0.9994804263114928,0.0001870596315711,0.0003325504658278,0.0,0.0,0.999605119228363,0.0001247064210474,0.000270197255304,0.0,0.0,0.9997090697288512,4.156880822847597e-05,0.0002494128420948,0.0,0.0,0.9997714161872864,4.156880822847597e-05,0.0001870596315711,0.0,0.0,0.9994804263114928,0.0001870596315711,0.0003325504658278,0.0,0.0,0.9997298121452332,6.235321052372456e-05,0.0002078440447803,0.0,0.0,0.9993972778320312,0.0002494128420948,0.0003533348790369,0.0,0.0,0.9995843768119812,0.0001039220223901,0.0003117660526186,0.0,0.0,0.9995635747909546,0.0001870596315711,0.0002494128420948,0.0,0.0,0.9993141293525696,0.0002494128420948,0.000436472473666,0.0,0.0,0.9994804263114928,0.0001870596315711,0.0003325504658278,0.0,0.0,0.999605119228363,0.0001247064210474,0.000270197255304,0.0,0.0,0.9994388818740844,0.0001870596315711,0.0003741192631423,0.0,0.0,0.9993141293525696,0.0001870596315711,0.0004988256841897,0.0,0.0,0.999667465686798,0.0001454908342566,0.0001870596315711,0.0,0.0,0.9995843768119812,0.0001454908342566,0.000270197255304,0.0,0.0,0.9998129606246948,4.156880822847597e-05,0.0001454908342566,0.0,0.0,0.9995012283325196,0.0001662752329139,0.0003325504658278,0.0,0.0,0.9994388818740844,0.0001247064210474,0.000436472473666,0.0,0.0,0.9994804263114928,0.0001870596315711,0.0003325504658278,0.0,0.0,0.9994388818740844,0.0001870596315711,0.0003741192631423,0.0,0.0,0.9996882677078248,4.156880822847597e-05,0.000270197255304,0.0,0.0,0.9994596242904664,0.0001870596315711,0.0003533348790369,0.0,0.0,0.9994596242904664,0.0001247064210474,0.0004156880895607,0.0,0.0,0.9997090697288512,0.0001247064210474,0.0001662752329139,0.0,0.0,0.999418079853058,0.0002494128420948,0.0003325504658278,0.0,0.0,0.9994804263114928,0.0001870596315711,0.0003325504658278,0.0,0.0,0.9997714161872864,0.0001039220223901,0.0001247064210474,0.0,0.0,0.999667465686798,4.156880822847597e-05,0.0002909816685132,0.0,0.0,0.9996467232704163,0.00010392202239017934,0.0002494128420948982,0.0,0.0
2,0.9996259212493896,0.0,0.0003741192631423,0.0,0.0,0.9998337626457214,0.0,0.0001662752329139,0.0,0.0,0.999854564666748,0.0,0.0001454908342566,0.0,0.0,0.9997298121452332,0.0,0.000270197255304,0.0,0.0,0.9997298121452332,0.0,0.000270197255304,0.0,0.0,0.9997298121452332,0.0,0.000270197255304,0.0,0.0,0.9996467232704164,0.0,0.0003533348790369,0.0,0.0,0.9997714161872864,0.0,0.0002286284434376,0.0,0.0,0.9997090697288512,0.0,0.0002909816685132,0.0,0.0,0.9997298121452332,0.0,0.000270197255304,0.0,0.0,0.9998961091041564,0.0,0.0001039220223901,0.0,0.0,0.9999169111251832,0.0,8.313761645695195e-05,0.0,0.0,0.9996882677078248,0.0,0.0003117660526186,0.0,0.0,0.9998961091041564,0.0,0.0001039220223901,0.0,0.0,0.999792218208313,0.0,0.0002078440447803,0.0,0.0,0.9998337626457214,0.0,0.0001662752329139,0.0,0.0,0.9997714161872864,0.0,0.0002286284434376,0.0,0.0,0.9998337626457214,0.0,0.0001662752329139,0.0,0.0,0.9997506141662598,0.0,0.0002494128420948,0.0,0.0,0.999792218208313,0.0,0.0002078440447803,0.0,0.0,0.9996882677078248,0.0,0.0003117660526186,0.0,0.0,0.9997298121452332,0.0,0.000270197255304,0.0,0.0,0.999792218208313,0.0,0.0002078440447803,0.0,0.0,0.9997298121452332,0.0,0.000270197255304,0.0,0.0,0.999792218208313,0.0,0.0002078440447803,0.0,0.0,0.999854564666748,0.0,0.0001454908342566,0.0,0.0,0.999792218208313,0.0,0.0002078440447803,0.0,0.0,0.9997506141662598,0.0,0.0002494128420948,0.0,0.0,0.9998129606246948,0.0,0.0001870596315711,0.0,0.0,0.9997714161872864,0.0,0.0002286284434376,0.0,0.0,0.9993141293525696,0.0003533348790369,0.0003325504658278,0.0,0.0,0.9995012283325196,0.0002286284434376,0.000270197255304,0.0,0.0,0.999605119228363,0.0001454908342566,0.0002494128420948,0.0,0.0,0.9997298121452332,8.313761645695195e-05,0.0001870596315711,0.0,0.0,0.9992517828941344,0.0004156880895607,0.0003325504658278,0.0,0.0,0.999667465686798,0.0001247064210474,0.0002078440447803,0.0,0.0,0.999210238456726,0.000436472473666,0.0003533348790369,0.0,0.0,0.9994596242904664,0.0002286284434376,0.0003117660526186,0.0,0.0,0.9994804263114928,0.000270197255304,0.0002494128420948,0.0,0.0,0.999147891998291,0.0004156880895607,0.000436472473666,0.0,0.0,0.9992517828941344,0.0004156880895607,0.0003325504658278,0.0,0.0,0.9994804263114928,0.0002494128420948,0.000270197255304,0.0,0.0,0.9993141293525696,0.0003117660526186,0.0003741192631423,0.0,0.0,0.999210238456726,0.0002909816685132,0.0004988256841897,0.0,0.0,0.9995843768119812,0.0002286284434376,0.0001870596315711,0.0,0.0,0.999542772769928,0.0001870596315711,0.000270197255304,0.0,0.0,0.9997714161872864,8.313761645695195e-05,0.0001454908342566,0.0,0.0,0.9992725849151612,0.0003949036763515,0.0003325504658278,0.0,0.0,0.999085545539856,0.0004780413000844,0.000436472473666,0.0,0.0,0.9992933869361876,0.0003741192631423,0.0003325504658278,0.0,0.0,0.9993349313735962,0.0002909816685132,0.0003741192631423,0.0,0.0,0.9995843768119812,0.0001454908342566,0.000270197255304,0.0,0.0,0.9993557333946228,0.0002909816685132,0.0003533348790369,0.0,0.0,0.9992725849151612,0.0003117660526186,0.0004156880895607,0.0,0.0,0.9996467232704164,0.0001870596315711,0.0001662752329139,0.0,0.0,0.9992517828941344,0.0004156880895607,0.0003325504658278,0.0,0.0,0.9993141293525696,0.0003533348790369,0.0003325504658278,0.0,0.0,0.9996882677078248,0.0001870596315711,0.0001247064210474,0.0,0.0,0.9996259212493896,8.313761645695195e-05,0.0002909816685132,0.0,0.0,0.9995635747909546,0.00018705963157117367,0.0002494128420948982,0.0,0.0
3,0.9996259212493896,0.0,0.0003741192631423,0.0,0.0,0.9998337626457214,0.0,0.0001662752329139,0.0,0.0,0.999854564666748,0.0,0.0001454908342566,0.0,0.0,0.9997298121452332,0.0,0.000270197255304,0.0,0.0,0.9997298121452332,0.0,0.000270197255304,0.0,0.0,0.9997298121452332,0.0,0.000270197255304,0.0,0.0,0.9996467232704164,0.0,0.0003533348790369,0.0,0.0,0.9997714161872864,0.0,0.0002286284434376,0.0,0.0,0.9997090697288512,0.0,0.0002909816685132,0.0,0.0,0.9997298121452332,0.0,0.000270197255304,0.0,0.0,0.9998961091041564,0.0,0.0001039220223901,0.0,0.0,0.9999169111251832,0.0,8.313761645695195e-05,0.0,0.0,0.9996882677078248,0.0,0.0003117660526186,0.0,0.0,0.9998961091041564,0.0,0.0001039220223901,0.0,0.0,0.999792218208313,0.0,0.0002078440447803,0.0,0.0,0.9998337626457214,0.0,0.0001662752329139,0.0,0.0,0.9997714161872864,0.0,0.0002286284434376,0.0,0.0,0.9998337626457214,0.0,0.0001662752329139,0.0,0.0,0.9997506141662598,0.0,0.0002494128420948,0.0,0.0,0.999792218208313,0.0,0.0002078440447803,0.0,0.0,0.9996882677078248,0.0,0.0003117660526186,0.0,0.0,0.9997298121452332,0.0,0.000270197255304,0.0,0.0,0.999792218208313,0.0,0.0002078440447803,0.0,0.0,0.9997298121452332,0.0,0.000270197255304,0.0,0.0,0.999792218208313,0.0,0.0002078440447803,0.0,0.0,0.999854564666748,0.0,0.0001454908342566,0.0,0.0,0.999792218208313,0.0,0.0002078440447803,0.0,0.0,0.9997506141662598,0.0,0.0002494128420948,0.0,0.0,0.9998129606246948,0.0,0.0001870596315711,0.0,0.0,0.9997714161872864,0.0,0.0002286284434376,0.0,0.0,0.9992310404777528,0.000436472473666,0.0003325504658278,0.0,0.0,0.9992933869361876,0.000436472473666,0.000270197255304,0.0,0.0,0.9995012283325196,0.0002494128420948,0.0002494128420948,0.0,0.0,0.9997090697288512,0.0001039220223901,0.0001870596315711,0.0,0.0,0.999023139476776,0.0006443165475502,0.0003325504658278,0.0,0.0,0.9995843768119812,0.0002078440447803,0.0002078440447803,0.0,0.0,0.9989400506019592,0.0007066697580739,0.0003533348790369,0.0,0.0,0.9993972778320312,0.0002909816685132,0.0003117660526186,0.0,0.0,0.9993972778320312,0.0003533348790369,0.0002494128420948,0.0,0.0,0.998898446559906,0.0006651009316556,0.000436472473666,0.0,0.0,0.999085545539856,0.0005819633370265,0.0003325504658278,0.0,0.0,0.999418079853058,0.0003117660526186,0.000270197255304,0.0,0.0,0.999085545539856,0.0005403945106081,0.0003741192631423,0.0,0.0,0.9990023970603944,0.0004988256841897,0.0004988256841897,0.0,0.0,0.9995219707489014,0.0002909816685132,0.0001870596315711,0.0,0.0,0.9993141293525696,0.0004156880895607,0.000270197255304,0.0,0.0,0.9997298121452332,0.0001247064210474,0.0001454908342566,0.0,0.0,0.9991270899772644,0.0005403945106081,0.0003325504658278,0.0,0.0,0.9988152980804444,0.0007482385262846,0.000436472473666,0.0,0.0,0.9990023970603944,0.0006651009316556,0.0003325504658278,0.0,0.0,0.999210238456726,0.0004156880895607,0.0003741192631423,0.0,0.0,0.9993557333946228,0.0003741192631423,0.000270197255304,0.0,0.0,0.9991062879562378,0.0005403945106081,0.0003533348790369,0.0,0.0,0.9991686344146729,0.0004156880895607,0.0004156880895607,0.0,0.0,0.9995843768119812,0.0002494128420948,0.0001662752329139,0.0,0.0,0.9990647435188292,0.0006027477211318,0.0003325504658278,0.0,0.0,0.9991686344146729,0.0004988256841897,0.0003325504658278,0.0,0.0,0.9996259212493896,0.0002494128420948,0.0001247064210474,0.0,0.0,0.9994804263114928,0.0002286284434376,0.0002909816685132,0.0,0.0,0.9995012283325195,0.0002494128420948982,0.0002494128420948982,0.0,0.0
4,0.9996259212493896,0.0,0.0003741192631423,0.0,0.0,0.9998337626457214,0.0,0.0001662752329139,0.0,0.0,0.999854564666748,0.0,0.0001454908342566,0.0,0.0,0.9997298121452332,0.0,0.000270197255304,0.0,0.0,0.9997298121452332,0.0,0.000270197255304,0.0,0.0,0.9997298121452332,0.0,0.000270197255304,0.0,0.0,0.9996467232704164,0.0,0.0003533348790369,0.0,0.0,0.9997714161872864,0.0,0.0002286284434376,0.0,0.0,0.9997090697288512,0.0,0.0002909816685132,0.0,0.0,0.9997298121452332,0.0,0.000270197255304,0.0,0.0,0.9998961091041564,0.0,0.0001039220223901,0.0,0.0,0.9999169111251832,0.0,8.313761645695195e-05,0.0,0.0,0.9996882677078248,0.0,0.0003117660526186,0.0,0.0,0.9998961091041564,0.0,0.0001039220223901,0.0,0.0,0.999792218208313,0.0,0.0002078440447803,0.0,0.0,0.9998337626457214,0.0,0.0001662752329139,0.0,0.0,0.9997714161872864,0.0,0.0002286284434376,0.0,0.0,0.9998337626457214,0.0,0.0001662752329139,0.0,0.0,0.9997506141662598,0.0,0.0002494128420948,0.0,0.0,0.999792218208313,0.0,0.0002078440447803,0.0,0.0,0.9996882677078248,0.0,0.0003117660526186,0.0,0.0,0.9997298121452332,0.0,0.000270197255304,0.0,0.0,0.999792218208313,0.0,0.0002078440447803,0.0,0.0,0.9997298121452332,0.0,0.000270197255304,0.0,0.0,0.999792218208313,0.0,0.0002078440447803,0.0,0.0,0.999854564666748,0.0,0.0001454908342566,0.0,0.0,0.999792218208313,0.0,0.0002078440447803,0.0,0.0,0.9997506141662598,0.0,0.0002494128420948,0.0,0.0,0.9998129606246948,0.0,0.0001870596315711,0.0,0.0,0.9997714161872864,0.0,0.0002286284434376,0.0,0.0,0.9989815950393676,0.0006858853157609,0.0003325504658278,0.0,0.0,0.9991894364356996,0.0005196101265028,0.0002909816685132,0.0,0.0,0.9993764758110046,0.0003533348790369,0.000270197255304,0.0,0.0,0.9995843768119812,0.0002286284434376,0.0001870596315711,0.0,0.0,0.9989607930183412,0.0006651009316556,0.0003741192631423,0.0,0.0,0.9995635747909546,0.0002286284434376,0.0002078440447803,0.0,0.0,0.9988569021224976,0.0007690229685977,0.0003741192631423,0.0,0.0,0.9993349313735962,0.0003533348790369,0.0003117660526186,0.0,0.0,0.9993141293525696,0.0004156880895607,0.000270197255304,0.0,0.0,0.9987529516220092,0.0007690229685977,0.0004780413000844,0.0,0.0,0.9989607930183412,0.0006858853157609,0.0003533348790369,0.0,0.0,0.9993349313735962,0.0003949036763515,0.000270197255304,0.0,0.0,0.9990023970603944,0.0005819633370265,0.0004156880895607,0.0,0.0,0.9987114071846008,0.000789807352703,0.0004988256841897,0.0,0.0,0.9994388818740844,0.0003325504658278,0.0002286284434376,0.0,0.0,0.999147891998291,0.0005196101265028,0.0003325504658278,0.0,0.0,0.9997298121452332,0.0001247064210474,0.0001454908342566,0.0,0.0,0.9990439414978028,0.0005403945106081,0.0004156880895607,0.0,0.0,0.9986074566841124,0.0009352981578558,0.0004572568868752,0.0,0.0,0.9988569021224976,0.0007482385262846,0.0003949036763515,0.0,0.0,0.999147891998291,0.0004156880895607,0.000436472473666,0.0,0.0,0.999147891998291,0.0005403945106081,0.0003117660526186,0.0,0.0,0.9990647435188292,0.0005196101265028,0.0004156880895607,0.0,0.0,0.9989192485809326,0.0005819633370265,0.0004988256841897,0.0,0.0,0.9994804263114928,0.0003325504658278,0.0001870596315711,0.0,0.0,0.9989192485809326,0.0007066697580739,0.0003741192631423,0.0,0.0,0.9989607930183412,0.0006651009316556,0.0003741192631423,0.0,0.0,0.9995635747909546,0.000270197255304,0.0001662752329139,0.0,0.0,0.9993764758110046,0.0002909816685132,0.0003325504658278,0.0,0.0,0.9994180798530579,0.0003325504658278078,0.0002494128420948982,0.0,0.0
5,0.9996259212493896,0.0,0.0,0.0003741192631423,0.0,0.9998337626457214,0.0,0.0,0.0001662752329139,0.0,0.999854564666748,0.0,0.0,0.0001454908342566,0.0,0.9997298121452332,0.0,0.0,0.000270197255304,0.0,0.9997298121452332,0.0,0.0,0.000270197255304,0.0,0.9997298121452332,0.0,0.0,0.000270197255304,0.0,0.9996467232704164,0.0,0.0,0.0003533348790369,0.0,0.9997714161872864,0.0,0.0,0.0002286284434376,0.0,0.9997090697288512,0.0,0.0,0.0002909816685132,0.0,0.9997298121452332,0.0,0.0,0.000270197255304,0.0,0.9998961091041564,0.0,0.0,0.0001039220223901,0.0,0.9999169111251832,0.0,0.0,8.313761645695195e-05,0.0,0.9996882677078248,0.0,0.0,0.0003117660526186,0.0,0.9998961091041564,0.0,0.0,0.0001039220223901,0.0,0.999792218208313,0.0,0.0,0.0002078440447803,0.0,0.9998337626457214,0.0,0.0,0.0001662752329139,0.0,0.9997714161872864,0.0,0.0,0.0002286284434376,0.0,0.9998337626457214,0.0,0.0,0.0001662752329139,0.0,0.9997506141662598,0.0,0.0,0.0002494128420948,0.0,0.999792218208313,0.0,0.0,0.0002078440447803,0.0,0.9996882677078248,0.0,0.0,0.0003117660526186,0.0,0.9997298121452332,0.0,0.0,0.000270197255304,0.0,0.999792218208313,0.0,0.0,0.0002078440447803,0.0,0.9997298121452332,0.0,0.0,0.000270197255304,0.0,0.999792218208313,0.0,0.0,0.0002078440447803,0.0,0.999854564666748,0.0,0.0,0.0001454908342566,0.0,0.999792218208313,0.0,0.0,0.0002078440447803,0.0,0.9997506141662598,0.0,0.0,0.0002494128420948,0.0,0.9998129606246948,0.0,0.0,0.0001870596315711,0.0,0.9997714161872864,0.0,0.0,0.0002286284434376,0.0,0.9989192485809326,0.0005611788947135,0.0001870596315711,0.0003325504658278,0.0,0.999023139476776,0.0005819633370265,0.0001247064210474,0.000270197255304,0.0,0.9992725849151612,0.000436472473666,4.156880822847597e-05,0.0002494128420948,0.0,0.999542772769928,0.0002286284434376,4.156880822847597e-05,0.0001870596315711,0.0,0.9987945556640624,0.0006858853157609,0.0001870596315711,0.0003325504658278,0.0,0.9994596242904664,0.000270197255304,6.235321052372456e-05,0.0002078440447803,0.0,0.9987945556640624,0.0006027477211318,0.0002494128420948,0.0003533348790369,0.0,0.9991686344146729,0.0004156880895607,0.0001039220223901,0.0003117660526186,0.0,0.9991894364356996,0.0003741192631423,0.0001870596315711,0.0002494128420948,0.0,0.998565912246704,0.0007482385262846,0.0002494128420948,0.000436472473666,0.0,0.9988569021224976,0.0006235321052372,0.0001870596315711,0.0003325504658278,0.0,0.9993141293525696,0.0002909816685132,0.0001247064210474,0.000270197255304,0.0,0.9987529516220092,0.0006858853157609,0.0001870596315711,0.0003741192631423,0.0,0.9985451102256776,0.0007690229685977,0.0001870596315711,0.0004988256841897,0.0,0.9993349313735962,0.0003325504658278,0.0001454908342566,0.0001870596315711,0.0,0.9989815950393676,0.0006027477211318,0.0001454908342566,0.000270197255304,0.0,0.9996882677078248,0.0001247064210474,4.156880822847597e-05,0.0001454908342566,0.0,0.998773753643036,0.0007274541421793,0.0001662752329139,0.0003325504658278,0.0,0.998316526412964,0.001122357789427,0.0001247064210474,0.000436472473666,0.0,0.9986698627471924,0.0008105917368084,0.0001870596315711,0.0003325504658278,0.0,0.9990439414978028,0.0003949036763515,0.0001870596315711,0.0003741192631423,0.0,0.999023139476776,0.0006651009316556,4.156880822847597e-05,0.000270197255304,0.0,0.9990439414978028,0.0004156880895607,0.0001870596315711,0.0003533348790369,0.0,0.9986906051635742,0.0007690229685977,0.0001247064210474,0.0004156880895607,0.0,0.9993141293525696,0.0003949036763515,0.0001247064210474,0.0001662752329139,0.0,0.9987529516220092,0.0006651009316556,0.0002494128420948,0.0003325504658278,0.0,0.9987114071846008,0.0007690229685977,0.0001870596315711,0.0003325504658278,0.0,0.9994596242904664,0.0003117660526186,0.0001039220223901,0.0001247064210474,0.0,0.9992933869361876,0.0003741192631423,4.156880822847597e-05,0.0002909816685132,0.0,0.9992933869361877,0.0003533348790369928,0.00010392202239017934,0.0002494128420948982,0.0
6,0.9996259212493896,0.0,0.0,0.0003741192631423,0.0,0.9998337626457214,0.0,0.0,0.0001662752329139,0.0,0.999854564666748,0.0,0.0,0.0001454908342566,0.0,0.9997298121452332,0.0,0.0,0.000270197255304,0.0,0.9997298121452332,0.0,0.0,0.000270197255304,0.0,0.9997298121452332,0.0,0.0,0.000270197255304,0.0,0.9996467232704164,0.0,0.0,0.0003533348790369,0.0,0.9997714161872864,0.0,0.0,0.0002286284434376,0.0,0.9997090697288512,0.0,0.0,0.0002909816685132,0.0,0.9997298121452332,0.0,0.0,0.000270197255304,0.0,0.9998961091041564,0.0,0.0,0.0001039220223901,0.0,0.9999169111251832,0.0,0.0,8.313761645695195e-05,0.0,0.9996882677078248,0.0,0.0,0.0003117660526186,0.0,0.9998961091041564,0.0,0.0,0.0001039220223901,0.0,0.999792218208313,0.0,0.0,0.0002078440447803,0.0,0.9998337626457214,0.0,0.0,0.0001662752329139,0.0,0.9997714161872864,0.0,0.0,0.0002286284434376,0.0,0.9998337626457214,0.0,0.0,0.0001662752329139,0.0,0.9997506141662598,0.0,0.0,0.0002494128420948,0.0,0.999792218208313,0.0,0.0,0.0002078440447803,0.0,0.9996882677078248,0.0,0.0,0.0003117660526186,0.0,0.9997298121452332,0.0,0.0,0.000270197255304,0.0,0.999792218208313,0.0,0.0,0.0002078440447803,0.0,0.9997298121452332,0.0,0.0,0.000270197255304,0.0,0.999792218208313,0.0,0.0,0.0002078440447803,0.0,0.999854564666748,0.0,0.0,0.0001454908342566,0.0,0.999792218208313,0.0,0.0,0.0002078440447803,0.0,0.9997506141662598,0.0,0.0,0.0002494128420948,0.0,0.9998129606246948,0.0,0.0,0.0001870596315711,0.0,0.9997714161872864,0.0,0.0,0.0002286284434376,0.0,0.998836100101471,0.0004780413000844,0.0003533348790369,0.0003325504658278,0.0,0.9989607930183412,0.0005403945106081,0.0002286284434376,0.000270197255304,0.0,0.9991894364356996,0.0004156880895607,0.0001454908342566,0.0002494128420948,0.0,0.999542772769928,0.0001870596315711,8.313761645695195e-05,0.0001870596315711,0.0,0.9986490607261658,0.0006027477211318,0.0004156880895607,0.0003325504658278,0.0,0.9994388818740844,0.0002286284434376,0.0001247064210474,0.0002078440447803,0.0,0.9987114071846008,0.0004988256841897,0.000436472473666,0.0003533348790369,0.0,0.9991686344146729,0.0002909816685132,0.0002286284434376,0.0003117660526186,0.0,0.9989815950393676,0.0004988256841897,0.000270197255304,0.0002494128420948,0.0,0.9983372688293456,0.0008105917368084,0.0004156880895607,0.000436472473666,0.0,0.9985451102256776,0.0007066697580739,0.0004156880895607,0.0003325504658278,0.0,0.9992517828941344,0.0002286284434376,0.0002494128420948,0.000270197255304,0.0,0.9985867142677308,0.0007274541421793,0.0003117660526186,0.0003741192631423,0.0,0.9983580708503724,0.0008521605632267,0.0002909816685132,0.0004988256841897,0.0,0.9991270899772644,0.0004572568868752,0.0002286284434376,0.0001870596315711,0.0,0.9988777041435242,0.0006651009316556,0.0001870596315711,0.000270197255304,0.0,0.999667465686798,0.0001039220223901,8.313761645695195e-05,0.0001454908342566,0.0,0.9985867142677308,0.0006858853157609,0.0003949036763515,0.0003325504658278,0.0,0.9982333779335022,0.0008521605632267,0.0004780413000844,0.000436472473666,0.0,0.9984619617462158,0.0008313761791214,0.0003741192631423,0.0003325504658278,0.0,0.9989815950393676,0.0003533348790369,0.0002909816685132,0.0003741192631423,0.0,0.9989607930183412,0.0006235321052372,0.0001454908342566,0.000270197255304,0.0,0.998898446559906,0.0004572568868752,0.0002909816685132,0.0003533348790369,0.0,0.9986490607261658,0.0006235321052372,0.0003117660526186,0.0004156880895607,0.0,0.999210238456726,0.000436472473666,0.0001870596315711,0.0001662752329139,0.0,0.9986490607261658,0.0006027477211318,0.0004156880895607,0.0003325504658278,0.0,0.9985867142677308,0.0007274541421793,0.0003533348790369,0.0003325504658278,0.0,0.999418079853058,0.000270197255304,0.0001870596315711,0.0001247064210474,0.0,0.9992933869361876,0.0003325504658278,8.313761645695195e-05,0.0002909816685132,0.0,0.9991894364356995,0.00037411926314234734,0.00018705963157117367,0.0002494128420948982,0.0
7,0.9996259212493896,0.0,0.0,0.0003741192631423,0.0,0.9998337626457214,0.0,0.0,0.0001662752329139,0.0,0.999854564666748,0.0,0.0,0.0001454908342566,0.0,0.9997298121452332,0.0,0.0,0.000270197255304,0.0,0.9997298121452332,0.0,0.0,0.000270197255304,0.0,0.9997298121452332,0.0,0.0,0.000270197255304,0.0,0.9996467232704164,0.0,0.0,0.0003533348790369,0.0,0.9997714161872864,0.0,0.0,0.0002286284434376,0.0,0.9997090697288512,0.0,0.0,0.0002909816685132,0.0,0.9997298121452332,0.0,0.0,0.000270197255304,0.0,0.9998961091041564,0.0,0.0,0.0001039220223901,0.0,0.9999169111251832,0.0,0.0,8.313761645695195e-05,0.0,0.9996882677078248,0.0,0.0,0.0003117660526186,0.0,0.9998961091041564,0.0,0.0,0.0001039220223901,0.0,0.999792218208313,0.0,0.0,0.0002078440447803,0.0,0.9998337626457214,0.0,0.0,0.0001662752329139,0.0,0.9997714161872864,0.0,0.0,0.0002286284434376,0.0,0.9998337626457214,0.0,0.0,0.0001662752329139,0.0,0.9997506141662598,0.0,0.0,0.0002494128420948,0.0,0.999792218208313,0.0,0.0,0.0002078440447803,0.0,0.9996882677078248,0.0,0.0,0.0003117660526186,0.0,0.9997298121452332,0.0,0.0,0.000270197255304,0.0,0.999792218208313,0.0,0.0,0.0002078440447803,0.0,0.9997298121452332,0.0,0.0,0.000270197255304,0.0,0.999792218208313,0.0,0.0,0.0002078440447803,0.0,0.999854564666748,0.0,0.0,0.0001454908342566,0.0,0.999792218208313,0.0,0.0,0.0002078440447803,0.0,0.9997506141662598,0.0,0.0,0.0002494128420948,0.0,0.9998129606246948,0.0,0.0,0.0001870596315711,0.0,0.9997714161872864,0.0,0.0,0.0002286284434376,0.0,0.9986698627471924,0.0005611788947135,0.000436472473666,0.0003325504658278,0.0,0.9988569021224976,0.000436472473666,0.000436472473666,0.000270197255304,0.0,0.9989400506019592,0.0005611788947135,0.0002494128420948,0.0002494128420948,0.0,0.9995219707489014,0.0001870596315711,0.0001039220223901,0.0001870596315711,0.0,0.998441219329834,0.0005819633370265,0.0006443165475502,0.0003325504658278,0.0,0.9993141293525696,0.000270197255304,0.0002078440447803,0.0002078440447803,0.0,0.9983580708503724,0.0005819633370265,0.0007066697580739,0.0003533348790369,0.0,0.999023139476776,0.0003741192631423,0.0002909816685132,0.0003117660526186,0.0,0.9989192485809326,0.0004780413000844,0.0003533348790369,0.0002494128420948,0.0,0.9980047345161438,0.0008937293896451,0.0006651009316556,0.000436472473666,0.0,0.9983372688293456,0.0007482385262846,0.0005819633370265,0.0003325504658278,0.0,0.9990647435188292,0.0003533348790369,0.0003117660526186,0.000270197255304,0.0,0.9984827637672424,0.0006027477211318,0.0005403945106081,0.0003741192631423,0.0,0.9981710314750672,0.0008313761791214,0.0004988256841897,0.0004988256841897,0.0,0.9990439414978028,0.0004780413000844,0.0002909816685132,0.0001870596315711,0.0,0.9987322092056274,0.0005819633370265,0.0004156880895607,0.000270197255304,0.0,0.9996259212493896,0.0001039220223901,0.0001247064210474,0.0001454908342566,0.0,0.9984827637672424,0.0006443165475502,0.0005403945106081,0.0003325504658278,0.0,0.9980255365371704,0.000789807352703,0.0007482385262846,0.000436472473666,0.0,0.9981502294540404,0.0008521605632267,0.0006651009316556,0.0003325504658278,0.0,0.9988777041435242,0.0003325504658278,0.0004156880895607,0.0003741192631423,0.0,0.998898446559906,0.0004572568868752,0.0003741192631423,0.000270197255304,0.0,0.9986906051635742,0.0004156880895607,0.0005403945106081,0.0003533348790369,0.0,0.998503565788269,0.0006651009316556,0.0004156880895607,0.0004156880895607,0.0,0.9991062879562378,0.0004780413000844,0.0002494128420948,0.0001662752329139,0.0,0.998565912246704,0.0004988256841897,0.0006027477211318,0.0003325504658278,0.0,0.9982333779335022,0.0009352981578558,0.0004988256841897,0.0003325504658278,0.0,0.9993141293525696,0.0003117660526186,0.0002494128420948,0.0001247064210474,0.0,0.9992517828941344,0.0002286284434376,0.0002286284434376,0.0002909816685132,0.0,0.999085545539856,0.00041568808956071734,0.0002494128420948982,0.0002494128420948982,0.0
8,0.9996259212493896,0.0,0.0,0.0003741192631423,0.0,0.9998337626457214,0.0,0.0,0.0001662752329139,0.0,0.999854564666748,0.0,0.0,0.0001454908342566,0.0,0.9997298121452332,0.0,0.0,0.000270197255304,0.0,0.9997298121452332,0.0,0.0,0.000270197255304,0.0,0.9997298121452332,0.0,0.0,0.000270197255304,0.0,0.9996467232704164,0.0,0.0,0.0003533348790369,0.0,0.9997714161872864,0.0,0.0,0.0002286284434376,0.0,0.9997090697288512,0.0,0.0,0.0002909816685132,0.0,0.9997298121452332,0.0,0.0,0.000270197255304,0.0,0.9998961091041564,0.0,0.0,0.0001039220223901,0.0,0.9999169111251832,0.0,0.0,8.313761645695195e-05,0.0,0.9996882677078248,0.0,0.0,0.0003117660526186,0.0,0.9998961091041564,0.0,0.0,0.0001039220223901,0.0,0.999792218208313,0.0,0.0,0.0002078440447803,0.0,0.9998337626457214,0.0,0.0,0.0001662752329139,0.0,0.9997714161872864,0.0,0.0,0.0002286284434376,0.0,0.9998337626457214,0.0,0.0,0.0001662752329139,0.0,0.9997506141662598,0.0,0.0,0.0002494128420948,0.0,0.999792218208313,0.0,0.0,0.0002078440447803,0.0,0.9996882677078248,0.0,0.0,0.0003117660526186,0.0,0.9997298121452332,0.0,0.0,0.000270197255304,0.0,0.999792218208313,0.0,0.0,0.0002078440447803,0.0,0.9997298121452332,0.0,0.0,0.000270197255304,0.0,0.999792218208313,0.0,0.0,0.0002078440447803,0.0,0.999854564666748,0.0,0.0,0.0001454908342566,0.0,0.999792218208313,0.0,0.0,0.0002078440447803,0.0,0.9997506141662598,0.0,0.0,0.0002494128420948,0.0,0.9998129606246948,0.0,0.0,0.0001870596315711,0.0,0.9997714161872864,0.0,0.0,0.0002286284434376,0.0,0.9983580708503724,0.0006235321052372,0.0006858853157609,0.0003325504658278,0.0,0.9984619617462158,0.0007274541421793,0.0005403945106081,0.000270197255304,0.0,0.998773753643036,0.0006027477211318,0.0003741192631423,0.0002494128420948,0.0,0.9995012283325196,8.313761645695195e-05,0.0002286284434376,0.0001870596315711,0.0,0.998129427433014,0.0008313761791214,0.0007066697580739,0.0003325504658278,0.0,0.9991894364356996,0.0003741192631423,0.0002286284434376,0.0002078440447803,0.0,0.998129427433014,0.0007274541421793,0.000789807352703,0.0003533348790369,0.0,0.9989607930183412,0.0003741192631423,0.0003533348790369,0.0003117660526186,0.0,0.9987945556640624,0.0005196101265028,0.000436472473666,0.0002494128420948,0.0,0.9973396062850952,0.0014133395161479,0.0008105917368084,0.000436472473666,0.0,0.997921586036682,0.0010392202530056,0.0007066697580739,0.0003325504658278,0.0,0.9988569021224976,0.0004780413000844,0.0003949036763515,0.000270197255304,0.0,0.9980047345161438,0.0009976513683795,0.0006235321052372,0.0003741192631423,0.0,0.9979007840156556,0.0008105917368084,0.000789807352703,0.0004988256841897,0.0,0.9987322092056274,0.0007066697580739,0.0003741192631423,0.0001870596315711,0.0,0.9984204173088074,0.0007274541421793,0.0005819633370265,0.000270197255304,0.0,0.9995012283325196,0.0002286284434376,0.0001247064210474,0.0001454908342566,0.0,0.9983580708503724,0.0006858853157609,0.0006235321052372,0.0003325504658278,0.0,0.9976929426193236,0.0009145137737505,0.0009560826001688,0.000436472473666,0.0,0.997796893119812,0.0010600045789033,0.0008105917368084,0.0003325504658278,0.0,0.9987529516220092,0.0003949036763515,0.0004780413000844,0.0003741192631423,0.0,0.9986074566841124,0.0005403945106081,0.0005819633370265,0.000270197255304,0.0,0.9983996152877808,0.0006651009316556,0.0005819633370265,0.0003533348790369,0.0,0.9980878829956056,0.0008313761791214,0.0006651009316556,0.0004156880895607,0.0,0.9990647435188292,0.0004156880895607,0.0003533348790369,0.0001662752329139,0.0,0.9983580708503724,0.0005611788947135,0.0007482385262846,0.0003325504658278,0.0,0.998191773891449,0.0007690229685977,0.0007066697580739,0.0003325504658278,0.0,0.9991686344146729,0.0003949036763515,0.0003117660526186,0.0001247064210474,0.0,0.9991062879562378,0.000270197255304,0.0003325504658278,0.0002909816685132,0.0,0.9989192485809326,0.0004988256841897964,0.0003325504658278078,0.0002494128420948982,0.0
9,0.9996259212493896,0.0,0.0,0.0003741192631423,0.0,0.9998337626457214,0.0,0.0,0.0001662752329139,0.0,0.999854564666748,0.0,0.0,0.0001454908342566,0.0,0.9997298121452332,0.0,0.0,0.000270197255304,0.0,0.9997298121452332,0.0,0.0,0.000270197255304,0.0,0.9997298121452332,0.0,0.0,0.000270197255304,0.0,0.9996467232704164,0.0,0.0,0.0003533348790369,0.0,0.9997714161872864,0.0,0.0,0.0002286284434376,0.0,0.9997090697288512,0.0,0.0,0.0002909816685132,0.0,0.9997298121452332,0.0,0.0,0.000270197255304,0.0,0.9998961091041564,0.0,0.0,0.0001039220223901,0.0,0.9999169111251832,0.0,0.0,8.313761645695195e-05,0.0,0.9996882677078248,0.0,0.0,0.0003117660526186,0.0,0.9998961091041564,0.0,0.0,0.0001039220223901,0.0,0.999792218208313,0.0,0.0,0.0002078440447803,0.0,0.9998337626457214,0.0,0.0,0.0001662752329139,0.0,0.9997714161872864,0.0,0.0,0.0002286284434376,0.0,0.9998337626457214,0.0,0.0,0.0001662752329139,0.0,0.9997506141662598,0.0,0.0,0.0002494128420948,0.0,0.999792218208313,0.0,0.0,0.0002078440447803,0.0,0.9996882677078248,0.0,0.0,0.0003117660526186,0.0,0.9997298121452332,0.0,0.0,0.000270197255304,0.0,0.999792218208313,0.0,0.0,0.0002078440447803,0.0,0.9997298121452332,0.0,0.0,0.000270197255304,0.0,0.999792218208313,0.0,0.0,0.0002078440447803,0.0,0.999854564666748,0.0,0.0,0.0001454908342566,0.0,0.999792218208313,0.0,0.0,0.0002078440447803,0.0,0.9997506141662598,0.0,0.0,0.0002494128420948,0.0,0.9998129606246948,0.0,0.0,0.0001870596315711,0.0,0.9997714161872864,0.0,0.0,0.0002286284434376,0.0,0.9980462789535522,0.0008729449473321,0.0007482385262846,0.0003325504658278,0.0,0.998191773891449,0.0008313761791214,0.0006858853157609,0.0002909816685132,0.0,0.998441219329834,0.0008313761791214,0.0004572568868752,0.000270197255304,0.0,0.9993972778320312,0.0001454908342566,0.000270197255304,0.0001870596315711,0.0,0.9977760910987854,0.0010184358106926,0.0008313761791214,0.0003741192631423,0.0,0.9989400506019592,0.0005196101265028,0.0003325504658278,0.0002078440447803,0.0,0.9977553486824036,0.0010392202530056,0.0008313761791214,0.0003741192631423,0.0,0.9988569021224976,0.0003117660526186,0.0005196101265028,0.0003117660526186,0.0,0.9985451102256776,0.0006443165475502,0.0005403945106081,0.000270197255304,0.0,0.996820032596588,0.0017458898946642,0.0009560826001688,0.0004780413000844,0.0,0.997547447681427,0.0013094174209982,0.000789807352703,0.0003533348790369,0.0,0.9987114071846008,0.0006027477211318,0.0004156880895607,0.000270197255304,0.0,0.997672200202942,0.0010807890212163,0.0008313761791214,0.0004156880895607,0.0,0.9975682497024536,0.0009768670424818,0.0009560826001688,0.0004988256841897,0.0,0.9985451102256776,0.000789807352703,0.000436472473666,0.0002286284434376,0.0,0.9981502294540404,0.0008313761791214,0.0006858853157609,0.0003325504658278,0.0,0.999418079853058,0.000270197255304,0.0001662752329139,0.0001454908342566,0.0,0.9980462789535522,0.0007274541421793,0.0008105917368084,0.0004156880895607,0.0,0.9971110224723816,0.0012054954422637,0.0012262798845767,0.0004572568868752,0.0,0.9974227547645568,0.0012470642104744,0.0009352981578558,0.0003949036763515,0.0,0.9984619617462158,0.0005819633370265,0.0005196101265028,0.000436472473666,0.0,0.9983996152877808,0.0006235321052372,0.0006651009316556,0.0003117660526186,0.0,0.9982125759124756,0.0008313761791214,0.0005403945106081,0.0004156880895607,0.0,0.9977553486824036,0.0009352981578558,0.0008105917368084,0.0004988256841897,0.0,0.9987529516220092,0.0005611788947135,0.0004988256841897,0.0001870596315711,0.0,0.9978176951408386,0.0009352981578558,0.0008729449473321,0.0003741192631423,0.0,0.9977553486824036,0.0009560826001688,0.0009145137737505,0.0003741192631423,0.0,0.9989815950393676,0.0004780413000844,0.0003741192631423,0.0001662752329139,0.0,0.9989815950393676,0.0003117660526186,0.0003741192631423,0.0003325504658278,0.0,0.9988152980804443,0.0004780413000844419,0.0004572568868752569,0.0002494128420948982,0.0
10,0.9996259212493896,0.0,0.0,0.0003741192631423,0.0,0.9998337626457214,0.0,0.0,0.0001662752329139,0.0,0.999854564666748,0.0,0.0,0.0001454908342566,0.0,0.9997298121452332,0.0,0.0,0.000270197255304,0.0,0.9997298121452332,0.0,0.0,0.000270197255304,0.0,0.9997298121452332,0.0,0.0,0.000270197255304,0.0,0.9996467232704164,0.0,0.0,0.0003533348790369,0.0,0.9997714161872864,0.0,0.0,0.0002286284434376,0.0,0.9997090697288512,0.0,0.0,0.0002909816685132,0.0,0.9997298121452332,0.0,0.0,0.000270197255304,0.0,0.9998961091041564,0.0,0.0,0.0001039220223901,0.0,0.9999169111251832,0.0,0.0,8.313761645695195e-05,0.0,0.9996882677078248,0.0,0.0,0.0003117660526186,0.0,0.9998961091041564,0.0,0.0,0.0001039220223901,0.0,0.999792218208313,0.0,0.0,0.0002078440447803,0.0,0.9998337626457214,0.0,0.0,0.0001662752329139,0.0,0.9997714161872864,0.0,0.0,0.0002286284434376,0.0,0.9998337626457214,0.0,0.0,0.0001662752329139,0.0,0.9997506141662598,0.0,0.0,0.0002494128420948,0.0,0.999792218208313,0.0,0.0,0.0002078440447803,0.0,0.9996882677078248,0.0,0.0,0.0003117660526186,0.0,0.9997298121452332,0.0,0.0,0.000270197255304,0.0,0.999792218208313,0.0,0.0,0.0002078440447803,0.0,0.9997298121452332,0.0,0.0,0.000270197255304,0.0,0.999792218208313,0.0,0.0,0.0002078440447803,0.0,0.999854564666748,0.0,0.0,0.0001454908342566,0.0,0.999792218208313,0.0,0.0,0.0002078440447803,0.0,0.9997506141662598,0.0,0.0,0.0002494128420948,0.0,0.9998129606246948,0.0,0.0,0.0001870596315711,0.0,0.9997714161872864,0.0,0.0,0.0002286284434376,0.0,0.997796893119812,0.0010392202530056,0.0006443165475502,0.0005196101265028,0.0,0.997796893119812,0.001163926674053,0.0006443165475502,0.0003949036763515,0.0,0.9982957243919371,0.0008937293896451,0.0005196101265028,0.0002909816685132,0.0,0.9992517828941344,0.0002909816685132,0.0002286284434376,0.0002286284434376,0.0,0.9972357153892516,0.0014133395161479,0.0008313761791214,0.0005196101265028,0.0,0.9985867142677308,0.0008521605632267,0.0002909816685132,0.000270197255304,0.0,0.9975682497024536,0.00114314223174,0.0006858853157609,0.0006027477211318,0.0,0.9985451102256776,0.0006235321052372,0.0004156880895607,0.0004156880895607,0.0,0.998254120349884,0.0007274541421793,0.0005819633370265,0.000436472473666,0.0,0.9961757063865662,0.0021615780424326,0.0009768670424818,0.0006858853157609,0.0,0.9971317648887634,0.0014133395161479,0.0009352981578558,0.0005196101265028,0.0,0.9986490607261658,0.0006027477211318,0.0003533348790369,0.0003949036763515,0.0,0.9972357153892516,0.0013509863056242,0.0008521605632267,0.0005611788947135,0.0,0.9971317648887634,0.0012262798845767,0.0009560826001688,0.0006858853157609,0.0,0.9983996152877808,0.0007274541421793,0.0005403945106081,0.0003325504658278,0.0,0.9977760910987854,0.0011015734635293,0.0007066697580739,0.0004156880895607,0.0,0.9992517828941344,0.0004156880895607,0.0001454908342566,0.0001870596315711,0.0,0.9977137446403505,0.0008729449473321,0.0009145137737505,0.0004988256841897,0.0,0.9965913891792296,0.0016419679159298,0.0012054954422637,0.0005611788947135,0.0,0.9969239234924316,0.0015380459371954,0.0010184358106926,0.0005196101265028,0.0,0.9981710314750672,0.0008105917368084,0.0004572568868752,0.0005611788947135,0.0,0.9980878829956056,0.0008729449473321,0.0007274541421793,0.0003117660526186,0.0,0.9978592395782472,0.0010392202530056,0.0005611788947135,0.0005403945106081,0.0,0.9973188638687134,0.0013302018633112,0.0008105917368084,0.0005403945106081,0.0,0.9985243678092957,0.0006858853157609,0.0004988256841897,0.0002909816685132,0.0,0.997402012348175,0.0012470642104744,0.0007690229685977,0.0005819633370265,0.0,0.9973604083061218,0.0012262798845767,0.0008937293896451,0.0005196101265028,0.0,0.9985867142677308,0.0008313761791214,0.0003533348790369,0.0002286284434376,0.0,0.998898446559906,0.0003949036763515,0.0003741192631423,0.0003325504658278,0.0,0.9986698627471924,0.0005196101265028119,0.0004572568868752569,0.0003533348790369928,0.0
11,0.9996259212493896,0.0,0.0,0.0003741192631423,0.0,0.9998337626457214,0.0,0.0,0.0001662752329139,0.0,0.999854564666748,0.0,0.0,0.0001454908342566,0.0,0.9997298121452332,0.0,0.0,0.000270197255304,0.0,0.9997298121452332,0.0,0.0,0.000270197255304,0.0,0.9997298121452332,0.0,0.0,0.000270197255304,0.0,0.9996467232704164,0.0,0.0,0.0003533348790369,0.0,0.9997714161872864,0.0,0.0,0.0002286284434376,0.0,0.9997090697288512,0.0,0.0,0.0002909816685132,0.0,0.9997298121452332,0.0,0.0,0.000270197255304,0.0,0.9998961091041564,0.0,0.0,0.0001039220223901,0.0,0.9999169111251832,0.0,0.0,8.313761645695195e-05,0.0,0.9996882677078248,0.0,0.0,0.0003117660526186,0.0,0.9998961091041564,0.0,0.0,0.0001039220223901,0.0,0.999792218208313,0.0,0.0,0.0002078440447803,0.0,0.9998337626457214,0.0,0.0,0.0001662752329139,0.0,0.9997714161872864,0.0,0.0,0.0002286284434376,0.0,0.9998337626457214,0.0,0.0,0.0001662752329139,0.0,0.9997506141662598,0.0,0.0,0.0002494128420948,0.0,0.999792218208313,0.0,0.0,0.0002078440447803,0.0,0.9996882677078248,0.0,0.0,0.0003117660526186,0.0,0.9997298121452332,0.0,0.0,0.000270197255304,0.0,0.999792218208313,0.0,0.0,0.0002078440447803,0.0,0.9997298121452332,0.0,0.0,0.000270197255304,0.0,0.999792218208313,0.0,0.0,0.0002078440447803,0.0,0.999854564666748,0.0,0.0,0.0001454908342566,0.0,0.999792218208313,0.0,0.0,0.0002078440447803,0.0,0.9997506141662598,0.0,0.0,0.0002494128420948,0.0,0.9998129606246948,0.0,0.0,0.0001870596315711,0.0,0.9997714161872864,0.0,0.0,0.0002286284434376,0.0,0.9974435567855836,0.0012262798845767,0.0006443165475502,0.0006858853157609,0.0,0.9975059032440186,0.0013509863056242,0.0006443165475502,0.0004988256841897,0.0,0.9980047345161438,0.0009352981578558,0.0006651009316556,0.0003949036763515,0.0,0.9991686344146729,0.0003533348790369,0.0002078440447803,0.000270197255304,0.0,0.996820032596588,0.0016211834736168,0.0008105917368084,0.0007482385262846,0.0,0.9985243678092957,0.000789807352703,0.0003533348790369,0.0003325504658278,0.0,0.9972149133682252,0.00114314223174,0.0008521605632267,0.000789807352703,0.0,0.9983580708503724,0.0006651009316556,0.000436472473666,0.0005403945106081,0.0,0.997796893119812,0.001122357789427,0.0005611788947135,0.0005196101265028,0.0,0.9955729842185974,0.0024317752104252,0.00114314223174,0.0008521605632267,0.0,0.9967160820961,0.0016211834736168,0.0009145137737505,0.0007482385262846,0.0,0.9984619617462158,0.0006027477211318,0.0004156880895607,0.0005196101265028,0.0,0.9968408346176147,0.0016419679159298,0.0008313761791214,0.0006858853157609,0.0,0.9966745376586914,0.0014964770525693,0.0010392202530056,0.000789807352703,0.0,0.9979839324951172,0.0010600045789033,0.0005403945106081,0.0004156880895607,0.0,0.9972149133682252,0.0015172614948824,0.0008105917368084,0.0004572568868752,0.0,0.999210238456726,0.0004156880895607,0.0001454908342566,0.0002286284434376,0.0,0.9973604083061218,0.001122357789427,0.000789807352703,0.0007274541421793,0.0,0.996051013469696,0.0019745184108614,0.0010600045789033,0.0009145137737505,0.0,0.9964874982833862,0.0016627523582428,0.00114314223174,0.0007066697580739,0.0,0.997921586036682,0.0009560826001688,0.0004572568868752,0.0006651009316556,0.0,0.9977760910987854,0.001122357789427,0.0006858853157609,0.0004156880895607,0.0,0.9976929426193236,0.0009976513683795,0.0006651009316556,0.0006443165475502,0.0,0.9969031810760498,0.0016003991477191,0.0007690229685977,0.0007274541421793,0.0,0.9982957243919371,0.0008105917368084,0.0005403945106081,0.0003533348790369,0.0,0.9970070719718932,0.0015588302630931,0.0006858853157609,0.0007482385262846,0.0,0.9967992305755616,0.0014341238420456,0.0010807890212163,0.0006858853157609,0.0,0.9985243678092957,0.000789807352703,0.0003741192631423,0.0003117660526186,0.0,0.9988569021224976,0.0003949036763515,0.0003741192631423,0.0003741192631423,0.0,0.9985451102256775,0.0005403945106081665,0.0004780413000844419,0.0004364724736660719,0.0
12,0.9996259212493896,0.0,0.0,0.0003741192631423,0.0,0.9998337626457214,0.0,0.0,0.0001662752329139,0.0,0.999854564666748,0.0,0.0,0.0001454908342566,0.0,0.9997298121452332,0.0,0.0,0.000270197255304,0.0,0.9997298121452332,0.0,0.0,0.000270197255304,0.0,0.9997298121452332,0.0,0.0,0.000270197255304,0.0,0.9996467232704164,0.0,0.0,0.0003533348790369,0.0,0.9997714161872864,0.0,0.0,0.0002286284434376,0.0,0.9997090697288512,0.0,0.0,0.0002909816685132,0.0,0.9997298121452332,0.0,0.0,0.000270197255304,0.0,0.9998961091041564,0.0,0.0,0.0001039220223901,0.0,0.9999169111251832,0.0,0.0,8.313761645695195e-05,0.0,0.9996882677078248,0.0,0.0,0.0003117660526186,0.0,0.9998961091041564,0.0,0.0,0.0001039220223901,0.0,0.999792218208313,0.0,0.0,0.0002078440447803,0.0,0.9998337626457214,0.0,0.0,0.0001662752329139,0.0,0.9997714161872864,0.0,0.0,0.0002286284434376,0.0,0.9998337626457214,0.0,0.0,0.0001662752329139,0.0,0.9997506141662598,0.0,0.0,0.0002494128420948,0.0,0.999792218208313,0.0,0.0,0.0002078440447803,0.0,0.9996882677078248,0.0,0.0,0.0003117660526186,0.0,0.9997298121452332,0.0,0.0,0.000270197255304,0.0,0.999792218208313,0.0,0.0,0.0002078440447803,0.0,0.9997298121452332,0.0,0.0,0.000270197255304,0.0,0.999792218208313,0.0,0.0,0.0002078440447803,0.0,0.999854564666748,0.0,0.0,0.0001454908342566,0.0,0.999792218208313,0.0,0.0,0.0002078440447803,0.0,0.9997506141662598,0.0,0.0,0.0002494128420948,0.0,0.9998129606246948,0.0,0.0,0.0001870596315711,0.0,0.9997714161872864,0.0,0.0,0.0002286284434376,0.0,0.9972772598266602,0.0010807890212163,0.0008729449473321,0.0007690229685977,0.0,0.9972149133682252,0.0012470642104744,0.0008313761791214,0.0007066697580739,0.0,0.9977553486824036,0.0010184358106926,0.0007274541421793,0.0004988256841897,0.0,0.999147891998291,0.0003533348790369,0.0002078440447803,0.0002909816685132,0.0,0.9964043498039246,0.0017251055687665,0.0008937293896451,0.0009768670424818,0.0,0.9982957243919371,0.0008937293896451,0.0003949036763515,0.0004156880895607,0.0,0.996695339679718,0.0014341238420456,0.0008105917368084,0.0010600045789033,0.0,0.9982333779335022,0.0007274541421793,0.000436472473666,0.0006027477211318,0.0,0.9975890517234802,0.0012054954422637,0.0006027477211318,0.0006027477211318,0.0,0.9947208166122437,0.0026188348419964,0.0015588302630931,0.0011015734635293,0.0,0.996051013469696,0.0018705963157117,0.001163926674053,0.0009145137737505,0.0,0.9982957243919371,0.0005611788947135,0.0005611788947135,0.0005819633370265,0.0,0.996383547782898,0.0016211834736168,0.0010807890212163,0.0009145137737505,0.0,0.9961965084075928,0.0017043211264535,0.0011015734635293,0.0009976513683795,0.0,0.9977760910987854,0.0009560826001688,0.000789807352703,0.0004780413000844,0.0,0.9969447255134584,0.0014756927266716,0.0008937293896451,0.0006858853157609,0.0,0.999147891998291,0.0003533348790369,0.0002286284434376,0.000270197255304,0.0,0.9970070719718932,0.0013509863056242,0.0007690229685977,0.0008729449473321,0.0,0.9955105781555176,0.0021823623683303,0.001122357789427,0.0011847109999507,0.0,0.995739221572876,0.0020576559472829,0.0012054954422637,0.0009976513683795,0.0,0.9977760910987854,0.0009768670424818,0.0004572568868752,0.000789807352703,0.0,0.9974227547645568,0.0011847109999507,0.0007482385262846,0.0006443165475502,0.0,0.9973604083061218,0.0010392202530056,0.0007066697580739,0.0008937293896451,0.0,0.9966329336166382,0.0014549082843586,0.0010807890212163,0.0008313761791214,0.0,0.9980670809745787,0.0009976513683795,0.0005196101265028,0.0004156880895607,0.0,0.9966537356376648,0.0017043211264535,0.0007066697580739,0.0009352981578558,0.0,0.996508240699768,0.0016835366841405,0.0009768670424818,0.0008313761791214,0.0,0.998254120349884,0.0009145137737505,0.0004572568868752,0.0003741192631423,0.0,0.9986698627471924,0.000436472473666,0.0003741192631423,0.0005196101265028,0.0,0.9983372688293457,0.0005819633370265365,0.0005819633370265365,0.0004988256841897964,0.0
13,0.9996259212493896,0.0,0.0,0.0003741192631423,0.0,0.9998337626457214,0.0,0.0,0.0001662752329139,0.0,0.999854564666748,0.0,0.0,0.0001454908342566,0.0,0.9997298121452332,0.0,0.0,0.000270197255304,0.0,0.9997298121452332,0.0,0.0,0.000270197255304,0.0,0.9997298121452332,0.0,0.0,0.000270197255304,0.0,0.9996467232704164,0.0,0.0,0.0003533348790369,0.0,0.9997714161872864,0.0,0.0,0.0002286284434376,0.0,0.9997090697288512,0.0,0.0,0.0002909816685132,0.0,0.9997298121452332,0.0,0.0,0.000270197255304,0.0,0.9998961091041564,0.0,0.0,0.0001039220223901,0.0,0.9999169111251832,0.0,0.0,8.313761645695195e-05,0.0,0.9996882677078248,0.0,0.0,0.0003117660526186,0.0,0.9998961091041564,0.0,0.0,0.0001039220223901,0.0,0.999792218208313,0.0,0.0,0.0002078440447803,0.0,0.9998337626457214,0.0,0.0,0.0001662752329139,0.0,0.9997714161872864,0.0,0.0,0.0002286284434376,0.0,0.9998337626457214,0.0,0.0,0.0001662752329139,0.0,0.9997506141662598,0.0,0.0,0.0002494128420948,0.0,0.999792218208313,0.0,0.0,0.0002078440447803,0.0,0.9996882677078248,0.0,0.0,0.0003117660526186,0.0,0.9997298121452332,0.0,0.0,0.000270197255304,0.0,0.999792218208313,0.0,0.0,0.0002078440447803,0.0,0.9997298121452332,0.0,0.0,0.000270197255304,0.0,0.999792218208313,0.0,0.0,0.0002078440447803,0.0,0.999854564666748,0.0,0.0,0.0001454908342566,0.0,0.999792218208313,0.0,0.0,0.0002078440447803,0.0,0.9997506141662598,0.0,0.0,0.0002494128420948,0.0,0.9998129606246948,0.0,0.0,0.0001870596315711,0.0,0.9997714161872864,0.0,0.0,0.0002286284434376,0.0,0.9966745376586914,0.0013717706315219,0.0009352981578558,0.0010184358106926,0.0,0.996820032596588,0.0013717706315219,0.0009976513683795,0.0008105917368084,0.0,0.9972772598266602,0.001163926674053,0.0009352981578558,0.0006235321052372,0.0,0.9990023970603944,0.0003949036763515,0.0001870596315711,0.0004156880895607,0.0,0.9959470629692078,0.001829027547501,0.0011847109999507,0.0010392202530056,0.0,0.9981086254119872,0.0008313761791214,0.0006235321052372,0.000436472473666,0.0,0.9961757063865662,0.0015796147054061,0.0011015734635293,0.00114314223174,0.0,0.9980670809745787,0.000789807352703,0.0004780413000844,0.0006651009316556,0.0,0.9973812103271484,0.001163926674053,0.0007690229685977,0.0006858853157609,0.0,0.9935153126716614,0.0033047201577574,0.0019329495262354,0.0012470642104744,0.0,0.9956768751144408,0.0018705963157117,0.0014133395161479,0.0010392202530056,0.0,0.9980462789535522,0.0006651009316556,0.0006235321052372,0.0006651009316556,0.0,0.995801568031311,0.0018705963157117,0.0013302018633112,0.0009976513683795,0.0,0.995801568031311,0.0017666743369773,0.00114314223174,0.0012886330951005,0.0,0.997402012348175,0.00114314223174,0.0008937293896451,0.0005611788947135,0.0,0.9966121912002563,0.0015380459371954,0.0009976513683795,0.0008521605632267,0.0,0.9989815950393676,0.000436472473666,0.0003117660526186,0.000270197255304,0.0,0.9965705871582032,0.0014756927266716,0.0009976513683795,0.0009560826001688,0.0,0.9950118064880372,0.0020992248319089,0.0014964770525693,0.0013925550738349,0.0,0.9949494004249572,0.0024733440950512,0.0014341238420456,0.00114314223174,0.0,0.9976305961608888,0.0008313761791214,0.0006858853157609,0.0008521605632267,0.0,0.997090220451355,0.0013094174209982,0.0007482385262846,0.0008521605632267,0.0,0.9969655275344848,0.0012470642104744,0.0008521605632267,0.0009352981578558,0.0,0.9962795972824096,0.0014756927266716,0.001163926674053,0.0010807890212163,0.0,0.997734546661377,0.0010184358106926,0.0007274541421793,0.0005196101265028,0.0,0.9961133599281312,0.0017043211264535,0.0011015734635293,0.0010807890212163,0.0,0.9961341619491576,0.0016211834736168,0.0012054954422637,0.0010392202530056,0.0,0.9982125759124756,0.0007690229685977,0.0005819633370265,0.000436472473666,0.0,0.9984827637672424,0.0004988256841897,0.0003949036763515,0.0006235321052372,0.0,0.9981294274330139,0.0006858853157609701,0.000602747721131891,0.0005819633370265365,0.0
14,0.9996259212493896,0.0,0.0,0.0003741192631423,0.0,0.9998337626457214,0.0,0.0,0.0001662752329139,0.0,0.999854564666748,0.0,0.0,0.0001454908342566,0.0,0.9997298121452332,0.0,0.0,0.000270197255304,0.0,0.9997298121452332,0.0,0.0,0.000270197255304,0.0,0.9997298121452332,0.0,0.0,0.000270197255304,0.0,0.9996467232704164,0.0,0.0,0.0003533348790369,0.0,0.9997714161872864,0.0,0.0,0.0002286284434376,0.0,0.9997090697288512,0.0,0.0,0.0002909816685132,0.0,0.9997298121452332,0.0,0.0,0.000270197255304,0.0,0.9998961091041564,0.0,0.0,0.0001039220223901,0.0,0.9999169111251832,0.0,0.0,8.313761645695195e-05,0.0,0.9996882677078248,0.0,0.0,0.0003117660526186,0.0,0.9998961091041564,0.0,0.0,0.0001039220223901,0.0,0.999792218208313,0.0,0.0,0.0002078440447803,0.0,0.9998337626457214,0.0,0.0,0.0001662752329139,0.0,0.9997714161872864,0.0,0.0,0.0002286284434376,0.0,0.9998337626457214,0.0,0.0,0.0001662752329139,0.0,0.9997506141662598,0.0,0.0,0.0002494128420948,0.0,0.999792218208313,0.0,0.0,0.0002078440447803,0.0,0.9996882677078248,0.0,0.0,0.0003117660526186,0.0,0.9997298121452332,0.0,0.0,0.000270197255304,0.0,0.999792218208313,0.0,0.0,0.0002078440447803,0.0,0.9997298121452332,0.0,0.0,0.000270197255304,0.0,0.999792218208313,0.0,0.0,0.0002078440447803,0.0,0.999854564666748,0.0,0.0,0.0001454908342566,0.0,0.999792218208313,0.0,0.0,0.0002078440447803,0.0,0.9997506141662598,0.0,0.0,0.0002494128420948,0.0,0.9998129606246948,0.0,0.0,0.0001870596315711,0.0,0.9997714161872864,0.0,0.0,0.0002286284434376,0.0,0.9959678649902344,0.001829027547501,0.001122357789427,0.0010807890212163,0.0,0.9960302114486694,0.0017666743369773,0.0012262798845767,0.0009768670424818,0.0,0.9966537356376648,0.0016419679159298,0.0009768670424818,0.0007274541421793,0.0,0.9987945556640624,0.0004572568868752,0.0002909816685132,0.0004572568868752,0.0,0.9955313801765442,0.0017043211264535,0.0015588302630931,0.0012054954422637,0.0,0.99746435880661,0.001122357789427,0.0008729449473321,0.0005403945106081,0.0,0.9955313801765442,0.0020368716213852,0.0012262798845767,0.0012054954422637,0.0,0.9977553486824036,0.000789807352703,0.0006235321052372,0.0008313761791214,0.0,0.9968615770339966,0.0013925550738349,0.0009352981578558,0.0008105917368084,0.0,0.9917070865631104,0.0044686468318104,0.0023902065586298,0.0014341238420456,0.0,0.9945753216743468,0.0025564816314727,0.0017251055687665,0.00114314223174,0.0,0.99746435880661,0.0011847109999507,0.0006651009316556,0.0006858853157609,0.0,0.9951364994049072,0.0020992248319089,0.0015172614948824,0.0012470642104744,0.0,0.9948870539665222,0.002244715578854,0.0014133395161479,0.0014549082843586,0.0,0.9969862699508668,0.0014133395161479,0.0009352981578558,0.0006651009316556,0.0,0.9957184195518494,0.0020576559472829,0.0012054954422637,0.0010184358106926,0.0,0.9988152980804444,0.000436472473666,0.000436472473666,0.0003117660526186,0.0,0.995926320552826,0.0017874587792903,0.0010600045789033,0.0012262798845767,0.0,0.9942011833190918,0.0023902065586298,0.0017251055687665,0.0016835366841405,0.0,0.9940764904022216,0.0028474633581936,0.0017458898946642,0.0013302018633112,0.0,0.9973396062850952,0.0008313761791214,0.0008729449473321,0.0009560826001688,0.0,0.9964874982833862,0.0016003991477191,0.0009352981578558,0.0009768670424818,0.0,0.9963627457618712,0.0014964770525693,0.0011847109999507,0.0009560826001688,0.0,0.9953858852386476,0.0019329495262354,0.0013717706315219,0.0013094174209982,0.0,0.9970486760139464,0.0014756927266716,0.000789807352703,0.0006858853157609,0.0,0.9955105781555176,0.0018913807580247,0.0013509863056242,0.0012470642104744,0.0,0.995344340801239,0.0020160872954875,0.0013509863056242,0.0012886330951005,0.0,0.9978176951408386,0.0007690229685977,0.0008729449473321,0.0005403945106081,0.0,0.9981086254119872,0.000789807352703,0.0003949036763515,0.0007066697580739,0.0,0.997796893119812,0.0008729449473321438,0.0006235321052372456,0.0007066697580739856,0.0
15,0.9996259212493896,0.0,0.0,0.0003741192631423,0.0,0.9998337626457214,0.0,0.0,0.0001662752329139,0.0,0.999854564666748,0.0,0.0,0.0001454908342566,0.0,0.9997298121452332,0.0,0.0,0.000270197255304,0.0,0.9997298121452332,0.0,0.0,0.000270197255304,0.0,0.9997298121452332,0.0,0.0,0.000270197255304,0.0,0.9996467232704164,0.0,0.0,0.0003533348790369,0.0,0.9997714161872864,0.0,0.0,0.0002286284434376,0.0,0.9997090697288512,0.0,0.0,0.0002909816685132,0.0,0.9997298121452332,0.0,0.0,0.000270197255304,0.0,0.9998961091041564,0.0,0.0,0.0001039220223901,0.0,0.9999169111251832,0.0,0.0,8.313761645695195e-05,0.0,0.9996882677078248,0.0,0.0,0.0003117660526186,0.0,0.9998961091041564,0.0,0.0,0.0001039220223901,0.0,0.999792218208313,0.0,0.0,0.0002078440447803,0.0,0.9998337626457214,0.0,0.0,0.0001662752329139,0.0,0.9997714161872864,0.0,0.0,0.0002286284434376,0.0,0.9998337626457214,0.0,0.0,0.0001662752329139,0.0,0.9997506141662598,0.0,0.0,0.0002494128420948,0.0,0.999792218208313,0.0,0.0,0.0002078440447803,0.0,0.9996882677078248,0.0,0.0,0.0003117660526186,0.0,0.9997298121452332,0.0,0.0,0.000270197255304,0.0,0.999792218208313,0.0,0.0,0.0002078440447803,0.0,0.9997298121452332,0.0,0.0,0.000270197255304,0.0,0.999792218208313,0.0,0.0,0.0002078440447803,0.0,0.999854564666748,0.0,0.0,0.0001454908342566,0.0,0.999792218208313,0.0,0.0,0.0002078440447803,0.0,0.9997506141662598,0.0,0.0,0.0002494128420948,0.0,0.9998129606246948,0.0,0.0,0.0001870596315711,0.0,0.9997714161872864,0.0,0.0,0.0002286284434376,0.0,0.9951572418212892,0.0022862844634801,0.0013925550738349,0.001163926674053,0.0,0.995281994342804,0.0022239312529563,0.0014549082843586,0.0010392202530056,0.0,0.995988667011261,0.0020160872954875,0.0011847109999507,0.0008105917368084,0.0,0.9986490607261658,0.0005196101265028,0.0003741192631423,0.0004572568868752,0.0,0.994637668132782,0.0021823623683303,0.001829027547501,0.0013509863056242,0.0,0.9968823790550232,0.0016419679159298,0.0009145137737505,0.0005611788947135,0.0,0.994970202445984,0.002244715578854,0.0014964770525693,0.0012886330951005,0.0,0.9973188638687134,0.0010392202530056,0.0008105917368084,0.0008313761791214,0.0,0.9964250922203064,0.0013717706315219,0.0011847109999507,0.0010184358106926,0.0,0.990065097808838,0.0055078673176467,0.0027643258217722,0.0016627523582428,0.0,0.993660807609558,0.0030553073156625,0.001829027547501,0.0014549082843586,0.0,0.9969239234924316,0.0015380459371954,0.000789807352703,0.0007482385262846,0.0,0.9940141439437866,0.0028266790322959,0.0017458898946642,0.0014133395161479,0.0,0.9937023520469666,0.002972169779241,0.0016835366841405,0.0016419679159298,0.0,0.9961341619491576,0.001849811989814,0.00114314223174,0.0008729449473321,0.0,0.9949494004249572,0.0022655001375824,0.0016627523582428,0.001122357789427,0.0,0.9986074566841124,0.0006027477211318,0.0004572568868752,0.0003325504658278,0.0,0.9953858852386476,0.0019745184108614,0.0012262798845767,0.0014133395161479,0.0,0.9931203722953796,0.002930600894615,0.0021823623683303,0.0017666743369773,0.0,0.992829442024231,0.003658055095002,0.0019745184108614,0.0015380459371954,0.0,0.9968823790550232,0.0010392202530056,0.0010600045789033,0.0010184358106926,0.0,0.995801568031311,0.0019745184108614,0.0011847109999507,0.0010392202530056,0.0,0.9955729842185974,0.0021200091578066,0.0012054954422637,0.0011015734635293,0.0,0.9945337176322936,0.0023694219999015,0.0017458898946642,0.0013509863056242,0.0,0.9966745376586914,0.0016211834736168,0.0009145137737505,0.000789807352703,0.0,0.9948455095291138,0.0021615780424326,0.0016419679159298,0.0013509863056242,0.0,0.9946168661117554,0.0021823623683303,0.0017874587792903,0.0014133395161479,0.0,0.9971733689308168,0.0013509863056242,0.0008937293896451,0.0005819633370265,0.0,0.997796893119812,0.0010600045789033,0.000436472473666,0.0007066697580739,0.0,0.9972565174102783,0.001288633095100522,0.000644316547550261,0.0008105917368084192,0.0
16,0.9996259212493896,0.0,0.0,0.0003741192631423,0.0,0.9998337626457214,0.0,0.0,0.0001662752329139,0.0,0.999854564666748,0.0,0.0,0.0001454908342566,0.0,0.9997298121452332,0.0,0.0,0.000270197255304,0.0,0.9997298121452332,0.0,0.0,0.000270197255304,0.0,0.9997298121452332,0.0,0.0,0.000270197255304,0.0,0.9996467232704164,0.0,0.0,0.0003533348790369,0.0,0.9997714161872864,0.0,0.0,0.0002286284434376,0.0,0.9997090697288512,0.0,0.0,0.0002909816685132,0.0,0.9997298121452332,0.0,0.0,0.000270197255304,0.0,0.9998961091041564,0.0,0.0,0.0001039220223901,0.0,0.9999169111251832,0.0,0.0,8.313761645695195e-05,0.0,0.9996882677078248,0.0,0.0,0.0003117660526186,0.0,0.9998961091041564,0.0,0.0,0.0001039220223901,0.0,0.999792218208313,0.0,0.0,0.0002078440447803,0.0,0.9998337626457214,0.0,0.0,0.0001662752329139,0.0,0.9997714161872864,0.0,0.0,0.0002286284434376,0.0,0.9998337626457214,0.0,0.0,0.0001662752329139,0.0,0.9997506141662598,0.0,0.0,0.0002494128420948,0.0,0.999792218208313,0.0,0.0,0.0002078440447803,0.0,0.9996882677078248,0.0,0.0,0.0003117660526186,0.0,0.9997298121452332,0.0,0.0,0.000270197255304,0.0,0.999792218208313,0.0,0.0,0.0002078440447803,0.0,0.9997298121452332,0.0,0.0,0.000270197255304,0.0,0.999792218208313,0.0,0.0,0.0002078440447803,0.0,0.999854564666748,0.0,0.0,0.0001454908342566,0.0,0.999792218208313,0.0,0.0,0.0002078440447803,0.0,0.9997506141662598,0.0,0.0,0.0002494128420948,0.0,0.9998129606246948,0.0,0.0,0.0001870596315711,0.0,0.9997714161872864,0.0,0.0,0.0002286284434376,0.0,0.9942427277565002,0.0030345229897648,0.0013925550738349,0.0013302018633112,0.0,0.9942427277565002,0.002972169779241,0.0016419679159298,0.00114314223174,0.0,0.9951364994049072,0.0026188348419964,0.0011847109999507,0.0010600045789033,0.0,0.998565912246704,0.0005819633370265,0.0003741192631423,0.0004780413000844,0.0,0.993536114692688,0.0028682476840913,0.0020368716213852,0.0015588302630931,0.0,0.9963003993034364,0.0019953027367591,0.0010184358106926,0.0006858853157609,0.0,0.99399334192276,0.0027019726112484,0.0016627523582428,0.0016419679159298,0.0,0.996820032596588,0.0014133395161479,0.000789807352703,0.0009768670424818,0.0,0.9956768751144408,0.0019121652003377,0.0013302018633112,0.0010807890212163,0.0,0.9882776141166688,0.0064431652426719,0.0032839358318597,0.0019953027367591,0.0,0.9928086400032043,0.0032423669472336,0.0022862844634801,0.0016627523582428,0.0,0.9965705871582032,0.0017251055687665,0.0007690229685977,0.0009352981578558,0.0,0.9930996298789978,0.0032839358318597,0.0020992248319089,0.0015172614948824,0.0,0.992579996585846,0.003616486210376,0.0019745184108614,0.001829027547501,0.0,0.9954690337181092,0.0023070687893778,0.0012678486527875,0.0009560826001688,0.0,0.9942427277565002,0.0027019726112484,0.0017874587792903,0.0012678486527875,0.0,0.9981502294540404,0.0009976513683795,0.0004780413000844,0.0003741192631423,0.0,0.9948247075080872,0.0021823623683303,0.0014756927266716,0.0015172614948824,0.0,0.991810977458954,0.003699623979628,0.0025149129796773,0.0019745184108614,0.0,0.9917070865631104,0.004032174590975,0.0024109908845275,0.001849811989814,0.0,0.9961549043655396,0.0016211834736168,0.0011015734635293,0.001122357789427,0.0,0.995406687259674,0.0020160872954875,0.0014756927266716,0.0011015734635293,0.0,0.9947415590286256,0.0026188348419964,0.0013302018633112,0.0013094174209982,0.0,0.99368155002594,0.0029513854533433,0.0018705963157117,0.0014964770525693,0.0,0.996071755886078,0.0019953027367591,0.0010392202530056,0.0008937293896451,0.0,0.9939101934432985,0.0027435412630438,0.0019121652003377,0.0014341238420456,0.0,0.9933074712753296,0.0032007982954382,0.0017251055687665,0.0017666743369773,0.0,0.9966745376586914,0.0015796147054061,0.0010600045789033,0.0006858853157609,0.0,0.9975682497024536,0.0011015734635293,0.0005819633370265,0.0007482385262846,0.0,0.9968823790550232,0.0014549082843586802,0.0007482385262846947,0.0009145137737505138,0.0
17,0.9996259212493896,0.0,0.0,0.0003741192631423,0.0,0.9998337626457214,0.0,0.0,0.0001662752329139,0.0,0.999854564666748,0.0,0.0,0.0001454908342566,0.0,0.9997298121452332,0.0,0.0,0.000270197255304,0.0,0.9997298121452332,0.0,0.0,0.000270197255304,0.0,0.9997298121452332,0.0,0.0,0.000270197255304,0.0,0.9996467232704164,0.0,0.0,0.0003533348790369,0.0,0.9997714161872864,0.0,0.0,0.0002286284434376,0.0,0.9997090697288512,0.0,0.0,0.0002909816685132,0.0,0.9997298121452332,0.0,0.0,0.000270197255304,0.0,0.9998961091041564,0.0,0.0,0.0001039220223901,0.0,0.9999169111251832,0.0,0.0,8.313761645695195e-05,0.0,0.9996882677078248,0.0,0.0,0.0003117660526186,0.0,0.9998961091041564,0.0,0.0,0.0001039220223901,0.0,0.999792218208313,0.0,0.0,0.0002078440447803,0.0,0.9998337626457214,0.0,0.0,0.0001662752329139,0.0,0.9997714161872864,0.0,0.0,0.0002286284434376,0.0,0.9998337626457214,0.0,0.0,0.0001662752329139,0.0,0.9997506141662598,0.0,0.0,0.0002494128420948,0.0,0.999792218208313,0.0,0.0,0.0002078440447803,0.0,0.9996882677078248,0.0,0.0,0.0003117660526186,0.0,0.9997298121452332,0.0,0.0,0.000270197255304,0.0,0.999792218208313,0.0,0.0,0.0002078440447803,0.0,0.9997298121452332,0.0,0.0,0.000270197255304,0.0,0.999792218208313,0.0,0.0,0.0002078440447803,0.0,0.999854564666748,0.0,0.0,0.0001454908342566,0.0,0.999792218208313,0.0,0.0,0.0002078440447803,0.0,0.9997506141662598,0.0,0.0,0.0002494128420948,0.0,0.9998129606246948,0.0,0.0,0.0001870596315711,0.0,0.9997714161872864,0.0,0.0,0.0002286284434376,0.0,0.9933698177337646,0.0033047201577574,0.0016835366841405,0.0016419679159298,0.0,0.9934113621711732,0.0034086422529071,0.0016419679159298,0.0015380459371954,0.0,0.994512975215912,0.0027643258217722,0.0014964770525693,0.0012262798845767,0.0,0.998254120349884,0.0007482385262846,0.0004988256841897,0.0004988256841897,0.0,0.9923513531684875,0.0035957018844783,0.0021823623683303,0.0018705963157117,0.0,0.9958431720733644,0.0022655001375824,0.0010807890212163,0.0008105917368084,0.0,0.9931411743164062,0.0030345229897648,0.0019537340849637,0.0018705963157117,0.0,0.9964043498039246,0.0016627523582428,0.0008937293896451,0.0010392202530056,0.0,0.9948663115501404,0.0025149129796773,0.0014133395161479,0.0012054954422637,0.0,0.9862407445907592,0.0072745415382087,0.0038243304006755,0.0026604037266224,0.0,0.9915615916252136,0.0041153118945658,0.002244715578854,0.0020784405060112,0.0,0.9961757063865662,0.0018705963157117,0.0008105917368084,0.00114314223174,0.0,0.9920188188552856,0.0037827615160495,0.0022031469270586,0.0019953027367591,0.0,0.9913121461868286,0.0044894311577081,0.0020992248319089,0.0020992248319089,0.0,0.9946584701538086,0.0027435412630438,0.0013302018633112,0.0012678486527875,0.0,0.9933282136917114,0.0032839358318597,0.001808243105188,0.0015796147054061,0.0,0.9978800415992736,0.0011015734635293,0.0005196101265028,0.0004988256841897,0.0,0.9941803812980652,0.0023902065586298,0.0017874587792903,0.0016419679159298,0.0,0.9903352856636048,0.0046764910221099,0.0026811880525201,0.0023070687893778,0.0,0.9900442957878112,0.0049051195383071,0.0028474633581936,0.0022031469270586,0.0,0.9958847165107728,0.0017458898946642,0.001122357789427,0.0012470642104744,0.0,0.9942219853401184,0.0028682476840913,0.0015172614948824,0.0013925550738349,0.0,0.9941388368606568,0.0028266790322959,0.0014341238420456,0.0016003991477191,0.0,0.9922890067100524,0.0039906054735183,0.001808243105188,0.0019121652003377,0.0,0.995614528656006,0.0021200091578066,0.0013302018633112,0.0009352981578558,0.0,0.992579996585846,0.0035333486739546,0.002244715578854,0.0016419679159298,0.0,0.9923929572105408,0.0037411926314234,0.0020576559472829,0.001808243105188,0.0,0.9959678649902344,0.002244715578854,0.0009560826001688,0.0008313761791214,0.0,0.9973396062850952,0.00114314223174,0.0006235321052372,0.0008937293896451,0.0,0.9962172508239746,0.0019121652003377676,0.0007898073527030647,0.001080789021216333,0.0
18,0.9996259212493896,0.0,0.0,0.0003741192631423,0.0,0.9998337626457214,0.0,0.0,0.0001662752329139,0.0,0.999854564666748,0.0,0.0,0.0001454908342566,0.0,0.9997298121452332,0.0,0.0,0.000270197255304,0.0,0.9997298121452332,0.0,0.0,0.000270197255304,0.0,0.9997298121452332,0.0,0.0,0.000270197255304,0.0,0.9996467232704164,0.0,0.0,0.0003533348790369,0.0,0.9997714161872864,0.0,0.0,0.0002286284434376,0.0,0.9997090697288512,0.0,0.0,0.0002909816685132,0.0,0.9997298121452332,0.0,0.0,0.000270197255304,0.0,0.9998961091041564,0.0,0.0,0.0001039220223901,0.0,0.9999169111251832,0.0,0.0,8.313761645695195e-05,0.0,0.9996882677078248,0.0,0.0,0.0003117660526186,0.0,0.9998961091041564,0.0,0.0,0.0001039220223901,0.0,0.999792218208313,0.0,0.0,0.0002078440447803,0.0,0.9998337626457214,0.0,0.0,0.0001662752329139,0.0,0.9997714161872864,0.0,0.0,0.0002286284434376,0.0,0.9998337626457214,0.0,0.0,0.0001662752329139,0.0,0.9997506141662598,0.0,0.0,0.0002494128420948,0.0,0.999792218208313,0.0,0.0,0.0002078440447803,0.0,0.9996882677078248,0.0,0.0,0.0003117660526186,0.0,0.9997298121452332,0.0,0.0,0.000270197255304,0.0,0.999792218208313,0.0,0.0,0.0002078440447803,0.0,0.9997298121452332,0.0,0.0,0.000270197255304,0.0,0.999792218208313,0.0,0.0,0.0002078440447803,0.0,0.999854564666748,0.0,0.0,0.0001454908342566,0.0,0.999792218208313,0.0,0.0,0.0002078440447803,0.0,0.9997506141662598,0.0,0.0,0.0002494128420948,0.0,0.9998129606246948,0.0,0.0,0.0001870596315711,0.0,0.9997714161872864,0.0,0.0,0.0002286284434376,0.0,0.9920811653137208,0.0038866836111992,0.0020784405060112,0.0019537340849637,0.0,0.9922890067100524,0.0037411926314234,0.0021615780424326,0.001808243105188,0.0,0.993660807609558,0.0029929541051387,0.0017874587792903,0.0015588302630931,0.0,0.9980047345161438,0.000789807352703,0.0006027477211318,0.0006027477211318,0.0,0.9911043047904968,0.004427078180015,0.002244715578854,0.0022239312529563,0.0,0.995344340801239,0.0021200091578066,0.0014756927266716,0.0010600045789033,0.0,0.9916654825210572,0.0038658990524709,0.0022239312529563,0.002244715578854,0.0,0.9959055185317992,0.001849811989814,0.0011015734635293,0.00114314223174,0.0,0.9940972924232484,0.0027643258217722,0.0016835366841405,0.0014549082843586,0.0,0.9838297963142396,0.0078772893175482,0.0051129632629454,0.0031800137367099,0.0,0.9902729392051696,0.0043023717589676,0.002972169779241,0.0024525597691535,0.0,0.9956768751144408,0.0017874587792903,0.0012470642104744,0.0012886330951005,0.0,0.9907717704772948,0.0043647247366607,0.002535697305575,0.0023278533481061,0.0,0.9902521371841432,0.0046349219046533,0.0026811880525201,0.0024317752104252,0.0,0.9938478469848632,0.0031384450849145,0.0015588302630931,0.0014549082843586,0.0,0.991935670375824,0.0037827615160495,0.0024317752104252,0.001849811989814,0.0,0.9974435567855836,0.0013717706315219,0.0006027477211318,0.0005819633370265,0.0,0.9931827783584596,0.0027435412630438,0.0021200091578066,0.0019537340849637,0.0,0.9886309504508972,0.0055702202953398,0.0029098165687173,0.0028890322428196,0.0,0.988194465637207,0.005881986580789,0.0033462890423834,0.002577266190201,0.0,0.995094895362854,0.002244715578854,0.001122357789427,0.0015380459371954,0.0,0.9932658672332764,0.0032215826213359,0.0019121652003377,0.0016003991477191,0.0,0.9931203722953796,0.0032423669472336,0.001849811989814,0.0017874587792903,0.0,0.991478443145752,0.0039074681699275,0.0023694219999015,0.002244715578854,0.0,0.9948663115501404,0.0021823623683303,0.0017043211264535,0.0012470642104744,0.0,0.9914368391036988,0.0040737432427704,0.0023070687893778,0.0021823623683303,0.0,0.991166651248932,0.0041776653379201,0.0024109908845275,0.002244715578854,0.0,0.995032548904419,0.0027851101476699,0.001163926674053,0.0010184358106926,0.0,0.9968615770339966,0.0012470642104744,0.0008729449473321,0.0010184358106926,0.0,0.995801568031311,0.001995302736759186,0.0010184358106926084,0.0011847109999507666,0.0
19,0.9996259212493896,0.0,0.0,0.0003741192631423,0.0,0.9998337626457214,0.0,0.0,0.0001662752329139,0.0,0.999854564666748,0.0,0.0,0.0001454908342566,0.0,0.9997298121452332,0.0,0.0,0.000270197255304,0.0,0.9997298121452332,0.0,0.0,0.000270197255304,0.0,0.9997298121452332,0.0,0.0,0.000270197255304,0.0,0.9996467232704164,0.0,0.0,0.0003533348790369,0.0,0.9997714161872864,0.0,0.0,0.0002286284434376,0.0,0.9997090697288512,0.0,0.0,0.0002909816685132,0.0,0.9997298121452332,0.0,0.0,0.000270197255304,0.0,0.9998961091041564,0.0,0.0,0.0001039220223901,0.0,0.9999169111251832,0.0,0.0,8.313761645695195e-05,0.0,0.9996882677078248,0.0,0.0,0.0003117660526186,0.0,0.9998961091041564,0.0,0.0,0.0001039220223901,0.0,0.999792218208313,0.0,0.0,0.0002078440447803,0.0,0.9998337626457214,0.0,0.0,0.0001662752329139,0.0,0.9997714161872864,0.0,0.0,0.0002286284434376,0.0,0.9998337626457214,0.0,0.0,0.0001662752329139,0.0,0.9997506141662598,0.0,0.0,0.0002494128420948,0.0,0.999792218208313,0.0,0.0,0.0002078440447803,0.0,0.9996882677078248,0.0,0.0,0.0003117660526186,0.0,0.9997298121452332,0.0,0.0,0.000270197255304,0.0,0.999792218208313,0.0,0.0,0.0002078440447803,0.0,0.9997298121452332,0.0,0.0,0.000270197255304,0.0,0.999792218208313,0.0,0.0,0.0002078440447803,0.0,0.999854564666748,0.0,0.0,0.0001454908342566,0.0,0.999792218208313,0.0,0.0,0.0002078440447803,0.0,0.9997506141662598,0.0,0.0,0.0002494128420948,0.0,0.9998129606246948,0.0,0.0,0.0001870596315711,0.0,0.9997714161872864,0.0,0.0,0.0002286284434376,0.0,0.990584671497345,0.0045725689269602,0.0026396194007247,0.0022031469270586,0.0,0.9906678199768066,0.0046141375787556,0.0025149129796773,0.0022031469270586,0.0,0.9922266602516174,0.0037619771901518,0.0023070687893778,0.0017043211264535,0.0,0.997734546661377,0.0009145137737505,0.0006027477211318,0.0007482385262846,0.0,0.9895662665367126,0.00507139461115,0.0025980505160987,0.0027643258217722,0.0,0.9942635297775269,0.0026188348419964,0.0017043211264535,0.0014133395161479,0.0,0.9902521371841432,0.0047180596739053,0.0025980505160987,0.0024317752104252,0.0,0.9950118064880372,0.0023070687893778,0.0012262798845767,0.0014549082843586,0.0,0.9931411743164062,0.0032839358318597,0.001829027547501,0.0017458898946642,0.0,0.980400323867798,0.0096647478640079,0.006110614631325,0.0038243304006755,0.0,0.9886517524719238,0.0050090411677956,0.0034709954634308,0.0028682476840913,0.0,0.9949494004249572,0.0019745184108614,0.0017251055687665,0.0013509863056242,0.0,0.9886309504508972,0.0053831608965992,0.0032215826213359,0.0027643258217722,0.0,0.988443911075592,0.0052584540098905,0.0034294265788048,0.0028682476840913,0.0,0.9925591945648192,0.0035749175585806,0.0022655001375824,0.0016003991477191,0.0,0.9901482462882996,0.0048011974431574,0.0028266790322959,0.0022239312529563,0.0,0.99715256690979,0.0014549082843586,0.0006443165475502,0.0007482385262846,0.0,0.9917486310005188,0.0036372707691043,0.0023278533481061,0.0022862844634801,0.0,0.986510932445526,0.0066094403155148,0.0034709954634308,0.0034086422529071,0.0,0.9859497547149658,0.0068796379491686,0.0040945275686681,0.0030760918743908,0.0,0.9942843317985536,0.0025980505160987,0.0012886330951005,0.001829027547501,0.0,0.9922266602516174,0.0035749175585806,0.0022862844634801,0.0019121652003377,0.0,0.9917486310005188,0.0038243304006755,0.0022862844634801,0.0021407937165349,0.0,0.9903352856636048,0.0041984496638178,0.0027851101476699,0.0026811880525201,0.0,0.993660807609558,0.0030137386638671,0.001849811989814,0.0014756927266716,0.0,0.9898780584335328,0.0049674725160002,0.0025564816314727,0.0025980505160987,0.0,0.989732563495636,0.0048843347467482,0.0027435412630438,0.0026396194007247,0.0,0.994325876235962,0.0028474633581936,0.0014133395161479,0.0014133395161479,0.0,0.9962795972824096,0.0015172614948824,0.0011015734635293,0.0011015734635293,0.0,0.9952611923217773,0.001995302736759186,0.0014133395161479712,0.0013302018633112311,0.0
20,0.9996259212493896,0.0,0.0,0.0003741192631423,0.0,0.9998337626457214,0.0,0.0,0.0001662752329139,0.0,0.999854564666748,0.0,0.0,0.0001454908342566,0.0,0.9997298121452332,0.0,0.0,0.000270197255304,0.0,0.9997298121452332,0.0,0.0,0.000270197255304,0.0,0.9997298121452332,0.0,0.0,0.000270197255304,0.0,0.9996467232704164,0.0,0.0,0.0003533348790369,0.0,0.9997714161872864,0.0,0.0,0.0002286284434376,0.0,0.9997090697288512,0.0,0.0,0.0002909816685132,0.0,0.9997298121452332,0.0,0.0,0.000270197255304,0.0,0.9998961091041564,0.0,0.0,0.0001039220223901,0.0,0.9999169111251832,0.0,0.0,8.313761645695195e-05,0.0,0.9996882677078248,0.0,0.0,0.0003117660526186,0.0,0.9998961091041564,0.0,0.0,0.0001039220223901,0.0,0.999792218208313,0.0,0.0,0.0002078440447803,0.0,0.9998337626457214,0.0,0.0,0.0001662752329139,0.0,0.9997714161872864,0.0,0.0,0.0002286284434376,0.0,0.9998337626457214,0.0,0.0,0.0001662752329139,0.0,0.9997506141662598,0.0,0.0,0.0002494128420948,0.0,0.999792218208313,0.0,0.0,0.0002078440447803,0.0,0.9996882677078248,0.0,0.0,0.0003117660526186,0.0,0.9997298121452332,0.0,0.0,0.000270197255304,0.0,0.999792218208313,0.0,0.0,0.0002078440447803,0.0,0.9997298121452332,0.0,0.0,0.000270197255304,0.0,0.999792218208313,0.0,0.0,0.0002078440447803,0.0,0.999854564666748,0.0,0.0,0.0001454908342566,0.0,0.999792218208313,0.0,0.0,0.0002078440447803,0.0,0.9997506141662598,0.0,0.0,0.0002494128420948,0.0,0.9998129606246948,0.0,0.0,0.0001870596315711,0.0,0.9997714161872864,0.0,0.0,0.0002286284434376,0.0,0.9885686039924622,0.0056741423904895,0.0032007982954382,0.0025564816314727,0.0,0.9889427423477172,0.0053000231273472,0.003263151505962,0.0024941284209489,0.0,0.9904807806015016,0.0046557066962122,0.0028682476840913,0.0019953027367591,0.0,0.9972565174102784,0.0013094174209982,0.0006027477211318,0.0008313761791214,0.0,0.9879035353660583,0.0056325737386941,0.0032839358318597,0.0031800137367099,0.0,0.9930580258369446,0.0032423669472336,0.0022239312529563,0.0014756927266716,0.0,0.988901138305664,0.0050921789370477,0.0032215826213359,0.0027851101476699,0.0,0.994388222694397,0.0024317752104252,0.0015380459371954,0.0016419679159298,0.0,0.9921435117721558,0.0035333486739546,0.0021200091578066,0.0022031469270586,0.0,0.9765967726707458,0.0116808349266648,0.0072953258641064,0.004427078180015,0.0,0.9859082102775574,0.0069004222750663,0.0039074681699275,0.0032839358318597,0.0,0.9940141439437866,0.0025564816314727,0.0018913807580247,0.0015380459371954,0.0,0.9867603778839112,0.0063392431475222,0.0037411926314234,0.0031592294108122,0.0,0.9859082102775574,0.0066717937588691,0.0040945275686681,0.0033255047164857,0.0,0.9910211563110352,0.0044478625059127,0.0025149129796773,0.0020160872954875,0.0,0.9887556433677672,0.0054870825260877,0.002972169779241,0.0027851101476699,0.0,0.9965705871582032,0.0015796147054061,0.0010600045789033,0.000789807352703,0.0,0.990314483642578,0.0045102154836058,0.002535697305575,0.0026396194007247,0.0,0.9844117164611816,0.0073992479592561,0.0042400183156132,0.0039490368217229,0.0,0.9833101630210876,0.0083968993276357,0.0047804131172597,0.0035125643480569,0.0,0.9933906197547911,0.0027643258217722,0.0017666743369773,0.0020784405060112,0.0,0.9906886219978333,0.0047180596739053,0.0023694219999015,0.0022239312529563,0.0,0.9905431270599364,0.0041984496638178,0.0029513854533433,0.0023070687893778,0.0,0.9885270595550536,0.005154532380402,0.0032215826213359,0.0030968762002885,0.0,0.9927254915237428,0.0033462890423834,0.0022239312529563,0.0017043211264535,0.0,0.9884647130966188,0.0054455138742923,0.0030968762002885,0.0029929541051387,0.0,0.9880282282829284,0.0052792388014495,0.0034917797893285,0.0032007982954382,0.0,0.9930788278579712,0.0035957018844783,0.001849811989814,0.0014756927266716,0.0,0.9955729842185974,0.0019953027367591,0.0012886330951005,0.00114314223174,0.0,0.9944298267364502,0.002452559769153595,0.0016627523582428694,0.0014549082843586802,0.0
21,0.9996259212493896,0.0,0.0,0.0003741192631423,0.0,0.9998337626457214,0.0,0.0,0.0001662752329139,0.0,0.999854564666748,0.0,0.0,0.0001454908342566,0.0,0.9997298121452332,0.0,0.0,0.000270197255304,0.0,0.9997298121452332,0.0,0.0,0.000270197255304,0.0,0.9997298121452332,0.0,0.0,0.000270197255304,0.0,0.9996467232704164,0.0,0.0,0.0003533348790369,0.0,0.9997714161872864,0.0,0.0,0.0002286284434376,0.0,0.9997090697288512,0.0,0.0,0.0002909816685132,0.0,0.9997298121452332,0.0,0.0,0.000270197255304,0.0,0.9998961091041564,0.0,0.0,0.0001039220223901,0.0,0.9999169111251832,0.0,0.0,8.313761645695195e-05,0.0,0.9996882677078248,0.0,0.0,0.0003117660526186,0.0,0.9998961091041564,0.0,0.0,0.0001039220223901,0.0,0.999792218208313,0.0,0.0,0.0002078440447803,0.0,0.9998337626457214,0.0,0.0,0.0001662752329139,0.0,0.9997714161872864,0.0,0.0,0.0002286284434376,0.0,0.9998337626457214,0.0,0.0,0.0001662752329139,0.0,0.9997506141662598,0.0,0.0,0.0002494128420948,0.0,0.999792218208313,0.0,0.0,0.0002078440447803,0.0,0.9996882677078248,0.0,0.0,0.0003117660526186,0.0,0.9997298121452332,0.0,0.0,0.000270197255304,0.0,0.999792218208313,0.0,0.0,0.0002078440447803,0.0,0.9997298121452332,0.0,0.0,0.000270197255304,0.0,0.999792218208313,0.0,0.0,0.0002078440447803,0.0,0.999854564666748,0.0,0.0,0.0001454908342566,0.0,0.999792218208313,0.0,0.0,0.0002078440447803,0.0,0.9997506141662598,0.0,0.0,0.0002494128420948,0.0,0.9998129606246948,0.0,0.0,0.0001870596315711,0.0,0.9997714161872864,0.0,0.0,0.0002286284434376,0.0,0.987155258655548,0.0062145367264747,0.0039074681699275,0.0027227569371461,0.0,0.9876125454902648,0.005798848811537,0.0038035458419471,0.0027851101476699,0.0,0.9891089797019958,0.0054039452224969,0.0032423669472336,0.002244715578854,0.0,0.9969655275344848,0.0012886330951005,0.0008937293896451,0.0008521605632267,0.0,0.9862823486328124,0.0060690459795296,0.0040529589168727,0.0035957018844783,0.0,0.9917278289794922,0.0041153118945658,0.0024525597691535,0.0017043211264535,0.0,0.9872799515724182,0.0058612017892301,0.0035541329998522,0.0033047201577574,0.0,0.9937439560890198,0.0026604037266224,0.001829027547501,0.0017666743369773,0.0,0.9908756613731384,0.0039906054735183,0.0027227569371461,0.0024109908845275,0.0,0.9738532304763794,0.0123875048011541,0.0084800366312265,0.0052792388014495,0.0,0.9840791821479796,0.0074823852628469,0.0044894311577081,0.0039490368217229,0.0,0.9930788278579712,0.0030968762002885,0.0021200091578066,0.0017043211264535,0.0,0.9847858548164368,0.007232972420752,0.0043647247366607,0.003616486210376,0.0,0.9837258458137512,0.0075863073579967,0.0048843347467482,0.0038035458419471,0.0,0.9900858998298644,0.0045725689269602,0.0031176605261862,0.0022239312529563,0.0,0.9872592091560364,0.0060690459795296,0.003616486210376,0.0030553073156625,0.0,0.9960094094276428,0.0018705963157117,0.0012678486527875,0.0008521605632267,0.0,0.9892337322235109,0.0049466881901025,0.0028266790322959,0.0029929541051387,0.0,0.9824371933937072,0.0078980736434459,0.0051753167062997,0.0044894311577081,0.0,0.9813148379325868,0.0087294494733214,0.0056949267163872,0.0042608026415109,0.0,0.9924136996269226,0.0034709954634308,0.0018913807580247,0.0022239312529563,0.0,0.989857256412506,0.0043647247366607,0.0032007982954382,0.002577266190201,0.0,0.9891297817230223,0.0050090411677956,0.0032215826213359,0.0026396194007247,0.0,0.9866148829460144,0.0056741423904895,0.004343940410763,0.0033670733682811,0.0,0.9916446805000304,0.0039698211476206,0.0024525597691535,0.0019329495262354,0.0,0.987030565738678,0.0055494359694421,0.0040737432427704,0.0033462890423834,0.0,0.9867603778839112,0.0056325737386941,0.0041153118945658,0.0034917797893285,0.0,0.9920188188552856,0.0039490368217229,0.0022862844634801,0.0017458898946642,0.0,0.9952196478843688,0.0021200091578066,0.0013302018633112,0.0013302018633112,0.0,0.9931827783584595,0.0030345229897648096,0.002120009157806635,0.0016627523582428694,0.0
22,0.9996259212493896,0.0,0.0,0.0003741192631423,0.0,0.9998337626457214,0.0,0.0,0.0001662752329139,0.0,0.999854564666748,0.0,0.0,0.0001454908342566,0.0,0.9997298121452332,0.0,0.0,0.000270197255304,0.0,0.9997298121452332,0.0,0.0,0.000270197255304,0.0,0.9997298121452332,0.0,0.0,0.000270197255304,0.0,0.9996467232704164,0.0,0.0,0.0003533348790369,0.0,0.9997714161872864,0.0,0.0,0.0002286284434376,0.0,0.9997090697288512,0.0,0.0,0.0002909816685132,0.0,0.9997298121452332,0.0,0.0,0.000270197255304,0.0,0.9998961091041564,0.0,0.0,0.0001039220223901,0.0,0.9999169111251832,0.0,0.0,8.313761645695195e-05,0.0,0.9996882677078248,0.0,0.0,0.0003117660526186,0.0,0.9998961091041564,0.0,0.0,0.0001039220223901,0.0,0.999792218208313,0.0,0.0,0.0002078440447803,0.0,0.9998337626457214,0.0,0.0,0.0001662752329139,0.0,0.9997714161872864,0.0,0.0,0.0002286284434376,0.0,0.9998337626457214,0.0,0.0,0.0001662752329139,0.0,0.9997506141662598,0.0,0.0,0.0002494128420948,0.0,0.999792218208313,0.0,0.0,0.0002078440447803,0.0,0.9996882677078248,0.0,0.0,0.0003117660526186,0.0,0.9997298121452332,0.0,0.0,0.000270197255304,0.0,0.999792218208313,0.0,0.0,0.0002078440447803,0.0,0.9997298121452332,0.0,0.0,0.000270197255304,0.0,0.999792218208313,0.0,0.0,0.0002078440447803,0.0,0.999854564666748,0.0,0.0,0.0001454908342566,0.0,0.999792218208313,0.0,0.0,0.0002078440447803,0.0,0.9997506141662598,0.0,0.0,0.0002494128420948,0.0,0.9998129606246948,0.0,0.0,0.0001870596315711,0.0,0.9997714161872864,0.0,0.0,0.0002286284434376,0.0,0.9855340719223022,0.0065470873378217,0.0045933532528579,0.0033255047164857,0.0,0.985409379005432,0.0068796379491686,0.0045310002751648,0.0031800137367099,0.0,0.9876748919487,0.0059859082102775,0.003616486210376,0.0027227569371461,0.0,0.9965705871582032,0.0014341238420456,0.0009976513683795,0.0009976513683795,0.0,0.9840999841690063,0.0070043443702161,0.0048427660949528,0.0040529589168727,0.0,0.9906470775604248,0.0046972753480076,0.0027643258217722,0.0018913807580247,0.0,0.9858250617980956,0.0058404174633324,0.0045102154836058,0.0038243304006755,0.0,0.9928086400032043,0.0030968762002885,0.0021615780424326,0.0019329495262354,0.0,0.9896078109741212,0.0044894311577081,0.0032839358318597,0.0026188348419964,0.0,0.9698210954666138,0.0140086887404322,0.0096855321899056,0.0064847338944673,0.0,0.981813669204712,0.0084592523053288,0.0054039452224969,0.0043231560848653,0.0,0.9921019673347472,0.0035749175585806,0.0023694219999015,0.0019537340849637,0.0,0.9824787974357604,0.0082929776981472,0.0050298259593546,0.0041984496638178,0.0,0.981231689453125,0.0090204309672117,0.0055494359694421,0.0041984496638178,0.0,0.9885478019714355,0.0053000231273472,0.0035541329998522,0.0025980505160987,0.0,0.9854301810264589,0.0065055186860263,0.0046764910221099,0.0033878579270094,0.0,0.995406687259674,0.0020368716213852,0.0015380459371954,0.0010184358106926,0.0,0.9878203868865968,0.0053623761050403,0.0033878579270094,0.0034294265788048,0.0,0.9799638986587524,0.0086670964956283,0.0063808122649788,0.0049882568418979,0.0,0.9785505533218384,0.0096439635381102,0.0067549315281212,0.0050506102852523,0.0,0.9914991855621338,0.0035957018844783,0.002535697305575,0.0023694219999015,0.0,0.9886309504508972,0.0046349219046533,0.0038243304006755,0.0029098165687173,0.0,0.9873007535934448,0.0058196331374347,0.0038451147265732,0.0030345229897648,0.0,0.9847443103790284,0.0067341467365622,0.0048011974431574,0.0037204083055257,0.0,0.9901689887046814,0.0046972753480076,0.0028682476840913,0.0022655001375824,0.0,0.9850144982337952,0.0064223809167742,0.0046764910221099,0.0038866836111992,0.0,0.9849105477333068,0.0062561058439314,0.0049674725160002,0.0038658990524709,0.0,0.9905639290809632,0.0044686468318104,0.0031800137367099,0.0017874587792903,0.0,0.9947831630706788,0.0020784405060112,0.0016211834736168,0.0015172614948824,0.0,0.9923306107521057,0.0034709954634308815,0.002327853348106146,0.0018705963157117367,0.0
23,0.9996259212493896,0.0,0.0,0.0003741192631423,0.0,0.9998337626457214,0.0,0.0,0.0001662752329139,0.0,0.999854564666748,0.0,0.0,0.0001454908342566,0.0,0.9997298121452332,0.0,0.0,0.000270197255304,0.0,0.9997298121452332,0.0,0.0,0.000270197255304,0.0,0.9997298121452332,0.0,0.0,0.000270197255304,0.0,0.9996467232704164,0.0,0.0,0.0003533348790369,0.0,0.9997714161872864,0.0,0.0,0.0002286284434376,0.0,0.9997090697288512,0.0,0.0,0.0002909816685132,0.0,0.9997298121452332,0.0,0.0,0.000270197255304,0.0,0.9998961091041564,0.0,0.0,0.0001039220223901,0.0,0.9999169111251832,0.0,0.0,8.313761645695195e-05,0.0,0.9996882677078248,0.0,0.0,0.0003117660526186,0.0,0.9998961091041564,0.0,0.0,0.0001039220223901,0.0,0.999792218208313,0.0,0.0,0.0002078440447803,0.0,0.9998337626457214,0.0,0.0,0.0001662752329139,0.0,0.9997714161872864,0.0,0.0,0.0002286284434376,0.0,0.9998337626457214,0.0,0.0,0.0001662752329139,0.0,0.9997506141662598,0.0,0.0,0.0002494128420948,0.0,0.999792218208313,0.0,0.0,0.0002078440447803,0.0,0.9996882677078248,0.0,0.0,0.0003117660526186,0.0,0.9997298121452332,0.0,0.0,0.000270197255304,0.0,0.999792218208313,0.0,0.0,0.0002078440447803,0.0,0.9997298121452332,0.0,0.0,0.000270197255304,0.0,0.999792218208313,0.0,0.0,0.0002078440447803,0.0,0.999854564666748,0.0,0.0,0.0001454908342566,0.0,0.999792218208313,0.0,0.0,0.0002078440447803,0.0,0.9997506141662598,0.0,0.0,0.0002494128420948,0.0,0.9998129606246948,0.0,0.0,0.0001870596315711,0.0,0.9997714161872864,0.0,0.0,0.0002286284434376,0.0,0.9833933115005492,0.0071914037689566,0.0053831608965992,0.004032174590975,0.0,0.9829152822494508,0.0077525828965008,0.0053623761050403,0.0039698211476206,0.0,0.9863654375076294,0.0058612017892301,0.004427078180015,0.0033462890423834,0.0,0.9961133599281312,0.0016211834736168,0.0010600045789033,0.0012054954422637,0.0,0.9816474318504332,0.0079188579693436,0.0059651238843798,0.0044686468318104,0.0,0.989025890827179,0.0052376696839928,0.0032007982954382,0.002535697305575,0.0,0.983871340751648,0.0063808122649788,0.0052792388014495,0.0044686468318104,0.0,0.991935670375824,0.0030760918743908,0.0027435412630438,0.002244715578854,0.0,0.9879450798034668,0.0051961010321974,0.0037204083055257,0.0031384450849145,0.0,0.9654355645179749,0.0149647705256938,0.0113067161291837,0.0082929776981472,0.0,0.9792572259902954,0.0093945506960153,0.0059235552325844,0.0054247295483946,0.0,0.9909796118736268,0.0039698211476206,0.0025149129796773,0.002535697305575,0.0,0.9800262451171876,0.0086047435179352,0.0065055186860263,0.0048635504208505,0.0,0.9784881472587584,0.0099557293578982,0.0064431652426719,0.0051129632629454,0.0,0.9872799515724182,0.0052792388014495,0.004427078180015,0.0030137386638671,0.0,0.9827489852905272,0.0073992479592561,0.0055702202953398,0.0042815874330699,0.0,0.9945337176322936,0.0026188348419964,0.0016627523582428,0.0011847109999507,0.0,0.9858874082565308,0.0058612017892301,0.0041776653379201,0.0040737432427704,0.0,0.9768670201301576,0.0096439635381102,0.0076902294531464,0.005798848811537,0.0,0.9752042293548584,0.0107455365359783,0.0081267021596431,0.0059235552325844,0.0,0.990189790725708,0.0040945275686681,0.0030553073156625,0.0026604037266224,0.0,0.9869890213012696,0.0052376696839928,0.0042608026415109,0.0035125643480569,0.0,0.9852638840675354,0.0064847338944673,0.0046141375787556,0.0036372707691043,0.0,0.9823333024978638,0.0080019952729344,0.0050506102852523,0.0046141375787556,0.0,0.9889219403266908,0.004738843999803,0.0033878579270094,0.0029513854533433,0.0,0.983289361000061,0.0065886559896171,0.0056325737386941,0.0044894311577081,0.0,0.9826450347900392,0.0070874816738069,0.0056117889471352,0.0046557066962122,0.0,0.9889842867851256,0.0053415917791426,0.0034917797893285,0.0021823623683303,0.0,0.994325876235962,0.0019537340849637,0.001829027547501,0.0018913807580247,0.0,0.991291344165802,0.003969821147620678,0.002535697305575013,0.0022031469270586967,0.0
24,0.9996259212493896,0.0,0.0,0.0003741192631423,0.0,0.9998337626457214,0.0,0.0,0.0001662752329139,0.0,0.999854564666748,0.0,0.0,0.0001454908342566,0.0,0.9997298121452332,0.0,0.0,0.000270197255304,0.0,0.9997298121452332,0.0,0.0,0.000270197255304,0.0,0.9997298121452332,0.0,0.0,0.000270197255304,0.0,0.9996467232704164,0.0,0.0,0.0003533348790369,0.0,0.9997714161872864,0.0,0.0,0.0002286284434376,0.0,0.9997090697288512,0.0,0.0,0.0002909816685132,0.0,0.9997298121452332,0.0,0.0,0.000270197255304,0.0,0.9998961091041564,0.0,0.0,0.0001039220223901,0.0,0.9999169111251832,0.0,0.0,8.313761645695195e-05,0.0,0.9996882677078248,0.0,0.0,0.0003117660526186,0.0,0.9998961091041564,0.0,0.0,0.0001039220223901,0.0,0.999792218208313,0.0,0.0,0.0002078440447803,0.0,0.9998337626457214,0.0,0.0,0.0001662752329139,0.0,0.9997714161872864,0.0,0.0,0.0002286284434376,0.0,0.9998337626457214,0.0,0.0,0.0001662752329139,0.0,0.9997506141662598,0.0,0.0,0.0002494128420948,0.0,0.999792218208313,0.0,0.0,0.0002078440447803,0.0,0.9996882677078248,0.0,0.0,0.0003117660526186,0.0,0.9997298121452332,0.0,0.0,0.000270197255304,0.0,0.999792218208313,0.0,0.0,0.0002078440447803,0.0,0.9997298121452332,0.0,0.0,0.000270197255304,0.0,0.999792218208313,0.0,0.0,0.0002078440447803,0.0,0.999854564666748,0.0,0.0,0.0001454908342566,0.0,0.999792218208313,0.0,0.0,0.0002078440447803,0.0,0.9997506141662598,0.0,0.0,0.0002494128420948,0.0,0.9998129606246948,0.0,0.0,0.0001870596315711,0.0,0.9997714161872864,0.0,0.0,0.0002286284434376,0.0,0.9805458188056946,0.0080227795988321,0.0065886559896171,0.0048427660949528,0.0,0.9800054430961608,0.0089372936636209,0.0063392431475222,0.0047180596739053,0.0,0.9840791821479796,0.0064015965908765,0.0055078673176467,0.004011389799416,0.0,0.995344340801239,0.0019121652003377,0.0013925550738349,0.0013509863056242,0.0,0.9792779684066772,0.0086255278438329,0.0067341467365622,0.0053623761050403,0.0,0.9876956939697266,0.0053623761050403,0.0038243304006755,0.0031176605261862,0.0,0.9813771843910216,0.0075239543803036,0.0060690459795296,0.0050298259593546,0.0,0.9906678199768066,0.0037204083055257,0.002930600894615,0.0026811880525201,0.0,0.9864278435707092,0.0057157110422849,0.0042815874330699,0.0035749175585806,0.0,0.9598445892333984,0.0167522300034761,0.0134682934731245,0.0099349450320005,0.0,0.9765967726707458,0.0093114133924245,0.0077525828965008,0.0063392431475222,0.0,0.9898364543914796,0.0041776653379201,0.0029098165687173,0.0030760918743908,0.0,0.9768046140670776,0.0099557293578982,0.007253757212311,0.0059859082102775,0.0,0.9758901000022888,0.0100180823355913,0.0077941515482962,0.0062976744957268,0.0,0.9849313497543336,0.0060898303054273,0.0051129632629454,0.0038658990524709,0.0,0.9799638986587524,0.008791803382337,0.006193752400577,0.0050506102852523,0.0,0.9937439560890198,0.0028266790322959,0.0020368716213852,0.0013925550738349,0.0,0.9838921427726746,0.0064223809167742,0.00507139461115,0.0046141375787556,0.0,0.9732089638710022,0.0112027935683727,0.0087086651474237,0.0068796379491686,0.0,0.9708187580108644,0.0124914264306426,0.0095192566514015,0.0071706194430589,0.0,0.988901138305664,0.0044894311577081,0.0034917797893285,0.0031176605261862,0.0,0.9850976467132568,0.0055910046212375,0.0051129632629454,0.0041984496638178,0.0,0.9831646680831908,0.0073784636333584,0.0050298259593546,0.004427078180015,0.0,0.9798184037208556,0.0087086651474237,0.0060066930018365,0.00546629820019,0.0,0.9870097637176514,0.0057157110422849,0.0039490368217229,0.0033255047164857,0.0,0.9804211258888244,0.0080435648560523,0.0063808122649788,0.005154532380402,0.0,0.9799846410751344,0.0080435648560523,0.0065886559896171,0.0053831608965992,0.0,0.9875293970108032,0.0055494359694421,0.0040945275686681,0.0028266790322959,0.0,0.9933906197547911,0.0021823623683303,0.0022239312529563,0.0022031469270586,0.0,0.9898364543914795,0.0045933532528579235,0.0028266790322959423,0.0027435412630438805,0.0
25,0.9996259212493896,0.0,0.0,0.0003741192631423,0.0,0.9998337626457214,0.0,0.0,0.0001662752329139,0.0,0.999854564666748,0.0,0.0,0.0001454908342566,0.0,0.9997298121452332,0.0,0.0,0.000270197255304,0.0,0.9997298121452332,0.0,0.0,0.000270197255304,0.0,0.9997298121452332,0.0,0.0,0.000270197255304,0.0,0.9996467232704164,0.0,0.0,0.0003533348790369,0.0,0.9997714161872864,0.0,0.0,0.0002286284434376,0.0,0.9997090697288512,0.0,0.0,0.0002909816685132,0.0,0.9997298121452332,0.0,0.0,0.000270197255304,0.0,0.9998961091041564,0.0,0.0,0.0001039220223901,0.0,0.9999169111251832,0.0,0.0,8.313761645695195e-05,0.0,0.9996882677078248,0.0,0.0,0.0003117660526186,0.0,0.9998961091041564,0.0,0.0,0.0001039220223901,0.0,0.999792218208313,0.0,0.0,0.0002078440447803,0.0,0.9998337626457214,0.0,0.0,0.0001662752329139,0.0,0.9997714161872864,0.0,0.0,0.0002286284434376,0.0,0.9998337626457214,0.0,0.0,0.0001662752329139,0.0,0.9997506141662598,0.0,0.0,0.0002494128420948,0.0,0.999792218208313,0.0,0.0,0.0002078440447803,0.0,0.9996882677078248,0.0,0.0,0.0003117660526186,0.0,0.9997298121452332,0.0,0.0,0.000270197255304,0.0,0.999792218208313,0.0,0.0,0.0002078440447803,0.0,0.9997298121452332,0.0,0.0,0.000270197255304,0.0,0.999792218208313,0.0,0.0,0.0002078440447803,0.0,0.999854564666748,0.0,0.0,0.0001454908342566,0.0,0.999792218208313,0.0,0.0,0.0002078440447803,0.0,0.9997506141662598,0.0,0.0,0.0002494128420948,0.0,0.9998129606246948,0.0,0.0,0.0001870596315711,0.0,0.9997714161872864,0.0,0.0,0.0002286284434376,0.0,0.9778438806533812,0.0093114133924245,0.0070874816738069,0.0057572801597416,0.0,0.9771995544433594,0.0104129863902926,0.0066302251070737,0.0057572801597416,0.0,0.98148113489151,0.0076278764754533,0.0060274773277342,0.0048635504208505,0.0,0.9943674802780152,0.0025980505160987,0.0016003991477191,0.0014341238420456,0.0,0.976576030254364,0.0097063165158033,0.007253757212311,0.0064639495685696,0.0,0.9859082102775574,0.0058196331374347,0.0045725689269602,0.003699623979628,0.0,0.9787583947181702,0.0085216052830219,0.0067133624106645,0.0060066930018365,0.0,0.9893999695777892,0.004343940410763,0.0030760918743908,0.0031800137367099,0.0,0.983933687210083,0.0069419909268617,0.0048011974431574,0.0043231560848653,0.0,0.953941822052002,0.0199114587157964,0.0144243761897087,0.0117224035784602,0.0,0.9729387164115906,0.0111404405906796,0.0087294494733214,0.0071914037689566,0.0,0.9886309504508972,0.0044478625059127,0.0034917797893285,0.0034294265788048,0.0,0.9733128547668456,0.0114729907363653,0.0083137620240449,0.0069004222750663,0.0,0.9721904993057252,0.0115353446453809,0.0088541563600301,0.0074200322851538,0.0,0.982832133769989,0.007253757212311,0.0053831608965992,0.0045310002751648,0.0,0.9765967726707458,0.0106623992323875,0.0069835595786571,0.0057572801597416,0.0,0.992912530899048,0.0030968762002885,0.0021407937165349,0.001849811989814,0.0,0.9813148379325868,0.0079188579693436,0.0055910046212375,0.0051753167062997,0.0,0.9691352248191832,0.0133020188659429,0.0093737663701176,0.0081890551373362,0.0,0.9668489098548888,0.014465944841504,0.0103922020643949,0.0082929776981472,0.0,0.9871137142181396,0.0053000231273472,0.0037411926314234,0.0038451147265732,0.0,0.9828113317489624,0.0070459130220115,0.0055494359694421,0.0045933532528579,0.0,0.9808784127235411,0.0082514081150293,0.0056117889471352,0.0052584540098905,0.0,0.9772619009017944,0.0093529820442199,0.0070666973479092,0.0063184588216245,0.0,0.9852430820465088,0.0064015965908765,0.004427078180015,0.0039282524958252,0.0,0.9778438806533812,0.0091867065057158,0.0068796379491686,0.0060898303054273,0.0,0.9768462181091307,0.0099141607061028,0.0065470873378217,0.0066925780847668,0.0,0.985741913318634,0.0062768901698291,0.0046557066962122,0.0033255047164857,0.0,0.9923721551895142,0.0028474633581936,0.0023486376740038,0.0024317752104252,0.0,0.9882360696792603,0.004946688190102577,0.003699623979628086,0.003117660526186228,0.0
26,0.9996259212493896,0.0,0.0,0.0003741192631423,0.0,0.9998337626457214,0.0,0.0,0.0001662752329139,0.0,0.999854564666748,0.0,0.0,0.0001454908342566,0.0,0.9997298121452332,0.0,0.0,0.000270197255304,0.0,0.9997298121452332,0.0,0.0,0.000270197255304,0.0,0.9997298121452332,0.0,0.0,0.000270197255304,0.0,0.9996467232704164,0.0,0.0,0.0003533348790369,0.0,0.9997714161872864,0.0,0.0,0.0002286284434376,0.0,0.9997090697288512,0.0,0.0,0.0002909816685132,0.0,0.9997298121452332,0.0,0.0,0.000270197255304,0.0,0.9998961091041564,0.0,0.0,0.0001039220223901,0.0,0.9999169111251832,0.0,0.0,8.313761645695195e-05,0.0,0.9996882677078248,0.0,0.0,0.0003117660526186,0.0,0.9998961091041564,0.0,0.0,0.0001039220223901,0.0,0.999792218208313,0.0,0.0,0.0002078440447803,0.0,0.9998337626457214,0.0,0.0,0.0001662752329139,0.0,0.9997714161872864,0.0,0.0,0.0002286284434376,0.0,0.9998337626457214,0.0,0.0,0.0001662752329139,0.0,0.9997506141662598,0.0,0.0,0.0002494128420948,0.0,0.999792218208313,0.0,0.0,0.0002078440447803,0.0,0.9996882677078248,0.0,0.0,0.0003117660526186,0.0,0.9997298121452332,0.0,0.0,0.000270197255304,0.0,0.999792218208313,0.0,0.0,0.0002078440447803,0.0,0.9997298121452332,0.0,0.0,0.000270197255304,0.0,0.999792218208313,0.0,0.0,0.0002078440447803,0.0,0.999854564666748,0.0,0.0,0.0001454908342566,0.0,0.999792218208313,0.0,0.0,0.0002078440447803,0.0,0.9997506141662598,0.0,0.0,0.0002494128420948,0.0,0.9998129606246948,0.0,0.0,0.0001870596315711,0.0,0.9997714161872864,0.0,0.0,0.0002286284434376,0.0,0.974580705165863,0.0109533807262778,0.0078357206657528,0.0066302251070737,0.0,0.9734375476837158,0.0119718164205551,0.0080019952729344,0.0065886559896171,0.0,0.977989375591278,0.0096855321899056,0.006838068831712,0.0054870825260877,0.0,0.99368155002594,0.0028890322428196,0.0016835366841405,0.0017458898946642,0.0,0.9730218648910522,0.0110780876129865,0.0082514081150293,0.007648660801351,0.0,0.9838505387306212,0.0067965001799166,0.0051961010321974,0.0041568810120224,0.0,0.9752458333969116,0.0105792619287967,0.0073161101900041,0.0068588531576097,0.0,0.98779958486557,0.0050090411677956,0.0035957018844783,0.0035957018844783,0.0,0.9819591641426086,0.007648660801351,0.0052584540098905,0.0051337475888431,0.0,0.9470829367637634,0.0227381382137537,0.0164196789264678,0.0137592758983373,0.0,0.9685739874839784,0.0132396649569273,0.0097478851675987,0.0084384679794311,0.0,0.9868435263633728,0.0052584540098905,0.0040737432427704,0.0038243304006755,0.0,0.968906581401825,0.0135722160339355,0.0095400419086217,0.0079812109470367,0.0,0.9673061966896056,0.0139255505055189,0.0100804362446069,0.008687880821526,0.0,0.9799222946166992,0.0086255278438329,0.006110614631325,0.0053415917791426,0.0,0.9736453890800476,0.0117847574874758,0.0078980736434459,0.0066717937588691,0.0,0.9918525218963624,0.0035541329998522,0.0024733440950512,0.0021200091578066,0.0,0.9788414835929872,0.0089788623154163,0.0063600274734199,0.0058196331374347,0.0,0.9650198817253112,0.0149439861997962,0.0103714177384972,0.0096647478640079,0.0,0.9617359638214112,0.0168145820498466,0.011493775062263,0.0099557293578982,0.0,0.985159993171692,0.0063392431475222,0.0043855090625584,0.0041153118945658,0.0,0.9803171753883362,0.0083137620240449,0.0055910046212375,0.0057780644856393,0.0,0.9776983857154846,0.0096023948863148,0.006838068831712,0.0058612017892301,0.0,0.9736246466636658,0.0111196562647819,0.0075447387062013,0.0077110137790441,0.0,0.982707381248474,0.0074616009369492,0.0054455138742923,0.0043855090625584,0.0,0.9749340415000916,0.0100804362446069,0.007565523032099,0.0074200322851538,0.0,0.9732713103294371,0.0116392662748694,0.0074823852628469,0.0076070916838943,0.0,0.9834140539169312,0.0071498351171612,0.0054039452224969,0.004032174590975,0.0,0.9911251068115234,0.003658055095002,0.0025564816314727,0.0026604037266224,0.0,0.9863030910491943,0.006027477327734232,0.0038866836111992598,0.0037827615160495043,0.0
27,0.9996259212493896,0.0,0.0,0.0003741192631423,0.0,0.9998337626457214,0.0,0.0,0.0001662752329139,0.0,0.999854564666748,0.0,0.0,0.0001454908342566,0.0,0.9997298121452332,0.0,0.0,0.000270197255304,0.0,0.9997298121452332,0.0,0.0,0.000270197255304,0.0,0.9997298121452332,0.0,0.0,0.000270197255304,0.0,0.9996467232704164,0.0,0.0,0.0003533348790369,0.0,0.9997714161872864,0.0,0.0,0.0002286284434376,0.0,0.9997090697288512,0.0,0.0,0.0002909816685132,0.0,0.9997298121452332,0.0,0.0,0.000270197255304,0.0,0.9998961091041564,0.0,0.0,0.0001039220223901,0.0,0.9999169111251832,0.0,0.0,8.313761645695195e-05,0.0,0.9996882677078248,0.0,0.0,0.0003117660526186,0.0,0.9998961091041564,0.0,0.0,0.0001039220223901,0.0,0.999792218208313,0.0,0.0,0.0002078440447803,0.0,0.9998337626457214,0.0,0.0,0.0001662752329139,0.0,0.9997714161872864,0.0,0.0,0.0002286284434376,0.0,0.9998337626457214,0.0,0.0,0.0001662752329139,0.0,0.9997506141662598,0.0,0.0,0.0002494128420948,0.0,0.999792218208313,0.0,0.0,0.0002078440447803,0.0,0.9996882677078248,0.0,0.0,0.0003117660526186,0.0,0.9997298121452332,0.0,0.0,0.000270197255304,0.0,0.999792218208313,0.0,0.0,0.0002078440447803,0.0,0.9997298121452332,0.0,0.0,0.000270197255304,0.0,0.999792218208313,0.0,0.0,0.0002078440447803,0.0,0.999854564666748,0.0,0.0,0.0001454908342566,0.0,0.999792218208313,0.0,0.0,0.0002078440447803,0.0,0.9997506141662598,0.0,0.0,0.0002494128420948,0.0,0.9998129606246948,0.0,0.0,0.0001870596315711,0.0,0.9997714161872864,0.0,0.0,0.0002286284434376,0.0,0.9712136387825012,0.0121796606108546,0.008687880821526,0.0079188579693436,0.0,0.9698834419250488,0.0130318216979503,0.0093737663701176,0.0077110137790441,0.0,0.9743313193321228,0.0120341703295707,0.0072953258641064,0.0063392431475222,0.0,0.992891788482666,0.0032215826213359,0.0018913807580247,0.0019953027367591,0.0,0.9690312743186952,0.0126161333173513,0.0094569036737084,0.0088957250118255,0.0,0.9813979864120485,0.0076278764754533,0.0063184588216245,0.0046557066962122,0.0,0.9718995094299316,0.0119718164205551,0.0077941515482962,0.0083345463499426,0.0,0.9861992001533508,0.0057364953681826,0.0039698211476206,0.0040945275686681,0.0,0.979548156261444,0.0083968993276357,0.0061521837487816,0.0059027709066867,0.0,0.9397460222244264,0.025689523667097,0.0183941982686519,0.0161702670156955,0.0,0.9642300605773926,0.0150271244347095,0.0110157346352934,0.009727100841701,0.0,0.98432856798172,0.0066510094329714,0.0046972753480076,0.0043231560848653,0.0,0.9647080898284912,0.0153181059285998,0.0107455365359783,0.0092282751575112,0.0,0.9622763395309448,0.0162118356674909,0.0117639731615781,0.0097478851675987,0.0,0.9771787524223328,0.0101012205705046,0.0065678716637194,0.0061521837487816,0.0,0.970382273197174,0.0123667204752564,0.0091867065057158,0.00806434918195,0.0,0.9906678199768066,0.0038658990524709,0.0029098165687173,0.0025564816314727,0.0,0.9755160212516784,0.0103714177384972,0.0072953258641064,0.0068172845058143,0.0,0.9605304598808287,0.0163365416228771,0.0117639731615781,0.0113690691068768,0.0,0.956394374370575,0.0188098866492509,0.0129902521148324,0.0118055418133735,0.0,0.983102321624756,0.0070874816738069,0.0049051195383071,0.0049051195383071,0.0,0.9774281978607178,0.0095608262345194,0.0062768901698291,0.0067341467365622,0.0,0.9743520617485046,0.0109118120744824,0.0078565049916505,0.0068796379491686,0.0,0.9703406691551208,0.0119926007464528,0.0091451378539204,0.0085216052830219,0.0,0.9800885915756226,0.0088333720341324,0.0059443395584821,0.0051337475888431,0.0,0.9716501235961914,0.0116392662748694,0.0081474864855408,0.0085631748661398,0.0,0.9700289368629456,0.0126161333173513,0.0085216052830219,0.0088333720341324,0.0,0.981231689453125,0.0077525828965008,0.0060482616536319,0.0049674725160002,0.0,0.9901482462882996,0.0041776653379201,0.002535697305575,0.0031384450849145,0.0,0.9838921427726746,0.007399247959256172,0.004510215483605862,0.0041984496638178825,0.0
28,0.9996259212493896,0.0,0.0,0.0003741192631423,0.0,0.9998337626457214,0.0,0.0,0.0001662752329139,0.0,0.999854564666748,0.0,0.0,0.0001454908342566,0.0,0.9997298121452332,0.0,0.0,0.000270197255304,0.0,0.9997298121452332,0.0,0.0,0.000270197255304,0.0,0.9997298121452332,0.0,0.0,0.000270197255304,0.0,0.9996467232704164,0.0,0.0,0.0003533348790369,0.0,0.9997714161872864,0.0,0.0,0.0002286284434376,0.0,0.9997090697288512,0.0,0.0,0.0002909816685132,0.0,0.9997298121452332,0.0,0.0,0.000270197255304,0.0,0.9998961091041564,0.0,0.0,0.0001039220223901,0.0,0.9999169111251832,0.0,0.0,8.313761645695195e-05,0.0,0.9996882677078248,0.0,0.0,0.0003117660526186,0.0,0.9998961091041564,0.0,0.0,0.0001039220223901,0.0,0.999792218208313,0.0,0.0,0.0002078440447803,0.0,0.9998337626457214,0.0,0.0,0.0001662752329139,0.0,0.9997714161872864,0.0,0.0,0.0002286284434376,0.0,0.9998337626457214,0.0,0.0,0.0001662752329139,0.0,0.9997506141662598,0.0,0.0,0.0002494128420948,0.0,0.999792218208313,0.0,0.0,0.0002078440447803,0.0,0.9996882677078248,0.0,0.0,0.0003117660526186,0.0,0.9997298121452332,0.0,0.0,0.000270197255304,0.0,0.999792218208313,0.0,0.0,0.0002078440447803,0.0,0.9997298121452332,0.0,0.0,0.000270197255304,0.0,0.999792218208313,0.0,0.0,0.0002078440447803,0.0,0.999854564666748,0.0,0.0,0.0001454908342566,0.0,0.999792218208313,0.0,0.0,0.0002078440447803,0.0,0.9997506141662598,0.0,0.0,0.0002494128420948,0.0,0.9998129606246948,0.0,0.0,0.0001870596315711,0.0,0.9997714161872864,0.0,0.0,0.0002286284434376,0.0,0.9694677591323853,0.0110780876129865,0.0100388675928115,0.009415335021913,0.0,0.9680336117744446,0.0119718164205551,0.0106623992323875,0.0093321977183222,0.0,0.972647786140442,0.0114314220845699,0.0081474864855408,0.0077733672223985,0.0,0.9925176501274108,0.0028266790322959,0.0023902065586298,0.0022655001375824,0.0,0.9666410684585572,0.012636917643249,0.0102882804349064,0.0104337707161903,0.0,0.9802548289299012,0.0074408166110515,0.0065678716637194,0.0057364953681826,0.0,0.9706940054893494,0.0106831835582852,0.0088749406859278,0.0097478851675987,0.0,0.9853262305259703,0.0053415917791426,0.004343940410763,0.0049882568418979,0.0,0.97832190990448,0.0081059178337454,0.0067133624106645,0.0068588531576097,0.0,0.936275064945221,0.0235695149749517,0.0205557756125926,0.0195996928960084,0.0,0.9621931910514832,0.014403591863811,0.0120549546554684,0.0113482847809791,0.0,0.9837050437927246,0.0061313994228839,0.0051129632629454,0.0050506102852523,0.0,0.9627543687820436,0.0140502573922276,0.0118263261392712,0.0113690691068768,0.0,0.9602186679840088,0.0156714413315057,0.0125537803396582,0.0115561289712786,0.0,0.9757446646690368,0.0091867065057158,0.0076278764754533,0.0074408166110515,0.0,0.9685324430465698,0.0114314220845699,0.0101843578740954,0.0098518077284097,0.0,0.9899196028709412,0.0038243304006755,0.0034086422529071,0.0028474633581936,0.0,0.9744144082069396,0.0094776879996061,0.0078565049916505,0.0082514081150293,0.0,0.9583896398544312,0.01481928024441,0.0133020188659429,0.0134890787303447,0.0,0.9535468816757202,0.017271839082241,0.015131046064198,0.0140502573922276,0.0,0.9822916984558104,0.0066094403155148,0.0053831608965992,0.0057157110422849,0.0,0.9763058423995972,0.008791803382337,0.0071290507912635,0.0077733672223985,0.0,0.9729595184326172,0.0102051421999931,0.0085839591920375,0.0082514081150293,0.0,0.9684077501296996,0.0114106377586722,0.0105169080197811,0.0096647478640079,0.0,0.9788414835929872,0.0081682708114385,0.0066510094329714,0.0063392431475222,0.0,0.9701120853424072,0.0103090647608041,0.0094569036737084,0.0101220048964023,0.0,0.9680544137954712,0.0119302477687597,0.0097478851675987,0.0102674951776862,0.0,0.9800054430961608,0.0075239543803036,0.0067965001799166,0.0056741423904895,0.0,0.9897117614746094,0.0036788394208997,0.0028890322428196,0.0037204083055257,0.0,0.9831438660621643,0.006692578084766865,0.00542472954839468,0.004738843999803066,0.0
29,0.9996259212493896,0.0,0.0,0.0003741192631423,0.0,0.9998337626457214,0.0,0.0,0.0001662752329139,0.0,0.999854564666748,0.0,0.0,0.0001454908342566,0.0,0.9997298121452332,0.0,0.0,0.000270197255304,0.0,0.9997298121452332,0.0,0.0,0.000270197255304,0.0,0.9997298121452332,0.0,0.0,0.000270197255304,0.0,0.9996467232704164,0.0,0.0,0.0003533348790369,0.0,0.9997714161872864,0.0,0.0,0.0002286284434376,0.0,0.9997090697288512,0.0,0.0,0.0002909816685132,0.0,0.9997298121452332,0.0,0.0,0.000270197255304,0.0,0.9998961091041564,0.0,0.0,0.0001039220223901,0.0,0.9999169111251832,0.0,0.0,8.313761645695195e-05,0.0,0.9996882677078248,0.0,0.0,0.0003117660526186,0.0,0.9998961091041564,0.0,0.0,0.0001039220223901,0.0,0.999792218208313,0.0,0.0,0.0002078440447803,0.0,0.9998337626457214,0.0,0.0,0.0001662752329139,0.0,0.9997714161872864,0.0,0.0,0.0002286284434376,0.0,0.9998337626457214,0.0,0.0,0.0001662752329139,0.0,0.9997506141662598,0.0,0.0,0.0002494128420948,0.0,0.999792218208313,0.0,0.0,0.0002078440447803,0.0,0.9996882677078248,0.0,0.0,0.0003117660526186,0.0,0.9997298121452332,0.0,0.0,0.000270197255304,0.0,0.999792218208313,0.0,0.0,0.0002078440447803,0.0,0.9997298121452332,0.0,0.0,0.000270197255304,0.0,0.999792218208313,0.0,0.0,0.0002078440447803,0.0,0.999854564666748,0.0,0.0,0.0001454908342566,0.0,0.999792218208313,0.0,0.0,0.0002078440447803,0.0,0.9997506141662598,0.0,0.0,0.0002494128420948,0.0,0.9998129606246948,0.0,0.0,0.0001870596315711,0.0,0.9997714161872864,0.0,0.0,0.0002286284434376,0.0,0.9672853946685792,0.010558477602899,0.0107247522100806,0.0114314220845699,0.0,0.9657265543937684,0.0114729907363653,0.0117431879043579,0.0110573032870888,0.0,0.9708811044692992,0.0106000462546944,0.008999646641314,0.0095192566514015,0.0,0.9920811653137208,0.0022862844634801,0.0028890322428196,0.0027435412630438,0.0,0.964458703994751,0.0121173076331615,0.0113275004550814,0.0120965233072638,0.0,0.9789869785308838,0.006921206600964,0.0071498351171612,0.0069419909268617,0.0,0.9686779379844666,0.0100804362446069,0.0101427892223,0.0110988719388842,0.0,0.98451566696167,0.0048843347467482,0.0049882568418979,0.0056117889471352,0.0,0.9766175746917723,0.0073161101900041,0.0082098394632339,0.0078565049916505,0.0,0.9323675632476808,0.0215742122381925,0.0226550009101629,0.023403238505125,0.0,0.9596782922744752,0.0132604502141475,0.0129694677889347,0.014091826044023,0.0,0.9829776287078856,0.0056533580645918,0.0053831608965992,0.0059859082102775,0.0,0.9601563215255736,0.0131565276533365,0.0134475091472268,0.0132396649569273,0.0,0.9577661156654358,0.0144243761897087,0.0137177063152194,0.014091826044023,0.0,0.9739779829978944,0.0088541563600301,0.0081890551373362,0.0089788623154163,0.0,0.9665579199790956,0.0100388675928115,0.0121588762849569,0.0112443622201681,0.0,0.9892544746398926,0.003658055095002,0.003658055095002,0.0034294265788048,0.0,0.972772479057312,0.0085423905402421,0.008999646641314,0.0096855321899056,0.0,0.9559162855148317,0.0132188806310296,0.0152765372768044,0.0155883030965924,0.0,0.9505123496055604,0.0163365416228771,0.0164612475782632,0.0166898760944604,0.0,0.9810446500778198,0.0060690459795296,0.0062768901698291,0.0066094403155148,0.0,0.9748924970626832,0.0079188579693436,0.0078772893175482,0.0093114133924245,0.0,0.9712551832199096,0.0096231792122125,0.0096647478640079,0.0094569036737084,0.0,0.9663916826248168,0.010870243422687,0.0112651474773883,0.0114729907363653,0.0,0.9776360392570496,0.0076070916838943,0.0074823852628469,0.0072745415382087,0.0,0.9681583046913148,0.0096855321899056,0.0106208305805921,0.0115353446453809,0.0,0.9660383462905884,0.0108078904449939,0.011182009242475,0.0119718164205551,0.0,0.9782595634460448,0.0074823852628469,0.0073368945159018,0.006921206600964,0.0,0.9891713857650756,0.0032007982954382,0.0032007982954382,0.004427078180015,0.0,0.9820215106010437,0.006214536726474762,0.006193752400577068,0.005570220295339823,0.0
30,0.9996259212493896,0.0,0.0,0.0003741192631423,0.0,0.9998337626457214,0.0,0.0,0.0001662752329139,0.0,0.999854564666748,0.0,0.0,0.0001454908342566,0.0,0.9997298121452332,0.0,0.0,0.000270197255304,0.0,0.9997298121452332,0.0,0.0,0.000270197255304,0.0,0.9997298121452332,0.0,0.0,0.000270197255304,0.0,0.9996467232704164,0.0,0.0,0.0003533348790369,0.0,0.9997714161872864,0.0,0.0,0.0002286284434376,0.0,0.9997090697288512,0.0,0.0,0.0002909816685132,0.0,0.9997298121452332,0.0,0.0,0.000270197255304,0.0,0.9998961091041564,0.0,0.0,0.0001039220223901,0.0,0.9999169111251832,0.0,0.0,8.313761645695195e-05,0.0,0.9996882677078248,0.0,0.0,0.0003117660526186,0.0,0.9998961091041564,0.0,0.0,0.0001039220223901,0.0,0.999792218208313,0.0,0.0,0.0002078440447803,0.0,0.9998337626457214,0.0,0.0,0.0001662752329139,0.0,0.9997714161872864,0.0,0.0,0.0002286284434376,0.0,0.9998337626457214,0.0,0.0,0.0001662752329139,0.0,0.9997506141662598,0.0,0.0,0.0002494128420948,0.0,0.999792218208313,0.0,0.0,0.0002078440447803,0.0,0.9996882677078248,0.0,0.0,0.0003117660526186,0.0,0.9997298121452332,0.0,0.0,0.000270197255304,0.0,0.999792218208313,0.0,0.0,0.0002078440447803,0.0,0.9997298121452332,0.0,0.0,0.000270197255304,0.0,0.999792218208313,0.0,0.0,0.0002078440447803,0.0,0.999854564666748,0.0,0.0,0.0001454908342566,0.0,0.999792218208313,0.0,0.0,0.0002078440447803,0.0,0.9997506141662598,0.0,0.0,0.0002494128420948,0.0,0.9998129606246948,0.0,0.0,0.0001870596315711,0.0,0.9997714161872864,0.0,0.0,0.0002286284434376,0.0,0.9653940200805664,0.0091867065057158,0.0125745646655559,0.0128447618335485,0.0,0.9637312293052672,0.0097063165158033,0.0141749633476138,0.0123875048011541,0.0,0.9690104722976683,0.0089788623154163,0.0111196562647819,0.0108910277485847,0.0,0.9914991855621338,0.0021823623683303,0.0032839358318597,0.0030345229897648,0.0,0.9621724486351012,0.0108494590967893,0.0132604502141475,0.0137177063152194,0.0,0.9776567816734314,0.006193752400577,0.0078772893175482,0.008272192440927,0.0,0.9668904542922974,0.0083553306758403,0.0120341703295707,0.0127200549468398,0.0,0.983559548854828,0.0042400183156132,0.0059443395584821,0.0062561058439314,0.0,0.9752042293548584,0.0067549315281212,0.0089165093377232,0.0091243535280227,0.0,0.9285848140716552,0.0184981189668178,0.0267703123390674,0.0261467806994915,0.0,0.9574751257896424,0.0110988719388842,0.0155051657930016,0.0159208532422781,0.0,0.981813669204712,0.0050298259593546,0.0062353210523724,0.006921206600964,0.0,0.957433581352234,0.0114729907363653,0.0158792845904827,0.0152141833677887,0.0,0.9554590582847596,0.0118471104651689,0.0164196789264678,0.0162741877138614,0.0,0.972710132598877,0.0072121880948543,0.0101635735481977,0.0099141607061028,0.0,0.9642924070358276,0.0093529820442199,0.0136137846857309,0.0127408392727375,0.0,0.9886725544929504,0.0031800137367099,0.0041568810120224,0.0039906054735183,0.0,0.971047341823578,0.0077941515482962,0.0103922020643949,0.0107663217931985,0.0,0.9535676836967468,0.0114522064104676,0.0174173302948474,0.0175628215074539,0.0,0.9478519558906556,0.0138839818537235,0.0195789095014333,0.0186851788312196,0.0,0.9800885915756226,0.00507139461115,0.007253757212311,0.0075863073579967,0.0,0.973416805267334,0.0069004222750663,0.0095400419086217,0.0101427892223,0.0,0.9694885015487672,0.0082098394632339,0.0114314220845699,0.010870243422687,0.0,0.9645626544952391,0.0090620005503296,0.0129902521148324,0.0133851561695337,0.0,0.9763058423995972,0.0064015965908765,0.0089372936636209,0.0083553306758403,0.0,0.966454029083252,0.0084800366312265,0.0120965233072638,0.0129694677889347,0.0,0.9641677141189576,0.009103569202125,0.0134890787303447,0.0132396649569273,0.0,0.9771372079849244,0.0062768901698291,0.0086047435179352,0.0079812109470367,0.0,0.9885686039924622,0.0025564816314727,0.0040945275686681,0.0047804131172597,0.0,0.9807536602020264,0.005549435969442129,0.006879637949168682,0.006817284505814314,0.0
31,0.9996259212493896,0.0,0.0,0.0003741192631423,0.0,0.9998337626457214,0.0,0.0,0.0001662752329139,0.0,0.999854564666748,0.0,0.0,0.0001454908342566,0.0,0.9997298121452332,0.0,0.0,0.000270197255304,0.0,0.9997298121452332,0.0,0.0,0.000270197255304,0.0,0.9997298121452332,0.0,0.0,0.000270197255304,0.0,0.9996467232704164,0.0,0.0,0.0003533348790369,0.0,0.9997714161872864,0.0,0.0,0.0002286284434376,0.0,0.9997090697288512,0.0,0.0,0.0002909816685132,0.0,0.9997298121452332,0.0,0.0,0.000270197255304,0.0,0.9998961091041564,0.0,0.0,0.0001039220223901,0.0,0.9999169111251832,0.0,0.0,8.313761645695195e-05,0.0,0.9996882677078248,0.0,0.0,0.0003117660526186,0.0,0.9998961091041564,0.0,0.0,0.0001039220223901,0.0,0.999792218208313,0.0,0.0,0.0002078440447803,0.0,0.9998337626457214,0.0,0.0,0.0001662752329139,0.0,0.9997714161872864,0.0,0.0,0.0002286284434376,0.0,0.9998337626457214,0.0,0.0,0.0001662752329139,0.0,0.9997506141662598,0.0,0.0,0.0002494128420948,0.0,0.999792218208313,0.0,0.0,0.0002078440447803,0.0,0.9996882677078248,0.0,0.0,0.0003117660526186,0.0,0.9997298121452332,0.0,0.0,0.000270197255304,0.0,0.999792218208313,0.0,0.0,0.0002078440447803,0.0,0.9997298121452332,0.0,0.0,0.000270197255304,0.0,0.999792218208313,0.0,0.0,0.0002078440447803,0.0,0.999854564666748,0.0,0.0,0.0001454908342566,0.0,0.999792218208313,0.0,0.0,0.0002078440447803,0.0,0.9997506141662598,0.0,0.0,0.0002494128420948,0.0,0.9998129606246948,0.0,0.0,0.0001870596315711,0.0,0.9997714161872864,0.0,0.0,0.0002286284434376,0.0,0.96246337890625,0.0087502337992191,0.0143204545602202,0.014465944841504,0.0,0.9607591032981871,0.0091243535280227,0.0155259501188993,0.0145906517282128,0.0,0.966786563396454,0.0075447387062013,0.0133435875177383,0.012325151823461,0.0,0.9911874532699584,0.0017043211264535,0.0036788394208997,0.0034294265788048,0.0,0.9595327973365784,0.0094984723255038,0.0150686930865049,0.0159000698477029,0.0,0.9760355949401855,0.0053623761050403,0.0092490594834089,0.0093529820442199,0.0,0.9644171595573424,0.0074823852628469,0.0139255505055189,0.0141749633476138,0.0,0.9823541045188904,0.0038451147265732,0.0066094403155148,0.0071914037689566,0.0,0.9729803204536438,0.0065678716637194,0.0100596519187092,0.0103922020643949,0.0,0.9234302639961244,0.0163157563656568,0.0300750322639942,0.0301789548248052,0.0,0.9542120099067688,0.0100180823355913,0.0175836067646741,0.0181863531470298,0.0,0.9803171753883362,0.004011389799416,0.0077733672223985,0.0078980736434459,0.0,0.9542535543441772,0.010454555042088,0.0177706647664308,0.0175212528556585,0.0,0.9522790312767028,0.0099972980096936,0.0189553759992122,0.0187683161348104,0.0,0.9707356095314026,0.0064431652426719,0.0113690691068768,0.0114522064104676,0.0,0.9617151618003844,0.0086670964956283,0.0150479087606072,0.0145698674023151,0.0,0.9877787828445436,0.0028890322428196,0.004738843999803,0.0045933532528579,0.0,0.9684285521507264,0.0070874816738069,0.0123043674975633,0.0121796606108546,0.0,0.9498056769371032,0.0107247522100806,0.0194334182888269,0.0200361646711826,0.0,0.9440276622772216,0.0123667204752564,0.0221561752259731,0.0214495044201612,0.0,0.9783634543418884,0.004738843999803,0.0083968993276357,0.0085008209571242,0.0,0.9715254306793212,0.0059027709066867,0.0112027935683727,0.0113690691068768,0.0,0.9671814441680908,0.0071706194430589,0.012948683463037,0.0126992706209421,0.0,0.9618191123008728,0.0085216052830219,0.014403591863811,0.0152557529509067,0.0,0.9744144082069396,0.0056741423904895,0.0100804362446069,0.009831023402512,0.0,0.9639390707015992,0.0077110137790441,0.013364371843636,0.0149855557829141,0.0,0.9616320133209229,0.0083968993276357,0.0148816332221031,0.0150894774124026,0.0,0.9755367636680604,0.0056949267163872,0.0093321977183222,0.0094361193478107,0.0,0.9877580404281616,0.0023902065586298,0.0046349219046533,0.0052168853580951,0.0,0.9790909290313721,0.0048011974431574345,0.008438467979431152,0.007669445127248764,0.0
32,0.9996259212493896,0.0,0.0,0.0003741192631423,0.0,0.9998337626457214,0.0,0.0,0.0001662752329139,0.0,0.999854564666748,0.0,0.0,0.0001454908342566,0.0,0.9997298121452332,0.0,0.0,0.000270197255304,0.0,0.9997298121452332,0.0,0.0,0.000270197255304,0.0,0.9997298121452332,0.0,0.0,0.000270197255304,0.0,0.9996467232704164,0.0,0.0,0.0003533348790369,0.0,0.9997714161872864,0.0,0.0,0.0002286284434376,0.0,0.9997090697288512,0.0,0.0,0.0002909816685132,0.0,0.9997298121452332,0.0,0.0,0.000270197255304,0.0,0.9998961091041564,0.0,0.0,0.0001039220223901,0.0,0.9999169111251832,0.0,0.0,8.313761645695195e-05,0.0,0.9996882677078248,0.0,0.0,0.0003117660526186,0.0,0.9998961091041564,0.0,0.0,0.0001039220223901,0.0,0.999792218208313,0.0,0.0,0.0002078440447803,0.0,0.9998337626457214,0.0,0.0,0.0001662752329139,0.0,0.9997714161872864,0.0,0.0,0.0002286284434376,0.0,0.9998337626457214,0.0,0.0,0.0001662752329139,0.0,0.9997506141662598,0.0,0.0,0.0002494128420948,0.0,0.999792218208313,0.0,0.0,0.0002078440447803,0.0,0.9996882677078248,0.0,0.0,0.0003117660526186,0.0,0.9997298121452332,0.0,0.0,0.000270197255304,0.0,0.999792218208313,0.0,0.0,0.0002078440447803,0.0,0.9997298121452332,0.0,0.0,0.000270197255304,0.0,0.999792218208313,0.0,0.0,0.0002078440447803,0.0,0.999854564666748,0.0,0.0,0.0001454908342566,0.0,0.999792218208313,0.0,0.0,0.0002078440447803,0.0,0.9997506141662598,0.0,0.0,0.0002494128420948,0.0,0.9998129606246948,0.0,0.0,0.0001870596315711,0.0,0.9997714161872864,0.0,0.0,0.0002286284434376,0.0,0.9596782922744752,0.0097894547507166,0.0139255505055189,0.0166067387908697,0.0,0.9577453136444092,0.0102882804349064,0.0148816332221031,0.0170847810804843,0.0,0.9639390707015992,0.0087086651474237,0.0137177063152194,0.0136345690116286,0.0,0.9902729392051696,0.002244715578854,0.0035957018844783,0.0038866836111992,0.0,0.9562904238700868,0.0103506334125995,0.0150063401088118,0.0183526296168565,0.0,0.9740195274353028,0.0062353210523724,0.0087710181251168,0.0109741650521755,0.0,0.9619853496551514,0.0087086651474237,0.0131773119792342,0.0161286983639001,0.0,0.9810654520988464,0.0042608026415109,0.0066094403155148,0.00806434918195,0.0,0.9707356095314026,0.0075863073579967,0.0096231792122125,0.0120549546554684,0.0,0.9191486835479736,0.0171263497322797,0.0291605181992054,0.0345644652843475,0.0,0.9514476656913756,0.0107455365359783,0.0170639958232641,0.0207428354769945,0.0,0.9791117310523988,0.0045933532528579,0.0072745415382087,0.0090204309672117,0.0,0.950844943523407,0.011909463442862,0.017271839082241,0.0199738126248121,0.0,0.9487041234970092,0.0115145603194832,0.0182694904506206,0.0215118583291769,0.0,0.968262255191803,0.0074823852628469,0.0115353446453809,0.0127200549468398,0.0,0.958971619606018,0.0095608262345194,0.0142165319994091,0.0172510556876659,0.0,0.9868435263633728,0.0030760918743908,0.0046141375787556,0.00546629820019,0.0,0.9657889008522034,0.0086255278438329,0.0114729907363653,0.0141126103699207,0.0,0.9461268782615662,0.0122627988457679,0.0184773355722427,0.0231330413371324,0.0,0.9402448534965516,0.0133020188659429,0.0216573495417833,0.0247957948595285,0.0,0.9764720797538756,0.0058196331374347,0.0078980736434459,0.0098102390766143,0.0,0.9693430662155152,0.0069627752527594,0.0106831835582852,0.0130110373720526,0.0,0.964915931224823,0.0080435648560523,0.0123043674975633,0.0147361429408192,0.0,0.9592002630233764,0.0092074908316135,0.0139255505055189,0.0176667440682649,0.0,0.9719826579093932,0.0068588531576097,0.0100804362446069,0.0110780876129865,0.0,0.961673617362976,0.0084384679794311,0.0131773119792342,0.0167106613516807,0.0,0.9584935903549194,0.0095608262345194,0.0145906517282128,0.0173549782484769,0.0,0.9739571809768676,0.0060482616536319,0.0089788623154163,0.0110157346352934,0.0,0.986905872821808,0.0028058944735676,0.0046141375787556,0.0056741423904895,0.0,0.9771579504013062,0.005985908210277557,0.008147486485540867,0.008708665147423744,0.0
33,0.9996259212493896,0.0,0.0,0.0003741192631423,0.0,0.9998337626457214,0.0,0.0,0.0001662752329139,0.0,0.999854564666748,0.0,0.0,0.0001454908342566,0.0,0.9997298121452332,0.0,0.0,0.000270197255304,0.0,0.9997298121452332,0.0,0.0,0.000270197255304,0.0,0.9997298121452332,0.0,0.0,0.000270197255304,0.0,0.9996467232704164,0.0,0.0,0.0003533348790369,0.0,0.9997714161872864,0.0,0.0,0.0002286284434376,0.0,0.9997090697288512,0.0,0.0,0.0002909816685132,0.0,0.9997298121452332,0.0,0.0,0.000270197255304,0.0,0.9998961091041564,0.0,0.0,0.0001039220223901,0.0,0.9999169111251832,0.0,0.0,8.313761645695195e-05,0.0,0.9996882677078248,0.0,0.0,0.0003117660526186,0.0,0.9998961091041564,0.0,0.0,0.0001039220223901,0.0,0.999792218208313,0.0,0.0,0.0002078440447803,0.0,0.9998337626457214,0.0,0.0,0.0001662752329139,0.0,0.9997714161872864,0.0,0.0,0.0002286284434376,0.0,0.9998337626457214,0.0,0.0,0.0001662752329139,0.0,0.9997506141662598,0.0,0.0,0.0002494128420948,0.0,0.999792218208313,0.0,0.0,0.0002078440447803,0.0,0.9996882677078248,0.0,0.0,0.0003117660526186,0.0,0.9997298121452332,0.0,0.0,0.000270197255304,0.0,0.999792218208313,0.0,0.0,0.0002078440447803,0.0,0.9997298121452332,0.0,0.0,0.000270197255304,0.0,0.999792218208313,0.0,0.0,0.0002078440447803,0.0,0.999854564666748,0.0,0.0,0.0001454908342566,0.0,0.999792218208313,0.0,0.0,0.0002078440447803,0.0,0.9997506141662598,0.0,0.0,0.0002494128420948,0.0,0.9998129606246948,0.0,0.0,0.0001870596315711,0.0,0.9997714161872864,0.0,0.0,0.0002286284434376,0.0,0.9565190672874452,0.0107663217931985,0.0132604502141475,0.019454201683402,0.0,0.9548563361167908,0.010870243422687,0.0142788859084248,0.0199945960193872,0.0,0.9610708355903624,0.0098102390766143,0.0131980963051319,0.0159208532422781,0.0,0.9893792271614076,0.0027019726112484,0.003263151505962,0.0046557066962122,0.0,0.9535468816757202,0.0109118120744824,0.01481928024441,0.0207220502197742,0.0,0.9720450043678284,0.0069419909268617,0.0087086651474237,0.0123043674975633,0.0,0.95917946100235,0.0094984723255038,0.0126992706209421,0.0186228267848491,0.0,0.9798391461372375,0.0046764910221099,0.0061521837487816,0.0093321977183222,0.0,0.9686779379844666,0.0079396422952413,0.0098102390766143,0.0135722160339355,0.0,0.9134745597839355,0.0188930239528417,0.0274769831448793,0.0401554703712463,0.0,0.9481637477874756,0.0115145603194832,0.0169185046106576,0.023403238505125,0.0,0.9776983857154846,0.0052792388014495,0.0068588531576097,0.0101635735481977,0.0,0.9478104114532472,0.0123459361493587,0.0166483074426651,0.0231953952461481,0.0,0.9457942843437196,0.0119718164205551,0.0181240011006593,0.0241099093109369,0.0,0.9659551978111268,0.0080227795988321,0.0109533807262778,0.0150686930865049,0.0,0.9562488794326782,0.0103090647608041,0.0134059404954314,0.0200361646711826,0.0,0.985929012298584,0.0033255047164857,0.0044894311577081,0.0062561058439314,0.0,0.9632116556167604,0.0095608262345194,0.0111196562647819,0.0161079131066799,0.0,0.942219376564026,0.0136969219893217,0.0172926243394613,0.0267910975962877,0.0,0.936025619506836,0.0144867300987243,0.0203063637018203,0.0291813034564256,0.0,0.9749340415000916,0.006110614631325,0.0078565049916505,0.0110988719388842,0.0,0.9672022461891174,0.0076902294531464,0.0102051421999931,0.0149024175480008,0.0,0.9626712203025818,0.0085839591920375,0.011909463442862,0.0168353673070669,0.0,0.95645672082901,0.0099349450320005,0.0134267248213291,0.020181655883789,0.0,0.9697171449661256,0.0079188579693436,0.0093737663701176,0.0129902521148324,0.0,0.958971619606018,0.0091867065057158,0.0122627988457679,0.0195789095014333,0.0,0.9563735723495485,0.0096647478640079,0.0139463348314166,0.0200153812766075,0.0,0.9723983407020568,0.0058612017892301,0.0092698438093066,0.0124706421047449,0.0,0.9863446950912476,0.0028266790322959,0.0042192339897155,0.0066094403155148,0.0,0.9754328727722168,0.006588655989617109,0.007814936339855194,0.010163573548197746,0.0
34,0.9996259212493896,0.0,0.0,0.0003741192631423,0.0,0.9998337626457214,0.0,0.0,0.0001662752329139,0.0,0.999854564666748,0.0,0.0,0.0001454908342566,0.0,0.9997298121452332,0.0,0.0,0.000270197255304,0.0,0.9997298121452332,0.0,0.0,0.000270197255304,0.0,0.9997298121452332,0.0,0.0,0.000270197255304,0.0,0.9996467232704164,0.0,0.0,0.0003533348790369,0.0,0.9997714161872864,0.0,0.0,0.0002286284434376,0.0,0.9997090697288512,0.0,0.0,0.0002909816685132,0.0,0.9997298121452332,0.0,0.0,0.000270197255304,0.0,0.9998961091041564,0.0,0.0,0.0001039220223901,0.0,0.9999169111251832,0.0,0.0,8.313761645695195e-05,0.0,0.9996882677078248,0.0,0.0,0.0003117660526186,0.0,0.9998961091041564,0.0,0.0,0.0001039220223901,0.0,0.999792218208313,0.0,0.0,0.0002078440447803,0.0,0.9998337626457214,0.0,0.0,0.0001662752329139,0.0,0.9997714161872864,0.0,0.0,0.0002286284434376,0.0,0.9998337626457214,0.0,0.0,0.0001662752329139,0.0,0.9997506141662598,0.0,0.0,0.0002494128420948,0.0,0.999792218208313,0.0,0.0,0.0002078440447803,0.0,0.9996882677078248,0.0,0.0,0.0003117660526186,0.0,0.9997298121452332,0.0,0.0,0.000270197255304,0.0,0.999792218208313,0.0,0.0,0.0002078440447803,0.0,0.9997298121452332,0.0,0.0,0.000270197255304,0.0,0.999792218208313,0.0,0.0,0.0002078440447803,0.0,0.999854564666748,0.0,0.0,0.0001454908342566,0.0,0.999792218208313,0.0,0.0,0.0002078440447803,0.0,0.9997506141662598,0.0,0.0,0.0002494128420948,0.0,0.9998129606246948,0.0,0.0,0.0001870596315711,0.0,0.9997714161872864,0.0,0.0,0.0002286284434376,0.0,0.953879415988922,0.0115145603194832,0.0124498577788472,0.0221561752259731,0.0,0.9522374868392944,0.011493775062263,0.0134682934731245,0.0228004921227693,0.0,0.9590131640434264,0.0099972980096936,0.0124706421047449,0.0185189042240381,0.0,0.9888595938682556,0.0026396194007247,0.0028682476840913,0.0056325737386941,0.0,0.9505746960639954,0.011597697623074,0.014403591863811,0.0234240237623453,0.0,0.970382273197174,0.0072745415382087,0.0082514081150293,0.014091826044023,0.0,0.9569970965385436,0.0098933763802051,0.0118678947910666,0.0212416611611843,0.0,0.9786128997802734,0.0049466881901025,0.0058404174633324,0.0106000462546944,0.0,0.9671814441680908,0.0080227795988321,0.0087294494733214,0.0160663444548845,0.0,0.9089851379394532,0.0195996928960084,0.0253569725900888,0.0460582412779331,0.0,0.9448590278625488,0.0126161333173513,0.0154635962098836,0.0270612947642803,0.0,0.976264238357544,0.0055494359694421,0.0068172845058143,0.0113690691068768,0.0,0.944713532924652,0.0127200549468398,0.0158792845904827,0.0266871750354766,0.0,0.9423648715019226,0.0130941746756434,0.0167314447462558,0.0278095323592424,0.0,0.9637935757637024,0.0089165093377232,0.0101220048964023,0.0171679183840751,0.0,0.953630030155182,0.0106623992323875,0.0123043674975633,0.023403238505125,0.0,0.9848897457122804,0.0037827615160495,0.0042400183156132,0.0070874816738069,0.0,0.9614449739456176,0.0096023948863148,0.0102674951776862,0.0186851788312196,0.0,0.9391224980354308,0.0144451605156064,0.0155675187706947,0.0308648403733968,0.0,0.9321181774139404,0.0157337933778762,0.0189969446510076,0.0331511236727237,0.0,0.9735623002052308,0.006526303011924,0.0070251286961138,0.0128863304853439,0.0,0.9651445746421814,0.008272192440927,0.0093945506960153,0.0171887017786502,0.0,0.960384964942932,0.009103569202125,0.0113898534327745,0.0191216524690389,0.0,0.9542120099067688,0.0103506334125995,0.0126992706209421,0.0227381382137537,0.0,0.9673685431480408,0.0089372936636209,0.0089372936636209,0.0147569272667169,0.0,0.9566022157669068,0.0098518077284097,0.0113898534327745,0.0221561752259731,0.0,0.9543367028236388,0.009831023402512,0.0126784862950444,0.0231538265943527,0.0,0.9704238176345824,0.0067133624106645,0.0086047435179352,0.0142581015825271,0.0,0.9855133295059204,0.0030553073156625,0.0038035458419471,0.0076278764754533,0.0,0.9736661911010742,0.007087481673806906,0.007482385262846947,0.011763973161578178,0.0
35,0.9996259212493896,0.0,0.0,0.0003741192631423,0.0,0.9998337626457214,0.0,0.0,0.0001662752329139,0.0,0.999854564666748,0.0,0.0,0.0001454908342566,0.0,0.9997298121452332,0.0,0.0,0.000270197255304,0.0,0.9997298121452332,0.0,0.0,0.000270197255304,0.0,0.9997298121452332,0.0,0.0,0.000270197255304,0.0,0.9996467232704164,0.0,0.0,0.0003533348790369,0.0,0.9997714161872864,0.0,0.0,0.0002286284434376,0.0,0.9997090697288512,0.0,0.0,0.0002909816685132,0.0,0.9997298121452332,0.0,0.0,0.000270197255304,0.0,0.9998961091041564,0.0,0.0,0.0001039220223901,0.0,0.9999169111251832,0.0,0.0,8.313761645695195e-05,0.0,0.9996882677078248,0.0,0.0,0.0003117660526186,0.0,0.9998961091041564,0.0,0.0,0.0001039220223901,0.0,0.999792218208313,0.0,0.0,0.0002078440447803,0.0,0.9998337626457214,0.0,0.0,0.0001662752329139,0.0,0.9997714161872864,0.0,0.0,0.0002286284434376,0.0,0.9998337626457214,0.0,0.0,0.0001662752329139,0.0,0.9997506141662598,0.0,0.0,0.0002494128420948,0.0,0.999792218208313,0.0,0.0,0.0002078440447803,0.0,0.9996882677078248,0.0,0.0,0.0003117660526186,0.0,0.9997298121452332,0.0,0.0,0.000270197255304,0.0,0.999792218208313,0.0,0.0,0.0002078440447803,0.0,0.9997298121452332,0.0,0.0,0.000270197255304,0.0,0.999792218208313,0.0,0.0,0.0002078440447803,0.0,0.999854564666748,0.0,0.0,0.0001454908342566,0.0,0.999792218208313,0.0,0.0,0.0002078440447803,0.0,0.9997506141662598,0.0,0.0,0.0002494128420948,0.0,0.9998129606246948,0.0,0.0,0.0001870596315711,0.0,0.9997714161872864,0.0,0.0,0.0002286284434376,0.0,0.9497225880622864,0.0127408392727375,0.0121173076331615,0.0254193264991045,0.0,0.948849618434906,0.011909463442862,0.0126784862950444,0.0265624690800905,0.0,0.9552512168884276,0.0115353446453809,0.0112027935683727,0.0220106840133667,0.0,0.988007426261902,0.0031800137367099,0.0024941284209489,0.0063184588216245,0.0,0.9458774328231812,0.0136553533375263,0.0134890787303447,0.0269781574606895,0.0,0.9675140380859376,0.0085216052830219,0.0078149363398551,0.0161494817584753,0.0,0.9528610110282898,0.0115561289712786,0.0108286747708916,0.0247542262077331,0.0,0.9767422676086426,0.0056117889471352,0.0054455138742923,0.0122004449367523,0.0,0.9645626544952391,0.0084176836535334,0.0089788623154163,0.0180408619344234,0.0,0.9021678566932678,0.0212624445557594,0.0236526522785425,0.0529170930385589,0.0,0.9399746656417848,0.0142373172566294,0.0143620232120156,0.0314260199666023,0.0,0.9742897152900696,0.0060274773277342,0.006526303011924,0.0131565276533365,0.0,0.9400578141212464,0.0141957476735115,0.0146530047059059,0.031093468889594,0.0,0.9375844597816468,0.0146945733577013,0.0150271244347095,0.0326938666403293,0.0,0.960592806339264,0.0101427892223,0.0091867065057158,0.0200777351856231,0.0,0.9496394395828248,0.0120757389813661,0.0119302477687597,0.0263546239584684,0.0,0.983559548854828,0.0042192339897155,0.0040737432427704,0.0081474864855408,0.0,0.9583896398544312,0.0100388675928115,0.0104129863902926,0.0211585238575935,0.0,0.934924066066742,0.0148816332221031,0.0152141833677887,0.0349801518023014,0.0,0.927379310131073,0.0166483074426651,0.0177083127200603,0.038264088332653,0.0,0.9716085195541382,0.0067549315281212,0.0067965001799166,0.0148400645703077,0.0,0.9620476961135864,0.0094776879996061,0.008791803382337,0.0196828301995992,0.0,0.9566437602043152,0.0105376932770013,0.0105169080197811,0.0223016664385795,0.0,0.9503253102302552,0.011493775062263,0.0118055418133735,0.0263754092156887,0.0,0.9643547534942628,0.0100596519187092,0.0082929776981472,0.0172926243394613,0.0,0.95311039686203,0.0108286747708916,0.0109949493780732,0.0250659920275211,0.0,0.950907289981842,0.0107247522100806,0.0116392662748694,0.026728743687272,0.0,0.9678049683570862,0.0077317981049418,0.0078772893175482,0.0165859553962945,0.0,0.9847027063369752,0.0030553073156625,0.0033670733682811,0.0088749406859278,0.0,0.9711512923240662,0.007939642295241356,0.007212188094854355,0.013696921989321709,0.0
36,0.9996259212493896,0.0,0.0,0.0003741192631423,0.0,0.9998337626457214,0.0,0.0,0.0001662752329139,0.0,0.999854564666748,0.0,0.0,0.0001454908342566,0.0,0.9997298121452332,0.0,0.0,0.000270197255304,0.0,0.9997298121452332,0.0,0.0,0.000270197255304,0.0,0.9997298121452332,0.0,0.0,0.000270197255304,0.0,0.9996467232704164,0.0,0.0,0.0003533348790369,0.0,0.9997714161872864,0.0,0.0,0.0002286284434376,0.0,0.9997090697288512,0.0,0.0,0.0002909816685132,0.0,0.9997298121452332,0.0,0.0,0.000270197255304,0.0,0.9998961091041564,0.0,0.0,0.0001039220223901,0.0,0.9999169111251832,0.0,0.0,8.313761645695195e-05,0.0,0.9996882677078248,0.0,0.0,0.0003117660526186,0.0,0.9998961091041564,0.0,0.0,0.0001039220223901,0.0,0.999792218208313,0.0,0.0,0.0002078440447803,0.0,0.9998337626457214,0.0,0.0,0.0001662752329139,0.0,0.9997714161872864,0.0,0.0,0.0002286284434376,0.0,0.9998337626457214,0.0,0.0,0.0001662752329139,0.0,0.9997506141662598,0.0,0.0,0.0002494128420948,0.0,0.999792218208313,0.0,0.0,0.0002078440447803,0.0,0.9996882677078248,0.0,0.0,0.0003117660526186,0.0,0.9997298121452332,0.0,0.0,0.000270197255304,0.0,0.999792218208313,0.0,0.0,0.0002078440447803,0.0,0.9997298121452332,0.0,0.0,0.000270197255304,0.0,0.999792218208313,0.0,0.0,0.0002078440447803,0.0,0.999854564666748,0.0,0.0,0.0001454908342566,0.0,0.999792218208313,0.0,0.0,0.0002078440447803,0.0,0.9997506141662598,0.0,0.0,0.0002494128420948,0.0,0.9998129606246948,0.0,0.0,0.0001870596315711,0.0,0.9997714161872864,0.0,0.0,0.0002286284434376,0.0,0.9458982348442078,0.013780060224235,0.0115353446453809,0.0287864003330469,0.0,0.94375741481781,0.0139879044145345,0.0121380919590592,0.0301166009157896,0.0,0.9517802000045776,0.0121588762849569,0.0103922020643949,0.0256687384098768,0.0,0.9870513677597046,0.0032215826213359,0.0026188348419964,0.0071082659997045,0.0,0.9419699907302856,0.0143204545602202,0.0127408392727375,0.0309687629342079,0.0,0.9650614261627196,0.0089580779895186,0.0073784636333584,0.0186020415276289,0.0,0.9492861032485962,0.0126992706209421,0.0099141607061028,0.0281005147844553,0.0,0.9754120707511902,0.0056533580645918,0.0051337475888431,0.0138008445501327,0.0,0.9614657759666444,0.0092698438093066,0.0088125877082347,0.0204518530517816,0.0,0.8964729309082031,0.022675784304738,0.020597344264388,0.0602539889514446,0.0,0.9354228973388672,0.0160247758030891,0.0127824088558554,0.0357699580490589,0.0,0.9723983407020568,0.0067133624106645,0.0052168853580951,0.0156714413315057,0.0,0.9355891942977904,0.0152557529509067,0.0138631975278258,0.0352919176220893,0.0,0.9336770176887512,0.0150271244347095,0.0135722160339355,0.0377236939966678,0.0,0.9576206207275392,0.0106416149064898,0.0089165093377232,0.0228212755173444,0.0,0.9458358883857728,0.0131357433274388,0.0114106377586722,0.0296177752315998,0.0,0.9824371933937072,0.0044062938541173,0.0038243304006755,0.0093321977183222,0.0,0.9554382562637328,0.0103506334125995,0.009727100841701,0.0244840271770954,0.0,0.9306424856185912,0.0154843814671039,0.014403591863811,0.0394695848226547,0.0,0.922016978263855,0.0182279217988252,0.0161494817584753,0.0436056815087795,0.0,0.9692391157150269,0.007232972420752,0.0066302251070737,0.0168977212160825,0.0,0.9590547680854796,0.0102882804349064,0.0080851335078477,0.0225718636065721,0.0,0.9530688524246216,0.0118471104651689,0.0094361193478107,0.0256479550153017,0.0,0.9469582438468932,0.0122420135885477,0.0111404405906796,0.0296593438833951,0.0,0.9620269536972046,0.0099557293578982,0.0081059178337454,0.0199114587157964,0.0,0.9495147466659546,0.0121588762849569,0.0099765136837959,0.0283499266952276,0.0,0.9478311538696288,0.0106623992323875,0.0115353446453809,0.0299711115658283,0.0,0.965040683746338,0.0089165093377232,0.0072745415382087,0.0187683161348104,0.0,0.9837258458137512,0.0031800137367099,0.0032423669472336,0.0098518077284097,0.0,0.9685324430465698,0.00862552784383297,0.006734146736562252,0.016107913106679916,0.0
37,0.9996259212493896,0.0,0.0,0.0003741192631423,0.0,0.9998337626457214,0.0,0.0,0.0001662752329139,0.0,0.999854564666748,0.0,0.0,0.0001454908342566,0.0,0.9997298121452332,0.0,0.0,0.000270197255304,0.0,0.9997298121452332,0.0,0.0,0.000270197255304,0.0,0.9997298121452332,0.0,0.0,0.000270197255304,0.0,0.9996467232704164,0.0,0.0,0.0003533348790369,0.0,0.9997714161872864,0.0,0.0,0.0002286284434376,0.0,0.9997090697288512,0.0,0.0,0.0002909816685132,0.0,0.9997298121452332,0.0,0.0,0.000270197255304,0.0,0.9998961091041564,0.0,0.0,0.0001039220223901,0.0,0.9999169111251832,0.0,0.0,8.313761645695195e-05,0.0,0.9996882677078248,0.0,0.0,0.0003117660526186,0.0,0.9998961091041564,0.0,0.0,0.0001039220223901,0.0,0.999792218208313,0.0,0.0,0.0002078440447803,0.0,0.9998337626457214,0.0,0.0,0.0001662752329139,0.0,0.9997714161872864,0.0,0.0,0.0002286284434376,0.0,0.9998337626457214,0.0,0.0,0.0001662752329139,0.0,0.9997506141662598,0.0,0.0,0.0002494128420948,0.0,0.999792218208313,0.0,0.0,0.0002078440447803,0.0,0.9996882677078248,0.0,0.0,0.0003117660526186,0.0,0.9997298121452332,0.0,0.0,0.000270197255304,0.0,0.999792218208313,0.0,0.0,0.0002078440447803,0.0,0.9997298121452332,0.0,0.0,0.000270197255304,0.0,0.999792218208313,0.0,0.0,0.0002078440447803,0.0,0.999854564666748,0.0,0.0,0.0001454908342566,0.0,0.999792218208313,0.0,0.0,0.0002078440447803,0.0,0.9997506141662598,0.0,0.0,0.0002494128420948,0.0,0.9998129606246948,0.0,0.0,0.0001870596315711,0.0,0.9997714161872864,0.0,0.0,0.0002286284434376,0.0,0.9420946836471558,0.0144243761897087,0.012948683463037,0.0305322892963886,0.0,0.9401825070381165,0.0146737890318036,0.0131773119792342,0.0319664143025875,0.0,0.9487041234970092,0.0123667204752564,0.0115769132971763,0.027352275326848,0.0,0.9859497547149658,0.0034294265788048,0.0031384450849145,0.0074823852628469,0.0,0.9380209445953368,0.0155259501188993,0.0130941746756434,0.0333589687943458,0.0,0.9621100425720216,0.0099349450320005,0.0082098394632339,0.0197451841086149,0.0,0.9459190368652344,0.0132604502141475,0.0115145603194832,0.0293060094118118,0.0,0.9740195274353028,0.0058196331374347,0.0054870825260877,0.0146737890318036,0.0,0.9583688974380492,0.0103090647608041,0.0096439635381102,0.0216781329363584,0.0,0.8906948566436768,0.022779706865549,0.0228004921227693,0.0637249797582626,0.0,0.9306840300559998,0.0174796842038631,0.0140294730663299,0.0378068313002586,0.0,0.970590114593506,0.0071082659997045,0.0060066930018365,0.0162949729710817,0.0,0.9312244653701782,0.0165859553962945,0.0149439861997962,0.0372456535696983,0.0,0.9295409321784972,0.0162534043192863,0.0144243761897087,0.0397813506424427,0.0,0.9548147320747375,0.0111404405906796,0.0097894547507166,0.0242554005235433,0.0,0.9420531392097472,0.0141957476735115,0.0122835831716656,0.0314675867557525,0.0,0.981231689453125,0.0046972753480076,0.0039906054735183,0.0100804362446069,0.0,0.9529441595077516,0.0102674951776862,0.0112027935683727,0.025585601106286,0.0,0.9262362122535706,0.0159832071512937,0.0161702670156955,0.0416103787720203,0.0,0.9169663190841676,0.0190592985600233,0.0175212528556585,0.0464531444013118,0.0,0.9668904542922974,0.0080435648560523,0.0073576788417994,0.0177083127200603,0.0,0.9566645622253418,0.0105376932770013,0.009103569202125,0.0236942209303379,0.0,0.9500343203544616,0.012636917643249,0.0102882804349064,0.02704050950706,0.0,0.9433209896087646,0.0131357433274388,0.0119510320946574,0.0315922945737838,0.0,0.9595327973365784,0.0101843578740954,0.0091243535280227,0.0211585238575935,0.0,0.9465841054916382,0.0123875048011541,0.0111404405906796,0.0298879723995924,0.0,0.9439029097557068,0.0124706421047449,0.0116808349266648,0.0319456309080123,0.0,0.9624426364898682,0.0099557293578982,0.0076070916838943,0.0199945960193872,0.0,0.9825619459152222,0.0037827615160495,0.0033670733682811,0.0102882804349064,0.0,0.9659135937690735,0.00951925665140152,0.007711013779044151,0.016856152564287186,0.0
38,0.9996259212493896,0.0,0.0,0.0003741192631423,0.0,0.9998337626457214,0.0,0.0,0.0001662752329139,0.0,0.999854564666748,0.0,0.0,0.0001454908342566,0.0,0.9997298121452332,0.0,0.0,0.000270197255304,0.0,0.9997298121452332,0.0,0.0,0.000270197255304,0.0,0.9997298121452332,0.0,0.0,0.000270197255304,0.0,0.9996467232704164,0.0,0.0,0.0003533348790369,0.0,0.9997714161872864,0.0,0.0,0.0002286284434376,0.0,0.9997090697288512,0.0,0.0,0.0002909816685132,0.0,0.9997298121452332,0.0,0.0,0.000270197255304,0.0,0.9998961091041564,0.0,0.0,0.0001039220223901,0.0,0.9999169111251832,0.0,0.0,8.313761645695195e-05,0.0,0.9996882677078248,0.0,0.0,0.0003117660526186,0.0,0.9998961091041564,0.0,0.0,0.0001039220223901,0.0,0.999792218208313,0.0,0.0,0.0002078440447803,0.0,0.9998337626457214,0.0,0.0,0.0001662752329139,0.0,0.9997714161872864,0.0,0.0,0.0002286284434376,0.0,0.9998337626457214,0.0,0.0,0.0001662752329139,0.0,0.9997506141662598,0.0,0.0,0.0002494128420948,0.0,0.999792218208313,0.0,0.0,0.0002078440447803,0.0,0.9996882677078248,0.0,0.0,0.0003117660526186,0.0,0.9997298121452332,0.0,0.0,0.000270197255304,0.0,0.999792218208313,0.0,0.0,0.0002078440447803,0.0,0.9997298121452332,0.0,0.0,0.000270197255304,0.0,0.999792218208313,0.0,0.0,0.0002078440447803,0.0,0.999854564666748,0.0,0.0,0.0001454908342566,0.0,0.999792218208313,0.0,0.0,0.0002078440447803,0.0,0.9997506141662598,0.0,0.0,0.0002494128420948,0.0,0.9998129606246948,0.0,0.0,0.0001870596315711,0.0,0.9997714161872864,0.0,0.0,0.0002286284434376,0.0,0.9376468062400818,0.016232619062066,0.0134059404954314,0.0327146537601947,0.0,0.9356722831726074,0.0165651701390743,0.0134890787303447,0.0342734828591346,0.0,0.9446095824241638,0.014403591863811,0.0118678947910666,0.02911894954741,0.0,0.984972894191742,0.0038866836111992,0.0032215826213359,0.0079188579693436,0.0,0.9333236813545228,0.0172510556876659,0.0138839818537235,0.0355413295328617,0.0,0.9592418074607848,0.0111404405906796,0.0086047435179352,0.0210130326449871,0.0,0.9424272179603576,0.0145698674023151,0.0116808349266648,0.0313220955431461,0.0,0.972460687160492,0.0061521837487816,0.0059027709066867,0.0154843814671039,0.0,0.9553551077842712,0.0118263261392712,0.0094361193478107,0.0233824551105499,0.0,0.8843348026275635,0.0246503036469221,0.0233824551105499,0.0676324516534805,0.0,0.9266310930252076,0.0182279217988252,0.01481928024441,0.0403217449784278,0.0,0.9685116410255432,0.0077525828965008,0.0067133624106645,0.0170224271714687,0.0,0.9256126284599304,0.0191008672118186,0.0154428118839859,0.039843700826168,0.0,0.9251969456672668,0.0171679183840751,0.0154012432321906,0.0422339104115963,0.0,0.9510527849197388,0.0127408392727375,0.0101843578740954,0.0260220747441053,0.0,0.9386029243469238,0.0150271244347095,0.0129278991371393,0.0334421060979366,0.0,0.9799222946166992,0.0049674725160002,0.0043647247366607,0.0107455365359783,0.0,0.9497225880622864,0.0117224035784602,0.0113275004550814,0.0272275693714618,0.0,0.9219961762428284,0.0171263497322797,0.0167937986552715,0.044083721935749,0.0,0.9122690558433532,0.0198491066694259,0.0183941982686519,0.0494876652956008,0.0,0.9644171595573424,0.0091451378539204,0.0074823852628469,0.0189553759992122,0.0,0.9528194665908812,0.012325151823461,0.0097478851675987,0.0251075606793165,0.0,0.9464178681373596,0.0139671191573143,0.010870243422687,0.0287448316812515,0.0,0.9396005272865297,0.0146114360541105,0.0121796606108546,0.0336083807051181,0.0,0.9563735723495485,0.0109949493780732,0.0102674951776862,0.02236401848495,0.0,0.9433625340461732,0.0132396649569273,0.0115561289712786,0.0318417064845562,0.0,0.9402033090591432,0.0141333946958184,0.0117016192525625,0.0339617170393466,0.0,0.9602394700050354,0.0101843578740954,0.0078357206657528,0.0217404868453741,0.0,0.981418788433075,0.0040945275686681,0.003658055095002,0.0108286747708916,0.0,0.9631285071372986,0.010537693277001381,0.008355330675840378,0.01797850988805294,0.0
39,0.9996259212493896,0.0,0.0,0.0003741192631423,0.0,0.9998337626457214,0.0,0.0,0.0001662752329139,0.0,0.999854564666748,0.0,0.0,0.0001454908342566,0.0,0.9997298121452332,0.0,0.0,0.000270197255304,0.0,0.9997298121452332,0.0,0.0,0.000270197255304,0.0,0.9997298121452332,0.0,0.0,0.000270197255304,0.0,0.9996467232704164,0.0,0.0,0.0003533348790369,0.0,0.9997714161872864,0.0,0.0,0.0002286284434376,0.0,0.9997090697288512,0.0,0.0,0.0002909816685132,0.0,0.9997298121452332,0.0,0.0,0.000270197255304,0.0,0.9998961091041564,0.0,0.0,0.0001039220223901,0.0,0.9999169111251832,0.0,0.0,8.313761645695195e-05,0.0,0.9996882677078248,0.0,0.0,0.0003117660526186,0.0,0.9998961091041564,0.0,0.0,0.0001039220223901,0.0,0.999792218208313,0.0,0.0,0.0002078440447803,0.0,0.9998337626457214,0.0,0.0,0.0001662752329139,0.0,0.9997714161872864,0.0,0.0,0.0002286284434376,0.0,0.9998337626457214,0.0,0.0,0.0001662752329139,0.0,0.9997506141662598,0.0,0.0,0.0002494128420948,0.0,0.999792218208313,0.0,0.0,0.0002078440447803,0.0,0.9996882677078248,0.0,0.0,0.0003117660526186,0.0,0.9997298121452332,0.0,0.0,0.000270197255304,0.0,0.999792218208313,0.0,0.0,0.0002078440447803,0.0,0.9997298121452332,0.0,0.0,0.000270197255304,0.0,0.999792218208313,0.0,0.0,0.0002078440447803,0.0,0.999854564666748,0.0,0.0,0.0001454908342566,0.0,0.999792218208313,0.0,0.0,0.0002078440447803,0.0,0.9997506141662598,0.0,0.0,0.0002494128420948,0.0,0.9998129606246948,0.0,0.0,0.0001870596315711,0.0,0.9997714161872864,0.0,0.0,0.0002286284434376,0.0,0.9337393641471864,0.0159832071512937,0.0156714413315057,0.0346060320734977,0.0,0.9316608905792236,0.0171887017786502,0.0148816332221031,0.0362687855958938,0.0,0.9408683776855468,0.0143828075379133,0.0137592758983373,0.030989546328783,0.0,0.9836843013763428,0.0043231560848653,0.0034917797893285,0.0085008209571242,0.0,0.928979754447937,0.0168977212160825,0.0162949729710817,0.0378276146948337,0.0,0.9563527703285216,0.0111612249165773,0.0101427892223,0.0223432350903749,0.0,0.9387068152427672,0.0141541790217161,0.0140294730663299,0.0331095568835735,0.0,0.970257580280304,0.0064847338944673,0.0068172845058143,0.0164404641836881,0.0,0.9524245262145996,0.0121380919590592,0.0106416149064898,0.0247957948595285,0.0,0.8773720264434814,0.0247957948595285,0.026416977867484,0.0714152157306671,0.0,0.922016978263855,0.0179577246308326,0.0175004675984382,0.0425248891115188,0.0,0.9658304452896118,0.0084592523053288,0.0075239543803036,0.0181863531470298,0.0,0.920998513698578,0.0190592985600233,0.0173757616430521,0.0425664596259593,0.0,0.9202710390090942,0.0173134077340364,0.0178745873272418,0.0445409789681434,0.0,0.9475817680358888,0.0130110373720526,0.0121173076331615,0.0272899232804775,0.0,0.9344252347946168,0.0152141833677887,0.0146530047059059,0.0357076078653335,0.0,0.9785297513008118,0.0050298259593546,0.0051129632629454,0.0113275004550814,0.0,0.9465633034706116,0.0118263261392712,0.0126577019691467,0.0289526749402284,0.0,0.916987121105194,0.0179369412362575,0.0186436101794242,0.0464323572814464,0.0,0.9067819714546204,0.020597344264388,0.0204726383090019,0.0521480701863765,0.0,0.9617359638214112,0.0098725920543074,0.0084800366312265,0.0199114587157964,0.0,0.9495354890823364,0.0125122116878628,0.0113690691068768,0.0265832524746656,0.0,0.9424272179603576,0.0142165319994091,0.0128447618335485,0.0305115059018135,0.0,0.9359632730484008,0.0143620232120156,0.0142373172566294,0.0354374088346958,0.0,0.9528610110282898,0.011493775062263,0.0119510320946574,0.0236942209303379,0.0,0.9393303394317628,0.013780060224235,0.0133435875177383,0.0335460267961025,0.0,0.9360464215278624,0.0148608488962054,0.0132604502141475,0.0358323119580745,0.0,0.9569555521011353,0.0108494590967893,0.0093321977183222,0.0228628441691398,0.0,0.9800885915756226,0.0046141375787556,0.0038658990524709,0.0114314220845699,0.0,0.9601771235466003,0.010974165052175522,0.009602394886314869,0.019246358424425125,0.0
40,0.9996259212493896,0.0,0.0,0.0003741192631423,0.0,0.9998337626457214,0.0,0.0,0.0001662752329139,0.0,0.999854564666748,0.0,0.0,0.0001454908342566,0.0,0.9997298121452332,0.0,0.0,0.000270197255304,0.0,0.9997298121452332,0.0,0.0,0.000270197255304,0.0,0.9997298121452332,0.0,0.0,0.000270197255304,0.0,0.9996467232704164,0.0,0.0,0.0003533348790369,0.0,0.9997714161872864,0.0,0.0,0.0002286284434376,0.0,0.9997090697288512,0.0,0.0,0.0002909816685132,0.0,0.9997298121452332,0.0,0.0,0.000270197255304,0.0,0.9998961091041564,0.0,0.0,0.0001039220223901,0.0,0.9999169111251832,0.0,0.0,8.313761645695195e-05,0.0,0.9996882677078248,0.0,0.0,0.0003117660526186,0.0,0.9998961091041564,0.0,0.0,0.0001039220223901,0.0,0.999792218208313,0.0,0.0,0.0002078440447803,0.0,0.9998337626457214,0.0,0.0,0.0001662752329139,0.0,0.9997714161872864,0.0,0.0,0.0002286284434376,0.0,0.9998337626457214,0.0,0.0,0.0001662752329139,0.0,0.9997506141662598,0.0,0.0,0.0002494128420948,0.0,0.999792218208313,0.0,0.0,0.0002078440447803,0.0,0.9996882677078248,0.0,0.0,0.0003117660526186,0.0,0.9997298121452332,0.0,0.0,0.000270197255304,0.0,0.999792218208313,0.0,0.0,0.0002078440447803,0.0,0.9997298121452332,0.0,0.0,0.000270197255304,0.0,0.999792218208313,0.0,0.0,0.0002078440447803,0.0,0.999854564666748,0.0,0.0,0.0001454908342566,0.0,0.999792218208313,0.0,0.0,0.0002078440447803,0.0,0.9997506141662598,0.0,0.0,0.0002494128420948,0.0,0.9998129606246948,0.0,0.0,0.0001870596315711,0.0,0.9997714161872864,0.0,0.0,0.0002286284434376,0.0,0.9285016655921936,0.0173965469002723,0.0165651701390743,0.0375366322696208,0.0,0.9266934394836426,0.0170639958232641,0.0170016419142484,0.0392409563064575,0.0,0.936275064945221,0.0155051657930016,0.0150063401088118,0.0332134775817394,0.0,0.9823333024978638,0.0047180596739053,0.0041360962204635,0.0088125877082347,0.0,0.9233887195587158,0.0185812581330537,0.0175628215074539,0.0404672361910343,0.0,0.9521958827972412,0.0128655461594462,0.0109741650521755,0.0239644180983304,0.0,0.9334275722503662,0.0158585011959075,0.015131046064198,0.0355829000473022,0.0,0.9672853946685792,0.0081267021596431,0.0069419909268617,0.0176459588110446,0.0,0.9483715891838074,0.0130941746756434,0.0115145603194832,0.0270197261124849,0.0,0.8697441816329956,0.026728743687272,0.0269573722034692,0.0765697434544563,0.0,0.9166545867919922,0.0187683161348104,0.0187891013920307,0.0457880422472953,0.0,0.963752031326294,0.0086463121697306,0.0079188579693436,0.0196828301995992,0.0,0.9149710536003112,0.0206181295216083,0.0186643954366445,0.0457464717328548,0.0,0.914409875869751,0.0192671418190002,0.0186020415276289,0.0477209910750389,0.0,0.9435288310050964,0.014091826044023,0.0131149590015411,0.0292644407600164,0.0,0.9296448230743408,0.0161910504102706,0.0158792845904827,0.0382848717272281,0.0,0.9769501090049744,0.0054870825260877,0.0053415917791426,0.01222122926265,0.0,0.9423025250434875,0.0131357433274388,0.0129902521148324,0.0315715111792087,0.0,0.9115000367164612,0.019142435863614,0.0191632211208343,0.0501943342387676,0.0,0.9004843235015869,0.0215326435863971,0.0220106840133667,0.0559724010527133,0.0,0.9587222337722778,0.0105169080197811,0.0091243535280227,0.021636564284563,0.0,0.9452123641967772,0.0138424132019281,0.0124706421047449,0.0284746345132589,0.0,0.9380417466163636,0.0150271244347095,0.0141126103699207,0.0328185744583606,0.0,0.9311413168907166,0.015816930681467,0.0148608488962054,0.0381809510290622,0.0,0.9486002326011658,0.0134267248213291,0.0123875048011541,0.025585601106286,0.0,0.9354436993598938,0.0140710417181253,0.0144243761897087,0.0360609404742717,0.0,0.9320350289344788,0.0157961472868919,0.0138008445501327,0.0383680090308189,0.0,0.9533390402793884,0.0117016192525625,0.0104961236938834,0.0244632437825202,0.0,0.9785505533218384,0.0051753167062997,0.004032174590975,0.0122420135885477,0.0,0.9567061066627502,0.01182632613927126,0.010558477602899075,0.020909110084176064,0.0
41,0.9996259212493896,0.0,0.0,0.0003741192631423,0.0,0.9998337626457214,0.0,0.0,0.0001662752329139,0.0,0.999854564666748,0.0,0.0,0.0001454908342566,0.0,0.9997298121452332,0.0,0.0,0.000270197255304,0.0,0.9997298121452332,0.0,0.0,0.000270197255304,0.0,0.9997298121452332,0.0,0.0,0.000270197255304,0.0,0.9996467232704164,0.0,0.0,0.0003533348790369,0.0,0.9997714161872864,0.0,0.0,0.0002286284434376,0.0,0.9997090697288512,0.0,0.0,0.0002909816685132,0.0,0.9997298121452332,0.0,0.0,0.000270197255304,0.0,0.9998961091041564,0.0,0.0,0.0001039220223901,0.0,0.9999169111251832,0.0,0.0,8.313761645695195e-05,0.0,0.9996882677078248,0.0,0.0,0.0003117660526186,0.0,0.9998961091041564,0.0,0.0,0.0001039220223901,0.0,0.999792218208313,0.0,0.0,0.0002078440447803,0.0,0.9998337626457214,0.0,0.0,0.0001662752329139,0.0,0.9997714161872864,0.0,0.0,0.0002286284434376,0.0,0.9998337626457214,0.0,0.0,0.0001662752329139,0.0,0.9997506141662598,0.0,0.0,0.0002494128420948,0.0,0.999792218208313,0.0,0.0,0.0002078440447803,0.0,0.9996882677078248,0.0,0.0,0.0003117660526186,0.0,0.9997298121452332,0.0,0.0,0.000270197255304,0.0,0.999792218208313,0.0,0.0,0.0002078440447803,0.0,0.9997298121452332,0.0,0.0,0.000270197255304,0.0,0.999792218208313,0.0,0.0,0.0002078440447803,0.0,0.999854564666748,0.0,0.0,0.0001454908342566,0.0,0.999792218208313,0.0,0.0,0.0002078440447803,0.0,0.9997506141662598,0.0,0.0,0.0002494128420948,0.0,0.9998129606246948,0.0,0.0,0.0001870596315711,0.0,0.9997714161872864,0.0,0.0,0.0002286284434376,0.0,0.9241369366645812,0.0179577246308326,0.0175836067646741,0.0403217449784278,0.0,0.9213310480117798,0.0188514553010463,0.0175628215074539,0.0422546938061714,0.0,0.93143230676651,0.017271839082241,0.015234968625009,0.0360609404742717,0.0,0.9811277985572816,0.0048219817690551,0.0043231560848653,0.009727100841701,0.0,0.9179016351699828,0.0201193038374185,0.0182694904506206,0.0437096022069454,0.0,0.9483299851417542,0.013780060224235,0.011909463442862,0.0259805042296648,0.0,0.9283146262168884,0.0176043901592493,0.0160663444548845,0.0380146764218807,0.0,0.964832842350006,0.0091867065057158,0.0070459130220115,0.0189345926046371,0.0,0.9447966814041138,0.0135722160339355,0.0123667204752564,0.0292644407600164,0.0,0.8628437519073486,0.0278511010110378,0.0284538492560386,0.0808513313531875,0.0,0.9103984832763672,0.0202855784446001,0.0207636188715696,0.0485523678362369,0.0,0.9606966972351074,0.0098933763802051,0.0085216052830219,0.0208883266896009,0.0,0.90925532579422,0.0219691153615713,0.0196204781532287,0.0491551160812377,0.0,0.9086526036262512,0.0208883266896009,0.0191632211208343,0.0512959100306034,0.0,0.9393926858901978,0.0154220275580883,0.0134475091472268,0.0317377857863903,0.0,0.9243240356445312,0.0177290961146354,0.0169185046106576,0.0410284139215946,0.0,0.9754328727722168,0.005798848811537,0.0056117889471352,0.0131565276533365,0.0,0.938145637512207,0.0147984959185123,0.0128447618335485,0.034211128950119,0.0,0.9058051109313964,0.0204310696572065,0.0198906753212213,0.053873173892498,0.0,0.8936670422554016,0.0232993178069591,0.0232785325497388,0.0597551614046096,0.0,0.9557915925979614,0.0110988719388842,0.0095816105604171,0.0235279463231563,0.0,0.9411386251449584,0.0155259501188993,0.0126784862950444,0.0306569952517747,0.0,0.9331158399581908,0.0169185046106576,0.0148816332221031,0.0350840725004673,0.0,0.9262569546699524,0.0170639958232641,0.0158792845904827,0.0407997854053974,0.0,0.9441315531730652,0.0154012432321906,0.0124498577788472,0.0280173774808645,0.0,0.9308711290359496,0.0157130099833011,0.0150894774124026,0.0383264422416687,0.0,0.9281067848205566,0.0157961472868919,0.0145906517282128,0.0415064543485641,0.0,0.949493944644928,0.012948683463037,0.0115145603194832,0.0260428581386804,0.0,0.9771579504013062,0.0054039452224969,0.004343940410763,0.0130941746756434,0.0,0.9530688524246216,0.012844761833548546,0.011244362220168114,0.022842060774564743,0.0
42,0.9996259212493896,0.0,0.0,0.0003741192631423,0.0,0.9998337626457214,0.0,0.0,0.0001662752329139,0.0,0.999854564666748,0.0,0.0,0.0001454908342566,0.0,0.9997298121452332,0.0,0.0,0.000270197255304,0.0,0.9997298121452332,0.0,0.0,0.000270197255304,0.0,0.9997298121452332,0.0,0.0,0.000270197255304,0.0,0.9996467232704164,0.0,0.0,0.0003533348790369,0.0,0.9997714161872864,0.0,0.0,0.0002286284434376,0.0,0.9997090697288512,0.0,0.0,0.0002909816685132,0.0,0.9997298121452332,0.0,0.0,0.000270197255304,0.0,0.9998961091041564,0.0,0.0,0.0001039220223901,0.0,0.9999169111251832,0.0,0.0,8.313761645695195e-05,0.0,0.9996882677078248,0.0,0.0,0.0003117660526186,0.0,0.9998961091041564,0.0,0.0,0.0001039220223901,0.0,0.999792218208313,0.0,0.0,0.0002078440447803,0.0,0.9998337626457214,0.0,0.0,0.0001662752329139,0.0,0.9997714161872864,0.0,0.0,0.0002286284434376,0.0,0.9998337626457214,0.0,0.0,0.0001662752329139,0.0,0.9997506141662598,0.0,0.0,0.0002494128420948,0.0,0.999792218208313,0.0,0.0,0.0002078440447803,0.0,0.9996882677078248,0.0,0.0,0.0003117660526186,0.0,0.9997298121452332,0.0,0.0,0.000270197255304,0.0,0.999792218208313,0.0,0.0,0.0002078440447803,0.0,0.9997298121452332,0.0,0.0,0.000270197255304,0.0,0.999792218208313,0.0,0.0,0.0002078440447803,0.0,0.999854564666748,0.0,0.0,0.0001454908342566,0.0,0.999792218208313,0.0,0.0,0.0002078440447803,0.0,0.9997506141662598,0.0,0.0,0.0002494128420948,0.0,0.9998129606246948,0.0,0.0,0.0001870596315711,0.0,0.9997714161872864,0.0,0.0,0.0002286284434376,0.0,0.921310305595398,0.0163365416228771,0.0188722386956214,0.0434809736907482,0.0,0.9183589220046996,0.0173134077340364,0.0191840045154094,0.0451437272131443,0.0,0.928979754447937,0.0156298726797103,0.0164612475782632,0.0389291904866695,0.0,0.9802964329719543,0.0046764910221099,0.0044062938541173,0.0106208305805921,0.0,0.9149087071418762,0.018414981663227,0.0202232245355844,0.0464531444013118,0.0,0.9464802145957948,0.0127616245299577,0.0128031931817531,0.0279550235718488,0.0,0.9254879355430604,0.0169392898678779,0.0167522300034761,0.0408205687999725,0.0,0.9636688828468324,0.008791803382337,0.0073784636333584,0.0201608724892139,0.0,0.942655861377716,0.0126992706209421,0.0133228031918406,0.0313220955431461,0.0,0.8587284684181213,0.0256063863635063,0.0291397348046302,0.0865254774689674,0.0,0.907197654247284,0.0194334182888269,0.0215326435863971,0.0518363043665885,0.0,0.9591586589813232,0.0093529820442199,0.0091867065057158,0.0223016664385795,0.0,0.9060129523277284,0.0195996928960084,0.0221977438777685,0.0521896369755268,0.0,0.9053894281387328,0.0198075380176305,0.020597344264388,0.0542057268321514,0.0,0.9366491436958312,0.014403591863811,0.0149024175480008,0.0340448543429374,0.0,0.9218090772628784,0.0167937986552715,0.0176459588110446,0.0437511689960956,0.0,0.9742897152900696,0.0056325737386941,0.0060066930018365,0.0140710417181253,0.0,0.936004877090454,0.0137177063152194,0.0134890787303447,0.0367883965373039,0.0,0.902292549610138,0.0197036154568195,0.0202232245355844,0.0577806420624256,0.0,0.889842689037323,0.0224263723939657,0.0237565729767084,0.0639743953943252,0.0,0.9537339806556702,0.0106831835582852,0.0105169080197811,0.0250659920275211,0.0,0.9384781718254088,0.0143412388861179,0.0143828075379133,0.0327977910637855,0.0,0.9303306937217712,0.0160871297121047,0.0162534043192863,0.0373287908732891,0.0,0.922869086265564,0.0167314447462558,0.0168561525642871,0.0435433275997638,0.0,0.9423025250434875,0.0140710417181253,0.0133435875177383,0.0302828773856163,0.0,0.9283769726753236,0.0149855557829141,0.0156090874224901,0.0410284139215946,0.0,0.9256542325019836,0.0145490830764174,0.0161702670156955,0.0436264649033546,0.0,0.9469582438468932,0.0132812345400452,0.0121588762849569,0.0276016891002655,0.0,0.9761603474617004,0.0052584540098905,0.0049259038642048,0.0136553533375263,0.0,0.9507617950439453,0.012366720475256443,0.012304367497563362,0.024567166343331337,0.0
43,0.9996259212493896,0.0,0.0,0.0003741192631423,0.0,0.9998337626457214,0.0,0.0,0.0001662752329139,0.0,0.999854564666748,0.0,0.0,0.0001454908342566,0.0,0.9997298121452332,0.0,0.0,0.000270197255304,0.0,0.9997298121452332,0.0,0.0,0.000270197255304,0.0,0.9997298121452332,0.0,0.0,0.000270197255304,0.0,0.9996467232704164,0.0,0.0,0.0003533348790369,0.0,0.9997714161872864,0.0,0.0,0.0002286284434376,0.0,0.9997090697288512,0.0,0.0,0.0002909816685132,0.0,0.9997298121452332,0.0,0.0,0.000270197255304,0.0,0.9998961091041564,0.0,0.0,0.0001039220223901,0.0,0.9999169111251832,0.0,0.0,8.313761645695195e-05,0.0,0.9996882677078248,0.0,0.0,0.0003117660526186,0.0,0.9998961091041564,0.0,0.0,0.0001039220223901,0.0,0.999792218208313,0.0,0.0,0.0002078440447803,0.0,0.9998337626457214,0.0,0.0,0.0001662752329139,0.0,0.9997714161872864,0.0,0.0,0.0002286284434376,0.0,0.9998337626457214,0.0,0.0,0.0001662752329139,0.0,0.9997506141662598,0.0,0.0,0.0002494128420948,0.0,0.999792218208313,0.0,0.0,0.0002078440447803,0.0,0.9996882677078248,0.0,0.0,0.0003117660526186,0.0,0.9997298121452332,0.0,0.0,0.000270197255304,0.0,0.999792218208313,0.0,0.0,0.0002078440447803,0.0,0.9997298121452332,0.0,0.0,0.000270197255304,0.0,0.999792218208313,0.0,0.0,0.0002078440447803,0.0,0.999854564666748,0.0,0.0,0.0001454908342566,0.0,0.999792218208313,0.0,0.0,0.0002078440447803,0.0,0.9997506141662598,0.0,0.0,0.0002494128420948,0.0,0.9998129606246948,0.0,0.0,0.0001870596315711,0.0,0.9997714161872864,0.0,0.0,0.0002286284434376,0.0,0.9184212684631348,0.0153181059285998,0.0201400872319936,0.0461205914616584,0.0,0.9150749444961548,0.0165859553962945,0.0205765608698129,0.0477625615894794,0.0,0.9259244203567504,0.0149439861997962,0.0181447844952344,0.040986843407154,0.0,0.979298770427704,0.0043855090625584,0.0051753167062997,0.0111404405906796,0.0,0.9111051559448242,0.0178745873272418,0.0215949956327676,0.0494253113865852,0.0,0.9439860582351683,0.0123667204752564,0.0140294730663299,0.0296177752315998,0.0,0.9226405024528505,0.0160663444548845,0.0182902757078409,0.0430029332637786,0.0,0.9622555375099182,0.0080019952729344,0.0083553306758403,0.0213871523737907,0.0,0.939953863620758,0.0124706421047449,0.0147569272667169,0.0328185744583606,0.0,0.8545092344284058,0.0228628441691398,0.0316130779683589,0.0910149067640304,0.0,0.9033525586128236,0.0186643954366445,0.0228420607745647,0.0551410242915153,0.0,0.9573919773101808,0.0084384679794311,0.0104337707161903,0.0237357895821332,0.0,0.9025419354438782,0.0184565503150224,0.023715004324913,0.0552865155041217,0.0,0.9019184112548828,0.0183526296168565,0.0220938213169574,0.0576351508498191,0.0,0.9338640570640564,0.0137177063152194,0.0162118356674909,0.0362064316868782,0.0,0.9185667634010316,0.0158585011959075,0.0192047897726297,0.0463700070977211,0.0,0.9731881618499756,0.0053415917791426,0.0063600274734199,0.0151102617383003,0.0,0.933510720729828,0.013052606023848,0.0148816332221031,0.0385550707578659,0.0,0.8989462852478027,0.0180408619344234,0.0221353899687528,0.0608775205910205,0.0,0.8859559893608093,0.0208259727805852,0.0253361891955137,0.0678818672895431,0.0,0.9517178535461426,0.0100180823355913,0.0118263261392712,0.0264377612620592,0.0,0.9360672235488892,0.0134682934731245,0.0156090874224901,0.03485544398427,0.0,0.9275248050689696,0.0149024175480008,0.0179577246308326,0.0396150760352611,0.0,0.9199177026748656,0.0160455591976642,0.0182487070560455,0.0457880422472953,0.0,0.940265655517578,0.0125953489914536,0.014507514424622,0.0326315127313137,0.0,0.9254879355430604,0.0138424132019281,0.017271839082241,0.0433978363871574,0.0,0.9223910570144652,0.0136553533375263,0.0182902757078409,0.045663334429264,0.0,0.9446095824241638,0.0123459361493587,0.0134682934731245,0.0295762065798044,0.0,0.9754744172096252,0.0046141375787556,0.0054247295483946,0.0144867300987243,0.0,0.9486417770385742,0.011535344645380974,0.013489078730344772,0.026333840563893318,0.0
44,0.9996259212493896,0.0,0.0,0.0003741192631423,0.0,0.9998337626457214,0.0,0.0,0.0001662752329139,0.0,0.999854564666748,0.0,0.0,0.0001454908342566,0.0,0.9997298121452332,0.0,0.0,0.000270197255304,0.0,0.9997298121452332,0.0,0.0,0.000270197255304,0.0,0.9997298121452332,0.0,0.0,0.000270197255304,0.0,0.9996467232704164,0.0,0.0,0.0003533348790369,0.0,0.9997714161872864,0.0,0.0,0.0002286284434376,0.0,0.9997090697288512,0.0,0.0,0.0002909816685132,0.0,0.9997298121452332,0.0,0.0,0.000270197255304,0.0,0.9998961091041564,0.0,0.0,0.0001039220223901,0.0,0.9999169111251832,0.0,0.0,8.313761645695195e-05,0.0,0.9996882677078248,0.0,0.0,0.0003117660526186,0.0,0.9998961091041564,0.0,0.0,0.0001039220223901,0.0,0.999792218208313,0.0,0.0,0.0002078440447803,0.0,0.9998337626457214,0.0,0.0,0.0001662752329139,0.0,0.9997714161872864,0.0,0.0,0.0002286284434376,0.0,0.9998337626457214,0.0,0.0,0.0001662752329139,0.0,0.9997506141662598,0.0,0.0,0.0002494128420948,0.0,0.999792218208313,0.0,0.0,0.0002078440447803,0.0,0.9996882677078248,0.0,0.0,0.0003117660526186,0.0,0.9997298121452332,0.0,0.0,0.000270197255304,0.0,0.999792218208313,0.0,0.0,0.0002078440447803,0.0,0.9997298121452332,0.0,0.0,0.000270197255304,0.0,0.999792218208313,0.0,0.0,0.0002078440447803,0.0,0.999854564666748,0.0,0.0,0.0001454908342566,0.0,0.999792218208313,0.0,0.0,0.0002078440447803,0.0,0.9997506141662598,0.0,0.0,0.0002494128420948,0.0,0.9998129606246948,0.0,0.0,0.0001870596315711,0.0,0.9997714161872864,0.0,0.0,0.0002286284434376,0.0,0.9147216081619264,0.013780060224235,0.021220875903964,0.0502774752676487,0.0,0.911312997341156,0.0153804589062929,0.0221561752259731,0.0511504188179969,0.0,0.9221624135971068,0.0141126103699207,0.0189761612564325,0.0447488203644752,0.0,0.9782179594039916,0.0041153118945658,0.0056741423904895,0.0119926007464528,0.0,0.9073431491851808,0.0160455591976642,0.0224887244403362,0.0541225895285606,0.0,0.940847635269165,0.0113482847809791,0.0153181059285998,0.0324860252439975,0.0,0.9191694855690002,0.0142581015825271,0.0194334182888269,0.0471390299499034,0.0,0.9606136083602904,0.0066717937588691,0.0094569036737084,0.0232577472925186,0.0,0.936794638633728,0.0115769132971763,0.0161910504102706,0.0354374088346958,0.0,0.849853515625,0.0198906753212213,0.0324236713349819,0.0978321880102157,0.0,0.8990709781646729,0.0175836067646741,0.0233201012015342,0.0600253604352474,0.0,0.9553343653678894,0.0084176836535334,0.0105376932770013,0.0257103070616722,0.0,0.8987176418304443,0.0162534043192863,0.0250867754220962,0.0599422231316566,0.0,0.8984474539756775,0.0159624218940734,0.0231746099889278,0.0624155662953853,0.0,0.9309126734733582,0.0126161333173513,0.0170639958232641,0.039407230913639,0.0,0.9153243899345398,0.0143204545602202,0.0199945960193872,0.0503606125712394,0.0,0.9722528457641602,0.0046972753480076,0.0066094403155148,0.0164404641836881,0.0,0.9306424856185912,0.0116600506007671,0.0160871297121047,0.0416103787720203,0.0,0.8949764370918274,0.0165236014872789,0.0234240237623453,0.065075971186161,0.0,0.8816120624542236,0.0188722386956214,0.0268950182944536,0.0726207047700882,0.0,0.9496809840202332,0.0090412162244319,0.0128863304853439,0.028391495347023,0.0,0.933302879333496,0.011909463442862,0.0168353673070669,0.037952322512865,0.0,0.9247812628746032,0.0132604502141475,0.0186020415276289,0.0433562658727169,0.0,0.9170286655426024,0.0141126103699207,0.0191840045154094,0.0496747270226478,0.0,0.9376260638237,0.0109741650521755,0.0157545786350965,0.0356452539563179,0.0,0.92207932472229,0.013364371843636,0.0176667440682649,0.0468896143138408,0.0,0.9188992977142334,0.0131357433274388,0.0188722386956214,0.0490927621722221,0.0,0.9421778321266174,0.0111612249165773,0.014465944841504,0.0321950428187847,0.0,0.9745391607284546,0.004011389799416,0.0061521837487816,0.0152973216027021,0.0,0.9460021257400513,0.01070396788418293,0.014445160515606403,0.02884875237941742,0.0
45,0.9996259212493896,0.0,0.0,0.0003741192631423,0.0,0.9998337626457214,0.0,0.0,0.0001662752329139,0.0,0.999854564666748,0.0,0.0,0.0001454908342566,0.0,0.9997298121452332,0.0,0.0,0.000270197255304,0.0,0.9997298121452332,0.0,0.0,0.000270197255304,0.0,0.9997298121452332,0.0,0.0,0.000270197255304,0.0,0.9996467232704164,0.0,0.0,0.0003533348790369,0.0,0.9997714161872864,0.0,0.0,0.0002286284434376,0.0,0.9997090697288512,0.0,0.0,0.0002909816685132,0.0,0.9997298121452332,0.0,0.0,0.000270197255304,0.0,0.9998961091041564,0.0,0.0,0.0001039220223901,0.0,0.9999169111251832,0.0,0.0,8.313761645695195e-05,0.0,0.9996882677078248,0.0,0.0,0.0003117660526186,0.0,0.9998961091041564,0.0,0.0,0.0001039220223901,0.0,0.999792218208313,0.0,0.0,0.0002078440447803,0.0,0.9998337626457214,0.0,0.0,0.0001662752329139,0.0,0.9997714161872864,0.0,0.0,0.0002286284434376,0.0,0.9998337626457214,0.0,0.0,0.0001662752329139,0.0,0.9997506141662598,0.0,0.0,0.0002494128420948,0.0,0.999792218208313,0.0,0.0,0.0002078440447803,0.0,0.9996882677078248,0.0,0.0,0.0003117660526186,0.0,0.9997298121452332,0.0,0.0,0.000270197255304,0.0,0.999792218208313,0.0,0.0,0.0002078440447803,0.0,0.9997298121452332,0.0,0.0,0.000270197255304,0.0,0.999792218208313,0.0,0.0,0.0002078440447803,0.0,0.999854564666748,0.0,0.0,0.0001454908342566,0.0,0.999792218208313,0.0,0.0,0.0002078440447803,0.0,0.9997506141662598,0.0,0.0,0.0002494128420948,0.0,0.9998129606246948,0.0,0.0,0.0001870596315711,0.0,0.9997714161872864,0.0,0.0,0.0002286284434376,0.0,0.9122275114059448,0.011909463442862,0.0217612702399492,0.0541018024086952,0.0,0.908278465270996,0.013052606023848,0.0224263723939657,0.0562425963580608,0.0,0.919689118862152,0.0117431879043579,0.0203479323536157,0.0482198186218738,0.0,0.9775736927986144,0.0035541329998522,0.0059235552325844,0.012948683463037,0.0,0.904474914073944,0.0134267248213291,0.0240683406591415,0.0580300576984882,0.0,0.9389770030975342,0.0093529820442199,0.0167314447462558,0.0349385850131511,0.0,0.9169455766677856,0.0113690691068768,0.0209714639931917,0.0507139451801776,0.0,0.9596367478370668,0.0051961010321974,0.0105792619287967,0.0245879497379064,0.0,0.934986412525177,0.0098102390766143,0.0166690926998853,0.0385342836380004,0.0,0.8464864492416382,0.0163573268800973,0.0336291640996933,0.1035271137952804,0.0,0.8963066339492798,0.014091826044023,0.0250244233757257,0.0645771399140358,0.0,0.9542951583862304,0.0064015965908765,0.0117016192525625,0.0276016891002655,0.0,0.8963897824287415,0.0128655461594462,0.0263338405638933,0.0644108653068542,0.0,0.8960779905319214,0.0125745646655559,0.0250244233757257,0.0663230344653129,0.0,0.9288342595100404,0.010558477602899,0.0182279217988252,0.0423794016242027,0.0,0.912747085094452,0.0115769132971763,0.0215118583291769,0.0541641563177108,0.0,0.9715669751167296,0.0038658990524709,0.0070043443702161,0.0175628215074539,0.0,0.9286887645721436,0.0094569036737084,0.0172926243394613,0.0445617623627185,0.0,0.892544686794281,0.0132604502141475,0.0248373635113239,0.0693575590848922,0.0,0.8787230253219604,0.0149439861997962,0.0283499266952276,0.0779830813407898,0.0,0.9480597972869872,0.0077317981049418,0.0134475091472268,0.0307609178125858,0.0,0.9316193461418152,0.0095192566514015,0.0179161559790372,0.0409452766180038,0.0,0.9229106903076172,0.0102051421999931,0.0199530273675918,0.0469311848282814,0.0,0.9150334000587464,0.0112235778942704,0.0207012668251991,0.0530418008565902,0.0,0.9361503720283508,0.0079812109470367,0.0178953725844621,0.0379731059074401,0.0,0.9203749895095824,0.0104961236938834,0.0186436101794242,0.0504853166639804,0.0,0.9168416261672974,0.0112651474773883,0.0197243988513946,0.0521688535809516,0.0,0.9402241110801696,0.0092698438093066,0.015546734444797,0.0349593684077262,0.0,0.9740195274353028,0.0031384450849145,0.0065678716637194,0.0162741877138614,0.0,0.9442355036735535,0.00883337203413248,0.01546359620988369,0.031467586755752563,0.0
46,0.9996259212493896,0.0,0.0,0.0003741192631423,0.0,0.9998337626457214,0.0,0.0,0.0001662752329139,0.0,0.999854564666748,0.0,0.0,0.0001454908342566,0.0,0.9997298121452332,0.0,0.0,0.000270197255304,0.0,0.9997298121452332,0.0,0.0,0.000270197255304,0.0,0.9997298121452332,0.0,0.0,0.000270197255304,0.0,0.9996467232704164,0.0,0.0,0.0003533348790369,0.0,0.9997714161872864,0.0,0.0,0.0002286284434376,0.0,0.9997090697288512,0.0,0.0,0.0002909816685132,0.0,0.9997298121452332,0.0,0.0,0.000270197255304,0.0,0.9998961091041564,0.0,0.0,0.0001039220223901,0.0,0.9999169111251832,0.0,0.0,8.313761645695195e-05,0.0,0.9996882677078248,0.0,0.0,0.0003117660526186,0.0,0.9998961091041564,0.0,0.0,0.0001039220223901,0.0,0.999792218208313,0.0,0.0,0.0002078440447803,0.0,0.9998337626457214,0.0,0.0,0.0001662752329139,0.0,0.9997714161872864,0.0,0.0,0.0002286284434376,0.0,0.9998337626457214,0.0,0.0,0.0001662752329139,0.0,0.9997506141662598,0.0,0.0,0.0002494128420948,0.0,0.999792218208313,0.0,0.0,0.0002078440447803,0.0,0.9996882677078248,0.0,0.0,0.0003117660526186,0.0,0.9997298121452332,0.0,0.0,0.000270197255304,0.0,0.999792218208313,0.0,0.0,0.0002078440447803,0.0,0.9997298121452332,0.0,0.0,0.000270197255304,0.0,0.999792218208313,0.0,0.0,0.0002078440447803,0.0,0.999854564666748,0.0,0.0,0.0001454908342566,0.0,0.999792218208313,0.0,0.0,0.0002078440447803,0.0,0.9997506141662598,0.0,0.0,0.0002494128420948,0.0,0.9998129606246948,0.0,0.0,0.0001870596315711,0.0,0.9997714161872864,0.0,0.0,0.0002286284434376,0.0,0.9096710085868835,0.0116392662748694,0.0207844041287899,0.0579053498804569,0.0,0.904994547367096,0.013364371843636,0.0218236241489648,0.0598175153136253,0.0,0.9172157645225524,0.0117639731615781,0.0197243988513946,0.0512959100306034,0.0,0.9764305353164672,0.0038658990524709,0.0056533580645918,0.0140502573922276,0.0,0.9010870456695556,0.0138216288760304,0.0231122579425573,0.061979092657566,0.0,0.9372311234474182,0.0092490594834089,0.0156298726797103,0.0378899686038494,0.0,0.9135785102844238,0.011909463442862,0.0204310696572065,0.0540810190141201,0.0,0.958535134792328,0.0051337475888431,0.0103506334125995,0.0259805042296648,0.0,0.9328248500823976,0.009831023402512,0.0157130099833011,0.0416311621665954,0.0,0.8427452445030212,0.0159832071512937,0.0319664143025875,0.1093051806092262,0.0,0.8927109241485596,0.0144867300987243,0.0234863758087158,0.0693159848451614,0.0,0.9527986645698548,0.0063600274734199,0.0114314220845699,0.0294099319726228,0.0,0.8934175968170166,0.0125953489914536,0.0252114813774824,0.0687755942344665,0.0,0.8930227160453796,0.0123667204752564,0.0241514779627323,0.0704591274261474,0.0,0.9264232516288756,0.0102259265258908,0.0181655697524547,0.0451852940022945,0.0,0.9094631671905518,0.0123459361493587,0.0202440097928047,0.0579469203948974,0.0,0.9705693125724792,0.0037204083055257,0.0069419909268617,0.0187683161348104,0.0,0.9269012808799744,0.009103569202125,0.0169392898678779,0.0470558926463127,0.0,0.889842689037323,0.0124498577788472,0.0239436328411102,0.0737638473510742,0.0,0.8754391074180603,0.014403591863811,0.0271236468106508,0.0830336958169937,0.0,0.9462100267410278,0.0075239543803036,0.0131565276533365,0.0331095568835735,0.0,0.9296032786369324,0.0088749406859278,0.0181863531470298,0.0433354824781417,0.0,0.9209777116775512,0.0093529820442199,0.0197036154568195,0.0499657057225704,0.0,0.9123522043228148,0.0105169080197811,0.0204518530517816,0.0566790699958801,0.0,0.9336146712303162,0.008687880821526,0.0172302704304456,0.0404672361910343,0.0,0.9181302785873412,0.0102467108517885,0.0182071384042501,0.0534159168601036,0.0,0.9146800637245178,0.0109741650521755,0.0182487070560455,0.0560971051454544,0.0,0.9381664395332336,0.008791803382337,0.0154843814671039,0.0375574193894863,0.0,0.9730426669120787,0.0031176605261862,0.0064015965908765,0.0174381155520677,0.0,0.9420323371887207,0.008729449473321438,0.01515183039009571,0.03408642113208771,0.0
47,0.9996259212493896,0.0,0.0,0.0003741192631423,0.0,0.9998337626457214,0.0,0.0,0.0001662752329139,0.0,0.999854564666748,0.0,0.0,0.0001454908342566,0.0,0.9997298121452332,0.0,0.0,0.000270197255304,0.0,0.9997298121452332,0.0,0.0,0.000270197255304,0.0,0.9997298121452332,0.0,0.0,0.000270197255304,0.0,0.9996467232704164,0.0,0.0,0.0003533348790369,0.0,0.9997714161872864,0.0,0.0,0.0002286284434376,0.0,0.9997090697288512,0.0,0.0,0.0002909816685132,0.0,0.9997298121452332,0.0,0.0,0.000270197255304,0.0,0.9998961091041564,0.0,0.0,0.0001039220223901,0.0,0.9999169111251832,0.0,0.0,8.313761645695195e-05,0.0,0.9996882677078248,0.0,0.0,0.0003117660526186,0.0,0.9998961091041564,0.0,0.0,0.0001039220223901,0.0,0.999792218208313,0.0,0.0,0.0002078440447803,0.0,0.9998337626457214,0.0,0.0,0.0001662752329139,0.0,0.9997714161872864,0.0,0.0,0.0002286284434376,0.0,0.9998337626457214,0.0,0.0,0.0001662752329139,0.0,0.9997506141662598,0.0,0.0,0.0002494128420948,0.0,0.999792218208313,0.0,0.0,0.0002078440447803,0.0,0.9996882677078248,0.0,0.0,0.0003117660526186,0.0,0.9997298121452332,0.0,0.0,0.000270197255304,0.0,0.999792218208313,0.0,0.0,0.0002078440447803,0.0,0.9997298121452332,0.0,0.0,0.000270197255304,0.0,0.999792218208313,0.0,0.0,0.0002078440447803,0.0,0.999854564666748,0.0,0.0,0.0001454908342566,0.0,0.999792218208313,0.0,0.0,0.0002078440447803,0.0,0.9997506141662598,0.0,0.0,0.0002494128420948,0.0,0.9998129606246948,0.0,0.0,0.0001870596315711,0.0,0.9997714161872864,0.0,0.0,0.0002286284434376,0.0,0.90653258562088,0.0118886791169643,0.0192255731672048,0.0623532123863697,0.0,0.9019392132759094,0.0131357433274388,0.020597344264388,0.0643277317285537,0.0,0.9141188859939576,0.0118055418133735,0.0186851788312196,0.0553904362022876,0.0,0.9753497242927552,0.0039490368217229,0.0056741423904895,0.0150271244347095,0.0,0.8976991772651672,0.0134059404954314,0.0222185272723436,0.0666763707995414,0.0,0.93415504693985,0.009831023402512,0.0152557529509067,0.0407582148909568,0.0,0.9097957015037536,0.0128447618335485,0.0197867527604103,0.0575728006660938,0.0,0.9568100571632384,0.0054455138742923,0.0102051421999931,0.0275393351912498,0.0,0.9301644563674928,0.0097894547507166,0.0154012432321906,0.0446448996663093,0.0,0.8378401398658752,0.0166690926998853,0.0298256203532218,0.1156652122735977,0.0,0.8893438577651978,0.0140086887404322,0.0232785325497388,0.0733689442276954,0.0,0.950720191001892,0.0066717937588691,0.0111196562647819,0.0314883738756179,0.0,0.889198362827301,0.0133435875177383,0.0230706892907619,0.0743873789906501,0.0,0.8890528678894043,0.0128655461594462,0.0232785325497388,0.0748030692338943,0.0,0.9233055710792542,0.010558477602899,0.0171887017786502,0.0489472709596157,0.0,0.9060752987861632,0.0124914264306426,0.0200361646711826,0.0613971315324306,0.0,0.9697794914245604,0.0034086422529071,0.0067341467365622,0.0200777351856231,0.0,0.9242616891860962,0.0092490594834089,0.0162118356674909,0.0502774752676487,0.0,0.8862469792366028,0.0126992706209421,0.0230499040335416,0.0780038684606552,0.0,0.8712822198867798,0.0146737890318036,0.026313055306673,0.0877309665083885,0.0,0.9444433450698853,0.0072745415382087,0.0126992706209421,0.0355829000473022,0.0,0.9266102910041808,0.0094569036737084,0.0167522300034761,0.0471805967390537,0.0,0.9184836149215698,0.0090412162244319,0.0188930239528417,0.0535821951925754,0.0,0.908922791481018,0.0109949493780732,0.0196828301995992,0.060399480164051,0.0,0.930725634098053,0.0095400419086217,0.0161079131066799,0.0436264649033546,0.0,0.9148463606834412,0.0106416149064898,0.0178745873272418,0.0566374994814395,0.0,0.9118118286132812,0.0105792619287967,0.0178122334182262,0.0597967319190502,0.0,0.9352982044219972,0.0093114133924245,0.0156298726797103,0.0397605635225772,0.0,0.9720242023468018,0.0034502111375331,0.0059443395584821,0.0185812581330537,0.0,0.9397876262664795,0.008854156360030174,0.014486730098724365,0.0368715338408947,0.0
48,0.9996259212493896,0.0,0.0,0.0003741192631423,0.0,0.9998337626457214,0.0,0.0,0.0001662752329139,0.0,0.999854564666748,0.0,0.0,0.0001454908342566,0.0,0.9997298121452332,0.0,0.0,0.000270197255304,0.0,0.9997298121452332,0.0,0.0,0.000270197255304,0.0,0.9997298121452332,0.0,0.0,0.000270197255304,0.0,0.9996467232704164,0.0,0.0,0.0003533348790369,0.0,0.9997714161872864,0.0,0.0,0.0002286284434376,0.0,0.9997090697288512,0.0,0.0,0.0002909816685132,0.0,0.9997298121452332,0.0,0.0,0.000270197255304,0.0,0.9998961091041564,0.0,0.0,0.0001039220223901,0.0,0.9999169111251832,0.0,0.0,8.313761645695195e-05,0.0,0.9996882677078248,0.0,0.0,0.0003117660526186,0.0,0.9998961091041564,0.0,0.0,0.0001039220223901,0.0,0.999792218208313,0.0,0.0,0.0002078440447803,0.0,0.9998337626457214,0.0,0.0,0.0001662752329139,0.0,0.9997714161872864,0.0,0.0,0.0002286284434376,0.0,0.9998337626457214,0.0,0.0,0.0001662752329139,0.0,0.9997506141662598,0.0,0.0,0.0002494128420948,0.0,0.999792218208313,0.0,0.0,0.0002078440447803,0.0,0.9996882677078248,0.0,0.0,0.0003117660526186,0.0,0.9997298121452332,0.0,0.0,0.000270197255304,0.0,0.999792218208313,0.0,0.0,0.0002078440447803,0.0,0.9997298121452332,0.0,0.0,0.000270197255304,0.0,0.999792218208313,0.0,0.0,0.0002078440447803,0.0,0.999854564666748,0.0,0.0,0.0001454908342566,0.0,0.999792218208313,0.0,0.0,0.0002078440447803,0.0,0.9997506141662598,0.0,0.0,0.0002494128420948,0.0,0.9998129606246948,0.0,0.0,0.0001870596315711,0.0,0.9997714161872864,0.0,0.0,0.0002286284434376,0.0,0.9036227464675904,0.0110988719388842,0.0190177299082279,0.0662606805562973,0.0,0.8987591862678528,0.0125537803396582,0.0203479323536157,0.0683391243219375,0.0,0.9113753437995912,0.0107871061190962,0.0187059640884399,0.0591316297650337,0.0,0.9744144082069396,0.0038035458419471,0.00546629820019,0.0163157563656568,0.0,0.8940827250480652,0.0132604502141475,0.021636564284563,0.0710203051567077,0.0,0.9317440390586852,0.009103569202125,0.0155051657930016,0.0436472482979297,0.0,0.9065741300582886,0.0125953489914536,0.0195373389869928,0.0612932071089744,0.0,0.9554382562637328,0.0051753167062997,0.0096439635381102,0.0297424830496311,0.0,0.9279197454452516,0.0088749406859278,0.0156298726797103,0.0475754998624324,0.0,0.8342859745025635,0.0155675187706947,0.0275185517966747,0.1226279810070991,0.0,0.8855403065681458,0.0135306473821401,0.0229459814727306,0.0779830813407898,0.0,0.948849618434906,0.0064847338944673,0.0104961236938834,0.0341695621609687,0.0,0.8858520984649658,0.0128655461594462,0.0222808811813592,0.0790015235543251,0.0,0.8853532671928406,0.0130941746756434,0.0218236241489648,0.0797289758920669,0.0,0.920354187488556,0.010558477602899,0.0166690926998853,0.052418265491724,0.0,0.9028121829032898,0.0125122116878628,0.0191008672118186,0.0655747950077056,0.0,0.9684700965881348,0.0037827615160495,0.0062768901698291,0.0214702896773815,0.0,0.921372652053833,0.0092698438093066,0.0159208532422781,0.053436703979969,0.0,0.8832124471664429,0.0117639731615781,0.0220106840133667,0.0830129086971283,0.0,0.8674163222312927,0.0141957476735115,0.025169912725687,0.0932180508971214,0.0,0.9420531392097472,0.0076278764754533,0.0120549546554684,0.038264088332653,0.0,0.9237836003303528,0.0095192566514015,0.016232619062066,0.0504645332694053,0.0,0.916218101978302,0.0085631748661398,0.0176459588110446,0.0575728006660938,0.0,0.90622079372406,0.0108078904449939,0.0189345926046371,0.0640367493033409,0.0,0.9282106757164,0.009415335021913,0.015234968625009,0.0471390299499034,0.0,0.9119780659675598,0.0101012205705046,0.0172510556876659,0.0606696754693985,0.0,0.9088188409805298,0.0100804362446069,0.0171471331268548,0.0639536082744598,0.0,0.932991087436676,0.0091867065057158,0.0147777115926146,0.0430445000529289,0.0,0.9711304903030396,0.0034086422529071,0.0055494359694421,0.0199114587157964,0.0,0.9378962516784668,0.00810591783374548,0.014174963347613811,0.03982291743159294,0.0
49,0.9996259212493896,0.0,0.0,0.0003741192631423,0.0,0.9998337626457214,0.0,0.0,0.0001662752329139,0.0,0.999854564666748,0.0,0.0,0.0001454908342566,0.0,0.9997298121452332,0.0,0.0,0.000270197255304,0.0,0.9997298121452332,0.0,0.0,0.000270197255304,0.0,0.9997298121452332,0.0,0.0,0.000270197255304,0.0,0.9996467232704164,0.0,0.0,0.0003533348790369,0.0,0.9997714161872864,0.0,0.0,0.0002286284434376,0.0,0.9997090697288512,0.0,0.0,0.0002909816685132,0.0,0.9997298121452332,0.0,0.0,0.000270197255304,0.0,0.9998961091041564,0.0,0.0,0.0001039220223901,0.0,0.9999169111251832,0.0,0.0,8.313761645695195e-05,0.0,0.9996882677078248,0.0,0.0,0.0003117660526186,0.0,0.9998961091041564,0.0,0.0,0.0001039220223901,0.0,0.999792218208313,0.0,0.0,0.0002078440447803,0.0,0.9998337626457214,0.0,0.0,0.0001662752329139,0.0,0.9997714161872864,0.0,0.0,0.0002286284434376,0.0,0.9998337626457214,0.0,0.0,0.0001662752329139,0.0,0.9997506141662598,0.0,0.0,0.0002494128420948,0.0,0.999792218208313,0.0,0.0,0.0002078440447803,0.0,0.9996882677078248,0.0,0.0,0.0003117660526186,0.0,0.9997298121452332,0.0,0.0,0.000270197255304,0.0,0.999792218208313,0.0,0.0,0.0002078440447803,0.0,0.9997298121452332,0.0,0.0,0.000270197255304,0.0,0.999792218208313,0.0,0.0,0.0002078440447803,0.0,0.999854564666748,0.0,0.0,0.0001454908342566,0.0,0.999792218208313,0.0,0.0,0.0002078440447803,0.0,0.9997506141662598,0.0,0.0,0.0002494128420948,0.0,0.9998129606246948,0.0,0.0,0.0001870596315711,0.0,0.9997714161872864,0.0,0.0,0.0002286284434376,0.0,0.8992372155189514,0.0129902521148324,0.0162741877138614,0.0714983493089675,0.0,0.8950803875923157,0.0131980963051319,0.018414981663227,0.0733065903186798,0.0,0.9076133370399476,0.0120757389813661,0.0165859553962945,0.0637249797582626,0.0,0.9734583497047424,0.0041153118945658,0.0047596283257007,0.0176667440682649,0.0,0.8904454708099365,0.0140294730663299,0.0189138073474168,0.0766113102436065,0.0,0.9288342595100404,0.0101427892223,0.0132188806310296,0.0478041283786296,0.0,0.9035188555717468,0.0134267248213291,0.0164820328354835,0.0665724501013755,0.0,0.9536508321762084,0.0059859082102775,0.007648660801351,0.0327146537601947,0.0,0.9248852133750916,0.0101012205705046,0.0133851561695337,0.0516284592449665,0.0,0.8298797011375427,0.0166067387908697,0.0232577472925186,0.1302558630704879,0.0,0.8816744089126587,0.0146322203800082,0.0203479323536157,0.0833454579114914,0.0,0.9465633034706116,0.0077317981049418,0.0094569036737084,0.0362480022013187,0.0,0.8816328644752502,0.0147569272667169,0.0185812581330537,0.0850289985537529,0.0,0.8818822503089905,0.0141957476735115,0.0183318443596363,0.0855901762843132,0.0,0.9172157645225524,0.0116184819489717,0.0146945733577013,0.056471224874258,0.0,0.899195671081543,0.0135514317080378,0.0168977212160825,0.0703552067279815,0.0,0.9670982956886292,0.0044686468318104,0.0053831608965992,0.0230499040335416,0.0,0.9180679321289062,0.0106208305805921,0.0136137846857309,0.0576975047588348,0.0,0.8794713020324707,0.0130733903497457,0.0189553759992122,0.0884999930858612,0.0,0.8632178902626038,0.0155051657930016,0.0217612702399492,0.0995157286524772,0.0,0.9397876262664796,0.008272192440927,0.0106623992323875,0.0412778258323669,0.0,0.9209153652191162,0.0107039678841829,0.0135930003598332,0.0547876879572868,0.0,0.9127055406570436,0.0102051421999931,0.015131046064198,0.0619583092629909,0.0,0.9027498364448548,0.0122835831716656,0.0161079131066799,0.068858727812767,0.0,0.9257581233978271,0.0103922020643949,0.0124498577788472,0.0513998307287693,0.0,0.9081953167915344,0.0121796606108546,0.0150686930865049,0.0645563602447509,0.0,0.905327081680298,0.0115145603194832,0.015193399041891,0.0679650008678436,0.0,0.929707169532776,0.0105169080197811,0.0131149590015411,0.0466609857976436,0.0,0.9700496792793274,0.0039698211476206,0.0045310002751648,0.0214495044201612,0.0,0.934342086315155,0.009893376380205154,0.012470642104744911,0.04329391196370125,0.0
50,0.9996259212493896,0.0,0.0,0.0003741192631423,0.0,0.9998337626457214,0.0,0.0,0.0001662752329139,0.0,0.999854564666748,0.0,0.0,0.0001454908342566,0.0,0.9997298121452332,0.0,0.0,0.000270197255304,0.0,0.9997298121452332,0.0,0.0,0.000270197255304,0.0,0.9997298121452332,0.0,0.0,0.000270197255304,0.0,0.9996467232704164,0.0,0.0,0.0003533348790369,0.0,0.9997714161872864,0.0,0.0,0.0002286284434376,0.0,0.9997090697288512,0.0,0.0,0.0002909816685132,0.0,0.9997298121452332,0.0,0.0,0.000270197255304,0.0,0.9998961091041564,0.0,0.0,0.0001039220223901,0.0,0.9999169111251832,0.0,0.0,8.313761645695195e-05,0.0,0.9996882677078248,0.0,0.0,0.0003117660526186,0.0,0.9998961091041564,0.0,0.0,0.0001039220223901,0.0,0.999792218208313,0.0,0.0,0.0002078440447803,0.0,0.9998337626457214,0.0,0.0,0.0001662752329139,0.0,0.9997714161872864,0.0,0.0,0.0002286284434376,0.0,0.9998337626457214,0.0,0.0,0.0001662752329139,0.0,0.9997506141662598,0.0,0.0,0.0002494128420948,0.0,0.999792218208313,0.0,0.0,0.0002078440447803,0.0,0.9996882677078248,0.0,0.0,0.0003117660526186,0.0,0.9997298121452332,0.0,0.0,0.000270197255304,0.0,0.999792218208313,0.0,0.0,0.0002078440447803,0.0,0.9997298121452332,0.0,0.0,0.000270197255304,0.0,0.999792218208313,0.0,0.0,0.0002078440447803,0.0,0.999854564666748,0.0,0.0,0.0001454908342566,0.0,0.999792218208313,0.0,0.0,0.0002078440447803,0.0,0.9997506141662598,0.0,0.0,0.0002494128420948,0.0,0.9998129606246948,0.0,0.0,0.0001870596315711,0.0,0.9997714161872864,0.0,0.0,0.0002286284434376,0.0,0.8958078026771545,0.0138631975278258,0.014465944841504,0.0758630782365799,0.0,0.8920873999595642,0.0129071148112416,0.0163365416228771,0.0786689668893814,0.0,0.9046619534492492,0.0125537803396582,0.0142165319994091,0.0685677528381347,0.0,0.9723359942436218,0.0040945275686681,0.0046972753480076,0.0188722386956214,0.0,0.8869121074676514,0.0141749633476138,0.0168145820498466,0.0820983946323394,0.0,0.9261530637741088,0.0110780876129865,0.0110988719388842,0.051670029759407,0.0,0.9000270366668701,0.0135514317080378,0.0147361429408192,0.0716854110360145,0.0,0.9517802000045776,0.0067549315281212,0.0062976744957268,0.0351672135293483,0.0,0.9223079085350036,0.0105169080197811,0.0119718164205551,0.055203378200531,0.0,0.8265126347541809,0.016232619062066,0.0200985185801982,0.1371562778949737,0.0,0.877787709236145,0.0149232018738985,0.01768752746284,0.0896015688776969,0.0,0.9447550773620604,0.0080435648560523,0.0078980736434459,0.0393033064901828,0.0,0.8780786991119385,0.0153388902544975,0.0158377159386873,0.090744711458683,0.0,0.8790140151977539,0.0140086887404322,0.0156298726797103,0.0913474559783935,0.0,0.9140357375144958,0.0123875048011541,0.0129694677889347,0.0606073215603828,0.0,0.8960156440734863,0.0134475091472268,0.0148608488962054,0.0756760165095329,0.0,0.96568500995636,0.0048843347467482,0.0048635504208505,0.0245671663433313,0.0,0.9155322313308716,0.0113690691068768,0.0112443622201681,0.0618543848395347,0.0,0.8760210871696472,0.0138216288760304,0.0159624218940734,0.0941949188709259,0.0,0.8590402007102966,0.0163988955318927,0.0182279217988252,0.1063330098986625,0.0,0.9373558163642884,0.0088541563600301,0.0095816105604171,0.04420842602849,0.0,0.9184628129005432,0.0111404405906796,0.0115353446453809,0.0588614307343959,0.0,0.9101698398590088,0.0108078904449939,0.0121380919590592,0.0668842121958732,0.0,0.8993827104568481,0.0129694677889347,0.0139047661796212,0.0737430676817894,0.0,0.9232640266418456,0.0103506334125995,0.0105169080197811,0.0558684766292572,0.0,0.9054933786392212,0.012636917643249,0.0127408392727375,0.069128930568695,0.0,0.9022510051727296,0.0124290734529495,0.0134267248213291,0.0718932524323463,0.0,0.9270259737968444,0.0111404405906796,0.0113275004550814,0.0505061037838459,0.0,0.9690104722976683,0.004032174590975,0.0041153118945658,0.0228420607745647,0.0,0.9317648410797119,0.010267495177686214,0.011036518961191177,0.0469311848282814,0.0
51,0.9996259212493896,0.0,0.0,0.0003741192631423,0.0,0.9998337626457214,0.0,0.0,0.0001662752329139,0.0,0.999854564666748,0.0,0.0,0.0001454908342566,0.0,0.9997298121452332,0.0,0.0,0.000270197255304,0.0,0.9997298121452332,0.0,0.0,0.000270197255304,0.0,0.9997298121452332,0.0,0.0,0.000270197255304,0.0,0.9996467232704164,0.0,0.0,0.0003533348790369,0.0,0.9997714161872864,0.0,0.0,0.0002286284434376,0.0,0.9997090697288512,0.0,0.0,0.0002909816685132,0.0,0.9997298121452332,0.0,0.0,0.000270197255304,0.0,0.9998961091041564,0.0,0.0,0.0001039220223901,0.0,0.9999169111251832,0.0,0.0,8.313761645695195e-05,0.0,0.9996882677078248,0.0,0.0,0.0003117660526186,0.0,0.9998961091041564,0.0,0.0,0.0001039220223901,0.0,0.999792218208313,0.0,0.0,0.0002078440447803,0.0,0.9998337626457214,0.0,0.0,0.0001662752329139,0.0,0.9997714161872864,0.0,0.0,0.0002286284434376,0.0,0.9998337626457214,0.0,0.0,0.0001662752329139,0.0,0.9997506141662598,0.0,0.0,0.0002494128420948,0.0,0.999792218208313,0.0,0.0,0.0002078440447803,0.0,0.9996882677078248,0.0,0.0,0.0003117660526186,0.0,0.9997298121452332,0.0,0.0,0.000270197255304,0.0,0.999792218208313,0.0,0.0,0.0002078440447803,0.0,0.9997298121452332,0.0,0.0,0.000270197255304,0.0,0.999792218208313,0.0,0.0,0.0002078440447803,0.0,0.999854564666748,0.0,0.0,0.0001454908342566,0.0,0.999792218208313,0.0,0.0,0.0002078440447803,0.0,0.9997506141662598,0.0,0.0,0.0002494128420948,0.0,0.9998129606246948,0.0,0.0,0.0001870596315711,0.0,0.9997714161872864,0.0,0.0,0.0002286284434376,0.0,0.8930227160453796,0.0135098630562424,0.0147777115926146,0.0786897540092468,0.0,0.8890321254730225,0.0129071148112416,0.0164196789264678,0.081641137599945,0.0,0.9025835394859314,0.0115353446453809,0.0148608488962054,0.0710203051567077,0.0,0.9714422821998596,0.0039074681699275,0.0049466881901025,0.0197036154568195,0.0,0.8832124471664429,0.0144867300987243,0.0172094870358705,0.0850913524627685,0.0,0.9239706993103028,0.0101843578740954,0.012325151823461,0.0535198412835598,0.0,0.8973874449729919,0.0124082891270518,0.0156922247260808,0.0745120868086814,0.0,0.9501590132713318,0.0066510094329714,0.0068588531576097,0.0363311395049095,0.0,0.9202086925506592,0.0099557293578982,0.0124914264306426,0.0573441721498966,0.0,0.8227506279945374,0.0150894774124026,0.0208883266896009,0.1412715911865234,0.0,0.8745661377906799,0.0147777115926146,0.0178538039326667,0.0928023606538772,0.0,0.9433209896087646,0.0073992479592561,0.0084384679794311,0.0408413559198379,0.0,0.8746908903121948,0.014507514424622,0.0168145820498466,0.0939870774745941,0.0,0.8757300972938538,0.0133228031918406,0.0163365416228771,0.09461060911417,0.0,0.9116039872169496,0.0117016192525625,0.0133435875177383,0.0633508637547493,0.0,0.893001914024353,0.0130733903497457,0.0157337933778762,0.0781909301877021,0.0,0.9645418524742126,0.0052376696839928,0.0045102154836058,0.0257103070616722,0.0,0.9134745597839355,0.0107871061190962,0.0117431879043579,0.0639951825141906,0.0,0.8733606338500977,0.0128863304853439,0.0160455591976642,0.0977074801921844,0.0,0.8561511635780334,0.015131046064198,0.0185604728758335,0.1101573407649993,0.0,0.9358177781105042,0.0086255278438329,0.0092906290665268,0.0462660826742649,0.0,0.9159687161445618,0.0106416149064898,0.0118678947910666,0.0615218356251716,0.0,0.9077796339988708,0.0107039678841829,0.0118471104651689,0.0696693211793899,0.0,0.8969301581382751,0.0119926007464528,0.0139463348314166,0.0771309211850166,0.0,0.9211855530738832,0.0095400419086217,0.0115769132971763,0.0576975047588348,0.0,0.9025003910064696,0.0123459361493587,0.0135306473821401,0.0716230571269989,0.0,0.8996945023536682,0.0121173076331615,0.0138424132019281,0.0743458122014999,0.0,0.9246565699577332,0.0106416149064898,0.0116600506007671,0.0530418008565902,0.0,0.9680544137954712,0.0039698211476206,0.0041360962204635,0.0238397121429443,0.0,0.9297695159912109,0.010018082335591316,0.010974165052175522,0.04923825338482857,0.0
52,0.9996259212493896,0.0,0.0,0.0003741192631423,0.0,0.9998337626457214,0.0,0.0,0.0001662752329139,0.0,0.999854564666748,0.0,0.0,0.0001454908342566,0.0,0.9997298121452332,0.0,0.0,0.000270197255304,0.0,0.9997298121452332,0.0,0.0,0.000270197255304,0.0,0.9997298121452332,0.0,0.0,0.000270197255304,0.0,0.9996467232704164,0.0,0.0,0.0003533348790369,0.0,0.9997714161872864,0.0,0.0,0.0002286284434376,0.0,0.9997090697288512,0.0,0.0,0.0002909816685132,0.0,0.9997298121452332,0.0,0.0,0.000270197255304,0.0,0.9998961091041564,0.0,0.0,0.0001039220223901,0.0,0.9999169111251832,0.0,0.0,8.313761645695195e-05,0.0,0.9996882677078248,0.0,0.0,0.0003117660526186,0.0,0.9998961091041564,0.0,0.0,0.0001039220223901,0.0,0.999792218208313,0.0,0.0,0.0002078440447803,0.0,0.9998337626457214,0.0,0.0,0.0001662752329139,0.0,0.9997714161872864,0.0,0.0,0.0002286284434376,0.0,0.9998337626457214,0.0,0.0,0.0001662752329139,0.0,0.9997506141662598,0.0,0.0,0.0002494128420948,0.0,0.999792218208313,0.0,0.0,0.0002078440447803,0.0,0.9996882677078248,0.0,0.0,0.0003117660526186,0.0,0.9997298121452332,0.0,0.0,0.000270197255304,0.0,0.999792218208313,0.0,0.0,0.0002078440447803,0.0,0.9997298121452332,0.0,0.0,0.000270197255304,0.0,0.999792218208313,0.0,0.0,0.0002078440447803,0.0,0.999854564666748,0.0,0.0,0.0001454908342566,0.0,0.999792218208313,0.0,0.0,0.0002078440447803,0.0,0.9997506141662598,0.0,0.0,0.0002494128420948,0.0,0.9998129606246948,0.0,0.0,0.0001870596315711,0.0,0.9997714161872864,0.0,0.0,0.0002286284434376,0.0,0.8904038667678833,0.0132188806310296,0.0147984959185123,0.0815787836909294,0.0,0.886101484298706,0.0126577019691467,0.0163157563656568,0.084925077855587,0.0,0.8994658589363098,0.011909463442862,0.0145490830764174,0.0740756168961525,0.0,0.970382273197174,0.004032174590975,0.0048843347467482,0.0207012668251991,0.0,0.879783034324646,0.0142996702343225,0.0170224271714687,0.0888948962092399,0.0,0.9214973449707032,0.0102467108517885,0.0122420135885477,0.0560139678418636,0.0,0.8941658735275269,0.0124082891270518,0.0160663444548845,0.0773595497012138,0.0,0.9487041234970092,0.0067341467365622,0.0068172845058143,0.0377444773912429,0.0,0.9172365665435792,0.0106831835582852,0.0120341703295707,0.0600461438298225,0.0,0.8194459080696106,0.0148400645703077,0.0202232245355844,0.145490825176239,0.0,0.8709912300109863,0.0145490830764174,0.0178122334182262,0.0966474786400795,0.0,0.9409307837486268,0.0079188579693436,0.0085423905402421,0.0426080301403999,0.0,0.8712614178657532,0.0145906517282128,0.0166898760944604,0.0974580720067024,0.0,0.8727787137031555,0.0125745646655559,0.0165651701390743,0.0980816036462783,0.0,0.9091098308563232,0.0112443622201681,0.0135098630562424,0.0661359727382659,0.0,0.8901544809341431,0.0126577019691467,0.0157545786350965,0.0814332962036132,0.0,0.9635649919509888,0.0049051195383071,0.0047180596739053,0.0268118809908628,0.0,0.9109180569648744,0.010454555042088,0.0121380919590592,0.0664893090724945,0.0,0.8711159229278564,0.0120965233072638,0.0157337933778762,0.101053774356842,0.0,0.8529087901115417,0.014507514424622,0.0185396876186132,0.1140440255403518,0.0,0.9340510964393616,0.0080019952729344,0.0096647478640079,0.0482821725308895,0.0,0.9131420254707336,0.0106416149064898,0.0122835831716656,0.063932828605175,0.0,0.9053478837013244,0.010870243422687,0.0113067161291837,0.072475217282772,0.0,0.8942489624023438,0.0119718164205551,0.0136969219893217,0.0800823122262954,0.0,0.9191486835479736,0.0090620005503296,0.0120549546554684,0.0597343780100345,0.0,0.8995282053947449,0.0124498577788472,0.0135098630562424,0.0745120868086814,0.0,0.8970341086387634,0.0117847574874758,0.0135722160339355,0.0776089653372764,0.0,0.92176753282547,0.0112235778942704,0.0116184819489717,0.0553904362022876,0.0,0.9668073654174804,0.0043231560848653,0.004343940410763,0.0245255976915359,0.0,0.9277119040489197,0.01018435787409544,0.010745536535978317,0.051358263939619064,0.0
53,0.9996259212493896,0.0,0.0,0.0003741192631423,0.0,0.9998337626457214,0.0,0.0,0.0001662752329139,0.0,0.999854564666748,0.0,0.0,0.0001454908342566,0.0,0.9997298121452332,0.0,0.0,0.000270197255304,0.0,0.9997298121452332,0.0,0.0,0.000270197255304,0.0,0.9997298121452332,0.0,0.0,0.000270197255304,0.0,0.9996467232704164,0.0,0.0,0.0003533348790369,0.0,0.9997714161872864,0.0,0.0,0.0002286284434376,0.0,0.9997090697288512,0.0,0.0,0.0002909816685132,0.0,0.9997298121452332,0.0,0.0,0.000270197255304,0.0,0.9998961091041564,0.0,0.0,0.0001039220223901,0.0,0.9999169111251832,0.0,0.0,8.313761645695195e-05,0.0,0.9996882677078248,0.0,0.0,0.0003117660526186,0.0,0.9998961091041564,0.0,0.0,0.0001039220223901,0.0,0.999792218208313,0.0,0.0,0.0002078440447803,0.0,0.9998337626457214,0.0,0.0,0.0001662752329139,0.0,0.9997714161872864,0.0,0.0,0.0002286284434376,0.0,0.9998337626457214,0.0,0.0,0.0001662752329139,0.0,0.9997506141662598,0.0,0.0,0.0002494128420948,0.0,0.999792218208313,0.0,0.0,0.0002078440447803,0.0,0.9996882677078248,0.0,0.0,0.0003117660526186,0.0,0.9997298121452332,0.0,0.0,0.000270197255304,0.0,0.999792218208313,0.0,0.0,0.0002078440447803,0.0,0.9997298121452332,0.0,0.0,0.000270197255304,0.0,0.999792218208313,0.0,0.0,0.0002078440447803,0.0,0.999854564666748,0.0,0.0,0.0001454908342566,0.0,0.999792218208313,0.0,0.0,0.0002078440447803,0.0,0.9997506141662598,0.0,0.0,0.0002494128420948,0.0,0.9998129606246948,0.0,0.0,0.0001870596315711,0.0,0.9997714161872864,0.0,0.0,0.0002286284434376,0.0,0.88739013671875,0.0118471104651689,0.0154843814671039,0.0852784067392349,0.0,0.8827136158943176,0.0123667204752564,0.016232619062066,0.0886870548129081,0.0,0.8964313268661499,0.011182009242475,0.0145490830764174,0.0778375938534736,0.0,0.9693430662155152,0.0041153118945658,0.0047596283257007,0.0217820554971694,0.0,0.8764367699623108,0.0140086887404322,0.0168977212160825,0.0926568731665611,0.0,0.91904479265213,0.0097894547507166,0.012013386003673,0.0591524131596088,0.0,0.8905701637268066,0.012948683463037,0.0156506560742855,0.0808305442333221,0.0,0.947560966014862,0.0060898303054273,0.0069627752527594,0.0393864475190639,0.0,0.9151372909545898,0.0097478851675987,0.011909463442862,0.0632053762674331,0.0,0.8158086538314819,0.0140710417181253,0.0199738126248121,0.1501465290784835,0.0,0.8671461343765259,0.0145282987505197,0.0173965469002723,0.1009290665388107,0.0,0.9389146566390992,0.007648660801351,0.0087710181251168,0.0446656830608844,0.0,0.8681853413581848,0.0134475091472268,0.0170847810804843,0.1012824028730392,0.0,0.8693492412567139,0.0125329960137605,0.0165651701390743,0.1015525981783866,0.0,0.9061999917030334,0.0110157346352934,0.0136969219893217,0.0690873563289642,0.0,0.887140691280365,0.0120549546554684,0.0161286983639001,0.0846756622195243,0.0,0.9625257253646852,0.0045725689269602,0.005154532380402,0.0277471803128719,0.0,0.9085486531257628,0.0095192566514015,0.0125745646655559,0.0693575590848922,0.0,0.8683516383171082,0.0111196562647819,0.0155051657930016,0.105023592710495,0.0,0.8492299914360046,0.0139879044145345,0.0183941982686519,0.1183879673480987,0.0,0.9323468208312988,0.0074408166110515,0.0098933763802051,0.0503190420567989,0.0,0.9105231761932372,0.0103922020643949,0.0123875048011541,0.0666971504688263,0.0,0.9025835394859314,0.0101220048964023,0.0120757389813661,0.0752187594771385,0.0,0.8917756676673889,0.0109741650521755,0.0142788859084248,0.082971341907978,0.0,0.9162596464157104,0.0094984723255038,0.0118678947910666,0.0623739957809448,0.0,0.8966391682624817,0.0115561289712786,0.0138839818537235,0.0779207274317741,0.0,0.8940827250480652,0.0112443622201681,0.0135722160339355,0.0811007469892501,0.0,0.9193981289863586,0.0103090647608041,0.0124706421047449,0.0578222125768661,0.0,0.9655810594558716,0.0044686468318104,0.0044894311577081,0.0254608951508998,0.0,0.925176203250885,0.009165922179818153,0.011660050600767136,0.05399788171052933,0.0
54,0.9996259212493896,0.0,0.0,0.0003741192631423,0.0,0.9998337626457214,0.0,0.0,0.0001662752329139,0.0,0.999854564666748,0.0,0.0,0.0001454908342566,0.0,0.9997298121452332,0.0,0.0,0.000270197255304,0.0,0.9997298121452332,0.0,0.0,0.000270197255304,0.0,0.9997298121452332,0.0,0.0,0.000270197255304,0.0,0.9996467232704164,0.0,0.0,0.0003533348790369,0.0,0.9997714161872864,0.0,0.0,0.0002286284434376,0.0,0.9997090697288512,0.0,0.0,0.0002909816685132,0.0,0.9997298121452332,0.0,0.0,0.000270197255304,0.0,0.9998961091041564,0.0,0.0,0.0001039220223901,0.0,0.9999169111251832,0.0,0.0,8.313761645695195e-05,0.0,0.9996882677078248,0.0,0.0,0.0003117660526186,0.0,0.9998961091041564,0.0,0.0,0.0001039220223901,0.0,0.999792218208313,0.0,0.0,0.0002078440447803,0.0,0.9998337626457214,0.0,0.0,0.0001662752329139,0.0,0.9997714161872864,0.0,0.0,0.0002286284434376,0.0,0.9998337626457214,0.0,0.0,0.0001662752329139,0.0,0.9997506141662598,0.0,0.0,0.0002494128420948,0.0,0.999792218208313,0.0,0.0,0.0002078440447803,0.0,0.9996882677078248,0.0,0.0,0.0003117660526186,0.0,0.9997298121452332,0.0,0.0,0.000270197255304,0.0,0.999792218208313,0.0,0.0,0.0002078440447803,0.0,0.9997298121452332,0.0,0.0,0.000270197255304,0.0,0.999792218208313,0.0,0.0,0.0002078440447803,0.0,0.999854564666748,0.0,0.0,0.0001454908342566,0.0,0.999792218208313,0.0,0.0,0.0002078440447803,0.0,0.9997506141662598,0.0,0.0,0.0002494128420948,0.0,0.9998129606246948,0.0,0.0,0.0001870596315711,0.0,0.9997714161872864,0.0,0.0,0.0002286284434376,0.0,0.8837320804595947,0.0120757389813661,0.0164196789264678,0.0877725407481193,0.0,0.8788477182388306,0.0132396649569273,0.0161910504102706,0.0917215719819068,0.0,0.8928564190864563,0.0118055418133735,0.0150271244347095,0.0803109407424926,0.0,0.9679089188575744,0.004427078180015,0.0052376696839928,0.0224263723939657,0.0,0.8724877238273621,0.0144243761897087,0.0175628215074539,0.0955251231789588,0.0,0.91544908285141,0.0107039678841829,0.0128239775076508,0.061023011803627,0.0,0.8865171670913696,0.0135098630562424,0.0169185046106576,0.0830544754862785,0.0,0.945357859134674,0.0064223809167742,0.0078565049916505,0.0403633117675781,0.0,0.9118741750717164,0.0104337707161903,0.0126784862950444,0.0650136172771453,0.0,0.8118804097175598,0.0146322203800082,0.0199738126248121,0.1535136103630066,0.0,0.8627398014068604,0.0150479087606072,0.0185189042240381,0.103693388402462,0.0,0.936462104320526,0.0082929776981472,0.0095400419086217,0.0457049049437046,0.0,0.8636335730552673,0.0144451605156064,0.018311059102416,0.1036102548241615,0.0,0.8655457496643066,0.0134682934731245,0.0170639958232641,0.1039220169186592,0.0,0.9030407667160034,0.0109949493780732,0.0147984959185123,0.0711658000946044,0.0,0.8831501007080078,0.0128655461594462,0.0167314447462558,0.0872529298067092,0.0,0.9612579345703124,0.004427078180015,0.005881986580789,0.0284330639988183,0.0,0.9049737453460692,0.010558477602899,0.0131565276533365,0.0713112875819206,0.0,0.8649221658706665,0.0110988719388842,0.0165236014872789,0.1074553728103637,0.0,0.845405638217926,0.0136345690116286,0.0196828301995992,0.1212769970297813,0.0,0.930018961429596,0.0073368945159018,0.0107039678841829,0.0519402250647544,0.0,0.9075509905815125,0.0109118120744824,0.0131565276533365,0.0683806911110878,0.0,0.8994035124778748,0.0107663217931985,0.0127408392727375,0.0770893543958664,0.0,0.8877019286155701,0.0116808349266648,0.0156506560742855,0.0849666446447372,0.0,0.913121223449707,0.0101427892223,0.0128863304853439,0.0638496875762939,0.0,0.8929187655448914,0.0125745646655559,0.0148816332221031,0.079625055193901,0.0,0.8908403515815735,0.0114106377586722,0.0145906517282128,0.083158403635025,0.0,0.9160310626029968,0.0109949493780732,0.0131980963051319,0.0597759447991848,0.0,0.9643132090568542,0.0046972753480076,0.0050090411677956,0.0259805042296648,0.0,0.9220377206802368,0.00972710084170103,0.012470642104744911,0.05576455593109131,0.0
55,0.9996259212493896,0.0,0.0,0.0003741192631423,0.0,0.9998337626457214,0.0,0.0,0.0001662752329139,0.0,0.999854564666748,0.0,0.0,0.0001454908342566,0.0,0.9997298121452332,0.0,0.0,0.000270197255304,0.0,0.9997298121452332,0.0,0.0,0.000270197255304,0.0,0.9997298121452332,0.0,0.0,0.000270197255304,0.0,0.9996467232704164,0.0,0.0,0.0003533348790369,0.0,0.9997714161872864,0.0,0.0,0.0002286284434376,0.0,0.9997090697288512,0.0,0.0,0.0002909816685132,0.0,0.9997298121452332,0.0,0.0,0.000270197255304,0.0,0.9998961091041564,0.0,0.0,0.0001039220223901,0.0,0.9999169111251832,0.0,0.0,8.313761645695195e-05,0.0,0.9996882677078248,0.0,0.0,0.0003117660526186,0.0,0.9998961091041564,0.0,0.0,0.0001039220223901,0.0,0.999792218208313,0.0,0.0,0.0002078440447803,0.0,0.9998337626457214,0.0,0.0,0.0001662752329139,0.0,0.9997714161872864,0.0,0.0,0.0002286284434376,0.0,0.9998337626457214,0.0,0.0,0.0001662752329139,0.0,0.9997506141662598,0.0,0.0,0.0002494128420948,0.0,0.999792218208313,0.0,0.0,0.0002078440447803,0.0,0.9996882677078248,0.0,0.0,0.0003117660526186,0.0,0.9997298121452332,0.0,0.0,0.000270197255304,0.0,0.999792218208313,0.0,0.0,0.0002078440447803,0.0,0.9997298121452332,0.0,0.0,0.000270197255304,0.0,0.999792218208313,0.0,0.0,0.0002078440447803,0.0,0.999854564666748,0.0,0.0,0.0001454908342566,0.0,0.999792218208313,0.0,0.0,0.0002078440447803,0.0,0.9997506141662598,0.0,0.0,0.0002494128420948,0.0,0.9998129606246948,0.0,0.0,0.0001870596315711,0.0,0.9997714161872864,0.0,0.0,0.0002286284434376,0.0,0.8800532221794128,0.0129694677889347,0.0166483074426651,0.0903290212154388,0.0,0.8758132457733154,0.0132188806310296,0.0159624218940734,0.0950055122375488,0.0,0.8895309567451477,0.013052606023848,0.0146322203800082,0.082784280180931,0.0,0.9665995240211488,0.0048427660949528,0.0049882568418979,0.0235695149749517,0.0,0.8693700432777405,0.0138424132019281,0.0178745873272418,0.0989129766821861,0.0,0.9127055406570436,0.0112651474773883,0.0132604502141475,0.0627688989043235,0.0,0.8823810815811157,0.0150063401088118,0.0161910504102706,0.0864215493202209,0.0,0.9435080289840698,0.0066510094329714,0.008376115001738,0.0414648875594139,0.0,0.9086941480636596,0.0115145603194832,0.0126161333173513,0.0671751946210861,0.0,0.8085548877716064,0.0141957476735115,0.0199945960193872,0.1572548002004623,0.0,0.8589778542518616,0.0155883030965924,0.0181447844952344,0.1072890907526016,0.0,0.9339264035224916,0.0093945506960153,0.0094776879996061,0.0472013801336288,0.0,0.8595598340034485,0.015131046064198,0.018726747483015,0.1065824255347251,0.0,0.8618460893630981,0.0138839818537235,0.0172926243394613,0.1069773286581039,0.0,0.9000062942504883,0.011597697623074,0.01481928024441,0.0735767930746078,0.0,0.879783034324646,0.0132188806310296,0.0164612475782632,0.0905368626117706,0.0,0.9598237872123718,0.0047180596739053,0.0060274773277342,0.0294307153671979,0.0,0.9017937183380128,0.0116808349266648,0.0134267248213291,0.073098748922348,0.0,0.8619707822799683,0.0113898534327745,0.0164820328354835,0.1101573407649993,0.0,0.8418930768966675,0.0142581015825271,0.0192879270762205,0.1245609372854232,0.0,0.9275871515274048,0.0082306237891316,0.0103922020643949,0.0537900365889072,0.0,0.9046412110328674,0.0113275004550814,0.0136345690116286,0.0703967735171318,0.0,0.8969094157218933,0.010870243422687,0.0131980963051319,0.0790223032236099,0.0,0.8845634460449219,0.0123667204752564,0.0154220275580883,0.087647832930088,0.0,0.9104608297348022,0.0107247522100806,0.0124290734529495,0.0663853883743286,0.0,0.8896971940994263,0.0128031931817531,0.0156298726797103,0.0818697661161422,0.0,0.887785017490387,0.011909463442862,0.0149855557829141,0.0853199809789657,0.0,0.9127678871154784,0.0118886791169643,0.0135098630562424,0.0618336014449596,0.0,0.9630038142204284,0.0050506102852523,0.0049882568418979,0.0269573722034692,0.0,0.9187538027763367,0.011015734635293484,0.012262798845767975,0.05796770378947258,0.0
56,0.9996259212493896,0.0,0.0,0.0003741192631423,0.0,0.9998337626457214,0.0,0.0,0.0001662752329139,0.0,0.999854564666748,0.0,0.0,0.0001454908342566,0.0,0.9997298121452332,0.0,0.0,0.000270197255304,0.0,0.9997298121452332,0.0,0.0,0.000270197255304,0.0,0.9997298121452332,0.0,0.0,0.000270197255304,0.0,0.9996467232704164,0.0,0.0,0.0003533348790369,0.0,0.9997714161872864,0.0,0.0,0.0002286284434376,0.0,0.9997090697288512,0.0,0.0,0.0002909816685132,0.0,0.9997298121452332,0.0,0.0,0.000270197255304,0.0,0.9998961091041564,0.0,0.0,0.0001039220223901,0.0,0.9999169111251832,0.0,0.0,8.313761645695195e-05,0.0,0.9996882677078248,0.0,0.0,0.0003117660526186,0.0,0.9998961091041564,0.0,0.0,0.0001039220223901,0.0,0.999792218208313,0.0,0.0,0.0002078440447803,0.0,0.9998337626457214,0.0,0.0,0.0001662752329139,0.0,0.9997714161872864,0.0,0.0,0.0002286284434376,0.0,0.9998337626457214,0.0,0.0,0.0001662752329139,0.0,0.9997506141662598,0.0,0.0,0.0002494128420948,0.0,0.999792218208313,0.0,0.0,0.0002078440447803,0.0,0.9996882677078248,0.0,0.0,0.0003117660526186,0.0,0.9997298121452332,0.0,0.0,0.000270197255304,0.0,0.999792218208313,0.0,0.0,0.0002078440447803,0.0,0.9997298121452332,0.0,0.0,0.000270197255304,0.0,0.999792218208313,0.0,0.0,0.0002078440447803,0.0,0.999854564666748,0.0,0.0,0.0001454908342566,0.0,0.999792218208313,0.0,0.0,0.0002078440447803,0.0,0.9997506141662598,0.0,0.0,0.0002494128420948,0.0,0.9998129606246948,0.0,0.0,0.0001870596315711,0.0,0.9997714161872864,0.0,0.0,0.0002286284434376,0.0,0.8759587407112122,0.0144451605156064,0.0161286983639001,0.093467466533184,0.0,0.8723630309104919,0.0137384915724396,0.0158377159386873,0.0980608165264129,0.0,0.8865587711334229,0.0129071148112416,0.0146530047059059,0.085881158709526,0.0,0.9649367332458496,0.0054455138742923,0.0049674725160002,0.0246503036469221,0.0,0.8643817901611328,0.0154012432321906,0.0179161559790372,0.1023008376359939,0.0,0.9093384742736816,0.0121588762849569,0.0126577019691467,0.0658449903130531,0.0,0.8786191344261169,0.015546734444797,0.0156298726797103,0.0902043133974075,0.0,0.9414088129997252,0.0072953258641064,0.0081059178337454,0.0431899912655353,0.0,0.905119240283966,0.0121173076331615,0.0129278991371393,0.0698355957865715,0.0,0.8048552870750427,0.0145906517282128,0.0183941982686519,0.1621599197387695,0.0,0.8549872636795044,0.0160039905458688,0.0183526296168565,0.110656164586544,0.0,0.9313491582870485,0.0095816105604171,0.0097894547507166,0.0492798238992691,0.0,0.8554237484931946,0.0158377159386873,0.0179369412362575,0.1108016595244407,0.0,0.857855498790741,0.0149232018738985,0.0162741877138614,0.1109471470117569,0.0,0.8960364460945129,0.0130733903497457,0.0141957476735115,0.0766944512724876,0.0,0.875979483127594,0.0141749633476138,0.0159208532422781,0.0939247235655784,0.0,0.9577869176864624,0.0057780644856393,0.0062145367264747,0.0302205234766006,0.0,0.8982188105583191,0.0126992706209421,0.0133435875177383,0.0757383704185485,0.0,0.8582088351249695,0.0129071148112416,0.015131046064198,0.113753043115139,0.0,0.8371750116348267,0.0157337933778762,0.0183734130114316,0.1287178099155426,0.0,0.9246565699577332,0.0093945506960153,0.0103922020643949,0.0555567108094692,0.0,0.9008376598358154,0.0123043674975633,0.0134682934731245,0.0733897313475608,0.0,0.8931266069412231,0.01222122926265,0.0131357433274388,0.0815164297819137,0.0,0.8810508847236633,0.0131980963051319,0.0146737890318036,0.0910772606730461,0.0,0.9068443179130554,0.0123043674975633,0.0115769132971763,0.0692744180560112,0.0,0.8860807418823242,0.0134475091472268,0.0153181059285998,0.0851537063717842,0.0,0.8846257925033569,0.0124082891270518,0.0147777115926146,0.0881882235407829,0.0,0.9095255136489868,0.0122420135885477,0.0135306473821401,0.0647018477320671,0.0,0.9616320133209229,0.0051753167062997,0.0052168853580951,0.0279758088290691,0.0,0.9154490828514099,0.012262798845767975,0.012075738981366158,0.06021241843700409,0.0
57,0.9996259212493896,0.0,0.0,0.0003741192631423,0.0,0.9998337626457214,0.0,0.0,0.0001662752329139,0.0,0.999854564666748,0.0,0.0,0.0001454908342566,0.0,0.9997298121452332,0.0,0.0,0.000270197255304,0.0,0.9997298121452332,0.0,0.0,0.000270197255304,0.0,0.9997298121452332,0.0,0.0,0.000270197255304,0.0,0.9996467232704164,0.0,0.0,0.0003533348790369,0.0,0.9997714161872864,0.0,0.0,0.0002286284434376,0.0,0.9997090697288512,0.0,0.0,0.0002909816685132,0.0,0.9997298121452332,0.0,0.0,0.000270197255304,0.0,0.9998961091041564,0.0,0.0,0.0001039220223901,0.0,0.9999169111251832,0.0,0.0,8.313761645695195e-05,0.0,0.9996882677078248,0.0,0.0,0.0003117660526186,0.0,0.9998961091041564,0.0,0.0,0.0001039220223901,0.0,0.999792218208313,0.0,0.0,0.0002078440447803,0.0,0.9998337626457214,0.0,0.0,0.0001662752329139,0.0,0.9997714161872864,0.0,0.0,0.0002286284434376,0.0,0.9998337626457214,0.0,0.0,0.0001662752329139,0.0,0.9997506141662598,0.0,0.0,0.0002494128420948,0.0,0.999792218208313,0.0,0.0,0.0002078440447803,0.0,0.9996882677078248,0.0,0.0,0.0003117660526186,0.0,0.9997298121452332,0.0,0.0,0.000270197255304,0.0,0.999792218208313,0.0,0.0,0.0002078440447803,0.0,0.9997298121452332,0.0,0.0,0.000270197255304,0.0,0.999792218208313,0.0,0.0,0.0002078440447803,0.0,0.999854564666748,0.0,0.0,0.0001454908342566,0.0,0.999792218208313,0.0,0.0,0.0002078440447803,0.0,0.9997506141662598,0.0,0.0,0.0002494128420948,0.0,0.9998129606246948,0.0,0.0,0.0001870596315711,0.0,0.9997714161872864,0.0,0.0,0.0002286284434376,0.0,0.872238278388977,0.0151518303900957,0.016232619062066,0.096377283334732,0.0,0.8684555292129517,0.0142581015825271,0.0160455591976642,0.101240836083889,0.0,0.8825057744979858,0.0139255505055189,0.0149439861997962,0.0886247009038925,0.0,0.9637728333473206,0.0055702202953398,0.00507139461115,0.025585601106286,0.0,0.8596845269203186,0.0167522300034761,0.0176459588110446,0.1059173196554184,0.0,0.9058259129524232,0.0132188806310296,0.0126992706209421,0.0682559832930564,0.0,0.8748155832290649,0.0157545786350965,0.0160039905458688,0.0934258997440338,0.0,0.9391433000564576,0.0084176836535334,0.0078772893175482,0.0445617623627185,0.0,0.901315689086914,0.0138216288760304,0.0127824088558554,0.0720803141593933,0.0,0.8008646368980408,0.0149439861997962,0.0184773355722427,0.1657140552997589,0.0,0.8504146933555603,0.0167314447462558,0.0183941982686519,0.114459715783596,0.0,0.9287511110305786,0.0101635735481977,0.0099349450320005,0.0511504188179969,0.0,0.8510590195655823,0.0171263497322797,0.0176667440682649,0.1141479462385177,0.0,0.8540934920310974,0.0152557529509067,0.0160039905458688,0.1146467700600624,0.0,0.8922328948974609,0.0139671191573143,0.0141541790217161,0.0796458348631858,0.0,0.8718849420547485,0.0152557529509067,0.0156714413315057,0.0971878767013549,0.0,0.9562280774116516,0.0062976744957268,0.0059443395584821,0.0315299406647682,0.0,0.8948517441749573,0.0136969219893217,0.0128239775076508,0.0786274001002311,0.0,0.8550288081169128,0.0133228031918406,0.0148608488962054,0.1167875677347183,0.0,0.8333091139793396,0.0159208532422781,0.0181863531470298,0.1325837075710296,0.0,0.9219961762428284,0.0103506334125995,0.0097063165158033,0.0579469203948974,0.0,0.8977407813072205,0.0127824088558554,0.0132604502141475,0.0762164071202278,0.0,0.8899881839752197,0.0125953489914536,0.0136345690116286,0.0837819352746009,0.0,0.8775798678398132,0.0141957476735115,0.0144451605156064,0.0937792286276817,0.0,0.9042047262191772,0.0120549546554684,0.0119510320946574,0.0717893317341804,0.0,0.8826097249984741,0.0140294730663299,0.0153388902544975,0.0880219489336013,0.0,0.8810508847236633,0.0130318216979503,0.0147361429408192,0.091181181371212,0.0,0.9062831401824952,0.0131149590015411,0.0135930003598332,0.0670089200139045,0.0,0.9601355195045472,0.0054455138742923,0.0055494359694421,0.0288695376366376,0.0,0.9125600457191467,0.012616133317351341,0.01272005494683981,0.06210380047559738,0.0
58,0.9996259212493896,0.0,0.0,0.0003741192631423,0.0,0.9998337626457214,0.0,0.0,0.0001662752329139,0.0,0.999854564666748,0.0,0.0,0.0001454908342566,0.0,0.9997298121452332,0.0,0.0,0.000270197255304,0.0,0.9997298121452332,0.0,0.0,0.000270197255304,0.0,0.9997298121452332,0.0,0.0,0.000270197255304,0.0,0.9996467232704164,0.0,0.0,0.0003533348790369,0.0,0.9997714161872864,0.0,0.0,0.0002286284434376,0.0,0.9997090697288512,0.0,0.0,0.0002909816685132,0.0,0.9997298121452332,0.0,0.0,0.000270197255304,0.0,0.9998961091041564,0.0,0.0,0.0001039220223901,0.0,0.9999169111251832,0.0,0.0,8.313761645695195e-05,0.0,0.9996882677078248,0.0,0.0,0.0003117660526186,0.0,0.9998961091041564,0.0,0.0,0.0001039220223901,0.0,0.999792218208313,0.0,0.0,0.0002078440447803,0.0,0.9998337626457214,0.0,0.0,0.0001662752329139,0.0,0.9997714161872864,0.0,0.0,0.0002286284434376,0.0,0.9998337626457214,0.0,0.0,0.0001662752329139,0.0,0.9997506141662598,0.0,0.0,0.0002494128420948,0.0,0.999792218208313,0.0,0.0,0.0002078440447803,0.0,0.9996882677078248,0.0,0.0,0.0003117660526186,0.0,0.9997298121452332,0.0,0.0,0.000270197255304,0.0,0.999792218208313,0.0,0.0,0.0002078440447803,0.0,0.9997298121452332,0.0,0.0,0.000270197255304,0.0,0.999792218208313,0.0,0.0,0.0002078440447803,0.0,0.999854564666748,0.0,0.0,0.0001454908342566,0.0,0.999792218208313,0.0,0.0,0.0002078440447803,0.0,0.9997506141662598,0.0,0.0,0.0002494128420948,0.0,0.9998129606246948,0.0,0.0,0.0001870596315711,0.0,0.9997714161872864,0.0,0.0,0.0002286284434376,0.0,0.8685802221298218,0.0151518303900957,0.0155051657930016,0.1007627919316291,0.0,0.8644025921821594,0.0144451605156064,0.016232619062066,0.1049196720123291,0.0,0.8793465495109558,0.0135098630562424,0.0147569272667169,0.0923866778612136,0.0,0.9624218344688416,0.0054870825260877,0.0055494359694421,0.0265416838228702,0.0,0.8564006090164185,0.0160871297121047,0.0179577246308326,0.1095545962452888,0.0,0.9029576778411864,0.0124914264306426,0.0133851561695337,0.0711658000946044,0.0,0.8711782693862915,0.0153388902544975,0.0170016419142484,0.0964812040328979,0.0,0.9373350739479064,0.0080227795988321,0.0082929776981472,0.0463492199778556,0.0,0.8981356620788574,0.0137384915724396,0.0130110373720526,0.0751148387789726,0.0,0.7969363927841187,0.0149439861997962,0.017999293282628,0.1701203435659408,0.0,0.8457589745521545,0.0169808585196733,0.0189345926046371,0.1183256134390831,0.0,0.9258204698562622,0.0106416149064898,0.0101012205705046,0.053436703979969,0.0,0.8468397855758667,0.0167937986552715,0.017999293282628,0.1183671802282333,0.0,0.8507264256477356,0.01481928024441,0.0163365416228771,0.1181177720427513,0.0,0.8888866305351257,0.0141541790217161,0.0141749633476138,0.082784280180931,0.0,0.8684763312339783,0.0146737890318036,0.0160455591976642,0.1008043587207794,0.0,0.9542951583862304,0.0069627752527594,0.0058404174633324,0.0329017117619514,0.0,0.8914638757705688,0.0135098630562424,0.0130941746756434,0.0819321200251579,0.0,0.851599395275116,0.0133228031918406,0.0145490830764174,0.120528757572174,0.0,0.8294016718864441,0.0160039905458688,0.0178122334182262,0.136782169342041,0.0,0.9194396734237672,0.0105792619287967,0.0097686694934964,0.060212418437004,0.0,0.894352912902832,0.0131980963051319,0.013364371843636,0.0790846571326255,0.0,0.8864964246749878,0.0129071148112416,0.0133020188659429,0.0872944965958595,0.0,0.873526930809021,0.0141749633476138,0.0150479087606072,0.09725022315979,0.0,0.9007545113563538,0.0123667204752564,0.012636917643249,0.074241891503334,0.0,0.8792010545730591,0.0137177063152194,0.0152765372768044,0.0918047130107879,0.0,0.8775798678398132,0.0132604502141475,0.0144867300987243,0.0946729630231857,0.0,0.9025003910064696,0.0135306473821401,0.013676137663424,0.0702928528189659,0.0,0.958971619606018,0.0053415917791426,0.0057364953681826,0.029950326308608,0.0,0.9094839692115784,0.01255378033965826,0.012304367497563362,0.06565793603658676,0.0
59,0.9996259212493896,0.0,0.0,0.0003741192631423,0.0,0.9998337626457214,0.0,0.0,0.0001662752329139,0.0,0.999854564666748,0.0,0.0,0.0001454908342566,0.0,0.9997298121452332,0.0,0.0,0.000270197255304,0.0,0.9997298121452332,0.0,0.0,0.000270197255304,0.0,0.9997298121452332,0.0,0.0,0.000270197255304,0.0,0.9996467232704164,0.0,0.0,0.0003533348790369,0.0,0.9997714161872864,0.0,0.0,0.0002286284434376,0.0,0.9997090697288512,0.0,0.0,0.0002909816685132,0.0,0.9997298121452332,0.0,0.0,0.000270197255304,0.0,0.9998961091041564,0.0,0.0,0.0001039220223901,0.0,0.9999169111251832,0.0,0.0,8.313761645695195e-05,0.0,0.9996882677078248,0.0,0.0,0.0003117660526186,0.0,0.9998961091041564,0.0,0.0,0.0001039220223901,0.0,0.999792218208313,0.0,0.0,0.0002078440447803,0.0,0.9998337626457214,0.0,0.0,0.0001662752329139,0.0,0.9997714161872864,0.0,0.0,0.0002286284434376,0.0,0.9998337626457214,0.0,0.0,0.0001662752329139,0.0,0.9997506141662598,0.0,0.0,0.0002494128420948,0.0,0.999792218208313,0.0,0.0,0.0002078440447803,0.0,0.9996882677078248,0.0,0.0,0.0003117660526186,0.0,0.9997298121452332,0.0,0.0,0.000270197255304,0.0,0.999792218208313,0.0,0.0,0.0002078440447803,0.0,0.9997298121452332,0.0,0.0,0.000270197255304,0.0,0.999792218208313,0.0,0.0,0.0002078440447803,0.0,0.999854564666748,0.0,0.0,0.0001454908342566,0.0,0.999792218208313,0.0,0.0,0.0002078440447803,0.0,0.9997506141662598,0.0,0.0,0.0002494128420948,0.0,0.9998129606246948,0.0,0.0,0.0001870596315711,0.0,0.9997714161872864,0.0,0.0,0.0002286284434376,0.0,0.8649845719337463,0.0150686930865049,0.0157545786350965,0.1041922196745872,0.0,0.8603495955467224,0.0154635962098836,0.0162741877138614,0.1079126298427581,0.0,0.8759379386901855,0.0135930003598332,0.015131046064198,0.0953380614519119,0.0,0.9610084891319276,0.0055910046212375,0.0057364953681826,0.027664041146636,0.0,0.8520358800888062,0.0173341929912567,0.0175420362502336,0.1130879446864128,0.0,0.8994243144989014,0.0132812345400452,0.0134475091472268,0.0738469883799552,0.0,0.8664394617080688,0.0159416384994983,0.0176459588110446,0.0999729856848716,0.0,0.9349448680877686,0.0085631748661398,0.008272192440927,0.0482198186218738,0.0,0.8949140906333923,0.013780060224235,0.0136137846857309,0.0776920989155769,0.0,0.7934030294418335,0.0151518303900957,0.0179577246308326,0.1734874248504638,0.0,0.8417683839797974,0.0172094870358705,0.0188098866492509,0.1222122982144355,0.0,0.9226612448692322,0.0112651474773883,0.0108286747708916,0.0552449449896812,0.0,0.8425997495651245,0.016960073262453,0.0185189042240381,0.1219213157892227,0.0,0.8471099734306335,0.0147361429408192,0.0171679183840751,0.1209860146045684,0.0,0.8850622773170471,0.0149439861997962,0.0140294730663299,0.0859642922878265,0.0,0.8644857406616211,0.0152973216027021,0.016232619062066,0.1039843708276748,0.0,0.9525492191314696,0.0072745415382087,0.0058612017892301,0.0343150496482849,0.0,0.887847363948822,0.0139463348314166,0.0137384915724396,0.0844678208231926,0.0,0.8481283783912659,0.0138424132019281,0.0140502573922276,0.1239789724349975,0.0,0.8250576853752136,0.0168353673070669,0.0171471331268548,0.1409598290920257,0.0,0.916987121105194,0.0106000462546944,0.0097686694934964,0.0626441910862922,0.0,0.8908195495605469,0.0138216288760304,0.0138216288760304,0.0815372169017791,0.0,0.8832332491874695,0.013676137663424,0.0132604502141475,0.0898301973938942,0.0,0.8697441816329956,0.01481928024441,0.01481928024441,0.1006172969937324,0.0,0.8971379995346069,0.0133228031918406,0.0128031931817531,0.0767360180616378,0.0,0.8749610781669617,0.0147361429408192,0.0157961472868919,0.0945066884160041,0.0,0.8734230399131775,0.0143620232120156,0.014465944841504,0.0977490544319152,0.0,0.8989878296852112,0.013780060224235,0.0142581015825271,0.0729740411043167,0.0,0.9571841359138488,0.0058196331374347,0.0060066930018365,0.030989546328783,0.0,0.9062623977661133,0.012491426430642605,0.01301103737205267,0.06823519617319107,0.0
60,0.9996259212493896,0.0,0.0,0.0003741192631423,0.0,0.9998337626457214,0.0,0.0,0.0001662752329139,0.0,0.999854564666748,0.0,0.0,0.0001454908342566,0.0,0.9997298121452332,0.0,0.0,0.000270197255304,0.0,0.9997298121452332,0.0,0.0,0.000270197255304,0.0,0.9997298121452332,0.0,0.0,0.000270197255304,0.0,0.9996467232704164,0.0,0.0,0.0003533348790369,0.0,0.9997714161872864,0.0,0.0,0.0002286284434376,0.0,0.9997090697288512,0.0,0.0,0.0002909816685132,0.0,0.9997298121452332,0.0,0.0,0.000270197255304,0.0,0.9998961091041564,0.0,0.0,0.0001039220223901,0.0,0.9999169111251832,0.0,0.0,8.313761645695195e-05,0.0,0.9996882677078248,0.0,0.0,0.0003117660526186,0.0,0.9998961091041564,0.0,0.0,0.0001039220223901,0.0,0.999792218208313,0.0,0.0,0.0002078440447803,0.0,0.9998337626457214,0.0,0.0,0.0001662752329139,0.0,0.9997714161872864,0.0,0.0,0.0002286284434376,0.0,0.9998337626457214,0.0,0.0,0.0001662752329139,0.0,0.9997506141662598,0.0,0.0,0.0002494128420948,0.0,0.999792218208313,0.0,0.0,0.0002078440447803,0.0,0.9996882677078248,0.0,0.0,0.0003117660526186,0.0,0.9997298121452332,0.0,0.0,0.000270197255304,0.0,0.999792218208313,0.0,0.0,0.0002078440447803,0.0,0.9997298121452332,0.0,0.0,0.000270197255304,0.0,0.999792218208313,0.0,0.0,0.0002078440447803,0.0,0.999854564666748,0.0,0.0,0.0001454908342566,0.0,0.999792218208313,0.0,0.0,0.0002078440447803,0.0,0.9997506141662598,0.0,0.0,0.0002494128420948,0.0,0.9998129606246948,0.0,0.0,0.0001870596315711,0.0,0.9997714161872864,0.0,0.0,0.0002286284434376,0.0,0.8611186742782593,0.0148400645703077,0.0170639958232641,0.1069773286581039,0.0,0.8564836978912354,0.0158792845904827,0.0166690926998853,0.1109679341316223,0.0,0.8721343874931335,0.0144243761897087,0.0160247758030891,0.0974165052175521,0.0,0.9593457579612732,0.0055910046212375,0.0065055186860263,0.0285577718168497,0.0,0.8475880026817322,0.0167937986552715,0.0188306700438261,0.1167875677347183,0.0,0.8954752683639526,0.0138631975278258,0.0146322203800082,0.0760293528437614,0.0,0.862760603427887,0.0158585011959075,0.0187683161348104,0.1026125997304916,0.0,0.9321597218513488,0.0092490594834089,0.0087502337992191,0.0498410016298294,0.0,0.8914846777915955,0.0136345690116286,0.0150894774124026,0.0797913298010826,0.0,0.7900567650794983,0.0147984959185123,0.0178953725844621,0.177249401807785,0.0,0.8375698924064636,0.0174173302948474,0.0195789095014333,0.1254338771104812,0.0,0.919502019882202,0.0118471104651689,0.0119718164205551,0.0566790699958801,0.0,0.838900089263916,0.0165236014872789,0.0192671418190002,0.1253091692924499,0.0,0.8427867889404297,0.0150686930865049,0.0178745873272418,0.1242699548602104,0.0,0.8816952109336853,0.0143412388861179,0.0155675187706947,0.0883960723876953,0.0,0.8602249026298523,0.0157545786350965,0.0170224271714687,0.1069981157779693,0.0,0.9501798152923584,0.0076070916838943,0.0067549315281212,0.0354581922292709,0.0,0.8836073875427246,0.0146114360541105,0.0152557529509067,0.0865254774689674,0.0,0.8448860049247742,0.0133228031918406,0.0151518303900957,0.1266393810510635,0.0,0.8205890655517578,0.0165859553962945,0.0189761612564325,0.1438488662242889,0.0,0.914409875869751,0.0102467108517885,0.0111612249165773,0.064182236790657,0.0,0.8876811265945435,0.0131565276533365,0.015131046064198,0.084031343460083,0.0,0.8795336484909058,0.0135930003598332,0.0146530047059059,0.0922204032540321,0.0,0.8661484718322754,0.0149024175480008,0.0158792845904827,0.103069856762886,0.0,0.8935838937759399,0.0132604502141475,0.0143412388861179,0.0788144618272781,0.0,0.8716147541999817,0.014465944841504,0.0164196789264678,0.0974996387958526,0.0,0.8694323897361755,0.015193399041891,0.0150686930865049,0.1003055348992347,0.0,0.8952466249465942,0.0142788859084248,0.015131046064198,0.0753434672951698,0.0,0.9553551077842712,0.0062768901698291,0.0064223809167742,0.0319456309080123,0.0,0.9023133516311646,0.013135743327438831,0.014320454560220242,0.07023049890995026,0.0
61,0.9996259212493896,0.0,0.0,0.0003741192631423,0.0,0.9998337626457214,0.0,0.0,0.0001662752329139,0.0,0.999854564666748,0.0,0.0,0.0001454908342566,0.0,0.9997298121452332,0.0,0.0,0.000270197255304,0.0,0.9997298121452332,0.0,0.0,0.000270197255304,0.0,0.9997298121452332,0.0,0.0,0.000270197255304,0.0,0.9996467232704164,0.0,0.0,0.0003533348790369,0.0,0.9997714161872864,0.0,0.0,0.0002286284434376,0.0,0.9997090697288512,0.0,0.0,0.0002909816685132,0.0,0.9997298121452332,0.0,0.0,0.000270197255304,0.0,0.9998961091041564,0.0,0.0,0.0001039220223901,0.0,0.9999169111251832,0.0,0.0,8.313761645695195e-05,0.0,0.9996882677078248,0.0,0.0,0.0003117660526186,0.0,0.9998961091041564,0.0,0.0,0.0001039220223901,0.0,0.999792218208313,0.0,0.0,0.0002078440447803,0.0,0.9998337626457214,0.0,0.0,0.0001662752329139,0.0,0.9997714161872864,0.0,0.0,0.0002286284434376,0.0,0.9998337626457214,0.0,0.0,0.0001662752329139,0.0,0.9997506141662598,0.0,0.0,0.0002494128420948,0.0,0.999792218208313,0.0,0.0,0.0002078440447803,0.0,0.9996882677078248,0.0,0.0,0.0003117660526186,0.0,0.9997298121452332,0.0,0.0,0.000270197255304,0.0,0.999792218208313,0.0,0.0,0.0002078440447803,0.0,0.9997298121452332,0.0,0.0,0.000270197255304,0.0,0.999792218208313,0.0,0.0,0.0002078440447803,0.0,0.999854564666748,0.0,0.0,0.0001454908342566,0.0,0.999792218208313,0.0,0.0,0.0002078440447803,0.0,0.9997506141662598,0.0,0.0,0.0002494128420948,0.0,0.9998129606246948,0.0,0.0,0.0001870596315711,0.0,0.9997714161872864,0.0,0.0,0.0002286284434376,0.0,0.8559017777442932,0.0163365416228771,0.0181655697524547,0.109596163034439,0.0,0.8521813750267029,0.0162741877138614,0.0176459588110446,0.1138985380530357,0.0,0.867915153503418,0.0145906517282128,0.016960073262453,0.1005341634154319,0.0,0.957163393497467,0.0066094403155148,0.0066094403155148,0.0296177752315998,0.0,0.8426828980445862,0.0170016419142484,0.0200985185801982,0.1202169954776763,0.0,0.8910897374153137,0.0147361429408192,0.0156714413315057,0.0785026922821998,0.0,0.8573566675186157,0.0174588989466428,0.0193502809852361,0.1058341860771179,0.0,0.929374635219574,0.0097686694934964,0.0095608262345194,0.0512959100306034,0.0,0.8874524831771851,0.0138631975278258,0.0159208532422781,0.0827635005116462,0.0,0.7863155603408813,0.0145490830764174,0.0185812581330537,0.1805541217327118,0.0,0.8324569463729858,0.0179577246308326,0.0205765608698129,0.129008799791336,0.0,0.91576087474823,0.0129902521148324,0.0121796606108546,0.059069275856018,0.0,0.8334754109382629,0.0175836067646741,0.0202024411410093,0.128738597035408,0.0,0.8371334671974182,0.016960073262453,0.0186851788312196,0.127221331000328,0.0,0.8775175213813782,0.0147153576835989,0.0168769359588623,0.0908901989459991,0.0,0.8553406000137329,0.016544384881854,0.0182694904506206,0.1098455786705017,0.0,0.948080599308014,0.0081474864855408,0.0073368945159018,0.0364350602030754,0.0,0.8788893222808838,0.0159624218940734,0.0160663444548845,0.0890819579362869,0.0,0.840895414352417,0.0141333946958184,0.0160871297121047,0.1288840919733047,0.0,0.8157463073730469,0.0175628215074539,0.0195996928960084,0.1470912247896194,0.0,0.9108349680900574,0.0111612249165773,0.0120549546554684,0.065948911011219,0.0,0.8835657835006714,0.0141749633476138,0.0154012432321906,0.0868580266833305,0.0,0.8753767609596252,0.0146114360541105,0.0153596745803952,0.0946521759033203,0.0,0.8620331883430481,0.015546734444797,0.0166690926998853,0.1057510450482368,0.0,0.8888242840766907,0.0153804589062929,0.0149439861997962,0.0808513313531875,0.0,0.8676033616065979,0.0150063401088118,0.0169185046106576,0.1004718095064163,0.0,0.8649221658706665,0.0161286983639001,0.0159832071512937,0.1029659360647201,0.0,0.8904454708099365,0.0158377159386873,0.0154843814671039,0.0782324969768524,0.0,0.9534637331962584,0.0066717937588691,0.0066717937588691,0.0331926941871643,0.0,0.897907018661499,0.014653004705905914,0.01515183039009571,0.0722881555557251,0.0
62,0.9996259212493896,0.0,0.0,0.0003741192631423,0.0,0.9998337626457214,0.0,0.0,0.0001662752329139,0.0,0.999854564666748,0.0,0.0,0.0001454908342566,0.0,0.9997298121452332,0.0,0.0,0.000270197255304,0.0,0.9997298121452332,0.0,0.0,0.000270197255304,0.0,0.9997298121452332,0.0,0.0,0.000270197255304,0.0,0.9996467232704164,0.0,0.0,0.0003533348790369,0.0,0.9997714161872864,0.0,0.0,0.0002286284434376,0.0,0.9997090697288512,0.0,0.0,0.0002909816685132,0.0,0.9997298121452332,0.0,0.0,0.000270197255304,0.0,0.9998961091041564,0.0,0.0,0.0001039220223901,0.0,0.9999169111251832,0.0,0.0,8.313761645695195e-05,0.0,0.9996882677078248,0.0,0.0,0.0003117660526186,0.0,0.9998961091041564,0.0,0.0,0.0001039220223901,0.0,0.999792218208313,0.0,0.0,0.0002078440447803,0.0,0.9998337626457214,0.0,0.0,0.0001662752329139,0.0,0.9997714161872864,0.0,0.0,0.0002286284434376,0.0,0.9998337626457214,0.0,0.0,0.0001662752329139,0.0,0.9997506141662598,0.0,0.0,0.0002494128420948,0.0,0.999792218208313,0.0,0.0,0.0002078440447803,0.0,0.9996882677078248,0.0,0.0,0.0003117660526186,0.0,0.9997298121452332,0.0,0.0,0.000270197255304,0.0,0.999792218208313,0.0,0.0,0.0002078440447803,0.0,0.9997298121452332,0.0,0.0,0.000270197255304,0.0,0.999792218208313,0.0,0.0,0.0002078440447803,0.0,0.999854564666748,0.0,0.0,0.0001454908342566,0.0,0.999792218208313,0.0,0.0,0.0002078440447803,0.0,0.9997506141662598,0.0,0.0,0.0002494128420948,0.0,0.9998129606246948,0.0,0.0,0.0001870596315711,0.0,0.9997714161872864,0.0,0.0,0.0002286284434376,0.0,0.8522437214851379,0.0163365416228771,0.0188098866492509,0.1126099005341529,0.0,0.8475880026817322,0.0168145820498466,0.018311059102416,0.1172863915562629,0.0,0.863716721534729,0.0156298726797103,0.0170847810804843,0.1035686880350112,0.0,0.9550017714500428,0.0074200322851538,0.006921206600964,0.0306569952517747,0.0,0.8375283479690552,0.0188722386956214,0.0200361646711826,0.1235632821917533,0.0,0.8863716721534729,0.0165859553962945,0.0160871297121047,0.0809552520513534,0.0,0.8521605730056763,0.0190177299082279,0.0193918496370315,0.1094298884272575,0.0,0.9270259737968444,0.0103090647608041,0.0102259265258908,0.0524390526115894,0.0,0.882942259311676,0.015193399041891,0.0170016419142484,0.0848627239465713,0.0,0.7823873162269592,0.0145490830764174,0.0188722386956214,0.1841913908720016,0.0,0.8274686932563782,0.0182902757078409,0.0213871523737907,0.1328539103269577,0.0,0.9117286801338196,0.014091826044023,0.0130941746756434,0.0610853619873523,0.0,0.8288404941558838,0.017999293282628,0.0213455837219953,0.1318146884441375,0.0,0.8324777483940125,0.0182487070560455,0.0186228267848491,0.1306507587432861,0.0,0.8728618621826172,0.0160247758030891,0.0173134077340364,0.0938000157475471,0.0,0.851204514503479,0.017271839082241,0.0186643954366445,0.1128593161702156,0.0,0.944983720779419,0.0093114133924245,0.0082306237891316,0.0374742820858955,0.0,0.8742959499359131,0.0171679183840751,0.0170847810804843,0.0914513766765594,0.0,0.8369256258010864,0.0146737890318036,0.0167522300034761,0.1316484212875366,0.0,0.8114854693412781,0.0179161559790372,0.0198283214122056,0.1507700681686401,0.0,0.9074054956436156,0.0120341703295707,0.0129071148112416,0.0676532387733459,0.0,0.8791595101356506,0.015193399041891,0.0161702670156955,0.0894768610596656,0.0,0.8711782693862915,0.0153181059285998,0.0160871297121047,0.0974165052175521,0.0,0.8576892018318176,0.0158377159386873,0.0182487070560455,0.1082243919372558,0.0,0.8848752379417419,0.0158792845904827,0.0155051657930016,0.0837403610348701,0.0,0.8634257316589355,0.0157753620296716,0.0174381155520677,0.1033608391880989,0.0,0.8608276844024658,0.0167522300034761,0.0165028162300586,0.1059173196554184,0.0,0.8863093256950378,0.0161910504102706,0.0168977212160825,0.0806019157171249,0.0,0.951239824295044,0.0077317981049418,0.0066094403155148,0.0344189740717411,0.0,0.8939580321311951,0.015525950118899345,0.015692224726080894,0.07482385635375977,0.0
63,0.9996259212493896,0.0,0.0,0.0003741192631423,0.0,0.9998337626457214,0.0,0.0,0.0001662752329139,0.0,0.999854564666748,0.0,0.0,0.0001454908342566,0.0,0.9997298121452332,0.0,0.0,0.000270197255304,0.0,0.9997298121452332,0.0,0.0,0.000270197255304,0.0,0.9997298121452332,0.0,0.0,0.000270197255304,0.0,0.9996467232704164,0.0,0.0,0.0003533348790369,0.0,0.9997714161872864,0.0,0.0,0.0002286284434376,0.0,0.9997090697288512,0.0,0.0,0.0002909816685132,0.0,0.9997298121452332,0.0,0.0,0.000270197255304,0.0,0.9998961091041564,0.0,0.0,0.0001039220223901,0.0,0.9999169111251832,0.0,0.0,8.313761645695195e-05,0.0,0.9996882677078248,0.0,0.0,0.0003117660526186,0.0,0.9998961091041564,0.0,0.0,0.0001039220223901,0.0,0.999792218208313,0.0,0.0,0.0002078440447803,0.0,0.9998337626457214,0.0,0.0,0.0001662752329139,0.0,0.9997714161872864,0.0,0.0,0.0002286284434376,0.0,0.9998337626457214,0.0,0.0,0.0001662752329139,0.0,0.9997506141662598,0.0,0.0,0.0002494128420948,0.0,0.999792218208313,0.0,0.0,0.0002078440447803,0.0,0.9996882677078248,0.0,0.0,0.0003117660526186,0.0,0.9997298121452332,0.0,0.0,0.000270197255304,0.0,0.999792218208313,0.0,0.0,0.0002078440447803,0.0,0.9997298121452332,0.0,0.0,0.000270197255304,0.0,0.999792218208313,0.0,0.0,0.0002078440447803,0.0,0.999854564666748,0.0,0.0,0.0001454908342566,0.0,0.999792218208313,0.0,0.0,0.0002078440447803,0.0,0.9997506141662598,0.0,0.0,0.0002494128420948,0.0,0.9998129606246948,0.0,0.0,0.0001870596315711,0.0,0.9997714161872864,0.0,0.0,0.0002286284434376,0.0,0.8489805459976196,0.0160039905458688,0.0187475327402353,0.1162679567933082,0.0,0.8443664312362671,0.0159832071512937,0.0184981189668178,0.12115228921175,0.0,0.8600378632545471,0.0159000698477029,0.0169185046106576,0.1071436032652854,0.0,0.95342218875885,0.0075863073579967,0.0069004222750663,0.0320911183953285,0.0,0.8336624503135681,0.0183734130114316,0.0204518530517816,0.1275123208761215,0.0,0.8833995461463928,0.0160247758030891,0.0160247758030891,0.084550954401493,0.0,0.8482115268707275,0.0182279217988252,0.0200777351856231,0.1134828478097915,0.0,0.9248228669166564,0.0101220048964023,0.0104129863902926,0.0546421967446804,0.0,0.8798246383666992,0.0150894774124026,0.016960073262453,0.0881258770823478,0.0,0.7793527841567993,0.0140502573922276,0.0184773355722427,0.1881196349859237,0.0,0.8240600824356079,0.0177083127200603,0.0209714639931917,0.1372601985931396,0.0,0.9089019894599916,0.0137592758983373,0.0138008445501327,0.0635379254817962,0.0,0.8251616358757019,0.0174381155520677,0.0210338160395622,0.1363664716482162,0.0,0.8292769193649292,0.0178330186754465,0.0184357669204473,0.1344543099403381,0.0,0.8694323897361755,0.0156298726797103,0.0179785098880529,0.0969592481851577,0.0,0.8478789925575256,0.0166067387908697,0.0186643954366445,0.1168499216437339,0.0,0.9429468512535096,0.0096023948863148,0.0087086651474237,0.0387421287596225,0.0,0.8711367249488831,0.0167106613516807,0.0171263497322797,0.0950262919068336,0.0,0.8338702917098999,0.0142581015825271,0.0167937986552715,0.1350778490304947,0.0,0.8081807494163513,0.0168769359588623,0.0203479323536157,0.1545943915843963,0.0,0.9043917655944824,0.0125953489914536,0.0130318216979503,0.0699810907244682,0.0,0.8760626316070557,0.0147569272667169,0.0167314447462558,0.0924490317702293,0.0,0.8674578666687012,0.0157753620296716,0.0161702670156955,0.1005965173244476,0.0,0.8543844819068909,0.0153596745803952,0.0179577246308326,0.1122981384396553,0.0,0.8813626766204834,0.0157753620296716,0.0159832071512937,0.0868788063526153,0.0,0.860308051109314,0.0146530047059059,0.0179577246308326,0.1070812493562698,0.0,0.8578970432281494,0.0155259501188993,0.0174173302948474,0.1091596931219101,0.0,0.8829214572906494,0.0160663444548845,0.0170432105660438,0.0839689895510673,0.0,0.949369251728058,0.0078149363398551,0.0071290507912635,0.0356868207454681,0.0,0.8906948566436768,0.015567518770694733,0.01577536202967167,0.07796230167150497,0.0
64,0.9996259212493896,0.0,0.0,0.0003741192631423,0.0,0.9998337626457214,0.0,0.0,0.0001662752329139,0.0,0.999854564666748,0.0,0.0,0.0001454908342566,0.0,0.9997298121452332,0.0,0.0,0.000270197255304,0.0,0.9997298121452332,0.0,0.0,0.000270197255304,0.0,0.9997298121452332,0.0,0.0,0.000270197255304,0.0,0.9996467232704164,0.0,0.0,0.0003533348790369,0.0,0.9997714161872864,0.0,0.0,0.0002286284434376,0.0,0.9997090697288512,0.0,0.0,0.0002909816685132,0.0,0.9997298121452332,0.0,0.0,0.000270197255304,0.0,0.9998961091041564,0.0,0.0,0.0001039220223901,0.0,0.9999169111251832,0.0,0.0,8.313761645695195e-05,0.0,0.9996882677078248,0.0,0.0,0.0003117660526186,0.0,0.9998961091041564,0.0,0.0,0.0001039220223901,0.0,0.999792218208313,0.0,0.0,0.0002078440447803,0.0,0.9998337626457214,0.0,0.0,0.0001662752329139,0.0,0.9997714161872864,0.0,0.0,0.0002286284434376,0.0,0.9998337626457214,0.0,0.0,0.0001662752329139,0.0,0.9997506141662598,0.0,0.0,0.0002494128420948,0.0,0.999792218208313,0.0,0.0,0.0002078440447803,0.0,0.9996882677078248,0.0,0.0,0.0003117660526186,0.0,0.9997298121452332,0.0,0.0,0.000270197255304,0.0,0.999792218208313,0.0,0.0,0.0002078440447803,0.0,0.9997298121452332,0.0,0.0,0.000270197255304,0.0,0.999792218208313,0.0,0.0,0.0002078440447803,0.0,0.999854564666748,0.0,0.0,0.0001454908342566,0.0,0.999792218208313,0.0,0.0,0.0002078440447803,0.0,0.9997506141662598,0.0,0.0,0.0002494128420948,0.0,0.9998129606246948,0.0,0.0,0.0001870596315711,0.0,0.9997714161872864,0.0,0.0,0.0002286284434376,0.0,0.8451354503631592,0.0159832071512937,0.0189345926046371,0.1199467927217483,0.0,0.8411032557487488,0.0153804589062929,0.0193294957280159,0.1241868138313293,0.0,0.8568370342254639,0.0152973216027021,0.0173965469002723,0.1104691103100776,0.0,0.9515931606292723,0.0077525828965008,0.007253757212311,0.033400535583496,0.0,0.8295263648033142,0.0180616471916437,0.0217820554971694,0.1306299865245819,0.0,0.8800948262214661,0.0153804589062929,0.0172302704304456,0.0872944965958595,0.0,0.8448860049247742,0.0178745873272418,0.0196204781532287,0.117618940770626,0.0,0.922411859035492,0.0097478851675987,0.0113482847809791,0.0564920119941234,0.0,0.8765406608581543,0.0149439861997962,0.0172094870358705,0.0913058891892433,0.0,0.7763806581497192,0.013676137663424,0.0184981189668178,0.1914451420307159,0.0,0.8207137584686279,0.0168561525642871,0.0214079357683658,0.1410221755504608,0.0,0.906158447265625,0.0133435875177383,0.0144243761897087,0.0660736188292503,0.0,0.8210047483444214,0.0178953725844621,0.0206596981734037,0.1404402256011963,0.0,0.8257643580436707,0.0170224271714687,0.0190592985600233,0.1381539404392242,0.0,0.8658782839775085,0.015816930681467,0.018311059102416,0.0999937653541565,0.0,0.844761312007904,0.0154635962098836,0.0195581242442131,0.1202169954776763,0.0,0.9403903484344482,0.0097894547507166,0.0096439635381102,0.0401762537658214,0.0,0.8676865100860596,0.0159208532422781,0.0181863531470298,0.0982063114643096,0.0,0.8307318687438965,0.0141541790217161,0.0170847810804843,0.1380292326211929,0.0,0.8049799799919128,0.0156090874224901,0.0213040150701999,0.1581069678068161,0.0,0.9017313718795776,0.0126784862950444,0.0131773119792342,0.0724128633737564,0.0,0.8723837733268738,0.0152973216027021,0.016960073262453,0.0953588485717773,0.0,0.8643402457237244,0.015193399041891,0.0173757616430521,0.1030906438827514,0.0,0.851204514503479,0.0149439861997962,0.018414981663227,0.1154365837574005,0.0,0.8780579566955566,0.0155259501188993,0.0168769359588623,0.0895392149686813,0.0,0.8570864796638489,0.0145282987505197,0.0180824324488639,0.1103028357028961,0.0,0.8546339273452759,0.0147984959185123,0.0183526296168565,0.1122149974107742,0.0,0.8798661828041077,0.0153804589062929,0.0175212528556585,0.0872321426868438,0.0,0.9479559063911438,0.0073992479592561,0.007648660801351,0.0369962379336357,0.0,0.8875356316566467,0.01477771159261465,0.016440464183688164,0.08124623447656631,0.0
65,0.9996259212493896,0.0,0.0,0.0003741192631423,0.0,0.9998337626457214,0.0,0.0,0.0001662752329139,0.0,0.999854564666748,0.0,0.0,0.0001454908342566,0.0,0.9997298121452332,0.0,0.0,0.000270197255304,0.0,0.9997298121452332,0.0,0.0,0.000270197255304,0.0,0.9997298121452332,0.0,0.0,0.000270197255304,0.0,0.9996467232704164,0.0,0.0,0.0003533348790369,0.0,0.9997714161872864,0.0,0.0,0.0002286284434376,0.0,0.9997090697288512,0.0,0.0,0.0002909816685132,0.0,0.9997298121452332,0.0,0.0,0.000270197255304,0.0,0.9998961091041564,0.0,0.0,0.0001039220223901,0.0,0.9999169111251832,0.0,0.0,8.313761645695195e-05,0.0,0.9996882677078248,0.0,0.0,0.0003117660526186,0.0,0.9998961091041564,0.0,0.0,0.0001039220223901,0.0,0.999792218208313,0.0,0.0,0.0002078440447803,0.0,0.9998337626457214,0.0,0.0,0.0001662752329139,0.0,0.9997714161872864,0.0,0.0,0.0002286284434376,0.0,0.9998337626457214,0.0,0.0,0.0001662752329139,0.0,0.9997506141662598,0.0,0.0,0.0002494128420948,0.0,0.999792218208313,0.0,0.0,0.0002078440447803,0.0,0.9996882677078248,0.0,0.0,0.0003117660526186,0.0,0.9997298121452332,0.0,0.0,0.000270197255304,0.0,0.999792218208313,0.0,0.0,0.0002078440447803,0.0,0.9997298121452332,0.0,0.0,0.000270197255304,0.0,0.999792218208313,0.0,0.0,0.0002078440447803,0.0,0.999854564666748,0.0,0.0,0.0001454908342566,0.0,0.999792218208313,0.0,0.0,0.0002078440447803,0.0,0.9997506141662598,0.0,0.0,0.0002494128420948,0.0,0.9998129606246948,0.0,0.0,0.0001870596315711,0.0,0.9997714161872864,0.0,0.0,0.0002286284434376,0.0,0.8413318991661072,0.0145698674023151,0.0200569499284029,0.1240413263440132,0.0,0.8379440307617188,0.0142373172566294,0.020181655883789,0.1276370286941528,0.0,0.8536778092384338,0.0142373172566294,0.0186436101794242,0.1134412810206413,0.0,0.9499719738960266,0.0071914037689566,0.0077733672223985,0.0350632891058921,0.0,0.8258059620857239,0.0168769359588623,0.0216989181935787,0.1356182396411895,0.0,0.8764783143997192,0.0146114360541105,0.0182487070560455,0.0906615704298019,0.0,0.84050053358078,0.0168561525642871,0.0212624445557594,0.1213809177279472,0.0,0.9201048016548156,0.0092698438093066,0.0120341703295707,0.0585912354290485,0.0,0.8727787137031555,0.0146737890318036,0.0176667440682649,0.0948808044195175,0.0,0.7734500169754028,0.0128655461594462,0.0185396876186132,0.195144772529602,0.0,0.8160372972488403,0.0164196789264678,0.0225302949547767,0.1450127810239792,0.0,0.9028329253196716,0.0129278991371393,0.0155883030965924,0.0686508864164352,0.0,0.8175753355026245,0.0159000698477029,0.021948330104351,0.1445763111114502,0.0,0.8219192624092102,0.0152141833677887,0.0207220502197742,0.1421445459127426,0.0,0.8620331883430481,0.0154843814671039,0.0185189042240381,0.10396359115839,0.0,0.8403550386428833,0.0149855557829141,0.0206389129161834,0.1240205392241478,0.0,0.9380209445953368,0.0100596519187092,0.0097063165158033,0.0422131232917308,0.0,0.863467276096344,0.0154220275580883,0.0193294957280159,0.1017812266945838,0.0,0.8277596831321716,0.0131357433274388,0.0173134077340364,0.1417912095785141,0.0,0.8015713095664978,0.0141749633476138,0.0214287210255861,0.1628250181674957,0.0,0.8991748690605164,0.0116600506007671,0.0138216288760304,0.0753434672951698,0.0,0.8688088655471802,0.0147569272667169,0.017271839082241,0.0991623923182487,0.0,0.8607860803604126,0.0145906517282128,0.0177498813718557,0.106873407959938,0.0,0.8475464582443237,0.0144867300987243,0.0190177299082279,0.118949145078659,0.0,0.8743790984153748,0.0144451605156064,0.0180200785398483,0.0931556969881057,0.0,0.8541766405105591,0.0134267248213291,0.0184773355722427,0.1139193177223205,0.0,0.8514954447746277,0.0134267248213291,0.0197036154568195,0.1153742298483848,0.0,0.8762081265449524,0.0142373172566294,0.0190800838172435,0.0904745087027549,0.0,0.9462307691574096,0.007232972420752,0.0081682708114385,0.0383680090308189,0.0,0.8838567733764648,0.01405025739222765,0.01754203625023365,0.08455095440149307,0.0
66,0.9996259212493896,0.0,0.0,0.0003741192631423,0.0,0.9998337626457214,0.0,0.0,0.0001662752329139,0.0,0.999854564666748,0.0,0.0,0.0001454908342566,0.0,0.9997298121452332,0.0,0.0,0.000270197255304,0.0,0.9997298121452332,0.0,0.0,0.000270197255304,0.0,0.9997298121452332,0.0,0.0,0.000270197255304,0.0,0.9996467232704164,0.0,0.0,0.0003533348790369,0.0,0.9997714161872864,0.0,0.0,0.0002286284434376,0.0,0.9997090697288512,0.0,0.0,0.0002909816685132,0.0,0.9997298121452332,0.0,0.0,0.000270197255304,0.0,0.9998961091041564,0.0,0.0,0.0001039220223901,0.0,0.9999169111251832,0.0,0.0,8.313761645695195e-05,0.0,0.9996882677078248,0.0,0.0,0.0003117660526186,0.0,0.9998961091041564,0.0,0.0,0.0001039220223901,0.0,0.999792218208313,0.0,0.0,0.0002078440447803,0.0,0.9998337626457214,0.0,0.0,0.0001662752329139,0.0,0.9997714161872864,0.0,0.0,0.0002286284434376,0.0,0.9998337626457214,0.0,0.0,0.0001662752329139,0.0,0.9997506141662598,0.0,0.0,0.0002494128420948,0.0,0.999792218208313,0.0,0.0,0.0002078440447803,0.0,0.9996882677078248,0.0,0.0,0.0003117660526186,0.0,0.9997298121452332,0.0,0.0,0.000270197255304,0.0,0.999792218208313,0.0,0.0,0.0002078440447803,0.0,0.9997298121452332,0.0,0.0,0.000270197255304,0.0,0.999792218208313,0.0,0.0,0.0002078440447803,0.0,0.999854564666748,0.0,0.0,0.0001454908342566,0.0,0.999792218208313,0.0,0.0,0.0002078440447803,0.0,0.9997506141662598,0.0,0.0,0.0002494128420948,0.0,0.9998129606246948,0.0,0.0,0.0001870596315711,0.0,0.9997714161872864,0.0,0.0,0.0002286284434376,0.0,0.8383805155754089,0.0138631975278258,0.0199945960193872,0.1277617365121841,0.0,0.8350134491920471,0.0125745646655559,0.0208675414323806,0.1315445005893707,0.0,0.850560188293457,0.0131565276533365,0.0187891013920307,0.1174942329525947,0.0,0.9478935599327089,0.0071082659997045,0.0087710181251168,0.0362272150814533,0.0,0.8212333917617798,0.0162949729710817,0.0221561752259731,0.1403155177831649,0.0,0.8725292682647705,0.0138424132019281,0.019454201683402,0.0941741317510604,0.0,0.8362189531326294,0.0159416384994983,0.0226550009101629,0.1251844614744186,0.0,0.9175482988357544,0.0094776879996061,0.0121173076331615,0.0608567334711551,0.0,0.8692453503608704,0.0136969219893217,0.0183734130114316,0.0986843481659889,0.0,0.7706441283226013,0.0117431879043579,0.0184773355722427,0.1991353780031204,0.0,0.8115686178207397,0.0159000698477029,0.0229459814727306,0.1495853513479232,0.0,0.8992164731025696,0.0125122116878628,0.0170224271714687,0.0712489336729049,0.0,0.8127533197402954,0.0160871297121047,0.0222185272723436,0.1489410400390625,0.0,0.8181988596916199,0.0142788859084248,0.0216157808899879,0.1459065228700637,0.0,0.8583543300628662,0.014507514424622,0.0193710643798112,0.1077671349048614,0.0,0.8370503187179565,0.0141541790217161,0.0206804815679788,0.1281150728464126,0.0,0.935568392276764,0.009415335021913,0.0112443622201681,0.043771956115961,0.0,0.859726071357727,0.0145698674023151,0.0205557756125926,0.1051483005285263,0.0,0.8243718147277832,0.0125537803396582,0.0181032158434391,0.1449712216854095,0.0,0.7976638674736023,0.0138216288760304,0.0218236241489648,0.1666909158229828,0.0,0.8958701491355896,0.0115353446453809,0.0145906517282128,0.0780038684606552,0.0,0.8653586506843567,0.0138008445501327,0.0185812581330537,0.1022592708468437,0.0,0.857273519039154,0.0139047661796212,0.0188098866492509,0.1100118532776832,0.0,0.8440962433815002,0.0135930003598332,0.0198906753212213,0.1224201396107673,0.0,0.8703053593635559,0.0145698674023151,0.0193294957280159,0.0957953184843063,0.0,0.8502900004386902,0.0131357433274388,0.0191840045154094,0.1173903122544288,0.0,0.847795844078064,0.0130318216979503,0.0202232245355844,0.118949145078659,0.0,0.8724045753479004,0.0139047661796212,0.0199738126248121,0.093716874718666,0.0,0.9444433450698853,0.0067965001799166,0.0088957250118255,0.0398644879460334,0.0,0.8802610635757446,0.013696921989321709,0.0186020415276289,0.08743999153375626,0.0
67,0.9996259212493896,0.0,0.0,0.0003741192631423,0.0,0.9998337626457214,0.0,0.0,0.0001662752329139,0.0,0.999854564666748,0.0,0.0,0.0001454908342566,0.0,0.9997298121452332,0.0,0.0,0.000270197255304,0.0,0.9997298121452332,0.0,0.0,0.000270197255304,0.0,0.9997298121452332,0.0,0.0,0.000270197255304,0.0,0.9996467232704164,0.0,0.0,0.0003533348790369,0.0,0.9997714161872864,0.0,0.0,0.0002286284434376,0.0,0.9997090697288512,0.0,0.0,0.0002909816685132,0.0,0.9997298121452332,0.0,0.0,0.000270197255304,0.0,0.9998961091041564,0.0,0.0,0.0001039220223901,0.0,0.9999169111251832,0.0,0.0,8.313761645695195e-05,0.0,0.9996882677078248,0.0,0.0,0.0003117660526186,0.0,0.9998961091041564,0.0,0.0,0.0001039220223901,0.0,0.999792218208313,0.0,0.0,0.0002078440447803,0.0,0.9998337626457214,0.0,0.0,0.0001662752329139,0.0,0.9997714161872864,0.0,0.0,0.0002286284434376,0.0,0.9998337626457214,0.0,0.0,0.0001662752329139,0.0,0.9997506141662598,0.0,0.0,0.0002494128420948,0.0,0.999792218208313,0.0,0.0,0.0002078440447803,0.0,0.9996882677078248,0.0,0.0,0.0003117660526186,0.0,0.9997298121452332,0.0,0.0,0.000270197255304,0.0,0.999792218208313,0.0,0.0,0.0002078440447803,0.0,0.9997298121452332,0.0,0.0,0.000270197255304,0.0,0.999792218208313,0.0,0.0,0.0002078440447803,0.0,0.999854564666748,0.0,0.0,0.0001454908342566,0.0,0.999792218208313,0.0,0.0,0.0002078440447803,0.0,0.9997506141662598,0.0,0.0,0.0002494128420948,0.0,0.9998129606246948,0.0,0.0,0.0001870596315711,0.0,0.9997714161872864,0.0,0.0,0.0002286284434376,0.0,0.8349718451499939,0.0140086887404322,0.0195996928960084,0.1314197927713394,0.0,0.8316463828086853,0.0127200549468398,0.0200361646711826,0.1355974525213241,0.0,0.846756637096405,0.0132812345400452,0.0193087123334407,0.1206534653902053,0.0,0.9460645318031312,0.0073576788417994,0.008999646641314,0.0375782027840614,0.0,0.8172635436058044,0.0163988955318927,0.0227381382137537,0.1435994505882263,0.0,0.8686633706092834,0.0147361429408192,0.0195581242442131,0.0970423817634582,0.0,0.8320412635803223,0.0161702670156955,0.0229667667299509,0.1288217306137085,0.0,0.9150749444961548,0.0097478851675987,0.0125122116878628,0.0626649782061576,0.0,0.8657743334770203,0.0140502573922276,0.018311059102416,0.1018643677234649,0.0,0.7676512002944946,0.0117016192525625,0.0175836067646741,0.2030636221170425,0.0,0.8081184029579163,0.0159416384994983,0.0216989181935787,0.154241070151329,0.0,0.895641565322876,0.0132604502141475,0.0169185046106576,0.0741795375943183,0.0,0.8086172342300415,0.016544384881854,0.0216781329363584,0.153160274028778,0.0,0.8144784569740295,0.0147984959185123,0.0214495044201612,0.1492735892534256,0.0,0.8550080060958862,0.0144243761897087,0.019454201683402,0.1111134216189384,0.0,0.8332467675209045,0.0146322203800082,0.020597344264388,0.1315237134695053,0.0,0.9327832460403442,0.0101635735481977,0.0113482847809791,0.0457049049437046,0.0,0.8554237484931946,0.0157130099833011,0.0203271470963954,0.1085361614823341,0.0,0.8211502432823181,0.0127200549468398,0.0177290961146354,0.1484006494283676,0.0,0.793694019317627,0.0144867300987243,0.021220875903964,0.1705983877182006,0.0,0.8924615383148193,0.0119302477687597,0.0150479087606072,0.0805603489279747,0.0,0.8613057136535645,0.0147569272667169,0.0182902757078409,0.1056471243500709,0.0,0.8531789779663086,0.0142788859084248,0.019038513302803,0.1135036274790763,0.0,0.8408538699150085,0.0135306473821401,0.019142435863614,0.1264730989933014,0.0,0.8661484718322754,0.0152141833677887,0.0193918496370315,0.0992455333471298,0.0,0.846444845199585,0.0138631975278258,0.0188930239528417,0.1207989603281021,0.0,0.8439299464225769,0.0139671191573143,0.0196828301995992,0.1224201396107673,0.0,0.86837238073349,0.0145490830764174,0.0195789095014333,0.0974996387958526,0.0,0.9426974058151244,0.0066717937588691,0.0096023948863148,0.0410284139215946,0.0,0.8765822649002075,0.01411261036992073,0.018789101392030716,0.09051608294248581,0.0
68,0.9996259212493896,0.0,0.0,0.0003741192631423,0.0,0.9998337626457214,0.0,0.0,0.0001662752329139,0.0,0.999854564666748,0.0,0.0,0.0001454908342566,0.0,0.9997298121452332,0.0,0.0,0.000270197255304,0.0,0.9997298121452332,0.0,0.0,0.000270197255304,0.0,0.9997298121452332,0.0,0.0,0.000270197255304,0.0,0.9996467232704164,0.0,0.0,0.0003533348790369,0.0,0.9997714161872864,0.0,0.0,0.0002286284434376,0.0,0.9997090697288512,0.0,0.0,0.0002909816685132,0.0,0.9997298121452332,0.0,0.0,0.000270197255304,0.0,0.9998961091041564,0.0,0.0,0.0001039220223901,0.0,0.9999169111251832,0.0,0.0,8.313761645695195e-05,0.0,0.9996882677078248,0.0,0.0,0.0003117660526186,0.0,0.9998961091041564,0.0,0.0,0.0001039220223901,0.0,0.999792218208313,0.0,0.0,0.0002078440447803,0.0,0.9998337626457214,0.0,0.0,0.0001662752329139,0.0,0.9997714161872864,0.0,0.0,0.0002286284434376,0.0,0.9998337626457214,0.0,0.0,0.0001662752329139,0.0,0.9997506141662598,0.0,0.0,0.0002494128420948,0.0,0.999792218208313,0.0,0.0,0.0002078440447803,0.0,0.9996882677078248,0.0,0.0,0.0003117660526186,0.0,0.9997298121452332,0.0,0.0,0.000270197255304,0.0,0.999792218208313,0.0,0.0,0.0002078440447803,0.0,0.9997298121452332,0.0,0.0,0.000270197255304,0.0,0.999792218208313,0.0,0.0,0.0002078440447803,0.0,0.999854564666748,0.0,0.0,0.0001454908342566,0.0,0.999792218208313,0.0,0.0,0.0002078440447803,0.0,0.9997506141662598,0.0,0.0,0.0002494128420948,0.0,0.9998129606246948,0.0,0.0,0.0001870596315711,0.0,0.9997714161872864,0.0,0.0,0.0002286284434376,0.0,0.8311267495155334,0.0140086887404322,0.0198491066694259,0.1350154876708984,0.0,0.8274894952774048,0.0136137846857309,0.0192463584244251,0.1396504044532776,0.0,0.8432024717330933,0.0136345690116286,0.0191008672118186,0.124062106013298,0.0,0.9437782168388368,0.0078149363398551,0.009415335021913,0.0389915406703949,0.0,0.8127949237823486,0.0167314447462558,0.0225095096975564,0.1479641795158386,0.0,0.8640908002853394,0.0160039905458688,0.0193294957280159,0.1005757302045822,0.0,0.8271777033805847,0.0177083127200603,0.0215534269809722,0.1335605829954147,0.0,0.9119988679885864,0.0104129863902926,0.0125329960137605,0.0650551840662956,0.0,0.8615759015083313,0.0149647705256938,0.0183734130114316,0.1050859466195106,0.0,0.7646790146827698,0.0117016192525625,0.0170224271714687,0.2065969705581665,0.0,0.8037744760513306,0.0169392898678779,0.0210546012967824,0.1582316756248474,0.0,0.8914015293121338,0.0147569272667169,0.0165028162300586,0.077338770031929,0.0,0.8044188022613525,0.0165859553962945,0.0215949956327676,0.157400295138359,0.0,0.8097187876701355,0.0160455591976642,0.0213455837219953,0.15289007127285,0.0,0.8508927226066589,0.0149855557829141,0.0191840045154094,0.1149377524852752,0.0,0.8291106820106506,0.0156506560742855,0.0197243988513946,0.1355143189430236,0.0,0.9299981594085692,0.0103922020643949,0.0121588762849569,0.0474507957696914,0.0,0.8509966135025024,0.0166898760944604,0.0201608724892139,0.1121526435017585,0.0,0.8178247213363647,0.0129071148112416,0.0173965469002723,0.1518716365098953,0.0,0.7897865772247314,0.015193399041891,0.0200777351856231,0.1749423295259475,0.0,0.8882838487625122,0.0134475091472268,0.0152557529509067,0.0830129086971283,0.0,0.856816291809082,0.0155675187706947,0.0184357669204473,0.1091804727911949,0.0,0.8489805459976196,0.0153596745803952,0.0188930239528417,0.1167667806148529,0.0,0.8367177844047546,0.0144867300987243,0.0185396876186132,0.1302558630704879,0.0,0.8619707822799683,0.0160871297121047,0.0190800838172435,0.1028620153665542,0.0,0.8423295617103577,0.0147569272667169,0.0178745873272418,0.1250389814376831,0.0,0.8400848507881165,0.0145490830764174,0.0187891013920307,0.1265770196914672,0.0,0.8646519780158997,0.0152141833677887,0.0191216524690389,0.1010122075676918,0.0,0.94047349691391,0.0074823852628469,0.0092282751575112,0.0428158715367317,0.0,0.8722798824310303,0.015255752950906754,0.01872674748301506,0.0937376618385315,0.0
69,0.9996259212493896,0.0,0.0,0.0003741192631423,0.0,0.9998337626457214,0.0,0.0,0.0001662752329139,0.0,0.999854564666748,0.0,0.0,0.0001454908342566,0.0,0.9997298121452332,0.0,0.0,0.000270197255304,0.0,0.9997298121452332,0.0,0.0,0.000270197255304,0.0,0.9997298121452332,0.0,0.0,0.000270197255304,0.0,0.9996467232704164,0.0,0.0,0.0003533348790369,0.0,0.9997714161872864,0.0,0.0,0.0002286284434376,0.0,0.9997090697288512,0.0,0.0,0.0002909816685132,0.0,0.9997298121452332,0.0,0.0,0.000270197255304,0.0,0.9998961091041564,0.0,0.0,0.0001039220223901,0.0,0.9999169111251832,0.0,0.0,8.313761645695195e-05,0.0,0.9996882677078248,0.0,0.0,0.0003117660526186,0.0,0.9998961091041564,0.0,0.0,0.0001039220223901,0.0,0.999792218208313,0.0,0.0,0.0002078440447803,0.0,0.9998337626457214,0.0,0.0,0.0001662752329139,0.0,0.9997714161872864,0.0,0.0,0.0002286284434376,0.0,0.9998337626457214,0.0,0.0,0.0001662752329139,0.0,0.9997506141662598,0.0,0.0,0.0002494128420948,0.0,0.999792218208313,0.0,0.0,0.0002078440447803,0.0,0.9996882677078248,0.0,0.0,0.0003117660526186,0.0,0.9997298121452332,0.0,0.0,0.000270197255304,0.0,0.999792218208313,0.0,0.0,0.0002078440447803,0.0,0.9997298121452332,0.0,0.0,0.000270197255304,0.0,0.999792218208313,0.0,0.0,0.0002078440447803,0.0,0.999854564666748,0.0,0.0,0.0001454908342566,0.0,0.999792218208313,0.0,0.0,0.0002078440447803,0.0,0.9997506141662598,0.0,0.0,0.0002494128420948,0.0,0.9998129606246948,0.0,0.0,0.0001870596315711,0.0,0.9997714161872864,0.0,0.0,0.0002286284434376,0.0,0.82767653465271,0.0136553533375263,0.0197867527604103,0.1388813853263855,0.0,0.824122428894043,0.0138216288760304,0.0185396876186132,0.1435163170099258,0.0,0.8400432467460632,0.0136345690116286,0.0184565503150224,0.12786565721035,0.0,0.9417205452919006,0.0082514081150293,0.0093737663701176,0.0406542941927909,0.0,0.8088250756263733,0.0169808585196733,0.0217820554971694,0.1524120420217514,0.0,0.8604950904846191,0.0159832071512937,0.0189969446510076,0.1045247688889503,0.0,0.8236443400382996,0.0168561525642871,0.022260095924139,0.1372394263744354,0.0,0.9094216227531432,0.0106831835582852,0.0120549546554684,0.0678402930498123,0.0,0.8578970432281494,0.0148816332221031,0.0187059640884399,0.1085153743624687,0.0,0.7616444826126099,0.0118055418133735,0.0166067387908697,0.2099432647228241,0.0,0.7997215390205383,0.0163157563656568,0.0215326435863971,0.1624301224946975,0.0,0.8876395225524902,0.015193399041891,0.0166690926998853,0.080497995018959,0.0,0.8001372218132019,0.0174381155520677,0.021324798464775,0.1610999107360839,0.0,0.8060399889945984,0.0158792845904827,0.0208675414323806,0.1572132259607315,0.0,0.8472346663475037,0.0147984959185123,0.0196620468050241,0.1183048263192176,0.0,0.8254733681678772,0.0148816332221031,0.019869890064001,0.1397751122713089,0.0,0.9272961616516112,0.0107247522100806,0.0121588762849569,0.0498202182352542,0.0,0.8462578058242798,0.0172094870358705,0.0201400872319936,0.1163926646113395,0.0,0.815226674079895,0.0125329960137605,0.0171263497322797,0.155114009976387,0.0,0.7862740159034729,0.0152973216027021,0.0190177299082279,0.1794109791517257,0.0,0.8847089409828186,0.014465944841504,0.015234968625009,0.0855901762843132,0.0,0.8534284234046936,0.0153804589062929,0.0188722386956214,0.1123189181089401,0.0,0.8456758260726929,0.0151102617383003,0.0187475327402353,0.1204664036631584,0.0,0.8332051634788513,0.0143412388861179,0.0186020415276289,0.133851557970047,0.0,0.8586245179176331,0.0157545786350965,0.0192047897726297,0.1064161509275436,0.0,0.8386299014091492,0.015546734444797,0.0174381155520677,0.1283852607011795,0.0,0.8365514874458313,0.0149439861997962,0.0179369412362575,0.1305676251649856,0.0,0.8607029318809509,0.0155051657930016,0.019038513302803,0.1047533974051475,0.0,0.9384781718254088,0.0077525828965008,0.0091243535280227,0.0446448996663093,0.0,0.8681437969207764,0.015713009983301163,0.01845655031502247,0.09768670052289963,0.0
70,0.9996259212493896,0.0,0.0,0.0003741192631423,0.0,0.9998337626457214,0.0,0.0,0.0001662752329139,0.0,0.999854564666748,0.0,0.0,0.0001454908342566,0.0,0.9997298121452332,0.0,0.0,0.000270197255304,0.0,0.9997298121452332,0.0,0.0,0.000270197255304,0.0,0.9997298121452332,0.0,0.0,0.000270197255304,0.0,0.9996467232704164,0.0,0.0,0.0003533348790369,0.0,0.9997714161872864,0.0,0.0,0.0002286284434376,0.0,0.9997090697288512,0.0,0.0,0.0002909816685132,0.0,0.9997298121452332,0.0,0.0,0.000270197255304,0.0,0.9998961091041564,0.0,0.0,0.0001039220223901,0.0,0.9999169111251832,0.0,0.0,8.313761645695195e-05,0.0,0.9996882677078248,0.0,0.0,0.0003117660526186,0.0,0.9998961091041564,0.0,0.0,0.0001039220223901,0.0,0.999792218208313,0.0,0.0,0.0002078440447803,0.0,0.9998337626457214,0.0,0.0,0.0001662752329139,0.0,0.9997714161872864,0.0,0.0,0.0002286284434376,0.0,0.9998337626457214,0.0,0.0,0.0001662752329139,0.0,0.9997506141662598,0.0,0.0,0.0002494128420948,0.0,0.999792218208313,0.0,0.0,0.0002078440447803,0.0,0.9996882677078248,0.0,0.0,0.0003117660526186,0.0,0.9997298121452332,0.0,0.0,0.000270197255304,0.0,0.999792218208313,0.0,0.0,0.0002078440447803,0.0,0.9997298121452332,0.0,0.0,0.000270197255304,0.0,0.999792218208313,0.0,0.0,0.0002078440447803,0.0,0.999854564666748,0.0,0.0,0.0001454908342566,0.0,0.999792218208313,0.0,0.0,0.0002078440447803,0.0,0.9997506141662598,0.0,0.0,0.0002494128420948,0.0,0.9998129606246948,0.0,0.0,0.0001870596315711,0.0,0.9997714161872864,0.0,0.0,0.0002286284434376,0.0,0.8252655267715454,0.0131149590015411,0.0175212528556585,0.1440982669591903,0.0,0.8218361139297485,0.0131773119792342,0.0171679183840751,0.1478186845779419,0.0,0.8377153873443604,0.0128447618335485,0.0173549782484769,0.1320848912000656,0.0,0.9404526948928832,0.0074408166110515,0.0092698438093066,0.0428366586565971,0.0,0.8060815334320068,0.0151518303900957,0.0214495044201612,0.1573171615600586,0.0,0.8580633401870728,0.014465944841504,0.0185604728758335,0.1089102774858474,0.0,0.8214619755744934,0.0147569272667169,0.0211377386003732,0.1426433622837066,0.0,0.9075302481651306,0.0100180823355913,0.0118263261392712,0.070625402033329,0.0,0.8551327586174011,0.0141126103699207,0.0182071384042501,0.1125475466251373,0.0,0.7599817514419556,0.0106623992323875,0.0156714413315057,0.2136844545602798,0.0,0.7970610857009888,0.014507514424622,0.0208883266896009,0.1675430834293365,0.0,0.885394811630249,0.0138216288760304,0.016544384881854,0.0842391923069953,0.0,0.7978925108909607,0.0148608488962054,0.0207220502197742,0.1665246486663818,0.0,0.8036913275718689,0.014507514424622,0.0189345926046371,0.1628665924072265,0.0,0.8447405099868774,0.0136137846857309,0.0191632211208343,0.122482493519783,0.0,0.8231039643287659,0.0139463348314166,0.0182902757078409,0.1446594595909118,0.0,0.9253424406051636,0.0102259265258908,0.0125122116878628,0.0519194416701793,0.0,0.8440130949020386,0.0157130099833011,0.0191632211208343,0.1211107224225997,0.0,0.8130859136581421,0.011285931803286,0.0165236014872789,0.1591046154499054,0.0,0.7843618392944336,0.0133020188659429,0.0180824324488639,0.1842537373304367,0.0,0.8825265765190125,0.0133435875177383,0.0149647705256938,0.0891650915145874,0.0,0.8509342670440674,0.0144243761897087,0.0182071384042501,0.1164342314004898,0.0,0.8433064222335815,0.0139671191573143,0.0181032158434391,0.1246232837438583,0.0,0.8307526111602783,0.0133435875177383,0.0179369412362575,0.1379668712615966,0.0,0.8561303615570068,0.0141749633476138,0.0185189042240381,0.1111757755279541,0.0,0.836447536945343,0.0138424132019281,0.0173134077340364,0.1323966532945633,0.0,0.8346185088157654,0.0131773119792342,0.0171263497322797,0.1350778490304947,0.0,0.8581880331039429,0.0142165319994091,0.0180408619344234,0.1095545962452888,0.0,0.9372103214263916,0.007232972420752,0.0090204309672117,0.0465362817049026,0.0,0.8657327890396118,0.014528298750519753,0.017645958811044693,0.10209299623966217,0.0
71,0.9996259212493896,0.0,0.0,0.0003741192631423,0.0,0.9998337626457214,0.0,0.0,0.0001662752329139,0.0,0.999854564666748,0.0,0.0,0.0001454908342566,0.0,0.9997298121452332,0.0,0.0,0.000270197255304,0.0,0.9997298121452332,0.0,0.0,0.000270197255304,0.0,0.9997298121452332,0.0,0.0,0.000270197255304,0.0,0.9996467232704164,0.0,0.0,0.0003533348790369,0.0,0.9997714161872864,0.0,0.0,0.0002286284434376,0.0,0.9997090697288512,0.0,0.0,0.0002909816685132,0.0,0.9997298121452332,0.0,0.0,0.000270197255304,0.0,0.9998961091041564,0.0,0.0,0.0001039220223901,0.0,0.9999169111251832,0.0,0.0,8.313761645695195e-05,0.0,0.9996882677078248,0.0,0.0,0.0003117660526186,0.0,0.9998961091041564,0.0,0.0,0.0001039220223901,0.0,0.999792218208313,0.0,0.0,0.0002078440447803,0.0,0.9998337626457214,0.0,0.0,0.0001662752329139,0.0,0.9997714161872864,0.0,0.0,0.0002286284434376,0.0,0.9998337626457214,0.0,0.0,0.0001662752329139,0.0,0.9997506141662598,0.0,0.0,0.0002494128420948,0.0,0.999792218208313,0.0,0.0,0.0002078440447803,0.0,0.9996882677078248,0.0,0.0,0.0003117660526186,0.0,0.9997298121452332,0.0,0.0,0.000270197255304,0.0,0.999792218208313,0.0,0.0,0.0002078440447803,0.0,0.9997298121452332,0.0,0.0,0.000270197255304,0.0,0.999792218208313,0.0,0.0,0.0002078440447803,0.0,0.999854564666748,0.0,0.0,0.0001454908342566,0.0,0.999792218208313,0.0,0.0,0.0002078440447803,0.0,0.9997506141662598,0.0,0.0,0.0002494128420948,0.0,0.9998129606246948,0.0,0.0,0.0001870596315711,0.0,0.9997714161872864,0.0,0.0,0.0002286284434376,0.0,0.8230208158493042,0.0119510320946574,0.017271839082241,0.1477563232183456,0.0,0.8200486898422241,0.011597697623074,0.0159416384994983,0.1524120420217514,0.0,0.8356577754020691,0.0110988719388842,0.016960073262453,0.1362833380699157,0.0,0.9389978051185608,0.0070666973479092,0.0089372936636209,0.0449982360005378,0.0,0.8037121295928955,0.0135514317080378,0.0202647931873798,0.1624716818332672,0.0,0.8555691838264465,0.0130941746756434,0.0177083127200603,0.1136283352971077,0.0,0.8187600374221802,0.0132812345400452,0.0201193038374185,0.1478394716978073,0.0,0.9056180715560912,0.0094569036737084,0.0119510320946574,0.0729740411043167,0.0,0.8526594042778015,0.0131149590015411,0.0171679183840751,0.1170577630400657,0.0,0.7581319212913513,0.0095192566514015,0.0147361429408192,0.2176127135753631,0.0,0.7945877909660339,0.0135306473821401,0.0193502809852361,0.1725313365459442,0.0,0.8827760219573975,0.0128655461594462,0.0160871297121047,0.088271364569664,0.0,0.7956893444061279,0.0129278991371393,0.0202232245355844,0.171159565448761,0.0,0.8016336560249329,0.0128447618335485,0.017999293282628,0.1675222963094711,0.0,0.8421217203140259,0.0128863304853439,0.0178538039326667,0.1271381974220276,0.0,0.8208800554275513,0.0123667204752564,0.0179577246308326,0.1487955451011657,0.0,0.9237212538719176,0.0090620005503296,0.0122004449367523,0.055016316473484,0.0,0.8416228890419006,0.0138008445501327,0.0188722386956214,0.1257040798664093,0.0,0.8110697865486145,0.0100804362446069,0.0157753620296716,0.1630744338035583,0.0,0.7824496626853943,0.0112443622201681,0.0177914500236511,0.1885145455598831,0.0,0.8804481625556946,0.012013386003673,0.0149439861997962,0.0925945192575454,0.0,0.8487103581428528,0.0125953489914536,0.0178538039326667,0.1208405271172523,0.0,0.8410824537277222,0.0120965233072638,0.017999293282628,0.1288217306137085,0.0,0.8285079002380371,0.0123459361493587,0.0168353673070669,0.1423108130693435,0.0,0.8536362648010254,0.0125122116878628,0.018726747483015,0.1151248142123222,0.0,0.8339742422103882,0.0124706421047449,0.0169808585196733,0.136574313044548,0.0,0.8325400948524475,0.0113898534327745,0.0168977212160825,0.1391723752021789,0.0,0.8556939363479614,0.0126784862950444,0.0179369412362575,0.1136906892061233,0.0,0.9356515407562256,0.0070459130220115,0.0085423905402421,0.048760212957859,0.0,0.8629684448242188,0.013613784685730934,0.0173757616430521,0.10604202747344971,0.0
72,0.9996259212493896,0.0,0.0,0.0003741192631423,0.0,0.9998337626457214,0.0,0.0,0.0001662752329139,0.0,0.999854564666748,0.0,0.0,0.0001454908342566,0.0,0.9997298121452332,0.0,0.0,0.000270197255304,0.0,0.9997298121452332,0.0,0.0,0.000270197255304,0.0,0.9997298121452332,0.0,0.0,0.000270197255304,0.0,0.9996467232704164,0.0,0.0,0.0003533348790369,0.0,0.9997714161872864,0.0,0.0,0.0002286284434376,0.0,0.9997090697288512,0.0,0.0,0.0002909816685132,0.0,0.9997298121452332,0.0,0.0,0.000270197255304,0.0,0.9998961091041564,0.0,0.0,0.0001039220223901,0.0,0.9999169111251832,0.0,0.0,8.313761645695195e-05,0.0,0.9996882677078248,0.0,0.0,0.0003117660526186,0.0,0.9998961091041564,0.0,0.0,0.0001039220223901,0.0,0.999792218208313,0.0,0.0,0.0002078440447803,0.0,0.9998337626457214,0.0,0.0,0.0001662752329139,0.0,0.9997714161872864,0.0,0.0,0.0002286284434376,0.0,0.9998337626457214,0.0,0.0,0.0001662752329139,0.0,0.9997506141662598,0.0,0.0,0.0002494128420948,0.0,0.999792218208313,0.0,0.0,0.0002078440447803,0.0,0.9996882677078248,0.0,0.0,0.0003117660526186,0.0,0.9997298121452332,0.0,0.0,0.000270197255304,0.0,0.999792218208313,0.0,0.0,0.0002078440447803,0.0,0.9997298121452332,0.0,0.0,0.000270197255304,0.0,0.999792218208313,0.0,0.0,0.0002078440447803,0.0,0.999854564666748,0.0,0.0,0.0001454908342566,0.0,0.999792218208313,0.0,0.0,0.0002078440447803,0.0,0.9997506141662598,0.0,0.0,0.0002494128420948,0.0,0.9998129606246948,0.0,0.0,0.0001870596315711,0.0,0.9997714161872864,0.0,0.0,0.0002286284434376,0.0,0.8207553625106812,0.0103714177384972,0.0178538039326667,0.1510194838047027,0.0,0.8179702162742615,0.0095192566514015,0.0168769359588623,0.1556336134672165,0.0,0.8334546089172363,0.0097478851675987,0.0168353673070669,0.1399621814489364,0.0,0.9372103214263916,0.0065678716637194,0.0096439635381102,0.0465778484940528,0.0,0.8011140823364258,0.0116808349266648,0.0208675414323806,0.1663375794887542,0.0,0.8527425527572632,0.0113482847809791,0.0193087123334407,0.1166005060076713,0.0,0.8159749507904053,0.0112027935683727,0.0210338160395622,0.1517885029315948,0.0,0.9039968848228456,0.0080019952729344,0.0128239775076508,0.0751771926879882,0.0,0.850248396396637,0.0113275004550814,0.0182487070560455,0.1201754212379455,0.0,0.7564275860786438,0.0082514081150293,0.0146737890318036,0.2206472307443618,0.0,0.7920728325843811,0.0117016192525625,0.0202855784446001,0.1759399771690368,0.0,0.8801779747009277,0.0112235778942704,0.0175004675984382,0.0910980403423309,0.0,0.7935069799423218,0.0109118120744824,0.0207428354769945,0.1748384088277816,0.0,0.7991395592689514,0.0105792619287967,0.0195581242442131,0.170723095536232,0.0,0.8392742276191711,0.0116184819489717,0.0185396876186132,0.1305676251649856,0.0,0.8184690475463867,0.0106416149064898,0.0187683161348104,0.1521210521459579,0.0,0.9216843843460084,0.0083137620240449,0.012948683463037,0.0570531897246837,0.0,0.8391703367233276,0.0118263261392712,0.0201400872319936,0.1288633048534393,0.0,0.8085548877716064,0.0092698438093066,0.0160455591976642,0.1661297380924224,0.0,0.7801634073257446,0.0096231792122125,0.0183941982686519,0.1918192654848098,0.0,0.8783904910087585,0.0098933763802051,0.0161079131066799,0.0956082567572593,0.0,0.8462162017822266,0.0106000462546944,0.0192463584244251,0.1239373981952667,0.0,0.8382765650749207,0.0107039678841829,0.0184773355722427,0.13254214823246,0.0,0.8262216448783875,0.0104961236938834,0.0176667440682649,0.1456155329942703,0.0,0.8509966135025024,0.0109741650521755,0.0193918496370315,0.1186373755335807,0.0,0.8315840363502502,0.0107455365359783,0.0179785098880529,0.1396919786930084,0.0,0.8304616212844849,0.0096231792122125,0.0178122334182262,0.1421029716730117,0.0,0.8528464436531067,0.0118055418133735,0.0182694904506206,0.1170785501599311,0.0,0.9341965913772584,0.0062768901698291,0.0088957250118255,0.0506308078765869,0.0,0.8600378632545471,0.012242013588547707,0.01841498166322708,0.10930518060922623,0.0
73,0.9996259212493896,0.0,0.0,0.0003741192631423,0.0,0.9998337626457214,0.0,0.0,0.0001662752329139,0.0,0.999854564666748,0.0,0.0,0.0001454908342566,0.0,0.9997298121452332,0.0,0.0,0.000270197255304,0.0,0.9997298121452332,0.0,0.0,0.000270197255304,0.0,0.9997298121452332,0.0,0.0,0.000270197255304,0.0,0.9996467232704164,0.0,0.0,0.0003533348790369,0.0,0.9997714161872864,0.0,0.0,0.0002286284434376,0.0,0.9997090697288512,0.0,0.0,0.0002909816685132,0.0,0.9997298121452332,0.0,0.0,0.000270197255304,0.0,0.9998961091041564,0.0,0.0,0.0001039220223901,0.0,0.9999169111251832,0.0,0.0,8.313761645695195e-05,0.0,0.9996882677078248,0.0,0.0,0.0003117660526186,0.0,0.9998961091041564,0.0,0.0,0.0001039220223901,0.0,0.999792218208313,0.0,0.0,0.0002078440447803,0.0,0.9998337626457214,0.0,0.0,0.0001662752329139,0.0,0.9997714161872864,0.0,0.0,0.0002286284434376,0.0,0.9998337626457214,0.0,0.0,0.0001662752329139,0.0,0.9997506141662598,0.0,0.0,0.0002494128420948,0.0,0.999792218208313,0.0,0.0,0.0002078440447803,0.0,0.9996882677078248,0.0,0.0,0.0003117660526186,0.0,0.9997298121452332,0.0,0.0,0.000270197255304,0.0,0.999792218208313,0.0,0.0,0.0002078440447803,0.0,0.9997298121452332,0.0,0.0,0.000270197255304,0.0,0.999792218208313,0.0,0.0,0.0002078440447803,0.0,0.999854564666748,0.0,0.0,0.0001454908342566,0.0,0.999792218208313,0.0,0.0,0.0002078440447803,0.0,0.9997506141662598,0.0,0.0,0.0002494128420948,0.0,0.9998129606246948,0.0,0.0,0.0001870596315711,0.0,0.9997714161872864,0.0,0.0,0.0002286284434376,0.0,0.8180741667747498,0.0096023948863148,0.0174588989466428,0.1548645943403244,0.0,0.815933346748352,0.0081890551373362,0.0169808585196733,0.1588967740535736,0.0,0.8310228586196899,0.0090204309672117,0.0167937986552715,0.1431629806756973,0.0,0.936004877090454,0.0057157110422849,0.0098725920543074,0.0484068766236305,0.0,0.7989732623100281,0.0098518077284097,0.0207012668251991,0.1704736799001693,0.0,0.8500613570213318,0.0104337707161903,0.0195996928960084,0.1199052259325981,0.0,0.813480794429779,0.0101635735481977,0.0212416611611843,0.155114009976387,0.0,0.902417242527008,0.0070043443702161,0.0129902521148324,0.077588178217411,0.0,0.848107635974884,0.0097894547507166,0.0186436101794242,0.1234593614935875,0.0,0.754723310470581,0.006921206600964,0.0147361429408192,0.2236194014549255,0.0,0.7899944186210632,0.009727100841701,0.0209922473877668,0.1792862713336944,0.0,0.8782034516334534,0.0094361193478107,0.0185189042240381,0.0938415825366973,0.0,0.791490912437439,0.0086463121697306,0.0208675414323806,0.178995281457901,0.0,0.7967908978462219,0.0092490594834089,0.0197243988513946,0.1742356568574905,0.0,0.8371542096138,0.0100804362446069,0.0186436101794242,0.134121760725975,0.0,0.8163906335830688,0.0090827848762273,0.0192879270762205,0.1552387177944183,0.0,0.9198138117790222,0.0074823852628469,0.0130941746756434,0.0596096701920032,0.0,0.8369048237800598,0.0093529820442199,0.0214287210255861,0.1323135197162628,0.0,0.8067674040794373,0.0084592523053288,0.0155051657930016,0.1692681908607483,0.0,0.7781680822372437,0.0081059178337454,0.0187059640884399,0.1950200647115707,0.0,0.8757508397102356,0.0089580779895186,0.0170224271714687,0.0982686653733253,0.0,0.8435142636299133,0.0099141607061028,0.0189553759992122,0.1276162415742874,0.0,0.8357616662979126,0.0099141607061028,0.0186643954366445,0.1356597989797592,0.0,0.8240184783935547,0.0091867065057158,0.017999293282628,0.1487955451011657,0.0,0.8487311601638794,0.0098933763802051,0.0194334182888269,0.1219420954585075,0.0,0.8293392658233643,0.0092906290665268,0.0184565503150224,0.1429135650396347,0.0,0.8282793164253235,0.008272192440927,0.0180824324488639,0.1453661173582077,0.0,0.8505185842514038,0.0101843578740954,0.0191632211208343,0.1201338544487953,0.0,0.932928740978241,0.0055494359694421,0.0094776879996061,0.0520441494882106,0.0,0.8578139543533325,0.01032984908670187,0.019391849637031555,0.11246441304683685,0.0
74,0.9996259212493896,0.0,0.0,0.0003741192631423,0.0,0.9998337626457214,0.0,0.0,0.0001662752329139,0.0,0.999854564666748,0.0,0.0,0.0001454908342566,0.0,0.9997298121452332,0.0,0.0,0.000270197255304,0.0,0.9997298121452332,0.0,0.0,0.000270197255304,0.0,0.9997298121452332,0.0,0.0,0.000270197255304,0.0,0.9996467232704164,0.0,0.0,0.0003533348790369,0.0,0.9997714161872864,0.0,0.0,0.0002286284434376,0.0,0.9997090697288512,0.0,0.0,0.0002909816685132,0.0,0.9997298121452332,0.0,0.0,0.000270197255304,0.0,0.9998961091041564,0.0,0.0,0.0001039220223901,0.0,0.9999169111251832,0.0,0.0,8.313761645695195e-05,0.0,0.9996882677078248,0.0,0.0,0.0003117660526186,0.0,0.9998961091041564,0.0,0.0,0.0001039220223901,0.0,0.999792218208313,0.0,0.0,0.0002078440447803,0.0,0.9998337626457214,0.0,0.0,0.0001662752329139,0.0,0.9997714161872864,0.0,0.0,0.0002286284434376,0.0,0.9998337626457214,0.0,0.0,0.0001662752329139,0.0,0.9997506141662598,0.0,0.0,0.0002494128420948,0.0,0.999792218208313,0.0,0.0,0.0002078440447803,0.0,0.9996882677078248,0.0,0.0,0.0003117660526186,0.0,0.9997298121452332,0.0,0.0,0.000270197255304,0.0,0.999792218208313,0.0,0.0,0.0002078440447803,0.0,0.9997298121452332,0.0,0.0,0.000270197255304,0.0,0.999792218208313,0.0,0.0,0.0002078440447803,0.0,0.999854564666748,0.0,0.0,0.0001454908342566,0.0,0.999792218208313,0.0,0.0,0.0002078440447803,0.0,0.9997506141662598,0.0,0.0,0.0002494128420948,0.0,0.9998129606246948,0.0,0.0,0.0001870596315711,0.0,0.9997714161872864,0.0,0.0,0.0002286284434376,0.0,0.816972553730011,0.0082929776981472,0.0160663444548845,0.1586681455373764,0.0,0.8143953084945679,0.0074408166110515,0.0161079131066799,0.1620559990406036,0.0,0.8296095132827759,0.0081059178337454,0.0159624218940734,0.1463222056627273,0.0,0.9350903630256652,0.0053623761050403,0.0095192566514015,0.050028059631586,0.0,0.7975183725357056,0.0085631748661398,0.0197243988513946,0.1741940975189209,0.0,0.8482323288917542,0.009831023402512,0.018414981663227,0.1235217154026031,0.0,0.8118180632591248,0.0096439635381102,0.019038513302803,0.1594995111227035,0.0,0.901315689086914,0.0062145367264747,0.0125745646655559,0.0798952504992485,0.0,0.8466319441795349,0.0085008209571242,0.0176459588110446,0.127221331000328,0.0,0.7539958357810974,0.0059859082102775,0.0134682934731245,0.2265499979257583,0.0,0.788456380367279,0.0086047435179352,0.0189761612564325,0.1839627623558044,0.0,0.8767693042755127,0.0086255278438329,0.0174381155520677,0.0971670895814895,0.0,0.7899320721626282,0.007960426621139,0.0196828301995992,0.182424709200859,0.0,0.7954815030097961,0.0082098394632339,0.0182279217988252,0.1780807673931121,0.0,0.8359487056732178,0.008791803382337,0.0172926243394613,0.1379668712615966,0.0,0.8149149417877197,0.0081890551373362,0.0172510556876659,0.1596450060606002,0.0,0.9188161492347716,0.006526303011924,0.0126784862950444,0.061979092657566,0.0,0.835034191608429,0.0089788623154163,0.019454201683402,0.1365327537059784,0.0,0.8058528900146484,0.007232972420752,0.0146737890318036,0.1722403615713119,0.0,0.7765676975250244,0.0077941515482962,0.0172094870358705,0.1984287053346634,0.0,0.8746492862701416,0.0078772893175482,0.0166483074426651,0.1008251458406448,0.0,0.8418930768966675,0.0090412162244319,0.0178745873272418,0.1311911642551422,0.0,0.8343067765235901,0.008999646641314,0.0174796842038631,0.1392139345407486,0.0,0.8227506279945374,0.0080019952729344,0.0167937986552715,0.152453601360321,0.0,0.8471099734306335,0.0090204309672117,0.0182487070560455,0.1256209313869476,0.0,0.8277596831321716,0.008687880821526,0.0177290961146354,0.1458233743906021,0.0,0.8268451690673828,0.0077733672223985,0.0168769359588623,0.1485045701265335,0.0,0.8491052389144897,0.0090827848762273,0.0180200785398483,0.1237919107079505,0.0,0.932138979434967,0.00507139461115,0.0090204309672117,0.0537692531943321,0.0,0.8561927676200867,0.009540041908621788,0.01812400110065937,0.11614324897527695,0.0
75,0.9996259212493896,0.0,0.0,0.0003741192631423,0.0,0.9998337626457214,0.0,0.0,0.0001662752329139,0.0,0.999854564666748,0.0,0.0,0.0001454908342566,0.0,0.9997298121452332,0.0,0.0,0.000270197255304,0.0,0.9997298121452332,0.0,0.0,0.000270197255304,0.0,0.9997298121452332,0.0,0.0,0.000270197255304,0.0,0.9996467232704164,0.0,0.0,0.0003533348790369,0.0,0.9997714161872864,0.0,0.0,0.0002286284434376,0.0,0.9997090697288512,0.0,0.0,0.0002909816685132,0.0,0.9997298121452332,0.0,0.0,0.000270197255304,0.0,0.9998961091041564,0.0,0.0,0.0001039220223901,0.0,0.9999169111251832,0.0,0.0,8.313761645695195e-05,0.0,0.9996882677078248,0.0,0.0,0.0003117660526186,0.0,0.9998961091041564,0.0,0.0,0.0001039220223901,0.0,0.999792218208313,0.0,0.0,0.0002078440447803,0.0,0.9998337626457214,0.0,0.0,0.0001662752329139,0.0,0.9997714161872864,0.0,0.0,0.0002286284434376,0.0,0.9998337626457214,0.0,0.0,0.0001662752329139,0.0,0.9997506141662598,0.0,0.0,0.0002494128420948,0.0,0.999792218208313,0.0,0.0,0.0002078440447803,0.0,0.9996882677078248,0.0,0.0,0.0003117660526186,0.0,0.9997298121452332,0.0,0.0,0.000270197255304,0.0,0.999792218208313,0.0,0.0,0.0002078440447803,0.0,0.9997298121452332,0.0,0.0,0.000270197255304,0.0,0.999792218208313,0.0,0.0,0.0002078440447803,0.0,0.999854564666748,0.0,0.0,0.0001454908342566,0.0,0.999792218208313,0.0,0.0,0.0002078440447803,0.0,0.9997506141662598,0.0,0.0,0.0002494128420948,0.0,0.9998129606246948,0.0,0.0,0.0001870596315711,0.0,0.9997714161872864,0.0,0.0,0.0002286284434376,0.0,0.81516432762146,0.0078565049916505,0.0153596745803952,0.1616195291280746,0.0,0.8124831318855286,0.007565523032099,0.0149647705256938,0.1649865955114364,0.0,0.8280714154243469,0.0075863073579967,0.0149024175480008,0.1494398713111877,0.0,0.9334275722503662,0.0055702202953398,0.0088957250118255,0.052106499671936,0.0,0.7951697111129761,0.0085423905402421,0.0175212528556585,0.1787666529417038,0.0,0.8459044694900513,0.0096647478640079,0.016960073262453,0.1274707466363906,0.0,0.8098642826080322,0.0088957250118255,0.0174588989466428,0.1637811064720153,0.0,0.8996945023536682,0.0059235552325844,0.0119302477687597,0.082451730966568,0.0,0.8445742726325989,0.0080851335078477,0.0165859553962945,0.130754679441452,0.0,0.7527695298194885,0.0053623761050403,0.0125122116878628,0.229355901479721,0.0,0.7863779067993164,0.0082098394632339,0.0169808585196733,0.1884314119815826,0.0,0.8748571276664734,0.0079188579693436,0.0164404641836881,0.1007835790514946,0.0,0.7879783511161804,0.0077110137790441,0.0170639958232641,0.1872466951608657,0.0,0.7936316728591919,0.0080019952729344,0.0165651701390743,0.1818011850118637,0.0,0.8337871432304382,0.0083345463499426,0.016232619062066,0.1416457146406173,0.0,0.8130443096160889,0.0078357206657528,0.0161702670156955,0.162949725985527,0.0,0.9170702695846558,0.0066510094329714,0.0118471104651689,0.0644316524267196,0.0,0.8327063918113708,0.0089165093377232,0.0181032158434391,0.1402739435434341,0.0,0.8041486144065857,0.006921206600964,0.0133020188659429,0.1756282150745391,0.0,0.7750296592712402,0.0074200322851538,0.0152141833677887,0.2023361772298813,0.0,0.8719473481178284,0.0085008209571242,0.0154220275580883,0.1041298657655716,0.0,0.8401263952255249,0.0085839591920375,0.0166483074426651,0.1346413642168045,0.0,0.8323945999145508,0.008687880821526,0.0161910504102706,0.1427264958620071,0.0,0.8204851150512695,0.0080227795988321,0.0155883030965924,0.1559038162231445,0.0,0.8446158170700073,0.0090204309672117,0.0166690926998853,0.1296946853399276,0.0,0.8257643580436707,0.0082098394632339,0.0163157563656568,0.1497100591659546,0.0,0.825223982334137,0.0073161101900041,0.0152557529509067,0.1522041857242584,0.0,0.8471931219100952,0.0085008209571242,0.0167106613516807,0.127595454454422,0.0,0.9311620593070984,0.0044894311577081,0.008791803382337,0.0555567108094692,0.0,0.8538025617599487,0.009165922179818153,0.017292624339461327,0.11973895132541656,0.0
76,0.9996259212493896,0.0,0.0,0.0003741192631423,0.0,0.9998337626457214,0.0,0.0,0.0001662752329139,0.0,0.999854564666748,0.0,0.0,0.0001454908342566,0.0,0.9997298121452332,0.0,0.0,0.000270197255304,0.0,0.9997298121452332,0.0,0.0,0.000270197255304,0.0,0.9997298121452332,0.0,0.0,0.000270197255304,0.0,0.9996467232704164,0.0,0.0,0.0003533348790369,0.0,0.9997714161872864,0.0,0.0,0.0002286284434376,0.0,0.9997090697288512,0.0,0.0,0.0002909816685132,0.0,0.9997298121452332,0.0,0.0,0.000270197255304,0.0,0.9998961091041564,0.0,0.0,0.0001039220223901,0.0,0.9999169111251832,0.0,0.0,8.313761645695195e-05,0.0,0.9996882677078248,0.0,0.0,0.0003117660526186,0.0,0.9998961091041564,0.0,0.0,0.0001039220223901,0.0,0.999792218208313,0.0,0.0,0.0002078440447803,0.0,0.9998337626457214,0.0,0.0,0.0001662752329139,0.0,0.9997714161872864,0.0,0.0,0.0002286284434376,0.0,0.9998337626457214,0.0,0.0,0.0001662752329139,0.0,0.9997506141662598,0.0,0.0,0.0002494128420948,0.0,0.999792218208313,0.0,0.0,0.0002078440447803,0.0,0.9996882677078248,0.0,0.0,0.0003117660526186,0.0,0.9997298121452332,0.0,0.0,0.000270197255304,0.0,0.999792218208313,0.0,0.0,0.0002078440447803,0.0,0.9997298121452332,0.0,0.0,0.000270197255304,0.0,0.999792218208313,0.0,0.0,0.0002078440447803,0.0,0.999854564666748,0.0,0.0,0.0001454908342566,0.0,0.999792218208313,0.0,0.0,0.0002078440447803,0.0,0.9997506141662598,0.0,0.0,0.0002494128420948,0.0,0.9998129606246948,0.0,0.0,0.0001870596315711,0.0,0.9997714161872864,0.0,0.0,0.0002286284434376,0.0,0.8136054873466492,0.0071498351171612,0.0142165319994091,0.1650281697511673,0.0,0.810778796672821,0.0071914037689566,0.013676137663424,0.1683536767959594,0.0,0.8263047933578491,0.0071498351171612,0.0133020188659429,0.1532434076070785,0.0,0.9320973753929138,0.0051129632629454,0.0088541563600301,0.0539355278015136,0.0,0.7933822870254517,0.0077317981049418,0.0161494817584753,0.1827364861965179,0.0,0.8437429070472717,0.008999646641314,0.0159208532422781,0.1313366442918777,0.0,0.8074948787689209,0.0084800366312265,0.0160663444548845,0.1679587662220001,0.0,0.8978862762451172,0.006110614631325,0.0110780876129865,0.084925077855587,0.0,0.8422048687934875,0.0080435648560523,0.0155259501188993,0.1342256814241409,0.0,0.7514601349830627,0.0049674725160002,0.0112235778942704,0.2323488593101501,0.0,0.7849022150039673,0.0071706194430589,0.0160455591976642,0.1918816119432449,0.0,0.8726540207862854,0.0075239543803036,0.0154635962098836,0.1043584942817688,0.0,0.7861493229866028,0.0073576788417994,0.0151102617383003,0.1913827955722808,0.0,0.7918442487716675,0.0072953258641064,0.0153388902544975,0.185521587729454,0.0,0.8323114514350891,0.0069627752527594,0.0157337933778762,0.1449920088052749,0.0,0.8112984299659729,0.0071706194430589,0.0147777115926146,0.166753277182579,0.0,0.9151996374130248,0.0064847338944673,0.0110988719388842,0.0672167614102363,0.0,0.8305863738059998,0.0085839591920375,0.0162534043192863,0.1445763111114502,0.0,0.8029015064239502,0.0056533580645918,0.0125953489914536,0.1788498014211654,0.0,0.7731382846832275,0.0070251286961138,0.0135306473821401,0.2063059955835342,0.0,0.8700975179672241,0.0082929776981472,0.0140710417181253,0.1075385063886642,0.0,0.8384013175964355,0.0078149363398551,0.0150894774124026,0.1386943310499191,0.0,0.8303577303886414,0.0079188579693436,0.0149024175480008,0.1468210369348526,0.0,0.8186560869216919,0.007565523032099,0.0146322203800082,0.1591461896896362,0.0,0.8427867889404297,0.0082098394632339,0.0151518303900957,0.133851557970047,0.0,0.8238937854766846,0.0076902294531464,0.0148608488962054,0.1535551846027374,0.0,0.8235196471214294,0.0069419909268617,0.0134682934731245,0.1560700833797454,0.0,0.8453224897384644,0.0075239543803036,0.0155259501188993,0.1316276341676712,0.0,0.9296240210533142,0.0045725689269602,0.0085008209571242,0.057302601635456,0.0,0.852056622505188,0.007981210947036743,0.016544384881854057,0.12341779470443726,0.0
77,0.9996259212493896,0.0,0.0,0.0003741192631423,0.0,0.9998337626457214,0.0,0.0,0.0001662752329139,0.0,0.999854564666748,0.0,0.0,0.0001454908342566,0.0,0.9997298121452332,0.0,0.0,0.000270197255304,0.0,0.9997298121452332,0.0,0.0,0.000270197255304,0.0,0.9997298121452332,0.0,0.0,0.000270197255304,0.0,0.9996467232704164,0.0,0.0,0.0003533348790369,0.0,0.9997714161872864,0.0,0.0,0.0002286284434376,0.0,0.9997090697288512,0.0,0.0,0.0002909816685132,0.0,0.9997298121452332,0.0,0.0,0.000270197255304,0.0,0.9998961091041564,0.0,0.0,0.0001039220223901,0.0,0.9999169111251832,0.0,0.0,8.313761645695195e-05,0.0,0.9996882677078248,0.0,0.0,0.0003117660526186,0.0,0.9998961091041564,0.0,0.0,0.0001039220223901,0.0,0.999792218208313,0.0,0.0,0.0002078440447803,0.0,0.9998337626457214,0.0,0.0,0.0001662752329139,0.0,0.9997714161872864,0.0,0.0,0.0002286284434376,0.0,0.9998337626457214,0.0,0.0,0.0001662752329139,0.0,0.9997506141662598,0.0,0.0,0.0002494128420948,0.0,0.999792218208313,0.0,0.0,0.0002078440447803,0.0,0.9996882677078248,0.0,0.0,0.0003117660526186,0.0,0.9997298121452332,0.0,0.0,0.000270197255304,0.0,0.999792218208313,0.0,0.0,0.0002078440447803,0.0,0.9997298121452332,0.0,0.0,0.000270197255304,0.0,0.999792218208313,0.0,0.0,0.0002078440447803,0.0,0.999854564666748,0.0,0.0,0.0001454908342566,0.0,0.999792218208313,0.0,0.0,0.0002078440447803,0.0,0.9997506141662598,0.0,0.0,0.0002494128420948,0.0,0.9998129606246948,0.0,0.0,0.0001870596315711,0.0,0.9997714161872864,0.0,0.0,0.0002286284434376,0.0,0.8101968765258789,0.0078772893175482,0.013052606023848,0.1688732802867889,0.0,0.8074740767478943,0.0084592523053288,0.0115561289712786,0.1725105494260788,0.0,0.8222517967224121,0.0087710181251168,0.0121796606108546,0.1567975431680679,0.0,0.9291044473648072,0.0069004222750663,0.0077733672223985,0.0562218129634857,0.0,0.7892462015151978,0.009727100841701,0.0138216288760304,0.1872051209211349,0.0,0.8393365740776062,0.0107247522100806,0.0140294730663299,0.1359092146158218,0.0,0.8036705255508423,0.0098102390766143,0.0136969219893217,0.1728223264217376,0.0,0.8942282199859619,0.0081890551373362,0.0095816105604171,0.0880011692643165,0.0,0.8378193378448486,0.0102882804349064,0.0134682934731245,0.1384241282939911,0.0,0.7490075826644897,0.0057157110422849,0.0099557293578982,0.2353210300207138,0.0,0.7808700799942017,0.0091243535280227,0.013780060224235,0.1962255537509918,0.0,0.8680606484413147,0.0101427892223,0.0131980963051319,0.1085985079407692,0.0,0.7831771373748779,0.0083137620240449,0.0129278991371393,0.195581242442131,0.0,0.7881861925125122,0.0086047435179352,0.0129278991371393,0.1902812123298645,0.0,0.8281545639038086,0.008999646641314,0.0137384915724396,0.1491073220968246,0.0,0.8073493838310242,0.0090412162244319,0.0127200549468398,0.1708893775939941,0.0,0.911645531654358,0.0081682708114385,0.0101843578740954,0.070001870393753,0.0,0.8261800408363342,0.0107247522100806,0.014091826044023,0.1490033864974975,0.0,0.7998877763748169,0.0068796379491686,0.0110573032870888,0.1821753084659576,0.0,0.7701452970504761,0.0080227795988321,0.0116184819489717,0.2102134674787521,0.0,0.8662731647491455,0.0094776879996061,0.0125329960137605,0.1117161735892295,0.0,0.833932638168335,0.0095816105604171,0.0133020188659429,0.1431837528944015,0.0,0.825993001461029,0.0097686694934964,0.0132188806310296,0.1510194838047027,0.0,0.8149980306625366,0.0090204309672117,0.0126992706209421,0.1632822751998901,0.0,0.8378401398658752,0.0108910277485847,0.0132396649569273,0.1380292326211929,0.0,0.8202980756759644,0.0090412162244319,0.0129902521148324,0.1576704829931259,0.0,0.8201733827590942,0.0081059178337454,0.0118055418133735,0.1599152088165283,0.0,0.8403965830802917,0.0101220048964023,0.0141333946958184,0.1353480368852615,0.0,0.9261946082115172,0.0067341467365622,0.0075447387062013,0.0595265328884124,0.0,0.8474425077438354,0.010371417738497257,0.014465944841504097,0.1277201622724533,0.0
78,0.9996259212493896,0.0,0.0,0.0003741192631423,0.0,0.9998337626457214,0.0,0.0,0.0001662752329139,0.0,0.999854564666748,0.0,0.0,0.0001454908342566,0.0,0.9997298121452332,0.0,0.0,0.000270197255304,0.0,0.9997298121452332,0.0,0.0,0.000270197255304,0.0,0.9997298121452332,0.0,0.0,0.000270197255304,0.0,0.9996467232704164,0.0,0.0,0.0003533348790369,0.0,0.9997714161872864,0.0,0.0,0.0002286284434376,0.0,0.9997090697288512,0.0,0.0,0.0002909816685132,0.0,0.9997298121452332,0.0,0.0,0.000270197255304,0.0,0.9998961091041564,0.0,0.0,0.0001039220223901,0.0,0.9999169111251832,0.0,0.0,8.313761645695195e-05,0.0,0.9996882677078248,0.0,0.0,0.0003117660526186,0.0,0.9998961091041564,0.0,0.0,0.0001039220223901,0.0,0.999792218208313,0.0,0.0,0.0002078440447803,0.0,0.9998337626457214,0.0,0.0,0.0001662752329139,0.0,0.9997714161872864,0.0,0.0,0.0002286284434376,0.0,0.9998337626457214,0.0,0.0,0.0001662752329139,0.0,0.9997506141662598,0.0,0.0,0.0002494128420948,0.0,0.999792218208313,0.0,0.0,0.0002078440447803,0.0,0.9996882677078248,0.0,0.0,0.0003117660526186,0.0,0.9997298121452332,0.0,0.0,0.000270197255304,0.0,0.999792218208313,0.0,0.0,0.0002078440447803,0.0,0.9997298121452332,0.0,0.0,0.000270197255304,0.0,0.999792218208313,0.0,0.0,0.0002078440447803,0.0,0.999854564666748,0.0,0.0,0.0001454908342566,0.0,0.999792218208313,0.0,0.0,0.0002078440447803,0.0,0.9997506141662598,0.0,0.0,0.0002494128420948,0.0,0.9998129606246948,0.0,0.0,0.0001870596315711,0.0,0.9997714161872864,0.0,0.0,0.0002286284434376,0.0,0.8068090081214905,0.0101635735481977,0.0107039678841829,0.1723234951496124,0.0,0.8046889901161194,0.0097063165158033,0.009727100841701,0.1758776307106018,0.0,0.8190510272979736,0.010558477602899,0.0104337707161903,0.1599567681550979,0.0,0.9269428253173828,0.0081474864855408,0.0066302251070737,0.0582794696092605,0.0,0.7856088876724243,0.011909463442862,0.0113067161291837,0.1911749541759491,0.0,0.8353251814842224,0.0129071148112416,0.0122627988457679,0.139504924416542,0.0,0.8001787662506104,0.0116392662748694,0.0118263261392712,0.1763556748628616,0.0,0.8917548656463623,0.0095608262345194,0.0081059178337454,0.0905784368515014,0.0,0.833537757396698,0.0130941746756434,0.0112651474773883,0.1421029716730117,0.0,0.7471577525138855,0.006838068831712,0.007648660801351,0.2383555471897125,0.0,0.7772120237350464,0.0112443622201681,0.0112651474773883,0.2002785205841064,0.0,0.8639661073684692,0.0128031931817531,0.010870243422687,0.1123604923486709,0.0,0.7804959416389465,0.0094361193478107,0.0102051421999931,0.1998628228902816,0.0,0.7854633927345276,0.0100180823355913,0.010558477602899,0.1939600557088852,0.0,0.8247459530830383,0.0112027935683727,0.011285931803286,0.1527653634548187,0.0,0.8043980002403259,0.0105169080197811,0.010558477602899,0.174526646733284,0.0,0.908735692501068,0.0100804362446069,0.0084800366312265,0.0727038457989692,0.0,0.8222310543060303,0.0128031931817531,0.0112235778942704,0.1537422388792038,0.0,0.797165036201477,0.008687880821526,0.0093737663701176,0.1847733557224273,0.0,0.7675057053565979,0.0090620005503296,0.0097063165158033,0.2137260288000106,0.0,0.86236572265625,0.0122835831716656,0.0100596519187092,0.1152910888195037,0.0,0.8302745819091797,0.0116184819489717,0.0115353446453809,0.1465716212987899,0.0,0.8221479058265686,0.0121588762849569,0.0113690691068768,0.1543242037296295,0.0,0.8113192319869995,0.0114314220845699,0.010454555042088,0.1667948365211486,0.0,0.8342859745025635,0.0128239775076508,0.0115145603194832,0.1413755118846893,0.0,0.8170973062515259,0.0106623992323875,0.010870243422687,0.161370113492012,0.0,0.8171388506889343,0.0097063165158033,0.0097063165158033,0.1634485572576522,0.0,0.8368008732795715,0.0123043674975633,0.011597697623074,0.1392970830202102,0.0,0.9240330457687378,0.0081059178337454,0.0063392431475222,0.0615218356251716,0.0,0.843410313129425,0.012782408855855465,0.011951032094657421,0.1318562626838684,0.0
79,0.9996259212493896,0.0,0.0,0.0003741192631423,0.0,0.9998337626457214,0.0,0.0,0.0001662752329139,0.0,0.999854564666748,0.0,0.0,0.0001454908342566,0.0,0.9997298121452332,0.0,0.0,0.000270197255304,0.0,0.9997298121452332,0.0,0.0,0.000270197255304,0.0,0.9997298121452332,0.0,0.0,0.000270197255304,0.0,0.9996467232704164,0.0,0.0,0.0003533348790369,0.0,0.9997714161872864,0.0,0.0,0.0002286284434376,0.0,0.9997090697288512,0.0,0.0,0.0002909816685132,0.0,0.9997298121452332,0.0,0.0,0.000270197255304,0.0,0.9998961091041564,0.0,0.0,0.0001039220223901,0.0,0.9999169111251832,0.0,0.0,8.313761645695195e-05,0.0,0.9996882677078248,0.0,0.0,0.0003117660526186,0.0,0.9998961091041564,0.0,0.0,0.0001039220223901,0.0,0.999792218208313,0.0,0.0,0.0002078440447803,0.0,0.9998337626457214,0.0,0.0,0.0001662752329139,0.0,0.9997714161872864,0.0,0.0,0.0002286284434376,0.0,0.9998337626457214,0.0,0.0,0.0001662752329139,0.0,0.9997506141662598,0.0,0.0,0.0002494128420948,0.0,0.999792218208313,0.0,0.0,0.0002078440447803,0.0,0.9996882677078248,0.0,0.0,0.0003117660526186,0.0,0.9997298121452332,0.0,0.0,0.000270197255304,0.0,0.999792218208313,0.0,0.0,0.0002078440447803,0.0,0.9997298121452332,0.0,0.0,0.000270197255304,0.0,0.999792218208313,0.0,0.0,0.0002078440447803,0.0,0.999854564666748,0.0,0.0,0.0001454908342566,0.0,0.999792218208313,0.0,0.0,0.0002078440447803,0.0,0.9997506141662598,0.0,0.0,0.0002494128420948,0.0,0.9998129606246948,0.0,0.0,0.0001870596315711,0.0,0.9997714161872864,0.0,0.0,0.0002286284434376,0.0,0.8049383759498596,0.0102259265258908,0.0101012205705046,0.1747344881296157,0.0,0.8022156357765198,0.0102674951776862,0.0093529820442199,0.1781639158725738,0.0,0.8153721690177917,0.0126992706209421,0.0096439635381102,0.1622846275568008,0.0,0.9253008961677552,0.0081267021596431,0.0070251286961138,0.0595473162829875,0.0,0.7826159596443176,0.0125537803396582,0.0109118120744824,0.1939184963703155,0.0,0.8321036100387573,0.0138008445501327,0.0121588762849569,0.1419366896152496,0.0,0.7976222634315491,0.0122420135885477,0.011597697623074,0.1785380244255066,0.0,0.8895516991615295,0.0101427892223,0.0078357206657528,0.0924698114395141,0.0,0.8306902647018433,0.0138839818537235,0.010558477602899,0.1448673009872436,0.0,0.7453287243843079,0.0074408166110515,0.0072121880948543,0.240018293261528,0.0,0.7745723724365234,0.0118055418133735,0.0106831835582852,0.2029389292001724,0.0,0.8609731793403625,0.0138839818537235,0.0105376932770013,0.1146052032709121,0.0,0.7786045670509338,0.0093737663701176,0.0099141607061028,0.202107548713684,0.0,0.7833434343338013,0.0102882804349064,0.0100596519187092,0.1963087022304535,0.0,0.8219192624092102,0.0118678947910666,0.0109533807262778,0.1552595049142837,0.0,0.8017791509628296,0.0112651474773883,0.0100596519187092,0.1768960654735565,0.0,0.9062831401824952,0.0107871061190962,0.008272192440927,0.0746575817465782,0.0,0.8189470767974854,0.0137592758983373,0.0113067161291837,0.155986949801445,0.0,0.7943175435066223,0.009831023402512,0.0089372936636209,0.1869141459465026,0.0,0.7651986479759216,0.009831023402512,0.0093321977183222,0.2156381905078888,0.0,0.8594558835029602,0.0124914264306426,0.0105792619287967,0.1174734532833099,0.0,0.8274271488189697,0.0126992706209421,0.0108078904449939,0.1490657478570938,0.0,0.8194043636322021,0.0129902521148324,0.0109118120744824,0.156693622469902,0.0,0.8087835311889648,0.0117016192525625,0.0102674951776862,0.1692474037408828,0.0,0.8312514424324036,0.013364371843636,0.0115145603194832,0.1438696384429931,0.0,0.8144784569740295,0.011285931803286,0.0106831835582852,0.1635524779558181,0.0,0.8143329620361328,0.0108910277485847,0.0093945506960153,0.1653815060853958,0.0,0.8334546089172363,0.0137384915724396,0.0109949493780732,0.1418119966983795,0.0,0.9223910570144652,0.0087710181251168,0.0060482616536319,0.062789686024189,0.0,0.8397315144538879,0.014071041718125343,0.011930247768759727,0.13426725566387177,0.0
80,0.9996259212493896,0.0,0.0,0.0003741192631423,0.0,0.9998337626457214,0.0,0.0,0.0001662752329139,0.0,0.999854564666748,0.0,0.0,0.0001454908342566,0.0,0.9997298121452332,0.0,0.0,0.000270197255304,0.0,0.9997298121452332,0.0,0.0,0.000270197255304,0.0,0.9997298121452332,0.0,0.0,0.000270197255304,0.0,0.9996467232704164,0.0,0.0,0.0003533348790369,0.0,0.9997714161872864,0.0,0.0,0.0002286284434376,0.0,0.9997090697288512,0.0,0.0,0.0002909816685132,0.0,0.9997298121452332,0.0,0.0,0.000270197255304,0.0,0.9998961091041564,0.0,0.0,0.0001039220223901,0.0,0.9999169111251832,0.0,0.0,8.313761645695195e-05,0.0,0.9996882677078248,0.0,0.0,0.0003117660526186,0.0,0.9998961091041564,0.0,0.0,0.0001039220223901,0.0,0.999792218208313,0.0,0.0,0.0002078440447803,0.0,0.9998337626457214,0.0,0.0,0.0001662752329139,0.0,0.9997714161872864,0.0,0.0,0.0002286284434376,0.0,0.9998337626457214,0.0,0.0,0.0001662752329139,0.0,0.9997506141662598,0.0,0.0,0.0002494128420948,0.0,0.999792218208313,0.0,0.0,0.0002078440447803,0.0,0.9996882677078248,0.0,0.0,0.0003117660526186,0.0,0.9997298121452332,0.0,0.0,0.000270197255304,0.0,0.999792218208313,0.0,0.0,0.0002078440447803,0.0,0.9997298121452332,0.0,0.0,0.000270197255304,0.0,0.999792218208313,0.0,0.0,0.0002078440447803,0.0,0.999854564666748,0.0,0.0,0.0001454908342566,0.0,0.999792218208313,0.0,0.0,0.0002078440447803,0.0,0.9997506141662598,0.0,0.0,0.0002494128420948,0.0,0.9998129606246948,0.0,0.0,0.0001870596315711,0.0,0.9997714161872864,0.0,0.0,0.0002286284434376,0.0,0.8024027347564697,0.0112027935683727,0.009415335021913,0.176979199051857,0.0,0.7990772128105164,0.0117016192525625,0.0092698438093066,0.1799513697624206,0.0,0.8131898045539856,0.0131149590015411,0.0093529820442199,0.1643422842025756,0.0,0.9232640266418456,0.0088333720341324,0.0069004222750663,0.0610022246837616,0.0,0.7802672982215881,0.0131149590015411,0.0103298490867018,0.196287915110588,0.0,0.8295679092407227,0.0141749633476138,0.0118263261392712,0.1444308310747146,0.0,0.795045018196106,0.0124498577788472,0.0112651474773883,0.1812400072813034,0.0,0.8871614933013916,0.0107247522100806,0.0077317981049418,0.0943819805979728,0.0,0.8275102376937866,0.0146945733577013,0.010454555042088,0.147340640425682,0.0,0.743312656879425,0.0081474864855408,0.0066717937588691,0.241868108510971,0.0,0.772140622138977,0.0127616245299577,0.0096855321899056,0.2054122686386108,0.0,0.8581464886665344,0.014507514424622,0.0101220048964023,0.1172240376472473,0.0,0.7757570743560791,0.0103922020643949,0.0095400419086217,0.2043106853961944,0.0,0.7813273072242737,0.0105169080197811,0.0097894547507166,0.1983663588762283,0.0,0.819425106048584,0.0128863304853439,0.0098102390766143,0.1578783392906189,0.0,0.7994928956031799,0.0118055418133735,0.0095816105604171,0.1791199892759323,0.0,0.9034149050712584,0.0117847574874758,0.0085216052830219,0.0762787610292434,0.0,0.8164113759994507,0.0141749633476138,0.0110365189611911,0.1583771556615829,0.0,0.7921767830848694,0.0107247522100806,0.0081682708114385,0.1889302283525467,0.0,0.7628707885742188,0.0102674951776862,0.0093114133924245,0.2175503522157669,0.0,0.8559017777442932,0.0141957476735115,0.0103506334125995,0.1195518895983696,0.0,0.8240600824356079,0.0143412388861179,0.0103090647608041,0.1512896716594696,0.0,0.816577672958374,0.013780060224235,0.0107247522100806,0.158917561173439,0.0,0.8057074546813965,0.012948683463037,0.0098518077284097,0.171492114663124,0.0,0.82798832654953,0.0147984959185123,0.0108494590967893,0.1463637799024582,0.0,0.8115686178207397,0.012325151823461,0.0100804362446069,0.1660258173942566,0.0,0.8118596076965332,0.0116600506007671,0.0090204309672117,0.167459949851036,0.0,0.8302122354507446,0.0151102617383003,0.0103714177384972,0.1443061232566833,0.0,0.9206036329269408,0.0090204309672117,0.0060274773277342,0.0643485188484191,0.0,0.8371334671974182,0.014923201873898506,0.010911812074482441,0.13703157007694244,0.0
81,0.9996259212493896,0.0,0.0,0.0003741192631423,0.0,0.9998337626457214,0.0,0.0,0.0001662752329139,0.0,0.999854564666748,0.0,0.0,0.0001454908342566,0.0,0.9997298121452332,0.0,0.0,0.000270197255304,0.0,0.9997298121452332,0.0,0.0,0.000270197255304,0.0,0.9997298121452332,0.0,0.0,0.000270197255304,0.0,0.9996467232704164,0.0,0.0,0.0003533348790369,0.0,0.9997714161872864,0.0,0.0,0.0002286284434376,0.0,0.9997090697288512,0.0,0.0,0.0002909816685132,0.0,0.9997298121452332,0.0,0.0,0.000270197255304,0.0,0.9998961091041564,0.0,0.0,0.0001039220223901,0.0,0.9999169111251832,0.0,0.0,8.313761645695195e-05,0.0,0.9996882677078248,0.0,0.0,0.0003117660526186,0.0,0.9998961091041564,0.0,0.0,0.0001039220223901,0.0,0.999792218208313,0.0,0.0,0.0002078440447803,0.0,0.9998337626457214,0.0,0.0,0.0001662752329139,0.0,0.9997714161872864,0.0,0.0,0.0002286284434376,0.0,0.9998337626457214,0.0,0.0,0.0001662752329139,0.0,0.9997506141662598,0.0,0.0,0.0002494128420948,0.0,0.999792218208313,0.0,0.0,0.0002078440447803,0.0,0.9996882677078248,0.0,0.0,0.0003117660526186,0.0,0.9997298121452332,0.0,0.0,0.000270197255304,0.0,0.999792218208313,0.0,0.0,0.0002078440447803,0.0,0.9997298121452332,0.0,0.0,0.000270197255304,0.0,0.999792218208313,0.0,0.0,0.0002078440447803,0.0,0.999854564666748,0.0,0.0,0.0001454908342566,0.0,0.999792218208313,0.0,0.0,0.0002078440447803,0.0,0.9997506141662598,0.0,0.0,0.0002494128420948,0.0,0.9998129606246948,0.0,0.0,0.0001870596315711,0.0,0.9997714161872864,0.0,0.0,0.0002286284434376,0.0,0.8005321025848389,0.0096647478640079,0.010558477602899,0.1792446970939636,0.0,0.7975391745567322,0.0099349450320005,0.0104961236938834,0.1820298135280609,0.0,0.8114439249038696,0.0108078904449939,0.0112027935683727,0.1665454357862472,0.0,0.9212895035743712,0.0078149363398551,0.0081059178337454,0.062789686024189,0.0,0.7782512307167053,0.0109949493780732,0.0118678947910666,0.1988859623670578,0.0,0.8266788721084595,0.0126577019691467,0.0134059404954314,0.1472575068473816,0.0,0.7927587628364563,0.0109118120744824,0.0123043674975633,0.1840251088142395,0.0,0.8853740692138672,0.0088541563600301,0.0097686694934964,0.0960031598806381,0.0,0.8250369429588318,0.0127824088558554,0.0124290734529495,0.1497516334056854,0.0,0.7421486973762512,0.0068588531576097,0.0074200322851538,0.2435724288225174,0.0,0.7703947424888611,0.0104753393679857,0.0112027935683727,0.2079271823167801,0.0,0.8556315898895264,0.0124290734529495,0.0121173076331615,0.1198220923542976,0.0,0.7741151452064514,0.0090620005503296,0.0103298490867018,0.2064930498600006,0.0,0.7792072892189026,0.0089788623154163,0.0109533807262778,0.2008604854345321,0.0,0.8170973062515259,0.0110573032870888,0.0111196562647819,0.1607258021831512,0.0,0.7977885603904724,0.0095608262345194,0.0111196562647819,0.1815309822559356,0.0,0.9014819860458374,0.0101635735481977,0.0100388675928115,0.0783156380057334,0.0,0.8143537640571594,0.0118263261392712,0.0129902521148324,0.1608297228813171,0.0,0.7907842397689819,0.009103569202125,0.0086670964956283,0.1914451420307159,0.0,0.7613534927368164,0.008791803382337,0.0100180823355913,0.2198366373777389,0.0,0.8537401556968689,0.0125329960137605,0.0121173076331615,0.1216095462441444,0.0,0.8220647573471069,0.0118678947910666,0.0122835831716656,0.1537838131189346,0.0,0.8143745064735413,0.0116184819489717,0.0122835831716656,0.1617234498262405,0.0,0.8032132983207703,0.0117847574874758,0.0112235778942704,0.1737783998250961,0.0,0.8258059620857239,0.0120341703295707,0.0131565276533365,0.1490033864974975,0.0,0.8097811937332153,0.0105169080197811,0.011285931803286,0.1684160232543945,0.0,0.8099266886711121,0.0102467108517885,0.0102882804349064,0.1695383787155151,0.0,0.8279467225074768,0.0124498577788472,0.0124498577788472,0.1471535861492157,0.0,0.9192941784858704,0.0069004222750663,0.0080019952729344,0.0658034235239029,0.0,0.8348471522331238,0.012595348991453648,0.012595348991453648,0.13996218144893646,0.0
82,0.9996259212493896,0.0,0.0,0.0003741192631423,0.0,0.9998337626457214,0.0,0.0,0.0001662752329139,0.0,0.999854564666748,0.0,0.0,0.0001454908342566,0.0,0.9997298121452332,0.0,0.0,0.000270197255304,0.0,0.9997298121452332,0.0,0.0,0.000270197255304,0.0,0.9997298121452332,0.0,0.0,0.000270197255304,0.0,0.9996467232704164,0.0,0.0,0.0003533348790369,0.0,0.9997714161872864,0.0,0.0,0.0002286284434376,0.0,0.9997090697288512,0.0,0.0,0.0002909816685132,0.0,0.9997298121452332,0.0,0.0,0.000270197255304,0.0,0.9998961091041564,0.0,0.0,0.0001039220223901,0.0,0.9999169111251832,0.0,0.0,8.313761645695195e-05,0.0,0.9996882677078248,0.0,0.0,0.0003117660526186,0.0,0.9998961091041564,0.0,0.0,0.0001039220223901,0.0,0.999792218208313,0.0,0.0,0.0002078440447803,0.0,0.9998337626457214,0.0,0.0,0.0001662752329139,0.0,0.9997714161872864,0.0,0.0,0.0002286284434376,0.0,0.9998337626457214,0.0,0.0,0.0001662752329139,0.0,0.9997506141662598,0.0,0.0,0.0002494128420948,0.0,0.999792218208313,0.0,0.0,0.0002078440447803,0.0,0.9996882677078248,0.0,0.0,0.0003117660526186,0.0,0.9997298121452332,0.0,0.0,0.000270197255304,0.0,0.999792218208313,0.0,0.0,0.0002078440447803,0.0,0.9997298121452332,0.0,0.0,0.000270197255304,0.0,0.999792218208313,0.0,0.0,0.0002078440447803,0.0,0.999854564666748,0.0,0.0,0.0001454908342566,0.0,0.999792218208313,0.0,0.0,0.0002078440447803,0.0,0.9997506141662598,0.0,0.0,0.0002494128420948,0.0,0.9998129606246948,0.0,0.0,0.0001870596315711,0.0,0.9997714161872864,0.0,0.0,0.0002286284434376,0.0,0.7969779968261719,0.009831023402512,0.0112651474773883,0.181925892829895,0.0,0.7942136526107788,0.0104753393679857,0.0112443622201681,0.1840666830539703,0.0,0.807557225227356,0.011493775062263,0.0119718164205551,0.1689772009849548,0.0,0.9178808331489564,0.0090620005503296,0.0090620005503296,0.0639951825141906,0.0,0.7747594714164734,0.0108494590967893,0.013364371843636,0.2010267525911331,0.0,0.8224804401397705,0.0128447618335485,0.0147361429408192,0.1499386876821518,0.0,0.7885810732841492,0.011597697623074,0.0133020188659429,0.1865192353725433,0.0,0.8819862008094788,0.0097686694934964,0.0106623992323875,0.0975827798247337,0.0,0.8205059170722961,0.0130318216979503,0.0145698674023151,0.1518924236297607,0.0,0.7397792935371399,0.0073784636333584,0.007565523032099,0.2452767491340637,0.0,0.7672770619392395,0.0099349450320005,0.0127824088558554,0.2100056260824203,0.0,0.8504146933555603,0.0135514317080378,0.0142373172566294,0.1217966079711914,0.0,0.7712469100952148,0.0092490594834089,0.0109949493780732,0.2085091471672058,0.0,0.776339054107666,0.0091243535280227,0.0113275004550814,0.2032091170549392,0.0,0.8140211701393127,0.0107247522100806,0.0124082891270518,0.1628458052873611,0.0,0.7945254445075989,0.0098725920543074,0.0119926007464528,0.1836094260215759,0.0,0.8974913358688354,0.0112443622201681,0.0110780876129865,0.0801862329244613,0.0,0.8105709552764893,0.0116600506007671,0.0146737890318036,0.1630952209234237,0.0,0.788144588470459,0.0090204309672117,0.0096023948863148,0.1932326108217239,0.0,0.758672297000885,0.0088333720341324,0.0106623992323875,0.2218319475650787,0.0,0.8491675853729248,0.0131980963051319,0.0133851561695337,0.124249167740345,0.0,0.818718433380127,0.0115561289712786,0.0132396649569273,0.1564857810735702,0.0,0.8098642826080322,0.0122835831716656,0.0136137846857309,0.1642383635044098,0.0,0.799555242061615,0.0117639731615781,0.0126992706209421,0.1759815514087677,0.0,0.8215867280960083,0.0126992706209421,0.0144451605156064,0.1512688994407653,0.0,0.8061646819114685,0.0109325964003801,0.0122420135885477,0.1706607490777969,0.0,0.8065388202667236,0.0106000462546944,0.0111404405906796,0.1717207431793213,0.0,0.8242886662483215,0.0125122116878628,0.0137177063152194,0.1494814306497573,0.0,0.9158439636230468,0.0081890551373362,0.0088957250118255,0.0670712739229202,0.0,0.830440878868103,0.012969467788934708,0.014403591863811016,0.14218610525131226,0.0
83,0.9996259212493896,0.0,0.0,0.0003741192631423,0.0,0.9998337626457214,0.0,0.0,0.0001662752329139,0.0,0.999854564666748,0.0,0.0,0.0001454908342566,0.0,0.9997298121452332,0.0,0.0,0.000270197255304,0.0,0.9997298121452332,0.0,0.0,0.000270197255304,0.0,0.9997298121452332,0.0,0.0,0.000270197255304,0.0,0.9996467232704164,0.0,0.0,0.0003533348790369,0.0,0.9997714161872864,0.0,0.0,0.0002286284434376,0.0,0.9997090697288512,0.0,0.0,0.0002909816685132,0.0,0.9997298121452332,0.0,0.0,0.000270197255304,0.0,0.9998961091041564,0.0,0.0,0.0001039220223901,0.0,0.9999169111251832,0.0,0.0,8.313761645695195e-05,0.0,0.9996882677078248,0.0,0.0,0.0003117660526186,0.0,0.9998961091041564,0.0,0.0,0.0001039220223901,0.0,0.999792218208313,0.0,0.0,0.0002078440447803,0.0,0.9998337626457214,0.0,0.0,0.0001662752329139,0.0,0.9997714161872864,0.0,0.0,0.0002286284434376,0.0,0.9998337626457214,0.0,0.0,0.0001662752329139,0.0,0.9997506141662598,0.0,0.0,0.0002494128420948,0.0,0.999792218208313,0.0,0.0,0.0002078440447803,0.0,0.9996882677078248,0.0,0.0,0.0003117660526186,0.0,0.9997298121452332,0.0,0.0,0.000270197255304,0.0,0.999792218208313,0.0,0.0,0.0002078440447803,0.0,0.9997298121452332,0.0,0.0,0.000270197255304,0.0,0.999792218208313,0.0,0.0,0.0002078440447803,0.0,0.999854564666748,0.0,0.0,0.0001454908342566,0.0,0.999792218208313,0.0,0.0,0.0002078440447803,0.0,0.9997506141662598,0.0,0.0,0.0002494128420948,0.0,0.9998129606246948,0.0,0.0,0.0001870596315711,0.0,0.9997714161872864,0.0,0.0,0.0002286284434376,0.0,0.7933406829833984,0.011597697623074,0.0120341703295707,0.1830274611711502,0.0,0.7906387448310852,0.0115769132971763,0.0121796606108546,0.1856047213077545,0.0,0.8036913275718689,0.0116808349266648,0.0142373172566294,0.1703905463218689,0.0,0.9144930243492126,0.0108078904449939,0.0097894547507166,0.0649096965789794,0.0,0.7711014151573181,0.0115145603194832,0.0149024175480008,0.202481672167778,0.0,0.8175337314605713,0.0145698674023151,0.0161286983639001,0.1517677158117294,0.0,0.784341037273407,0.0132812345400452,0.0141957476735115,0.18818199634552,0.0,0.8786606788635254,0.0108910277485847,0.0117639731615781,0.0986843481659889,0.0,0.8159125447273254,0.0147777115926146,0.0159416384994983,0.1533681154251098,0.0,0.7378879189491272,0.0074408166110515,0.0086670964956283,0.2460042089223861,0.0,0.763369619846344,0.0112027935683727,0.0138839818537235,0.2115436643362045,0.0,0.8446158170700073,0.0163573268800973,0.0157961472868919,0.1232307329773902,0.0,0.7685449123382568,0.0100596519187092,0.0113275004550814,0.2100679725408554,0.0,0.7734708189964294,0.0098725920543074,0.0121380919590592,0.2045185416936874,0.0,0.8100929260253906,0.0118263261392712,0.0140294730663299,0.1640512943267822,0.0,0.790908932685852,0.010870243422687,0.0131357433274388,0.185085117816925,0.0,0.892544686794281,0.0137384915724396,0.0125329960137605,0.0811838805675506,0.0,0.8058528900146484,0.0130941746756434,0.0160871297121047,0.164965808391571,0.0,0.7846943736076355,0.0096231792122125,0.0115353446453809,0.1941471248865127,0.0,0.7558664083480835,0.0093321977183222,0.0113690691068768,0.2234323471784591,0.0,0.8451977968215942,0.0142581015825271,0.015193399041891,0.1253507435321808,0.0,0.8142290115356445,0.0131980963051319,0.014465944841504,0.1581069678068161,0.0,0.8052293658256531,0.0141749633476138,0.0149024175480008,0.1656932681798935,0.0,0.7953775525093079,0.0134059404954314,0.0139671191573143,0.177249401807785,0.0,0.8170765042304993,0.0141749633476138,0.0158585011959075,0.15289007127285,0.0,0.8030886054039001,0.0113898534327745,0.0132812345400452,0.1722403615713119,0.0,0.8028184175491333,0.0115145603194832,0.0125122116878628,0.1731548756361007,0.0,0.8199239373207092,0.0135306473821401,0.0156506560742855,0.1508947759866714,0.0,0.9116247296333312,0.0107663217931985,0.0097478851675987,0.0678610801696777,0.0,0.8257436156272888,0.013987904414534569,0.016461247578263283,0.1438072919845581,0.0
84,0.9996259212493896,0.0,0.0,0.0003741192631423,0.0,0.9998337626457214,0.0,0.0,0.0001662752329139,0.0,0.999854564666748,0.0,0.0,0.0001454908342566,0.0,0.9997298121452332,0.0,0.0,0.000270197255304,0.0,0.9997298121452332,0.0,0.0,0.000270197255304,0.0,0.9997298121452332,0.0,0.0,0.000270197255304,0.0,0.9996467232704164,0.0,0.0,0.0003533348790369,0.0,0.9997714161872864,0.0,0.0,0.0002286284434376,0.0,0.9997090697288512,0.0,0.0,0.0002909816685132,0.0,0.9997298121452332,0.0,0.0,0.000270197255304,0.0,0.9998961091041564,0.0,0.0,0.0001039220223901,0.0,0.9999169111251832,0.0,0.0,8.313761645695195e-05,0.0,0.9996882677078248,0.0,0.0,0.0003117660526186,0.0,0.9998961091041564,0.0,0.0,0.0001039220223901,0.0,0.999792218208313,0.0,0.0,0.0002078440447803,0.0,0.9998337626457214,0.0,0.0,0.0001662752329139,0.0,0.9997714161872864,0.0,0.0,0.0002286284434376,0.0,0.9998337626457214,0.0,0.0,0.0001662752329139,0.0,0.9997506141662598,0.0,0.0,0.0002494128420948,0.0,0.999792218208313,0.0,0.0,0.0002078440447803,0.0,0.9996882677078248,0.0,0.0,0.0003117660526186,0.0,0.9997298121452332,0.0,0.0,0.000270197255304,0.0,0.999792218208313,0.0,0.0,0.0002078440447803,0.0,0.9997298121452332,0.0,0.0,0.000270197255304,0.0,0.999792218208313,0.0,0.0,0.0002078440447803,0.0,0.999854564666748,0.0,0.0,0.0001454908342566,0.0,0.999792218208313,0.0,0.0,0.0002078440447803,0.0,0.9997506141662598,0.0,0.0,0.0002494128420948,0.0,0.9998129606246948,0.0,0.0,0.0001870596315711,0.0,0.9997714161872864,0.0,0.0,0.0002286284434376,0.0,0.7888305187225342,0.0135722160339355,0.0127616245299577,0.1848357021808624,0.0,0.7863571643829346,0.0127200549468398,0.0134059404954314,0.1875168979167938,0.0,0.7988277673721313,0.0143620232120156,0.0148816332221031,0.171928584575653,0.0,0.9098788499832152,0.0133851561695337,0.0101635735481977,0.0665724501013755,0.0,0.7657805681228638,0.0144867300987243,0.0149024175480008,0.2048303037881851,0.0,0.8124207854270935,0.0171471331268548,0.0163365416228771,0.1540955752134323,0.0,0.7793320417404175,0.0157130099833011,0.01481928024441,0.1901357322931289,0.0,0.8735477328300476,0.0136137846857309,0.0125329960137605,0.1003055348992347,0.0,0.8095733523368835,0.0179369412362575,0.0170639958232641,0.1554257720708847,0.0,0.7356847524642944,0.0076278764754533,0.0094569036737084,0.2472304850816726,0.0,0.7589009404182434,0.0132396649569273,0.0142373172566294,0.2136221081018448,0.0,0.8374451994895935,0.0207012668251991,0.0167106613516807,0.125142902135849,0.0,0.7647621631622314,0.0109949493780732,0.01222122926265,0.2120217084884643,0.0,0.7697088122367859,0.0116184819489717,0.0123043674975633,0.2063683420419693,0.0,0.8052709698677063,0.0141541790217161,0.0143620232120156,0.1662128865718841,0.0,0.786648154258728,0.0128447618335485,0.0135514317080378,0.1869557201862335,0.0,0.8876811265945435,0.0157337933778762,0.0136553533375263,0.0829297751188278,0.0,0.8010517358779907,0.0153596745803952,0.0162949729710817,0.1672936677932739,0.0,0.780537486076355,0.0116392662748694,0.0119718164205551,0.195851445198059,0.0,0.7526863813400269,0.0101843578740954,0.0121588762849569,0.2249703854322433,0.0,0.8386299014091492,0.017271839082241,0.0160455591976642,0.1280527114868164,0.0,0.808263897895813,0.0157961472868919,0.0160663444548845,0.1598736345767974,0.0,0.7999917268753052,0.0165859553962945,0.015816930681467,0.1676054298877716,0.0,0.7900567650794983,0.0156506560742855,0.0147777115926146,0.1795148998498916,0.0,0.810965895652771,0.0170224271714687,0.0166275240480899,0.1553841978311538,0.0,0.7978301644325256,0.0137384915724396,0.0141957476735115,0.1742356568574905,0.0,0.7983705401420593,0.0134890787303447,0.013364371843636,0.1747760474681854,0.0,0.8140211701393127,0.0161910504102706,0.0169808585196733,0.1528069376945495,0.0,0.9071353077888488,0.0134682934731245,0.010558477602899,0.0688379481434822,0.0,0.8192380666732788,0.017895372584462166,0.01666909269988537,0.14619749784469604,0.0
85,0.9996259212493896,0.0,0.0,0.0003741192631423,0.0,0.9998337626457214,0.0,0.0,0.0001662752329139,0.0,0.999854564666748,0.0,0.0,0.0001454908342566,0.0,0.9997298121452332,0.0,0.0,0.000270197255304,0.0,0.9997298121452332,0.0,0.0,0.000270197255304,0.0,0.9997298121452332,0.0,0.0,0.000270197255304,0.0,0.9996467232704164,0.0,0.0,0.0003533348790369,0.0,0.9997714161872864,0.0,0.0,0.0002286284434376,0.0,0.9997090697288512,0.0,0.0,0.0002909816685132,0.0,0.9997298121452332,0.0,0.0,0.000270197255304,0.0,0.9998961091041564,0.0,0.0,0.0001039220223901,0.0,0.9999169111251832,0.0,0.0,8.313761645695195e-05,0.0,0.9996882677078248,0.0,0.0,0.0003117660526186,0.0,0.9998961091041564,0.0,0.0,0.0001039220223901,0.0,0.999792218208313,0.0,0.0,0.0002078440447803,0.0,0.9998337626457214,0.0,0.0,0.0001662752329139,0.0,0.9997714161872864,0.0,0.0,0.0002286284434376,0.0,0.9998337626457214,0.0,0.0,0.0001662752329139,0.0,0.9997506141662598,0.0,0.0,0.0002494128420948,0.0,0.999792218208313,0.0,0.0,0.0002078440447803,0.0,0.9996882677078248,0.0,0.0,0.0003117660526186,0.0,0.9997298121452332,0.0,0.0,0.000270197255304,0.0,0.999792218208313,0.0,0.0,0.0002078440447803,0.0,0.9997298121452332,0.0,0.0,0.000270197255304,0.0,0.999792218208313,0.0,0.0,0.0002078440447803,0.0,0.999854564666748,0.0,0.0,0.0001454908342566,0.0,0.999792218208313,0.0,0.0,0.0002078440447803,0.0,0.9997506141662598,0.0,0.0,0.0002494128420948,0.0,0.9998129606246948,0.0,0.0,0.0001870596315711,0.0,0.9997714161872864,0.0,0.0,0.0002286284434376,0.0,0.7844449877738953,0.0160871297121047,0.0130733903497457,0.1863945424556732,0.0,0.7816182971000671,0.0159208532422781,0.0132396649569273,0.1892212182283401,0.0,0.7936732769012451,0.0177706647664308,0.0148608488962054,0.1736952662467956,0.0,0.9050776362419128,0.0162118356674909,0.0108078904449939,0.0679026469588279,0.0,0.7610833048820496,0.0171679183840751,0.015131046064198,0.2066177576780319,0.0,0.8070376515388489,0.0196412615478038,0.0170639958232641,0.156257152557373,0.0,0.7744892239570618,0.0182694904506206,0.0147361429408192,0.1925051510334015,0.0,0.8682892918586731,0.0170847810804843,0.0125122116878628,0.1021137759089469,0.0,0.8032132983207703,0.0218236241489648,0.0171679183840751,0.1577951908111572,0.0,0.733003556728363,0.0091451378539204,0.0093114133924245,0.2485399097204208,0.0,0.7542452216148376,0.0161494817584753,0.014507514424622,0.2150977998971939,0.0,0.8306695222854614,0.02496206946671,0.0170224271714687,0.1273460388183593,0.0,0.7612703442573547,0.0128447618335485,0.0120341703295707,0.213850736618042,0.0,0.7653648853302002,0.0138424132019281,0.012636917643249,0.2081558108329773,0.0,0.8000956177711487,0.0170016419142484,0.0152141833677887,0.1676885783672332,0.0,0.7823457717895508,0.0154428118839859,0.0135098630562424,0.1887015998363495,0.0,0.8820900917053223,0.0193918496370315,0.0137177063152194,0.0848003700375557,0.0,0.7955646514892578,0.0187891013920307,0.016232619062066,0.1694136708974838,0.0,0.7765053510665894,0.0142788859084248,0.0121173076331615,0.197098508477211,0.0,0.7490699291229248,0.0122835831716656,0.0117847574874758,0.2268617749214172,0.0,0.832581639289856,0.0211585238575935,0.0163573268800973,0.1299025267362594,0.0,0.8026313185691833,0.0194334182888269,0.0163365416228771,0.1615987420082092,0.0,0.7952736616134644,0.0191008672118186,0.0159832071512937,0.169642299413681,0.0,0.7845488786697388,0.0186643954366445,0.0154428118839859,0.1813439279794693,0.0,0.8051254749298096,0.0206804815679788,0.0169808585196733,0.1572132259607315,0.0,0.7925301194190979,0.0172510556876659,0.0141126103699207,0.176106259226799,0.0,0.7935277819633484,0.0163988955318927,0.0135930003598332,0.1764803826808929,0.0,0.8083678483963013,0.0195789095014333,0.0173757616430521,0.154677540063858,0.0,0.9028329253196716,0.0164612475782632,0.0103298490867018,0.0703759938478469,0.0,0.8130651116371155,0.021782055497169495,0.017209487035870552,0.1479433923959732,0.0
86,0.9820215106010436,0.0,0.0,0.0179785098880529,0.0,0.9822293519973756,0.0,0.0,0.0177706647664308,0.0,0.982250154018402,0.0,0.0,0.0177498813718557,0.0,0.982125461101532,0.0,0.0,0.0178745873272418,0.0,0.982125461101532,0.0,0.0,0.0178745873272418,0.0,0.982125461101532,0.0,0.0,0.0178745873272418,0.0,0.9820423126220704,0.0,0.0,0.0179577246308326,0.0,0.9821670055389404,0.0,0.0,0.0178330186754465,0.0,0.9821046590805054,0.0,0.0,0.0178953725844621,0.0,0.982125461101532,0.0,0.0,0.0178745873272418,0.0,0.9822916984558104,0.0,0.0,0.0177083127200603,0.0,0.9823125004768372,0.0,0.0,0.01768752746284,0.0,0.9820838570594788,0.0,0.0,0.0179161559790372,0.0,0.9822916984558104,0.0,0.0,0.0177083127200603,0.0,0.982187807559967,0.0,0.0,0.0178122334182262,0.0,0.9822293519973756,0.0,0.0,0.0177706647664308,0.0,0.9821670055389404,0.0,0.0,0.0178330186754465,0.0,0.9822293519973756,0.0,0.0,0.0177706647664308,0.0,0.9821462035179138,0.0,0.0,0.0178538039326667,0.0,0.982187807559967,0.0,0.0,0.0178122334182262,0.0,0.9820838570594788,0.0,0.0,0.0179161559790372,0.0,0.982125461101532,0.0,0.0,0.0178745873272418,0.0,0.982187807559967,0.0,0.0,0.0178122334182262,0.0,0.982125461101532,0.0,0.0,0.0178745873272418,0.0,0.982187807559967,0.0,0.0,0.0178122334182262,0.0,0.982250154018402,0.0,0.0,0.0177498813718557,0.0,0.982187807559967,0.0,0.0,0.0178122334182262,0.0,0.9821462035179138,0.0,0.0,0.0178538039326667,0.0,0.9822086095809937,0.0,0.0,0.0177914500236511,0.0,0.9821670055389404,0.0,0.0,0.0178330186754465,0.0,0.7624966502189636,0.0168769359588623,0.0132188806310296,0.2073244303464889,8.313761645695195e-05,0.7599194049835205,0.0166898760944604,0.0132604502141475,0.2100679725408554,6.235321052372456e-05,0.7717456817626953,0.0182071384042501,0.0146945733577013,0.1952694803476333,8.313761645695195e-05,0.8830254077911377,0.0172510556876659,0.0112235778942704,0.0884792059659957,2.0784404114237987e-05,0.7384490966796875,0.0187059640884399,0.0144867300987243,0.2283166795969009,4.156880822847597e-05,0.7838630080223083,0.0210130326449871,0.0168561525642871,0.1781431287527084,0.0001247064210474,0.751709520816803,0.0192671418190002,0.0150894774124026,0.2138715237379074,6.235321052372456e-05,0.8456550240516663,0.018726747483015,0.0122420135885477,0.12318916618824,0.0001870596315711,0.7805167436599731,0.0223848037421703,0.0173134077340364,0.1795564740896225,0.0002286284434376,0.7129881978034973,0.0091867065057158,0.0092282751575112,0.2685345113277435,6.235321052372456e-05,0.7323800325393677,0.0172926243394613,0.0135930003598332,0.2367135733366012,2.0784404114237987e-05,0.8063725233078003,0.0264377612620592,0.0176459588110446,0.1493982970714569,0.0001454908342566,0.7398832440376282,0.0137592758983373,0.0119302477687597,0.2343857288360595,4.156880822847597e-05,0.7443103194236755,0.0144243761897087,0.0118471104651689,0.229355901479721,6.235321052372456e-05,0.7771080732345581,0.0193087123334407,0.0141333946958184,0.1894498467445373,0.0,0.760729968547821,0.0161910504102706,0.0128239775076508,0.2101718932390213,8.313761645695195e-05,0.8597884178161621,0.0200985185801982,0.0141541790217161,0.1058549731969833,0.0001039220223901,0.7725978493690491,0.0203687157481908,0.0156090874224901,0.1912580877542495,0.0001662752329139,0.7549103498458862,0.0156298726797103,0.0117431879043579,0.2176127135753631,0.0001039220223901,0.7285141348838806,0.0125537803396582,0.0114729907363653,0.247417539358139,4.156880822847597e-05,0.8086172342300415,0.0229459814727306,0.0171055644750595,0.1512481123208999,8.313761645695195e-05,0.7791865468025208,0.0219275467097759,0.0152141833677887,0.1835886389017105,8.313761645695195e-05,0.772078275680542,0.020181655883789,0.0161286983639001,0.1914451420307159,0.0001662752329139,0.7624343037605286,0.0195165555924177,0.0154428118839859,0.2024400979280471,0.0001662752329139,0.7819092869758606,0.0220730379223823,0.0162534043192863,0.1796396076679229,0.0001247064210474,0.7699582576751709,0.0186020415276289,0.0141333946958184,0.1972024291753769,0.0001039220223901,0.7711429595947266,0.0177914500236511,0.0136345690116286,0.1972855627536773,0.0001454908342566,0.7854841947555542,0.0212000925093889,0.0161079131066799,0.176979199051857,0.0002286284434376,0.8809885382652283,0.0172510556876659,0.0103506334125995,0.0913474559783935,6.235321052372456e-05,0.7900775671005249,0.02275892160832882,0.017001641914248466,0.17009955644607544,6.235321052372456e-05
87,0.981938362121582,0.0,0.0,0.0180616471916437,0.0,0.9821462035179138,0.0,0.0,0.0178538039326667,0.0,0.9821670055389404,0.0,0.0,0.0178330186754465,0.0,0.9820423126220704,0.0,0.0,0.0179577246308326,0.0,0.9820423126220704,0.0,0.0,0.0179577246308326,0.0,0.9820423126220704,0.0,0.0,0.0179577246308326,0.0,0.9819591641426086,0.0,0.0,0.0180408619344234,0.0,0.9820838570594788,0.0,0.0,0.0179161559790372,0.0,0.9820215106010436,0.0,0.0,0.0179785098880529,0.0,0.9820423126220704,0.0,0.0,0.0179577246308326,0.0,0.9822086095809937,0.0,0.0,0.0177914500236511,0.0,0.9822293519973756,0.0,0.0,0.0177706647664308,0.0,0.982000768184662,0.0,0.0,0.017999293282628,0.0,0.9822086095809937,0.0,0.0,0.0177914500236511,0.0,0.9821046590805054,0.0,0.0,0.0178953725844621,0.0,0.9821462035179138,0.0,0.0,0.0178538039326667,0.0,0.9820838570594788,0.0,0.0,0.0179161559790372,0.0,0.9821462035179138,0.0,0.0,0.0178538039326667,0.0,0.9820631146430968,0.0,0.0,0.0179369412362575,0.0,0.9821046590805054,0.0,0.0,0.0178953725844621,0.0,0.982000768184662,0.0,0.0,0.017999293282628,0.0,0.9820423126220704,0.0,0.0,0.0179577246308326,0.0,0.9821046590805054,0.0,0.0,0.0178953725844621,0.0,0.9820423126220704,0.0,0.0,0.0179577246308326,0.0,0.9821046590805054,0.0,0.0,0.0178953725844621,0.0,0.9821670055389404,0.0,0.0,0.0178330186754465,0.0,0.9821046590805054,0.0,0.0,0.0178953725844621,0.0,0.9820631146430968,0.0,0.0,0.0179369412362575,0.0,0.982125461101532,0.0,0.0,0.0178745873272418,0.0,0.9820838570594788,0.0,0.0,0.0179161559790372,0.0,0.7579448819160461,0.0177083127200603,0.0134682934731245,0.2107954323291778,8.313761645695195e-05,0.7552636861801147,0.01768752746284,0.0140502573922276,0.2129362225532531,6.235321052372456e-05,0.7673394083976746,0.0186643954366445,0.0153596745803952,0.1985534131526947,8.313761645695195e-05,0.8777461647987366,0.0190592985600233,0.0124498577788472,0.0907239243388176,2.0784404114237987e-05,0.7342506647109985,0.0191632211208343,0.014507514424622,0.2320370823144912,4.156880822847597e-05,0.7780225872993469,0.0218236241489648,0.0177914500236511,0.1822376549243927,0.0001247064210474,0.7464718818664551,0.020181655883789,0.0158377159386873,0.217446431517601,6.235321052372456e-05,0.8408538699150085,0.0201193038374185,0.0130941746756434,0.1257456392049789,0.0001870596315711,0.7747594714164734,0.0234655924141407,0.0176251754164695,0.1839211881160736,0.0002286284434376,0.7104940414428711,0.0097063165158033,0.0092698438093066,0.270467460155487,6.235321052372456e-05,0.7285557389259338,0.0171263497322797,0.0138424132019281,0.2404547780752182,2.0784404114237987e-05,0.7999709248542786,0.0269573722034692,0.0193502809852361,0.1535759568214416,0.0001454908342566,0.7361835837364197,0.0146737890318036,0.0119510320946574,0.2371500581502914,4.156880822847597e-05,0.7405899167060852,0.015193399041891,0.0119926007464528,0.2321617901325225,6.235321052372456e-05,0.7729927897453308,0.0194126330316066,0.0146530047059059,0.1929416209459304,0.0,0.756219744682312,0.0170016419142484,0.0134890787303447,0.21320641040802,8.313761645695195e-05,0.8537817597389221,0.0210753865540027,0.0161910504102706,0.1088479235768318,0.0001039220223901,0.7679421901702881,0.0202232245355844,0.0163781102746725,0.1952902674674987,0.0001662752329139,0.7510652542114258,0.0159416384994983,0.0124706421047449,0.2204186022281646,0.0001039220223901,0.7254172563552856,0.0127616245299577,0.0116392662748694,0.2501403093338012,4.156880822847597e-05,0.8031301498413086,0.0243801064789295,0.0171679183840751,0.1552387177944183,8.313761645695195e-05,0.77459317445755,0.021948330104351,0.0160455591976642,0.1873298287391662,8.313761645695195e-05,0.7666327357292175,0.020909110084176,0.0169185046106576,0.1953734010457992,0.0001662752329139,0.7571550607681274,0.0205349903553724,0.0159416384994983,0.2062020748853683,0.0001662752329139,0.7766923904418945,0.0226965695619583,0.0172094870358705,0.1832768768072128,0.0001247064210474,0.7649076581001282,0.020493421703577,0.0140086887404322,0.2004863619804382,0.0001039220223901,0.7667366862297058,0.0183941982686519,0.0143204545602202,0.2004032284021377,0.0001454908342566,0.7797269225120544,0.0225095096975564,0.0168769359588623,0.1806580424308776,0.0002286284434376,0.8750857710838318,0.0188514553010463,0.0124082891270518,0.0935921743512153,6.235321052372456e-05,0.7842579483985901,0.02379814349114895,0.01766674406826496,0.17421486973762512,6.235321052372456e-05
88,0.9716293215751648,0.0,0.0,0.0283707119524478,0.0,0.9718371629714966,0.0,0.0,0.0281628668308258,0.0,0.9718579649925232,0.0,0.0,0.0281420834362506,0.0,0.9717332720756532,0.0,0.0,0.0282667893916368,0.0,0.9717332720756532,0.0,0.0,0.0282667893916368,0.0,0.9717332720756532,0.0,0.0,0.0282667893916368,0.0,0.9716501235961914,0.0,0.0,0.0283499266952276,0.0,0.9717748165130616,0.0,0.0,0.0282252207398414,0.0,0.9717124700546264,0.0,0.0,0.0282875746488571,0.0,0.9717332720756532,0.0,0.0,0.0282667893916368,0.0,0.9718995094299316,0.0,0.0,0.0281005147844553,0.0,0.9719203114509584,0.0,0.0,0.028079729527235,0.0,0.9716916680336,0.0,0.0,0.0283083580434322,0.0,0.9718995094299316,0.0,0.0,0.0281005147844553,0.0,0.971795618534088,0.0,0.0,0.0282044354826211,0.0,0.9718371629714966,0.0,0.0,0.0281628668308258,0.0,0.9717748165130616,0.0,0.0,0.0282252207398414,0.0,0.9718371629714966,0.0,0.0,0.0281628668308258,0.0,0.9717540144920348,0.0,0.0,0.0282460059970617,0.0,0.971795618534088,0.0,0.0,0.0282044354826211,0.0,0.9716916680336,0.0,0.0,0.0283083580434322,0.0,0.9717332720756532,0.0,0.0,0.0282667893916368,0.0,0.971795618534088,0.0,0.0,0.0282044354826211,0.0,0.9717332720756532,0.0,0.0,0.0282667893916368,0.0,0.971795618534088,0.0,0.0,0.0282044354826211,0.0,0.9718579649925232,0.0,0.0,0.0281420834362506,0.0,0.971795618534088,0.0,0.0,0.0282044354826211,0.0,0.9717540144920348,0.0,0.0,0.0282460059970617,0.0,0.97181636095047,0.0,0.0,0.028183652088046,0.0,0.9717748165130616,0.0,0.0,0.0282252207398414,0.0,0.7431671619415283,0.0176667440682649,0.0161079131066799,0.2229335159063339,0.0001247064210474,0.7402365803718567,0.0181240011006593,0.0158585011959075,0.2255731374025344,0.0002078440447803,0.7511276006698608,0.0197036154568195,0.016544384881854,0.2125205248594284,0.0001039220223901,0.8619292378425598,0.0199530273675918,0.0154220275580883,0.102633386850357,6.235321052372456e-05,0.7193482518196106,0.0184357669204473,0.0168353673070669,0.2452559620141983,0.0001247064210474,0.7614989876747131,0.0229251980781555,0.0196828301995992,0.1957059502601623,0.0001870596315711,0.7304263114929199,0.020909110084176,0.0182902757078409,0.230228841304779,0.0001454908342566,0.8245588541030884,0.0209922473877668,0.0160039905458688,0.1381954997777938,0.0002494128420948,0.7584644556045532,0.0231122579425573,0.0211169552057981,0.1969530135393142,0.0003533348790369,0.6976909041404724,0.0099972980096936,0.0096439635381102,0.2825639843940735,0.0001039220223901,0.7141520977020264,0.0167522300034761,0.0156714413315057,0.2533411085605621,8.313761645695195e-05,0.7818469405174255,0.0276016891002655,0.0235279463231563,0.1667948365211486,0.0002286284434376,0.722424328327179,0.0143412388861179,0.0138424132019281,0.2492881417274475,0.0001039220223901,0.726747453212738,0.0149647705256938,0.0136345690116286,0.2445077300071716,0.0001454908342566,0.7575499415397644,0.0197243988513946,0.0166483074426651,0.2059526592493057,0.0001247064210474,0.7415667772293091,0.0170847810804843,0.015131046064198,0.2260719686746597,0.0001454908342566,0.8370295166969299,0.0226550009101629,0.0186020415276289,0.1215887665748596,0.0001247064210474,0.7527487874031067,0.0203063637018203,0.0178953725844621,0.2088832557201385,0.0001662752329139,0.7375137805938721,0.0150271244347095,0.013780060224235,0.2334920018911361,0.0001870596315711,0.7113046646118164,0.0133851561695337,0.0125122116878628,0.2627148628234863,8.313761645695195e-05,0.7864610552787781,0.0241722613573074,0.0208259727805852,0.1683952361345291,0.0001454908342566,0.7588177919387817,0.0214495044201612,0.0191632211208343,0.2004447877407074,0.0001247064210474,0.7503169775009155,0.0216781329363584,0.0194126330316066,0.2083220779895782,0.000270197255304,0.7418369650840759,0.0202232245355844,0.018726747483015,0.2188805639743805,0.0003325504658278,0.7602311372756958,0.0227381382137537,0.0202855784446001,0.1965788900852203,0.0001662752329139,0.7494440674781799,0.0203895010054111,0.0166483074426651,0.2133103460073471,0.0002078440447803,0.7515848278999329,0.0187891013920307,0.0159624218940734,0.213476613163948,0.0001870596315711,0.7641178369522095,0.0219067614525556,0.0194334182888269,0.1942510455846786,0.0002909816685132,0.8591856956481934,0.0199530273675918,0.0152557529509067,0.105543203651905,6.235321052372456e-05,0.768337070941925,0.02290441282093525,0.02049342170357704,0.18811963498592377,0.00014549083425663412
89,0.9715046286582948,0.0,0.0,0.028495417907834,0.0,0.9717124700546264,0.0,0.0,0.0282875746488571,0.0,0.9717332720756532,0.0,0.0,0.0282667893916368,0.0,0.9716085195541382,0.0,0.0,0.028391495347023,0.0,0.9716085195541382,0.0,0.0,0.028391495347023,0.0,0.9716085195541382,0.0,0.0,0.028391495347023,0.0,0.9715254306793212,0.0,0.0,0.0284746345132589,0.0,0.9716501235961914,0.0,0.0,0.0283499266952276,0.0,0.9715877771377563,0.0,0.0,0.0284122806042432,0.0,0.9716085195541382,0.0,0.0,0.028391495347023,0.0,0.9717748165130616,0.0,0.0,0.0282252207398414,0.0,0.971795618534088,0.0,0.0,0.0282044354826211,0.0,0.9715669751167296,0.0,0.0,0.0284330639988183,0.0,0.9717748165130616,0.0,0.0,0.0282252207398414,0.0,0.9716708660125732,0.0,0.0,0.0283291433006525,0.0,0.9717124700546264,0.0,0.0,0.0282875746488571,0.0,0.9716501235961914,0.0,0.0,0.0283499266952276,0.0,0.9717124700546264,0.0,0.0,0.0282875746488571,0.0,0.9716293215751648,0.0,0.0,0.0283707119524478,0.0,0.9716708660125732,0.0,0.0,0.0283291433006525,0.0,0.9715669751167296,0.0,0.0,0.0284330639988183,0.0,0.9716085195541382,0.0,0.0,0.028391495347023,0.0,0.9716708660125732,0.0,0.0,0.0283291433006525,0.0,0.9716085195541382,0.0,0.0,0.028391495347023,0.0,0.9716708660125732,0.0,0.0,0.0283291433006525,0.0,0.9717332720756532,0.0,0.0,0.0282667893916368,0.0,0.9716708660125732,0.0,0.0,0.0283291433006525,0.0,0.9716293215751648,0.0,0.0,0.0283707119524478,0.0,0.9716916680336,0.0,0.0,0.0283083580434322,0.0,0.9716501235961914,0.0,0.0,0.0283499266952276,0.0,0.7376800775527954,0.0186436101794242,0.0179577246308326,0.2255731374025344,0.0001454908342566,0.7339596748352051,0.0195373389869928,0.0174588989466428,0.2288362830877304,0.0002078440447803,0.7446843981742859,0.0208675414323806,0.0195165555924177,0.2148275971412658,0.0001039220223901,0.8542389869689941,0.0227173529565334,0.0181863531470298,0.1047949641942977,6.235321052372456e-05,0.7136740684509277,0.0192879270762205,0.0191840045154094,0.2477293163537979,0.0001247064210474,0.7541205286979675,0.0247957948595285,0.0225302949547767,0.1983663588762283,0.0001870596315711,0.7243780493736267,0.0219898987561464,0.0205557756125926,0.2329308241605758,0.0001454908342566,0.8172427415847778,0.0229251980781555,0.0188722386956214,0.1407104134559631,0.0002494128420948,0.7499844431877136,0.0251075606793165,0.0242969691753387,0.200257733464241,0.0003533348790369,0.6950720548629761,0.0098102390766143,0.0103090647608041,0.2847047746181488,0.0001039220223901,0.7082701325416565,0.0178538039326667,0.0178953725844621,0.255897581577301,8.313761645695195e-05,0.7722861170768738,0.030262092128396,0.0274769831448793,0.1697462350130081,0.0002286284434376,0.7181219458580017,0.0150271244347095,0.0144867300987243,0.2522603273391723,0.0001039220223901,0.7214266657829285,0.015816930681467,0.0159624218940734,0.2466485202312469,0.0001454908342566,0.7513354420661926,0.0206389129161834,0.0193294957280159,0.2085714936256408,0.0001247064210474,0.7365161180496216,0.0177083127200603,0.0171471331268548,0.2284621745347976,0.0001662752329139,0.8283416628837585,0.0256271697580814,0.021324798464775,0.1245609372854232,0.0001454908342566,0.7467836141586304,0.0206596981734037,0.0208467580378055,0.2115436643362045,0.0001662752329139,0.7323176860809326,0.0160663444548845,0.0156714413315057,0.2357574999332428,0.0001870596315711,0.7069814801216125,0.0139671191573143,0.0138008445501327,0.2651674151420593,8.313761645695195e-05,0.777690052986145,0.0267703123390674,0.0233201012015342,0.1720740795135498,0.0001454908342566,0.7516679763793945,0.0228420607745647,0.0214287210255861,0.2039365768432617,0.0001247064210474,0.7431048154830933,0.0240475554019212,0.0213040150701999,0.2112734615802765,0.000270197255304,0.7347286939620972,0.0216989181935787,0.0211585238575935,0.2220813632011413,0.0003325504658278,0.7521044611930847,0.0248997155576944,0.0228628441691398,0.1999667584896087,0.0001662752329139,0.7428553700447083,0.0215534269809722,0.019038513302803,0.2163448631763458,0.0002078440447803,0.7448091506958008,0.020597344264388,0.0183318443596363,0.2160746604204177,0.0001870596315711,0.7564483880996704,0.0237981434911489,0.0218444094061851,0.1976181119680404,0.0002909816685132,0.8509966135025024,0.023715004324913,0.0177706647664308,0.1074553728103637,6.235321052372456e-05,0.7602103352546692,0.024733440950512886,0.02406834065914154,0.190842404961586,0.00014549083425663412
90,0.9660590887069702,0.0,0.0,0.0339409336447715,0.0,0.966266930103302,0.0,0.0,0.0337330885231494,0.0,0.9662877321243286,0.0,0.0,0.0337123051285743,0.0,0.9661630392074584,0.0,0.0,0.0338370092213153,0.0,0.9661630392074584,0.0,0.0,0.0338370092213153,0.0,0.9661630392074584,0.0,0.0,0.0338370092213153,0.0,0.9660798907279968,0.0,0.0,0.0339201465249061,0.0,0.9662045836448668,0.0,0.0,0.0337954424321651,0.0,0.966142237186432,0.0,0.0,0.0338577926158905,0.0,0.9661630392074584,0.0,0.0,0.0338370092213153,0.0,0.9663292765617372,0.0,0.0,0.0336707346141338,0.0,0.9663500785827636,0.0,0.0,0.0336499512195587,0.0,0.9661214351654052,0.0,0.0,0.0338785797357559,0.0,0.9663292765617372,0.0,0.0,0.0336707346141338,0.0,0.9662253856658936,0.0,0.0,0.0337746553122997,0.0,0.966266930103302,0.0,0.0,0.0337330885231494,0.0,0.9662045836448668,0.0,0.0,0.0337954424321651,0.0,0.966266930103302,0.0,0.0,0.0337330885231494,0.0,0.9661837816238404,0.0,0.0,0.0338162258267402,0.0,0.9662253856658936,0.0,0.0,0.0337746553122997,0.0,0.9661214351654052,0.0,0.0,0.0338785797357559,0.0,0.9661630392074584,0.0,0.0,0.0338370092213153,0.0,0.9662253856658936,0.0,0.0,0.0337746553122997,0.0,0.9661630392074584,0.0,0.0,0.0338370092213153,0.0,0.9662253856658936,0.0,0.0,0.0337746553122997,0.0,0.9662877321243286,0.0,0.0,0.0337123051285743,0.0,0.9662253856658936,0.0,0.0,0.0337746553122997,0.0,0.9661837816238404,0.0,0.0,0.0338162258267402,0.0,0.9662461876869202,0.0,0.0,0.0337538719177246,0.0,0.9662045836448668,0.0,0.0,0.0337954424321651,0.0,0.726040780544281,0.020493421703577,0.0204310696572065,0.2328268885612487,0.0002078440447803,0.7219046950340271,0.022052252665162,0.0200153812766075,0.2358198463916778,0.0002078440447803,0.7339180707931519,0.0218651928007602,0.0220938213169574,0.2219982147216797,0.0001247064210474,0.8411864042282104,0.0258765835314989,0.0206596981734037,0.1120487228035926,0.0002286284434376,0.7020348310470581,0.0204518530517816,0.0221977438777685,0.2551493346691131,0.0001662752329139,0.7413381338119507,0.0265624690800905,0.0252114813774824,0.2066801190376281,0.0002078440447803,0.7120113372802734,0.0237357895821332,0.0234448071569204,0.2406002581119537,0.0002078440447803,0.8049591779708862,0.0247334409505128,0.0221146065741777,0.1479226052761078,0.000270197255304,0.7364745736122131,0.028079729527235,0.0269158035516738,0.2081142365932464,0.0004156880895607,0.6862802505493164,0.0107455365359783,0.0115561289712786,0.2912934124469757,0.0001247064210474,0.6970465779304504,0.0193710643798112,0.0204102843999862,0.2630890011787414,8.313761645695195e-05,0.7571966052055359,0.0332134775817394,0.0316546484827995,0.1776650846004486,0.000270197255304,0.7087274193763733,0.015193399041891,0.0166275240480899,0.2593270242214203,0.0001247064210474,0.7114917039871216,0.0168561525642871,0.0172926243394613,0.2541724741458893,0.0001870596315711,0.7397792935371399,0.0213663671165704,0.0223848037421703,0.2162617295980453,0.0002078440447803,0.7262070775032043,0.0185604728758335,0.019454201683402,0.2355704307556152,0.0002078440447803,0.8137509822845459,0.0300750322639942,0.0240891240537166,0.131835475564003,0.0002494128420948,0.7346455454826355,0.0219898987561464,0.0241514779627323,0.2190052717924118,0.0002078440447803,0.7217176556587219,0.0172302704304456,0.0182694904506206,0.2425539940595626,0.0002286284434376,0.6974830627441406,0.0150686930865049,0.015234968625009,0.2720886468887329,0.0001247064210474,0.7635151147842407,0.0291397348046302,0.0275185517966747,0.1796188205480575,0.0002078440447803,0.7383451461791992,0.0248789321631193,0.025273835286498,0.2112734615802765,0.0002286284434376,0.731195330619812,0.0249205008149147,0.0246918722987175,0.2187974154949188,0.0003949036763515,0.7226529717445374,0.023818926885724,0.0231746099889278,0.2299586534500122,0.0003949036763515,0.7395714521408081,0.0263754092156887,0.0262922719120979,0.2075530588626861,0.0002078440447803,0.7317149639129639,0.0222808811813592,0.0222185272723436,0.2235570549964904,0.0002286284434376,0.7340428233146667,0.0211377386003732,0.0211793072521686,0.2233699858188629,0.000270197255304,0.74325031042099,0.0262714866548776,0.024858146905899,0.2052459865808487,0.0003741192631423,0.837736189365387,0.0272899232804775,0.0207012668251991,0.1141271665692329,0.0001454908342566,0.7465965747833252,0.02751855179667473,0.027165215462446213,0.1984494924545288,0.00027019725530408323
91,0.9658928513526917,0.0,0.0,0.0341072082519531,0.0,0.9661006927490234,0.0,0.0,0.033899363130331,0.0,0.9661214351654052,0.0,0.0,0.0338785797357559,0.0,0.9659967422485352,0.0,0.0,0.0340032838284969,0.0,0.9659967422485352,0.0,0.0,0.0340032838284969,0.0,0.9659967422485352,0.0,0.0,0.0340032838284969,0.0,0.9659135937690736,0.0,0.0,0.0340864211320877,0.0,0.9660383462905884,0.0,0.0,0.0339617170393466,0.0,0.9659759402275084,0.0,0.0,0.0340240709483623,0.0,0.9659967422485352,0.0,0.0,0.0340032838284969,0.0,0.9661630392074584,0.0,0.0,0.0338370092213153,0.0,0.9661837816238404,0.0,0.0,0.0338162258267402,0.0,0.9659551978111268,0.0,0.0,0.0340448543429374,0.0,0.9661630392074584,0.0,0.0,0.0338370092213153,0.0,0.9660590887069702,0.0,0.0,0.0339409336447715,0.0,0.9661006927490234,0.0,0.0,0.033899363130331,0.0,0.9660383462905884,0.0,0.0,0.0339617170393466,0.0,0.9661006927490234,0.0,0.0,0.033899363130331,0.0,0.9660175442695618,0.0,0.0,0.0339825004339218,0.0,0.9660590887069702,0.0,0.0,0.0339409336447715,0.0,0.9659551978111268,0.0,0.0,0.0340448543429374,0.0,0.9659967422485352,0.0,0.0,0.0340032838284969,0.0,0.9660590887069702,0.0,0.0,0.0339409336447715,0.0,0.9659967422485352,0.0,0.0,0.0340032838284969,0.0,0.9660590887069702,0.0,0.0,0.0339409336447715,0.0,0.9661214351654052,0.0,0.0,0.0338785797357559,0.0,0.9660590887069702,0.0,0.0,0.0339409336447715,0.0,0.9660175442695618,0.0,0.0,0.0339825004339218,0.0,0.9660798907279968,0.0,0.0,0.0339201465249061,0.0,0.9660383462905884,0.0,0.0,0.0339617170393466,0.0,0.722091794013977,0.0198075380176305,0.0213455837219953,0.2365473061800003,0.0002078440447803,0.7184544801712036,0.0207636188715696,0.0212624445557594,0.2393116354942321,0.0002078440447803,0.7301145195960999,0.0211793072521686,0.0225302949547767,0.2260511815547943,0.0001247064210474,0.8363020420074463,0.0253985412418842,0.0224471557885408,0.1156236380338668,0.0002286284434376,0.6987716555595398,0.0194334182888269,0.0228212755173444,0.2588073909282684,0.0001662752329139,0.7370565533638,0.0249205008149147,0.0267703123390674,0.2110448330640792,0.0002078440447803,0.7089976072311401,0.0214287210255861,0.0244216751307249,0.2449441999197006,0.0002078440447803,0.8001579642295837,0.0246503036469221,0.0234448071569204,0.1514767408370971,0.000270197255304,0.7319643497467041,0.0267495289444923,0.0280589461326599,0.2128115147352218,0.0004156880895607,0.6844512224197388,0.0099972980096936,0.011597697623074,0.2938291132450104,0.0001247064210474,0.6936171054840088,0.0188930239528417,0.0210338160395622,0.2663729190826416,8.313761645695195e-05,0.7524993419647217,0.0314260199666023,0.032756220549345,0.1830482482910156,0.000270197255304,0.7060669660568237,0.0140710417181253,0.0173757616430521,0.2623615264892578,0.0001247064210474,0.7092469930648804,0.0152973216027021,0.0180616471916437,0.2572070062160492,0.0001870596315711,0.7359965443611145,0.0209506787359714,0.0233408864587545,0.2195040881633758,0.0002078440447803,0.7230063080787659,0.0171679183840751,0.0206181295216083,0.2389998584985733,0.0002078440447803,0.8082015514373779,0.029534637928009,0.0260220747441053,0.1359923630952835,0.0002494128420948,0.7306756973266602,0.021220875903964,0.0249412842094898,0.2229543030261993,0.0002078440447803,0.7188286185264587,0.0161910504102706,0.0193918496370315,0.2453598976135254,0.0002286284434376,0.6956124305725098,0.0137592758983373,0.0155675187706947,0.2749361097812652,0.0001247064210474,0.7587970495223999,0.0282875746488571,0.0283499266952276,0.1843576580286026,0.0002078440447803,0.7341259121894836,0.0244216751307249,0.0264377612620592,0.2147860378026962,0.0002286284434376,0.7272670865058899,0.0233201012015342,0.0255440324544906,0.2234739065170288,0.0003949036763515,0.7191611528396606,0.021948330104351,0.0247126556932926,0.2337829768657684,0.0003949036763515,0.734687089920044,0.0259597208350896,0.0272067841142416,0.2119385749101638,0.0002078440447803,0.7274125814437866,0.0214495044201612,0.0235695149749517,0.227339819073677,0.0002286284434376,0.7304055094718933,0.0202855784446001,0.0221146065741777,0.2269241213798523,0.000270197255304,0.7390518188476562,0.0246295183897018,0.0268742348998785,0.2090703248977661,0.0003741192631423,0.8330181241035461,0.0260220747441053,0.0230706892907619,0.1177436485886573,0.0001454908342566,0.7422734498977661,0.025938935577869415,0.028495417907834053,0.2030220627784729,0.00027019725530408323
92,0.9645833969116212,0.0,0.0,0.0354166254401207,0.0,0.9647912383079528,0.0,0.0,0.0352087803184986,0.0,0.9648120403289796,0.0,0.0,0.0351879969239234,0.0,0.9646873474121094,0.0,0.0,0.0353127010166645,0.0,0.9646873474121094,0.0,0.0,0.0353127010166645,0.0,0.9646873474121094,0.0,0.0,0.0353127010166645,0.0,0.9646041989326476,0.0,0.0,0.0353958420455455,0.0,0.9647288918495178,0.0,0.0,0.0352711342275142,0.0,0.9646665453910828,0.0,0.0,0.0353334881365299,0.0,0.9646873474121094,0.0,0.0,0.0353127010166645,0.0,0.964853584766388,0.0,0.0,0.0351464264094829,0.0,0.9648743867874146,0.0,0.0,0.0351256430149078,0.0,0.9646457433700562,0.0,0.0,0.035354271531105,0.0,0.964853584766388,0.0,0.0,0.0351464264094829,0.0,0.9647496938705444,0.0,0.0,0.0352503508329391,0.0,0.9647912383079528,0.0,0.0,0.0352087803184986,0.0,0.9647288918495178,0.0,0.0,0.0352711342275142,0.0,0.9647912383079528,0.0,0.0,0.0352087803184986,0.0,0.9647080898284912,0.0,0.0,0.0352919176220893,0.0,0.9647496938705444,0.0,0.0,0.0352503508329391,0.0,0.9646457433700562,0.0,0.0,0.035354271531105,0.0,0.9646873474121094,0.0,0.0,0.0353127010166645,0.0,0.9647496938705444,0.0,0.0,0.0352503508329391,0.0,0.9646873474121094,0.0,0.0,0.0353127010166645,0.0,0.9647496938705444,0.0,0.0,0.0352503508329391,0.0,0.9648120403289796,0.0,0.0,0.0351879969239234,0.0,0.9647496938705444,0.0,0.0,0.0352503508329391,0.0,0.9647080898284912,0.0,0.0,0.0352919176220893,0.0,0.964770495891571,0.0,0.0,0.0352295637130737,0.0,0.9647288918495178,0.0,0.0,0.0352711342275142,0.0,0.717519223690033,0.0186020415276289,0.0221769586205482,0.2414732128381729,0.0002286284434376,0.7138195633888245,0.0193710643798112,0.0224055871367454,0.2441959679126739,0.0002078440447803,0.7244611978530884,0.0196204781532287,0.0245671663433313,0.2312264889478683,0.0001247064210474,0.830191433429718,0.0246918722987175,0.0245671663433313,0.1203209161758422,0.0002286284434376,0.6944277286529541,0.0178745873272418,0.0237565729767084,0.2637748718261719,0.0001662752329139,0.7314655184745789,0.022987550124526,0.0280381608754396,0.2173009514808654,0.0002078440447803,0.7044457793235779,0.0189345926046371,0.0259181521832942,0.2504936456680298,0.0002078440447803,0.7943175435066223,0.0231953952461481,0.0261052120476961,0.1561116576194763,0.000270197255304,0.7264149188995361,0.0250036381185054,0.0294515006244182,0.2187142819166183,0.0004156880895607,0.6813958883285522,0.0092490594834089,0.0122004449367523,0.2970299124717712,0.0001247064210474,0.6890861392021179,0.0180200785398483,0.021220875903964,0.2715898156166076,8.313761645695195e-05,0.7459522485733032,0.0288487523794174,0.0347723066806793,0.1901565194129943,0.000270197255304,0.7024089097976685,0.0129694677889347,0.0181240011006593,0.2663729190826416,0.0001247064210474,0.7049446105957031,0.0147569272667169,0.018726747483015,0.2613846659660339,0.0001870596315711,0.73073810338974,0.01976596750319,0.024546381086111,0.2247417569160461,0.0002078440447803,0.7183505892753601,0.0161702670156955,0.0213455837219953,0.2439257651567459,0.0002078440447803,0.8019869923591614,0.0279965922236442,0.0275185517966747,0.1422484666109085,0.0002494128420948,0.7252094149589539,0.020493421703577,0.0251075606793165,0.2289817780256271,0.0002078440447803,0.7149211764335632,0.015546734444797,0.0191840045154094,0.2500987350940704,0.0002494128420948,0.6926195025444031,0.0116392662748694,0.0165651701390743,0.2790514230728149,0.0001247064210474,0.7524993419647217,0.0269158035516738,0.0307401344180107,0.1896161139011383,0.0002286284434376,0.7281607985496521,0.0236110836267471,0.0274146292358636,0.2205848842859268,0.0002286284434376,0.7220501899719238,0.021220875903964,0.0269158035516738,0.2294182479381561,0.0003949036763515,0.7140066623687744,0.0207844041287899,0.0255440324544906,0.2392700612545013,0.0003949036763515,0.7283270955085754,0.024858146905899,0.0288487523794174,0.2177582085132599,0.0002078440447803,0.7224658727645874,0.0199322439730167,0.0256479550153017,0.2317253202199936,0.0002286284434376,0.7251470685005188,0.0193918496370315,0.0232369638979434,0.2319539487361908,0.000270197255304,0.7333361506462097,0.0237357895821332,0.0278095323592424,0.2147444635629654,0.0003741192631423,0.8257643580436707,0.0263754092156887,0.0244424585253,0.1232515200972557,0.0001662752329139,0.7358718514442444,0.0254193264991045,0.02940993197262287,0.20900796353816986,0.00029098166851326823
93,0.9645002484321594,0.0,0.0,0.0354997627437114,0.0,0.9647080898284912,0.0,0.0,0.0352919176220893,0.0,0.9647288918495178,0.0,0.0,0.0352711342275142,0.0,0.9646041989326476,0.0,0.0,0.0353958420455455,0.0,0.9646041989326476,0.0,0.0,0.0353958420455455,0.0,0.9646041989326476,0.0,0.0,0.0353958420455455,0.0,0.964521050453186,0.0,0.0,0.0354789793491363,0.0,0.9646457433700562,0.0,0.0,0.035354271531105,0.0,0.9645833969116212,0.0,0.0,0.0354166254401207,0.0,0.9646041989326476,0.0,0.0,0.0353958420455455,0.0,0.964770495891571,0.0,0.0,0.0352295637130737,0.0,0.9647912383079528,0.0,0.0,0.0352087803184986,0.0,0.9645626544952391,0.0,0.0,0.0354374088346958,0.0,0.964770495891571,0.0,0.0,0.0352295637130737,0.0,0.9646665453910828,0.0,0.0,0.0353334881365299,0.0,0.9647080898284912,0.0,0.0,0.0352919176220893,0.0,0.9646457433700562,0.0,0.0,0.035354271531105,0.0,0.9647080898284912,0.0,0.0,0.0352919176220893,0.0,0.9646250009536744,0.0,0.0,0.0353750549256801,0.0,0.9646665453910828,0.0,0.0,0.0353334881365299,0.0,0.9645626544952391,0.0,0.0,0.0354374088346958,0.0,0.9646041989326476,0.0,0.0,0.0353958420455455,0.0,0.9646665453910828,0.0,0.0,0.0353334881365299,0.0,0.9646041989326476,0.0,0.0,0.0353958420455455,0.0,0.9646665453910828,0.0,0.0,0.0353334881365299,0.0,0.9647288918495178,0.0,0.0,0.0352711342275142,0.0,0.9646665453910828,0.0,0.0,0.0353334881365299,0.0,0.9646250009536744,0.0,0.0,0.0353750549256801,0.0,0.9646873474121094,0.0,0.0,0.0353127010166645,0.0,0.9646457433700562,0.0,0.0,0.035354271531105,0.0,0.7140274047851562,0.0166483074426651,0.0230291206389665,0.2460665553808212,0.0002286284434376,0.7101823091506958,0.0167730133980512,0.0242761839181184,0.248560681939125,0.0002078440447803,0.7205121517181396,0.0171679183840751,0.0260220747441053,0.2361731827259063,0.0001247064210474,0.8250784873962402,0.0221561752259731,0.0275185517966747,0.1250181943178177,0.0002286284434376,0.690956711769104,0.0157130099833011,0.0239852014929056,0.2691788077354431,0.0001662752329139,0.7274541258811951,0.0196620468050241,0.0301789548248052,0.2224970459938049,0.0002078440447803,0.7004136443138123,0.016960073262453,0.0268326662480831,0.2555858194828033,0.0002078440447803,0.7889552116394043,0.0212832298129796,0.028183652088046,0.1613077670335769,0.000270197255304,0.7219046950340271,0.0210753865540027,0.0314675867557525,0.2251366674900055,0.0004156880895607,0.6796292066574097,0.0084384679794311,0.0124914264306426,0.2993161976337433,0.0001247064210474,0.6854488849639893,0.015816930681467,0.0225095096975564,0.2761415839195251,8.313761645695195e-05,0.7399663329124451,0.0253154039382934,0.0370378084480762,0.1974102705717086,0.000270197255304,0.6992912888526917,0.0118263261392712,0.0185189042240381,0.2702388167381286,0.0001247064210474,0.7017646431922913,0.0126577019691467,0.0201608724892139,0.2652297914028168,0.0001870596315711,0.726747453212738,0.0175836067646741,0.0258142296224832,0.2296468764543533,0.0002078440447803,0.714422345161438,0.0150894774124026,0.0220106840133667,0.2482697069644928,0.0002078440447803,0.7958556413650513,0.025481678545475,0.0312181748449802,0.1471951454877853,0.0002494128420948,0.7207615375518799,0.0190177299082279,0.0261467806994915,0.2338661104440689,0.0002078440447803,0.7119073867797852,0.0134059404954314,0.0200985185801982,0.2543387413024902,0.0002494128420948,0.6899383068084717,0.0100388675928115,0.0175836067646741,0.2823145687580108,0.0001247064210474,0.7472200989723206,0.0234655924141407,0.0328185744583606,0.1962671279907226,0.0002286284434376,0.7239831686019897,0.0206804815679788,0.0284746345132589,0.22663314640522,0.0002286284434376,0.7174984216690063,0.0186020415276289,0.0287656150758266,0.234739065170288,0.0003949036763515,0.7093716859817505,0.0183526296168565,0.0272067841142416,0.2446740120649337,0.0003949036763515,0.7243365049362183,0.0207636188715696,0.0307401344180107,0.2239519506692886,0.0002078440447803,0.7189533114433289,0.0168977212160825,0.0268534496426582,0.2370669096708297,0.0002286284434376,0.7209486365318298,0.0168561525642871,0.0254401098936796,0.236484944820404,0.000270197255304,0.7289506196975708,0.020493421703577,0.0294515006244182,0.2207303643226623,0.0003741192631423,0.820381224155426,0.0236110836267471,0.0280173774808645,0.1278240829706192,0.0001662752329139,0.7309874892234802,0.022218527272343636,0.03090640902519226,0.21559663116931915,0.00029098166851326823
94,0.9598861336708068,0.0,0.0,0.0401138998568058,0.0,0.9600939750671388,0.0,0.0,0.0399060547351837,0.0,0.9601147770881652,0.0,0.0,0.0398852713406086,0.0,0.9599900841712952,0.0,0.0,0.0400099791586399,0.0,0.9599900841712952,0.0,0.0,0.0400099791586399,0.0,0.9599900841712952,0.0,0.0,0.0400099791586399,0.0,0.9599069356918336,0.0,0.0,0.0400931164622306,0.0,0.9600316286087036,0.0,0.0,0.0399684086441993,0.0,0.9599692821502686,0.0,0.0,0.040030762553215,0.0,0.9599900841712952,0.0,0.0,0.0400099791586399,0.0,0.9601563215255736,0.0,0.0,0.039843700826168,0.0,0.9601771235466005,0.0,0.0,0.0398229174315929,0.0,0.959948480129242,0.0,0.0,0.0400515459477901,0.0,0.9601563215255736,0.0,0.0,0.039843700826168,0.0,0.9600524306297302,0.0,0.0,0.0399476252496242,0.0,0.9600939750671388,0.0,0.0,0.0399060547351837,0.0,0.9600316286087036,0.0,0.0,0.0399684086441993,0.0,0.9600939750671388,0.0,0.0,0.0399060547351837,0.0,0.960010826587677,0.0,0.0,0.0399891920387744,0.0,0.9600524306297302,0.0,0.0,0.0399476252496242,0.0,0.959948480129242,0.0,0.0,0.0400515459477901,0.0,0.9599900841712952,0.0,0.0,0.0400099791586399,0.0,0.9600524306297302,0.0,0.0,0.0399476252496242,0.0,0.9599900841712952,0.0,0.0,0.0400099791586399,0.0,0.9600524306297302,0.0,0.0,0.0399476252496242,0.0,0.9601147770881652,0.0,0.0,0.0398852713406086,0.0,0.9600524306297302,0.0,0.0,0.0399476252496242,0.0,0.960010826587677,0.0,0.0,0.0399891920387744,0.0,0.960073173046112,0.0,0.0,0.0399268418550491,0.0,0.9600316286087036,0.0,0.0,0.0399684086441993,0.0,0.7059007287025452,0.0139671191573143,0.0248373635113239,0.2550662159919739,0.0002286284434376,0.7014943957328796,0.0142373172566294,0.0261467806994915,0.2578928768634796,0.0002286284434376,0.7116580009460449,0.0160871297121047,0.0261883493512868,0.2459002882242202,0.0001662752329139,0.8143953084945679,0.0206181295216083,0.0303244460374116,0.1344335228204727,0.0002286284434376,0.6827676892280579,0.0130941746756434,0.025481678545475,0.278469443321228,0.0001870596315711,0.7186623215675354,0.0165028162300586,0.032132688909769,0.2324943393468856,0.0002078440447803,0.6924947500228882,0.0133435875177383,0.028911106288433,0.2650011479854584,0.0002494128420948,0.7789994478225708,0.0197867527604103,0.0297632664442062,0.171159565448761,0.0002909816685132,0.7121360301971436,0.0181655697524547,0.0331719107925891,0.2360692620277404,0.0004572568868752,0.6731029152870178,0.0070043443702161,0.0131565276533365,0.3065699636936188,0.0001662752329139,0.6775299906730652,0.0133435875177383,0.0236318670213222,0.2854114472866058,8.313761645695195e-05,0.7294909954071045,0.0215326435863971,0.0399060547351837,0.2086962014436721,0.0003741192631423,0.6921830177307129,0.0103714177384972,0.0189761612564325,0.2783447504043579,0.0001247064210474,0.6940951943397522,0.0112235778942704,0.0203063637018203,0.2741670608520508,0.0002078440447803,0.71803879737854,0.0155675187706947,0.0267495289444923,0.239415556192398,0.0002286284434376,0.706628143787384,0.0134059404954314,0.0225718636065721,0.2571654319763183,0.0002286284434376,0.7847151756286621,0.0228628441691398,0.0347723066806793,0.1573587208986282,0.0002909816685132,0.7118242979049683,0.0166483074426651,0.027352275326848,0.2439049780368805,0.000270197255304,0.7038846015930176,0.0116600506007671,0.021220875903964,0.2629642784595489,0.000270197255304,0.6819155216217041,0.0093945506960153,0.0180200785398483,0.2905243933200836,0.0001454908342566,0.7369110584259033,0.0204310696572065,0.0354997627437114,0.2069295346736908,0.0002286284434376,0.7149627208709717,0.0172094870358705,0.0307193491607904,0.2368382811546325,0.000270197255304,0.7084156274795532,0.0166067387908697,0.0305115059018135,0.2440712600946426,0.0003949036763515,0.7008708715438843,0.0156090874224901,0.0283291433006525,0.2547752261161804,0.0004156880895607,0.7151913642883301,0.0182071384042501,0.0319871976971626,0.2343857288360595,0.0002286284434376,0.7100368142127991,0.0155051657930016,0.0272483546286821,0.246918722987175,0.0002909816685132,0.7122815251350403,0.0155883030965924,0.0259181521832942,0.2458795011043548,0.0003325504658278,0.7193689942359924,0.0177083127200603,0.0315507240593433,0.2309978604316711,0.0003741192631423,0.8101968765258789,0.0213663671165704,0.0315299406647682,0.1367198079824447,0.0001870596315711,0.721135675907135,0.019287927076220512,0.03290171176195145,0.226362943649292,0.0003117660526186228
95,0.957682967185974,0.0,0.0,0.042317047715187,0.0,0.957890808582306,0.0,0.0,0.0421092025935649,0.0,0.9579116106033324,0.0,0.0,0.0420884191989898,0.0,0.9577869176864624,0.0,0.0,0.0422131232917308,0.0,0.9577869176864624,0.0,0.0,0.0422131232917308,0.0,0.9577869176864624,0.0,0.0,0.0422131232917308,0.0,0.9577037692070008,0.0,0.0,0.0422962605953216,0.0,0.9578284621238708,0.0,0.0,0.0421715565025806,0.0,0.9577661156654358,0.0,0.0,0.0422339104115963,0.0,0.9577869176864624,0.0,0.0,0.0422131232917308,0.0,0.9579532146453856,0.0,0.0,0.0420468486845493,0.0,0.9579739570617676,0.0,0.0,0.0420260652899742,0.0,0.9577453136444092,0.0,0.0,0.0422546938061714,0.0,0.9579532146453856,0.0,0.0,0.0420468486845493,0.0,0.9578492641448976,0.0,0.0,0.0421507731080055,0.0,0.957890808582306,0.0,0.0,0.0421092025935649,0.0,0.9578284621238708,0.0,0.0,0.0421715565025806,0.0,0.957890808582306,0.0,0.0,0.0421092025935649,0.0,0.957807719707489,0.0,0.0,0.0421923398971557,0.0,0.9578492641448976,0.0,0.0,0.0421507731080055,0.0,0.9577453136444092,0.0,0.0,0.0422546938061714,0.0,0.9577869176864624,0.0,0.0,0.0422131232917308,0.0,0.9578492641448976,0.0,0.0,0.0421507731080055,0.0,0.9577869176864624,0.0,0.0,0.0422131232917308,0.0,0.9578492641448976,0.0,0.0,0.0421507731080055,0.0,0.9579116106033324,0.0,0.0,0.0420884191989898,0.0,0.9578492641448976,0.0,0.0,0.0421507731080055,0.0,0.957807719707489,0.0,0.0,0.0421923398971557,0.0,0.957870066165924,0.0,0.0,0.0421299859881401,0.0,0.9578284621238708,0.0,0.0,0.0421715565025806,0.0,0.7003928422927856,0.0134890787303447,0.0242761839181184,0.2616133093833923,0.0002286284434376,0.6953006982803345,0.0149439861997962,0.0253361891955137,0.2641489803791046,0.000270197255304,0.7057136297225952,0.0161910504102706,0.0255024638026952,0.2524265944957733,0.0001662752329139,0.8061023354530334,0.0219898987561464,0.0305946432054042,0.1410637497901916,0.0002494128420948,0.6772182583808899,0.0133435875177383,0.0235487297177314,0.2856816351413727,0.0002078440447803,0.7119489908218384,0.0168977212160825,0.030677780508995,0.2402677088975906,0.0002078440447803,0.6867167353630066,0.0140710417181253,0.0265832524746656,0.2723380327224731,0.0002909816685132,0.7717872858047485,0.0201608724892139,0.0293683633208274,0.178392544388771,0.0002909816685132,0.7045289278030396,0.0192255731672048,0.0324236713349819,0.2433438003063202,0.0004780413000844,0.6692993640899658,0.0069419909268617,0.0124082891270518,0.3111841082572937,0.0001662752329139,0.6720845103263855,0.0133228031918406,0.0226342156529426,0.2918753921985626,8.313761645695195e-05,0.7211772799491882,0.0231122579425573,0.0377444773912429,0.2175295799970626,0.000436472473666,0.6872155666351318,0.0106416149064898,0.01768752746284,0.2843306362628937,0.0001247064210474,0.6889821887016296,0.0120549546554684,0.0189345926046371,0.279820442199707,0.0002078440447803,0.7120944857597351,0.0156922247260808,0.0249828528612852,0.24698106944561,0.0002494128420948,0.7006630301475525,0.0141333946958184,0.0215949956327676,0.2633799612522125,0.0002286284434376,0.7760065197944641,0.0239852014929056,0.0354581922292709,0.1642383635044098,0.0003117660526186,0.7050485610961914,0.0174173302948474,0.0257934462279081,0.2514289319515228,0.0003117660526186,0.698563814163208,0.0120549546554684,0.0199530273675918,0.269116461277008,0.0003117660526186,0.6772182583808899,0.0101843578740954,0.0167730133980512,0.295658141374588,0.0001662752329139,0.7286180853843689,0.0219691153615713,0.0336915180087089,0.2154511362314224,0.000270197255304,0.7084987759590149,0.0174173302948474,0.0289318896830081,0.2448610663414001,0.0002909816685132,0.7017853856086731,0.017271839082241,0.0286824777722358,0.251865416765213,0.0003949036763515,0.6940743923187256,0.0168769359588623,0.027144432067871,0.2614678144454956,0.000436472473666,0.7085819244384766,0.0178953725844621,0.031093468889594,0.2421798706054687,0.0002494128420948,0.7036144137382507,0.0155883030965924,0.026416977867484,0.2540893256664276,0.0002909816685132,0.7060254216194153,0.0161702670156955,0.0246087349951267,0.2528630495071411,0.0003325504658278,0.7125725150108337,0.0182694904506206,0.0303036607801914,0.2384594678878784,0.0003949036763515,0.8012803196907043,0.0235279463231563,0.0318417064845562,0.1431421935558319,0.0002078440447803,0.7132375836372375,0.02082597278058529,0.03167543187737465,0.23392847180366516,0.0003325504658278078
96,0.9547939300537108,0.0,0.0,0.0452060773968696,0.0,0.9550017714500428,0.0,0.0,0.0449982360005378,0.0,0.9550225734710692,0.0,0.0,0.0449774488806724,0.0,0.9548978805541992,0.0,0.0,0.0451021566987037,0.0,0.9548978805541992,0.0,0.0,0.0451021566987037,0.0,0.9548978805541992,0.0,0.0,0.0451021566987037,0.0,0.9548147320747375,0.0,0.0,0.0451852940022945,0.0,0.9549394249916076,0.0,0.0,0.0450605899095535,0.0,0.9548770785331726,0.0,0.0,0.0451229400932788,0.0,0.9548978805541992,0.0,0.0,0.0451021566987037,0.0,0.9550641775131226,0.0,0.0,0.0449358820915222,0.0,0.9550849199295044,0.0,0.0,0.0449150986969471,0.0,0.9548563361167908,0.0,0.0,0.0451437272131443,0.0,0.9550641775131226,0.0,0.0,0.0449358820915222,0.0,0.9549602270126344,0.0,0.0,0.0450398027896881,0.0,0.9550017714500428,0.0,0.0,0.0449982360005378,0.0,0.9549394249916076,0.0,0.0,0.0450605899095535,0.0,0.9550017714500428,0.0,0.0,0.0449982360005378,0.0,0.9549186825752258,0.0,0.0,0.0450813733041286,0.0,0.9549602270126344,0.0,0.0,0.0450398027896881,0.0,0.9548563361167908,0.0,0.0,0.0451437272131443,0.0,0.9548978805541992,0.0,0.0,0.0451021566987037,0.0,0.9549602270126344,0.0,0.0,0.0450398027896881,0.0,0.9548978805541992,0.0,0.0,0.0451021566987037,0.0,0.9549602270126344,0.0,0.0,0.0450398027896881,0.0,0.9550225734710692,0.0,0.0,0.0449774488806724,0.0,0.9549602270126344,0.0,0.0,0.0450398027896881,0.0,0.9549186825752258,0.0,0.0,0.0450813733041286,0.0,0.9549810290336608,0.0,0.0,0.0450190193951129,0.0,0.9549394249916076,0.0,0.0,0.0450605899095535,0.0,0.6940120458602905,0.0137177063152194,0.0230706892907619,0.2689293920993805,0.000270197255304,0.6890029907226562,0.0150271244347095,0.0240891240537166,0.2716105878353119,0.000270197255304,0.6987301111221313,0.0159416384994983,0.0255232490599155,0.2596387863159179,0.0001662752329139,0.7969571948051453,0.0234448071569204,0.0301997400820255,0.1490865349769592,0.0003117660526186,0.6708998084068298,0.0137384915724396,0.0224679410457611,0.2926859855651855,0.0002078440447803,0.7047991156578064,0.0168769359588623,0.0292020868510007,0.2488724589347839,0.0002494128420948,0.6801280379295349,0.0145282987505197,0.0246710870414972,0.2803400456905365,0.0003325504658278,0.7638683915138245,0.0206596981734037,0.0291813034564256,0.1859788447618484,0.0003117660526186,0.6973375678062439,0.0192879270762205,0.030989546328783,0.2518861889839172,0.0004988256841897,0.6647267937660217,0.0068796379491686,0.0117431879043579,0.3164009749889374,0.0002494128420948,0.6662024855613708,0.0130941746756434,0.0221146065741777,0.2984848320484161,0.0001039220223901,0.7124893665313721,0.0236734356731176,0.0366636887192726,0.2267370671033859,0.000436472473666,0.6815205812454224,0.0110988719388842,0.0164196789264678,0.2908361554145813,0.0001247064210474,0.6834535598754883,0.0117016192525625,0.0182902757078409,0.2863467335700989,0.0002078440447803,0.7047991156578064,0.0161494817584753,0.0248997155576944,0.2538607120513916,0.0002909816685132,0.6945940256118774,0.0139671191573143,0.0205142069607973,0.2706753015518188,0.0002494128420948,0.7656143307685852,0.0265832524746656,0.0344397574663162,0.1730301678180694,0.0003325504658278,0.6980234384536743,0.0173965469002723,0.0253777578473091,0.2588489651679992,0.0003533348790369,0.6923493146896362,0.0127824088558554,0.0187891013920307,0.2757674753665924,0.0003117660526186,0.6718766689300537,0.0109533807262778,0.0154428118839859,0.3015609085559845,0.0001662752329139,0.7194521427154541,0.0232577472925186,0.033275831490755,0.2237233221530914,0.0002909816685132,0.7014320492744446,0.0169392898678779,0.0290773808956146,0.2522395253181457,0.0003117660526186,0.6949889063835144,0.017271839082241,0.0272275693714618,0.2601168155670166,0.0003949036763515,0.6874234080314636,0.0167937986552715,0.0257934462279081,0.2695321440696716,0.0004572568868752,0.7002889513969421,0.0182487070560455,0.0310103315860033,0.2502026557922363,0.0002494128420948,0.6969426274299622,0.0157337933778762,0.0250867754220962,0.26192507147789,0.0003117660526186,0.6993744373321533,0.0159832071512937,0.024234615266323,0.2600336670875549,0.0003741192631423,0.7041548490524292,0.0193918496370315,0.0290358122438192,0.2470018565654754,0.0004156880895607,0.792654812335968,0.0233201012015342,0.0319664143025875,0.1518300771713256,0.0002286284434376,0.7052564024925232,0.02082597278058529,0.031031114980578423,0.24253320693969727,0.0003533348790369928
97,0.9515931606292723,0.0,0.0,0.0484068766236305,0.0,0.9518010020256042,0.0,0.0,0.0481990315020084,0.0,0.9518218040466307,0.0,0.0,0.0481782481074333,0.0,0.951697051525116,0.0,0.0,0.0483029559254646,0.0,0.951697051525116,0.0,0.0,0.0483029559254646,0.0,0.951697051525116,0.0,0.0,0.0483029559254646,0.0,0.9516139626502992,0.0,0.0,0.0483860932290554,0.0,0.9517386555671692,0.0,0.0,0.048261385411024,0.0,0.951676309108734,0.0,0.0,0.0483237393200397,0.0,0.951697051525116,0.0,0.0,0.0483029559254646,0.0,0.9518633484840392,0.0,0.0,0.048136681318283,0.0,0.951884150505066,0.0,0.0,0.0481158941984176,0.0,0.9516555070877076,0.0,0.0,0.0483445227146148,0.0,0.9518633484840392,0.0,0.0,0.048136681318283,0.0,0.9517594575881958,0.0,0.0,0.0482406020164489,0.0,0.9518010020256042,0.0,0.0,0.0481990315020084,0.0,0.9517386555671692,0.0,0.0,0.048261385411024,0.0,0.9518010020256042,0.0,0.0,0.0481990315020084,0.0,0.9517178535461426,0.0,0.0,0.0482821725308895,0.0,0.9517594575881958,0.0,0.0,0.0482406020164489,0.0,0.9516555070877076,0.0,0.0,0.0483445227146148,0.0,0.951697051525116,0.0,0.0,0.0483029559254646,0.0,0.9517594575881958,0.0,0.0,0.0482406020164489,0.0,0.951697051525116,0.0,0.0,0.0483029559254646,0.0,0.9517594575881958,0.0,0.0,0.0482406020164489,0.0,0.9518218040466307,0.0,0.0,0.0481782481074333,0.0,0.9517594575881958,0.0,0.0,0.0482406020164489,0.0,0.9517178535461426,0.0,0.0,0.0482821725308895,0.0,0.9517802000045776,0.0,0.0,0.0482198186218738,0.0,0.9517386555671692,0.0,0.0,0.048261385411024,0.0,0.6875272989273071,0.0135930003598332,0.0220106840133667,0.2765988409519195,0.000270197255304,0.682954728603363,0.0143204545602202,0.0229251980781555,0.2795294523239136,0.000270197255304,0.6919335722923279,0.0156714413315057,0.0234863758087158,0.2687007784843445,0.0002078440447803,0.7890799045562744,0.023091472685337,0.0297216977924108,0.1577951908111572,0.0003117660526186,0.6649138927459717,0.0131357433274388,0.0212624445557594,0.3004593551158905,0.0002286284434376,0.6979402899742126,0.0166067387908697,0.0269158035516738,0.2582462131977081,0.0002909816685132,0.6737887859344482,0.0137177063152194,0.0228836294263601,0.2892565429210663,0.0003533348790369,0.7562613487243652,0.0197867527604103,0.0284746345132589,0.1951239854097366,0.0003533348790369,0.6904786825180054,0.0185189042240381,0.0294307153671979,0.2610729038715362,0.0004988256841897,0.6602789759635925,0.0064431652426719,0.0109325964003801,0.3220959007740021,0.0002494128420948,0.660320520401001,0.01222122926265,0.0215742122381925,0.3057593703269958,0.0001247064210474,0.7040717005729675,0.022987550124526,0.0347515232861042,0.2377112358808517,0.0004780413000844,0.6763452887535095,0.0100388675928115,0.0160039905458688,0.2974663972854614,0.0001454908342566,0.6775923371315002,0.0112651474773883,0.0178538039326667,0.2930808961391449,0.0002078440447803,0.6975869536399841,0.0162534043192863,0.0236734356731176,0.2621744871139526,0.0003117660526186,0.6883171200752258,0.0131980963051319,0.0200153812766075,0.2781992554664612,0.000270197255304,0.7569472193717957,0.026001289486885,0.0340448543429374,0.182632565498352,0.0003741192631423,0.691143810749054,0.0167106613516807,0.024858146905899,0.2669133245944977,0.0003741192631423,0.686301052570343,0.0126992706209421,0.0184773355722427,0.2822106480598449,0.0003117660526186,0.6667636632919312,0.0102674951776862,0.0142373172566294,0.3085444867610931,0.0001870596315711,0.7110552787780762,0.0232577472925186,0.0321119055151939,0.2332633733749389,0.0003117660526186,0.6942822337150574,0.0167937986552715,0.0277056097984313,0.2608858346939087,0.0003325504658278,0.688441812992096,0.0161494817584753,0.025689523667097,0.2693243026733398,0.0003949036763515,0.6809802055358887,0.0154843814671039,0.0253361891955137,0.2777419984340668,0.0004572568868752,0.6924324035644531,0.0189969446510076,0.0287656150758266,0.2595348656177521,0.000270197255304,0.6899798512458801,0.0160663444548845,0.0233616698533296,0.2702388167381286,0.0003533348790369,0.692557156085968,0.0154843814671039,0.023507161065936,0.2680772542953491,0.0003741192631423,0.6965685486793518,0.0194749869406223,0.0280381608754396,0.2554403245449066,0.0004780413000844,0.7834057807922363,0.0240683406591415,0.0316754318773746,0.1605595201253891,0.0002909816685132,0.6976077556610107,0.020472638309001923,0.030220523476600647,0.25132501125335693,0.00037411926314234734
98,0.9515308141708374,0.0,0.0,0.0484692305326461,0.0,0.9517386555671692,0.0,0.0,0.048261385411024,0.0,0.9517594575881958,0.0,0.0,0.0482406020164489,0.0,0.9516347050666808,0.0,0.0,0.0483653098344802,0.0,0.9516347050666808,0.0,0.0,0.0483653098344802,0.0,0.9516347050666808,0.0,0.0,0.0483653098344802,0.0,0.951551616191864,0.0,0.0,0.048448447138071,0.0,0.951676309108734,0.0,0.0,0.0483237393200397,0.0,0.9516139626502992,0.0,0.0,0.0483860932290554,0.0,0.9516347050666808,0.0,0.0,0.0483653098344802,0.0,0.9518010020256042,0.0,0.0,0.0481990315020084,0.0,0.9518218040466307,0.0,0.0,0.0481782481074333,0.0,0.9515931606292723,0.0,0.0,0.0484068766236305,0.0,0.9518010020256042,0.0,0.0,0.0481990315020084,0.0,0.951697051525116,0.0,0.0,0.0483029559254646,0.0,0.9517386555671692,0.0,0.0,0.048261385411024,0.0,0.951676309108734,0.0,0.0,0.0483237393200397,0.0,0.9517386555671692,0.0,0.0,0.048261385411024,0.0,0.9516555070877076,0.0,0.0,0.0483445227146148,0.0,0.951697051525116,0.0,0.0,0.0483029559254646,0.0,0.9515931606292723,0.0,0.0,0.0484068766236305,0.0,0.9516347050666808,0.0,0.0,0.0483653098344802,0.0,0.951697051525116,0.0,0.0,0.0483029559254646,0.0,0.9516347050666808,0.0,0.0,0.0483653098344802,0.0,0.951697051525116,0.0,0.0,0.0483029559254646,0.0,0.9517594575881958,0.0,0.0,0.0482406020164489,0.0,0.951697051525116,0.0,0.0,0.0483029559254646,0.0,0.9516555070877076,0.0,0.0,0.0483445227146148,0.0,0.9517178535461426,0.0,0.0,0.0482821725308895,0.0,0.951676309108734,0.0,0.0,0.0483237393200397,0.0,0.6843888759613037,0.0131565276533365,0.0201608724892139,0.2820235788822174,0.000270197255304,0.6790264844894409,0.0141126103699207,0.0208467580378055,0.2857439815998077,0.000270197255304,0.6882963180541992,0.0150063401088118,0.0214079357683658,0.2750815749168396,0.0002078440447803,0.7833226323127747,0.0227173529565334,0.0282252207398414,0.1654022932052612,0.0003325504658278,0.6620248556137085,0.0123875048011541,0.0192879270762205,0.3060711324214935,0.0002286284434376,0.6935755610466003,0.0167314447462558,0.0238397121429443,0.2655623257160187,0.0002909816685132,0.6703386306762695,0.0138008445501327,0.0202647931873798,0.2952424585819244,0.0003533348790369,0.7513769865036011,0.0192671418190002,0.026624821126461,0.2023777365684509,0.0003533348790369,0.685594379901886,0.0181863531470298,0.0262299180030822,0.2694905698299408,0.0004988256841897,0.6588448286056519,0.0059027709066867,0.0103506334125995,0.3246524035930633,0.0002494128420948,0.6574522852897644,0.0117224035784602,0.0191216524690389,0.3115789890289306,0.0001247064210474,0.6987924575805664,0.0223432350903749,0.0311766061931848,0.2471889108419418,0.0004988256841897,0.6738095879554749,0.0100180823355913,0.0143204545602202,0.3017064034938812,0.0001454908342566,0.6751397848129272,0.0106000462546944,0.0157130099833011,0.2983393371105194,0.0002078440447803,0.6939912438392639,0.0156922247260808,0.0216781329363584,0.2683266699314117,0.0003117660526186,0.6850539445877075,0.0132188806310296,0.0182694904506206,0.2831875085830688,0.000270197255304,0.7516471743583679,0.0247126556932926,0.0320079810917377,0.1912580877542495,0.0003741192631423,0.6876104474067688,0.0158585011959075,0.0233408864587545,0.2728160917758941,0.0003741192631423,0.682954728603363,0.0125745646655559,0.0168145820498466,0.2873443961143493,0.0003117660526186,0.6648099422454834,0.0087502337992191,0.0134475091472268,0.3128052949905395,0.0001870596315711,0.7065865993499756,0.0219691153615713,0.0291605181992054,0.2419720292091369,0.0003117660526186,0.6907281279563904,0.0158792845904827,0.0250867754220962,0.2679733335971832,0.0003325504658278,0.684700608253479,0.0153596745803952,0.0230706892907619,0.2764741480350494,0.0003949036763515,0.6769688129425049,0.015546734444797,0.0222393125295639,0.2847878932952881,0.0004572568868752,0.6880884766578674,0.0187475327402353,0.0252946205437183,0.2675991952419281,0.000270197255304,0.6865296363830566,0.0151518303900957,0.0212000925093889,0.2767651379108429,0.0003533348790369,0.6885873079299927,0.0153388902544975,0.020909110084176,0.2747906148433685,0.0003741192631423,0.6921622157096863,0.0188514553010463,0.0254608951508998,0.2630474269390106,0.0004780413000844,0.7774822115898132,0.0243593212217092,0.0291813034564256,0.1686862260103225,0.0002909816685132,0.692557156085968,0.02022322453558445,0.027456197887659073,0.25938937067985535,0.00037411926314234734
99,0.9507825374603271,0.0,0.0,0.0492174699902534,0.0,0.9509904384613036,0.0,0.0,0.0490096248686313,0.0,0.9510111808776855,0.0,0.0,0.0489888414740562,0.0,0.9508864879608154,0.0,0.0,0.0491135455667972,0.0,0.9508864879608154,0.0,0.0,0.0491135455667972,0.0,0.9508864879608154,0.0,0.0,0.0491135455667972,0.0,0.9508033394813538,0.0,0.0,0.049196682870388,0.0,0.950928032398224,0.0,0.0,0.049071978777647,0.0,0.9508656859397888,0.0,0.0,0.0491343326866626,0.0,0.9508864879608154,0.0,0.0,0.0491135455667972,0.0,0.9510527849197388,0.0,0.0,0.0489472709596157,0.0,0.9510735273361206,0.0,0.0,0.0489264875650405,0.0,0.950844943523407,0.0,0.0,0.0491551160812377,0.0,0.9510527849197388,0.0,0.0,0.0489472709596157,0.0,0.9509488344192504,0.0,0.0,0.0490511953830719,0.0,0.9509904384613036,0.0,0.0,0.0490096248686313,0.0,0.950928032398224,0.0,0.0,0.049071978777647,0.0,0.9509904384613036,0.0,0.0,0.0490096248686313,0.0,0.950907289981842,0.0,0.0,0.0490927621722221,0.0,0.9509488344192504,0.0,0.0,0.0490511953830719,0.0,0.950844943523407,0.0,0.0,0.0491551160812377,0.0,0.9508864879608154,0.0,0.0,0.0491135455667972,0.0,0.9509488344192504,0.0,0.0,0.0490511953830719,0.0,0.9508864879608154,0.0,0.0,0.0491135455667972,0.0,0.9509488344192504,0.0,0.0,0.0490511953830719,0.0,0.9510111808776855,0.0,0.0,0.0489888414740562,0.0,0.9509488344192504,0.0,0.0,0.0490511953830719,0.0,0.950907289981842,0.0,0.0,0.0490927621722221,0.0,0.9509696364402772,0.0,0.0,0.0490304082632064,0.0,0.950928032398224,0.0,0.0,0.049071978777647,0.0,0.6798370480537415,0.0136553533375263,0.017271839082241,0.2889655828475952,0.000270197255304,0.6736848950386047,0.0147153576835989,0.0182279217988252,0.2931016683578491,0.000270197255304,0.6833704113960266,0.0154428118839859,0.0198283214122056,0.2811506390571594,0.0002078440447803,0.7756115794181824,0.0235902983695268,0.0267079584300518,0.1737368404865265,0.0003533348790369,0.6578471660614014,0.0124706421047449,0.0164404641836881,0.3130131363868713,0.0002286284434376,0.6886081099510193,0.0164404641836881,0.0210130326449871,0.2736474573612213,0.0002909816685132,0.6660154461860657,0.0138008445501327,0.0169185046106576,0.3029119074344635,0.0003533348790369,0.7449753880500793,0.0199114587157964,0.0247957948595285,0.2099640518426895,0.0003533348790369,0.6801072955131531,0.0175212528556585,0.0235695149749517,0.2782823741436004,0.0005196101265028,0.6558519005775452,0.0065470873378217,0.0086047435179352,0.3287469148635864,0.0002494128420948,0.6535032391548157,0.0116808349266648,0.0165859553962945,0.3181053102016449,0.0001247064210474,0.6916426420211792,0.0226342156529426,0.0276432577520608,0.2575811147689819,0.0004988256841897,0.6701099872589111,0.0102051421999931,0.0131357433274388,0.3064036965370178,0.0001454908342566,0.671481728553772,0.0106000462546944,0.0141333946958184,0.3035562336444855,0.0002286284434376,0.6892316341400146,0.0159624218940734,0.0193087123334407,0.2751854956150055,0.0003117660526186,0.6807723641395569,0.0129902521148324,0.0171679183840751,0.2887992858886719,0.000270197255304,0.743956983089447,0.0251491293311119,0.0293683633208274,0.201130673289299,0.0003949036763515,0.6820402145385742,0.0161079131066799,0.021220875903964,0.2802361249923706,0.0003949036763515,0.6793590188026428,0.0123043674975633,0.0147777115926146,0.2932471632957458,0.0003117660526186,0.6611934900283813,0.0091243535280227,0.0118886791169643,0.3176064789295196,0.0001870596315711,0.700621485710144,0.0210961699485778,0.0265209004282951,0.2514497339725494,0.0003117660526186,0.6856151223182678,0.0159832071512937,0.0214702896773815,0.2765988409519195,0.0003325504658278,0.6800864934921265,0.0147984959185123,0.0210338160395622,0.2836863398551941,0.0003949036763515,0.672188401222229,0.0149855557829141,0.0202024411410093,0.2921663820743561,0.0004572568868752,0.6830170750617981,0.0186643954366445,0.0226134322583675,0.2754141390323639,0.0002909816685132,0.6813751459121704,0.0153388902544975,0.0197243988513946,0.283208280801773,0.0003533348790369,0.683993935585022,0.015131046064198,0.0196412615478038,0.2808388769626617,0.0003949036763515,0.6864880919456482,0.0191840045154094,0.0223016664385795,0.2715482413768768,0.0004780413000844,0.7681915760040283,0.0261883493512868,0.028079729527235,0.1772286146879196,0.0003117660526186,0.6865088939666748,0.019828321412205696,0.02498285286128521,0.26830586791038513,0.00037411926314234734
100,0.949161410331726,0.0,0.0,0.050838652998209,0.0,0.949369251728058,0.0,0.0,0.0506308078765869,0.0,0.9493899941444396,0.0,0.0,0.0506100244820117,0.0,0.9492653012275696,0.0,0.0,0.0507347323000431,0.0,0.9492653012275696,0.0,0.0,0.0507347323000431,0.0,0.9492653012275696,0.0,0.0,0.0507347323000431,0.0,0.949182152748108,0.0,0.0,0.0508178696036338,0.0,0.949306845664978,0.0,0.0,0.0506931617856025,0.0,0.949244499206543,0.0,0.0,0.0507555156946182,0.0,0.9492653012275696,0.0,0.0,0.0507347323000431,0.0,0.9494315981864928,0.0,0.0,0.0505684539675712,0.0,0.9494523406028748,0.0,0.0,0.0505476705729961,0.0,0.9492237567901612,0.0,0.0,0.0507762990891933,0.0,0.9494315981864928,0.0,0.0,0.0505684539675712,0.0,0.9493276476860046,0.0,0.0,0.0506723783910274,0.0,0.949369251728058,0.0,0.0,0.0506308078765869,0.0,0.949306845664978,0.0,0.0,0.0506931617856025,0.0,0.949369251728058,0.0,0.0,0.0506308078765869,0.0,0.9492861032485962,0.0,0.0,0.0507139451801776,0.0,0.9493276476860046,0.0,0.0,0.0506723783910274,0.0,0.9492237567901612,0.0,0.0,0.0507762990891933,0.0,0.9492653012275696,0.0,0.0,0.0507347323000431,0.0,0.9493276476860046,0.0,0.0,0.0506723783910274,0.0,0.9492653012275696,0.0,0.0,0.0507347323000431,0.0,0.9493276476860046,0.0,0.0,0.0506723783910274,0.0,0.9493899941444396,0.0,0.0,0.0506100244820117,0.0,0.9493276476860046,0.0,0.0,0.0506723783910274,0.0,0.9492861032485962,0.0,0.0,0.0507139451801776,0.0,0.9493484497070312,0.0,0.0,0.050651591271162,0.0,0.949306845664978,0.0,0.0,0.0506931617856025,0.0,0.6747864484786987,0.0135930003598332,0.0169808585196733,0.2943695187568664,0.000270197255304,0.6687381863594055,0.0146322203800082,0.0183526296168565,0.2979860007762909,0.0002909816685132,0.6774260997772217,0.0156714413315057,0.0202855784446001,0.2863883078098297,0.0002286284434376,0.7670692205429077,0.0242554005235433,0.0282460059970617,0.1800345033407211,0.0003949036763515,0.6533992886543274,0.0118678947910666,0.0167730133980512,0.3177311718463897,0.0002286284434376,0.6828092336654663,0.0163573268800973,0.0211585238575935,0.2793839573860168,0.0002909816685132,0.6608608961105347,0.0136345690116286,0.0177706647664308,0.3073597550392151,0.0003741192631423,0.7371397018432617,0.0210961699485778,0.0251906979829072,0.2162201553583145,0.0003533348790369,0.6735602021217346,0.0181447844952344,0.0235279463231563,0.2842475175857544,0.0005196101265028,0.6525471806526184,0.0065470873378217,0.0086255278438329,0.3320308625698089,0.0002494128420948,0.6486188769340515,0.0119510320946574,0.0163157563656568,0.3229480683803558,0.0001662752329139,0.684700608253479,0.0221561752259731,0.028911106288433,0.2637125253677368,0.0005196101265028,0.6658491492271423,0.0100388675928115,0.0134475091472268,0.3105190098285675,0.0001454908342566,0.6667429208755493,0.0110780876129865,0.0146945733577013,0.3072558343410492,0.0002286284434376,0.6836614012718201,0.0155051657930016,0.0200985185801982,0.2804231941699981,0.0003117660526186,0.6756386160850525,0.0133228031918406,0.0173134077340364,0.2934550046920776,0.000270197255304,0.7351028323173523,0.0248789321631193,0.0314883738756179,0.2081142365932464,0.0004156880895607,0.6763660907745361,0.0160247758030891,0.0215534269809722,0.2856608629226684,0.0003949036763515,0.6750150918960571,0.0117016192525625,0.0153804589062929,0.2975910902023315,0.0003117660526186,0.6575146317481995,0.0087294494733214,0.012636917643249,0.3209319710731506,0.0001870596315711,0.6927649974822998,0.0210546012967824,0.0282460059970617,0.2576019167900085,0.0003325504658278,0.6794629693031311,0.0163365416228771,0.0215949956327676,0.2822522222995758,0.0003533348790369,0.6740174293518066,0.0153388902544975,0.0211793072521686,0.2890695035457611,0.0003949036763515,0.666576623916626,0.0152141833677887,0.0206389129161834,0.2971130609512329,0.0004572568868752,0.6770727634429932,0.0175836067646741,0.0232993178069591,0.2817118167877197,0.0003325504658278,0.6752437353134155,0.0160663444548845,0.0193710643798112,0.2889447808265686,0.0003741192631423,0.6789017915725708,0.0148400645703077,0.0199322439730167,0.2859102487564087,0.0004156880895607,0.6800448894500732,0.0184773355722427,0.0237981434911489,0.2771392464637756,0.0005403945106081,0.7590879797935486,0.0279342383146286,0.0292644407600164,0.1834015846252441,0.0003117660526186,0.6803358793258667,0.019287927076220512,0.025918152183294296,0.2740631401538849,0.00039490367635153234
101,0.9450045228004456,0.0,0.0,0.0549955330789089,0.0,0.9452123641967772,0.0,0.0,0.0547876879572868,0.0,0.9452331066131592,0.0,0.0,0.0547669045627117,0.0,0.9451084136962892,0.0,0.0,0.054891612380743,0.0,0.9451084136962892,0.0,0.0,0.054891612380743,0.0,0.9451084136962892,0.0,0.0,0.054891612380743,0.0,0.9450252652168274,0.0,0.0,0.0549747496843338,0.0,0.9451500177383424,0.0,0.0,0.0548500418663024,0.0,0.9450876116752625,0.0,0.0,0.0549123957753181,0.0,0.9451084136962892,0.0,0.0,0.054891612380743,0.0,0.9452747106552124,0.0,0.0,0.0547253377735614,0.0,0.945295512676239,0.0,0.0,0.054704550653696,0.0,0.9450668692588806,0.0,0.0,0.0549331791698932,0.0,0.9452747106552124,0.0,0.0,0.0547253377735614,0.0,0.945170760154724,0.0,0.0,0.0548292584717273,0.0,0.9452123641967772,0.0,0.0,0.0547876879572868,0.0,0.9451500177383424,0.0,0.0,0.0548500418663024,0.0,0.9452123641967772,0.0,0.0,0.0547876879572868,0.0,0.9451292157173156,0.0,0.0,0.0548708252608776,0.0,0.945170760154724,0.0,0.0,0.0548292584717273,0.0,0.9450668692588806,0.0,0.0,0.0549331791698932,0.0,0.9451084136962892,0.0,0.0,0.054891612380743,0.0,0.945170760154724,0.0,0.0,0.0548292584717273,0.0,0.9451084136962892,0.0,0.0,0.054891612380743,0.0,0.945170760154724,0.0,0.0,0.0548292584717273,0.0,0.9452331066131592,0.0,0.0,0.0547669045627117,0.0,0.945170760154724,0.0,0.0,0.0548292584717273,0.0,0.9451292157173156,0.0,0.0,0.0548708252608776,0.0,0.9451915621757508,0.0,0.0,0.0548084750771522,0.0,0.9451500177383424,0.0,0.0,0.0548500418663024,0.0,0.6674287915229797,0.0135098630562424,0.0170016419142484,0.301747977733612,0.0003117660526186,0.6607154011726379,0.0156506560742855,0.0178745873272418,0.3054476082324981,0.0003117660526186,0.6699228882789612,0.0154220275580883,0.0195373389869928,0.2948683500289917,0.0002494128420948,0.7550350427627563,0.027456197887659,0.0281212981790304,0.1889094561338424,0.0004780413000844,0.6463326215744019,0.0119926007464528,0.0165236014872789,0.3248810172080993,0.000270197255304,0.6740174293518066,0.0173341929912567,0.0205349903553724,0.2878016531467438,0.0003117660526186,0.653814971446991,0.0133851561695337,0.0176667440682649,0.3147590160369873,0.0003741192631423,0.7271423935890198,0.0225302949547767,0.0250659920275211,0.2248664647340774,0.0003949036763515,0.6651632785797119,0.018726747483015,0.0229459814727306,0.2926236391067505,0.0005403945106081,0.6468521952629089,0.006838068831712,0.0081267021596431,0.3379336297512054,0.0002494128420948,0.6413443684577942,0.0123875048011541,0.0157753620296716,0.3303057551383972,0.0001870596315711,0.6744123697280884,0.0230706892907619,0.0288903210312128,0.2730655074119568,0.0005611788947135,0.6593644618988037,0.0103922020643949,0.0130733903497457,0.3170245289802551,0.0001454908342566,0.6600295305252075,0.0109741650521755,0.0143620232120156,0.3143849074840545,0.0002494128420948,0.6758256554603577,0.0151726147159934,0.0201608724892139,0.2885083258152008,0.0003325504658278,0.6683641076087952,0.013364371843636,0.0170432105660438,0.3009373843669891,0.0002909816685132,0.7241286635398865,0.0262299180030822,0.0320495516061782,0.2171346694231033,0.0004572568868752,0.6680315136909485,0.0165236014872789,0.0210753865540027,0.2939538359642029,0.0004156880895607,0.6678029298782349,0.011909463442862,0.0156298726797103,0.3043460249900818,0.0003117660526186,0.6507804989814758,0.0093945506960153,0.0128655461594462,0.3267308473587036,0.0002286284434376,0.6828508377075195,0.0216157808899879,0.0284538492560386,0.2667470276355743,0.0003325504658278,0.6709413528442383,0.0167522300034761,0.0208883266896009,0.2910232245922088,0.0003949036763515,0.6652672290802002,0.0165859553962945,0.0206181295216083,0.2970922589302063,0.000436472473666,0.6589071750640869,0.0154843814671039,0.0200361646711826,0.3050942718982696,0.0004780413000844,0.6685096025466919,0.0173341929912567,0.0229044128209352,0.2908361554145813,0.0004156880895607,0.6670754551887512,0.0163157563656568,0.0194957703351974,0.2967389523983001,0.0003741192631423,0.6710452437400818,0.0149232018738985,0.0195996928960084,0.2940161824226379,0.0004156880895607,0.6712115406990051,0.0187683161348104,0.0237773582339286,0.2856608629226684,0.0005819633370265,0.7477397322654724,0.0290773808956146,0.0293683633208274,0.1934820115566253,0.0003325504658278,0.6712323427200317,0.01978675276041031,0.02527383528649807,0.28331220149993896,0.00039490367635153234
102,0.940265655517578,0.0,0.0,0.0597343780100345,0.0,0.94047349691391,0.0,0.0,0.0595265328884124,0.0,0.9404942989349364,0.0,0.0,0.0595057494938373,0.0,0.9403696060180664,0.0,0.0,0.0596304535865783,0.0,0.9403696060180664,0.0,0.0,0.0596304535865783,0.0,0.9403696060180664,0.0,0.0,0.0596304535865783,0.0,0.9402864575386048,0.0,0.0,0.0597135946154594,0.0,0.9404111504554749,0.0,0.0,0.0595888867974281,0.0,0.9403488039970398,0.0,0.0,0.0596512407064437,0.0,0.9403696060180664,0.0,0.0,0.0596304535865783,0.0,0.940535843372345,0.0,0.0,0.0594641789793968,0.0,0.9405566453933716,0.0,0.0,0.0594433955848217,0.0,0.9403280019760132,0.0,0.0,0.0596720241010189,0.0,0.940535843372345,0.0,0.0,0.0594641789793968,0.0,0.9404319524765016,0.0,0.0,0.059568103402853,0.0,0.94047349691391,0.0,0.0,0.0595265328884124,0.0,0.9404111504554749,0.0,0.0,0.0595888867974281,0.0,0.94047349691391,0.0,0.0,0.0595265328884124,0.0,0.9403903484344482,0.0,0.0,0.0596096701920032,0.0,0.9404319524765016,0.0,0.0,0.059568103402853,0.0,0.9403280019760132,0.0,0.0,0.0596720241010189,0.0,0.9403696060180664,0.0,0.0,0.0596304535865783,0.0,0.9404319524765016,0.0,0.0,0.059568103402853,0.0,0.9403696060180664,0.0,0.0,0.0596304535865783,0.0,0.9404319524765016,0.0,0.0,0.059568103402853,0.0,0.9404942989349364,0.0,0.0,0.0595057494938373,0.0,0.9404319524765016,0.0,0.0,0.059568103402853,0.0,0.9403903484344482,0.0,0.0,0.0596096701920032,0.0,0.9404526948928832,0.0,0.0,0.0595473162829875,0.0,0.9404111504554749,0.0,0.0,0.0595888867974281,0.0,0.6598424911499023,0.0132812345400452,0.0166690926998853,0.3098954558372497,0.0003117660526186,0.6531291007995605,0.0146322203800082,0.0181863531470298,0.3137405812740326,0.0003117660526186,0.6612142324447632,0.015816930681467,0.0192463584244251,0.3034315109252929,0.0002909816685132,0.7422734498977661,0.0297840517014265,0.0287864003330469,0.1986365467309951,0.0005196101265028,0.638392984867096,0.0123667204752564,0.0159624218940734,0.3329869508743286,0.0002909816685132,0.6652672290802002,0.0170432105660438,0.020909110084176,0.2964687347412109,0.0003117660526186,0.6459169387817383,0.0131565276533365,0.0171055644750595,0.3234260976314544,0.0003949036763515,0.7164592146873474,0.0236526522785425,0.0246087349951267,0.2348637729883194,0.0004156880895607,0.6560389399528503,0.0182902757078409,0.0233408864587545,0.3017272055149078,0.0006027477211318,0.6407623887062073,0.0068172845058143,0.0078149363398551,0.3443352282047272,0.000270197255304,0.6336957216262817,0.0124914264306426,0.0150271244347095,0.3385363817214966,0.0002494128420948,0.6632719039916992,0.0242554005235433,0.0282044354826211,0.283623993396759,0.0006443165475502,0.6522977352142334,0.0102467108517885,0.0125122116878628,0.3247563242912292,0.0001870596315711,0.6530044078826904,0.010870243422687,0.0136553533375263,0.3222206234931946,0.0002494128420948,0.6675742864608765,0.0151518303900957,0.0197867527604103,0.2970922589302063,0.0003949036763515,0.6601334810256958,0.0136553533375263,0.0163988955318927,0.3095005750656128,0.0003117660526186,0.7124893665313721,0.0278926696628332,0.0312389601022005,0.2278594225645065,0.0005196101265028,0.6590526700019836,0.0172926243394613,0.020181655883789,0.3030574023723602,0.0004156880895607,0.6598632335662842,0.0118263261392712,0.0159832071512937,0.3119947016239166,0.0003325504658278,0.6437137722969055,0.009831023402512,0.0121588762849569,0.3340469300746918,0.0002494128420948,0.6720429062843323,0.0232785325497388,0.027664041146636,0.2766196429729461,0.0003949036763515,0.6620872020721436,0.0173757616430521,0.0202855784446001,0.2998358011245727,0.0004156880895607,0.6566001176834106,0.0168353673070669,0.0198283214122056,0.3062789738178253,0.0004572568868752,0.6500322222709656,0.0156714413315057,0.0194334182888269,0.3143433332443237,0.0005196101265028,0.659218966960907,0.0176043901592493,0.0232785325497388,0.29946169257164,0.000436472473666,0.6588656306266785,0.0163988955318927,0.019454201683402,0.3048240840435028,0.0004572568868752,0.6619625091552734,0.0153596745803952,0.0193918496370315,0.3028079867362976,0.0004780413000844,0.6618377566337585,0.0190592985600233,0.023818926885724,0.2946605086326599,0.0006235321052372,0.7358925938606262,0.0303244460374116,0.0299295410513877,0.2035001069307327,0.0003533348790369,0.6616299152374268,0.019662046805024147,0.025460895150899887,0.29276910424232483,0.0004780413000844419
103,0.9362334609031676,0.0,0.0,0.0637665539979934,0.0,0.9364413022994996,0.0,0.0,0.063558705151081,0.0,0.936462104320526,0.0,0.0,0.0635379254817962,0.0,0.936337411403656,0.0,0.0,0.0636626332998275,0.0,0.936337411403656,0.0,0.0,0.0636626332998275,0.0,0.936337411403656,0.0,0.0,0.0636626332998275,0.0,0.9362542629241944,0.0,0.0,0.063745766878128,0.0,0.9363789558410645,0.0,0.0,0.0636210590600967,0.0,0.9363166093826294,0.0,0.0,0.0636834129691124,0.0,0.936337411403656,0.0,0.0,0.0636626332998275,0.0,0.9365037083625792,0.0,0.0,0.0634963512420654,0.0,0.9365244507789612,0.0,0.0,0.0634755715727806,0.0,0.9362958073616028,0.0,0.0,0.0637042000889778,0.0,0.9365037083625792,0.0,0.0,0.0634963512420654,0.0,0.9363997578620912,0.0,0.0,0.0636002793908119,0.0,0.9364413022994996,0.0,0.0,0.063558705151081,0.0,0.9363789558410645,0.0,0.0,0.0636210590600967,0.0,0.9364413022994996,0.0,0.0,0.063558705151081,0.0,0.9363582134246826,0.0,0.0,0.0636418461799621,0.0,0.9363997578620912,0.0,0.0,0.0636002793908119,0.0,0.9362958073616028,0.0,0.0,0.0637042000889778,0.0,0.936337411403656,0.0,0.0,0.0636626332998275,0.0,0.9363997578620912,0.0,0.0,0.0636002793908119,0.0,0.936337411403656,0.0,0.0,0.0636626332998275,0.0,0.9363997578620912,0.0,0.0,0.0636002793908119,0.0,0.936462104320526,0.0,0.0,0.0635379254817962,0.0,0.9363997578620912,0.0,0.0,0.0636002793908119,0.0,0.9363582134246826,0.0,0.0,0.0636418461799621,0.0,0.9364205598831176,0.0,0.0,0.0635794922709465,0.0,0.9363789558410645,0.0,0.0,0.0636210590600967,0.0,0.6523392796516418,0.012948683463037,0.016960073262453,0.3174194097518921,0.0003325504658278,0.6449192762374878,0.0142165319994091,0.0187059640884399,0.321804940700531,0.0003533348790369,0.6522769331932068,0.016544384881854,0.0191840045154094,0.3116829097270965,0.0003117660526186,0.7301769256591797,0.0308856237679719,0.0296801291406154,0.2086962014436721,0.0005611788947135,0.6312223672866821,0.0120757389813661,0.015816930681467,0.340573251247406,0.0003117660526186,0.6564338207244873,0.0176251754164695,0.0209506787359714,0.3046785891056061,0.0003117660526186,0.6383513808250427,0.0131149590015411,0.0173757616430521,0.330742210149765,0.0004156880895607,0.7052979469299316,0.0251283440738916,0.0249205008149147,0.2441959679126739,0.0004572568868752,0.646706759929657,0.0188514553010463,0.0229251980781555,0.3108307719230652,0.0006858853157609,0.635296106338501,0.0060066930018365,0.0081474864855408,0.3502795696258545,0.000270197255304,0.6261509656906128,0.0128031931817531,0.0149232018738985,0.3457693457603454,0.0003533348790369,0.6527965664863586,0.0242969691753387,0.0287448316812515,0.2934965789318084,0.0006651009316556,0.6453349590301514,0.0102259265258908,0.0129694677889347,0.3312618434429168,0.0002078440447803,0.6460208296775818,0.0109118120744824,0.0135098630562424,0.3293080925941467,0.0002494128420948,0.6590111255645752,0.0156714413315057,0.0197036154568195,0.3052189648151397,0.0003949036763515,0.6523600816726685,0.0138631975278258,0.0167522300034761,0.316712737083435,0.0003117660526186,0.7004344463348389,0.0289734601974487,0.0316546484827995,0.2383555471897125,0.0005819633370265,0.6506557464599609,0.0168353673070669,0.0206804815679788,0.3113503754138946,0.0004780413000844,0.6528173685073853,0.0119926007464528,0.0154220275580883,0.3193939328193664,0.0003741192631423,0.6371874809265137,0.0094569036737084,0.0116184819489717,0.3414669632911682,0.000270197255304,0.6613181829452515,0.0247542262077331,0.0271860007196664,0.286305159330368,0.000436472473666,0.6542099118232727,0.0168561525642871,0.0202440097928047,0.3082742691040039,0.0004156880895607,0.6483279466629028,0.0172094870358705,0.0192255731672048,0.3147174417972564,0.0005196101265028,0.6424043774604797,0.015234968625009,0.0195789095014333,0.3222206234931946,0.0005611788947135,0.649803638458252,0.0186643954366445,0.0230706892907619,0.3079833090305328,0.0004780413000844,0.6503648161888123,0.0164612475782632,0.0195581242442131,0.313158631324768,0.0004572568868752,0.6528797149658203,0.0165651701390743,0.0191840045154094,0.3108307719230652,0.0005403945106081,0.6525471806526184,0.0193918496370315,0.0237773582339286,0.3036393523216247,0.0006443165475502,0.7229231595993042,0.0307193491607904,0.0329017117619514,0.2130609303712844,0.0003949036763515,0.651362419128418,0.020597344264388084,0.025523249059915543,0.30195581912994385,0.000561178894713521
104,0.9346954226493835,0.0,0.0,0.0653045997023582,0.0,0.9349032640457152,0.0,0.0,0.0650967508554458,0.0,0.934924066066742,0.0,0.0,0.065075971186161,0.0,0.9347993731498718,0.0,0.0,0.0652006790041923,0.0,0.9347993731498718,0.0,0.0,0.0652006790041923,0.0,0.9347993731498718,0.0,0.0,0.0652006790041923,0.0,0.9347162246704102,0.0,0.0,0.0652838125824928,0.0,0.9348409175872804,0.0,0.0,0.0651591047644615,0.0,0.9347785711288452,0.0,0.0,0.0652214586734771,0.0,0.9347993731498718,0.0,0.0,0.0652006790041923,0.0,0.9349656105041504,0.0,0.0,0.0650343969464302,0.0,0.934986412525177,0.0,0.0,0.0650136172771453,0.0,0.9347577691078186,0.0,0.0,0.0652422457933425,0.0,0.9349656105041504,0.0,0.0,0.0650343969464302,0.0,0.9348617196083068,0.0,0.0,0.0651383250951767,0.0,0.9349032640457152,0.0,0.0,0.0650967508554458,0.0,0.9348409175872804,0.0,0.0,0.0651591047644615,0.0,0.9349032640457152,0.0,0.0,0.0650967508554458,0.0,0.9348201155662536,0.0,0.0,0.0651798918843269,0.0,0.9348617196083068,0.0,0.0,0.0651383250951767,0.0,0.9347577691078186,0.0,0.0,0.0652422457933425,0.0,0.9347993731498718,0.0,0.0,0.0652006790041923,0.0,0.9348617196083068,0.0,0.0,0.0651383250951767,0.0,0.9347993731498718,0.0,0.0,0.0652006790041923,0.0,0.9348617196083068,0.0,0.0,0.0651383250951767,0.0,0.934924066066742,0.0,0.0,0.065075971186161,0.0,0.9348617196083068,0.0,0.0,0.0651383250951767,0.0,0.9348201155662536,0.0,0.0,0.0651798918843269,0.0,0.9348825216293336,0.0,0.0,0.0651175379753112,0.0,0.9348409175872804,0.0,0.0,0.0651591047644615,0.0,0.647101640701294,0.0132188806310296,0.0170847810804843,0.3222621977329254,0.0003325504658278,0.6394945383071899,0.0147777115926146,0.0180408619344234,0.3273335695266723,0.0003533348790369,0.6473510265350342,0.0156090874224901,0.01976596750319,0.3169413805007934,0.0003325504658278,0.7210525274276733,0.0315507240593433,0.0305115059018135,0.216303288936615,0.0005819633370265,0.6265458464622498,0.0123875048011541,0.0152973216027021,0.3454575836658478,0.0003117660526186,0.6501985192298889,0.0181447844952344,0.0206181295216083,0.3107060492038727,0.0003325504658278,0.6331552863121033,0.0132396649569273,0.0173341929912567,0.3358551859855652,0.0004156880895607,0.6975869536399841,0.0250867754220962,0.0261259954422712,0.2507222592830658,0.0004780413000844,0.6410118341445923,0.0180824324488639,0.0224471557885408,0.3177727460861206,0.0006858853157609,0.6322200298309326,0.0058612017892301,0.0082306237891316,0.3534180223941803,0.000270197255304,0.6223682165145874,0.0117847574874758,0.0149439861997962,0.3505497574806213,0.0003533348790369,0.6446906328201294,0.0255440324544906,0.0279550235718488,0.3011244535446167,0.0006858853157609,0.6414067149162292,0.0099765136837959,0.0128447618335485,0.3355641961097717,0.0002078440447803,0.6414898633956909,0.0107871061190962,0.0137177063152194,0.3337559700012207,0.0002494128420948,0.6525679230690002,0.0166275240480899,0.0199114587157964,0.3104982078075409,0.0003949036763515,0.6470600962638855,0.0141126103699207,0.0165028162300586,0.3219919800758362,0.0003325504658278,0.6919751763343811,0.0286616925150156,0.0323821008205413,0.2463783323764801,0.0006027477211318,0.644711434841156,0.0171887017786502,0.0201608724892139,0.3174609839916229,0.0004780413000844,0.6483279466629028,0.01222122926265,0.0150271244347095,0.3240288496017456,0.0003949036763515,0.6333631277084351,0.0096855321899056,0.011182009242475,0.3454991579055786,0.000270197255304,0.6543554067611694,0.0239436328411102,0.0273314919322729,0.2939330339431762,0.000436472473666,0.6490553617477417,0.0159416384994983,0.0205142069607973,0.3140731453895569,0.0004156880895607,0.6427369117736816,0.0168145820498466,0.0192463584244251,0.3206617832183838,0.0005403945106081,0.6363561153411865,0.0157545786350965,0.0189761612564325,0.3283312320709228,0.0005819633370265,0.6432565450668335,0.0193502809852361,0.022987550124526,0.3139068484306335,0.0004988256841897,0.6446698904037476,0.0161079131066799,0.0198491066694259,0.3188951015472412,0.0004780413000844,0.6470392942428589,0.0173965469002723,0.0186020415276289,0.316421777009964,0.0005403945106081,0.6462079286575317,0.0193710643798112,0.0240059867501258,0.3097707629203796,0.0006443165475502,0.7140274047851562,0.0305946432054042,0.0336707346141338,0.221312329173088,0.0003949036763515,0.6445035934448242,0.021366367116570473,0.02438010647892952,0.30912643671035767,0.0006235321052372456
105,0.9344875812530518,0.0,0.0,0.06551244109869,0.0,0.9346954226493835,0.0,0.0,0.0653045997023582,0.0,0.9347162246704102,0.0,0.0,0.0652838125824928,0.0,0.93459153175354,0.0,0.0,0.0654085204005241,0.0,0.93459153175354,0.0,0.0,0.0654085204005241,0.0,0.93459153175354,0.0,0.0,0.0654085204005241,0.0,0.9345083832740784,0.0,0.0,0.0654916539788246,0.0,0.9346330761909484,0.0,0.0,0.0653669536113739,0.0,0.9345707297325134,0.0,0.0,0.0654293075203895,0.0,0.93459153175354,0.0,0.0,0.0654085204005241,0.0,0.9347577691078186,0.0,0.0,0.0652422457933425,0.0,0.9347785711288452,0.0,0.0,0.0652214586734771,0.0,0.9345499277114868,0.0,0.0,0.0654500871896743,0.0,0.9347577691078186,0.0,0.0,0.0652422457933425,0.0,0.9346538782119752,0.0,0.0,0.0653461664915084,0.0,0.9346954226493835,0.0,0.0,0.0653045997023582,0.0,0.9346330761909484,0.0,0.0,0.0653669536113739,0.0,0.9346954226493835,0.0,0.0,0.0653045997023582,0.0,0.934612274169922,0.0,0.0,0.0653877332806587,0.0,0.9346538782119752,0.0,0.0,0.0653461664915084,0.0,0.9345499277114868,0.0,0.0,0.0654500871896743,0.0,0.93459153175354,0.0,0.0,0.0654085204005241,0.0,0.9346538782119752,0.0,0.0,0.0653461664915084,0.0,0.93459153175354,0.0,0.0,0.0654085204005241,0.0,0.9346538782119752,0.0,0.0,0.0653461664915084,0.0,0.9347162246704102,0.0,0.0,0.0652838125824928,0.0,0.9346538782119752,0.0,0.0,0.0653461664915084,0.0,0.934612274169922,0.0,0.0,0.0653877332806587,0.0,0.9346746802330016,0.0,0.0,0.065325379371643,0.0,0.9346330761909484,0.0,0.0,0.0653669536113739,0.0,0.64265376329422,0.0142581015825271,0.0167937986552715,0.3259617984294891,0.0003325504658278,0.6356078386306763,0.0145906517282128,0.0184981189668178,0.3309500813484192,0.0003533348790369,0.6426745653152466,0.0167314447462558,0.0190177299082279,0.3212437629699707,0.0003325504658278,0.7119905352592468,0.0325275920331478,0.032132688909769,0.2227464616298675,0.0006027477211318,0.6228877902030945,0.0129278991371393,0.0147777115926146,0.3490740656852722,0.0003325504658278,0.6448777318000793,0.0186228267848491,0.0209922473877668,0.3151746988296509,0.0003325504658278,0.629684329032898,0.0136137846857309,0.0165236014872789,0.3397626578807831,0.0004156880895607,0.6908112168312073,0.0258142296224832,0.026936586946249,0.2559599280357361,0.0004780413000844,0.6355039477348328,0.019142435863614,0.0223848037421703,0.3222829699516296,0.0006858853157609,0.6301623582839966,0.0061729680746793,0.0080851335078477,0.355309396982193,0.000270197255304,0.6188971996307373,0.0119302477687597,0.0150686930865049,0.3537505567073822,0.0003533348790369,0.638455331325531,0.0254401098936796,0.0282875746488571,0.3071311414241791,0.0006858853157609,0.6385384798049927,0.0103090647608041,0.0123667204752564,0.3385571539402008,0.0002286284434376,0.6386423707008362,0.010870243422687,0.0136345690116286,0.336603432893753,0.0002494128420948,0.6480993032455444,0.0172094870358705,0.0191840045154094,0.3151123523712158,0.0003949036763515,0.6431525945663452,0.0146945733577013,0.0164404641836881,0.3253798484802246,0.0003325504658278,0.6836198568344116,0.0299918949604034,0.0316962152719497,0.2540685534477234,0.0006235321052372,0.6407831907272339,0.0167314447462558,0.0202024411410093,0.321804940700531,0.0004780413000844,0.6446698904037476,0.0126161333173513,0.0147569272667169,0.3275622129440307,0.0003949036763515,0.6301623582839966,0.0101012205705046,0.0113067161291837,0.3481595516204834,0.000270197255304,0.6484318375587463,0.0239020641893148,0.0268118809908628,0.300396978855133,0.0004572568868752,0.6437761187553406,0.0166483074426651,0.0207012668251991,0.3184586465358734,0.0004156880895607,0.6382682919502258,0.0164820328354835,0.0199322439730167,0.3247770965099334,0.0005403945106081,0.632199227809906,0.0161910504102706,0.018726747483015,0.3323010504245758,0.0005819633370265,0.6378318071365356,0.0201608724892139,0.0219898987561464,0.3195186555385589,0.0004988256841897,0.6401180624961853,0.0164404641836881,0.0200777351856231,0.3228857219219208,0.0004780413000844,0.6426329612731934,0.0178953725844621,0.0185396876186132,0.3203915953636169,0.0005403945106081,0.6408663392066956,0.0198283214122056,0.0231538265943527,0.3155072629451751,0.0006443165475502,0.7046744227409363,0.0325483754277229,0.0351256430149078,0.2272566705942154,0.0003949036763515,0.6393906474113464,0.021324798464775085,0.02423461526632309,0.314426451921463,0.0006235321052372456
106,0.932658553123474,0.0,0.0,0.0673414692282676,0.0,0.932866394519806,0.0,0.0,0.0671336278319358,0.0,0.9328871965408324,0.0,0.0,0.0671128407120704,0.0,0.9327625036239624,0.0,0.0,0.0672375485301017,0.0,0.9327625036239624,0.0,0.0,0.0672375485301017,0.0,0.9327625036239624,0.0,0.0,0.0672375485301017,0.0,0.9326793551445008,0.0,0.0,0.0673206821084022,0.0,0.9328040480613708,0.0,0.0,0.0671959817409515,0.0,0.9327417016029358,0.0,0.0,0.0672583281993866,0.0,0.9327625036239624,0.0,0.0,0.0672375485301017,0.0,0.932928740978241,0.0,0.0,0.0670712739229202,0.0,0.9329495429992676,0.0,0.0,0.0670504868030548,0.0,0.9327208995819092,0.0,0.0,0.067279115319252,0.0,0.932928740978241,0.0,0.0,0.0670712739229202,0.0,0.9328248500823976,0.0,0.0,0.0671751946210861,0.0,0.932866394519806,0.0,0.0,0.0671336278319358,0.0,0.9328040480613708,0.0,0.0,0.0671959817409515,0.0,0.932866394519806,0.0,0.0,0.0671336278319358,0.0,0.9327832460403442,0.0,0.0,0.0672167614102363,0.0,0.9328248500823976,0.0,0.0,0.0671751946210861,0.0,0.9327208995819092,0.0,0.0,0.067279115319252,0.0,0.9327625036239624,0.0,0.0,0.0672375485301017,0.0,0.9328248500823976,0.0,0.0,0.0671751946210861,0.0,0.9327625036239624,0.0,0.0,0.0672375485301017,0.0,0.9328248500823976,0.0,0.0,0.0671751946210861,0.0,0.9328871965408324,0.0,0.0,0.0671128407120704,0.0,0.9328248500823976,0.0,0.0,0.0671751946210861,0.0,0.9327832460403442,0.0,0.0,0.0672167614102363,0.0,0.932845652103424,0.0,0.0,0.0671544075012207,0.0,0.9328040480613708,0.0,0.0,0.0671959817409515,0.0,0.6372706294059753,0.0149647705256938,0.0163573268800973,0.3310332000255584,0.0003741192631423,0.6298505663871765,0.0156714413315057,0.0184981189668178,0.3356265723705292,0.0003533348790369,0.6367717981338501,0.0168353673070669,0.0193918496370315,0.3266684710979461,0.0003325504658278,0.7006422877311707,0.0340240709483623,0.0354789793491363,0.2292311936616897,0.0006235321052372,0.6178371906280518,0.012948683463037,0.015193399041891,0.3536882102489471,0.0003325504658278,0.6381019949913025,0.0195581242442131,0.0213455837219953,0.3206410109996795,0.0003533348790369,0.6245089769363403,0.0138008445501327,0.016544384881854,0.3447093367576599,0.000436472473666,0.6813335418701172,0.0275185517966747,0.0284746345132589,0.2621744871139526,0.0004988256841897,0.6277721524238586,0.0206596981734037,0.0231122579425573,0.3277284801006317,0.0007274541421793,0.6262756586074829,0.0068796379491686,0.0081890551373362,0.3583854734897613,0.000270197255304,0.6136387586593628,0.0124498577788472,0.0152973216027021,0.3582607805728912,0.0003533348790369,0.6306611895561218,0.0250036381185054,0.0294722858816385,0.3141146898269653,0.0007482385262846,0.6341737508773804,0.0105169080197811,0.0127200549468398,0.3423607051372528,0.0002286284434376,0.6336957216262817,0.0117016192525625,0.0132604502141475,0.3410512804985046,0.0002909816685132,0.6417600512504578,0.0182071384042501,0.0186851788312196,0.3209319710731506,0.0004156880895607,0.638392984867096,0.0141333946958184,0.0168561525642871,0.3302849531173706,0.0003325504658278,0.6742252707481384,0.0306569952517747,0.0331303402781486,0.2613638937473297,0.0006235321052372,0.6335294246673584,0.0179161559790372,0.0207636188715696,0.3273127973079681,0.0004780413000844,0.6396815776824951,0.0125745646655559,0.0151102617383003,0.3322387039661407,0.0003949036763515,0.6257768273353577,0.0103298490867018,0.0117224035784602,0.3518799543380737,0.0002909816685132,0.6397855281829834,0.0246503036469221,0.0276848264038562,0.3074013292789459,0.0004780413000844,0.6368756890296936,0.0176043901592493,0.0208675414323806,0.3241951465606689,0.0004572568868752,0.6318874359130859,0.0171055644750595,0.0205142069607973,0.3299108445644378,0.0005819633370265,0.6260678172111511,0.0163573268800973,0.0196204781532287,0.3373308777809143,0.0006235321052372,0.6306611895561218,0.0209506787359714,0.0218859780579805,0.3260033726692199,0.0004988256841897,0.634007453918457,0.0172510556876659,0.0197867527604103,0.3284767270088196,0.0004780413000844,0.6363768577575684,0.0179785098880529,0.0192671418190002,0.3258163332939148,0.0005611788947135,0.6339243054389954,0.0203063637018203,0.023403238505125,0.3216802179813385,0.0006858853157609,0.6938250064849854,0.0344605408608913,0.036185648292303,0.2350924015045166,0.000436472473666,0.6325109601020813,0.021511858329176903,0.02465030364692211,0.3207033574581146,0.0006235321052372456
107,0.9301644563674928,0.0,0.0,0.0698355957865715,0.0,0.9303722977638244,0.0,0.0,0.0696277543902397,0.0,0.9303930401802064,0.0,0.0,0.0696069672703743,0.0,0.9302683472633362,0.0,0.0,0.0697316750884056,0.0,0.9302683472633362,0.0,0.0,0.0697316750884056,0.0,0.9302683472633362,0.0,0.0,0.0697316750884056,0.0,0.9301851987838744,0.0,0.0,0.0698148161172866,0.0,0.9303099513053894,0.0,0.0,0.0696901082992553,0.0,0.9302475452423096,0.0,0.0,0.069752462208271,0.0,0.9302683472633362,0.0,0.0,0.0697316750884056,0.0,0.9304346442222596,0.0,0.0,0.069565400481224,0.0,0.930455446243286,0.0,0.0,0.0695446133613586,0.0,0.9302268028259276,0.0,0.0,0.0697732418775558,0.0,0.9304346442222596,0.0,0.0,0.069565400481224,0.0,0.9303306937217712,0.0,0.0,0.0696693211793899,0.0,0.9303722977638244,0.0,0.0,0.0696277543902397,0.0,0.9303099513053894,0.0,0.0,0.0696901082992553,0.0,0.9303722977638244,0.0,0.0,0.0696277543902397,0.0,0.9302891492843628,0.0,0.0,0.0697108879685401,0.0,0.9303306937217712,0.0,0.0,0.0696693211793899,0.0,0.9302268028259276,0.0,0.0,0.0697732418775558,0.0,0.9302683472633362,0.0,0.0,0.0697316750884056,0.0,0.9303306937217712,0.0,0.0,0.0696693211793899,0.0,0.9302683472633362,0.0,0.0,0.0697316750884056,0.0,0.9303306937217712,0.0,0.0,0.0696693211793899,0.0,0.9303930401802064,0.0,0.0,0.0696069672703743,0.0,0.9303306937217712,0.0,0.0,0.0696693211793899,0.0,0.9302891492843628,0.0,0.0,0.0697108879685401,0.0,0.930351495742798,0.0,0.0,0.0696485415101051,0.0,0.9303099513053894,0.0,0.0,0.0696901082992553,0.0,0.6310352683067322,0.015234968625009,0.0167522300034761,0.3365826308727264,0.0003949036763515,0.622783899307251,0.0160663444548845,0.0188098866492509,0.34198659658432,0.0003533348790369,0.6292686462402344,0.0169392898678779,0.0207220502197742,0.3327167332172394,0.0003533348790369,0.6882547736167908,0.0358530953526496,0.0378483980894088,0.2373994588851928,0.0006443165475502,0.6121630668640137,0.0129902521148324,0.0155051657930016,0.3590089976787567,0.0003325504658278,0.6311184167861938,0.0192463584244251,0.0218444094061851,0.3274374902248382,0.0003533348790369,0.6187933087348938,0.0134890787303447,0.0166898760944604,0.3505705296993255,0.0004572568868752,0.671481728553772,0.0277471803128719,0.0307817030698061,0.2694905698299408,0.0004988256841897,0.6201235055923462,0.0205142069607973,0.0235902983695268,0.3350445926189422,0.0007274541421793,0.6220564246177673,0.0071706194430589,0.0082514081150293,0.3622305989265442,0.0002909816685132,0.6081724762916565,0.011909463442862,0.0160039905458688,0.3635607957839966,0.0003533348790369,0.6212666034698486,0.0254608951508998,0.0306985657662153,0.3218257129192352,0.0007482385262846,0.6289776563644409,0.0102882804349064,0.0131773119792342,0.3472658097743988,0.0002909816685132,0.6282501816749573,0.0117016192525625,0.0138216288760304,0.3459356129169464,0.0002909816685132,0.6342984437942505,0.0186436101794242,0.0196828301995992,0.3269386887550354,0.000436472473666,0.6321784257888794,0.0141126103699207,0.0173965469002723,0.3359591066837311,0.0003533348790369,0.6643527150154114,0.0300126802176237,0.0359154492616653,0.2690748870372772,0.0006443165475502,0.6254858374595642,0.0191008672118186,0.0216573495417833,0.3332363367080688,0.0005196101265028,0.6344647407531738,0.0122835831716656,0.0148400645703077,0.3380167782306671,0.0003949036763515,0.6205807328224182,0.0105376932770013,0.012325151823461,0.3562654852867126,0.0002909816685132,0.6310352683067322,0.0242138300091028,0.0299711115658283,0.3142394125461578,0.0005403945106081,0.6296011805534363,0.0185396876186132,0.021220875903964,0.3301602602005005,0.0004780413000844,0.6246129274368286,0.0176459588110446,0.0210753865540027,0.3360214531421661,0.0006443165475502,0.6193752288818359,0.016960073262453,0.0192671418190002,0.3437740504741668,0.0006235321052372,0.6235113143920898,0.0202232245355844,0.022987550124526,0.3327583074569702,0.0005196101265028,0.6267329454421997,0.0175628215074539,0.0208675414323806,0.334317147731781,0.0005196101265028,0.6292893886566162,0.0175212528556585,0.0204102843999862,0.3321971297264099,0.0005819633370265,0.6259639263153076,0.0205142069607973,0.0243177525699138,0.3284974992275238,0.0007066697580739,0.6823727488517761,0.0344813279807567,0.0392617397010326,0.243385374546051,0.0004988256841897,0.6248415112495422,0.020451853051781654,0.025897366926074028,0.3281441628932953,0.0006651009316556156
108,0.9271714687347412,0.0,0.0,0.0728285536170005,0.0,0.927379310131073,0.0,0.0,0.0726207047700882,0.0,0.9274001121520996,0.0,0.0,0.0725999251008033,0.0,0.9272754192352296,0.0,0.0,0.0727246329188346,0.0,0.9272754192352296,0.0,0.0,0.0727246329188346,0.0,0.9272754192352296,0.0,0.0,0.0727246329188346,0.0,0.9271922707557678,0.0,0.0,0.0728077664971351,0.0,0.927316963672638,0.0,0.0,0.0726830586791038,0.0,0.9272546172142028,0.0,0.0,0.0727454125881195,0.0,0.9272754192352296,0.0,0.0,0.0727246329188346,0.0,0.927441656589508,0.0,0.0,0.0725583583116531,0.0,0.9274624586105348,0.0,0.0,0.0725375711917877,0.0,0.9272338151931764,0.0,0.0,0.0727661997079849,0.0,0.927441656589508,0.0,0.0,0.0725583583116531,0.0,0.9273377656936646,0.0,0.0,0.072662279009819,0.0,0.927379310131073,0.0,0.0,0.0726207047700882,0.0,0.927316963672638,0.0,0.0,0.0726830586791038,0.0,0.927379310131073,0.0,0.0,0.0726207047700882,0.0,0.9272961616516112,0.0,0.0,0.0727038457989692,0.0,0.9273377656936646,0.0,0.0,0.072662279009819,0.0,0.9272338151931764,0.0,0.0,0.0727661997079849,0.0,0.9272754192352296,0.0,0.0,0.0727246329188346,0.0,0.9273377656936646,0.0,0.0,0.072662279009819,0.0,0.9272754192352296,0.0,0.0,0.0727246329188346,0.0,0.9273377656936646,0.0,0.0,0.072662279009819,0.0,0.9274001121520996,0.0,0.0,0.0725999251008033,0.0,0.9273377656936646,0.0,0.0,0.072662279009819,0.0,0.9272961616516112,0.0,0.0,0.0727038457989692,0.0,0.9273585677146912,0.0,0.0,0.0726414918899536,0.0,0.927316963672638,0.0,0.0,0.0726830586791038,0.0,0.6247168183326721,0.0148608488962054,0.0166483074426651,0.3433791399002075,0.0003949036763515,0.6159666180610657,0.0160039905458688,0.0181032158434391,0.3495728969573974,0.0003533348790369,0.6217654347419739,0.0180616471916437,0.0199322439730167,0.339866578578949,0.0003741192631423,0.6750358939170837,0.0384927168488502,0.0384719334542751,0.2473344057798385,0.0006651009316556,0.6061563491821289,0.0128655461594462,0.0152141833677887,0.365431398153305,0.0003325504658278,0.6230125427246094,0.0196620468050241,0.0223224498331546,0.3346289098262787,0.0003741192631423,0.6115187406539917,0.0141126103699207,0.0167730133980512,0.357117623090744,0.0004780413000844,0.6596553921699524,0.0304075833410024,0.031301312148571,0.2780953347682953,0.0005403945106081,0.6121214628219604,0.0213663671165704,0.0230083353817462,0.3427763879299164,0.0007274541421793,0.617172122001648,0.0075239543803036,0.0075447387062013,0.3674682676792145,0.0002909816685132,0.601375937461853,0.0134682934731245,0.0150479087606072,0.3697337508201599,0.0003741192631423,0.6112069487571716,0.0259597208350896,0.0308648403733968,0.3311786949634552,0.000789807352703,0.6225760579109192,0.0113067161291837,0.0126161333173513,0.3531893789768219,0.0003117660526186,0.6222850680351257,0.0116808349266648,0.0139047661796212,0.3518383800983429,0.0002909816685132,0.6271486282348633,0.0178953725844621,0.0205765608698129,0.3339430093765259,0.000436472473666,0.6255066394805908,0.0140294730663299,0.0176251754164695,0.3424646258354187,0.0003741192631423,0.6520067453384399,0.032444454729557,0.0358946658670902,0.2789890468120575,0.0006651009316556,0.6176708936691284,0.0195165555924177,0.0212416611611843,0.3410305082798004,0.0005403945106081,0.6286658644676208,0.0121380919590592,0.0149439861997962,0.3438571691513061,0.0003949036763515,0.6152806878089905,0.010558477602899,0.0117431879043579,0.3621266782283783,0.0002909816685132,0.6216199398040771,0.0252114813774824,0.0301789548248052,0.3223868906497955,0.0006027477211318,0.6221603751182556,0.0193710643798112,0.0204726383090019,0.337476372718811,0.0005196101265028,0.6165693402290344,0.0186436101794242,0.0212624445557594,0.342859536409378,0.0006651009316556,0.6123293042182922,0.0165028162300586,0.0197451841086149,0.3507575988769531,0.0006651009316556,0.6151352524757385,0.020597344264388,0.0236734356731176,0.3400744199752807,0.0005196101265028,0.6191258430480957,0.0180200785398483,0.0206181295216083,0.3417163789272308,0.0005196101265028,0.6214537024497986,0.0180616471916437,0.0208675414323806,0.3389728367328644,0.0006443165475502,0.6163614988327026,0.0223224498331546,0.0241930466145277,0.3363540172576904,0.0007690229685977,0.6686134934425354,0.0378899686038494,0.038077026605606,0.2548999190330505,0.0005196101265028,0.6166732907295227,0.020306363701820374,0.025918152183294296,0.3364371359348297,0.0006651009316556156
109,0.9238667488098145,0.0,0.0,0.0761332735419273,0.0,0.9240745902061462,0.0,0.0,0.0759254246950149,0.0,0.9240953922271729,0.0,0.0,0.0759046450257301,0.0,0.9239706993103028,0.0,0.0,0.0760293528437614,0.0,0.9239706993103028,0.0,0.0,0.0760293528437614,0.0,0.9239706993103028,0.0,0.0,0.0760293528437614,0.0,0.9238875508308412,0.0,0.0,0.0761124864220619,0.0,0.9240122437477112,0.0,0.0,0.0759877786040306,0.0,0.923949897289276,0.0,0.0,0.0760501325130462,0.0,0.9239706993103028,0.0,0.0,0.0760293528437614,0.0,0.9241369366645812,0.0,0.0,0.0758630782365799,0.0,0.924157738685608,0.0,0.0,0.0758422911167144,0.0,0.9239290952682496,0.0,0.0,0.0760709196329116,0.0,0.9241369366645812,0.0,0.0,0.0758630782365799,0.0,0.9240330457687378,0.0,0.0,0.0759669989347457,0.0,0.9240745902061462,0.0,0.0,0.0759254246950149,0.0,0.9240122437477112,0.0,0.0,0.0759877786040306,0.0,0.9240745902061462,0.0,0.0,0.0759254246950149,0.0,0.9239914417266846,0.0,0.0,0.076008565723896,0.0,0.9240330457687378,0.0,0.0,0.0759669989347457,0.0,0.9239290952682496,0.0,0.0,0.0760709196329116,0.0,0.9239706993103028,0.0,0.0,0.0760293528437614,0.0,0.9240330457687378,0.0,0.0,0.0759669989347457,0.0,0.9239706993103028,0.0,0.0,0.0760293528437614,0.0,0.9240330457687378,0.0,0.0,0.0759669989347457,0.0,0.9240953922271729,0.0,0.0,0.0759046450257301,0.0,0.9240330457687378,0.0,0.0,0.0759669989347457,0.0,0.9239914417266846,0.0,0.0,0.076008565723896,0.0,0.9240538477897644,0.0,0.0,0.0759462118148803,0.0,0.9240122437477112,0.0,0.0,0.0759877786040306,0.0,0.6181281805038452,0.0139047661796212,0.0174588989466428,0.3501132726669311,0.0003949036763515,0.6092116832733154,0.0157753620296716,0.0184565503150224,0.3562031090259552,0.0003533348790369,0.6140128374099731,0.0180408619344234,0.0200777351856231,0.347473680973053,0.0003949036763515,0.6620664000511169,0.0393033064901828,0.0404048822820186,0.2575603425502777,0.0006651009316556,0.6001288890838623,0.0121380919590592,0.0158377159386873,0.3715420067310333,0.0003533348790369,0.6152183413505554,0.019038513302803,0.0232577472925186,0.3421112895011902,0.0003741192631423,0.6048677563667297,0.0141957476735115,0.0165028162300586,0.3639557063579559,0.0004780413000844,0.6491177082061768,0.0310726836323738,0.0316546484827995,0.2876145839691162,0.0005403945106081,0.6034336090087891,0.0214495044201612,0.0233824551105499,0.3509862422943115,0.0007482385262846,0.6122669577598572,0.0072745415382087,0.0077110137790441,0.3724565207958221,0.0002909816685132,0.5953484773635864,0.0129278991371393,0.0150479087606072,0.376301646232605,0.0003741192631423,0.6017084717750549,0.0261259954422712,0.0315715111792087,0.3397210836410522,0.0008729449473321,0.6165693402290344,0.0113482847809791,0.012636917643249,0.3591337203979492,0.0003117660526186,0.6156132817268372,0.0124082891270518,0.0134267248213291,0.3582607805728912,0.0002909816685132,0.6189595460891724,0.0185189042240381,0.0208883266896009,0.3411552011966705,0.0004780413000844,0.6180242300033569,0.014507514424622,0.0178122334182262,0.3492611348628998,0.0003949036763515,0.6409702301025391,0.0320287682116031,0.036809179931879,0.2894851863384247,0.0007066697580739,0.6095234155654907,0.0206389129161834,0.020909110084176,0.3483466207981109,0.0005819633370265,0.6215367913246155,0.0125122116878628,0.0156714413315057,0.3498638868331909,0.0004156880895607,0.6089622378349304,0.0105792619287967,0.0126784862950444,0.3674682676792145,0.0003117660526186,0.6124332547187805,0.0253777578473091,0.0296593438833951,0.3319061398506164,0.0006235321052372,0.6146364212036133,0.0185189042240381,0.0210130326449871,0.345312088727951,0.0005196101265028,0.6082971692085266,0.0193502809852361,0.0210753865540027,0.3505497574806213,0.0007274541421793,0.6049508452415466,0.0166275240480899,0.0197036154568195,0.3580529391765594,0.0006651009316556,0.607112467288971,0.0200985185801982,0.0245671663433313,0.3476399481296539,0.0005819633370265,0.6103548407554626,0.019142435863614,0.0204518530517816,0.3494897484779358,0.0005611788947135,0.6132646203041077,0.0187475327402353,0.0215949956327676,0.3457485735416412,0.0006443165475502,0.6081308722496033,0.0221146065741777,0.0245048124343156,0.344439148902893,0.0008105917368084,0.6545632481575012,0.0394903682172298,0.0397397801280021,0.2656246721744537,0.0005819633370265,0.6082763671875,0.02049342170357704,0.026271486654877663,0.34429365396499634,0.0006651009316556156
110,0.9183381199836732,0.0,0.0,0.0816619247198104,0.0,0.9185459613800048,0.0,0.0,0.0814540833234787,0.0,0.9185667634010316,0.0,0.0,0.0814332962036132,0.0,0.9184420108795166,0.0,0.0,0.0815580040216445,0.0,0.9184420108795166,0.0,0.0,0.0815580040216445,0.0,0.9184420108795166,0.0,0.0,0.0815580040216445,0.0,0.9183589220046996,0.0,0.0,0.081641137599945,0.0,0.9184836149215698,0.0,0.0,0.0815164297819137,0.0,0.9184212684631348,0.0,0.0,0.0815787836909294,0.0,0.9184420108795166,0.0,0.0,0.0815580040216445,0.0,0.91860830783844,0.0,0.0,0.081391729414463,0.0,0.9186291098594666,0.0,0.0,0.0813709422945976,0.0,0.9184004664421082,0.0,0.0,0.0815995708107948,0.0,0.91860830783844,0.0,0.0,0.081391729414463,0.0,0.9185043573379515,0.0,0.0,0.0814956501126289,0.0,0.9185459613800048,0.0,0.0,0.0814540833234787,0.0,0.9184836149215698,0.0,0.0,0.0815164297819137,0.0,0.9185459613800048,0.0,0.0,0.0814540833234787,0.0,0.9184628129005432,0.0,0.0,0.0815372169017791,0.0,0.9185043573379515,0.0,0.0,0.0814956501126289,0.0,0.9184004664421082,0.0,0.0,0.0815995708107948,0.0,0.9184420108795166,0.0,0.0,0.0815580040216445,0.0,0.9185043573379515,0.0,0.0,0.0814956501126289,0.0,0.9184420108795166,0.0,0.0,0.0815580040216445,0.0,0.9185043573379515,0.0,0.0,0.0814956501126289,0.0,0.9185667634010316,0.0,0.0,0.0814332962036132,0.0,0.9185043573379515,0.0,0.0,0.0814956501126289,0.0,0.9184628129005432,0.0,0.0,0.0815372169017791,0.0,0.9185251593589784,0.0,0.0,0.0814748629927635,0.0,0.9184836149215698,0.0,0.0,0.0815164297819137,0.0,0.6084842085838318,0.014465944841504,0.0178122334182262,0.3588011562824249,0.000436472473666,0.5994430184364319,0.0160871297121047,0.0185189042240381,0.3655560910701751,0.0003949036763515,0.6042857766151428,0.0181655697524547,0.0208051893860101,0.3563278317451477,0.0004156880895607,0.6462910175323486,0.040030762553215,0.0420468486845493,0.270862340927124,0.0007690229685977,0.5907551050186157,0.0127616245299577,0.0161494817584753,0.3799597024917602,0.0003741192631423,0.6046183109283447,0.0191632211208343,0.0235695149749517,0.3521709442138672,0.0004780413000844,0.5963045358657837,0.0138839818537235,0.016960073262453,0.3723733723163605,0.0004780413000844,0.6365431547164917,0.0304699372500181,0.0334628894925117,0.2989212870597839,0.0006027477211318,0.5929166674613953,0.0205349903553724,0.0250452067703008,0.3607133328914642,0.000789807352703,0.6053665280342102,0.0065886559896171,0.0082306237891316,0.37952321767807,0.0002909816685132,0.5863903760910034,0.0129278991371393,0.0153596745803952,0.3849271535873413,0.0003949036763515,0.5882402062416077,0.0281005147844553,0.0314052328467369,0.35133957862854,0.0009145137737505,0.6077775359153748,0.0120757389813661,0.0128447618335485,0.366948664188385,0.0003533348790369,0.6070085167884827,0.0123667204752564,0.0139879044145345,0.3663251101970672,0.0003117660526186,0.6082763671875,0.0191632211208343,0.0217197015881538,0.3502795696258545,0.0005611788947135,0.6083803176879883,0.0156922247260808,0.0176251754164695,0.3578658699989319,0.000436472473666,0.6275850534439087,0.0323197469115257,0.0375574193894863,0.3017895519733429,0.0007482385262846,0.5994430184364319,0.01976596750319,0.0221561752259731,0.3579697906970978,0.0006651009316556,0.6129736304283142,0.0123875048011541,0.0157753620296716,0.3584062755107879,0.0004572568868752,0.6002535820007324,0.0112027935683727,0.0126577019691467,0.3755326271057129,0.0003533348790369,0.6006069183349609,0.024858146905899,0.0307193491607904,0.3431297242641449,0.0006858853157609,0.6040571331977844,0.0184981189668178,0.0217197015881538,0.3551846742630005,0.0005403945106081,0.5970735549926758,0.020493421703577,0.0210338160395622,0.3606301844120025,0.0007690229685977,0.5960551500320435,0.0156922247260808,0.020493421703577,0.3669902086257934,0.0007690229685977,0.5959928035736084,0.0203479323536157,0.0255024638026952,0.3575125336647033,0.0006443165475502,0.6010018587112427,0.0186851788312196,0.0207220502197742,0.3589882254600525,0.0006027477211318,0.6028308272361755,0.0192255731672048,0.0223224498331546,0.3549768328666687,0.0006443165475502,0.596928060054779,0.022675784304738,0.0249412842094898,0.3545611500740051,0.0008937293896451,0.638912558555603,0.0405919402837753,0.0415688082575798,0.2782616019248962,0.0006651009316556,0.5970112085342407,0.021179307252168655,0.026375409215688705,0.3547274172306061,0.0007066697580739856
111,0.9174651503562928,0.0,0.0,0.082534871995449,0.0,0.9176729917526244,0.0,0.0,0.0823270231485366,0.0,0.9176937937736512,0.0,0.0,0.0823062434792518,0.0,0.917569100856781,0.0,0.0,0.0824309438467025,0.0,0.917569100856781,0.0,0.0,0.0824309438467025,0.0,0.917569100856781,0.0,0.0,0.0824309438467025,0.0,0.9174859523773192,0.0,0.0,0.0825140848755836,0.0,0.9176106452941896,0.0,0.0,0.0823893770575523,0.0,0.9175482988357544,0.0,0.0,0.082451730966568,0.0,0.917569100856781,0.0,0.0,0.0824309438467025,0.0,0.9177353382110596,0.0,0.0,0.082264669239521,0.0,0.9177561402320862,0.0,0.0,0.0822438895702362,0.0,0.9175274968147278,0.0,0.0,0.0824725180864334,0.0,0.9177353382110596,0.0,0.0,0.082264669239521,0.0,0.917631447315216,0.0,0.0,0.0823685899376869,0.0,0.9176729917526244,0.0,0.0,0.0823270231485366,0.0,0.9176106452941896,0.0,0.0,0.0823893770575523,0.0,0.9176729917526244,0.0,0.0,0.0823270231485366,0.0,0.9175898432731628,0.0,0.0,0.0824101641774177,0.0,0.917631447315216,0.0,0.0,0.0823685899376869,0.0,0.9175274968147278,0.0,0.0,0.0824725180864334,0.0,0.917569100856781,0.0,0.0,0.0824309438467025,0.0,0.917631447315216,0.0,0.0,0.0823685899376869,0.0,0.917569100856781,0.0,0.0,0.0824309438467025,0.0,0.917631447315216,0.0,0.0,0.0823685899376869,0.0,0.9176937937736512,0.0,0.0,0.0823062434792518,0.0,0.917631447315216,0.0,0.0,0.0823685899376869,0.0,0.9175898432731628,0.0,0.0,0.0824101641774177,0.0,0.9176522493362428,0.0,0.0,0.0823478102684021,0.0,0.9176106452941896,0.0,0.0,0.0823893770575523,0.0,0.6035999059677124,0.0147361429408192,0.0187059640884399,0.3625215888023376,0.000436472473666,0.5946418046951294,0.0154428118839859,0.0202440097928047,0.3692764937877655,0.0003949036763515,0.5992143750190735,0.0173549782484769,0.0218444094061851,0.3611705899238586,0.0004156880895607,0.6358364820480347,0.039718996733427,0.0439174473285675,0.2797372937202453,0.000789807352703,0.5862864851951599,0.0131773119792342,0.0161286983639001,0.3840334415435791,0.0003741192631423,0.598861038684845,0.0195581242442131,0.0240475554019212,0.3570552766323089,0.0004780413000844,0.5918567180633545,0.0142373172566294,0.0170224271714687,0.3764055669307709,0.0004780413000844,0.6276058554649353,0.0311766061931848,0.0348762311041355,0.3057385981082916,0.0006027477211318,0.5860578417778015,0.0213663671165704,0.0258142296224832,0.3659510016441345,0.0008105917368084,0.6029347777366638,0.0064223809167742,0.0086047435179352,0.381747156381607,0.0002909816685132,0.5814021229743958,0.0140710417181253,0.0154220275580883,0.3887099325656891,0.0003949036763515,0.5813189744949341,0.0272483546286821,0.0319040603935718,0.3586141169071197,0.0009145137737505,0.6036829948425293,0.0125953489914536,0.0132188806310296,0.3701286613941192,0.0003741192631423,0.6026022434234619,0.012948683463037,0.0146530047059059,0.3694843649864197,0.0003117660526186,0.601625382900238,0.0199738126248121,0.0231746099889278,0.354665070772171,0.0005611788947135,0.6034751534461975,0.0160039905458688,0.0178538039326667,0.3622305989265442,0.000436472473666,0.6177748441696167,0.0338785797357559,0.0380354598164558,0.3095629215240478,0.0007482385262846,0.5938311815261841,0.0189553759992122,0.0234655924141407,0.3630827665328979,0.0006651009316556,0.6087751984596252,0.0129902521148324,0.0152973216027021,0.3624592125415802,0.0004780413000844,0.5966578722000122,0.0112235778942704,0.0130318216979503,0.3787334263324737,0.0003533348790369,0.5936233401298523,0.0247126556932926,0.0309064090251922,0.3500509262084961,0.0007066697580739,0.5992975234985352,0.0176043901592493,0.0223848037421703,0.3601521551609039,0.0005611788947135,0.5913786292076111,0.0205349903553724,0.0218859780579805,0.365431398153305,0.0007690229685977,0.5905057191848755,0.0161702670156955,0.0205557756125926,0.3719992637634277,0.0007690229685977,0.590214729309082,0.020597344264388,0.0256063863635063,0.3629372715950012,0.0006443165475502,0.5960759520530701,0.0179577246308326,0.0220314692705869,0.3633321821689605,0.0006027477211318,0.5972190499305725,0.0193710643798112,0.0225718636065721,0.3601937294006347,0.0006443165475502,0.5896119475364685,0.0236526522785425,0.0257726609706878,0.360048234462738,0.0009145137737505,0.6279176473617554,0.0417558662593364,0.0434186197817325,0.286242812871933,0.0006651009316556,0.590796709060669,0.021345583721995354,0.026687175035476685,0.3604431450366974,0.0007274541421793401
112,0.9172781109809875,0.0,0.0,0.0827219262719154,0.0,0.9174859523773192,0.0,0.0,0.0825140848755836,0.0,0.917506754398346,0.0,0.0,0.0824932977557182,0.0,0.917382001876831,0.0,0.0,0.0826180055737495,0.0,0.917382001876831,0.0,0.0,0.0826180055737495,0.0,0.917382001876831,0.0,0.0,0.0826180055737495,0.0,0.9172989130020142,0.0,0.0,0.0827011466026306,0.0,0.9174236059188844,0.0,0.0,0.0825764387845993,0.0,0.9173612594604492,0.0,0.0,0.0826387926936149,0.0,0.917382001876831,0.0,0.0,0.0826180055737495,0.0,0.9175482988357544,0.0,0.0,0.082451730966568,0.0,0.917569100856781,0.0,0.0,0.0824309438467025,0.0,0.9173404574394226,0.0,0.0,0.0826595723628997,0.0,0.9175482988357544,0.0,0.0,0.082451730966568,0.0,0.9174444079399108,0.0,0.0,0.0825556516647338,0.0,0.9174859523773192,0.0,0.0,0.0825140848755836,0.0,0.9174236059188844,0.0,0.0,0.0825764387845993,0.0,0.9174859523773192,0.0,0.0,0.0825140848755836,0.0,0.9174028038978576,0.0,0.0,0.0825972184538841,0.0,0.9174444079399108,0.0,0.0,0.0825556516647338,0.0,0.9173404574394226,0.0,0.0,0.0826595723628997,0.0,0.917382001876831,0.0,0.0,0.0826180055737495,0.0,0.9174444079399108,0.0,0.0,0.0825556516647338,0.0,0.917382001876831,0.0,0.0,0.0826180055737495,0.0,0.9174444079399108,0.0,0.0,0.0825556516647338,0.0,0.917506754398346,0.0,0.0,0.0824932977557182,0.0,0.9174444079399108,0.0,0.0,0.0825556516647338,0.0,0.9174028038978576,0.0,0.0,0.0825972184538841,0.0,0.9174651503562928,0.0,0.0,0.082534871995449,0.0,0.9174236059188844,0.0,0.0,0.0825764387845993,0.0,0.6015006303787231,0.0133228031918406,0.0185604728758335,0.3661796450614929,0.000436472473666,0.5920437574386597,0.0140294730663299,0.0198906753212213,0.3736412227153778,0.0003949036763515,0.5967826247215271,0.0150894774124026,0.0214495044201612,0.3662627637386322,0.0004156880895607,0.6300584077835083,0.0350840725004673,0.0460790246725082,0.2879886925220489,0.000789807352703,0.5842080116271973,0.0120549546554684,0.0160039905458688,0.3873589336872101,0.0003741192631423,0.5963253378868103,0.0167937986552715,0.0243593212217092,0.3620435297489166,0.0004780413000844,0.5900900363922119,0.0115353446453809,0.0177706647664308,0.3801259696483612,0.0004780413000844,0.6228046417236328,0.0269573722034692,0.0365805514156818,0.3130546808242798,0.0006027477211318,0.5822958946228027,0.0199322439730167,0.0255232490599155,0.3714380860328674,0.0008105917368084,0.602020263671875,0.0052584540098905,0.0090620005503296,0.3833683431148529,0.0002909816685132,0.5793444514274597,0.0121380919590592,0.0157130099833011,0.3924095630645752,0.0003949036763515,0.5784299373626709,0.0228836294263601,0.0325275920331478,0.3652443289756775,0.0009145137737505,0.602020263671875,0.0106623992323875,0.0136969219893217,0.3732463419437408,0.0003741192631423,0.6007108688354492,0.0116808349266648,0.0146737890318036,0.3726227879524231,0.0003117660526186,0.5986323952674866,0.0186228267848491,0.0228004921227693,0.3593831360340118,0.0005611788947135,0.6009602546691895,0.0146530047059059,0.0177914500236511,0.3661588430404663,0.000436472473666,0.6133269667625427,0.0287864003330469,0.0393656603991985,0.3177727460861206,0.0007482385262846,0.5913786292076111,0.0163988955318927,0.0239228494465351,0.3676345348358154,0.0006651009316556,0.6067798733711243,0.0119926007464528,0.0150894774124026,0.365660011768341,0.0004780413000844,0.5947041511535645,0.0106831835582852,0.0128447618335485,0.3814145922660827,0.0003533348790369,0.5898405909538269,0.0218859780579805,0.0306362118571996,0.3569305837154388,0.0007066697580739,0.5966371297836304,0.0156298726797103,0.022987550124526,0.3641843199729919,0.0005611788947135,0.588801383972168,0.0178745873272418,0.0226965695619583,0.3698584735393524,0.0007690229685977,0.5881362557411194,0.0142996702343225,0.0210130326449871,0.3757820129394531,0.0007690229685977,0.5873256921768188,0.0179161559790372,0.0256063863635063,0.3685074746608734,0.0006443165475502,0.5932076573371887,0.0160247758030891,0.0221769586205482,0.3679878711700439,0.0006027477211318,0.594662606716156,0.0168977212160825,0.02236401848495,0.365431398153305,0.0006443165475502,0.5866813659667969,0.0197867527604103,0.0271236468106508,0.3654937446117401,0.0009145137737505,0.6221603751182556,0.0365597680211067,0.0452476479113101,0.2953671813011169,0.0006651009316556,0.5876790285110474,0.019100867211818695,0.025627169758081436,0.36686551570892334,0.0007274541421793401
113,0.9156153798103333,0.0,0.0,0.0843846797943115,0.0,0.915823221206665,0.0,0.0,0.0841768383979797,0.0,0.9158439636230468,0.0,0.0,0.0841560512781143,0.0,0.9157192707061768,0.0,0.0,0.0842807590961456,0.0,0.9157192707061768,0.0,0.0,0.0842807590961456,0.0,0.9157192707061768,0.0,0.0,0.0842807590961456,0.0,0.9156361222267152,0.0,0.0,0.0843638926744461,0.0,0.91576087474823,0.0,0.0,0.0842391923069953,0.0,0.91569846868515,0.0,0.0,0.084301546216011,0.0,0.9157192707061768,0.0,0.0,0.0842807590961456,0.0,0.9158855676651,0.0,0.0,0.084114484488964,0.0,0.915906310081482,0.0,0.0,0.0840936973690986,0.0,0.9156777262687684,0.0,0.0,0.0843223258852958,0.0,0.9158855676651,0.0,0.0,0.084114484488964,0.0,0.9157816171646118,0.0,0.0,0.0842184051871299,0.0,0.915823221206665,0.0,0.0,0.0841768383979797,0.0,0.91576087474823,0.0,0.0,0.0842391923069953,0.0,0.915823221206665,0.0,0.0,0.0841768383979797,0.0,0.9157400727272034,0.0,0.0,0.0842599719762802,0.0,0.9157816171646118,0.0,0.0,0.0842184051871299,0.0,0.9156777262687684,0.0,0.0,0.0843223258852958,0.0,0.9157192707061768,0.0,0.0,0.0842807590961456,0.0,0.9157816171646118,0.0,0.0,0.0842184051871299,0.0,0.9157192707061768,0.0,0.0,0.0842807590961456,0.0,0.9157816171646118,0.0,0.0,0.0842184051871299,0.0,0.9158439636230468,0.0,0.0,0.0841560512781143,0.0,0.9157816171646118,0.0,0.0,0.0842184051871299,0.0,0.9157400727272034,0.0,0.0,0.0842599719762802,0.0,0.9158024191856384,0.0,0.0,0.0841976180672645,0.0,0.91576087474823,0.0,0.0,0.0842391923069953,0.0,0.5981335639953613,0.0117431879043579,0.0181447844952344,0.3715212345123291,0.0004572568868752,0.5885727405548096,0.0123875048011541,0.019454201683402,0.3791698813438415,0.0004156880895607,0.5925009846687317,0.0132604502141475,0.0225095096975564,0.3713133931159973,0.0004156880895607,0.6228670477867126,0.0309479776769876,0.0481574647128582,0.297237753868103,0.000789807352703,0.5810695886611938,0.0108078904449939,0.0155883030965924,0.3921601474285126,0.0003741192631423,0.5919814109802246,0.0149855557829141,0.0241514779627323,0.3683827817440033,0.0004988256841897,0.5865982174873352,0.0100180823355913,0.0174588989466428,0.3854259848594665,0.0004988256841897,0.6164238452911377,0.0244424585253,0.037640556693077,0.3208696246147156,0.0006235321052372,0.577640175819397,0.0175420362502336,0.0267495289444923,0.3772577047348022,0.0008105917368084,0.5991104245185852,0.0049051195383071,0.0091243535280227,0.3865691423416137,0.0002909816685132,0.575894296169281,0.0112027935683727,0.0161910504102706,0.3963170051574707,0.0003949036763515,0.5734832882881165,0.0199738126248121,0.0321534723043441,0.3734749555587768,0.0009145137737505,0.5988402366638184,0.0094776879996061,0.0140086887404322,0.3772992789745331,0.0003741192631423,0.5973645448684692,0.0099972980096936,0.0150479087606072,0.3772785067558288,0.0003117660526186,0.5949327945709229,0.0157753620296716,0.022779706865549,0.3659510016441345,0.0005611788947135,0.596865713596344,0.0129071148112416,0.0182071384042501,0.3715835809707641,0.000436472473666,0.6068838238716125,0.0258350148797035,0.0401762537658214,0.3263567090034485,0.0007482385262846,0.5871178507804871,0.0141541790217161,0.0243593212217092,0.3737035989761352,0.0006651009316556,0.603184163570404,0.0101012205705046,0.0159624218940734,0.370274156332016,0.0004780413000844,0.5919398069381714,0.0087710181251168,0.0135722160339355,0.3853636384010315,0.0003533348790369,0.5848107933998108,0.0193710643798112,0.031093468889594,0.364018052816391,0.0007066697580739,0.5924178957939148,0.0139671191573143,0.0235902983695268,0.369463562965393,0.0005611788947135,0.5846236944198608,0.0154220275580883,0.0236110836267471,0.3755741715431213,0.0007690229685977,0.5843951106071472,0.0123043674975633,0.0205765608698129,0.3819549977779388,0.0007690229685977,0.5829401612281799,0.0159208532422781,0.0253154039382934,0.3751792907714844,0.0006443165475502,0.5892586708068848,0.0128447618335485,0.0234863758087158,0.3738075196743011,0.0006027477211318,0.5903602242469788,0.0146530047059059,0.0229459814727306,0.3713757395744324,0.0006651009316556,0.5817762613296509,0.0181032158434391,0.0272483546286821,0.3719576895236969,0.0009145137737505,0.6149481534957886,0.0313636660575866,0.0486355051398277,0.3043875992298126,0.0006651009316556,0.5834182500839233,0.016606738790869713,0.02539854124188423,0.3738490641117096,0.0007274541421793401
114,0.9140149354934692,0.0,0.0,0.0859850794076919,0.0,0.914222776889801,0.0,0.0,0.0857772380113601,0.0,0.9142435789108276,0.0,0.0,0.0857564508914947,0.0,0.9141188859939576,0.0,0.0,0.085881158709526,0.0,0.9141188859939576,0.0,0.0,0.085881158709526,0.0,0.9141188859939576,0.0,0.0,0.085881158709526,0.0,0.9140357375144958,0.0,0.0,0.0859642922878265,0.0,0.914160430431366,0.0,0.0,0.0858395919203758,0.0,0.9140980839729308,0.0,0.0,0.0859019458293914,0.0,0.9141188859939576,0.0,0.0,0.085881158709526,0.0,0.914285123348236,0.0,0.0,0.0857148841023445,0.0,0.9143059253692628,0.0,0.0,0.0856940969824791,0.0,0.9140772819519044,0.0,0.0,0.0859227254986763,0.0,0.914285123348236,0.0,0.0,0.0857148841023445,0.0,0.9141812324523926,0.0,0.0,0.0858188048005104,0.0,0.914222776889801,0.0,0.0,0.0857772380113601,0.0,0.914160430431366,0.0,0.0,0.0858395919203758,0.0,0.914222776889801,0.0,0.0,0.0857772380113601,0.0,0.914139688014984,0.0,0.0,0.0858603715896606,0.0,0.9141812324523926,0.0,0.0,0.0858188048005104,0.0,0.9140772819519044,0.0,0.0,0.0859227254986763,0.0,0.9141188859939576,0.0,0.0,0.085881158709526,0.0,0.9141812324523926,0.0,0.0,0.0858188048005104,0.0,0.9141188859939576,0.0,0.0,0.085881158709526,0.0,0.9141812324523926,0.0,0.0,0.0858188048005104,0.0,0.9142435789108276,0.0,0.0,0.0857564508914947,0.0,0.9141812324523926,0.0,0.0,0.0858188048005104,0.0,0.914139688014984,0.0,0.0,0.0858603715896606,0.0,0.9142020344734192,0.0,0.0,0.0857980176806449,0.0,0.914160430431366,0.0,0.0,0.0858395919203758,0.0,0.5947456955909729,0.009415335021913,0.0180200785398483,0.3773616552352905,0.0004572568868752,0.5850393772125244,0.0100804362446069,0.0200153812766075,0.3844491243362427,0.0004156880895607,0.5880531668663025,0.011909463442862,0.0222393125295639,0.3773824274539947,0.0004156880895607,0.6151144504547119,0.0268534496426582,0.0495500192046165,0.3076715469360351,0.0008105917368084,0.5776193737983704,0.0088125877082347,0.0159832071512937,0.3972107470035553,0.0003741192631423,0.5879492163658142,0.0123459361493587,0.0241099093109369,0.3750753700733185,0.0005196101265028,0.5830441117286682,0.0089372936636209,0.0172302704304456,0.3902895450592041,0.0004988256841897,0.609627366065979,0.0225926470011472,0.0381185971200466,0.3290379047393799,0.0006235321052372,0.5727142691612244,0.0158792845904827,0.0264377612620592,0.384137362241745,0.0008313761791214,0.5970112085342407,0.004032174590975,0.0086463121697306,0.3900193572044372,0.0002909816685132,0.5726726651191711,0.0093945506960153,0.0163573268800973,0.4011805653572082,0.0003949036763515,0.5681208968162537,0.0157961472868919,0.0340656377375125,0.3811028301715851,0.0009145137737505,0.595119833946228,0.0083345463499426,0.0146114360541105,0.3815600872039795,0.0003741192631423,0.5944963097572327,0.0081890551373362,0.0154843814671039,0.3815185129642486,0.0003117660526186,0.5909005999565125,0.013052606023848,0.0236734356731176,0.3718121945858001,0.0005611788947135,0.5935194492340088,0.0105376932770013,0.0186228267848491,0.3768835961818695,0.000436472473666,0.6002951860427856,0.0229667667299509,0.0398852713406086,0.3361046016216278,0.0007482385262846,0.5828154683113098,0.0123043674975633,0.0251906979829072,0.3790243864059448,0.0006651009316556,0.6000457406044006,0.0086047435179352,0.015546734444797,0.3753247559070587,0.0004780413000844,0.5886766910552979,0.007253757212311,0.0137592758983373,0.3899569809436798,0.0003533348790369,0.5803629159927368,0.0159208532422781,0.0316754318773746,0.3713341653347015,0.0007066697580739,0.5873672366142273,0.0123667204752564,0.0235695149749517,0.3761353492736816,0.0005611788947135,0.5802589654922485,0.0124914264306426,0.0250452067703008,0.3814353942871094,0.0007690229685977,0.5802797675132751,0.0114522064104676,0.0199945960193872,0.3875044286251068,0.0007690229685977,0.578097403049469,0.0135722160339355,0.025689523667097,0.381975769996643,0.0006651009316556,0.584602952003479,0.0120757389813661,0.0229667667299509,0.3797518610954284,0.0006027477211318,0.5863072276115417,0.0122004449367523,0.0236526522785425,0.3771537840366363,0.0006858853157609,0.5771621465682983,0.0154428118839859,0.0277887489646673,0.3786710500717163,0.0009352981578558,0.6077151894569397,0.0268742348998785,0.0496123731136322,0.3151123523712158,0.0006858853157609,0.5788872241973877,0.013800844550132751,0.026229918003082275,0.3803545832633972,0.0007274541421793401
115,0.9127886891365052,0.0,0.0,0.087211363017559,0.0,0.9129965305328368,0.0,0.0,0.0870035141706466,0.0,0.9130173325538636,0.0,0.0,0.0869827345013618,0.0,0.9128925800323486,0.0,0.0,0.0871074348688125,0.0,0.9128925800323486,0.0,0.0,0.0871074348688125,0.0,0.9128925800323486,0.0,0.0,0.0871074348688125,0.0,0.912809431552887,0.0,0.0,0.0871905758976936,0.0,0.912934184074402,0.0,0.0,0.0870658680796623,0.0,0.9128718376159668,0.0,0.0,0.0871282219886779,0.0,0.9128925800323486,0.0,0.0,0.0871074348688125,0.0,0.913058876991272,0.0,0.0,0.086941160261631,0.0,0.9130796790122986,0.0,0.0,0.0869203805923461,0.0,0.9128510355949402,0.0,0.0,0.0871490091085434,0.0,0.913058876991272,0.0,0.0,0.086941160261631,0.0,0.9129549264907836,0.0,0.0,0.0870450809597969,0.0,0.9129965305328368,0.0,0.0,0.0870035141706466,0.0,0.912934184074402,0.0,0.0,0.0870658680796623,0.0,0.9129965305328368,0.0,0.0,0.0870035141706466,0.0,0.9129133820533752,0.0,0.0,0.0870866551995277,0.0,0.9129549264907836,0.0,0.0,0.0870450809597969,0.0,0.9128510355949402,0.0,0.0,0.0871490091085434,0.0,0.9128925800323486,0.0,0.0,0.0871074348688125,0.0,0.9129549264907836,0.0,0.0,0.0870450809597969,0.0,0.9128925800323486,0.0,0.0,0.0871074348688125,0.0,0.9129549264907836,0.0,0.0,0.0870450809597969,0.0,0.9130173325538636,0.0,0.0,0.0869827345013618,0.0,0.9129549264907836,0.0,0.0,0.0870450809597969,0.0,0.9129133820533752,0.0,0.0,0.0870866551995277,0.0,0.9129757285118104,0.0,0.0,0.087024301290512,0.0,0.912934184074402,0.0,0.0,0.0870658680796623,0.0,0.591253936290741,0.0076694451272487,0.0184773355722427,0.3821420669555664,0.0004572568868752,0.5818801522254944,0.0080851335078477,0.0200153812766075,0.3896036446094513,0.0004156880895607,0.585060179233551,0.0094776879996061,0.02236401848495,0.3826616704463959,0.000436472473666,0.6087960004806519,0.02236401848495,0.0496123731136322,0.3183963000774383,0.0008313761791214,0.5741899609565735,0.0074200322851538,0.0163573268800973,0.4016585946083069,0.0003741192631423,0.583646833896637,0.0105376932770013,0.0240475554019212,0.3812483251094818,0.0005196101265028,0.5799887776374817,0.0071914037689566,0.0174588989466428,0.3948621153831482,0.0004988256841897,0.6035583019256592,0.0193710643798112,0.0385342836380004,0.3379128277301788,0.0006235321052372,0.5683910846710205,0.0129902521148324,0.0265209004282951,0.3912456333637237,0.0008521605632267,0.5947456955909729,0.0035125643480569,0.0081474864855408,0.3933032751083374,0.0002909816685132,0.5696797370910645,0.0070459130220115,0.0170432105660438,0.405836284160614,0.0003949036763515,0.5643589496612549,0.0122835831716656,0.0341487750411033,0.3882942497730255,0.0009145137737505,0.591960608959198,0.0070459130220115,0.0152973216027021,0.3853220641613006,0.0003741192631423,0.5921061038970947,0.0058196331374347,0.0159000698477029,0.3858624696731567,0.0003117660526186,0.5871386528015137,0.0098102390766143,0.0249412842094898,0.3775486946105957,0.0005611788947135,0.590859055519104,0.0079396422952413,0.0197243988513946,0.38104048371315,0.000436472473666,0.594662606716156,0.0184357669204473,0.0412570424377918,0.3448964059352875,0.0007482385262846,0.5790950655937195,0.0100596519187092,0.0245048124343156,0.3856754004955292,0.0006651009316556,0.5969904661178589,0.0071082659997045,0.0157130099833011,0.3797102868556976,0.0004780413000844,0.5860162973403931,0.0059651238843798,0.0139255505055189,0.3937397599220276,0.0003533348790369,0.5756240487098694,0.0133228031918406,0.0309687629342079,0.3793569505214691,0.0007274541421793,0.583958625793457,0.0106623992323875,0.0223848037421703,0.3824122548103332,0.0005819633370265,0.5767048597335815,0.0099972980096936,0.0253154039382934,0.3872134387493133,0.0007690229685977,0.5772036910057068,0.0086255278438329,0.0203687157481908,0.3930330872535705,0.0007690229685977,0.5741276144981384,0.0114106377586722,0.0252530518919229,0.3885436654090881,0.0006651009316556,0.5806539058685303,0.0107455365359783,0.0227381382137537,0.3852597177028656,0.0006027477211318,0.5825660824775696,0.0099765136837959,0.0239644180983304,0.382786363363266,0.0007066697580739,0.5730052590370178,0.0119302477687597,0.02911894954741,0.385010302066803,0.0009352981578558,0.6013967394828796,0.0218444094061851,0.0507139451801776,0.3253382742404938,0.0007066697580739,0.5744186043739319,0.011701619252562523,0.026520900428295135,0.38663148880004883,0.0007274541421793401
116,0.9098788499832152,0.0,0.0,0.090121179819107,0.0,0.9100866913795472,0.0,0.0,0.0899133309721946,0.0,0.9101074934005736,0.0,0.0,0.0898925513029098,0.0,0.9099828004837036,0.0,0.0,0.0900172516703605,0.0,0.9099828004837036,0.0,0.0,0.0900172516703605,0.0,0.9099828004837036,0.0,0.0,0.0900172516703605,0.0,0.909899652004242,0.0,0.0,0.0901003926992416,0.0,0.910024344921112,0.0,0.0,0.0899756848812103,0.0,0.909961998462677,0.0,0.0,0.0900380387902259,0.0,0.9099828004837036,0.0,0.0,0.0900172516703605,0.0,0.9101490378379822,0.0,0.0,0.089850977063179,0.0,0.9101698398590088,0.0,0.0,0.0898301973938942,0.0,0.9099411964416504,0.0,0.0,0.0900588259100914,0.0,0.9101490378379822,0.0,0.0,0.089850977063179,0.0,0.9100451469421388,0.0,0.0,0.0899548977613449,0.0,0.9100866913795472,0.0,0.0,0.0899133309721946,0.0,0.910024344921112,0.0,0.0,0.0899756848812103,0.0,0.9100866913795472,0.0,0.0,0.0899133309721946,0.0,0.9100035429000854,0.0,0.0,0.0899964720010757,0.0,0.9100451469421388,0.0,0.0,0.0899548977613449,0.0,0.9099411964416504,0.0,0.0,0.0900588259100914,0.0,0.9099828004837036,0.0,0.0,0.0900172516703605,0.0,0.9100451469421388,0.0,0.0,0.0899548977613449,0.0,0.9099828004837036,0.0,0.0,0.0900172516703605,0.0,0.9100451469421388,0.0,0.0,0.0899548977613449,0.0,0.9101074934005736,0.0,0.0,0.0898925513029098,0.0,0.9100451469421388,0.0,0.0,0.0899548977613449,0.0,0.9100035429000854,0.0,0.0,0.0899964720010757,0.0,0.9100658893585204,0.0,0.0,0.08993411809206,0.0,0.910024344921112,0.0,0.0,0.0899756848812103,0.0,0.5864735245704651,0.0076278764754533,0.0166483074426651,0.3887930512428283,0.0004572568868752,0.5772244930267334,0.0074200322851538,0.0178538039326667,0.3970860540866852,0.0004156880895607,0.5803421139717102,0.0090412162244319,0.0195996928960084,0.3905805349349975,0.000436472473666,0.6001704335212708,0.0224887244403362,0.0453100018203258,0.3311786949634552,0.0008521605632267,0.5697005391120911,0.0071082659997045,0.0150686930865049,0.4077484309673309,0.0003741192631423,0.5783052444458008,0.0106208305805921,0.0219067614525556,0.388647586107254,0.0005196101265028,0.5754993557929993,0.0071914037689566,0.015816930681467,0.4009934961795807,0.0004988256841897,0.5966163277626038,0.0187891013920307,0.0357907451689243,0.3481803238391876,0.0006235321052372,0.5628416538238525,0.0120549546554684,0.0249412842094898,0.3992891907691955,0.0008729449473321,0.5907135605812073,0.0039074681699275,0.0071498351171612,0.3979174196720123,0.0003117660526186,0.5650863647460938,0.0068588531576097,0.0159416384994983,0.4117182493209839,0.0003949036763515,0.5584561824798584,0.0125745646655559,0.029950326308608,0.3981044888496399,0.0009145137737505,0.5874088406562805,0.0072121880948543,0.0140710417181253,0.3909338712692261,0.0003741192631423,0.5878453254699707,0.00546629820019,0.0146530047059059,0.3917028903961181,0.0003325504658278,0.5817554593086243,0.0094776879996061,0.022779706865549,0.3854259848594665,0.0005611788947135,0.5858915448188782,0.0076694451272487,0.0183318443596363,0.3876706957817077,0.000436472473666,0.5878660678863525,0.0180616471916437,0.0381393805146217,0.3551846742630005,0.0007482385262846,0.5730676054954529,0.0109118120744824,0.021220875903964,0.3941346406936645,0.0006651009316556,0.5925425887107849,0.006838068831712,0.0147984959185123,0.3853428661823272,0.0004780413000844,0.5814852714538574,0.0058196331374347,0.0129902521148324,0.3993515372276306,0.0003533348790369,0.5696173906326294,0.0128239775076508,0.0283083580434322,0.3885228633880615,0.0007274541421793,0.5785754323005676,0.0106623992323875,0.0200777351856231,0.3901024758815765,0.0005819633370265,0.5713009238243103,0.0101012205705046,0.0229251980781555,0.394903689622879,0.0007690229685977,0.5724024772644043,0.0083345463499426,0.0183526296168565,0.4001205563545227,0.000789807352703,0.5692848563194275,0.0106416149064898,0.0232993178069591,0.3960883915424347,0.0006858853157609,0.5753746628761292,0.0104337707161903,0.0206389129161834,0.3929499387741089,0.0006027477211318,0.5773491859436035,0.0099141607061028,0.0217404868453741,0.3902687430381775,0.0007274541421793,0.5672687292098999,0.012013386003673,0.0263961926102638,0.3933656215667724,0.0009560826001688,0.5925841331481934,0.0221769586205482,0.0473260879516601,0.3371853828430176,0.0007274541421793,0.5689107179641724,0.01136906910687685,0.024276183918118477,0.39469584822654724,0.0007482385262846947
117,0.9086941480636596,0.0,0.0,0.0913058891892433,0.0,0.9089019894599916,0.0,0.0,0.0910980403423309,0.0,0.908922791481018,0.0,0.0,0.0910772606730461,0.0,0.908798098564148,0.0,0.0,0.0912019684910774,0.0,0.908798098564148,0.0,0.0,0.0912019684910774,0.0,0.908798098564148,0.0,0.0,0.0912019684910774,0.0,0.9087149500846864,0.0,0.0,0.0912851020693779,0.0,0.9088396430015564,0.0,0.0,0.0911603942513465,0.0,0.9087772965431212,0.0,0.0,0.0912227481603622,0.0,0.908798098564148,0.0,0.0,0.0912019684910774,0.0,0.9089643359184264,0.0,0.0,0.0910356864333152,0.0,0.9089851379394532,0.0,0.0,0.0910149067640304,0.0,0.9087564945220948,0.0,0.0,0.0912435352802276,0.0,0.9089643359184264,0.0,0.0,0.0910356864333152,0.0,0.908860445022583,0.0,0.0,0.0911396145820617,0.0,0.9089019894599916,0.0,0.0,0.0910980403423309,0.0,0.9088396430015564,0.0,0.0,0.0911603942513465,0.0,0.9089019894599916,0.0,0.0,0.0910980403423309,0.0,0.9088188409805298,0.0,0.0,0.091181181371212,0.0,0.908860445022583,0.0,0.0,0.0911396145820617,0.0,0.9087564945220948,0.0,0.0,0.0912435352802276,0.0,0.908798098564148,0.0,0.0,0.0912019684910774,0.0,0.908860445022583,0.0,0.0,0.0911396145820617,0.0,0.908798098564148,0.0,0.0,0.0912019684910774,0.0,0.908860445022583,0.0,0.0,0.0911396145820617,0.0,0.908922791481018,0.0,0.0,0.0910772606730461,0.0,0.908860445022583,0.0,0.0,0.0911396145820617,0.0,0.9088188409805298,0.0,0.0,0.091181181371212,0.0,0.9088811874389648,0.0,0.0,0.0911188274621963,0.0,0.9088396430015564,0.0,0.0,0.0911603942513465,0.0,0.5834182500839233,0.0077941515482962,0.0150271244347095,0.3933032751083374,0.0004572568868752,0.5739613175392151,0.0076902294531464,0.0158377159386873,0.402095079421997,0.0004156880895607,0.5771205425262451,0.0084592523053288,0.0177083127200603,0.3962754607200622,0.000436472473666,0.5938104391098022,0.0221353899687528,0.0406127274036407,0.3425893187522888,0.0008521605632267,0.5668738484382629,0.0072745415382087,0.0135306473821401,0.4119260907173157,0.0003949036763515,0.5749589800834656,0.0101012205705046,0.0194749869406223,0.3949452340602875,0.0005196101265028,0.5727766156196594,0.0069004222750663,0.013364371843636,0.4064598083496094,0.0004988256841897,0.5912331342697144,0.0182694904506206,0.0316754318773746,0.3581984341144562,0.0006235321052372,0.5589757561683655,0.0117431879043579,0.0229251980781555,0.4054621458053589,0.0008937293896451,0.5885935425758362,0.0035957018844783,0.0065055186860263,0.4009934961795807,0.0003117660526186,0.5623220801353455,0.0066510094329714,0.0139255505055189,0.4167065322399139,0.0003949036763515,0.5542161464691162,0.0123459361493587,0.0261675640940666,0.4063350856304168,0.0009352981578558,0.5845613479614258,0.0073576788417994,0.0121796606108546,0.3955272138118744,0.0003741192631423,0.584353506565094,0.0060898303054273,0.013364371843636,0.3958597481250763,0.0003325504658278,0.5779311656951904,0.0100804362446069,0.0206596981734037,0.3907675743103027,0.0005611788947135,0.5829194188117981,0.0070251286961138,0.0170847810804843,0.3925342559814453,0.000436472473666,0.5825244784355164,0.0174381155520677,0.0335668139159679,0.3657223880290985,0.0007482385262846,0.5695757865905762,0.0106208305805921,0.0189969446510076,0.4001413583755493,0.0006651009316556,0.5899445414543152,0.0063184588216245,0.0139255505055189,0.3893334567546844,0.0004780413000844,0.579053521156311,0.0059651238843798,0.0117847574874758,0.4028433263301849,0.0003533348790369,0.5655436515808105,0.0123459361493587,0.0252530518919229,0.3961299657821655,0.0007274541421793,0.5750628709793091,0.0104337707161903,0.0181863531470298,0.3957350552082062,0.0005819633370265,0.5681208968162537,0.0095816105604171,0.0203895010054111,0.4011389911174774,0.0007690229685977,0.5698460340499878,0.0076278764754533,0.0163781102746725,0.4053374528884887,0.0008105917368084,0.5658969879150391,0.0101220048964023,0.0206389129161834,0.4026562571525574,0.0006858853157609,0.5720699429512024,0.0102674951776862,0.018311059102416,0.3987487852573395,0.0006027477211318,0.5737326741218567,0.0097063165158033,0.0195373389869928,0.3962962329387665,0.0007274541421793,0.5632781386375427,0.0115769132971763,0.0230291206389665,0.401159793138504,0.0009560826001688,0.5857876539230347,0.0222393125295639,0.0421092025935649,0.349115639925003,0.0007482385262846,0.5654189586639404,0.011078087612986565,0.02169891819357872,0.40105587244033813,0.0007482385262846947
118,0.908610999584198,0.0,0.0,0.0913890227675437,0.0,0.9088188409805298,0.0,0.0,0.091181181371212,0.0,0.9088396430015564,0.0,0.0,0.0911603942513465,0.0,0.9087149500846864,0.0,0.0,0.0912851020693779,0.0,0.9087149500846864,0.0,0.0,0.0912851020693779,0.0,0.9087149500846864,0.0,0.0,0.0912851020693779,0.0,0.9086318016052246,0.0,0.0,0.0913682430982589,0.0,0.9087564945220948,0.0,0.0,0.0912435352802276,0.0,0.9086941480636596,0.0,0.0,0.0913058891892433,0.0,0.9087149500846864,0.0,0.0,0.0912851020693779,0.0,0.9088811874389648,0.0,0.0,0.0911188274621963,0.0,0.9089019894599916,0.0,0.0,0.0910980403423309,0.0,0.9086733460426332,0.0,0.0,0.0913266688585281,0.0,0.9088811874389648,0.0,0.0,0.0911188274621963,0.0,0.9087772965431212,0.0,0.0,0.0912227481603622,0.0,0.9088188409805298,0.0,0.0,0.091181181371212,0.0,0.9087564945220948,0.0,0.0,0.0912435352802276,0.0,0.9088188409805298,0.0,0.0,0.091181181371212,0.0,0.908735692501068,0.0,0.0,0.0912643149495124,0.0,0.9087772965431212,0.0,0.0,0.0912227481603622,0.0,0.9086733460426332,0.0,0.0,0.0913266688585281,0.0,0.9087149500846864,0.0,0.0,0.0912851020693779,0.0,0.9087772965431212,0.0,0.0,0.0912227481603622,0.0,0.9087149500846864,0.0,0.0,0.0912851020693779,0.0,0.9087772965431212,0.0,0.0,0.0912227481603622,0.0,0.9088396430015564,0.0,0.0,0.0911603942513465,0.0,0.9087772965431212,0.0,0.0,0.0912227481603622,0.0,0.908735692501068,0.0,0.0,0.0912643149495124,0.0,0.908798098564148,0.0,0.0,0.0912019684910774,0.0,0.9087564945220948,0.0,0.0,0.0912435352802276,0.0,0.5816307663917542,0.0077110137790441,0.0135306473821401,0.3966703414916992,0.0004572568868752,0.572090744972229,0.0075447387062013,0.0143204545602202,0.4056284427642822,0.0004156880895607,0.5752291679382324,0.0074200322851538,0.0161079131066799,0.4008064568042755,0.000436472473666,0.5891755223274231,0.0205349903553724,0.0371001623570919,0.3523372113704681,0.0008521605632267,0.5649824738502502,0.007232972420752,0.0126577019691467,0.4147320091724396,0.0003949036763515,0.5725064277648926,0.0100388675928115,0.0174173302948474,0.3995178043842315,0.0005196101265028,0.5715087652206421,0.0061313994228839,0.0119718164205551,0.4098892211914062,0.0004988256841897,0.587450385093689,0.0167730133980512,0.02963856048882,0.3655145168304443,0.0006235321052372,0.5570635795593262,0.0102467108517885,0.0208675414323806,0.4109284579753876,0.0008937293896451,0.5879492163658142,0.003658055095002,0.0054039452224969,0.402677059173584,0.0003117660526186,0.5605345964431763,0.0067341467365622,0.0128239775076508,0.4195124208927154,0.0003949036763515,0.5513894557952881,0.0113275004550814,0.0237357895821332,0.4126119911670685,0.0009352981578558,0.583002507686615,0.0067133624106645,0.011597697623074,0.3983123302459717,0.0003741192631423,0.5830649137496948,0.0060274773277342,0.0112651474773883,0.3993099629878998,0.0003325504658278,0.5750836730003357,0.0104129863902926,0.0182071384042501,0.3957350552082062,0.0005611788947135,0.5811111330986023,0.0070043443702161,0.0146530047059059,0.3967950642108917,0.000436472473666,0.5787001848220825,0.0161910504102706,0.0308232717216014,0.3735373020172119,0.0007482385262846,0.5673518776893616,0.0100596519187092,0.0168561525642871,0.4050672650337219,0.0006651009316556,0.5886143445968628,0.0060274773277342,0.0116392662748694,0.3932409286499023,0.0004780413000844,0.5771828889846802,0.0060898303054273,0.0104337707161903,0.4059402048587799,0.0003533348790369,0.5626961588859558,0.0122627988457679,0.0222185272723436,0.402095079421997,0.0007274541421793,0.5732754468917847,0.008687880821526,0.0174173302948474,0.4000374376773834,0.0005819633370265,0.5658138394355774,0.0090412162244319,0.0181863531470298,0.4061896204948425,0.0007690229685977,0.5679130554199219,0.0069627752527594,0.01481928024441,0.4094943404197693,0.0008105917368084,0.5633196830749512,0.0093737663701176,0.0191632211208343,0.4074574708938598,0.0006858853157609,0.5703864097595215,0.0088125877082347,0.0159000698477029,0.4042982161045074,0.0006027477211318,0.5709059834480286,0.0099972980096936,0.0171055644750595,0.4012637138366699,0.0007274541421793,0.5605137944221497,0.0112443622201681,0.0211169552057981,0.4061688184738159,0.0009560826001688,0.580799400806427,0.0215118583291769,0.0369962379336357,0.3599443137645721,0.0007482385262846,0.5637146234512329,0.009768669493496418,0.019537338986992836,0.406231164932251,0.0007482385262846947
119,0.908610999584198,0.0,0.0,0.0913890227675437,0.0,0.9088188409805298,0.0,0.0,0.091181181371212,0.0,0.9088396430015564,0.0,0.0,0.0911603942513465,0.0,0.9087149500846864,0.0,0.0,0.0912851020693779,0.0,0.9087149500846864,0.0,0.0,0.0912851020693779,0.0,0.9087149500846864,0.0,0.0,0.0912851020693779,0.0,0.9086318016052246,0.0,0.0,0.0913682430982589,0.0,0.9087564945220948,0.0,0.0,0.0912435352802276,0.0,0.9086941480636596,0.0,0.0,0.0913058891892433,0.0,0.9087149500846864,0.0,0.0,0.0912851020693779,0.0,0.9088811874389648,0.0,0.0,0.0911188274621963,0.0,0.9089019894599916,0.0,0.0,0.0910980403423309,0.0,0.9086733460426332,0.0,0.0,0.0913266688585281,0.0,0.9088811874389648,0.0,0.0,0.0911188274621963,0.0,0.9087772965431212,0.0,0.0,0.0912227481603622,0.0,0.9088188409805298,0.0,0.0,0.091181181371212,0.0,0.9087564945220948,0.0,0.0,0.0912435352802276,0.0,0.9088188409805298,0.0,0.0,0.091181181371212,0.0,0.908735692501068,0.0,0.0,0.0912643149495124,0.0,0.9087772965431212,0.0,0.0,0.0912227481603622,0.0,0.9086733460426332,0.0,0.0,0.0913266688585281,0.0,0.9087149500846864,0.0,0.0,0.0912851020693779,0.0,0.9087772965431212,0.0,0.0,0.0912227481603622,0.0,0.9087149500846864,0.0,0.0,0.0912851020693779,0.0,0.9087772965431212,0.0,0.0,0.0912227481603622,0.0,0.9088396430015564,0.0,0.0,0.0911603942513465,0.0,0.9087772965431212,0.0,0.0,0.0912227481603622,0.0,0.908735692501068,0.0,0.0,0.0912643149495124,0.0,0.908798098564148,0.0,0.0,0.0912019684910774,0.0,0.9087564945220948,0.0,0.0,0.0912435352802276,0.0,0.580612301826477,0.0064639495685696,0.0116808349266648,0.4007856547832489,0.0004572568868752,0.5715087652206421,0.006193752400577,0.012013386003673,0.409868448972702,0.0004156880895607,0.5741483569145203,0.0067341467365622,0.013676137663424,0.4050048887729645,0.000436472473666,0.587055504322052,0.0175628215074539,0.0319456309080123,0.3625839352607727,0.0008521605632267,0.5643796920776367,0.0056325737386941,0.0110157346352934,0.4185771048069,0.0003949036763515,0.571446418762207,0.0080227795988321,0.0154220275580883,0.4045892059803009,0.0005196101265028,0.5708644390106201,0.0049466881901025,0.0107663217931985,0.4129237532615661,0.0004988256841897,0.5851433277130127,0.0142373172566294,0.0274354126304388,0.372560441493988,0.0006235321052372,0.5559828281402588,0.0082306237891316,0.0189761612564325,0.4159167110919952,0.0008937293896451,0.5875543355941772,0.0030137386638671,0.00507139461115,0.4040488302707672,0.0003117660526186,0.5596824288368225,0.0058196331374347,0.0111612249165773,0.4229418337345123,0.0003949036763515,0.5500592589378357,0.0101220048964023,0.0183318443596363,0.4205516278743744,0.0009352981578558,0.5820672512054443,0.0057157110422849,0.0102674951776862,0.4015754759311676,0.0003741192631423,0.5823789834976196,0.0055494359694421,0.0093529820442199,0.4023860692977905,0.0003325504658278,0.5737534761428833,0.0092074908316135,0.0155883030965924,0.4008895754814148,0.0005611788947135,0.5804668664932251,0.0062145367264747,0.0119718164205551,0.4009103775024414,0.000436472473666,0.5765178203582764,0.0139671191573143,0.0273730605840683,0.3813938200473785,0.0007482385262846,0.566291868686676,0.0086255278438329,0.0147984959185123,0.4096190333366394,0.0006651009316556,0.5876582264900208,0.005154532380402,0.0104337707161903,0.3962754607200622,0.0004780413000844,0.5764138698577881,0.0054247295483946,0.008687880821526,0.4091202020645141,0.0003533348790369,0.5613036155700684,0.0101427892223,0.0194334182888269,0.4083927571773529,0.0007274541421793,0.5718204975128174,0.007960426621139,0.0145490830764174,0.4050880372524261,0.0005819633370265,0.564940869808197,0.0075863073579967,0.01481928024441,0.4118845462799072,0.0007690229685977,0.5671440362930298,0.005881986580789,0.0133020188659429,0.4128614068031311,0.0008105917368084,0.5625091195106506,0.0074408166110515,0.0163157563656568,0.4130484759807586,0.0006858853157609,0.5694302916526794,0.0070459130220115,0.0147984959185123,0.408122569322586,0.0006027477211318,0.5698875784873962,0.0085008209571242,0.0147153576835989,0.4061688184738159,0.0007274541421793,0.5587263703346252,0.0101012205705046,0.0183734130114316,0.4118429720401764,0.0009560826001688,0.5783883929252625,0.0188306700438261,0.0319664143025875,0.3700663149356842,0.0007482385262846,0.5628208518028259,0.007420032285153866,0.017043210566043854,0.4119676649570465,0.0007482385262846947
120,0.9080082774162292,0.0,0.0,0.0919917747378349,0.0,0.908216118812561,0.0,0.0,0.0917839258909225,0.0,0.9082368612289428,0.0,0.0,0.0917631462216377,0.0,0.9081121683120728,0.0,0.0,0.091887854039669,0.0,0.9081121683120728,0.0,0.0,0.091887854039669,0.0,0.9081121683120728,0.0,0.0,0.091887854039669,0.0,0.9080290198326112,0.0,0.0,0.0919709876179695,0.0,0.908153772354126,0.0,0.0,0.0918462797999382,0.0,0.9080914258956908,0.0,0.0,0.0919086337089538,0.0,0.9081121683120728,0.0,0.0,0.091887854039669,0.0,0.908278465270996,0.0,0.0,0.0917215719819068,0.0,0.9082992672920228,0.0,0.0,0.091700792312622,0.0,0.9080706238746644,0.0,0.0,0.0919294208288192,0.0,0.908278465270996,0.0,0.0,0.0917215719819068,0.0,0.9081745147705078,0.0,0.0,0.0918255001306533,0.0,0.908216118812561,0.0,0.0,0.0917839258909225,0.0,0.908153772354126,0.0,0.0,0.0918462797999382,0.0,0.908216118812561,0.0,0.0,0.0917839258909225,0.0,0.9081329703330994,0.0,0.0,0.0918670669198036,0.0,0.9081745147705078,0.0,0.0,0.0918255001306533,0.0,0.9080706238746644,0.0,0.0,0.0919294208288192,0.0,0.9081121683120728,0.0,0.0,0.091887854039669,0.0,0.9081745147705078,0.0,0.0,0.0918255001306533,0.0,0.9081121683120728,0.0,0.0,0.091887854039669,0.0,0.9081745147705078,0.0,0.0,0.0918255001306533,0.0,0.9082368612289428,0.0,0.0,0.0917631462216377,0.0,0.9081745147705078,0.0,0.0,0.0918255001306533,0.0,0.9081329703330994,0.0,0.0,0.0918670669198036,0.0,0.9081953167915344,0.0,0.0,0.0918047130107879,0.0,0.908153772354126,0.0,0.0,0.0918462797999382,0.0,0.5795523524284363,0.0050506102852523,0.0095400419086217,0.4053997993469238,0.0004572568868752,0.5701993703842163,0.005154532380402,0.009831023402512,0.4143994450569153,0.0004156880895607,0.5728597640991211,0.0056117889471352,0.011285931803286,0.4098061025142669,0.000436472473666,0.5841872692108154,0.0141126103699207,0.028079729527235,0.3727682828903198,0.0008521605632267,0.563194990158081,0.0046349219046533,0.008999646641314,0.4227755665779114,0.0003949036763515,0.570033073425293,0.0064015965908765,0.0129694677889347,0.4100762903690338,0.0005196101265028,0.5695550441741943,0.0040737432427704,0.0087710181251168,0.4171014130115509,0.0004988256841897,0.582607626914978,0.0121380919590592,0.023403238505125,0.3812275528907776,0.0006235321052372,0.5542576909065247,0.0067133624106645,0.0156298726797103,0.4225053787231445,0.0008937293896451,0.5865566730499268,0.0022862844634801,0.0046349219046533,0.4062103927135467,0.0003117660526186,0.5583106875419617,0.0049051195383071,0.0087294494733214,0.4276598989963531,0.0003949036763515,0.5482925772666931,0.0082929776981472,0.0152765372768044,0.4272026419639587,0.0009352981578558,0.5809240937232971,0.0046141375787556,0.008687880821526,0.4053997993469238,0.0003741192631423,0.5811527371406555,0.0048219817690551,0.0071706194430589,0.4065221548080444,0.0003325504658278,0.5723401308059692,0.0075447387062013,0.0122835831716656,0.4072704017162323,0.0005611788947135,0.5787209272384644,0.0053000231273472,0.0099972980096936,0.4055452942848205,0.000436472473666,0.5741899609565735,0.0118055418133735,0.0223224498331546,0.3909130692481994,0.0007690229685977,0.564940869808197,0.0062561058439314,0.0131773119792342,0.4149190485477447,0.0007066697580739,0.5864527225494385,0.0042192339897155,0.0086463121697306,0.4002037048339844,0.0004780413000844,0.5752291679382324,0.0043855090625584,0.0075863073579967,0.4124457240104675,0.0003533348790369,0.5597032308578491,0.0080435648560523,0.0164196789264678,0.4151061177253723,0.0007274541421793,0.5699707269668579,0.0067341467365622,0.0131357433274388,0.4095774590969085,0.0005819633370265,0.5631118416786194,0.0063184588216245,0.0124914264306426,0.4173092544078827,0.0007690229685977,0.5657306909561157,0.0048011974431574,0.0105169080197811,0.4181406497955322,0.0008105917368084,0.5609294772148132,0.0064847338944673,0.0133435875177383,0.4185563325881958,0.0006858853157609,0.5677675604820251,0.0057364953681826,0.0131149590015411,0.4127782583236694,0.0006027477211318,0.5685989260673523,0.0068796379491686,0.0122835831716656,0.4115104079246521,0.0007274541421793,0.5570843815803528,0.0083137620240449,0.0147569272667169,0.4188888669013977,0.0009560826001688,0.5758318901062012,0.0148816332221031,0.0277471803128719,0.3807910680770874,0.0007482385262846,0.561324417591095,0.0057157110422849655,0.014299670234322548,0.41791200637817383,0.0007482385262846947
121,0.9071561098098756,0.0,0.0,0.0928439348936081,0.0,0.9073639512062072,0.0,0.0,0.0926360860466957,0.0,0.907384753227234,0.0,0.0,0.0926153063774108,0.0,0.907260000705719,0.0,0.0,0.0927400141954422,0.0,0.907260000705719,0.0,0.0,0.0927400141954422,0.0,0.907260000705719,0.0,0.0,0.0927400141954422,0.0,0.907176911830902,0.0,0.0,0.0928231477737426,0.0,0.9073016047477722,0.0,0.0,0.0926984399557113,0.0,0.9072392582893372,0.0,0.0,0.092760793864727,0.0,0.907260000705719,0.0,0.0,0.0927400141954422,0.0,0.9074262976646424,0.0,0.0,0.0925737395882606,0.0,0.907447099685669,0.0,0.0,0.0925529524683952,0.0,0.9072184562683104,0.0,0.0,0.0927815809845924,0.0,0.9074262976646424,0.0,0.0,0.0925737395882606,0.0,0.9073224067687988,0.0,0.0,0.0926776602864265,0.0,0.9073639512062072,0.0,0.0,0.0926360860466957,0.0,0.9073016047477722,0.0,0.0,0.0926984399557113,0.0,0.9073639512062072,0.0,0.0,0.0926360860466957,0.0,0.9072808027267456,0.0,0.0,0.0927192270755767,0.0,0.9073224067687988,0.0,0.0,0.0926776602864265,0.0,0.9072184562683104,0.0,0.0,0.0927815809845924,0.0,0.907260000705719,0.0,0.0,0.0927400141954422,0.0,0.9073224067687988,0.0,0.0,0.0926776602864265,0.0,0.907260000705719,0.0,0.0,0.0927400141954422,0.0,0.9073224067687988,0.0,0.0,0.0926776602864265,0.0,0.907384753227234,0.0,0.0,0.0926153063774108,0.0,0.9073224067687988,0.0,0.0,0.0926776602864265,0.0,0.9072808027267456,0.0,0.0,0.0927192270755767,0.0,0.9073431491851808,0.0,0.0,0.0926568731665611,0.0,0.9073016047477722,0.0,0.0,0.0926984399557113,0.0,0.578159749507904,0.0037204083055257,0.0094984723255038,0.4081641137599945,0.0004572568868752,0.5687236785888672,0.003699623979628,0.0094984723255038,0.4176625907421112,0.0004156880895607,0.5712177753448486,0.0043647247366607,0.0110780876129865,0.4129029810428619,0.000436472473666,0.5813189744949341,0.0109533807262778,0.027664041146636,0.3792114555835724,0.0008521605632267,0.5617609024047852,0.0035749175585806,0.0087502337992191,0.4255191087722778,0.0003949036763515,0.5683495402336121,0.00507139461115,0.0127824088558554,0.4132770895957947,0.0005196101265028,0.5681416988372803,0.0030968762002885,0.0087294494733214,0.4195331931114197,0.0004988256841897,0.5801342725753784,0.0095608262345194,0.022987550124526,0.3866938352584839,0.0006235321052372,0.5523039698600769,0.0051337475888431,0.0147361429408192,0.4269324541091919,0.0008937293896451,0.5852888226509094,0.0017666743369773,0.0048427660949528,0.4077900052070617,0.0003117660526186,0.5568349957466125,0.0039490368217229,0.0084384679794311,0.4303826689720154,0.0003949036763515,0.5466505885124207,0.0060274773277342,0.0156298726797103,0.4307567775249481,0.0009352981578558,0.5795315504074097,0.0034917797893285,0.0088749406859278,0.4077276587486267,0.0003741192631423,0.5798848867416382,0.002930600894615,0.0077733672223985,0.4090786278247833,0.0003325504658278,0.5706565976142883,0.0057364953681826,0.0121173076331615,0.4109284579753876,0.0005611788947135,0.5773075819015503,0.0040737432427704,0.0094569036737084,0.4086837470531463,0.0004780413000844,0.571446418762207,0.0095400419086217,0.0222185272723436,0.3960260450839996,0.0007690229685977,0.563132643699646,0.0049051195383071,0.0132188806310296,0.4180367290973663,0.0007066697580739,0.584997832775116,0.0034086422529071,0.0082514081150293,0.4028640985488891,0.0004780413000844,0.5740236639976501,0.0034917797893285,0.0070666973479092,0.4150645434856415,0.0003533348790369,0.5575416684150696,0.0064639495685696,0.0157130099833011,0.4195539951324463,0.0007274541421793,0.5682663917541504,0.0052584540098905,0.0129902521148324,0.4129029810428619,0.0005819633370265,0.5613451600074768,0.0052376696839928,0.0120965233072638,0.4205516278743744,0.0007690229685977,0.5643796920776367,0.0039282524958252,0.0097063165158033,0.4211751520633697,0.0008105917368084,0.5591627955436707,0.0051961010321974,0.0128447618335485,0.4221104681491852,0.0006858853157609,0.5660008788108826,0.0045310002751648,0.0125537803396582,0.4163116216659546,0.0006027477211318,0.5668322443962097,0.0053623761050403,0.0123459361493587,0.4147320091724396,0.0007274541421793,0.5554008483886719,0.0063392431475222,0.01481928024441,0.4224845767021179,0.0009560826001688,0.5730468034744263,0.0112027935683727,0.0277887489646673,0.3872134387493133,0.0007482385262846,0.5597032308578491,0.004177665337920189,0.013676137663424015,0.4216947853565216,0.0007482385262846947
122,0.9058882594108582,0.0,0.0,0.0941117852926254,0.0,0.90609610080719,0.0,0.0,0.093903936445713,0.0,0.9061169028282166,0.0,0.0,0.0938831567764282,0.0,0.9059921503067015,0.0,0.0,0.0940078571438789,0.0,0.9059921503067015,0.0,0.0,0.0940078571438789,0.0,0.9059921503067015,0.0,0.0,0.0940078571438789,0.0,0.9059090614318848,0.0,0.0,0.09409099817276,0.0,0.9060337543487548,0.0,0.0,0.0939662903547287,0.0,0.9059714078903198,0.0,0.0,0.0940286442637443,0.0,0.9059921503067015,0.0,0.0,0.0940078571438789,0.0,0.906158447265625,0.0,0.0,0.0938415825366973,0.0,0.9061792492866516,0.0,0.0,0.0938208028674125,0.0,0.9059506058692932,0.0,0.0,0.0940494313836097,0.0,0.906158447265625,0.0,0.0,0.0938415825366973,0.0,0.9060545563697816,0.0,0.0,0.0939455032348632,0.0,0.90609610080719,0.0,0.0,0.093903936445713,0.0,0.9060337543487548,0.0,0.0,0.0939662903547287,0.0,0.90609610080719,0.0,0.0,0.093903936445713,0.0,0.9060129523277284,0.0,0.0,0.0939870774745941,0.0,0.9060545563697816,0.0,0.0,0.0939455032348632,0.0,0.9059506058692932,0.0,0.0,0.0940494313836097,0.0,0.9059921503067015,0.0,0.0,0.0940078571438789,0.0,0.9060545563697816,0.0,0.0,0.0939455032348632,0.0,0.9059921503067015,0.0,0.0,0.0940078571438789,0.0,0.9060545563697816,0.0,0.0,0.0939455032348632,0.0,0.9061169028282166,0.0,0.0,0.0938831567764282,0.0,0.9060545563697816,0.0,0.0,0.0939455032348632,0.0,0.9060129523277284,0.0,0.0,0.0939870774745941,0.0,0.9060752987861632,0.0,0.0,0.0939247235655784,0.0,0.9060337543487548,0.0,0.0,0.0939662903547287,0.0,0.5760605335235596,0.0028474633581936,0.0094984723255038,0.4111362993717193,0.0004572568868752,0.5668738484382629,0.0024941284209489,0.0094776879996061,0.4207386970520019,0.0004156880895607,0.5693472027778625,0.0031592294108122,0.0102674951776862,0.4167896509170532,0.000436472473666,0.5786170363426208,0.0078357206657528,0.0266871750354766,0.3860079646110534,0.0008521605632267,0.5596200823783875,0.0026396194007247,0.0090827848762273,0.4282626509666443,0.0003949036763515,0.5664581656455994,0.0033255047164857,0.0124706421047449,0.4172261357307434,0.0005196101265028,0.5664165616035461,0.0023694219999015,0.0080851335078477,0.4226300716400146,0.0004988256841897,0.5773699879646301,0.0073576788417994,0.0219691153615713,0.392679750919342,0.0006235321052372,0.5500592589378357,0.0042815874330699,0.0135722160339355,0.4311932623386383,0.0008937293896451,0.5838131308555603,0.0014133395161479,0.0041568810120224,0.4103049337863922,0.0003117660526186,0.5549228191375732,0.0028890322428196,0.0083553306758403,0.4334379732608795,0.0003949036763515,0.5445306301116943,0.0041360962204635,0.0150894774124026,0.4353085458278656,0.0009352981578558,0.5775985717773438,0.0026811880525201,0.0088333720341324,0.410512775182724,0.0003741192631423,0.5779103636741638,0.0024317752104252,0.0072953258641064,0.4120300412178039,0.0003325504658278,0.5687028765678406,0.003658055095002,0.0128447618335485,0.4142331779003143,0.0005611788947135,0.5753123164176941,0.0030760918743908,0.0087502337992191,0.4123833477497101,0.0004780413000844,0.5683703422546387,0.0076070916838943,0.0211793072521686,0.4020743072032928,0.0007690229685977,0.5611165761947632,0.0035125643480569,0.0127616245299577,0.4219026267528534,0.0007066697580739,0.5831896066665649,0.0027019726112484,0.007565523032099,0.40606489777565,0.0004780413000844,0.5722985863685608,0.0021615780424326,0.0077525828965008,0.4174339771270752,0.0003533348790369,0.555130660533905,0.0048427660949528,0.0151102617383003,0.4241889119148254,0.0007274541421793,0.5662503242492676,0.0043023717589676,0.0121380919590592,0.4167273044586181,0.0005819633370265,0.5594745874404907,0.003616486210376,0.0118055418133735,0.4243344068527221,0.0007690229685977,0.5623220801353455,0.0028682476840913,0.0094776879996061,0.4245214462280273,0.0008105917368084,0.5572298765182495,0.0033670733682811,0.0126161333173513,0.4261010587215423,0.0006858853157609,0.5639016628265381,0.0037619771901518,0.0118678947910666,0.4198657572269439,0.0006027477211318,0.5647122859954834,0.0034709954634308,0.0124498577788472,0.4186394810676574,0.0007274541421793,0.553135335445404,0.0046557066962122,0.0142581015825271,0.4269948005676269,0.0009560826001688,0.5701993703842163,0.0078772893175482,0.027144432067871,0.3940099477767944,0.0007690229685977,0.5578325986862183,0.0031592294108122587,0.012699270620942116,0.42553988099098206,0.0007690229685977101
123,0.9028121829032898,0.0,0.0,0.0971878767013549,0.0,0.9030200242996216,0.0,0.0,0.0969800278544426,0.0,0.9030407667160034,0.0,0.0,0.0969592481851577,0.0,0.9029160737991332,0.0,0.0,0.0970839485526084,0.0,0.9029160737991332,0.0,0.0,0.0970839485526084,0.0,0.9029160737991332,0.0,0.0,0.0970839485526084,0.0,0.9028329253196716,0.0,0.0,0.0971670895814895,0.0,0.9029576778411864,0.0,0.0,0.0970423817634582,0.0,0.9028952717781068,0.0,0.0,0.0971047356724739,0.0,0.9029160737991332,0.0,0.0,0.0970839485526084,0.0,0.9030823707580566,0.0,0.0,0.0969176739454269,0.0,0.9031031727790833,0.0,0.0,0.0968968942761421,0.0,0.9028745293617249,0.0,0.0,0.0971255227923393,0.0,0.9030823707580566,0.0,0.0,0.0969176739454269,0.0,0.9029784202575684,0.0,0.0,0.0970216020941734,0.0,0.9030200242996216,0.0,0.0,0.0969800278544426,0.0,0.9029576778411864,0.0,0.0,0.0970423817634582,0.0,0.9030200242996216,0.0,0.0,0.0969800278544426,0.0,0.90293687582016,0.0,0.0,0.0970631688833236,0.0,0.9029784202575684,0.0,0.0,0.0970216020941734,0.0,0.9028745293617249,0.0,0.0,0.0971255227923393,0.0,0.9029160737991332,0.0,0.0,0.0970839485526084,0.0,0.9029784202575684,0.0,0.0,0.0970216020941734,0.0,0.9029160737991332,0.0,0.0,0.0970839485526084,0.0,0.9029784202575684,0.0,0.0,0.0970216020941734,0.0,0.9030407667160034,0.0,0.0,0.0969592481851577,0.0,0.9029784202575684,0.0,0.0,0.0970216020941734,0.0,0.90293687582016,0.0,0.0,0.0970631688833236,0.0,0.902999222278595,0.0,0.0,0.097000814974308,0.0,0.9029576778411864,0.0,0.0,0.0970423817634582,0.0,0.5722985863685608,0.0025149129796773,0.0087294494733214,0.4159998595714569,0.0004572568868752,0.5631741881370544,0.002535697305575,0.0081267021596431,0.4257477223873138,0.0004156880895607,0.565585196018219,0.0027643258217722,0.0085008209571242,0.4227132201194763,0.000436472473666,0.5739405155181885,0.0073161101900041,0.0226550009101629,0.3952362239360809,0.0008521605632267,0.5559828281402588,0.0025980505160987,0.0078357206657528,0.4331885576248169,0.0003949036763515,0.5625299215316772,0.0031176605261862,0.0110988719388842,0.4227339923381805,0.0005196101265028,0.5628001093864441,0.0022655001375824,0.0067757158540189,0.4276598989963531,0.0004988256841897,0.5730052590370178,0.0063392431475222,0.0190800838172435,0.4009519517421722,0.0006235321052372,0.5459023714065552,0.0042815874330699,0.0113275004550814,0.4375948309898376,0.0008937293896451,0.5804252624511719,0.0013302018633112,0.0040529589168727,0.4138798415660858,0.0003117660526186,0.5513063073158264,0.002577266190201,0.0075863073579967,0.4381352365016937,0.0003949036763515,0.5404984354972839,0.0037619771901518,0.0126577019691467,0.4421466290950775,0.0009352981578558,0.5739405155181885,0.0023278533481061,0.007648660801351,0.4157088696956634,0.0003741192631423,0.5743770003318787,0.0022031469270586,0.0067133624106645,0.4163739681243896,0.0003325504658278,0.5646706819534302,0.0032839358318597,0.0117431879043579,0.4197410345077514,0.0005611788947135,0.5716126561164856,0.0030553073156625,0.007648660801351,0.4172053337097168,0.0004780413000844,0.5638808608055115,0.006838068831712,0.0183734130114316,0.4101178646087646,0.000789807352703,0.5570843815803528,0.0034086422529071,0.0111196562647819,0.4276806712150574,0.0007066697580739,0.5795938968658447,0.0022655001375824,0.0069835595786571,0.4106790423393249,0.0004780413000844,0.5687652230262756,0.001849811989814,0.0068588531576097,0.4221728146076202,0.0003533348790369,0.551264762878418,0.0042400183156132,0.0136553533375263,0.4301124513149261,0.0007274541421793,0.562675416469574,0.0033462890423834,0.0101427892223,0.42325359582901,0.0005819633370265,0.5556294918060303,0.0035125643480569,0.0099141607061028,0.4301747977733612,0.0007690229685977,0.5587055683135986,0.0026396194007247,0.0077317981049418,0.4301124513149261,0.0008105917368084,0.5533639788627625,0.0033462890423834,0.0101843578740954,0.4324195384979248,0.0006858853157609,0.5600981116294861,0.0035333486739546,0.0097686694934964,0.4259971380233764,0.0006027477211318,0.5607424378395081,0.0033462890423834,0.0110157346352934,0.4241681098937988,0.0007274541421793,0.5489369034767151,0.0039906054735183,0.0130318216979503,0.433084636926651,0.0009560826001688,0.5647953748703003,0.0077941515482962,0.0239228494465351,0.4027186036109924,0.0007690229685977,0.5538836121559143,0.003138445084914565,0.010662399232387543,0.431505024433136,0.0008105917368084192
124,0.8990709781646729,0.0,0.0,0.1009290665388107,0.0,0.8992788195610046,0.0,0.0,0.1007212251424789,0.0,0.8992996215820312,0.0,0.0,0.1007004380226135,0.0,0.8991748690605164,0.0,0.0,0.1008251458406448,0.0,0.8991748690605164,0.0,0.0,0.1008251458406448,0.0,0.8991748690605164,0.0,0.0,0.1008251458406448,0.0,0.8990917801856995,0.0,0.0,0.1009082794189453,0.0,0.8992164731025696,0.0,0.0,0.1007835790514946,0.0,0.8991541266441345,0.0,0.0,0.1008459255099296,0.0,0.8991748690605164,0.0,0.0,0.1008251458406448,0.0,0.8993411660194397,0.0,0.0,0.1006588712334632,0.0,0.8993619680404663,0.0,0.0,0.1006380841135978,0.0,0.8991333246231079,0.0,0.0,0.100866712629795,0.0,0.8993411660194397,0.0,0.0,0.1006588712334632,0.0,0.8992372155189514,0.0,0.0,0.1007627919316291,0.0,0.8992788195610046,0.0,0.0,0.1007212251424789,0.0,0.8992164731025696,0.0,0.0,0.1007835790514946,0.0,0.8992788195610046,0.0,0.0,0.1007212251424789,0.0,0.899195671081543,0.0,0.0,0.1008043587207794,0.0,0.8992372155189514,0.0,0.0,0.1007627919316291,0.0,0.8991333246231079,0.0,0.0,0.100866712629795,0.0,0.8991748690605164,0.0,0.0,0.1008251458406448,0.0,0.8992372155189514,0.0,0.0,0.1007627919316291,0.0,0.8991748690605164,0.0,0.0,0.1008251458406448,0.0,0.8992372155189514,0.0,0.0,0.1007627919316291,0.0,0.8992996215820312,0.0,0.0,0.1007004380226135,0.0,0.8992372155189514,0.0,0.0,0.1007627919316291,0.0,0.899195671081543,0.0,0.0,0.1008043587207794,0.0,0.899258017539978,0.0,0.0,0.1007420048117637,0.0,0.8992164731025696,0.0,0.0,0.1007835790514946,0.0,0.5681624412536621,0.0024525597691535,0.006921206600964,0.4220065474510193,0.0004572568868752,0.5588926076889038,0.0023694219999015,0.0069004222750663,0.4314218759536743,0.0004156880895607,0.5612412691116333,0.0026811880525201,0.0074200322851538,0.4282210767269134,0.000436472473666,0.5686405301094055,0.0066094403155148,0.0198283214122056,0.4040696024894714,0.0008521605632267,0.5518259406089783,0.0024317752104252,0.0062145367264747,0.4391328990459442,0.0003949036763515,0.5580820441246033,0.0030137386638671,0.0088333720341324,0.4295512735843658,0.0005196101265028,0.5586640238761902,0.0019537340849637,0.0056533580645918,0.4332301318645477,0.0004988256841897,0.5676844120025635,0.0059859082102775,0.0161702670156955,0.4095358848571777,0.0006235321052372,0.5414544939994812,0.0038658990524709,0.0093529820442199,0.4444329142570495,0.0008937293896451,0.5763723254203796,0.0012470642104744,0.0034086422529071,0.4186602532863617,0.0003117660526186,0.5470247268676758,0.0023486376740038,0.0065886559896171,0.4436223208904266,0.0004156880895607,0.5362583994865417,0.0030968762002885,0.011285931803286,0.4484235048294067,0.0009352981578558,0.569638192653656,0.0023486376740038,0.0062561058439314,0.4213830232620239,0.0003741192631423,0.5702201128005981,0.0019953027367591,0.0061729680746793,0.4212790727615356,0.0003325504658278,0.5599526166915894,0.0034502111375331,0.0100180823355913,0.4259971380233764,0.0005819633370265,0.5673103332519531,0.0024733440950512,0.0073576788417994,0.422380656003952,0.0004780413000844,0.5588926076889038,0.0063600274734199,0.0156922247260808,0.4182653427124023,0.000789807352703,0.5526573061943054,0.0033462890423834,0.0093737663701176,0.4339160025119781,0.0007066697580739,0.5755201578140259,0.0019953027367591,0.0057572801597416,0.4162492752075195,0.0004780413000844,0.5645459890365601,0.0017458898946642,0.0060066930018365,0.4273481369018554,0.0003533348790369,0.5464843511581421,0.0042815874330699,0.0111404405906796,0.4373454451560974,0.0007482385262846,0.5582482814788818,0.0027851101476699,0.0092074908316135,0.4291771650314331,0.0005819633370265,0.5511192679405212,0.0030553073156625,0.0088125877082347,0.436243861913681,0.0007690229685977,0.5545902252197266,0.0022031469270586,0.0066925780847668,0.4357034564018249,0.0008105917368084,0.5489369034767151,0.0030553073156625,0.0084176836535334,0.4388834834098816,0.0007066697580739,0.5556086897850037,0.0032215826213359,0.0081059178337454,0.4324610829353332,0.0006027477211318,0.5560867190361023,0.0035749175585806,0.0091867065057158,0.4304242134094238,0.0007274541421793,0.5443435311317444,0.0038035458419471,0.0111404405906796,0.4397356510162353,0.0009768670424818,0.5596408843994141,0.007253757212311,0.0207844041287899,0.4115312099456787,0.000789807352703,0.5495396256446838,0.002847463358193636,0.00831376202404499,0.43848857283592224,0.0008105917368084192
125,0.8958078026771545,0.0,0.0,0.1041922196745872,0.0,0.8960156440734863,0.0,0.0,0.1039843708276748,0.0,0.8960364460945129,0.0,0.0,0.10396359115839,0.0,0.8959117531776428,0.0,0.0,0.1040882989764213,0.0,0.8959117531776428,0.0,0.0,0.1040882989764213,0.0,0.8959117531776428,0.0,0.0,0.1040882989764213,0.0,0.8958286046981812,0.0,0.0,0.1041714325547218,0.0,0.8959532976150513,0.0,0.0,0.1040467247366905,0.0,0.8958909511566162,0.0,0.0,0.1041090786457061,0.0,0.8959117531776428,0.0,0.0,0.1040882989764213,0.0,0.8960779905319214,0.0,0.0,0.1039220169186592,0.0,0.896098792552948,0.0,0.0,0.1039012372493743,0.0,0.8958701491355896,0.0,0.0,0.1041298657655716,0.0,0.8960779905319214,0.0,0.0,0.1039220169186592,0.0,0.8959740996360779,0.0,0.0,0.1040259450674057,0.0,0.8960156440734863,0.0,0.0,0.1039843708276748,0.0,0.8959532976150513,0.0,0.0,0.1040467247366905,0.0,0.8960156440734863,0.0,0.0,0.1039843708276748,0.0,0.8959324955940247,0.0,0.0,0.1040675118565559,0.0,0.8959740996360779,0.0,0.0,0.1040259450674057,0.0,0.8958701491355896,0.0,0.0,0.1041298657655716,0.0,0.8959117531776428,0.0,0.0,0.1040882989764213,0.0,0.8959740996360779,0.0,0.0,0.1040259450674057,0.0,0.8959117531776428,0.0,0.0,0.1040882989764213,0.0,0.8959740996360779,0.0,0.0,0.1040259450674057,0.0,0.8960364460945129,0.0,0.0,0.10396359115839,0.0,0.8959740996360779,0.0,0.0,0.1040259450674057,0.0,0.8959324955940247,0.0,0.0,0.1040675118565559,0.0,0.8959949016571045,0.0,0.0,0.1040051579475402,0.0,0.8959532976150513,0.0,0.0,0.1040467247366905,0.0,0.5644628405570984,0.0023486376740038,0.0055910046212375,0.427119493484497,0.0004780413000844,0.5554008483886719,0.0019745184108614,0.0057780644856393,0.436410129070282,0.000436472473666,0.5576455593109131,0.0022239312529563,0.0064015965908765,0.4332924783229828,0.000436472473666,0.5640471577644348,0.0059235552325844,0.0161286983639001,0.4130484759807586,0.0008521605632267,0.548167884349823,0.002244715578854,0.0052168853580951,0.4439756572246551,0.0003949036763515,0.5539043545722961,0.0030968762002885,0.007232972420752,0.4352254271507263,0.0005403945106081,0.55488121509552,0.0019121652003377,0.0046349219046533,0.4380728900432586,0.0004988256841897,0.5634028315544128,0.0053831608965992,0.0137592758983373,0.416831225156784,0.0006235321052372,0.5377340912818909,0.0032215826213359,0.0078149363398551,0.450335681438446,0.0008937293896451,0.5729636549949646,0.0009768670424818,0.0027019726112484,0.4230457544326782,0.0003117660526186,0.5433043241500854,0.0021823623683303,0.0055286516435444,0.4485689997673034,0.0004156880895607,0.5323925018310547,0.0029098165687173,0.0090827848762273,0.4546796381473541,0.0009352981578558,0.5657722353935242,0.0024109908845275,0.005154532380402,0.4262881278991699,0.0003741192631423,0.5664789080619812,0.0020576559472829,0.0052376696839928,0.4258932173252105,0.0003325504658278,0.5560659766197205,0.0032423669472336,0.008376115001738,0.431733638048172,0.0005819633370265,0.563776969909668,0.0021823623683303,0.0058612017892301,0.427701473236084,0.0004780413000844,0.554818868637085,0.0052792388014495,0.0136969219893217,0.4253943860530853,0.0008105917368084,0.5488537549972534,0.002930600894615,0.0072121880948543,0.440276026725769,0.0007274541421793,0.5719244480133057,0.0017251055687665,0.0048219817690551,0.4210504591464996,0.0004780413000844,0.5608463883399963,0.001829027547501,0.004738843999803,0.4322324693202972,0.0003533348790369,0.5427431464195251,0.0034502111375331,0.0093529820442199,0.4437054693698883,0.0007482385262846,0.5541953444480896,0.0027227569371461,0.0075863073579967,0.4349136650562286,0.0005819633370265,0.5471286773681641,0.0028682476840913,0.007232972420752,0.4420011341571808,0.0007690229685977,0.5509945750236511,0.0020368716213852,0.0053000231273472,0.4408580064773559,0.0008105917368084,0.5448839664459229,0.002930600894615,0.0073992479592561,0.444079577922821,0.0007066697580739,0.5517635941505432,0.0028890322428196,0.0066510094329714,0.4380728900432586,0.0006235321052372,0.5524702668190002,0.0030137386638671,0.0077941515482962,0.4359736740589142,0.0007482385262846,0.5404776334762573,0.0035749175585806,0.0091451378539204,0.4458046853542328,0.0009976513683795,0.5553593039512634,0.0063392431475222,0.0168145820498466,0.4206763505935669,0.0008105917368084,0.5458400249481201,0.0025149129796773195,0.006484733894467354,0.4443497657775879,0.0008105917368084192
126,0.893001914024353,0.0,0.0,0.1069981157779693,0.0,0.8932097554206848,0.0,0.0,0.1067902669310569,0.0,0.8932305574417114,0.0,0.0,0.1067694872617721,0.0,0.8931058645248413,0.0,0.0,0.1068941876292228,0.0,0.8931058645248413,0.0,0.0,0.1068941876292228,0.0,0.8931058645248413,0.0,0.0,0.1068941876292228,0.0,0.8930227160453796,0.0,0.0,0.1069773286581039,0.0,0.8931474089622498,0.0,0.0,0.1068526208400726,0.0,0.8930850625038147,0.0,0.0,0.1069149747490882,0.0,0.8931058645248413,0.0,0.0,0.1068941876292228,0.0,0.8932721018791199,0.0,0.0,0.1067279130220413,0.0,0.8932929039001465,0.0,0.0,0.1067071333527565,0.0,0.8930642604827881,0.0,0.0,0.1069357618689537,0.0,0.8932721018791199,0.0,0.0,0.1067279130220413,0.0,0.8931682109832764,0.0,0.0,0.1068318337202072,0.0,0.8932097554206848,0.0,0.0,0.1067902669310569,0.0,0.8931474089622498,0.0,0.0,0.1068526208400726,0.0,0.8932097554206848,0.0,0.0,0.1067902669310569,0.0,0.8931266069412231,0.0,0.0,0.106873407959938,0.0,0.8931682109832764,0.0,0.0,0.1068318337202072,0.0,0.8930642604827881,0.0,0.0,0.1069357618689537,0.0,0.8931058645248413,0.0,0.0,0.1068941876292228,0.0,0.8931682109832764,0.0,0.0,0.1068318337202072,0.0,0.8931058645248413,0.0,0.0,0.1068941876292228,0.0,0.8931682109832764,0.0,0.0,0.1068318337202072,0.0,0.8932305574417114,0.0,0.0,0.1067694872617721,0.0,0.8931682109832764,0.0,0.0,0.1068318337202072,0.0,0.8931266069412231,0.0,0.0,0.106873407959938,0.0,0.8931889533996582,0.0,0.0,0.1068110540509224,0.0,0.8931474089622498,0.0,0.0,0.1068526208400726,0.0,0.5608879327774048,0.0022862844634801,0.0045517846010625,0.431795984506607,0.0004780413000844,0.5520129799842834,0.0019745184108614,0.0042815874330699,0.4412528872489929,0.0004780413000844,0.5536965131759644,0.0027643258217722,0.0049674725160002,0.4381352365016937,0.000436472473666,0.5593082904815674,0.0064223809167742,0.0123875048011541,0.4210088849067688,0.0008729449473321,0.5448631644248962,0.0018705963157117,0.0044478625059127,0.4484235048294067,0.0003949036763515,0.5498514175415039,0.0037204083055257,0.0056949267163872,0.4401513338088989,0.0005819633370265,0.5514518022537231,0.0020784405060112,0.0035541329998522,0.4423960447311401,0.0005196101265028,0.5584977269172668,0.0059859082102775,0.0110573032870888,0.4238355755805969,0.0006235321052372,0.5340968370437622,0.0030760918743908,0.006110614631325,0.4558227658271789,0.0008937293896451,0.5697005391120911,0.0012262798845767,0.0019745184108614,0.4267869591712951,0.0003117660526186,0.5396462678909302,0.0023902065586298,0.0045933532528579,0.4529545307159424,0.0004156880895607,0.5284850597381592,0.0031592294108122,0.0068796379491686,0.4605408310890198,0.0009352981578558,0.5621349811553955,0.002577266190201,0.0041568810120224,0.4307567775249481,0.0003741192631423,0.5630287528038025,0.0019953027367591,0.0036372707691043,0.4310061931610107,0.0003325504658278,0.5522416234016418,0.0035749175585806,0.0064223809167742,0.4371791481971741,0.0005819633370265,0.5602020621299744,0.0022239312529563,0.0048011974431574,0.4322948157787323,0.0004780413000844,0.5499553084373474,0.0055286516435444,0.0113482847809791,0.4323571622371673,0.0008105917368084,0.5445306301116943,0.003699623979628,0.0056533580645918,0.4453682005405426,0.0007482385262846,0.5685573816299438,0.0017458898946642,0.0039490368217229,0.4252696931362152,0.0004780413000844,0.5571259260177612,0.0022862844634801,0.0039490368217229,0.4362854361534118,0.0003533348790369,0.5382952690124512,0.0039490368217229,0.0076070916838943,0.449400395154953,0.0007482385262846,0.5504333972930908,0.002930600894615,0.0060066930018365,0.440047413110733,0.0005819633370265,0.5435121655464172,0.0030760918743908,0.0058404174633324,0.4468023478984833,0.0007690229685977,0.5474404096603394,0.0019953027367591,0.0047180596739053,0.4450356662273407,0.0008105917368084,0.5408309698104858,0.0035125643480569,0.0058612017892301,0.4490886330604553,0.0007066697580739,0.5481262803077698,0.0028890322428196,0.0053623761050403,0.4429987967014313,0.0006235321052372,0.5489369034767151,0.0028890322428196,0.0062145367264747,0.4412113428115845,0.0007482385262846,0.5363415479660034,0.0039074681699275,0.0073368945159018,0.4514164626598358,0.0009976513683795,0.5500800609588623,0.007232972420752,0.0127824088558554,0.4290940165519714,0.0008105917368084,0.5420156717300415,0.002930600894615054,0.004780413117259741,0.44946274161338806,0.0008105917368084192
127,0.8898842334747314,0.0,0.0,0.1101157739758491,0.0,0.890092134475708,0.0,0.0,0.1099079325795173,0.0,0.8901128768920898,0.0,0.0,0.1098871454596519,0.0,0.8899881839752197,0.0,0.0,0.1100118532776832,0.0,0.8899881839752197,0.0,0.0,0.1100118532776832,0.0,0.8899881839752197,0.0,0.0,0.1100118532776832,0.0,0.8899050354957581,0.0,0.0,0.1100949868559837,0.0,0.8900297284126282,0.0,0.0,0.1099702790379524,0.0,0.8899673819541931,0.0,0.0,0.110032632946968,0.0,0.8899881839752197,0.0,0.0,0.1100118532776832,0.0,0.8901544809341431,0.0,0.0,0.1098455786705017,0.0,0.8901752233505249,0.0,0.0,0.1098247915506362,0.0,0.8899466395378113,0.0,0.0,0.1100534200668335,0.0,0.8901544809341431,0.0,0.0,0.1098455786705017,0.0,0.8900505304336548,0.0,0.0,0.1099494993686676,0.0,0.890092134475708,0.0,0.0,0.1099079325795173,0.0,0.8900297284126282,0.0,0.0,0.1099702790379524,0.0,0.890092134475708,0.0,0.0,0.1099079325795173,0.0,0.8900089859962463,0.0,0.0,0.1099910661578178,0.0,0.8900505304336548,0.0,0.0,0.1099494993686676,0.0,0.8899466395378113,0.0,0.0,0.1100534200668335,0.0,0.8899881839752197,0.0,0.0,0.1100118532776832,0.0,0.8900505304336548,0.0,0.0,0.1099494993686676,0.0,0.8899881839752197,0.0,0.0,0.1100118532776832,0.0,0.8900505304336548,0.0,0.0,0.1099494993686676,0.0,0.8901128768920898,0.0,0.0,0.1098871454596519,0.0,0.8900505304336548,0.0,0.0,0.1099494993686676,0.0,0.8900089859962463,0.0,0.0,0.1099910661578178,0.0,0.8900713324546814,0.0,0.0,0.1099287122488021,0.0,0.8900297284126282,0.0,0.0,0.1099702790379524,0.0,0.5568349957466125,0.002535697305575,0.0035333486739546,0.4366179704666137,0.0004780413000844,0.5482302308082581,0.0020160872954875,0.0031176605261862,0.4461580216884613,0.0004780413000844,0.5500177145004272,0.0026396194007247,0.0038451147265732,0.4430403709411621,0.0004572568868752,0.5543200373649597,0.0066925780847668,0.0094361193478107,0.4286575615406036,0.0008937293896451,0.5407478213310242,0.0023070687893778,0.0032007982954382,0.4533494114875793,0.0003949036763515,0.5462557077407837,0.0033462890423834,0.0041776653379201,0.4456176161766052,0.0006027477211318,0.5472325682640076,0.0026396194007247,0.0029098165687173,0.4466984272003174,0.0005196101265028,0.553779661655426,0.0062976744957268,0.0086463121697306,0.4306528568267822,0.0006235321052372,0.5300230979919434,0.0029513854533433,0.0053623761050403,0.4607694447040558,0.0008937293896451,0.5661463737487793,0.0013509863056242,0.0017251055687665,0.4304657876491546,0.0003117660526186,0.5357388257980347,0.0026396194007247,0.0034294265788048,0.4577764868736267,0.0004156880895607,0.5245568156242371,0.0030137386638671,0.0050921789370477,0.4664020240306854,0.0009352981578558,0.5584977269172668,0.0025149129796773,0.003263151505962,0.4353501200675964,0.0003741192631423,0.5593706965446472,0.0020784405060112,0.0028890322428196,0.4353293478488922,0.0003325504658278,0.5483965277671814,0.0033462890423834,0.0046141375787556,0.4430611431598663,0.0005819633370265,0.5563985109329224,0.0022862844634801,0.003699623979628,0.4371375739574432,0.0004780413000844,0.5446553230285645,0.0062976744957268,0.0090204309672117,0.4391952455043793,0.0008313761791214,0.5401450991630554,0.004011389799416,0.0044686468318104,0.4506266713142395,0.0007482385262846,0.5649616718292236,0.0017043211264535,0.0032215826213359,0.4296344220638275,0.0004780413000844,0.5533016324043274,0.002535697305575,0.0026188348419964,0.4411905407905578,0.0003533348790369,0.5342838764190674,0.0040529589168727,0.0056325737386941,0.4552823603153229,0.0007482385262846,0.5466505885124207,0.0030968762002885,0.0048011974431574,0.4448485970497131,0.0006027477211318,0.5397502183914185,0.0029513854533433,0.0043855090625584,0.4521439373493194,0.0007690229685977,0.5435953140258789,0.0021823623683303,0.0034086422529071,0.4500031471252441,0.0008105917368084,0.5364038944244385,0.004032174590975,0.0041568810120224,0.4547004103660583,0.0007066697580739,0.5442603826522827,0.0029098165687173,0.0044894311577081,0.4477168619632721,0.0006235321052372,0.5448008179664612,0.0030137386638671,0.0043647247366607,0.4470725357532501,0.0007482385262846,0.5323509573936462,0.003658055095002,0.0057780644856393,0.4571945369243622,0.0010184358106926,0.5452373027801514,0.0066302251070737,0.0102051421999931,0.437116801738739,0.0008105917368084,0.5383576154708862,0.0025980505160987377,0.004032174590975046,0.4542015790939331,0.0008105917368084192
128,0.888741135597229,0.0,0.0,0.1112589165568351,0.0,0.8889489769935608,0.0,0.0,0.1110510677099227,0.0,0.8889697194099426,0.0,0.0,0.1110302880406379,0.0,0.8888450264930725,0.0,0.0,0.1111549958586692,0.0,0.8888450264930725,0.0,0.0,0.1111549958586692,0.0,0.8888450264930725,0.0,0.0,0.1111549958586692,0.0,0.8887618780136108,0.0,0.0,0.1112381294369697,0.0,0.8888866305351257,0.0,0.0,0.1111134216189384,0.0,0.8888242840766907,0.0,0.0,0.1111757755279541,0.0,0.8888450264930725,0.0,0.0,0.1111549958586692,0.0,0.8890113234519958,0.0,0.0,0.1109887212514877,0.0,0.8890321254730225,0.0,0.0,0.1109679341316223,0.0,0.8888034820556641,0.0,0.0,0.1111965626478195,0.0,0.8890113234519958,0.0,0.0,0.1109887212514877,0.0,0.8889073729515076,0.0,0.0,0.1110926419496536,0.0,0.8889489769935608,0.0,0.0,0.1110510677099227,0.0,0.8888866305351257,0.0,0.0,0.1111134216189384,0.0,0.8889489769935608,0.0,0.0,0.1110510677099227,0.0,0.8888658285140991,0.0,0.0,0.1111342087388038,0.0,0.8889073729515076,0.0,0.0,0.1110926419496536,0.0,0.8888034820556641,0.0,0.0,0.1111965626478195,0.0,0.8888450264930725,0.0,0.0,0.1111549958586692,0.0,0.8889073729515076,0.0,0.0,0.1110926419496536,0.0,0.8888450264930725,0.0,0.0,0.1111549958586692,0.0,0.8889073729515076,0.0,0.0,0.1110926419496536,0.0,0.8889697194099426,0.0,0.0,0.1110302880406379,0.0,0.8889073729515076,0.0,0.0,0.1110926419496536,0.0,0.8888658285140991,0.0,0.0,0.1111342087388038,0.0,0.8889281749725342,0.0,0.0,0.1110718548297882,0.0,0.8888866305351257,0.0,0.0,0.1111134216189384,0.0,0.5550059676170349,0.0028266790322959,0.0029098165687173,0.4387795627117157,0.0004780413000844,0.5467129945755005,0.001849811989814,0.0030760918743908,0.4478623270988464,0.0004988256841897,0.5483757257461548,0.002535697305575,0.0033670733682811,0.4452642798423767,0.0004572568868752,0.5515349507331848,0.0067757158540189,0.0088749406859278,0.4319207072257995,0.0008937293896451,0.53920978307724,0.0022862844634801,0.0030137386638671,0.4550953209400177,0.0003949036763515,0.5438655018806458,0.0038866836111992,0.0038243304006755,0.447820782661438,0.0006027477211318,0.5453827381134033,0.0029513854533433,0.0026604037266224,0.4484858810901642,0.0005196101265028,0.551015317440033,0.0063392431475222,0.0079188579693436,0.4341030716896057,0.0006235321052372,0.5281732678413391,0.0029513854533433,0.0049882568418979,0.4629933834075928,0.0008937293896451,0.5647953748703003,0.0012470642104744,0.0016419679159298,0.4320038259029388,0.0003117660526186,0.534367024898529,0.0023278533481061,0.0031176605261862,0.4597718119621277,0.0004156880895607,0.522894024848938,0.0030345229897648,0.0042608026415109,0.468875378370285,0.0009352981578558,0.5565440058708191,0.0027643258217722,0.0028890322428196,0.4374285638332367,0.0003741192631423,0.5579365491867065,0.0019537340849637,0.0026188348419964,0.4371583759784698,0.0003325504658278,0.5465258955955505,0.0030968762002885,0.0042608026415109,0.4455344974994659,0.0005819633370265,0.5542576909065247,0.0027227569371461,0.003616486210376,0.4389042556285858,0.0004988256841897,0.5421196222305298,0.0064431652426719,0.0080851335078477,0.4425207376480102,0.0008313761791214,0.5383784174919128,0.0039490368217229,0.0040945275686681,0.4528298079967499,0.0007482385262846,0.5628624558448792,0.0023278533481061,0.0025980505160987,0.431733638048172,0.0004780413000844,0.5517012476921082,0.0025149129796773,0.0023278533481061,0.4431027173995971,0.0003533348790369,0.5320807695388794,0.0040737432427704,0.0052792388014495,0.4578180611133575,0.0007482385262846,0.5448631644248962,0.0030553073156625,0.004032174590975,0.4474466443061828,0.0006027477211318,0.537463903427124,0.0033255047164857,0.0042815874330699,0.4541600048542022,0.0007690229685977,0.5419533252716064,0.0023070687893778,0.0030137386638671,0.451915293931961,0.0008105917368084,0.5344293713569641,0.0041776653379201,0.004032174590975,0.4566541314125061,0.0007066697580739,0.5424313545227051,0.0028474633581936,0.0042815874330699,0.4498160779476166,0.0006235321052372,0.5428470373153687,0.0029098165687173,0.0042608026415109,0.4492340981960296,0.0007482385262846,0.5302101373672485,0.0038035458419471,0.0048427660949528,0.4601251482963562,0.0010184358106926,0.5422027707099915,0.0071082659997045,0.0092074908316135,0.4406709372997284,0.0008105917368084,0.5364246964454651,0.0027851101476699114,0.0037411926314234734,0.45623844861984253,0.0008105917368084192
129,0.8856649994850159,0.0,0.0,0.1143350079655647,0.0,0.8858729004859924,0.0,0.0,0.1141271665692329,0.0,0.8858936429023743,0.0,0.0,0.1141063794493675,0.0,0.8857689499855042,0.0,0.0,0.1142310872673988,0.0,0.8857689499855042,0.0,0.0,0.1142310872673988,0.0,0.8857689499855042,0.0,0.0,0.1142310872673988,0.0,0.8856858015060425,0.0,0.0,0.1143142208456993,0.0,0.8858104944229126,0.0,0.0,0.114189513027668,0.0,0.8857481479644775,0.0,0.0,0.1142518669366836,0.0,0.8857689499855042,0.0,0.0,0.1142310872673988,0.0,0.8859352469444275,0.0,0.0,0.1140648126602172,0.0,0.8859559893608093,0.0,0.0,0.1140440255403518,0.0,0.8857274055480957,0.0,0.0,0.114272654056549,0.0,0.8859352469444275,0.0,0.0,0.1140648126602172,0.0,0.8858312964439392,0.0,0.0,0.1141687333583831,0.0,0.8858729004859924,0.0,0.0,0.1141271665692329,0.0,0.8858104944229126,0.0,0.0,0.114189513027668,0.0,0.8858729004859924,0.0,0.0,0.1141271665692329,0.0,0.8857897520065308,0.0,0.0,0.1142103001475334,0.0,0.8858312964439392,0.0,0.0,0.1141687333583831,0.0,0.8857274055480957,0.0,0.0,0.114272654056549,0.0,0.8857689499855042,0.0,0.0,0.1142310872673988,0.0,0.8858312964439392,0.0,0.0,0.1141687333583831,0.0,0.8857689499855042,0.0,0.0,0.1142310872673988,0.0,0.8858312964439392,0.0,0.0,0.1141687333583831,0.0,0.8858936429023743,0.0,0.0,0.1141063794493675,0.0,0.8858312964439392,0.0,0.0,0.1141687333583831,0.0,0.8857897520065308,0.0,0.0,0.1142103001475334,0.0,0.8858520984649658,0.0,0.0,0.1141479462385177,0.0,0.8858104944229126,0.0,0.0,0.114189513027668,0.0,0.5515557527542114,0.0027643258217722,0.0028890322428196,0.4422921240329742,0.0004988256841897,0.5432003736495972,0.0020576559472829,0.0025980505160987,0.4516451060771942,0.0004988256841897,0.5448631644248962,0.0026396194007247,0.0030137386638671,0.4490262567996979,0.0004572568868752,0.546879231929779,0.0070251286961138,0.0079396422952413,0.4372207224369049,0.0009352981578558,0.5357180237770081,0.0023070687893778,0.0028266790322959,0.458753377199173,0.0003949036763515,0.5399372577667236,0.0038243304006755,0.0039282524958252,0.4517074525356293,0.0006027477211318,0.5419325232505798,0.0028058944735676,0.0024733440950512,0.4522686302661896,0.0005196101265028,0.5461517572402954,0.0071082659997045,0.0070043443702161,0.4391120970249176,0.0006235321052372,0.5240163803100586,0.0035749175585806,0.0043231560848653,0.4671710431575775,0.0009145137737505,0.5614283084869385,0.0013925550738349,0.0013925550738349,0.4354748427867889,0.0003117660526186,0.5306881666183472,0.0024733440950512,0.0028058944735676,0.4636169075965881,0.0004156880895607,0.5192567706108093,0.0029929541051387,0.003699623979628,0.4731153845787048,0.0009352981578558,0.5527196526527405,0.0029098165687173,0.0029513854533433,0.4410450458526611,0.0003741192631423,0.5544863343238831,0.001849811989814,0.0024733440950512,0.4408580064773559,0.0003325504658278,0.5425145030021667,0.0034086422529071,0.0040737432427704,0.4494211673736572,0.0005819633370265,0.5504749417304993,0.0031592294108122,0.0027435412630438,0.4431234896183014,0.0004988256841897,0.5377132892608643,0.0069627752527594,0.0071706194430589,0.4473219513893127,0.0008313761791214,0.5345540642738342,0.0041568810120224,0.0038866836111992,0.4566541314125061,0.0007482385262846,0.5593498945236206,0.0024317752104252,0.0023278533481061,0.4354124963283539,0.0004780413000844,0.5482925772666931,0.0024109908845275,0.0021823623683303,0.4467607736587524,0.0003533348790369,0.5281317234039307,0.0044686468318104,0.0047596283257007,0.4618918001651764,0.0007482385262846,0.5411843061447144,0.0028682476840913,0.0035749175585806,0.4517490267753601,0.0006235321052372,0.533660352230072,0.0033255047164857,0.0037827615160495,0.4584416151046753,0.000789807352703,0.5384407639503479,0.0024109908845275,0.002535697305575,0.4558019936084747,0.0008105917368084,0.5304387807846069,0.0043023717589676,0.0038451147265732,0.4607070982456207,0.0007066697580739,0.5386278033256531,0.0029929541051387,0.0038035458419471,0.4539521634578705,0.0006235321052372,0.5388980507850647,0.0034294265788048,0.0039282524958252,0.4529960751533508,0.0007482385262846,0.5261987447738647,0.0041360962204635,0.0044062938541173,0.4642196595668793,0.0010392202530056,0.5373600125312805,0.0078565049916505,0.008272192440927,0.4457007646560669,0.0008105917368084,0.5326626896858215,0.0030345229897648096,0.003283935831859708,0.4602082669734955,0.0008105917368084192
130,0.8831709027290344,0.0,0.0,0.1168291345238685,0.0,0.8833787441253662,0.0,0.0,0.1166212931275367,0.0,0.8833995461463928,0.0,0.0,0.1166005060076713,0.0,0.8832747936248779,0.0,0.0,0.1167252138257026,0.0,0.8832747936248779,0.0,0.0,0.1167252138257026,0.0,0.8832747936248779,0.0,0.0,0.1167252138257026,0.0,0.883191704750061,0.0,0.0,0.1168083474040031,0.0,0.8833163976669312,0.0,0.0,0.1166836470365524,0.0,0.8832540512084961,0.0,0.0,0.116746000945568,0.0,0.8832747936248779,0.0,0.0,0.1167252138257026,0.0,0.8834410905838013,0.0,0.0,0.1165589392185211,0.0,0.8834618926048279,0.0,0.0,0.1165381520986557,0.0,0.8832332491874695,0.0,0.0,0.1167667806148529,0.0,0.8834410905838013,0.0,0.0,0.1165589392185211,0.0,0.8833371996879578,0.0,0.0,0.116662859916687,0.0,0.8833787441253662,0.0,0.0,0.1166212931275367,0.0,0.8833163976669312,0.0,0.0,0.1166836470365524,0.0,0.8833787441253662,0.0,0.0,0.1166212931275367,0.0,0.8832955956459045,0.0,0.0,0.1167044267058372,0.0,0.8833371996879578,0.0,0.0,0.116662859916687,0.0,0.8832332491874695,0.0,0.0,0.1167667806148529,0.0,0.8832747936248779,0.0,0.0,0.1167252138257026,0.0,0.8833371996879578,0.0,0.0,0.116662859916687,0.0,0.8832747936248779,0.0,0.0,0.1167252138257026,0.0,0.8833371996879578,0.0,0.0,0.116662859916687,0.0,0.8833995461463928,0.0,0.0,0.1166005060076713,0.0,0.8833371996879578,0.0,0.0,0.116662859916687,0.0,0.8832955956459045,0.0,0.0,0.1167044267058372,0.0,0.8833579421043396,0.0,0.0,0.1166420727968216,0.0,0.8833163976669312,0.0,0.0,0.1166836470365524,0.0,0.5486874580383301,0.0023694219999015,0.0031176605261862,0.4453266561031341,0.0004988256841897,0.5402074456214905,0.0019745184108614,0.0025564816314727,0.4547419846057892,0.0005196101265028,0.5418494343757629,0.0020160872954875,0.0033670733682811,0.4523102045059204,0.0004572568868752,0.543075680732727,0.0064015965908765,0.0078565049916505,0.4417309463024139,0.0009352981578558,0.5328081846237183,0.0022239312529563,0.0027435412630438,0.4618294537067413,0.0003949036763515,0.5369858741760254,0.0030345229897648,0.004343940410763,0.455012172460556,0.0006235321052372,0.5389395952224731,0.0026811880525201,0.002535697305575,0.4553239345550537,0.0005196101265028,0.5422443151473999,0.0064223809167742,0.0074823852628469,0.4432274103164673,0.0006235321052372,0.5209403038024902,0.0033255047164857,0.0040529589168727,0.4707667529582977,0.0009145137737505,0.5587887167930603,0.0010807890212163,0.0014341238420456,0.4383846521377563,0.0003117660526186,0.5274665951728821,0.0023486376740038,0.0030345229897648,0.4667345881462097,0.0004156880895607,0.5160767436027527,0.002577266190201,0.004011389799416,0.4763993322849273,0.0009352981578558,0.5496227741241455,0.0026811880525201,0.0032423669472336,0.4440588057041168,0.0003949036763515,0.5514518022537231,0.0017458898946642,0.0027019726112484,0.4437470138072967,0.0003533348790369,0.5394176244735718,0.0029929541051387,0.0042608026415109,0.452725887298584,0.0006027477211318,0.5473572611808777,0.0030137386638671,0.0029513854533433,0.4461787939071655,0.0004988256841897,0.5338889956474304,0.0062353210523724,0.0073368945159018,0.451686680316925,0.0008521605632267,0.5314364433288574,0.003263151505962,0.0044478625059127,0.4601043462753296,0.0007482385262846,0.5566063523292542,0.0021200091578066,0.0022862844634801,0.4385093450546264,0.0004780413000844,0.5455282330513,0.0017666743369773,0.0027435412630438,0.4495874345302582,0.0003741192631423,0.5245568156242371,0.0039074681699275,0.0050921789370477,0.4656953513622284,0.0007482385262846,0.5382745265960693,0.0023278533481061,0.0036788394208997,0.4550953209400177,0.0006235321052372,0.530563473701477,0.0031176605261862,0.0036788394208997,0.4618502557277679,0.000789807352703,0.5353023409843445,0.0023070687893778,0.0027851101476699,0.4587949216365814,0.0008105917368084,0.5270925164222717,0.0039074681699275,0.0041776653379201,0.4641157388687134,0.0007066697580739,0.5354478359222412,0.0028474633581936,0.0037204083055257,0.4573608040809631,0.0006235321052372,0.535655677318573,0.0034502111375331,0.0037411926314234,0.4564047157764435,0.0007482385262846,0.5230395197868347,0.0034709954634308,0.0049051195383071,0.4675451815128326,0.0010392202530056,0.533598005771637,0.0066510094329714,0.0088125877082347,0.4501278400421142,0.0008105917368084,0.5296281576156616,0.002556481631472707,0.003533348673954606,0.4634506404399872,0.0008313761791214347
131,0.8803026676177979,0.0,0.0,0.1196973845362663,0.0,0.8805105090141296,0.0,0.0,0.1194895356893539,0.0,0.8805312514305115,0.0,0.0,0.1194687560200691,0.0,0.8804065585136414,0.0,0.0,0.1195934638381004,0.0,0.8804065585136414,0.0,0.0,0.1195934638381004,0.0,0.8804065585136414,0.0,0.0,0.1195934638381004,0.0,0.8803234100341797,0.0,0.0,0.1196765974164009,0.0,0.8804481625556946,0.0,0.0,0.1195518895983696,0.0,0.8803858160972595,0.0,0.0,0.1196142435073852,0.0,0.8804065585136414,0.0,0.0,0.1195934638381004,0.0,0.8805728554725647,0.0,0.0,0.1194271892309188,0.0,0.8805936574935913,0.0,0.0,0.1194064021110534,0.0,0.8803650140762329,0.0,0.0,0.1196350306272506,0.0,0.8805728554725647,0.0,0.0,0.1194271892309188,0.0,0.8804689049720764,0.0,0.0,0.1195311099290847,0.0,0.8805105090141296,0.0,0.0,0.1194895356893539,0.0,0.8804481625556946,0.0,0.0,0.1195518895983696,0.0,0.8805105090141296,0.0,0.0,0.1194895356893539,0.0,0.880427360534668,0.0,0.0,0.119572676718235,0.0,0.8804689049720764,0.0,0.0,0.1195311099290847,0.0,0.8803650140762329,0.0,0.0,0.1196350306272506,0.0,0.8804065585136414,0.0,0.0,0.1195934638381004,0.0,0.8804689049720764,0.0,0.0,0.1195311099290847,0.0,0.8804065585136414,0.0,0.0,0.1195934638381004,0.0,0.8804689049720764,0.0,0.0,0.1195311099290847,0.0,0.8805312514305115,0.0,0.0,0.1194687560200691,0.0,0.8804689049720764,0.0,0.0,0.1195311099290847,0.0,0.880427360534668,0.0,0.0,0.119572676718235,0.0,0.880489706993103,0.0,0.0,0.1195103228092193,0.0,0.8804481625556946,0.0,0.0,0.1195518895983696,0.0,0.5452165007591248,0.0020368716213852,0.0032215826213359,0.4490262567996979,0.0004988256841897,0.5367156863212585,0.0019329495262354,0.0026396194007247,0.4581921994686126,0.0005196101265028,0.5385447144508362,0.0018913807580247,0.0033255047164857,0.4557811915874481,0.0004572568868752,0.5385239124298096,0.0062145367264747,0.0082929776981472,0.4460125267505646,0.0009560826001688,0.5293579697608948,0.001808243105188,0.0028682476840913,0.4655706584453583,0.0003949036763515,0.5331199765205383,0.0035541329998522,0.0041984496638178,0.4585039615631103,0.0006235321052372,0.5355309844017029,0.0021200091578066,0.0031800137367099,0.4586286544799804,0.0005403945106081,0.5380042791366577,0.006193752400577,0.0075863073579967,0.4475921392440796,0.0006235321052372,0.5177395343780518,0.0027019726112484,0.004032174590975,0.4746118783950805,0.0009145137737505,0.5556086897850037,0.0009560826001688,0.0016627523582428,0.4414607286453247,0.0003117660526186,0.5240371823310852,0.0021200091578066,0.0031800137367099,0.4702471494674682,0.0004156880895607,0.5127928256988525,0.0021823623683303,0.0039698211476206,0.4801197350025177,0.0009352981578558,0.5458192229270935,0.0030968762002885,0.0030968762002885,0.4475921392440796,0.0003949036763515,0.5480015873908997,0.0017874587792903,0.002535697305575,0.4473219513893127,0.0003533348790369,0.5355725288391113,0.0032423669472336,0.0043023717589676,0.4562800228595733,0.0006027477211318,0.5441772937774658,0.0026396194007247,0.0029098165687173,0.4497745037078857,0.0004988256841897,0.5296281576156616,0.0054455138742923,0.0077110137790441,0.4563423693180084,0.0008729449473321,0.5276744365692139,0.0028890322428196,0.0049674725160002,0.463720828294754,0.0007482385262846,0.5534471273422241,0.0019329495262354,0.0022239312529563,0.4419179856777191,0.0004780413000844,0.5422651171684265,0.0014549082843586,0.0029929541051387,0.4528921544551849,0.0003949036763515,0.5207532644271851,0.0039490368217229,0.0048427660949528,0.4697067439556122,0.0007482385262846,0.5347203612327576,0.0023486376740038,0.0035957018844783,0.4587118029594421,0.0006235321052372,0.5270717144012451,0.0030968762002885,0.0037204083055257,0.465300440788269,0.0008105917368084,0.5319768190383911,0.0020368716213852,0.0027227569371461,0.4624529778957367,0.0008105917368084,0.5238085389137268,0.0030137386638671,0.0048219817690551,0.4676491022109985,0.0007066697580739,0.5321846604347229,0.0024941284209489,0.0036372707691043,0.4610604345798492,0.0006235321052372,0.5320599675178528,0.0031592294108122,0.0039074681699275,0.4601251482963562,0.0007482385262846,0.5191320776939392,0.0036372707691043,0.0047804131172597,0.4714110791683197,0.0010392202530056,0.5289838910102844,0.0066717937588691,0.0089580779895186,0.4545756876468658,0.0008105917368084,0.526240348815918,0.002535697305575013,0.0034709954634308815,0.4669216275215149,0.0008313761791214347
132,0.8798869848251343,0.0,0.0,0.1201130747795105,0.0,0.8800948262214661,0.0,0.0,0.1199052259325981,0.0,0.8801155686378479,0.0,0.0,0.1198844462633133,0.0,0.8799908757209778,0.0,0.0,0.120009146630764,0.0,0.8799908757209778,0.0,0.0,0.120009146630764,0.0,0.8799908757209778,0.0,0.0,0.120009146630764,0.0,0.8799077272415161,0.0,0.0,0.120092287659645,0.0,0.880032479763031,0.0,0.0,0.1199675798416137,0.0,0.8799700736999512,0.0,0.0,0.1200299337506294,0.0,0.8799908757209778,0.0,0.0,0.120009146630764,0.0,0.8801571726799011,0.0,0.0,0.1198428720235824,0.0,0.8801779747009277,0.0,0.0,0.1198220923542976,0.0,0.8799493312835693,0.0,0.0,0.1200507208704948,0.0,0.8801571726799011,0.0,0.0,0.1198428720235824,0.0,0.8800532221794128,0.0,0.0,0.1199467927217483,0.0,0.8800948262214661,0.0,0.0,0.1199052259325981,0.0,0.880032479763031,0.0,0.0,0.1199675798416137,0.0,0.8800948262214661,0.0,0.0,0.1199052259325981,0.0,0.8800116777420044,0.0,0.0,0.1199883669614791,0.0,0.8800532221794128,0.0,0.0,0.1199467927217483,0.0,0.8799493312835693,0.0,0.0,0.1200507208704948,0.0,0.8799908757209778,0.0,0.0,0.120009146630764,0.0,0.8800532221794128,0.0,0.0,0.1199467927217483,0.0,0.8799908757209778,0.0,0.0,0.120009146630764,0.0,0.8800532221794128,0.0,0.0,0.1199467927217483,0.0,0.8801155686378479,0.0,0.0,0.1198844462633133,0.0,0.8800532221794128,0.0,0.0,0.1199467927217483,0.0,0.8800116777420044,0.0,0.0,0.1199883669614791,0.0,0.8800740242004395,0.0,0.0,0.1199260130524635,0.0,0.880032479763031,0.0,0.0,0.1199675798416137,0.0,0.5442396402359009,0.0019121652003377,0.0032215826213359,0.4501278400421142,0.0004988256841897,0.5357180237770081,0.0021407937165349,0.0023902065586298,0.4592314064502716,0.0005196101265028,0.5376509428024292,0.0018705963157117,0.0031384450849145,0.4568827748298645,0.0004572568868752,0.5366117358207703,0.0060690459795296,0.0083345463499426,0.4480286240577698,0.0009560826001688,0.5283811092376709,0.0019745184108614,0.0027019726112484,0.4665475189685821,0.0003949036763515,0.5320183634757996,0.0029929541051387,0.0045933532528579,0.4597718119621277,0.0006235321052372,0.534761905670166,0.0017666743369773,0.0033462890423834,0.4595847427845001,0.0005403945106081,0.5361960530281067,0.0059651238843798,0.0079188579693436,0.4492964744567871,0.0006235321052372,0.5167418718338013,0.002577266190201,0.003658055095002,0.4761083424091339,0.0009145137737505,0.5547565221786499,0.0011847109999507,0.0015588302630931,0.4421882033348083,0.0003117660526186,0.5231226682662964,0.0023902065586298,0.0028682476840913,0.4712032377719879,0.0004156880895607,0.5118783116340637,0.0021615780424326,0.0035333486739546,0.4814915060997009,0.0009352981578558,0.5445929765701294,0.0030968762002885,0.0033255047164857,0.4485898017883301,0.0003949036763515,0.5470455288887024,0.0020368716213852,0.0023694219999015,0.4481948912143707,0.0003533348790369,0.534367024898529,0.0033047201577574,0.0040737432427704,0.4576517939567566,0.0006027477211318,0.5433874726295471,0.0020160872954875,0.0032839358318597,0.4508137106895447,0.0004988256841897,0.527404248714447,0.0058612017892301,0.0076902294531464,0.458171397447586,0.0008729449473321,0.5266352295875549,0.0028890322428196,0.0046349219046533,0.4650925993919372,0.0007482385262846,0.5527196526527405,0.0012886330951005,0.0026604037266224,0.4428533017635345,0.0004780413000844,0.541267454624176,0.0015796147054061,0.0029929541051387,0.4537651240825653,0.0003949036763515,0.5191736221313477,0.0040529589168727,0.0051129632629454,0.4709122478961944,0.0007482385262846,0.5337019562721252,0.0023070687893778,0.0037411926314234,0.4596263170242309,0.0006235321052372,0.525990903377533,0.0026188348419964,0.0040945275686681,0.4664851725101471,0.0008105917368084,0.5309999585151672,0.0020992248319089,0.0026811880525201,0.4634090662002563,0.0008105917368084,0.5225406885147095,0.0030345229897648,0.0048635504208505,0.4688545763492584,0.0007066697580739,0.5310415029525757,0.002535697305575,0.0035957018844783,0.4622035920619964,0.0006235321052372,0.5310831069946289,0.0029098165687173,0.0038243304006755,0.461434543132782,0.0007482385262846,0.5179057717323303,0.0034502111375331,0.0046557066962122,0.4729491174221039,0.0010392202530056,0.5269885659217834,0.0063600274734199,0.0085216052830219,0.4573192298412323,0.0008105917368084,0.5252010822296143,0.002369421999901533,0.0033878579270094633,0.46821027994155884,0.0008313761791214347
133,0.8796167373657227,0.0,0.0,0.1203832700848579,0.0,0.8798246383666992,0.0,0.0,0.1201754212379455,0.0,0.879845380783081,0.0,0.0,0.1201546415686607,0.0,0.8797206878662109,0.0,0.0,0.120279349386692,0.0,0.8797206878662109,0.0,0.0,0.120279349386692,0.0,0.8797206878662109,0.0,0.0,0.120279349386692,0.0,0.8796375393867493,0.0,0.0,0.1203624829649925,0.0,0.8797622323036194,0.0,0.0,0.1202377751469612,0.0,0.8796998858451843,0.0,0.0,0.1203001290559768,0.0,0.8797206878662109,0.0,0.0,0.120279349386692,0.0,0.8798869848251343,0.0,0.0,0.1201130747795105,0.0,0.8799077272415161,0.0,0.0,0.120092287659645,0.0,0.8796791434288025,0.0,0.0,0.1203209161758422,0.0,0.8798869848251343,0.0,0.0,0.1201130747795105,0.0,0.879783034324646,0.0,0.0,0.1202169954776763,0.0,0.8798246383666992,0.0,0.0,0.1201754212379455,0.0,0.8797622323036194,0.0,0.0,0.1202377751469612,0.0,0.8798246383666992,0.0,0.0,0.1201754212379455,0.0,0.8797414898872375,0.0,0.0,0.1202585622668266,0.0,0.879783034324646,0.0,0.0,0.1202169954776763,0.0,0.8796791434288025,0.0,0.0,0.1203209161758422,0.0,0.8797206878662109,0.0,0.0,0.120279349386692,0.0,0.879783034324646,0.0,0.0,0.1202169954776763,0.0,0.8797206878662109,0.0,0.0,0.120279349386692,0.0,0.879783034324646,0.0,0.0,0.1202169954776763,0.0,0.879845380783081,0.0,0.0,0.1201546415686607,0.0,0.879783034324646,0.0,0.0,0.1202169954776763,0.0,0.8797414898872375,0.0,0.0,0.1202585622668266,0.0,0.8798038363456726,0.0,0.0,0.1201962083578109,0.0,0.8797622323036194,0.0,0.0,0.1202377751469612,0.0,0.5433458685874939,0.0021615780424326,0.0032007982954382,0.4507929384708404,0.0004988256841897,0.534761905670166,0.0023902065586298,0.0022862844634801,0.4600419998168945,0.0005196101265028,0.5366740822792053,0.0021407937165349,0.002972169779241,0.4577557146549225,0.0004572568868752,0.5341591835021973,0.0066717937588691,0.0083553306758403,0.4498576521873474,0.0009560826001688,0.5276744365692139,0.0019953027367591,0.0027019726112484,0.4672333896160126,0.0003949036763515,0.5313117504119873,0.002577266190201,0.004738843999803,0.4607486724853515,0.0006235321052372,0.5339305400848389,0.0019537340849637,0.0033255047164857,0.4602498412132263,0.0005403945106081,0.5345125198364258,0.0055910046212375,0.0081267021596431,0.4511255025863647,0.0006443165475502,0.5157442092895508,0.0022239312529563,0.004032174590975,0.4770852029323578,0.0009145137737505,0.5542369484901428,0.00114314223174,0.0015380459371954,0.4427701532840729,0.0003117660526186,0.522436797618866,0.0022031469270586,0.002930600894615,0.4720138311386108,0.0004156880895607,0.51102614402771,0.0021823623683303,0.0035957018844783,0.482260525226593,0.0009352981578558,0.5435537099838257,0.0031176605261862,0.0035125643480569,0.4494211673736572,0.0003949036763515,0.5464012026786804,0.0020368716213852,0.0023278533481061,0.4488807618618011,0.0003533348790369,0.5335148572921753,0.0029513854533433,0.004032174590975,0.4588988721370697,0.0006027477211318,0.5423274636268616,0.0020992248319089,0.0034294265788048,0.4516451060771942,0.0004988256841897,0.5255752205848694,0.0060898303054273,0.0077733672223985,0.459688663482666,0.0008729449473321,0.5257622599601746,0.0027435412630438,0.0046972753480076,0.4660486876964569,0.0007482385262846,0.5521792769432068,0.001122357789427,0.0027643258217722,0.4434560537338257,0.0004780413000844,0.5404984354972839,0.0017458898946642,0.0028474633581936,0.4545133411884308,0.0003949036763515,0.5176979303359985,0.0043855090625584,0.0049466881901025,0.4722216725349426,0.0007482385262846,0.5328497886657715,0.0022862844634801,0.003658055095002,0.4605824053287506,0.0006235321052372,0.5245983600616455,0.0030137386638671,0.0040529589168727,0.467524379491806,0.0008105917368084,0.5302932858467102,0.0020992248319089,0.0027435412630438,0.4640533924102783,0.0008105917368084,0.5213144421577454,0.0030760918743908,0.0050921789370477,0.4698106646537781,0.0007066697580739,0.5299191474914551,0.0026604037266224,0.0035749175585806,0.4632220268249511,0.0006235321052372,0.5302309393882751,0.0026188348419964,0.0037827615160495,0.46261927485466,0.0007482385262846,0.5165340304374695,0.003616486210376,0.004738843999803,0.4740714728832245,0.0010392202530056,0.5252010822296143,0.006110614631325,0.0088749406859278,0.4590027928352356,0.0008105917368084,0.5242658257484436,0.0023486376740038395,0.0034709954634308815,0.4690832197666168,0.0008313761791214347
134,0.8779332041740417,0.0,0.0,0.1220668032765388,0.0,0.8781410455703735,0.0,0.0,0.121858961880207,0.0,0.8781618475914001,0.0,0.0,0.1218381747603416,0.0,0.87803715467453,0.0,0.0,0.1219628825783729,0.0,0.87803715467453,0.0,0.0,0.1219628825783729,0.0,0.87803715467453,0.0,0.0,0.1219628825783729,0.0,0.8779540061950684,0.0,0.0,0.122046023607254,0.0,0.8780786991119385,0.0,0.0,0.1219213157892227,0.0,0.8780163526535034,0.0,0.0,0.1219836696982383,0.0,0.87803715467453,0.0,0.0,0.1219628825783729,0.0,0.8782034516334534,0.0,0.0,0.1217966079711914,0.0,0.8782241940498352,0.0,0.0,0.1217758208513259,0.0,0.8779956102371216,0.0,0.0,0.1220044493675232,0.0,0.8782034516334534,0.0,0.0,0.1217966079711914,0.0,0.8780995011329651,0.0,0.0,0.1219005286693573,0.0,0.8781410455703735,0.0,0.0,0.121858961880207,0.0,0.8780786991119385,0.0,0.0,0.1219213157892227,0.0,0.8781410455703735,0.0,0.0,0.121858961880207,0.0,0.8780579566955566,0.0,0.0,0.1219420954585075,0.0,0.8780995011329651,0.0,0.0,0.1219005286693573,0.0,0.8779956102371216,0.0,0.0,0.1220044493675232,0.0,0.87803715467453,0.0,0.0,0.1219628825783729,0.0,0.8780995011329651,0.0,0.0,0.1219005286693573,0.0,0.87803715467453,0.0,0.0,0.1219628825783729,0.0,0.8780995011329651,0.0,0.0,0.1219005286693573,0.0,0.8781618475914001,0.0,0.0,0.1218381747603416,0.0,0.8780995011329651,0.0,0.0,0.1219005286693573,0.0,0.8780579566955566,0.0,0.0,0.1219420954585075,0.0,0.8781203031539917,0.0,0.0,0.1218797490000724,0.0,0.8780786991119385,0.0,0.0,0.1219213157892227,0.0,0.5411635041236877,0.0022862844634801,0.0031384450849145,0.4529129564762115,0.0004988256841897,0.5325379967689514,0.0024317752104252,0.0025564816314727,0.4619333744049072,0.0005403945106081,0.5347203612327576,0.0018913807580247,0.0031592294108122,0.4597718119621277,0.0004572568868752,0.5310415029525757,0.0067965001799166,0.0083345463499426,0.4528506100177765,0.0009768670424818,0.5254713296890259,0.0020992248319089,0.0027227569371461,0.4693118333816528,0.0003949036763515,0.5289007425308228,0.0028474633581936,0.0042815874330699,0.4633467197418213,0.0006235321052372,0.5316442847251892,0.0020576559472829,0.0033047201577574,0.4624529778957367,0.0005403945106081,0.5311662554740906,0.0058404174633324,0.0085216052830219,0.4538066685199737,0.0006651009316556,0.5134371519088745,0.0022655001375824,0.0041568810120224,0.4792259931564331,0.0009145137737505,0.5522000193595886,0.0013509863056242,0.0015380459371954,0.4445991814136505,0.0003117660526186,0.5202544331550598,0.0019745184108614,0.0032007982954382,0.4741546213626861,0.0004156880895607,0.5082410573959351,0.0025980505160987,0.0036788394208997,0.484546810388565,0.0009352981578558,0.5413506031036377,0.0030345229897648,0.0035125643480569,0.4517074525356293,0.0003949036763515,0.544426679611206,0.0017874587792903,0.0023902065586298,0.4510423541069031,0.0003533348790369,0.5309791564941406,0.0032007982954382,0.004011389799416,0.4612059295177459,0.0006027477211318,0.5396878123283386,0.0024317752104252,0.0037827615160495,0.4535988271236419,0.0004988256841897,0.522436797618866,0.0062145367264747,0.0082929776981472,0.4621827900409698,0.0008729449473321,0.5234136581420898,0.0027851101476699,0.0047804131172597,0.4682726263999939,0.0007482385262846,0.5497682690620422,0.0016003991477191,0.0026811880525201,0.4454721212387085,0.0004780413000844,0.5385447144508362,0.0017458898946642,0.0026811880525201,0.4566333591938019,0.0003949036763515,0.5151622295379639,0.0041568810120224,0.0055494359694421,0.4743832349777221,0.0007482385262846,0.5308752655982971,0.0021615780424326,0.0032839358318597,0.4630557298660278,0.0006235321052372,0.5223121047019958,0.0030137386638671,0.0039282524958252,0.4699353873729706,0.0008105917368084,0.5280693769454956,0.0019953027367591,0.0030553073156625,0.4660694897174835,0.0008105917368084,0.5187163949012756,0.0031384450849145,0.005154532380402,0.4722840189933777,0.0007066697580739,0.5275912880897522,0.0026188348419964,0.0036788394208997,0.4654667377471924,0.0006443165475502,0.5278407335281372,0.002577266190201,0.0041776653379201,0.4646561443805694,0.0007482385262846,0.5141022205352783,0.003699623979628,0.0048011974431574,0.4763577580451965,0.0010392202530056,0.5219379663467407,0.0064223809167742,0.0091243535280227,0.4617047607898712,0.0008105917368084,0.5219795107841492,0.002410990884527564,0.003574917558580637,0.4712032377719879,0.0008313761791214347
135,0.8761873245239258,0.0,0.0,0.123812697827816,0.0,0.8763951659202576,0.0,0.0,0.1236048489809036,0.0,0.8764159679412842,0.0,0.0,0.1235840693116188,0.0,0.8762912750244141,0.0,0.0,0.1237087696790695,0.0,0.8762912750244141,0.0,0.0,0.1237087696790695,0.0,0.8762912750244141,0.0,0.0,0.1237087696790695,0.0,0.8762081265449524,0.0,0.0,0.1237919107079505,0.0,0.8763328194618225,0.0,0.0,0.1236672028899192,0.0,0.8762704730033875,0.0,0.0,0.1237295567989349,0.0,0.8762912750244141,0.0,0.0,0.1237087696790695,0.0,0.8764575123786926,0.0,0.0,0.1235424950718879,0.0,0.8764783143997192,0.0,0.0,0.1235217154026031,0.0,0.8762496709823608,0.0,0.0,0.1237503439188003,0.0,0.8764575123786926,0.0,0.0,0.1235424950718879,0.0,0.8763536214828491,0.0,0.0,0.1236464232206344,0.0,0.8763951659202576,0.0,0.0,0.1236048489809036,0.0,0.8763328194618225,0.0,0.0,0.1236672028899192,0.0,0.8763951659202576,0.0,0.0,0.1236048489809036,0.0,0.8763120174407959,0.0,0.0,0.1236879900097847,0.0,0.8763536214828491,0.0,0.0,0.1236464232206344,0.0,0.8762496709823608,0.0,0.0,0.1237503439188003,0.0,0.8762912750244141,0.0,0.0,0.1237087696790695,0.0,0.8763536214828491,0.0,0.0,0.1236464232206344,0.0,0.8762912750244141,0.0,0.0,0.1237087696790695,0.0,0.8763536214828491,0.0,0.0,0.1236464232206344,0.0,0.8764159679412842,0.0,0.0,0.1235840693116188,0.0,0.8763536214828491,0.0,0.0,0.1236464232206344,0.0,0.8763120174407959,0.0,0.0,0.1236879900097847,0.0,0.8763744235038757,0.0,0.0,0.123625636100769,0.0,0.8763328194618225,0.0,0.0,0.1236672028899192,0.0,0.5387109518051147,0.0023902065586298,0.002972169779241,0.4554278552532196,0.0004988256841897,0.5300230979919434,0.002577266190201,0.0025980505160987,0.4642612338066101,0.0005403945106081,0.5325796008110046,0.001849811989814,0.0024525597691535,0.4626608490943908,0.0004572568868752,0.5278822779655457,0.006526303011924,0.0080851335078477,0.4565086662769317,0.0009976513683795,0.5231018662452698,0.0021407937165349,0.0028058944735676,0.4715565741062164,0.0003949036763515,0.5263442397117615,0.0026604037266224,0.004032174590975,0.4663396775722503,0.0006235321052372,0.5293787717819214,0.0020368716213852,0.0032215826213359,0.4648224115371704,0.0005403945106081,0.5279238820075989,0.0059651238843798,0.0077941515482962,0.4576310217380523,0.0006858853157609,0.5111716389656067,0.0024525597691535,0.003658055095002,0.4818032681941986,0.0009145137737505,0.550225555896759,0.0012678486527875,0.0013925550738349,0.4468023478984833,0.0003117660526186,0.5178642272949219,0.0020576559472829,0.0029098165687173,0.4767526686191559,0.0004156880895607,0.5060794353485107,0.0025980505160987,0.0029929541051387,0.4873942732810974,0.0009352981578558,0.5390850901603699,0.0026188348419964,0.003616486210376,0.4542847275733948,0.0003949036763515,0.5424937605857849,0.0013925550738349,0.0023278533481061,0.453432559967041,0.0003533348790369,0.5285474061965942,0.0029098165687173,0.0039698211476206,0.4639702439308166,0.0006027477211318,0.5372560620307922,0.0028058944735676,0.0033255047164857,0.4561137557029724,0.0004988256841897,0.5194230675697327,0.0060898303054273,0.0076278764754533,0.4659863412380218,0.0008729449473321,0.5211689472198486,0.0023902065586298,0.0041568810120224,0.4715357720851898,0.0007482385262846,0.5477105975151062,0.0016211834736168,0.0024109908845275,0.4477792084217071,0.0004780413000844,0.5359674096107483,0.0021823623683303,0.0021615780424326,0.4592729806900024,0.0004156880895607,0.5127096772193909,0.0039282524958252,0.0048427660949528,0.4777295291423797,0.000789807352703,0.528692901134491,0.0019121652003377,0.0030137386638671,0.4657576978206634,0.0006235321052372,0.5196309089660645,0.0033255047164857,0.0037411926314234,0.4724918603897095,0.0008105917368084,0.5256791710853577,0.0021823623683303,0.0027643258217722,0.4685636162757873,0.0008105917368084,0.5162638425827026,0.0034294265788048,0.0043231560848653,0.4752769768238067,0.0007066697580739,0.5250140428543091,0.0030553073156625,0.0032423669472336,0.4680439829826355,0.0006443165475502,0.525596022605896,0.0023486376740038,0.0041776653379201,0.4671294689178467,0.0007482385262846,0.5112131834030151,0.0038035458419471,0.0045102154836058,0.4794338643550873,0.0010392202530056,0.5185500979423523,0.0063184588216245,0.0083968993276357,0.4659239947795868,0.0008105917368084,0.5198387503623962,0.002286284463480115,0.0030760918743908405,0.4739675521850586,0.0008313761791214347
136,0.8729865550994873,0.0,0.0,0.1270134896039962,0.0,0.8731943964958191,0.0,0.0,0.1268056482076645,0.0,0.8732151985168457,0.0,0.0,0.126784861087799,0.0,0.8730904459953308,0.0,0.0,0.1269095689058303,0.0,0.8730904459953308,0.0,0.0,0.1269095689058303,0.0,0.8730904459953308,0.0,0.0,0.1269095689058303,0.0,0.8730072975158691,0.0,0.0,0.1269927024841308,0.0,0.873132050037384,0.0,0.0,0.1268680095672607,0.0,0.873069703578949,0.0,0.0,0.1269303560256958,0.0,0.8730904459953308,0.0,0.0,0.1269095689058303,0.0,0.8732567429542542,0.0,0.0,0.1267433017492294,0.0,0.8732775449752808,0.0,0.0,0.126722514629364,0.0,0.8730489015579224,0.0,0.0,0.1269511431455612,0.0,0.8732567429542542,0.0,0.0,0.1267433017492294,0.0,0.8731527924537659,0.0,0.0,0.1268472224473953,0.0,0.8731943964958191,0.0,0.0,0.1268056482076645,0.0,0.873132050037384,0.0,0.0,0.1268680095672607,0.0,0.8731943964958191,0.0,0.0,0.1268056482076645,0.0,0.8731112480163574,0.0,0.0,0.1268887817859649,0.0,0.8731527924537659,0.0,0.0,0.1268472224473953,0.0,0.8730489015579224,0.0,0.0,0.1269511431455612,0.0,0.8730904459953308,0.0,0.0,0.1269095689058303,0.0,0.8731527924537659,0.0,0.0,0.1268472224473953,0.0,0.8730904459953308,0.0,0.0,0.1269095689058303,0.0,0.8731527924537659,0.0,0.0,0.1268472224473953,0.0,0.8732151985168457,0.0,0.0,0.126784861087799,0.0,0.8731527924537659,0.0,0.0,0.1268472224473953,0.0,0.8731112480163574,0.0,0.0,0.1268887817859649,0.0,0.8731735944747925,0.0,0.0,0.1268264353275299,0.0,0.873132050037384,0.0,0.0,0.1268680095672607,0.0,0.5350321531295776,0.0023070687893778,0.0025980505160987,0.4595639705657959,0.0004988256841897,0.5262610912322998,0.0025564816314727,0.0025149129796773,0.4681271314620971,0.0005403945106081,0.5285682082176208,0.0021823623683303,0.0023694219999015,0.466422826051712,0.0004572568868752,0.5229979753494263,0.0067133624106645,0.0077110137790441,0.4615592658519745,0.0010184358106926,0.519339919090271,0.0021407937165349,0.0023694219999015,0.4757342338562011,0.0004156880895607,0.5225822925567627,0.002535697305575,0.0042400183156132,0.4700185060501098,0.0006235321052372,0.525990903377533,0.0018705963157117,0.0024733440950512,0.4691247940063476,0.0005403945106081,0.5234136581420898,0.005881986580789,0.0075863073579967,0.4624322056770324,0.0006858853157609,0.5073680877685547,0.0024733440950512,0.0032839358318597,0.4859601557254791,0.0009145137737505,0.5465050935745239,0.0013509863056242,0.0013925550738349,0.4504396021366119,0.0003117660526186,0.5142685174942017,0.0019537340849637,0.0026188348419964,0.480743259191513,0.0004156880895607,0.502317488193512,0.0026604037266224,0.0026811880525201,0.4914056658744812,0.0009352981578558,0.5353023409843445,0.0023902065586298,0.0039074681699275,0.4580051302909851,0.0003949036763515,0.5390642881393433,0.0010807890212163,0.0023278533481061,0.4571737647056579,0.0003533348790369,0.5245152115821838,0.0029513854533433,0.004032174590975,0.4678777158260345,0.0006235321052372,0.5336811542510986,0.0028058944735676,0.0030137386638671,0.4599796533584595,0.0005196101265028,0.5148088932037354,0.0056949267163872,0.007253757212311,0.4713487029075622,0.0008937293896451,0.5170536041259766,0.0026811880525201,0.0035125643480569,0.4759628474712372,0.000789807352703,0.5441564917564392,0.0016627523582428,0.002244715578854,0.4514580368995666,0.0004780413000844,0.5325171947479248,0.001849811989814,0.0020368716213852,0.4631804525852203,0.0004156880895607,0.5084280967712402,0.0038451147265732,0.0051129632629454,0.4818240702152252,0.000789807352703,0.5249308943748474,0.0018705963157117,0.0029513854533433,0.4696236252784729,0.0006235321052372,0.5158689022064209,0.0032215826213359,0.0037619771901518,0.4763369858264923,0.0008105917368084,0.5219379663467407,0.0021615780424326,0.0025980505160987,0.4724918603897095,0.0008105917368084,0.5126473307609558,0.0029929541051387,0.0038658990524709,0.4797871708869934,0.0007066697580739,0.5212728381156921,0.0028682476840913,0.0032215826213359,0.4719930291175842,0.0006443165475502,0.5218132734298706,0.0023694219999015,0.0037204083055257,0.4713487029075622,0.0007482385262846,0.5071810483932495,0.0038243304006755,0.0044478625059127,0.4835076034069061,0.0010392202530056,0.5139567255973816,0.0061313994228839,0.0082514081150293,0.4708499014377594,0.0008105917368084,0.5162014365196228,0.0020992248319089413,0.0031592294108122587,0.47770875692367554,0.0008313761791214347
137,0.8696610331535339,0.0,0.0,0.1303389966487884,0.0,0.8698688745498657,0.0,0.0,0.1301311552524566,0.0,0.8698896765708923,0.0,0.0,0.1301103681325912,0.0,0.8697649836540222,0.0,0.0,0.1302350759506225,0.0,0.8697649836540222,0.0,0.0,0.1302350759506225,0.0,0.8697649836540222,0.0,0.0,0.1302350759506225,0.0,0.8696818351745605,0.0,0.0,0.130318209528923,0.0,0.8698065280914307,0.0,0.0,0.1301935017108917,0.0,0.8697441816329956,0.0,0.0,0.1302558630704879,0.0,0.8697649836540222,0.0,0.0,0.1302350759506225,0.0,0.8699312210083008,0.0,0.0,0.1300687938928604,0.0,0.8699520230293274,0.0,0.0,0.1300480216741562,0.0,0.869723379611969,0.0,0.0,0.1302766501903534,0.0,0.8699312210083008,0.0,0.0,0.1300687938928604,0.0,0.8698273301124573,0.0,0.0,0.1301727294921875,0.0,0.8698688745498657,0.0,0.0,0.1301311552524566,0.0,0.8698065280914307,0.0,0.0,0.1301935017108917,0.0,0.8698688745498657,0.0,0.0,0.1301311552524566,0.0,0.869785726070404,0.0,0.0,0.1302142888307571,0.0,0.8698273301124573,0.0,0.0,0.1301727294921875,0.0,0.869723379611969,0.0,0.0,0.1302766501903534,0.0,0.8697649836540222,0.0,0.0,0.1302350759506225,0.0,0.8698273301124573,0.0,0.0,0.1301727294921875,0.0,0.8697649836540222,0.0,0.0,0.1302350759506225,0.0,0.8698273301124573,0.0,0.0,0.1301727294921875,0.0,0.8698896765708923,0.0,0.0,0.1301103681325912,0.0,0.8698273301124573,0.0,0.0,0.1301727294921875,0.0,0.869785726070404,0.0,0.0,0.1302142888307571,0.0,0.8698480725288391,0.0,0.0,0.130151942372322,0.0,0.8698065280914307,0.0,0.0,0.1301935017108917,0.0,0.5308544635772705,0.002535697305575,0.002535697305575,0.4635545611381531,0.0005196101265028,0.522249698638916,0.0025564816314727,0.0028266790322959,0.4718267619609833,0.0005403945106081,0.524639904499054,0.0020784405060112,0.002577266190201,0.4702471494674682,0.0004572568868752,0.5183422565460205,0.0058612017892301,0.0082514081150293,0.4665059447288513,0.0010392202530056,0.515598714351654,0.0021200091578066,0.0024109908845275,0.4794546365737915,0.0004156880895607,0.5188826322555542,0.0024733440950512,0.0034294265788048,0.4745910763740539,0.0006235321052372,0.522187352180481,0.0017874587792903,0.0023278533481061,0.4731569588184356,0.0005403945106081,0.5192152261734009,0.0053415917791426,0.0073784636333584,0.4673581123352051,0.0007066697580739,0.5033982396125793,0.0023902065586298,0.0033047201577574,0.4899923205375671,0.0009145137737505,0.5428262948989868,0.0014549082843586,0.0014341238420456,0.4539729654788971,0.0003117660526186,0.5105481147766113,0.0019329495262354,0.0028058944735676,0.4842973947525024,0.0004156880895607,0.4986802041530609,0.0023902065586298,0.0027435412630438,0.4952299892902374,0.0009560826001688,0.5312701463699341,0.0023278533481061,0.0038658990524709,0.462141215801239,0.0003949036763515,0.535468578338623,0.0009768670424818,0.0024109908845275,0.4607902467250824,0.0003533348790369,0.5205454230308533,0.0030137386638671,0.0038866836111992,0.4719306826591491,0.0006235321052372,0.5295034646987915,0.0028682476840913,0.0028058944735676,0.4643028080463409,0.0005196101265028,0.5102986693382263,0.0053208074532449,0.0074200322851538,0.4760251939296722,0.0009352981578558,0.513146162033081,0.0026604037266224,0.0034917797893285,0.4799118936061859,0.000789807352703,0.540560781955719,0.0016627523582428,0.0015588302630931,0.455718845129013,0.0004988256841897,0.5289007425308228,0.0016419679159298,0.0020784405060112,0.4669632017612457,0.0004156880895607,0.504125714302063,0.003616486210376,0.0052584540098905,0.4862095713615417,0.000789807352703,0.5208779573440552,0.0020160872954875,0.0028890322428196,0.4735934436321258,0.0006235321052372,0.5119822025299072,0.0026604037266224,0.0037411926314234,0.4808056056499481,0.0008105917368084,0.5181967616081238,0.0021407937165349,0.002535697305575,0.4763161838054657,0.0008105917368084,0.5086567401885986,0.0027019726112484,0.0039906054735183,0.4839440584182739,0.0007066697580739,0.5175316333770752,0.0024317752104252,0.0033878579270094,0.476004421710968,0.0006443165475502,0.5178434252738953,0.0024317752104252,0.0034917797893285,0.4754848182201385,0.0007482385262846,0.5034606456756592,0.0031176605261862,0.0045517846010625,0.4878307580947876,0.0010392202530056,0.509342610836029,0.0059027709066867,0.0078772893175482,0.4760667681694031,0.0008105917368084,0.5123978853225708,0.0019121652003377676,0.0030345229897648096,0.4818240702152252,0.0008313761791214347
138,0.8626359105110168,0.0,0.0,0.1373641341924667,0.0,0.8628437519073486,0.0,0.0,0.1371562778949737,0.0,0.8628645539283752,0.0,0.0,0.1371355056762695,0.0,0.8627398014068604,0.0,0.0,0.1372601985931396,0.0,0.8627398014068604,0.0,0.0,0.1372601985931396,0.0,0.8627398014068604,0.0,0.0,0.1372601985931396,0.0,0.8626567125320435,0.0,0.0,0.1373433470726013,0.0,0.8627814054489136,0.0,0.0,0.13721863925457,0.0,0.8627190589904785,0.0,0.0,0.137280985713005,0.0,0.8627398014068604,0.0,0.0,0.1372601985931396,0.0,0.8629060983657837,0.0,0.0,0.1370939314365387,0.0,0.8629269003868103,0.0,0.0,0.1370731443166732,0.0,0.8626982569694519,0.0,0.0,0.1373017728328704,0.0,0.8629060983657837,0.0,0.0,0.1370939314365387,0.0,0.8628022074699402,0.0,0.0,0.1371978521347046,0.0,0.8628437519073486,0.0,0.0,0.1371562778949737,0.0,0.8627814054489136,0.0,0.0,0.13721863925457,0.0,0.8628437519073486,0.0,0.0,0.1371562778949737,0.0,0.862760603427887,0.0,0.0,0.1372394263744354,0.0,0.8628022074699402,0.0,0.0,0.1371978521347046,0.0,0.8626982569694519,0.0,0.0,0.1373017728328704,0.0,0.8627398014068604,0.0,0.0,0.1372601985931396,0.0,0.8628022074699402,0.0,0.0,0.1371978521347046,0.0,0.8627398014068604,0.0,0.0,0.1372601985931396,0.0,0.8628022074699402,0.0,0.0,0.1371978521347046,0.0,0.8628645539283752,0.0,0.0,0.1371355056762695,0.0,0.8628022074699402,0.0,0.0,0.1371978521347046,0.0,0.862760603427887,0.0,0.0,0.1372394263744354,0.0,0.862822949886322,0.0,0.0,0.1371770650148391,0.0,0.8627814054489136,0.0,0.0,0.13721863925457,0.0,0.5234552025794983,0.0024109908845275,0.0026604037266224,0.4708914458751678,0.0005819633370265,0.5146633982658386,0.002577266190201,0.002930600894615,0.4792883694171905,0.0005403945106081,0.517282247543335,0.0021407937165349,0.0024109908845275,0.4777087569236755,0.0004572568868752,0.509675145149231,0.0060690459795296,0.0081059178337454,0.4750899076461792,0.0010600045789033,0.5083034038543701,0.0018705963157117,0.0025149129796773,0.4868954420089721,0.0004156880895607,0.5112963318824768,0.0023070687893778,0.0033047201577574,0.4824475944042206,0.0006443165475502,0.5145387053489685,0.001808243105188,0.0025564816314727,0.480514645576477,0.0005819633370265,0.5113171339035034,0.0045517846010625,0.007253757212311,0.4761499166488647,0.0007274541421793,0.4959366619586944,0.0022031469270586,0.0028474633581936,0.4980982542037964,0.0009145137737505,0.5355725288391113,0.0013302018633112,0.0014964770525693,0.4612890779972076,0.0003117660526186,0.5032112002372742,0.0017458898946642,0.0027019726112484,0.4919044971466064,0.000436472473666,0.4911770522594452,0.0017666743369773,0.0032839358318597,0.5028163194656372,0.0009560826001688,0.5233097076416016,0.0027435412630438,0.0036372707691043,0.4699145853519439,0.0003949036763515,0.5280277729034424,0.0011015734635293,0.0023278533481061,0.4681894779205322,0.0003533348790369,0.5124810338020325,0.0032007982954382,0.0038035458419471,0.4798703193664551,0.0006443165475502,0.521792471408844,0.0025980505160987,0.0030553073156625,0.472034603357315,0.0005196101265028,0.5020264983177185,0.0051129632629454,0.0075447387062013,0.4843597412109375,0.0009560826001688,0.5057260990142822,0.0023902065586298,0.0034086422529071,0.4876852631568908,0.000789807352703,0.5331615209579468,0.0013094174209982,0.001849811989814,0.4631804525852203,0.0004988256841897,0.5214599370956421,0.0017874587792903,0.0020160872954875,0.4743208885192871,0.0004156880895607,0.4964770674705505,0.0033878579270094,0.0052376696839928,0.4941076338291168,0.000789807352703,0.5131669640541077,0.0024109908845275,0.002577266190201,0.4811797440052032,0.0006651009316556,0.504188060760498,0.0028266790322959,0.003616486210376,0.4885582029819488,0.0008105917368084,0.5107351541519165,0.0020368716213852,0.0026396194007247,0.483777791261673,0.0008105917368084,0.5007586479187012,0.0026604037266224,0.0039906054735183,0.4918629229068756,0.0007274541421793,0.509737491607666,0.0025564816314727,0.0033047201577574,0.4837362170219421,0.0006651009316556,0.5102779269218445,0.0022655001375824,0.0033255047164857,0.4833828806877136,0.0007482385262846,0.4958119690418243,0.0029929541051387,0.0043647247366607,0.4957911670207977,0.0010392202530056,0.5004053115844727,0.0062353210523724,0.0076902294531464,0.4848169982433319,0.0008521605632267,0.5047284960746765,0.0019537340849637985,0.0029513854533433914,0.48953506350517273,0.0008313761791214347
139,0.8623241186141968,0.0,0.0,0.1376758962869644,0.0,0.8625319600105286,0.0,0.0,0.1374680548906326,0.0,0.8625527620315552,0.0,0.0,0.1374472677707672,0.0,0.8624280691146851,0.0,0.0,0.1375719755887985,0.0,0.8624280691146851,0.0,0.0,0.1375719755887985,0.0,0.8624280691146851,0.0,0.0,0.1375719755887985,0.0,0.8623449206352234,0.0,0.0,0.137655109167099,0.0,0.8624696135520935,0.0,0.0,0.1375304013490677,0.0,0.8624072670936584,0.0,0.0,0.1375927478075027,0.0,0.8624280691146851,0.0,0.0,0.1375719755887985,0.0,0.8625943660736084,0.0,0.0,0.1374056935310363,0.0,0.8626151084899902,0.0,0.0,0.1373849064111709,0.0,0.8623865246772766,0.0,0.0,0.1376135349273681,0.0,0.8625943660736084,0.0,0.0,0.1374056935310363,0.0,0.8624904155731201,0.0,0.0,0.1375096142292022,0.0,0.8625319600105286,0.0,0.0,0.1374680548906326,0.0,0.8624696135520935,0.0,0.0,0.1375304013490677,0.0,0.8625319600105286,0.0,0.0,0.1374680548906326,0.0,0.8624488711357117,0.0,0.0,0.1375511884689331,0.0,0.8624904155731201,0.0,0.0,0.1375096142292022,0.0,0.8623865246772766,0.0,0.0,0.1376135349273681,0.0,0.8624280691146851,0.0,0.0,0.1375719755887985,0.0,0.8624904155731201,0.0,0.0,0.1375096142292022,0.0,0.8624280691146851,0.0,0.0,0.1375719755887985,0.0,0.8624904155731201,0.0,0.0,0.1375096142292022,0.0,0.8625527620315552,0.0,0.0,0.1374472677707672,0.0,0.8624904155731201,0.0,0.0,0.1375096142292022,0.0,0.8624488711357117,0.0,0.0,0.1375511884689331,0.0,0.8625112175941467,0.0,0.0,0.1374888271093368,0.0,0.8624696135520935,0.0,0.0,0.1375304013490677,0.0,0.5229148268699646,0.0019329495262354,0.0029929541051387,0.4715773463249206,0.0005819633370265,0.5139983296394348,0.0021615780424326,0.0032007982954382,0.4800989627838135,0.0005403945106081,0.5167418718338013,0.0019745184108614,0.0022862844634801,0.4785401225090027,0.0004572568868752,0.5080539584159851,0.0059651238843798,0.0082098394632339,0.476711094379425,0.0010600045789033,0.5074927806854248,0.0017458898946642,0.0027227569371461,0.4876229166984558,0.0004156880895607,0.5103402733802795,0.0021407937165349,0.003658055095002,0.4832166135311126,0.0006443165475502,0.5137488842010498,0.0017666743369773,0.002577266190201,0.4813252389431,0.0005819633370265,0.5100284814834595,0.004032174590975,0.0073368945159018,0.4778750240802765,0.0007274541421793,0.4953339099884033,0.0019745184108614,0.0027851101476699,0.4989919662475586,0.0009145137737505,0.534699559211731,0.0016627523582428,0.0015796147054061,0.461746335029602,0.0003117660526186,0.5022758841514587,0.0017251055687665,0.0026188348419964,0.4929437041282654,0.000436472473666,0.490574300289154,0.0016419679159298,0.0030137386638671,0.5038139820098877,0.0009560826001688,0.5222289562225342,0.0029929541051387,0.0035541329998522,0.4708290994167328,0.0003949036763515,0.527341902256012,0.0012886330951005,0.0019745184108614,0.4690208733081817,0.0003741192631423,0.5111300945281982,0.0035541329998522,0.0038866836111992,0.4807848334312439,0.0006443165475502,0.5208156108856201,0.002577266190201,0.0031176605261862,0.4729698896408081,0.0005196101265028,0.5000727772712708,0.0054870825260877,0.0074823852628469,0.4860017299652099,0.0009560826001688,0.5048739314079285,0.0024317752104252,0.0032839358318597,0.4886205494403839,0.000789807352703,0.5325171947479248,0.0013302018633112,0.0019121652003377,0.4637416303157806,0.0004988256841897,0.5206285119056702,0.0014756927266716,0.002577266190201,0.4749028384685516,0.0004156880895607,0.4954378306865692,0.0034086422529071,0.0048635504208505,0.4955002069473266,0.000789807352703,0.5124186873435974,0.0024109908845275,0.0025980505160987,0.4819071888923645,0.0006651009316556,0.5032112002372742,0.0025564816314727,0.0039490368217229,0.4894727170467376,0.0008105917368084,0.5100908279418945,0.0017251055687665,0.0026396194007247,0.4847338795661926,0.0008105917368084,0.5000104308128357,0.0023902065586298,0.0038451147265732,0.493026852607727,0.0007274541421793,0.5089269280433655,0.0022239312529563,0.0034502111375331,0.4847338795661926,0.0006651009316556,0.509280264377594,0.0024525597691535,0.0030760918743908,0.4844428896903991,0.0007482385262846,0.4948766529560089,0.0024733440950512,0.0048427660949528,0.496768057346344,0.0010392202530056,0.4990543127059936,0.0056325737386941,0.00806434918195,0.4863966107368469,0.0008521605632267,0.5040218234062195,0.0019537340849637985,0.002805894473567605,0.4903872311115265,0.0008313761791214347
140,0.8620747327804565,0.0,0.0,0.137925311923027,0.0,0.8622825741767883,0.0,0.0,0.137717455625534,0.0,0.8623033761978149,0.0,0.0,0.1376966834068298,0.0,0.8621786236763,0.0,0.0,0.1378213763236999,0.0,0.8621786236763,0.0,0.0,0.1378213763236999,0.0,0.8621786236763,0.0,0.0,0.1378213763236999,0.0,0.8620955348014832,0.0,0.0,0.1379045248031616,0.0,0.8622202277183533,0.0,0.0,0.1377798169851303,0.0,0.8621578812599182,0.0,0.0,0.1378421634435653,0.0,0.8621786236763,0.0,0.0,0.1378213763236999,0.0,0.8623449206352234,0.0,0.0,0.137655109167099,0.0,0.86236572265625,0.0,0.0,0.1376343220472335,0.0,0.8621370792388916,0.0,0.0,0.1378629505634308,0.0,0.8623449206352234,0.0,0.0,0.137655109167099,0.0,0.8622410297393799,0.0,0.0,0.1377590298652649,0.0,0.8622825741767883,0.0,0.0,0.137717455625534,0.0,0.8622202277183533,0.0,0.0,0.1377798169851303,0.0,0.8622825741767883,0.0,0.0,0.137717455625534,0.0,0.8621994256973267,0.0,0.0,0.1378006041049957,0.0,0.8622410297393799,0.0,0.0,0.1377590298652649,0.0,0.8621370792388916,0.0,0.0,0.1378629505634308,0.0,0.8621786236763,0.0,0.0,0.1378213763236999,0.0,0.8622410297393799,0.0,0.0,0.1377590298652649,0.0,0.8621786236763,0.0,0.0,0.1378213763236999,0.0,0.8622410297393799,0.0,0.0,0.1377590298652649,0.0,0.8623033761978149,0.0,0.0,0.1376966834068298,0.0,0.8622410297393799,0.0,0.0,0.1377590298652649,0.0,0.8621994256973267,0.0,0.0,0.1378006041049957,0.0,0.8622617721557617,0.0,0.0,0.1377382427453994,0.0,0.8622202277183533,0.0,0.0,0.1377798169851303,0.0,0.5219795107841492,0.0021407937165349,0.0028682476840913,0.4724295139312744,0.0005819633370265,0.5133540034294128,0.0019953027367591,0.0031384450849145,0.4809719026088714,0.0005403945106081,0.5160767436027527,0.0015796147054061,0.0026604037266224,0.4792259931564331,0.0004572568868752,0.5066198706626892,0.00546629820019,0.0082098394632339,0.4786440432071686,0.0010600045789033,0.5069732069969177,0.0014549082843586,0.0027019726112484,0.4884542822837829,0.0004156880895607,0.5095504522323608,0.0021200091578066,0.0032215826213359,0.4844636619091034,0.0006443165475502,0.5131877064704895,0.0018913807580247,0.0022239312529563,0.4821150302886963,0.0005819633370265,0.5086151361465454,0.0038866836111992,0.0072745415382087,0.4794962108135223,0.0007274541421793,0.4947935342788696,0.0016627523582428,0.0030553073156625,0.4995739459991455,0.0009145137737505,0.5342215299606323,0.0013717706315219,0.0017874587792903,0.4623075127601623,0.0003117660526186,0.5015276670455933,0.001829027547501,0.0024525597691535,0.4937542974948883,0.000436472473666,0.489867627620697,0.0015380459371954,0.0031592294108122,0.5044790506362915,0.0009560826001688,0.5214183330535889,0.002972169779241,0.0032007982954382,0.4720138311386108,0.0003949036763515,0.5266144275665283,0.0015380459371954,0.0016211834736168,0.4698522388935089,0.0003741192631423,0.5102155804634094,0.0033878579270094,0.0037411926314234,0.4820111095905304,0.0006443165475502,0.5201920866966248,0.002577266190201,0.0031800137367099,0.4735310673713684,0.0005196101265028,0.4980982542037964,0.005798848811537,0.0075031700544059,0.48764368891716,0.0009560826001688,0.5042296648025513,0.0019121652003377,0.0033047201577574,0.4897637069225311,0.000789807352703,0.5318729281425476,0.0013717706315219,0.0019745184108614,0.4642820060253143,0.0004988256841897,0.5198594927787781,0.0017458898946642,0.0024317752104252,0.4755471646785736,0.0004156880895607,0.4946688115596771,0.0028474633581936,0.0050090411677956,0.4966849088668823,0.000789807352703,0.511732816696167,0.0022862844634801,0.0024733440950512,0.4828425049781799,0.0006651009316556,0.5019849538803101,0.002972169779241,0.0038866836111992,0.4903456568717956,0.0008105917368084,0.5095712542533875,0.0014549082843586,0.0027227569371461,0.4854405522346496,0.0008105917368084,0.4990751147270202,0.0026604037266224,0.0038451147265732,0.4936919510364532,0.0007274541421793,0.5082410573959351,0.0021200091578066,0.0035957018844783,0.4853781759738922,0.0006651009316556,0.5085943937301636,0.0023070687893778,0.002930600894615,0.485419750213623,0.0007482385262846,0.4940868616104126,0.0021823623683303,0.0046349219046533,0.4980566799640655,0.0010392202530056,0.4977449178695678,0.0053000231273472,0.0077110137790441,0.4883919358253479,0.0008521605632267,0.5035021901130676,0.0017874587792903185,0.002722756937146187,0.4911562502384186,0.0008313761791214347
141,0.8605782389640808,0.0,0.0,0.1394217759370803,0.0,0.8607860803604126,0.0,0.0,0.1392139345407486,0.0,0.8608068823814392,0.0,0.0,0.1391931474208831,0.0,0.8606821894645691,0.0,0.0,0.1393178552389145,0.0,0.8606821894645691,0.0,0.0,0.1393178552389145,0.0,0.8606821894645691,0.0,0.0,0.1393178552389145,0.0,0.8605990409851074,0.0,0.0,0.1394010037183761,0.0,0.8607237339019775,0.0,0.0,0.1392762959003448,0.0,0.8606613874435425,0.0,0.0,0.1393386423587799,0.0,0.8606821894645691,0.0,0.0,0.1393178552389145,0.0,0.8608484268188477,0.0,0.0,0.1391515880823135,0.0,0.8608692288398743,0.0,0.0,0.1391308009624481,0.0,0.8606405854225159,0.0,0.0,0.1393594294786453,0.0,0.8608484268188477,0.0,0.0,0.1391515880823135,0.0,0.8607445359230042,0.0,0.0,0.1392555087804794,0.0,0.8607860803604126,0.0,0.0,0.1392139345407486,0.0,0.8607237339019775,0.0,0.0,0.1392762959003448,0.0,0.8607860803604126,0.0,0.0,0.1392139345407486,0.0,0.8607029318809509,0.0,0.0,0.1392970830202102,0.0,0.8607445359230042,0.0,0.0,0.1392555087804794,0.0,0.8606405854225159,0.0,0.0,0.1393594294786453,0.0,0.8606821894645691,0.0,0.0,0.1393178552389145,0.0,0.8607445359230042,0.0,0.0,0.1392555087804794,0.0,0.8606821894645691,0.0,0.0,0.1393178552389145,0.0,0.8607445359230042,0.0,0.0,0.1392555087804794,0.0,0.8608068823814392,0.0,0.0,0.1391931474208831,0.0,0.8607445359230042,0.0,0.0,0.1392555087804794,0.0,0.8607029318809509,0.0,0.0,0.1392970830202102,0.0,0.8607653379440308,0.0,0.0,0.139234721660614,0.0,0.8607237339019775,0.0,0.0,0.1392762959003448,0.0,0.519984245300293,0.0017874587792903,0.0031592294108122,0.474487155675888,0.0005819633370265,0.5113171339035034,0.001849811989814,0.0032423669472336,0.4830503463745117,0.0005403945106081,0.5142893195152283,0.0012678486527875,0.0027851101476699,0.4812005162239074,0.0004572568868752,0.5041673183441162,0.0050921789370477,0.0080435648560523,0.4816370010375976,0.0010600045789033,0.5050610303878784,0.0014549082843586,0.0025564816314727,0.4905119240283966,0.0004156880895607,0.5077629685401917,0.0020368716213852,0.0029098165687173,0.4866460263729095,0.0006443165475502,0.5113171339035034,0.0017874587792903,0.0023486376740038,0.4839648604393005,0.0005819633370265,0.5064951181411743,0.0036372707691043,0.0067549315281212,0.4823644459247589,0.0007482385262846,0.4930060803890228,0.0013094174209982,0.0031176605261862,0.5016523599624634,0.0009145137737505,0.5326003432273865,0.00114314223174,0.0017043211264535,0.4642404615879059,0.0003117660526186,0.4996155202388763,0.001849811989814,0.0023486376740038,0.4957495927810669,0.000436472473666,0.4879346787929535,0.0016627523582428,0.002972169779241,0.5064743757247925,0.0009560826001688,0.5193814635276794,0.0028058944735676,0.0030968762002885,0.4743208885192871,0.0003949036763515,0.524951696395874,0.0014341238420456,0.0013509863056242,0.4718891084194183,0.0003741192631423,0.5082617998123169,0.0032007982954382,0.0035957018844783,0.4842973947525024,0.0006443165475502,0.5181759595870972,0.002244715578854,0.003658055095002,0.4754016697406769,0.0005196101265028,0.4957080483436584,0.0055078673176467,0.0068796379491686,0.4909484088420868,0.0009560826001688,0.5024421811103821,0.0016211834736168,0.003263151505962,0.4918836951255798,0.000789807352703,0.5299607515335083,0.0015172614948824,0.0019329495262354,0.4660902619361877,0.0004988256841897,0.5181136131286621,0.0017043211264535,0.0021407937165349,0.4776256084442138,0.0004156880895607,0.4922786056995392,0.0027643258217722,0.0048219817690551,0.4993453025817871,0.000789807352703,0.5095712542533875,0.0022239312529563,0.0025980505160987,0.4849417209625244,0.0006651009316556,0.5001143217086792,0.0027851101476699,0.0037827615160495,0.4924864470958709,0.0008313761791214,0.5078045725822449,0.0013094174209982,0.002577266190201,0.4874981939792633,0.0008105917368084,0.4969550967216491,0.0026188348419964,0.003658055095002,0.4960405826568603,0.0007274541421793,0.5062041878700256,0.002244715578854,0.0032839358318597,0.4876021146774292,0.0006651009316556,0.5066822171211243,0.0020784405060112,0.0030137386638671,0.4874774217605591,0.0007482385262846,0.4916550815105438,0.0027227569371461,0.0042192339897155,0.5003637671470642,0.0010392202530056,0.495250791311264,0.0050090411677956,0.0074200322851538,0.4914680123329162,0.0008521605632267,0.5014653205871582,0.001849811989814043,0.002577266190201044,0.4932762682437897,0.0008313761791214347
142,0.8590402007102966,0.0,0.0,0.1409598290920257,0.0,0.8592480421066284,0.0,0.0,0.1407519876956939,0.0,0.859268844127655,0.0,0.0,0.1407312005758285,0.0,0.8591441512107849,0.0,0.0,0.1408559083938598,0.0,0.8591441512107849,0.0,0.0,0.1408559083938598,0.0,0.8591441512107849,0.0,0.0,0.1408559083938598,0.0,0.8590610027313232,0.0,0.0,0.1409390419721603,0.0,0.8591856956481934,0.0,0.0,0.140814334154129,0.0,0.8591233491897583,0.0,0.0,0.1408766955137252,0.0,0.8591441512107849,0.0,0.0,0.1408559083938598,0.0,0.8593103885650635,0.0,0.0,0.1406896263360977,0.0,0.8593311905860901,0.0,0.0,0.1406688541173935,0.0,0.8591025471687317,0.0,0.0,0.1408974826335907,0.0,0.8593103885650635,0.0,0.0,0.1406896263360977,0.0,0.85920649766922,0.0,0.0,0.1407935470342636,0.0,0.8592480421066284,0.0,0.0,0.1407519876956939,0.0,0.8591856956481934,0.0,0.0,0.140814334154129,0.0,0.8592480421066284,0.0,0.0,0.1407519876956939,0.0,0.8591648936271667,0.0,0.0,0.1408351212739944,0.0,0.85920649766922,0.0,0.0,0.1407935470342636,0.0,0.8591025471687317,0.0,0.0,0.1408974826335907,0.0,0.8591441512107849,0.0,0.0,0.1408559083938598,0.0,0.85920649766922,0.0,0.0,0.1407935470342636,0.0,0.8591441512107849,0.0,0.0,0.1408559083938598,0.0,0.85920649766922,0.0,0.0,0.1407935470342636,0.0,0.859268844127655,0.0,0.0,0.1407312005758285,0.0,0.85920649766922,0.0,0.0,0.1407935470342636,0.0,0.8591648936271667,0.0,0.0,0.1408351212739944,0.0,0.8592272400856018,0.0,0.0,0.1407727748155594,0.0,0.8591856956481934,0.0,0.0,0.140814334154129,0.0,0.5179057717323303,0.0019537340849637,0.0029098165687173,0.47664874792099,0.0005819633370265,0.5093634128570557,0.0017043211264535,0.0031176605261862,0.4852742552757263,0.0005403945106081,0.5123978853225708,0.0012886330951005,0.0024109908845275,0.4834452271461487,0.0004572568868752,0.5018810033798218,0.0041984496638178,0.0075031700544059,0.485357403755188,0.0010600045789033,0.5031280517578125,0.0015796147054061,0.0023902065586298,0.4924656748771667,0.000436472473666,0.5059131979942322,0.0017874587792903,0.0030345229897648,0.4886205494403839,0.0006443165475502,0.5095504522323608,0.0013925550738349,0.0024109908845275,0.486064076423645,0.0005819633370265,0.5040841698646545,0.0036372707691043,0.0062145367264747,0.4853158295154571,0.0007482385262846,0.4912185966968536,0.001122357789427,0.0028266790322959,0.5039178729057312,0.0009145137737505,0.5307297706604004,0.0012470642104744,0.0016835366841405,0.4660279154777527,0.0003117660526186,0.4978488385677337,0.0017666743369773,0.002244715578854,0.497703343629837,0.000436472473666,0.4860017299652099,0.0015796147054061,0.0028682476840913,0.5085943937301636,0.0009560826001688,0.5172614455223083,0.0024525597691535,0.003263151505962,0.4766279458999634,0.0003949036763515,0.5231642127037048,0.0012678486527875,0.0013925550738349,0.4738012850284576,0.0003741192631423,0.5063080787658691,0.002577266190201,0.0040529589168727,0.4863966107368469,0.0006651009316556,0.5161390900611877,0.0020576559472829,0.0035541329998522,0.4777295291423797,0.0005196101265028,0.4926735162734985,0.0057572801597416,0.0065678716637194,0.4940452873706817,0.0009560826001688,0.5007171034812927,0.0014133395161479,0.0030553073156625,0.4940245151519775,0.000789807352703,0.5280901193618774,0.0014756927266716,0.0020368716213852,0.4678985178470611,0.0004988256841897,0.5159728527069092,0.0018913807580247,0.0020576559472829,0.4796624779701233,0.0004156880895607,0.4901585876941681,0.0027227569371461,0.0042400183156132,0.5020888447761536,0.000789807352703,0.5076174736022949,0.0019537340849637,0.0027019726112484,0.4870409369468689,0.0006858853157609,0.4981813728809356,0.0024109908845275,0.0034294265788048,0.4951468706130981,0.0008313761791214,0.5059755444526672,0.001163926674053,0.002577266190201,0.4894727170467376,0.0008105917368084,0.4949182271957397,0.002244715578854,0.0035749175585806,0.4985347092151642,0.0007274541421793,0.504125714302063,0.0020160872954875,0.0032007982954382,0.4899923205375671,0.0006651009316556,0.5047492384910583,0.0019329495262354,0.002972169779241,0.4895974099636078,0.0007482385262846,0.4895766377449035,0.0026396194007247,0.0037411926314234,0.5030033588409424,0.0010392202530056,0.4928813576698303,0.0039282524958252,0.0078149363398551,0.4945025444030761,0.0008729449473321,0.4994700253009796,0.0016627523582428694,0.002556481631472707,0.49547940492630005,0.0008313761791214347
143,0.8549249172210693,0.0,0.0,0.1450751423835754,0.0,0.8551327586174011,0.0,0.0,0.1448673009872436,0.0,0.855153501033783,0.0,0.0,0.1448465138673782,0.0,0.8550288081169128,0.0,0.0,0.1449712216854095,0.0,0.8550288081169128,0.0,0.0,0.1449712216854095,0.0,0.8550288081169128,0.0,0.0,0.1449712216854095,0.0,0.8549456596374512,0.0,0.0,0.14505435526371,0.0,0.8550704121589661,0.0,0.0,0.1449296474456787,0.0,0.8550080060958862,0.0,0.0,0.1449920088052749,0.0,0.8550288081169128,0.0,0.0,0.1449712216854095,0.0,0.8551951050758362,0.0,0.0,0.1448049396276474,0.0,0.855215847492218,0.0,0.0,0.1447841525077819,0.0,0.8549872636795044,0.0,0.0,0.1450127810239792,0.0,0.8551951050758362,0.0,0.0,0.1448049396276474,0.0,0.8550911545753479,0.0,0.0,0.1449088603258133,0.0,0.8551327586174011,0.0,0.0,0.1448673009872436,0.0,0.8550704121589661,0.0,0.0,0.1449296474456787,0.0,0.8551327586174011,0.0,0.0,0.1448673009872436,0.0,0.8550496101379395,0.0,0.0,0.1449504345655441,0.0,0.8550911545753479,0.0,0.0,0.1449088603258133,0.0,0.8549872636795044,0.0,0.0,0.1450127810239792,0.0,0.8550288081169128,0.0,0.0,0.1449712216854095,0.0,0.8550911545753479,0.0,0.0,0.1449088603258133,0.0,0.8550288081169128,0.0,0.0,0.1449712216854095,0.0,0.8550911545753479,0.0,0.0,0.1449088603258133,0.0,0.855153501033783,0.0,0.0,0.1448465138673782,0.0,0.8550911545753479,0.0,0.0,0.1449088603258133,0.0,0.8550496101379395,0.0,0.0,0.1449504345655441,0.0,0.8551119565963745,0.0,0.0,0.144888088107109,0.0,0.8550704121589661,0.0,0.0,0.1449296474456787,0.0,0.5132500529289246,0.0022655001375824,0.0026396194007247,0.4812628626823425,0.0005819633370265,0.5049778819084167,0.0016211834736168,0.002930600894615,0.4899092018604278,0.0005611788947135,0.5079708099365234,0.0013717706315219,0.0023694219999015,0.4878307580947876,0.0004572568868752,0.4966017603874206,0.0040529589168727,0.0073784636333584,0.4909068346023559,0.0010600045789033,0.4987217783927917,0.0013717706315219,0.0023694219999015,0.4971005916595459,0.000436472473666,0.5014029741287231,0.0015380459371954,0.0029513854533433,0.4934633076190948,0.0006443165475502,0.505081832408905,0.0012678486527875,0.0022862844634801,0.4907821416854858,0.0005819633370265,0.4995323717594147,0.0030968762002885,0.0055286516435444,0.4910523295402527,0.000789807352703,0.486770749092102,0.001163926674053,0.0024941284209489,0.5086567401885986,0.0009145137737505,0.5265105366706848,0.000789807352703,0.0018913807580247,0.4704965651035309,0.0003117660526186,0.4935256838798523,0.0013509863056242,0.0023694219999015,0.502317488193512,0.000436472473666,0.481616199016571,0.0015588302630931,0.0020576559472829,0.5138112306594849,0.0009560826001688,0.5126681327819824,0.0021615780424326,0.0035125643480569,0.4812628626823425,0.0003949036763515,0.5188202857971191,0.001122357789427,0.0014756927266716,0.4782075583934784,0.0003741192631423,0.5015900135040283,0.0021407937165349,0.0042400183156132,0.4913433194160461,0.0006858853157609,0.5117120146751404,0.0017043211264535,0.003263151505962,0.4828009307384491,0.0005196101265028,0.4875397682189941,0.0051337475888431,0.0067549315281212,0.4996155202388763,0.0009560826001688,0.4964770674705505,0.0009976513683795,0.002930600894615,0.4988049268722534,0.000789807352703,0.5237669944763184,0.0013509863056242,0.0016419679159298,0.4727412760257721,0.0004988256841897,0.51133793592453,0.0018913807580247,0.0023070687893778,0.4840479791164398,0.0004156880895607,0.4856068193912506,0.0024317752104252,0.0041153118945658,0.5070562958717346,0.000789807352703,0.5030449032783508,0.0019745184108614,0.0028474633581936,0.491447240114212,0.0006858853157609,0.4936296045780182,0.0021823623683303,0.0034917797893285,0.4998649060726166,0.0008313761791214,0.5015276670455933,0.001163926674053,0.0023694219999015,0.4941284358501434,0.0008105917368084,0.4904288053512573,0.0021823623683303,0.0030968762002885,0.5035645365715027,0.0007274541421793,0.4995323717594147,0.0019953027367591,0.0030553073156625,0.4947311580181122,0.0006858853157609,0.5000935196876526,0.0017874587792903,0.0029513854533433,0.4944193959236145,0.0007482385262846,0.4850248396396637,0.0024525597691535,0.003616486210376,0.5078669190406799,0.0010392202530056,0.4877683818340301,0.0038866836111992,0.0072745415382087,0.5001974701881409,0.0008729449473321,0.4950637221336365,0.001558830263093114,0.0023486376740038395,0.5001766681671143,0.0008521605632267892
144,0.8530750870704651,0.0,0.0,0.1469249576330185,0.0,0.8532829284667969,0.0,0.0,0.1467171013355255,0.0,0.8533037304878235,0.0,0.0,0.1466963291168213,0.0,0.8531789779663086,0.0,0.0,0.1468210369348526,0.0,0.8531789779663086,0.0,0.0,0.1468210369348526,0.0,0.8531789779663086,0.0,0.0,0.1468210369348526,0.0,0.8530958890914917,0.0,0.0,0.146904170513153,0.0,0.8532205820083618,0.0,0.0,0.1467794626951217,0.0,0.8531582355499268,0.0,0.0,0.1468418091535568,0.0,0.8531789779663086,0.0,0.0,0.1468210369348526,0.0,0.8533452749252319,0.0,0.0,0.1466547548770904,0.0,0.8533660769462585,0.0,0.0,0.146633967757225,0.0,0.8531374335289001,0.0,0.0,0.1468625962734222,0.0,0.8533452749252319,0.0,0.0,0.1466547548770904,0.0,0.8532413840293884,0.0,0.0,0.1467586755752563,0.0,0.8532829284667969,0.0,0.0,0.1467171013355255,0.0,0.8532205820083618,0.0,0.0,0.1467794626951217,0.0,0.8532829284667969,0.0,0.0,0.1467171013355255,0.0,0.8531997799873352,0.0,0.0,0.1468002498149871,0.0,0.8532413840293884,0.0,0.0,0.1467586755752563,0.0,0.8531374335289001,0.0,0.0,0.1468625962734222,0.0,0.8531789779663086,0.0,0.0,0.1468210369348526,0.0,0.8532413840293884,0.0,0.0,0.1467586755752563,0.0,0.8531789779663086,0.0,0.0,0.1468210369348526,0.0,0.8532413840293884,0.0,0.0,0.1467586755752563,0.0,0.8533037304878235,0.0,0.0,0.1466963291168213,0.0,0.8532413840293884,0.0,0.0,0.1467586755752563,0.0,0.8531997799873352,0.0,0.0,0.1468002498149871,0.0,0.8532621264457703,0.0,0.0,0.1467378884553909,0.0,0.8532205820083618,0.0,0.0,0.1467794626951217,0.0,0.5108806490898132,0.0020992248319089,0.0026188348419964,0.4838193655014038,0.0005819633370265,0.5028786659240723,0.0014756927266716,0.0025564816314727,0.4925280213356018,0.0005611788947135,0.5056430101394653,0.0014341238420456,0.0023902065586298,0.4900754690170288,0.0004572568868752,0.4939413666725158,0.0036788394208997,0.0071498351171612,0.4941699802875519,0.0010600045789033,0.4968096017837524,0.001163926674053,0.0020160872954875,0.4995739459991455,0.000436472473666,0.4990335404872894,0.0015172614948824,0.0026811880525201,0.496123731136322,0.0006443165475502,0.5031280517578125,0.0010600045789033,0.0020784405060112,0.4931515455245971,0.0005819633370265,0.4966641068458557,0.0029513854533433,0.0051961010321974,0.4943778216838836,0.0008105917368084,0.484546810388565,0.0012470642104744,0.0022655001375824,0.51102614402771,0.0009145137737505,0.5244320631027222,0.000789807352703,0.0018913807580247,0.4725750088691711,0.0003117660526186,0.4913640916347503,0.001163926674053,0.0022239312529563,0.5048115849494934,0.000436472473666,0.4794546365737915,0.0014133395161479,0.0020992248319089,0.5160559415817261,0.0009768670424818,0.5103194713592529,0.0020992248319089,0.0035541329998522,0.4836322963237762,0.0003949036763515,0.5167210698127747,0.0008937293896451,0.0017666743369773,0.4802444279193878,0.0003741192631423,0.4989711940288543,0.002244715578854,0.0042192339897155,0.4938790202140808,0.0006858853157609,0.509030818939209,0.0021615780424326,0.0029513854533433,0.4853366315364837,0.0005196101265028,0.4844636619091034,0.0046349219046533,0.0072121880948543,0.5027331709861755,0.0009560826001688,0.4944817721843719,0.0007482385262846,0.0028266790322959,0.5011535286903381,0.000789807352703,0.5218340158462524,0.0010392202530056,0.0017251055687665,0.4749028384685516,0.0004988256841897,0.5093218088150024,0.0015380459371954,0.0019953027367591,0.486708402633667,0.000436472473666,0.4832789599895477,0.0023902065586298,0.0039282524958252,0.5096127986907959,0.000789807352703,0.5008417963981628,0.0018913807580247,0.0028474633581936,0.4937335252761841,0.0006858853157609,0.4912809729576111,0.0017043211264535,0.0035333486739546,0.5026500225067139,0.0008313761791214,0.4993661046028137,0.0012054954422637,0.0019953027367591,0.4966225624084472,0.0008105917368084,0.4883295893669128,0.0017458898946642,0.0030760918743908,0.506121039390564,0.0007274541421793,0.4973915815353393,0.001849811989814,0.0026604037266224,0.4974123537540436,0.0006858853157609,0.497703343629837,0.0018913807580247,0.0028890322428196,0.496768057346344,0.0007482385262846,0.4824267923831939,0.0026604037266224,0.0030137386638671,0.5108598470687866,0.0010392202530056,0.4848585724830627,0.0038866836111992,0.0066925780847668,0.5036892294883728,0.0008729449473321,0.49302685260772705,0.0014756927266716957,0.0022239312529563904,0.5024006366729736,0.0008729449473321438
145,0.8473801612854004,0.0,0.0,0.1526198834180832,0.0,0.8475880026817322,0.0,0.0,0.1524120420217514,0.0,0.8476088047027588,0.0,0.0,0.152391254901886,0.0,0.8474840521812439,0.0,0.0,0.1525159627199173,0.0,0.8474840521812439,0.0,0.0,0.1525159627199173,0.0,0.8474840521812439,0.0,0.0,0.1525159627199173,0.0,0.847400963306427,0.0,0.0,0.1525990962982177,0.0,0.8475256562232971,0.0,0.0,0.1524743884801864,0.0,0.8474633097648621,0.0,0.0,0.1525367349386215,0.0,0.8474840521812439,0.0,0.0,0.1525159627199173,0.0,0.8476503491401672,0.0,0.0,0.1523496806621551,0.0,0.8476711511611938,0.0,0.0,0.1523288935422897,0.0,0.8474425077438354,0.0,0.0,0.1525575220584869,0.0,0.8476503491401672,0.0,0.0,0.1523496806621551,0.0,0.8475464582443237,0.0,0.0,0.152453601360321,0.0,0.8475880026817322,0.0,0.0,0.1524120420217514,0.0,0.8475256562232971,0.0,0.0,0.1524743884801864,0.0,0.8475880026817322,0.0,0.0,0.1524120420217514,0.0,0.8475048542022705,0.0,0.0,0.1524951756000518,0.0,0.8475464582443237,0.0,0.0,0.152453601360321,0.0,0.8474425077438354,0.0,0.0,0.1525575220584869,0.0,0.8474840521812439,0.0,0.0,0.1525159627199173,0.0,0.8475464582443237,0.0,0.0,0.152453601360321,0.0,0.8474840521812439,0.0,0.0,0.1525159627199173,0.0,0.8475464582443237,0.0,0.0,0.152453601360321,0.0,0.8476088047027588,0.0,0.0,0.152391254901886,0.0,0.8475464582443237,0.0,0.0,0.152453601360321,0.0,0.8475048542022705,0.0,0.0,0.1524951756000518,0.0,0.8475672006607056,0.0,0.0,0.1524328142404556,0.0,0.8475256562232971,0.0,0.0,0.1524743884801864,0.0,0.5048531889915466,0.0019329495262354,0.0026396194007247,0.4899923205375671,0.0005819633370265,0.4968096017837524,0.0013094174209982,0.002535697305575,0.4987633526325226,0.0005819633370265,0.4996362924575805,0.0014549082843586,0.0018705963157117,0.4965809881687164,0.0004572568868752,0.4877476096153259,0.0032215826213359,0.0064223809167742,0.5014861226081848,0.001122357789427,0.4909276366233825,0.0009352981578558,0.0018705963157117,0.5058300495147705,0.000436472473666,0.4929852783679962,0.0015796147054061,0.0024109908845275,0.502379834651947,0.0006443165475502,0.4973292350769043,0.000789807352703,0.0022655001375824,0.4990335404872894,0.0005819633370265,0.4906366467475891,0.0026604037266224,0.0045102154836058,0.5013821721076965,0.0008105917368084,0.4785608947277069,0.0012470642104744,0.0019537340849637,0.5173237919807434,0.0009145137737505,0.5183214545249939,0.0010807890212163,0.0014964770525693,0.4787895381450653,0.0003117660526186,0.4853781759738922,0.0010392202530056,0.002244715578854,0.5109014511108398,0.000436472473666,0.473551869392395,0.0011847109999507,0.0019745184108614,0.5223121047019958,0.0009768670424818,0.5044167041778564,0.0017666743369773,0.0035125643480569,0.4899092018604278,0.0003949036763515,0.5107143521308899,0.0010392202530056,0.0017043211264535,0.4861679971218109,0.0003741192631423,0.4928813576698303,0.0021823623683303,0.0038451147265732,0.5004053115844727,0.0006858853157609,0.502837061882019,0.0021407937165349,0.0030968762002885,0.4914056658744812,0.0005196101265028,0.4781660139560699,0.004343940410763,0.0066925780847668,0.5098414421081543,0.0009560826001688,0.4883711338043213,0.0008729449473321,0.0022031469270586,0.5077629685401917,0.000789807352703,0.5159728527069092,0.000789807352703,0.0017874587792903,0.4809303283691406,0.0005196101265028,0.5033566951751709,0.0015588302630931,0.0019953027367591,0.4926527440547943,0.000436472473666,0.4771475791931152,0.0019329495262354,0.0037411926314234,0.5163677334785461,0.0008105917368084,0.4947311580181122,0.0016419679159298,0.0029513854533433,0.4999896287918091,0.0006858853157609,0.4852534830570221,0.0016627523582428,0.0033462890423834,0.5089061260223389,0.0008313761791214,0.4934633076190948,0.00114314223174,0.0017251055687665,0.5028578639030457,0.0008105917368084,0.4822189509868622,0.0015380459371954,0.0032839358318597,0.5122316479682922,0.0007274541421793,0.4912185966968536,0.0017874587792903,0.0026604037266224,0.5036476850509644,0.0006858853157609,0.491613507270813,0.0018705963157117,0.0027227569371461,0.5030449032783508,0.0007482385262846,0.4761083424091339,0.0023486376740038,0.0031176605261862,0.5173861980438232,0.0010392202530056,0.478062093257904,0.0039906054735183,0.0062976744957268,0.5107767581939697,0.0008729449473321,0.4870409369468689,0.0012262798845767975,0.002327853348106146,0.5085319876670837,0.0008729449473321438
146,0.8443664312362671,0.0,0.0,0.1556336134672165,0.0,0.8445742726325989,0.0,0.0,0.1554257720708847,0.0,0.8445950746536255,0.0,0.0,0.1554049849510193,0.0,0.8444703221321106,0.0,0.0,0.1555296927690506,0.0,0.8444703221321106,0.0,0.0,0.1555296927690506,0.0,0.8444703221321106,0.0,0.0,0.1555296927690506,0.0,0.8443871736526489,0.0,0.0,0.155612826347351,0.0,0.8445119261741638,0.0,0.0,0.1554881334304809,0.0,0.8444495797157288,0.0,0.0,0.155550479888916,0.0,0.8444703221321106,0.0,0.0,0.1555296927690506,0.0,0.8446366190910339,0.0,0.0,0.1553634256124496,0.0,0.8446574211120605,0.0,0.0,0.1553426384925842,0.0,0.8444287776947021,0.0,0.0,0.1555712670087814,0.0,0.8446366190910339,0.0,0.0,0.1553634256124496,0.0,0.8445326685905457,0.0,0.0,0.1554673463106155,0.0,0.8445742726325989,0.0,0.0,0.1554257720708847,0.0,0.8445119261741638,0.0,0.0,0.1554881334304809,0.0,0.8445742726325989,0.0,0.0,0.1554257720708847,0.0,0.8444911241531372,0.0,0.0,0.1555089056491851,0.0,0.8445326685905457,0.0,0.0,0.1554673463106155,0.0,0.8444287776947021,0.0,0.0,0.1555712670087814,0.0,0.8444703221321106,0.0,0.0,0.1555296927690506,0.0,0.8445326685905457,0.0,0.0,0.1554673463106155,0.0,0.8444703221321106,0.0,0.0,0.1555296927690506,0.0,0.8445326685905457,0.0,0.0,0.1554673463106155,0.0,0.8445950746536255,0.0,0.0,0.1554049849510193,0.0,0.8445326685905457,0.0,0.0,0.1554673463106155,0.0,0.8444911241531372,0.0,0.0,0.1555089056491851,0.0,0.8445534706115723,0.0,0.0,0.1554465591907501,0.0,0.8445119261741638,0.0,0.0,0.1554881334304809,0.0,0.5015068650245667,0.0017251055687665,0.0023278533481061,0.4938582181930542,0.0005819633370265,0.4935256838798523,0.001163926674053,0.0022655001375824,0.5024629831314087,0.0005819633370265,0.4963315725326538,0.0013925550738349,0.0016211834736168,0.5001974701881409,0.0004572568868752,0.4838609397411346,0.0033462890423834,0.0058404174633324,0.5058092474937439,0.00114314223174,0.4875605404376983,0.0008937293896451,0.001849811989814,0.5092594623565674,0.000436472473666,0.4895974099636078,0.0016419679159298,0.0023486376740038,0.5057677030563354,0.0006443165475502,0.4941907823085785,0.0006858853157609,0.0020160872954875,0.5025045275688171,0.0006027477211318,0.4869578182697296,0.0024525597691535,0.0045102154836058,0.5052688717842102,0.0008105917368084,0.4752146303653717,0.0013302018633112,0.0015588302630931,0.5209818482398987,0.0009145137737505,0.5150375366210938,0.0010184358106926,0.0014756927266716,0.4821566045284271,0.0003117660526186,0.482094258069992,0.0010807890212163,0.0020784405060112,0.5143100619316101,0.000436472473666,0.4701848030090332,0.00114314223174,0.0020576559472829,0.5256375670433044,0.0009768670424818,0.5010080337524414,0.0015796147054061,0.0033878579270094,0.4936296045780182,0.0003949036763515,0.5075551271438599,0.0009352981578558,0.0016835366841405,0.4894519448280334,0.0003741192631423,0.4894727170467376,0.0021615780424326,0.003616486210376,0.5040633678436279,0.0006858853157609,0.4995323717594147,0.0019329495262354,0.0027435412630438,0.4952715635299682,0.0005196101265028,0.4742377400398254,0.0037619771901518,0.0070043443702161,0.5140190720558167,0.0009768670424818,0.485128790140152,0.0009145137737505,0.001808243105188,0.5113586783409119,0.000789807352703,0.5126057863235474,0.0008105917368084,0.001849811989814,0.4842142760753631,0.0005196101265028,0.5001143217086792,0.0011847109999507,0.0023070687893778,0.495957463979721,0.000436472473666,0.4737597107887268,0.0017251055687665,0.0033462890423834,0.5203583240509033,0.0008105917368084,0.4912601709365845,0.0016835366841405,0.0026396194007247,0.503730833530426,0.0006858853157609,0.4816577732563019,0.001849811989814,0.0031800137367099,0.5124810338020325,0.0008313761791214,0.4900754690170288,0.0012262798845767,0.0016003991477191,0.5062872767448425,0.0008105917368084,0.4788726568222046,0.0013717706315219,0.0031176605261862,0.5159105062484741,0.0007274541421793,0.4877683818340301,0.0016835366841405,0.0027851101476699,0.5070770978927612,0.0006858853157609,0.4883087873458862,0.0017666743369773,0.0024733440950512,0.5067029595375061,0.0007482385262846,0.4725542068481445,0.0023486376740038,0.003263151505962,0.5207948088645935,0.0010392202530056,0.4745287299156189,0.0036788394208997,0.0058404174633324,0.5150790810585022,0.0008729449473321,0.4836946427822113,0.0011015734635293484,0.0023070687893778086,0.5120238065719604,0.0008729449473321438
147,0.8442624807357788,0.0,0.0,0.1557375341653823,0.0,0.8444703221321106,0.0,0.0,0.1555296927690506,0.0,0.8444911241531372,0.0,0.0,0.1555089056491851,0.0,0.8443664312362671,0.0,0.0,0.1556336134672165,0.0,0.8443664312362671,0.0,0.0,0.1556336134672165,0.0,0.8443664312362671,0.0,0.0,0.1556336134672165,0.0,0.8442832827568054,0.0,0.0,0.1557167619466781,0.0,0.8444079756736755,0.0,0.0,0.1555920541286468,0.0,0.8443456292152405,0.0,0.0,0.1556544005870819,0.0,0.8443664312362671,0.0,0.0,0.1556336134672165,0.0,0.8445326685905457,0.0,0.0,0.1554673463106155,0.0,0.8445534706115723,0.0,0.0,0.1554465591907501,0.0,0.8443248271942139,0.0,0.0,0.1556751877069473,0.0,0.8445326685905457,0.0,0.0,0.1554673463106155,0.0,0.8444287776947021,0.0,0.0,0.1555712670087814,0.0,0.8444703221321106,0.0,0.0,0.1555296927690506,0.0,0.8444079756736755,0.0,0.0,0.1555920541286468,0.0,0.8444703221321106,0.0,0.0,0.1555296927690506,0.0,0.8443871736526489,0.0,0.0,0.155612826347351,0.0,0.8444287776947021,0.0,0.0,0.1555712670087814,0.0,0.8443248271942139,0.0,0.0,0.1556751877069473,0.0,0.8443664312362671,0.0,0.0,0.1556336134672165,0.0,0.8444287776947021,0.0,0.0,0.1555712670087814,0.0,0.8443664312362671,0.0,0.0,0.1556336134672165,0.0,0.8444287776947021,0.0,0.0,0.1555712670087814,0.0,0.8444911241531372,0.0,0.0,0.1555089056491851,0.0,0.8444287776947021,0.0,0.0,0.1555712670087814,0.0,0.8443871736526489,0.0,0.0,0.155612826347351,0.0,0.8444495797157288,0.0,0.0,0.155550479888916,0.0,0.8444079756736755,0.0,0.0,0.1555920541286468,0.0,0.5006131529808044,0.0019745184108614,0.0024941284209489,0.4943362772464752,0.0005819633370265,0.493026852607727,0.0012886330951005,0.0019745184108614,0.5031280517578125,0.0005819633370265,0.4957080483436584,0.0016003991477191,0.0016003991477191,0.500633955001831,0.0004572568868752,0.4826346337795257,0.0033047201577574,0.0053623761050403,0.5075551271438599,0.00114314223174,0.4869162440299988,0.00114314223174,0.0018705963157117,0.5096336007118225,0.000436472473666,0.4889115393161773,0.001829027547501,0.0021823623683303,0.5064327716827393,0.0006443165475502,0.4936919510364532,0.0007274541421793,0.0017458898946642,0.5032320022583008,0.0006027477211318,0.4858354330062866,0.0030345229897648,0.0040737432427704,0.5062457323074341,0.0008105917368084,0.4748197197914123,0.0012886330951005,0.0014549082843586,0.5215222835540771,0.0009145137737505,0.5146633982658386,0.0011847109999507,0.0013509863056242,0.4824891686439514,0.0003117660526186,0.4815746545791626,0.0012886330951005,0.0019745184108614,0.5147257447242737,0.000436472473666,0.4697690904140472,0.0011847109999507,0.001849811989814,0.5262195467948914,0.0009768670424818,0.5002598166465759,0.0017458898946642,0.002930600894615,0.4946688115596771,0.0003949036763515,0.5072433948516846,0.0009145137737505,0.0014964770525693,0.4899715483188629,0.0003741192631423,0.4885997772216797,0.0023278533481061,0.0031800137367099,0.5052065253257751,0.0006858853157609,0.4988049268722534,0.002244715578854,0.0023694219999015,0.4960613846778869,0.0005196101265028,0.4734271466732025,0.0034502111375331,0.0067757158540189,0.5153700709342957,0.0009768670424818,0.4848793745040893,0.0009352981578558,0.0015380459371954,0.5118575096130371,0.000789807352703,0.5121484994888306,0.0009560826001688,0.0016835366841405,0.4846923053264618,0.0005196101265028,0.4996155202388763,0.0010600045789033,0.0024109908845275,0.4964770674705505,0.000436472473666,0.4732193052768707,0.0017251055687665,0.0031592294108122,0.521085798740387,0.0008105917368084,0.4906782209873199,0.0017043211264535,0.0024109908845275,0.5045206546783447,0.0006858853157609,0.4812213182449341,0.0017458898946642,0.0028474633581936,0.5133540034294128,0.0008313761791214,0.4896389842033386,0.0012262798845767,0.0014964770525693,0.506827712059021,0.0008105917368084,0.4780828654766083,0.0016835366841405,0.0026188348419964,0.516887366771698,0.0007274541421793,0.4870409369468689,0.001829027547501,0.0024941284209489,0.5079500675201416,0.0006858853157609,0.4875605404376983,0.0018705963157117,0.0024733440950512,0.5073472857475281,0.0007482385262846,0.47197225689888,0.0023902065586298,0.0030760918743908,0.5215222835540771,0.0010392202530056,0.4736557900905609,0.0034502111375331,0.0049259038642048,0.5170952081680298,0.0008729449473321,0.4830295443534851,0.0013717706315219402,0.0019537340849637985,0.5127720236778259,0.0008729449473321438
148,0.8427452445030212,0.0,0.0,0.1572548002004623,0.0,0.842953085899353,0.0,0.0,0.1570469588041305,0.0,0.8429738879203796,0.0,0.0,0.1570261716842651,0.0,0.8428491353988647,0.0,0.0,0.1571508795022964,0.0,0.8428491353988647,0.0,0.0,0.1571508795022964,0.0,0.8428491353988647,0.0,0.0,0.1571508795022964,0.0,0.8427660465240479,0.0,0.0,0.1572340130805969,0.0,0.842890739440918,0.0,0.0,0.1571093052625656,0.0,0.8428283929824829,0.0,0.0,0.1571716666221618,0.0,0.8428491353988647,0.0,0.0,0.1571508795022964,0.0,0.8430154323577881,0.0,0.0,0.1569845974445343,0.0,0.8430362343788147,0.0,0.0,0.15696382522583,0.0,0.8428075909614563,0.0,0.0,0.1571924537420272,0.0,0.8430154323577881,0.0,0.0,0.1569845974445343,0.0,0.8429114818572998,0.0,0.0,0.1570885330438614,0.0,0.842953085899353,0.0,0.0,0.1570469588041305,0.0,0.842890739440918,0.0,0.0,0.1571093052625656,0.0,0.842953085899353,0.0,0.0,0.1570469588041305,0.0,0.8428699374198914,0.0,0.0,0.157130092382431,0.0,0.8429114818572998,0.0,0.0,0.1570885330438614,0.0,0.8428075909614563,0.0,0.0,0.1571924537420272,0.0,0.8428491353988647,0.0,0.0,0.1571508795022964,0.0,0.8429114818572998,0.0,0.0,0.1570885330438614,0.0,0.8428491353988647,0.0,0.0,0.1571508795022964,0.0,0.8429114818572998,0.0,0.0,0.1570885330438614,0.0,0.8429738879203796,0.0,0.0,0.1570261716842651,0.0,0.8429114818572998,0.0,0.0,0.1570885330438614,0.0,0.8428699374198914,0.0,0.0,0.157130092382431,0.0,0.8429322838783264,0.0,0.0,0.1570677459239959,0.0,0.842890739440918,0.0,0.0,0.1571093052625656,0.0,0.498410016298294,0.0021407937165349,0.0027851101476699,0.4960821568965912,0.0005819633370265,0.4910523295402527,0.0014964770525693,0.0018705963157117,0.5049986839294434,0.0005819633370265,0.49383744597435,0.0014756927266716,0.001849811989814,0.502379834651947,0.0004572568868752,0.4797248244285583,0.0038866836111992,0.0048635504208505,0.510381817817688,0.00114314223174,0.4849417209625244,0.0015380459371954,0.0014341238420456,0.5116496682167053,0.000436472473666,0.486999362707138,0.0017043211264535,0.0020576559472829,0.5085943937301636,0.0006443165475502,0.4919668436050415,0.0008313761791214,0.0013717706315219,0.505227267742157,0.0006027477211318,0.4833205342292785,0.0030137386638671,0.0041153118945658,0.5087398886680603,0.0008105917368084,0.4731777310371399,0.0010392202530056,0.0015380459371954,0.5233305096626282,0.0009145137737505,0.5129798650741577,0.001122357789427,0.0010184358106926,0.4845676124095917,0.0003117660526186,0.4797456264495849,0.0012886330951005,0.0016627523582428,0.5168665647506714,0.000436472473666,0.4679400622844696,0.0011847109999507,0.0018705963157117,0.5280277729034424,0.0009768670424818,0.4982437491416931,0.0017458898946642,0.0026604037266224,0.4969550967216491,0.0003949036763515,0.5053935647010803,0.0009976513683795,0.0013717706315219,0.4918629229068756,0.0003741192631423,0.4865213334560394,0.0021200091578066,0.0029098165687173,0.5077629685401917,0.0006858853157609,0.497059017419815,0.0016419679159298,0.002535697305575,0.4982437491416931,0.0005196101265028,0.4703718423843384,0.0037619771901518,0.0063600274734199,0.5185292959213257,0.0009768670424818,0.483133465051651,0.0010184358106926,0.00114314223174,0.5139151811599731,0.000789807352703,0.5105065107345581,0.0009976513683795,0.0014341238420456,0.4865421056747436,0.0005196101265028,0.4977449178695678,0.0012470642104744,0.0020576559472829,0.4985139369964599,0.000436472473666,0.4712032377719879,0.0017458898946642,0.0029098165687173,0.5233305096626282,0.0008105917368084,0.4888076186180115,0.0017043211264535,0.0023278533481061,0.5064743757247925,0.0006858853157609,0.479329913854599,0.0016211834736168,0.0026811880525201,0.515536367893219,0.0008313761791214,0.4878723323345184,0.001163926674053,0.0014756927266716,0.5086567401885986,0.0008313761791214,0.475775808095932,0.0022239312529563,0.0024317752104252,0.5188410878181458,0.0007274541421793,0.4853366315364837,0.0017251055687665,0.0022862844634801,0.5099661350250244,0.0006858853157609,0.4855028986930847,0.0018705963157117,0.0023278533481061,0.5095504522323608,0.0007482385262846,0.4696859717369079,0.0024109908845275,0.0032007982954382,0.5236630439758301,0.0010392202530056,0.4713487029075622,0.0031800137367099,0.0049466881901025,0.5196516513824463,0.0008729449473321,0.48105502128601074,0.001641967915929854,0.0017458898946642876,0.5146842002868652,0.0008729449473321438
149,0.8407707214355469,0.0,0.0,0.1592293232679367,0.0,0.8409785628318787,0.0,0.0,0.1590214818716049,0.0,0.8409993648529053,0.0,0.0,0.1590006947517395,0.0,0.8408746123313904,0.0,0.0,0.1591254025697708,0.0,0.8408746123313904,0.0,0.0,0.1591254025697708,0.0,0.8408746123313904,0.0,0.0,0.1591254025697708,0.0,0.8407915234565735,0.0,0.0,0.1592085361480713,0.0,0.8409162163734436,0.0,0.0,0.1590838283300399,0.0,0.8408538699150085,0.0,0.0,0.1591461896896362,0.0,0.8408746123313904,0.0,0.0,0.1591254025697708,0.0,0.8410409092903137,0.0,0.0,0.1589591205120086,0.0,0.8410617113113403,0.0,0.0,0.1589383333921432,0.0,0.8408330678939819,0.0,0.0,0.1591669619083404,0.0,0.8410409092903137,0.0,0.0,0.1589591205120086,0.0,0.8409370183944702,0.0,0.0,0.1590630412101745,0.0,0.8409785628318787,0.0,0.0,0.1590214818716049,0.0,0.8409162163734436,0.0,0.0,0.1590838283300399,0.0,0.8409785628318787,0.0,0.0,0.1590214818716049,0.0,0.840895414352417,0.0,0.0,0.1591046154499054,0.0,0.8409370183944702,0.0,0.0,0.1590630412101745,0.0,0.8408330678939819,0.0,0.0,0.1591669619083404,0.0,0.8408746123313904,0.0,0.0,0.1591254025697708,0.0,0.8409370183944702,0.0,0.0,0.1590630412101745,0.0,0.8408746123313904,0.0,0.0,0.1591254025697708,0.0,0.8409370183944702,0.0,0.0,0.1590630412101745,0.0,0.8409993648529053,0.0,0.0,0.1590006947517395,0.0,0.8409370183944702,0.0,0.0,0.1590630412101745,0.0,0.840895414352417,0.0,0.0,0.1591046154499054,0.0,0.840957760810852,0.0,0.0,0.1590422540903091,0.0,0.8409162163734436,0.0,0.0,0.1590838283300399,0.0,0.4959990084171295,0.002244715578854,0.0024317752104252,0.4987425506114959,0.0005819633370265,0.4886828958988189,0.0015172614948824,0.001849811989814,0.5073680877685547,0.0005819633370265,0.4912809729576111,0.0017458898946642,0.0017458898946642,0.504770040512085,0.0004572568868752,0.4767734408378601,0.0043647247366607,0.0041776653379201,0.513541042804718,0.00114314223174,0.4825722873210907,0.0017458898946642,0.0013509863056242,0.5138943791389465,0.000436472473666,0.4846715331077575,0.0017043211264535,0.0018705963157117,0.5111092925071716,0.0006443165475502,0.4898468255996704,0.0008729449473321,0.001163926674053,0.5075135827064514,0.0006027477211318,0.4807224869728088,0.0033047201577574,0.0032839358318597,0.5118783116340637,0.0008105917368084,0.4709330201148987,0.0010184358106926,0.0015380459371954,0.525596022605896,0.0009145137737505,0.5108598470687866,0.0008521605632267,0.0012054954422637,0.486770749092102,0.0003117660526186,0.477521687746048,0.0012470642104744,0.0014549082843586,0.519339919090271,0.000436472473666,0.46577849984169,0.001163926674053,0.0016211834736168,0.5304595828056335,0.0009768670424818,0.4958327412605285,0.0019745184108614,0.0023070687893778,0.4994907975196838,0.0003949036763515,0.5030033588409424,0.0011015734635293,0.0012054954422637,0.4943154752254486,0.0003741192631423,0.4839440584182739,0.0023278533481061,0.0026396194007247,0.5104026198387146,0.0006858853157609,0.4947935342788696,0.0014341238420456,0.0026604037266224,0.5005923509597778,0.0005196101265028,0.4673996865749359,0.0041568810120224,0.0052376696839928,0.5222081542015076,0.0009976513683795,0.4809511005878448,0.0008105917368084,0.001163926674053,0.5162845849990845,0.000789807352703,0.5083449482917786,0.0010184358106926,0.0012054954422637,0.4889115393161773,0.0005196101265028,0.4953339099884033,0.0014133395161479,0.001808243105188,0.5010080337524414,0.000436472473666,0.4684804677963257,0.0020576559472829,0.0028266790322959,0.5258246660232544,0.0008105917368084,0.4865213334560394,0.0016003991477191,0.0023070687893778,0.5088853240013123,0.0006858853157609,0.4768357872962951,0.001808243105188,0.0020368716213852,0.5184877514839172,0.0008313761791214,0.4855236709117889,0.0013302018633112,0.0014133395161479,0.5108806490898132,0.0008521605632267,0.4734271466732025,0.0021823623683303,0.0021615780424326,0.5215014815330505,0.0007274541421793,0.4828009307384491,0.001808243105188,0.0023278533481061,0.512377142906189,0.0006858853157609,0.4832997620105743,0.0017043211264535,0.0022862844634801,0.5119614601135254,0.0007482385262846,0.4671502709388733,0.0023486376740038,0.0032839358318597,0.5261780023574829,0.0010392202530056,0.4685843884944916,0.0028682476840913,0.0049882568418979,0.5226653814315796,0.0008937293896451,0.47893503308296204,0.0014964770525693893,0.001766674336977303,0.5169289112091064,0.0008729449473321438
150,0.8228129744529724,0.0,0.0,0.1771870404481887,0.0,0.8230208158493042,0.0,0.0,0.176979199051857,0.0,0.8230416178703308,0.0,0.0,0.1769584119319915,0.0,0.8229169249534607,0.0,0.0,0.1770831197500229,0.0,0.8229169249534607,0.0,0.0,0.1770831197500229,0.0,0.8229169249534607,0.0,0.0,0.1770831197500229,0.0,0.822833776473999,0.0,0.0,0.1771662533283233,0.0,0.8229584693908691,0.0,0.0,0.1770415604114532,0.0,0.8228961229324341,0.0,0.0,0.1771039068698883,0.0,0.8229169249534607,0.0,0.0,0.1770831197500229,0.0,0.8230831623077393,0.0,0.0,0.1769168525934219,0.0,0.8231039643287659,0.0,0.0,0.1768960654735565,0.0,0.8228753209114075,0.0,0.0,0.1771246939897537,0.0,0.8230831623077393,0.0,0.0,0.1769168525934219,0.0,0.8229792714118958,0.0,0.0,0.1770207732915878,0.0,0.8230208158493042,0.0,0.0,0.176979199051857,0.0,0.8229584693908691,0.0,0.0,0.1770415604114532,0.0,0.8230208158493042,0.0,0.0,0.176979199051857,0.0,0.8229376673698425,0.0,0.0,0.1770623326301574,0.0,0.8229792714118958,0.0,0.0,0.1770207732915878,0.0,0.8228753209114075,0.0,0.0,0.1771246939897537,0.0,0.8229169249534607,0.0,0.0,0.1770831197500229,0.0,0.8229792714118958,0.0,0.0,0.1770207732915878,0.0,0.8229169249534607,0.0,0.0,0.1770831197500229,0.0,0.8229792714118958,0.0,0.0,0.1770207732915878,0.0,0.8230416178703308,0.0,0.0,0.1769584119319915,0.0,0.8229792714118958,0.0,0.0,0.1770207732915878,0.0,0.8229376673698425,0.0,0.0,0.1770623326301574,0.0,0.8230000734329224,0.0,0.0,0.1769999861717224,0.0,0.8229584693908691,0.0,0.0,0.1770415604114532,0.0,0.4777918756008148,0.0021615780424326,0.0022655001375824,0.5171990990638733,0.0005819633370265,0.4704757630825043,0.0014964770525693,0.0015796147054061,0.5258662104606628,0.0005819633370265,0.472907543182373,0.0018705963157117,0.0017458898946642,0.5230187177658081,0.0004572568868752,0.4583168923854828,0.0039906054735183,0.0040945275686681,0.5324548482894897,0.00114314223174,0.4643235802650451,0.0016835366841405,0.0012886330951005,0.5322678089141846,0.000436472473666,0.4663604497909546,0.0016835366841405,0.0019537340849637,0.5293579697608948,0.0006443165475502,0.4717020392417907,0.0009352981578558,0.0009145137737505,0.5258454084396362,0.0006027477211318,0.4622451364994049,0.0031592294108122,0.0033255047164857,0.5304595828056335,0.0008105917368084,0.4528090357780456,0.0008521605632267,0.0015796147054061,0.5438446998596191,0.0009145137737505,0.4925903677940368,0.0008937293896451,0.0013509863056242,0.50483238697052,0.0003325504658278,0.4594392478466034,0.0011015734635293,0.0013094174209982,0.5377132892608643,0.000436472473666,0.4473635256290436,0.0012678486527875,0.0015380459371954,0.5488537549972534,0.0009768670424818,0.4773761928081512,0.0020784405060112,0.0021615780424326,0.517988920211792,0.0003949036763515,0.4849209189414978,0.0010807890212163,0.0011847109999507,0.5124186873435974,0.0003949036763515,0.4656537771224975,0.0022655001375824,0.002577266190201,0.5288175940513611,0.0006858853157609,0.4762538373470306,0.0017251055687665,0.0024317752104252,0.5190489292144775,0.0005403945106081,0.4487352967262268,0.0039490368217229,0.0052584540098905,0.5409972667694092,0.0010600045789033,0.4626816213130951,0.0008937293896451,0.0011015734635293,0.5345333218574524,0.000789807352703,0.4900754690170288,0.0009768670424818,0.00114314223174,0.5072641372680664,0.0005403945106081,0.4770644307136535,0.0014964770525693,0.0017874587792903,0.5192152261734009,0.000436472473666,0.4501486122608185,0.0020576559472829,0.0023070687893778,0.5446760654449463,0.0008105917368084,0.4682102799415588,0.0014964770525693,0.0020992248319089,0.5275081992149353,0.0006858853157609,0.4586286544799804,0.0014756927266716,0.002244715578854,0.536819577217102,0.0008313761791214,0.4673996865749359,0.001122357789427,0.0015172614948824,0.5290669798851013,0.0008937293896451,0.4550537467002868,0.0022655001375824,0.0018705963157117,0.5400619506835938,0.0007482385262846,0.4646561443805694,0.0015588302630931,0.0022239312529563,0.5308752655982971,0.0006858853157609,0.4652173221111297,0.0015380459371954,0.0021615780424326,0.5303348302841187,0.0007482385262846,0.4485898017883301,0.0024109908845275,0.0028890322428196,0.5450502038002014,0.0010600045789033,0.4498368501663208,0.0031384450849145,0.0045102154836058,0.5415999889373779,0.0009145137737505,0.4607902467250824,0.0013509863056242466,0.001558830263093114,0.5354270339012146,0.0008729449473321438
151,0.8199862837791443,0.0,0.0,0.1800137311220169,0.0,0.8201941847801208,0.0,0.0,0.1798058748245239,0.0,0.8202149271965027,0.0,0.0,0.1797851026058197,0.0,0.8200902342796326,0.0,0.0,0.1799097955226898,0.0,0.8200902342796326,0.0,0.0,0.1799097955226898,0.0,0.8200902342796326,0.0,0.0,0.1799097955226898,0.0,0.8200070858001709,0.0,0.0,0.1799929440021515,0.0,0.820131778717041,0.0,0.0,0.1798682361841201,0.0,0.820069432258606,0.0,0.0,0.1799305826425552,0.0,0.8200902342796326,0.0,0.0,0.1799097955226898,0.0,0.8202565312385559,0.0,0.0,0.1797435283660888,0.0,0.8202772736549377,0.0,0.0,0.1797227412462234,0.0,0.8200486898422241,0.0,0.0,0.1799513697624206,0.0,0.8202565312385559,0.0,0.0,0.1797435283660888,0.0,0.8201525807380676,0.0,0.0,0.1798474490642547,0.0,0.8201941847801208,0.0,0.0,0.1798058748245239,0.0,0.820131778717041,0.0,0.0,0.1798682361841201,0.0,0.8201941847801208,0.0,0.0,0.1798058748245239,0.0,0.8201110363006592,0.0,0.0,0.1798890233039856,0.0,0.8201525807380676,0.0,0.0,0.1798474490642547,0.0,0.8200486898422241,0.0,0.0,0.1799513697624206,0.0,0.8200902342796326,0.0,0.0,0.1799097955226898,0.0,0.8201525807380676,0.0,0.0,0.1798474490642547,0.0,0.8200902342796326,0.0,0.0,0.1799097955226898,0.0,0.8201525807380676,0.0,0.0,0.1798474490642547,0.0,0.8202149271965027,0.0,0.0,0.1797851026058197,0.0,0.8201525807380676,0.0,0.0,0.1798474490642547,0.0,0.8201110363006592,0.0,0.0,0.1798890233039856,0.0,0.8201733827590942,0.0,0.0,0.1798266619443893,0.0,0.820131778717041,0.0,0.0,0.1798682361841201,0.0,0.4746326506137848,0.0017043211264535,0.0025149129796773,0.5205661654472351,0.0005819633370265,0.4672541916370392,0.0014964770525693,0.0015588302630931,0.5291085839271545,0.0005819633370265,0.4697898924350738,0.0016419679159298,0.0019121652003377,0.5261987447738647,0.0004572568868752,0.4549914002418518,0.0033670733682811,0.0044686468318104,0.5360297560691833,0.00114314223174,0.4612267017364502,0.0014133395161479,0.0014341238420456,0.5354893803596497,0.000436472473666,0.4632220268249511,0.0014133395161479,0.0022239312529563,0.532496452331543,0.0006443165475502,0.4686883091926574,0.0007274541421793,0.0010807890212163,0.5289007425308228,0.0006027477211318,0.4589404165744781,0.0026188348419964,0.0034709954634308,0.5341591835021973,0.0008105917368084,0.4496705830097198,0.0008729449473321,0.0016211834736168,0.5469000339508057,0.0009352981578558,0.4895558655261993,0.0008313761791214,0.0012886330951005,0.50799161195755,0.0003325504658278,0.4564047157764435,0.0008937293896451,0.0014964770525693,0.5407686233520508,0.000436472473666,0.4442874193191528,0.0012054954422637,0.0014549082843586,0.5520753264427185,0.0009768670424818,0.4744040369987488,0.0015796147054061,0.0022239312529563,0.521397590637207,0.0003949036763515,0.4819279909133911,0.0010392202530056,0.00114314223174,0.5154947638511658,0.0003949036763515,0.4624114334583282,0.0019121652003377,0.002930600894615,0.5320391654968262,0.0007066697580739,0.4729906916618347,0.0015380459371954,0.0025564816314727,0.5223744511604309,0.0005403945106081,0.4450148642063141,0.0041360962204635,0.0044686468318104,0.5452788472175598,0.0011015734635293,0.4593976736068725,0.0012054954422637,0.0010600045789033,0.5375470519065857,0.000789807352703,0.4869578182697296,0.0009145137737505,0.001163926674053,0.5104234218597412,0.0005403945106081,0.4740091264247894,0.0013302018633112,0.0015796147054061,0.5226446390151978,0.000436472473666,0.4470309615135193,0.0019121652003377,0.0021615780424326,0.5480847358703613,0.0008105917368084,0.4648224115371704,0.0015796147054061,0.0021615780424326,0.5307297706604004,0.0007066697580739,0.4556149244308471,0.0013302018633112,0.0021823623683303,0.5400411486625671,0.0008313761791214,0.4643028080463409,0.0010600045789033,0.0015588302630931,0.5321846604347229,0.0008937293896451,0.4519568681716919,0.001849811989814,0.0020576559472829,0.5433874726295471,0.0007482385262846,0.461434543132782,0.0013302018633112,0.0023070687893778,0.5342423319816589,0.0006858853157609,0.4620788693428039,0.0012054954422637,0.0024109908845275,0.5335564613342285,0.0007482385262846,0.4450148642063141,0.0026811880525201,0.0028266790322959,0.5484172701835632,0.0010600045789033,0.4461995959281921,0.0031800137367099,0.0044478625059127,0.5452580451965332,0.0009145137737505,0.4576517939567566,0.0011015734635293484,0.0016627523582428694,0.5387109518051147,0.0008729449473321438
152,0.8145408034324646,0.0,0.0,0.1854592412710189,0.0,0.8147486448287964,0.0,0.0,0.1852513998746872,0.0,0.814769446849823,0.0,0.0,0.1852306127548217,0.0,0.8146446943283081,0.0,0.0,0.1853553205728531,0.0,0.8146446943283081,0.0,0.0,0.1853553205728531,0.0,0.8146446943283081,0.0,0.0,0.1853553205728531,0.0,0.8145616054534912,0.0,0.0,0.1854384541511535,0.0,0.8146862983703613,0.0,0.0,0.1853137463331222,0.0,0.8146239519119263,0.0,0.0,0.1853761076927185,0.0,0.8146446943283081,0.0,0.0,0.1853553205728531,0.0,0.8148109912872314,0.0,0.0,0.1851890385150909,0.0,0.8148317933082581,0.0,0.0,0.1851682513952255,0.0,0.8146031498908997,0.0,0.0,0.1853968799114227,0.0,0.8148109912872314,0.0,0.0,0.1851890385150909,0.0,0.8147071003913879,0.0,0.0,0.1852929592132568,0.0,0.8147486448287964,0.0,0.0,0.1852513998746872,0.0,0.8146862983703613,0.0,0.0,0.1853137463331222,0.0,0.8147486448287964,0.0,0.0,0.1852513998746872,0.0,0.8146654963493347,0.0,0.0,0.1853345334529876,0.0,0.8147071003913879,0.0,0.0,0.1852929592132568,0.0,0.8146031498908997,0.0,0.0,0.1853968799114227,0.0,0.8146446943283081,0.0,0.0,0.1853553205728531,0.0,0.8147071003913879,0.0,0.0,0.1852929592132568,0.0,0.8146446943283081,0.0,0.0,0.1853553205728531,0.0,0.8147071003913879,0.0,0.0,0.1852929592132568,0.0,0.814769446849823,0.0,0.0,0.1852306127548217,0.0,0.8147071003913879,0.0,0.0,0.1852929592132568,0.0,0.8146654963493347,0.0,0.0,0.1853345334529876,0.0,0.8147278428077698,0.0,0.0,0.1852721720933914,0.0,0.8146862983703613,0.0,0.0,0.1853137463331222,0.0,0.4686467349529266,0.0015588302630931,0.0026604037266224,0.5265520811080933,0.0005819633370265,0.4613514244556427,0.0014964770525693,0.0017458898946642,0.5348243117332458,0.0005819633370265,0.4641157388687134,0.0015172614948824,0.0019537340849637,0.5319560170173645,0.0004572568868752,0.4487352967262268,0.0027851101476699,0.0046972753480076,0.5426391959190369,0.00114314223174,0.4555733501911163,0.001163926674053,0.0016003991477191,0.5412259101867676,0.000436472473666,0.4573816061019897,0.0014133395161479,0.0022239312529563,0.5383368730545044,0.0006443165475502,0.4630349576473236,0.0007274541421793,0.0009352981578558,0.5346788167953491,0.0006235321052372,0.4530168771743774,0.0020992248319089,0.004032174590975,0.5400204062461853,0.0008313761791214,0.4440380036830902,0.0009352981578558,0.0014133395161479,0.552678108215332,0.0009352981578558,0.4838817119598388,0.0008937293896451,0.0013509863056242,0.513541042804718,0.0003325504658278,0.4506266713142395,0.0009145137737505,0.0016003991477191,0.546422004699707,0.000436472473666,0.438696414232254,0.0010392202530056,0.0014964770525693,0.5577910542488098,0.0009768670424818,0.4686259627342224,0.0014133395161479,0.002244715578854,0.5273211002349854,0.0003949036763515,0.4763369858264923,0.0008521605632267,0.0012470642104744,0.5211689472198486,0.0003949036763515,0.4565710127353668,0.0017458898946642,0.0028890322428196,0.5380874276161194,0.0007066697580739,0.4671710431575775,0.0016835366841405,0.0024733440950512,0.5281317234039307,0.0005403945106081,0.4387172162532806,0.0034502111375331,0.0049882568418979,0.55172199010849,0.001122357789427,0.4538274705410003,0.0011015734635293,0.001163926674053,0.5431172847747803,0.000789807352703,0.4813044369220733,0.0009976513683795,0.0010807890212163,0.5160767436027527,0.0005403945106081,0.4682726263999939,0.0012678486527875,0.0014133395161479,0.5286097526550293,0.000436472473666,0.4413152635097503,0.0016835366841405,0.0022239312529563,0.5539459586143494,0.0008313761791214,0.4591690599918365,0.0014341238420456,0.0020576559472829,0.5366325378417969,0.0007066697580739,0.4498160779476166,0.0013094174209982,0.0021200091578066,0.5459231734275818,0.0008313761791214,0.4585870802402496,0.0010807890212163,0.0014756927266716,0.5379419326782227,0.0009145137737505,0.4461580216884613,0.0014133395161479,0.0024733440950512,0.5492070913314819,0.0007482385262846,0.4555525779724121,0.0015796147054061,0.0020160872954875,0.540165901184082,0.0006858853157609,0.4564462900161743,0.0008521605632267,0.0024109908845275,0.5395423173904419,0.0007482385262846,0.4391328990459442,0.0023486376740038,0.0031592294108122,0.5542992949485779,0.0010600045789033,0.4400058388710022,0.0031384450849145,0.0042400183156132,0.5516804456710815,0.0009352981578558,0.45201921463012695,0.0008313761791214347,0.0018290275475010276,0.5444474816322327,0.0008729449473321438
153,0.8133768439292908,0.0,0.0,0.1866231709718704,0.0,0.8135846853256226,0.0,0.0,0.1864153146743774,0.0,0.8136054873466492,0.0,0.0,0.1863945424556732,0.0,0.813480794429779,0.0,0.0,0.1865192353725433,0.0,0.813480794429779,0.0,0.0,0.1865192353725433,0.0,0.813480794429779,0.0,0.0,0.1865192353725433,0.0,0.8133976459503174,0.0,0.0,0.186602383852005,0.0,0.8135223388671875,0.0,0.0,0.1864776760339737,0.0,0.8134599924087524,0.0,0.0,0.1865400224924087,0.0,0.813480794429779,0.0,0.0,0.1865192353725433,0.0,0.8136470913887024,0.0,0.0,0.1863529682159423,0.0,0.8136678338050842,0.0,0.0,0.1863321810960769,0.0,0.8134392499923706,0.0,0.0,0.1865608096122741,0.0,0.8136470913887024,0.0,0.0,0.1863529682159423,0.0,0.8135431408882141,0.0,0.0,0.1864568889141082,0.0,0.8135846853256226,0.0,0.0,0.1864153146743774,0.0,0.8135223388671875,0.0,0.0,0.1864776760339737,0.0,0.8135846853256226,0.0,0.0,0.1864153146743774,0.0,0.8135015964508057,0.0,0.0,0.1864984631538391,0.0,0.8135431408882141,0.0,0.0,0.1864568889141082,0.0,0.8134392499923706,0.0,0.0,0.1865608096122741,0.0,0.813480794429779,0.0,0.0,0.1865192353725433,0.0,0.8135431408882141,0.0,0.0,0.1864568889141082,0.0,0.813480794429779,0.0,0.0,0.1865192353725433,0.0,0.8135431408882141,0.0,0.0,0.1864568889141082,0.0,0.8136054873466492,0.0,0.0,0.1863945424556732,0.0,0.8135431408882141,0.0,0.0,0.1864568889141082,0.0,0.8135015964508057,0.0,0.0,0.1864984631538391,0.0,0.8135639429092407,0.0,0.0,0.1864361017942428,0.0,0.8135223388671875,0.0,0.0,0.1864776760339737,0.0,0.4669632017612457,0.0016419679159298,0.002577266190201,0.5282356142997742,0.0005819633370265,0.4600004255771637,0.0012886330951005,0.0018913807580247,0.5362375974655151,0.0005819633370265,0.46261927485466,0.0012678486527875,0.0020576559472829,0.533598005771637,0.0004572568868752,0.4468854665756225,0.0024941284209489,0.0048635504208505,0.5446137189865112,0.00114314223174,0.4541184306144714,0.0010600045789033,0.0019329495262354,0.5424521565437317,0.000436472473666,0.4560098350048065,0.0012678486527875,0.0020576559472829,0.5400204062461853,0.0006443165475502,0.4617671072483063,0.0006858853157609,0.0009768670424818,0.5359466671943665,0.0006235321052372,0.4510631263256073,0.0022655001375824,0.0036372707691043,0.5422027707099915,0.0008313761791214,0.4427078068256378,0.0008313761791214,0.0013094174209982,0.5542161464691162,0.0009352981578558,0.4825307130813598,0.0009352981578558,0.0012678486527875,0.5149335861206055,0.0003325504658278,0.4492340981960296,0.0008937293896451,0.0015380459371954,0.5478976964950562,0.000436472473666,0.4373246431350708,0.0010600045789033,0.0013717706315219,0.5592667460441589,0.0009768670424818,0.4670047760009765,0.0014341238420456,0.0021823623683303,0.5289838910102844,0.0003949036763515,0.4748197197914123,0.000789807352703,0.0014133395161479,0.5225822925567627,0.0003949036763515,0.4550329446792602,0.0015172614948824,0.0027227569371461,0.5399996042251587,0.0007274541421793,0.4656537771224975,0.0017458898946642,0.0019329495262354,0.5301269888877869,0.0005403945106081,0.4369921088218689,0.0030137386638671,0.0047596283257007,0.5541121959686279,0.001122357789427,0.4526427388191223,0.0009145137737505,0.0012262798845767,0.544426679611206,0.000789807352703,0.47980797290802,0.00114314223174,0.0011847109999507,0.5173237919807434,0.0005403945106081,0.4668592810630798,0.0010807890212163,0.0016835366841405,0.5299399495124817,0.000436472473666,0.4399434924125671,0.00114314223174,0.0024941284209489,0.555587887763977,0.0008313761791214,0.4576933681964874,0.0014341238420456,0.0020160872954875,0.5381497740745544,0.0007066697580739,0.4484650790691376,0.0009768670424818,0.0021407937165349,0.5475859045982361,0.0008313761791214,0.457236111164093,0.0008937293896451,0.0015380459371954,0.5394176244735718,0.0009145137737505,0.4446823298931122,0.0013509863056242,0.0025980505160987,0.550620436668396,0.0007482385262846,0.4540976583957672,0.0013094174209982,0.0022862844634801,0.5416207909584045,0.0006858853157609,0.4548459053039551,0.0010600045789033,0.0020992248319089,0.5412466526031494,0.0007482385262846,0.4374493658542633,0.0023070687893778,0.002972169779241,0.5562114119529724,0.0010600045789033,0.4383430778980255,0.0028474633581936,0.0039698211476206,0.5539043545722961,0.0009352981578558,0.45066824555397034,0.0008729449473321438,0.0017874587792903185,0.5457984805107117,0.0008729449473321438
154,0.8129611611366272,0.0,0.0,0.187038853764534,0.0,0.813169002532959,0.0,0.0,0.1868310123682022,0.0,0.8131898045539856,0.0,0.0,0.1868102252483368,0.0,0.8130651116371155,0.0,0.0,0.1869349330663681,0.0,0.8130651116371155,0.0,0.0,0.1869349330663681,0.0,0.8130651116371155,0.0,0.0,0.1869349330663681,0.0,0.8129819631576538,0.0,0.0,0.1870180666446685,0.0,0.8131066560745239,0.0,0.0,0.1868933588266372,0.0,0.8130443096160889,0.0,0.0,0.1869557201862335,0.0,0.8130651116371155,0.0,0.0,0.1869349330663681,0.0,0.8132314085960388,0.0,0.0,0.1867686510086059,0.0,0.8132521510124207,0.0,0.0,0.1867478638887405,0.0,0.8130235075950623,0.0,0.0,0.1869764924049377,0.0,0.8132314085960388,0.0,0.0,0.1867686510086059,0.0,0.8131274580955505,0.0,0.0,0.1868725717067718,0.0,0.813169002532959,0.0,0.0,0.1868310123682022,0.0,0.8131066560745239,0.0,0.0,0.1868933588266372,0.0,0.813169002532959,0.0,0.0,0.1868310123682022,0.0,0.8130859136581421,0.0,0.0,0.1869141459465026,0.0,0.8131274580955505,0.0,0.0,0.1868725717067718,0.0,0.8130235075950623,0.0,0.0,0.1869764924049377,0.0,0.8130651116371155,0.0,0.0,0.1869349330663681,0.0,0.8131274580955505,0.0,0.0,0.1868725717067718,0.0,0.8130651116371155,0.0,0.0,0.1869349330663681,0.0,0.8131274580955505,0.0,0.0,0.1868725717067718,0.0,0.8131898045539856,0.0,0.0,0.1868102252483368,0.0,0.8131274580955505,0.0,0.0,0.1868725717067718,0.0,0.8130859136581421,0.0,0.0,0.1869141459465026,0.0,0.8131482601165771,0.0,0.0,0.1868517994880676,0.0,0.8131066560745239,0.0,0.0,0.1868933588266372,0.0,0.4657369256019592,0.0022031469270586,0.0024941284209489,0.5289838910102844,0.0005819633370265,0.458753377199173,0.0018705963157117,0.0017666743369773,0.5370274186134338,0.0005819633370265,0.4617255330085754,0.0013302018633112,0.0021615780424326,0.5343254804611206,0.0004572568868752,0.4453890025615692,0.0030760918743908,0.0048635504208505,0.5455282330513,0.00114314223174,0.453432559967041,0.0010392202530056,0.0020368716213852,0.5430549383163452,0.000436472473666,0.4550953209400177,0.0014133395161479,0.0020576559472829,0.5407894253730774,0.0006443165475502,0.4612475037574768,0.0006027477211318,0.0010600045789033,0.5364662408828735,0.0006235321052372,0.4501694142818451,0.0022239312529563,0.0038243304006755,0.5429509878158569,0.0008313761791214,0.441793292760849,0.001163926674053,0.0011847109999507,0.5549228191375732,0.0009352981578558,0.4818864166736603,0.0008521605632267,0.001163926674053,0.5157650113105774,0.0003325504658278,0.4486105740070343,0.0009768670424818,0.0013717706315219,0.5486043691635132,0.000436472473666,0.4367842376232147,0.0007274541421793,0.0016211834736168,0.5598902702331543,0.0009768670424818,0.4659655690193176,0.0015588302630931,0.0024733440950512,0.5296074151992798,0.0003949036763515,0.4739883244037628,0.0010807890212163,0.0012262798845767,0.5233097076416016,0.0003949036763515,0.4542223811149597,0.0015796147054061,0.0026604037266224,0.5408101677894592,0.0007274541421793,0.4647808372974396,0.0016211834736168,0.0020160872954875,0.5310415029525757,0.0005403945106081,0.4354124963283539,0.0034709954634308,0.0048635504208505,0.5551098585128784,0.00114314223174,0.4520192146301269,0.0008105917368084,0.001122357789427,0.5452580451965332,0.000789807352703,0.4792259931564331,0.0009976513683795,0.0013302018633112,0.5179057717323303,0.0005403945106081,0.4660071134567261,0.0012054954422637,0.0017251055687665,0.5306258201599121,0.000436472473666,0.4391536712646484,0.00114314223174,0.0024317752104252,0.5564400553703308,0.0008313761791214,0.456758052110672,0.0016003991477191,0.0019537340849637,0.5389811396598816,0.0007066697580739,0.4477584064006805,0.0010184358106926,0.0020576559472829,0.5483341217041016,0.0008313761791214,0.4565710127353668,0.0009768670424818,0.0014964770525693,0.5400411486625671,0.0009145137737505,0.4437262415885925,0.0014756927266716,0.0025980505160987,0.5514518022537231,0.0007482385262846,0.4531623721122741,0.0016419679159298,0.0019953027367591,0.5425145030021667,0.0006858853157609,0.4540560841560364,0.0013094174209982,0.001829027547501,0.5420572757720947,0.0007482385262846,0.4365140497684479,0.0022239312529563,0.0029513854533433,0.5572506785392761,0.0010600045789033,0.4372622966766357,0.0027227569371461,0.003658055095002,0.5554216504096985,0.0009352981578558,0.45000314712524414,0.0009352981578558683,0.001683536684140563,0.5465050935745239,0.0008729449473321438
155,0.8107372522354126,0.0,0.0,0.1892627775669098,0.0,0.8109450936317444,0.0,0.0,0.189054936170578,0.0,0.810965895652771,0.0,0.0,0.1890341490507125,0.0,0.8108412027359009,0.0,0.0,0.1891588568687439,0.0,0.8108412027359009,0.0,0.0,0.1891588568687439,0.0,0.8108412027359009,0.0,0.0,0.1891588568687439,0.0,0.8107580542564392,0.0,0.0,0.1892420053482055,0.0,0.8108827471733093,0.0,0.0,0.1891172975301742,0.0,0.8108204007148743,0.0,0.0,0.1891796439886093,0.0,0.8108412027359009,0.0,0.0,0.1891588568687439,0.0,0.8110074400901794,0.0,0.0,0.1889925897121429,0.0,0.811028242111206,0.0,0.0,0.1889718025922775,0.0,0.8107995986938477,0.0,0.0,0.1892004311084747,0.0,0.8110074400901794,0.0,0.0,0.1889925897121429,0.0,0.8109035491943359,0.0,0.0,0.1890965104103088,0.0,0.8109450936317444,0.0,0.0,0.189054936170578,0.0,0.8108827471733093,0.0,0.0,0.1891172975301742,0.0,0.8109450936317444,0.0,0.0,0.189054936170578,0.0,0.8108619451522827,0.0,0.0,0.1891380846500396,0.0,0.8109035491943359,0.0,0.0,0.1890965104103088,0.0,0.8107995986938477,0.0,0.0,0.1892004311084747,0.0,0.8108412027359009,0.0,0.0,0.1891588568687439,0.0,0.8109035491943359,0.0,0.0,0.1890965104103088,0.0,0.8108412027359009,0.0,0.0,0.1891588568687439,0.0,0.8109035491943359,0.0,0.0,0.1890965104103088,0.0,0.810965895652771,0.0,0.0,0.1890341490507125,0.0,0.8109035491943359,0.0,0.0,0.1890965104103088,0.0,0.8108619451522827,0.0,0.0,0.1891380846500396,0.0,0.8109242916107178,0.0,0.0,0.1890757232904434,0.0,0.8108827471733093,0.0,0.0,0.1891172975301742,0.0,0.4628894627094269,0.0024941284209489,0.0024941284209489,0.5315403342247009,0.0005819633370265,0.4558019936084747,0.0022031469270586,0.0018913807580247,0.5395215749740601,0.0005819633370265,0.4589404165744781,0.0016003991477191,0.0021615780424326,0.5368403792381287,0.0004572568868752,0.4423336982727051,0.0034086422529071,0.0044894311577081,0.548625111579895,0.00114314223174,0.4507721662521362,0.0012054954422637,0.0019537340849637,0.5456321835517883,0.000436472473666,0.4526219666004181,0.0013509863056242,0.0019953027367591,0.5433874726295471,0.0006443165475502,0.458815723657608,0.0006235321052372,0.001122357789427,0.538814902305603,0.0006235321052372,0.4472596049308777,0.0024317752104252,0.0036372707691043,0.5458400249481201,0.0008313761791214,0.439340740442276,0.0010807890212163,0.001163926674053,0.5574792623519897,0.0009352981578558,0.4793714880943298,0.0009352981578558,0.0011015734635293,0.5182591080665588,0.0003325504658278,0.4462203681468963,0.0009352981578558,0.0013094174209982,0.5510984659194946,0.000436472473666,0.4343109130859375,0.0007274541421793,0.0015172614948824,0.5624675154685974,0.0009768670424818,0.4626608490943908,0.0024941284209489,0.0022239312529563,0.5322262644767761,0.0003949036763515,0.4713695049285888,0.0013094174209982,0.0012470642104744,0.5256791710853577,0.0003949036763515,0.4513541162014007,0.001808243105188,0.0026811880525201,0.5434290170669556,0.0007274541421793,0.4619957208633423,0.0017458898946642,0.0021615780424326,0.5335564613342285,0.0005403945106081,0.4320454001426697,0.0037204083055257,0.0048427660949528,0.5582275390625,0.001163926674053,0.4495874345302582,0.0005611788947135,0.0013509863056242,0.5477105975151062,0.000789807352703,0.4766279458999634,0.0010807890212163,0.0012678486527875,0.5204830765724182,0.0005403945106081,0.4632220268249511,0.0015380459371954,0.0017251055687665,0.5330783724784851,0.000436472473666,0.4362854361534118,0.0014964770525693,0.0023486376740038,0.5590381026268005,0.0008313761791214,0.4541600048542022,0.0014133395161479,0.0020576559472829,0.541662335395813,0.0007066697580739,0.4449733197689056,0.0013925550738349,0.0016627523582428,0.5511400699615479,0.0008313761791214,0.4540976583957672,0.0009560826001688,0.0013925550738349,0.5426391959190369,0.0009145137737505,0.4408787786960602,0.001829027547501,0.002535697305575,0.5540083050727844,0.0007482385262846,0.4502109885215759,0.0019745184108614,0.0019537340849637,0.5451748967170715,0.0006858853157609,0.4513333439826965,0.0014964770525693,0.001849811989814,0.5445721745491028,0.0007482385262846,0.4336873888969421,0.0020784405060112,0.0031592294108122,0.5600149631500244,0.0010600045789033,0.4344148337841034,0.002535697305575,0.0039490368217229,0.5581651926040649,0.0009352981578558,0.44742587208747864,0.0009768670424818993,0.0016627523582428694,0.5490615963935852,0.0008729449473321438
156,0.8096564412117004,0.0,0.0,0.1903435736894607,0.0,0.8098642826080322,0.0,0.0,0.1901357322931289,0.0,0.8098850846290588,0.0,0.0,0.1901149451732635,0.0,0.8097603917121887,0.0,0.0,0.1902396529912948,0.0,0.8097603917121887,0.0,0.0,0.1902396529912948,0.0,0.8097603917121887,0.0,0.0,0.1902396529912948,0.0,0.809677243232727,0.0,0.0,0.1903227865695953,0.0,0.8098019361495972,0.0,0.0,0.190198078751564,0.0,0.8097395896911621,0.0,0.0,0.1902604401111602,0.0,0.8097603917121887,0.0,0.0,0.1902396529912948,0.0,0.8099266886711121,0.0,0.0,0.1900733709335327,0.0,0.8099474310874939,0.0,0.0,0.1900525838136673,0.0,0.8097187876701355,0.0,0.0,0.1902812123298645,0.0,0.8099266886711121,0.0,0.0,0.1900733709335327,0.0,0.8098227381706238,0.0,0.0,0.1901772916316986,0.0,0.8098642826080322,0.0,0.0,0.1901357322931289,0.0,0.8098019361495972,0.0,0.0,0.190198078751564,0.0,0.8098642826080322,0.0,0.0,0.1901357322931289,0.0,0.8097811937332153,0.0,0.0,0.1902188658714294,0.0,0.8098227381706238,0.0,0.0,0.1901772916316986,0.0,0.8097187876701355,0.0,0.0,0.1902812123298645,0.0,0.8097603917121887,0.0,0.0,0.1902396529912948,0.0,0.8098227381706238,0.0,0.0,0.1901772916316986,0.0,0.8097603917121887,0.0,0.0,0.1902396529912948,0.0,0.8098227381706238,0.0,0.0,0.1901772916316986,0.0,0.8098850846290588,0.0,0.0,0.1901149451732635,0.0,0.8098227381706238,0.0,0.0,0.1901772916316986,0.0,0.8097811937332153,0.0,0.0,0.1902188658714294,0.0,0.8098435401916504,0.0,0.0,0.1901565194129943,0.0,0.8098019361495972,0.0,0.0,0.190198078751564,0.0,0.4613721966743469,0.0023902065586298,0.002244715578854,0.5334109663963318,0.0005819633370265,0.4539729654788971,0.0024941284209489,0.0019537340849637,0.5409972667694092,0.0005819633370265,0.4572984576225281,0.0019329495262354,0.0018705963157117,0.5384407639503479,0.0004572568868752,0.4403799474239349,0.0034709954634308,0.0041776653379201,0.5508282780647278,0.00114314223174,0.4493795931339264,0.0013094174209982,0.0016211834736168,0.5472533702850342,0.000436472473666,0.4511047005653381,0.0013925550738349,0.001808243105188,0.5450502038002014,0.0006443165475502,0.457464724779129,0.0006858853157609,0.0009352981578558,0.5402905941009521,0.0006235321052372,0.4456799626350403,0.0024525597691535,0.0030968762002885,0.5479392409324646,0.0008313761791214,0.4381144642829895,0.0010392202530056,0.0010600045789033,0.5588510632514954,0.0009352981578558,0.4780205190181732,0.0009768670424818,0.0010600045789033,0.5196101069450378,0.0003325504658278,0.4449733197689056,0.0007690229685977,0.0012262798845767,0.5525949597358704,0.000436472473666,0.4329599142074585,0.0008521605632267,0.0013509863056242,0.5638601183891296,0.0009768670424818,0.4612059295177459,0.002535697305575,0.0019121652003377,0.5339513421058655,0.0003949036763515,0.4700185060501098,0.0014341238420456,0.0011847109999507,0.5269677639007568,0.0003949036763515,0.4496498107910156,0.0020368716213852,0.0023070687893778,0.5452788472175598,0.0007274541421793,0.4602290689945221,0.0020576559472829,0.0019121652003377,0.5352607369422913,0.0005403945106081,0.4302371740341186,0.0035957018844783,0.0049882568418979,0.5600149631500244,0.001163926674053,0.4482988119125366,0.0006443165475502,0.0013302018633112,0.5489369034767151,0.000789807352703,0.4753185510635376,0.0011015734635293,0.001122357789427,0.5219171643257141,0.0005403945106081,0.4617047607898712,0.0016835366841405,0.0016211834736168,0.5345540642738342,0.000436472473666,0.4347889423370361,0.0016419679159298,0.0021823623683303,0.5605553984642029,0.0008313761791214,0.452497273683548,0.0017874587792903,0.0017874587792903,0.5432211756706238,0.0007066697580739,0.4434560537338257,0.0014756927266716,0.0016835366841405,0.5525533556938171,0.0008313761791214,0.4528921544551849,0.0008105917368084,0.0013302018633112,0.5440525412559509,0.0009145137737505,0.439340740442276,0.0019329495262354,0.0022031469270586,0.555774986743927,0.0007482385262846,0.4487976431846618,0.0018705963157117,0.0017666743369773,0.546879231929779,0.0006858853157609,0.4499199986457824,0.0016419679159298,0.0013925550738349,0.5462972521781921,0.0007482385262846,0.4321908950805664,0.0020576559472829,0.0031176605261862,0.5615738034248352,0.0010600045789033,0.4329599142074585,0.0021615780424326,0.0039282524958252,0.5600149631500244,0.0009352981578558,0.4459501802921295,0.0011847109999507666,0.001288633095100522,0.5507035851478577,0.0008729449473321438
157,0.8069337010383606,0.0,0.0,0.1930663287639618,0.0,0.8071415424346924,0.0,0.0,0.19285848736763,0.0,0.807162344455719,0.0,0.0,0.1928377002477646,0.0,0.8070376515388489,0.0,0.0,0.1929624080657959,0.0,0.8070376515388489,0.0,0.0,0.1929624080657959,0.0,0.8070376515388489,0.0,0.0,0.1929624080657959,0.0,0.8069545030593872,0.0,0.0,0.1930455416440963,0.0,0.8070791959762573,0.0,0.0,0.192920833826065,0.0,0.8070168495178223,0.0,0.0,0.1929831951856613,0.0,0.8070376515388489,0.0,0.0,0.1929624080657959,0.0,0.8072038888931274,0.0,0.0,0.1927961260080337,0.0,0.807224690914154,0.0,0.0,0.1927753537893295,0.0,0.8069960474967957,0.0,0.0,0.1930039823055267,0.0,0.8072038888931274,0.0,0.0,0.1927961260080337,0.0,0.8070999979972839,0.0,0.0,0.1929000616073608,0.0,0.8071415424346924,0.0,0.0,0.19285848736763,0.0,0.8070791959762573,0.0,0.0,0.192920833826065,0.0,0.8071415424346924,0.0,0.0,0.19285848736763,0.0,0.8070583939552307,0.0,0.0,0.1929416209459304,0.0,0.8070999979972839,0.0,0.0,0.1929000616073608,0.0,0.8069960474967957,0.0,0.0,0.1930039823055267,0.0,0.8070376515388489,0.0,0.0,0.1929624080657959,0.0,0.8070999979972839,0.0,0.0,0.1929000616073608,0.0,0.8070376515388489,0.0,0.0,0.1929624080657959,0.0,0.8070999979972839,0.0,0.0,0.1929000616073608,0.0,0.807162344455719,0.0,0.0,0.1928377002477646,0.0,0.8070999979972839,0.0,0.0,0.1929000616073608,0.0,0.8070583939552307,0.0,0.0,0.1929416209459304,0.0,0.8071207404136658,0.0,0.0,0.1928792744874954,0.0,0.8070791959762573,0.0,0.0,0.192920833826065,0.0,0.4582961201667785,0.0022239312529563,0.0020784405060112,0.5367988348007202,0.0006027477211318,0.4508760869503021,0.0026811880525201,0.0016835366841405,0.5441772937774658,0.0005819633370265,0.4542639255523681,0.0019121652003377,0.001849811989814,0.5415168404579163,0.0004572568868752,0.4368050396442413,0.0036372707691043,0.0034709954634308,0.5549435615539551,0.00114314223174,0.4464074373245239,0.0012678486527875,0.0014549082843586,0.5504333972930908,0.000436472473666,0.4481533169746399,0.0014133395161479,0.0016211834736168,0.548167884349823,0.0006443165475502,0.4544717669486999,0.0008521605632267,0.0008313761791214,0.5432211756706238,0.0006235321052372,0.4425415396690368,0.0020784405060112,0.0028890322428196,0.5516596436500549,0.0008313761791214,0.4353085458278656,0.0009560826001688,0.0011015734635293,0.5616984963417053,0.0009352981578558,0.4750483334064483,0.0010392202530056,0.0010807890212163,0.522499144077301,0.0003325504658278,0.4419595599174499,0.0008313761791214,0.00114314223174,0.5556294918060303,0.000436472473666,0.4298006892204284,0.0010807890212163,0.0012470642104744,0.5668946504592896,0.0009768670424818,0.4580674767494201,0.0024941284209489,0.0018705963157117,0.5371729135513306,0.0003949036763515,0.4672541916370392,0.001122357789427,0.0012054954422637,0.5300230979919434,0.0003949036763515,0.4460956752300262,0.0024941284209489,0.0021200091578066,0.54856276512146,0.0007274541421793,0.4571113884449005,0.0020992248319089,0.0020368716213852,0.5382121205329895,0.0005403945106081,0.4266622364521026,0.0038866836111992,0.004011389799416,0.5642758011817932,0.001163926674053,0.4453058540821075,0.0008937293896451,0.001122357789427,0.5518674850463867,0.0008105917368084,0.4724918603897095,0.0008729449473321,0.0013302018633112,0.5247646570205688,0.0005403945106081,0.4585870802402496,0.001829027547501,0.0015172614948824,0.5376302003860474,0.000436472473666,0.4316920638084411,0.001808243105188,0.0018913807580247,0.563776969909668,0.0008313761791214,0.4493172466754913,0.0019329495262354,0.0017458898946642,0.5462972521781921,0.0007066697580739,0.4405462443828583,0.0014756927266716,0.0014964770525693,0.5556502342224121,0.0008313761791214,0.4499615728855133,0.0008313761791214,0.0012678486527875,0.5470247268676758,0.0009145137737505,0.4363893568515777,0.001849811989814,0.0017251055687665,0.5592875480651855,0.0007482385262846,0.4456384181976318,0.0020160872954875,0.0018705963157117,0.5497890710830688,0.0006858853157609,0.4469686150550842,0.0014341238420456,0.0012886330951005,0.5495604276657104,0.0007482385262846,0.4288654029369354,0.0021407937165349,0.0028682476840913,0.5650656223297119,0.0010600045789033,0.4294057786464691,0.0024941284209489,0.0036372707691043,0.563527524471283,0.0009352981578558,0.44272857904434204,0.0014964770525693893,0.0010184358106926084,0.5538628101348877,0.0008937293896451592
158,0.8057281970977783,0.0,0.0,0.194271832704544,0.0,0.8059360384941101,0.0,0.0,0.1940639764070511,0.0,0.8059568405151367,0.0,0.0,0.1940432041883468,0.0,0.8058321475982666,0.0,0.0,0.1941678971052169,0.0,0.8058321475982666,0.0,0.0,0.1941678971052169,0.0,0.8058321475982666,0.0,0.0,0.1941678971052169,0.0,0.8057489991188049,0.0,0.0,0.1942510455846786,0.0,0.805873692035675,0.0,0.0,0.1941263377666473,0.0,0.80581134557724,0.0,0.0,0.1941886842250824,0.0,0.8058321475982666,0.0,0.0,0.1941678971052169,0.0,0.8059983849525452,0.0,0.0,0.194001629948616,0.0,0.8060191869735718,0.0,0.0,0.1939808428287506,0.0,0.8057905435562134,0.0,0.0,0.1942094713449478,0.0,0.8059983849525452,0.0,0.0,0.194001629948616,0.0,0.8058944940567017,0.0,0.0,0.1941055506467819,0.0,0.8059360384941101,0.0,0.0,0.1940639764070511,0.0,0.805873692035675,0.0,0.0,0.1941263377666473,0.0,0.8059360384941101,0.0,0.0,0.1940639764070511,0.0,0.8058528900146484,0.0,0.0,0.1941471248865127,0.0,0.8058944940567017,0.0,0.0,0.1941055506467819,0.0,0.8057905435562134,0.0,0.0,0.1942094713449478,0.0,0.8058321475982666,0.0,0.0,0.1941678971052169,0.0,0.8058944940567017,0.0,0.0,0.1941055506467819,0.0,0.8058321475982666,0.0,0.0,0.1941678971052169,0.0,0.8058944940567017,0.0,0.0,0.1941055506467819,0.0,0.8059568405151367,0.0,0.0,0.1940432041883468,0.0,0.8058944940567017,0.0,0.0,0.1941055506467819,0.0,0.8058528900146484,0.0,0.0,0.1941471248865127,0.0,0.8059152960777283,0.0,0.0,0.1940847635269165,0.0,0.805873692035675,0.0,0.0,0.1941263377666473,0.0,0.4566333591938019,0.0018705963157117,0.0024525597691535,0.5384407639503479,0.0006027477211318,0.4494211673736572,0.0020992248319089,0.0021200091578066,0.5457776784896851,0.0005819633370265,0.452725887298584,0.0017666743369773,0.0017458898946642,0.5433043241500854,0.0004572568868752,0.4348305165767669,0.0033255047164857,0.0035749175585806,0.5571259260177612,0.00114314223174,0.4448070228099823,0.0013925550738349,0.0013302018633112,0.5520337820053101,0.000436472473666,0.446532130241394,0.0013302018633112,0.0017666743369773,0.5497267246246338,0.0006443165475502,0.4531415700912475,0.0008729449473321,0.000789807352703,0.5445721745491028,0.0006235321052372,0.4407956302165985,0.0021407937165349,0.0027435412630438,0.5534886717796326,0.0008313761791214,0.4339367747306824,0.0006235321052372,0.0013302018633112,0.5631741881370544,0.0009352981578558,0.4735726416110992,0.0010807890212163,0.001163926674053,0.52385014295578,0.0003325504658278,0.4404838681221008,0.0008937293896451,0.0011015734635293,0.5570843815803528,0.000436472473666,0.4284289181232452,0.001122357789427,0.0011847109999507,0.568287193775177,0.0009768670424818,0.4565086662769317,0.0022239312529563,0.0020576559472829,0.538814902305603,0.0003949036763515,0.4659655690193176,0.000789807352703,0.0012054954422637,0.5316442847251892,0.0003949036763515,0.4444536864757538,0.002535697305575,0.0019121652003377,0.550370991230011,0.0007274541421793,0.4554902017116546,0.0020576559472829,0.0022031469270586,0.5397086143493652,0.0005403945106081,0.4248124361038208,0.0033670733682811,0.0041776653379201,0.5664789080619812,0.001163926674053,0.443850964307785,0.0009352981578558,0.001122357789427,0.5532808303833008,0.0008105917368084,0.4710577428340912,0.0009352981578558,0.0013094174209982,0.5261572003364563,0.0005403945106081,0.4570282697677612,0.0017458898946642,0.0015172614948824,0.539272129535675,0.000436472473666,0.430154025554657,0.0017666743369773,0.0015172614948824,0.5657098889350891,0.0008521605632267,0.447883129119873,0.0016419679159298,0.0019537340849637,0.5478145480155945,0.0007066697580739,0.4391952455043793,0.0013302018633112,0.0012678486527875,0.5573753714561462,0.0008313761791214,0.4484858810901642,0.0008521605632267,0.00114314223174,0.5486043691635132,0.0009145137737505,0.4349552392959595,0.0015380459371954,0.0018913807580247,0.5608671307563782,0.0007482385262846,0.4442874193191528,0.0016419679159298,0.001829027547501,0.5515557527542114,0.0006858853157609,0.4455760419368744,0.0012470642104744,0.0014341238420456,0.5509945750236511,0.0007482385262846,0.4270155727863312,0.0022655001375824,0.0028266790322959,0.5668322443962097,0.0010600045789033,0.4272857904434204,0.0027435412630438,0.0035125643480569,0.5655228495597839,0.0009352981578558,0.44139838218688965,0.0013717706315219402,0.001122357789427042,0.5552138090133667,0.0008937293896451592
159,0.8031717538833618,0.0,0.0,0.1968283057212829,0.0,0.8033795952796936,0.0,0.0,0.1966204643249511,0.0,0.8034003376960754,0.0,0.0,0.1965996772050857,0.0,0.8032756447792053,0.0,0.0,0.196724385023117,0.0,0.8032756447792053,0.0,0.0,0.196724385023117,0.0,0.8032756447792053,0.0,0.0,0.196724385023117,0.0,0.8031924962997437,0.0,0.0,0.1968075186014175,0.0,0.8033171892166138,0.0,0.0,0.1966828107833862,0.0,0.8032548427581787,0.0,0.0,0.1967451721429824,0.0,0.8032756447792053,0.0,0.0,0.196724385023117,0.0,0.8034419417381287,0.0,0.0,0.1965581029653549,0.0,0.8034626841545105,0.0,0.0,0.1965373307466507,0.0,0.8032341003417969,0.0,0.0,0.1967659592628479,0.0,0.8034419417381287,0.0,0.0,0.1965581029653549,0.0,0.8033379912376404,0.0,0.0,0.196662038564682,0.0,0.8033795952796936,0.0,0.0,0.1966204643249511,0.0,0.8033171892166138,0.0,0.0,0.1966828107833862,0.0,0.8033795952796936,0.0,0.0,0.1966204643249511,0.0,0.8032964468002319,0.0,0.0,0.1967035979032516,0.0,0.8033379912376404,0.0,0.0,0.196662038564682,0.0,0.8032341003417969,0.0,0.0,0.1967659592628479,0.0,0.8032756447792053,0.0,0.0,0.196724385023117,0.0,0.8033379912376404,0.0,0.0,0.196662038564682,0.0,0.8032756447792053,0.0,0.0,0.196724385023117,0.0,0.8033379912376404,0.0,0.0,0.196662038564682,0.0,0.8034003376960754,0.0,0.0,0.1965996772050857,0.0,0.8033379912376404,0.0,0.0,0.196662038564682,0.0,0.8032964468002319,0.0,0.0,0.1967035979032516,0.0,0.803358793258667,0.0,0.0,0.1966412514448166,0.0,0.8033171892166138,0.0,0.0,0.1966828107833862,0.0,0.4535780549049377,0.0017458898946642,0.0028266790322959,0.5412466526031494,0.0006027477211318,0.4461995959281921,0.0020368716213852,0.0025980505160987,0.5485835671424866,0.0005819633370265,0.4499199986457824,0.0014549082843586,0.0018913807580247,0.5462765097618103,0.0004572568868752,0.4317544400691986,0.0030137386638671,0.0039074681699275,0.5601604580879211,0.001163926674053,0.441855639219284,0.0013509863056242,0.0014756927266716,0.55488121509552,0.000436472473666,0.4437678158283233,0.0012886330951005,0.0016627523582428,0.5526365041732788,0.0006443165475502,0.4504396021366119,0.0008105917368084,0.0008105917368084,0.5473157167434692,0.0006235321052372,0.4376364052295685,0.0020576559472829,0.0029098165687173,0.5565647482872009,0.0008313761791214,0.4309230446815491,0.0008521605632267,0.0013925550738349,0.5658969879150391,0.0009352981578558,0.4708290994167328,0.0009768670424818,0.00114314223174,0.52669757604599,0.0003533348790369,0.4376572072505951,0.0009976513683795,0.00114314223174,0.5597447752952576,0.0004572568868752,0.4257477223873138,0.0009976513683795,0.0009768670424818,0.5713009238243103,0.0009768670424818,0.4535364806652069,0.0015588302630931,0.0026396194007247,0.5418701767921448,0.0003949036763515,0.4630973041057586,0.0007066697580739,0.0014756927266716,0.5343254804611206,0.0003949036763515,0.4416062235832214,0.0021823623683303,0.0022239312529563,0.5532600283622742,0.0007274541421793,0.452497273683548,0.0019329495262354,0.0021823623683303,0.5428470373153687,0.0005403945106081,0.421673983335495,0.0028058944735676,0.0046141375787556,0.5697420835494995,0.001163926674053,0.4411697685718536,0.0008521605632267,0.0010184358106926,0.5561490654945374,0.0008105917368084,0.4684596955776214,0.0006027477211318,0.0013717706315219,0.5290254354476929,0.0005403945106081,0.4541600048542022,0.0014964770525693,0.0017666743369773,0.5421404242515564,0.000436472473666,0.4272857904434204,0.0014341238420456,0.0017874587792903,0.5686405301094055,0.0008521605632267,0.4451395869255066,0.0014549082843586,0.0019745184108614,0.5507243275642395,0.0007066697580739,0.4364932775497436,0.0009145137737505,0.0015796147054061,0.5601604580879211,0.0008521605632267,0.4457423388957977,0.000789807352703,0.0012262798845767,0.551327109336853,0.0009145137737505,0.4322324693202972,0.0010807890212163,0.0020992248319089,0.563839316368103,0.0007482385262846,0.4412528872489929,0.0013925550738349,0.0023694219999015,0.5542992949485779,0.0006858853157609,0.4426246583461761,0.00114314223174,0.001808243105188,0.5536757707595825,0.0007482385262846,0.4240226149559021,0.0020992248319089,0.0028266790322959,0.5699914693832397,0.0010600045789033,0.4241681098937988,0.0026811880525201,0.0033462890423834,0.5688691139221191,0.0009352981578558,0.4386756420135498,0.0011847109999507666,0.001288633095100522,0.5579573512077332,0.0008937293896451592
160,0.8029223084449768,0.0,0.0,0.1970777213573455,0.0,0.8031301498413086,0.0,0.0,0.1968698799610138,0.0,0.8031509518623352,0.0,0.0,0.1968490928411483,0.0,0.8030262589454651,0.0,0.0,0.1969738006591797,0.0,0.8030262589454651,0.0,0.0,0.1969738006591797,0.0,0.8030262589454651,0.0,0.0,0.1969738006591797,0.0,0.8029431104660034,0.0,0.0,0.1970569342374801,0.0,0.8030678033828735,0.0,0.0,0.1969322264194488,0.0,0.8030054569244385,0.0,0.0,0.1969945877790451,0.0,0.8030262589454651,0.0,0.0,0.1969738006591797,0.0,0.8031924962997437,0.0,0.0,0.1968075186014175,0.0,0.8032132983207703,0.0,0.0,0.1967867314815521,0.0,0.8029846549034119,0.0,0.0,0.1970153599977493,0.0,0.8031924962997437,0.0,0.0,0.1968075186014175,0.0,0.8030886054039001,0.0,0.0,0.1969114392995834,0.0,0.8031301498413086,0.0,0.0,0.1968698799610138,0.0,0.8030678033828735,0.0,0.0,0.1969322264194488,0.0,0.8031301498413086,0.0,0.0,0.1968698799610138,0.0,0.8030470013618469,0.0,0.0,0.1969530135393142,0.0,0.8030886054039001,0.0,0.0,0.1969114392995834,0.0,0.8029846549034119,0.0,0.0,0.1970153599977493,0.0,0.8030262589454651,0.0,0.0,0.1969738006591797,0.0,0.8030886054039001,0.0,0.0,0.1969114392995834,0.0,0.8030262589454651,0.0,0.0,0.1969738006591797,0.0,0.8030886054039001,0.0,0.0,0.1969114392995834,0.0,0.8031509518623352,0.0,0.0,0.1968490928411483,0.0,0.8030886054039001,0.0,0.0,0.1969114392995834,0.0,0.8030470013618469,0.0,0.0,0.1969530135393142,0.0,0.803109347820282,0.0,0.0,0.1968906670808792,0.0,0.8030678033828735,0.0,0.0,0.1969322264194488,0.0,0.4527051150798797,0.0019329495262354,0.002930600894615,0.5418286323547363,0.0006027477211318,0.4452850818634033,0.0019537340849637,0.0029513854533433,0.5492278933525085,0.0005819633370265,0.4493588209152221,0.0012054954422637,0.0021615780424326,0.546816885471344,0.0004572568868752,0.4307775497436523,0.0028682476840913,0.0042815874330699,0.5609087347984314,0.001163926674053,0.4413983821868896,0.0012470642104744,0.0015172614948824,0.5554008483886719,0.000436472473666,0.4429779946804046,0.0013925550738349,0.0017874587792903,0.5531976819038391,0.0006443165475502,0.4500031471252441,0.0007274541421793,0.0008937293896451,0.5477522015571594,0.0006235321052372,0.4367011189460754,0.002244715578854,0.002930600894615,0.5572922229766846,0.0008313761791214,0.4305697083473205,0.0008105917368084,0.0012262798845767,0.5664581656455994,0.0009352981578558,0.4703094959259033,0.0009768670424818,0.0012054954422637,0.5271548628807068,0.0003533348790369,0.4370752274990082,0.001163926674053,0.0011015734635293,0.5602020621299744,0.0004572568868752,0.4253943860530853,0.0008313761791214,0.0009976513683795,0.5717997550964355,0.0009768670424818,0.452788233757019,0.0016835366841405,0.0028682476840913,0.5422651171684265,0.0003949036763515,0.4625777006149292,0.0007066697580739,0.0015796147054061,0.5347411632537842,0.0003949036763515,0.4409826993942261,0.0019329495262354,0.0024317752104252,0.5539251565933228,0.0007274541421793,0.4519776403903961,0.0015172614948824,0.0024317752104252,0.5435329675674438,0.0005403945106081,0.4207386970520019,0.0027643258217722,0.0044478625059127,0.5708852410316467,0.001163926674053,0.44075408577919,0.0008105917368084,0.0007690229685977,0.5568557381629944,0.0008105917368084,0.4679816365242004,0.0006027477211318,0.0013094174209982,0.5295658111572266,0.0005403945106081,0.4534533321857452,0.0015172614948824,0.0019745184108614,0.542618453502655,0.000436472473666,0.4266830384731293,0.0013717706315219,0.0019121652003377,0.5691809058189392,0.0008521605632267,0.4445160627365112,0.0012470642104744,0.0019953027367591,0.5515349507331848,0.0007066697580739,0.4357034564018249,0.0010184358106926,0.001829027547501,0.5605969429016113,0.0008521605632267,0.4454305768013,0.0007274541421793,0.0010807890212163,0.5518467426300049,0.0009145137737505,0.431567370891571,0.0010392202530056,0.0022862844634801,0.5643589496612549,0.0007482385262846,0.4404215216636657,0.0016419679159298,0.0023070687893778,0.5549435615539551,0.0006858853157609,0.4421882033348083,0.0009976513683795,0.001829027547501,0.5542369484901428,0.0007482385262846,0.4231704771518707,0.0022862844634801,0.0024941284209489,0.5709891319274902,0.0010600045789033,0.4235030114650726,0.0027227569371461,0.0029098165687173,0.5699291229248047,0.0009352981578558,0.4383223056793213,0.0008937293896451592,0.0013717706315219402,0.5585185289382935,0.0008937293896451592
161,0.8028391599655151,0.0,0.0,0.197160854935646,0.0,0.8030470013618469,0.0,0.0,0.1969530135393142,0.0,0.8030678033828735,0.0,0.0,0.1969322264194488,0.0,0.8029431104660034,0.0,0.0,0.1970569342374801,0.0,0.8029431104660034,0.0,0.0,0.1970569342374801,0.0,0.8029431104660034,0.0,0.0,0.1970569342374801,0.0,0.8028599619865417,0.0,0.0,0.1971400678157806,0.0,0.8029846549034119,0.0,0.0,0.1970153599977493,0.0,0.8029223084449768,0.0,0.0,0.1970777213573455,0.0,0.8029431104660034,0.0,0.0,0.1970569342374801,0.0,0.803109347820282,0.0,0.0,0.1968906670808792,0.0,0.8031301498413086,0.0,0.0,0.1968698799610138,0.0,0.8029015064239502,0.0,0.0,0.197098508477211,0.0,0.803109347820282,0.0,0.0,0.1968906670808792,0.0,0.8030054569244385,0.0,0.0,0.1969945877790451,0.0,0.8030470013618469,0.0,0.0,0.1969530135393142,0.0,0.8029846549034119,0.0,0.0,0.1970153599977493,0.0,0.8030470013618469,0.0,0.0,0.1969530135393142,0.0,0.80296391248703,0.0,0.0,0.1970361471176147,0.0,0.8030054569244385,0.0,0.0,0.1969945877790451,0.0,0.8029015064239502,0.0,0.0,0.197098508477211,0.0,0.8029431104660034,0.0,0.0,0.1970569342374801,0.0,0.8030054569244385,0.0,0.0,0.1969945877790451,0.0,0.8029431104660034,0.0,0.0,0.1970569342374801,0.0,0.8030054569244385,0.0,0.0,0.1969945877790451,0.0,0.8030678033828735,0.0,0.0,0.1969322264194488,0.0,0.8030054569244385,0.0,0.0,0.1969945877790451,0.0,0.80296391248703,0.0,0.0,0.1970361471176147,0.0,0.8030262589454651,0.0,0.0,0.1969738006591797,0.0,0.8029846549034119,0.0,0.0,0.1970153599977493,0.0,0.4522478580474853,0.0019537340849637,0.0027435412630438,0.5424521565437317,0.0006027477211318,0.4447031021118164,0.0020784405060112,0.0028682476840913,0.5497682690620422,0.0005819633370265,0.4490470588207245,0.001122357789427,0.002244715578854,0.5471286773681641,0.0004572568868752,0.4299461841583252,0.0027643258217722,0.0043231560848653,0.5618024468421936,0.001163926674053,0.4411281943321228,0.0011847109999507,0.0015588302630931,0.5556918382644653,0.000436472473666,0.442728579044342,0.0013302018633112,0.0016211834736168,0.5536757707595825,0.0006443165475502,0.4497745037078857,0.0006027477211318,0.0009560826001688,0.5480431914329529,0.0006235321052372,0.4362854361534118,0.0021615780424326,0.0028682476840913,0.5578534007072449,0.0008313761791214,0.430216372013092,0.0009976513683795,0.001122357789427,0.5667283535003662,0.0009352981578558,0.4701016545295715,0.0008521605632267,0.0012262798845767,0.5274665951728821,0.0003533348790369,0.4368466138839721,0.0010184358106926,0.0010600045789033,0.5606177449226379,0.0004572568868752,0.4251865446567535,0.0005196101265028,0.0012886330951005,0.572028398513794,0.0009768670424818,0.4520192146301269,0.0019537340849637,0.0029513854533433,0.5426807999610901,0.0003949036763515,0.4622035920619964,0.0009560826001688,0.0014756927266716,0.5349698066711426,0.0003949036763515,0.4404838681221008,0.0015172614948824,0.0028682476840913,0.5544031858444214,0.0007274541421793,0.4514996111392975,0.0015172614948824,0.0024525597691535,0.5439901947975159,0.0005403945106081,0.4200112521648407,0.0025564816314727,0.0044478625059127,0.5718204975128174,0.001163926674053,0.4405046701431274,0.0007066697580739,0.0009145137737505,0.5570635795593262,0.0008105917368084,0.4677114486694336,0.0006858853157609,0.0012054954422637,0.52985680103302,0.0005403945106081,0.4530584514141083,0.0014341238420456,0.0020784405060112,0.5429925322532654,0.000436472473666,0.4263920485973358,0.0012054954422637,0.0020160872954875,0.5695342421531677,0.0008521605632267,0.4439548850059509,0.0012678486527875,0.002244715578854,0.5518259406089783,0.0007066697580739,0.4353916943073272,0.0010600045789033,0.0016627523582428,0.5610334277153015,0.0008521605632267,0.4452227354049682,0.0006443165475502,0.0010184358106926,0.5522000193595886,0.0009145137737505,0.4311516880989074,0.00114314223174,0.0021615780424326,0.5647953748703003,0.0007482385262846,0.4401097595691681,0.0014341238420456,0.0023070687893778,0.5554631948471069,0.0006858853157609,0.4419387876987457,0.0009352981578558,0.0018705963157117,0.5545071363449097,0.0007482385262846,0.4227963387966156,0.0019745184108614,0.0026604037266224,0.5715087652206421,0.0010600045789033,0.4231289029121399,0.0021823623683303,0.0029929541051387,0.5707605481147766,0.0009352981578558,0.43803131580352783,0.000602747721131891,0.001683536684140563,0.5587887167930603,0.0008937293896451592
162,0.8017376065254211,0.0,0.0,0.1982624381780624,0.0,0.8019454479217529,0.0,0.0,0.1980545818805694,0.0,0.8019662499427795,0.0,0.0,0.1980338096618652,0.0,0.8018414974212646,0.0,0.0,0.1981585025787353,0.0,0.8018414974212646,0.0,0.0,0.1981585025787353,0.0,0.8018414974212646,0.0,0.0,0.1981585025787353,0.0,0.8017584085464478,0.0,0.0,0.198241651058197,0.0,0.8018831014633179,0.0,0.0,0.1981169432401657,0.0,0.8018207550048828,0.0,0.0,0.1981792896986007,0.0,0.8018414974212646,0.0,0.0,0.1981585025787353,0.0,0.802007794380188,0.0,0.0,0.1979922354221344,0.0,0.8020285964012146,0.0,0.0,0.1979714483022689,0.0,0.8017999529838562,0.0,0.0,0.1982000768184662,0.0,0.802007794380188,0.0,0.0,0.1979922354221344,0.0,0.8019039034843445,0.0,0.0,0.1980961561203003,0.0,0.8019454479217529,0.0,0.0,0.1980545818805694,0.0,0.8018831014633179,0.0,0.0,0.1981169432401657,0.0,0.8019454479217529,0.0,0.0,0.1980545818805694,0.0,0.8018622994422913,0.0,0.0,0.1981377303600311,0.0,0.8019039034843445,0.0,0.0,0.1980961561203003,0.0,0.8017999529838562,0.0,0.0,0.1982000768184662,0.0,0.8018414974212646,0.0,0.0,0.1981585025787353,0.0,0.8019039034843445,0.0,0.0,0.1980961561203003,0.0,0.8018414974212646,0.0,0.0,0.1981585025787353,0.0,0.8019039034843445,0.0,0.0,0.1980961561203003,0.0,0.8019662499427795,0.0,0.0,0.1980338096618652,0.0,0.8019039034843445,0.0,0.0,0.1980961561203003,0.0,0.8018622994422913,0.0,0.0,0.1981377303600311,0.0,0.8019246459007263,0.0,0.0,0.1980753690004348,0.0,0.8018831014633179,0.0,0.0,0.1981169432401657,0.0,0.4506474435329437,0.0019953027367591,0.0026811880525201,0.5440733432769775,0.0006027477211318,0.4431650638580322,0.0022655001375824,0.002930600894615,0.5510569214820862,0.0005819633370265,0.4477376341819763,0.0009976513683795,0.002244715578854,0.54856276512146,0.0004572568868752,0.4280548095703125,0.0027851101476699,0.0044062938541173,0.5635899305343628,0.001163926674053,0.4397564232349396,0.0010600045789033,0.0016627523582428,0.5570843815803528,0.000436472473666,0.4413776099681854,0.001163926674053,0.001829027547501,0.5549851655960083,0.0006443165475502,0.448527455329895,0.0006235321052372,0.0009768670424818,0.5492486357688904,0.0006235321052372,0.4347681701183319,0.0020368716213852,0.0026188348419964,0.5597447752952576,0.0008313761791214,0.4289277493953705,0.0010184358106926,0.001122357789427,0.5679962038993835,0.0009352981578558,0.4686467349529266,0.0009352981578558,0.0013094174209982,0.528755247592926,0.0003533348790369,0.4354956150054931,0.0009976513683795,0.0011015734635293,0.5619479417800903,0.0004572568868752,0.4238771498203277,0.0005611788947135,0.0012470642104744,0.5733377933502197,0.0009768670424818,0.4505227506160736,0.0019953027367591,0.0028474633581936,0.5442396402359009,0.0003949036763515,0.4607279002666473,0.0012470642104744,0.0012054954422637,0.5364246964454651,0.0003949036763515,0.4388003349304199,0.0016627523582428,0.002930600894615,0.5558788776397705,0.0007274541421793,0.4501486122608185,0.0013509863056242,0.0025149129796773,0.5454451441764832,0.0005403945106081,0.4183900654315948,0.0024317752104252,0.0045310002751648,0.5734832882881165,0.001163926674053,0.4392368197441101,0.0006235321052372,0.00114314223174,0.5581859350204468,0.0008105917368084,0.4662565290927887,0.0008105917368084,0.0011015734635293,0.5312909483909607,0.0005403945106081,0.4517074525356293,0.0013302018633112,0.0021823623683303,0.5443435311317444,0.000436472473666,0.4249579310417175,0.0012054954422637,0.0021407937165349,0.5708436369895935,0.0008521605632267,0.4425831139087677,0.0013094174209982,0.0021615780424326,0.5532392859458923,0.0007066697580739,0.4338952302932739,0.0013094174209982,0.0016211834736168,0.5623220801353455,0.0008521605632267,0.4439548850059509,0.0005403945106081,0.0011015734635293,0.5534886717796326,0.0009145137737505,0.4298006892204284,0.001163926674053,0.0020784405060112,0.5662087202072144,0.0007482385262846,0.4386548399925232,0.0016419679159298,0.0021615780424326,0.5568557381629944,0.0006858853157609,0.4405670166015625,0.0010184358106926,0.0016211834736168,0.5560451745986938,0.0007482385262846,0.4214869439601898,0.0015380459371954,0.0027851101476699,0.5731299519538879,0.0010600045789033,0.4213622212409973,0.0019329495262354,0.0034086422529071,0.5723609328269958,0.0009352981578558,0.4367634654045105,0.000644316547550261,0.0016211834736168385,0.5600773096084595,0.0008937293896451592
163,0.7996383905410767,0.0,0.0,0.2003616541624069,0.0,0.7998462319374084,0.0,0.0,0.2001538127660751,0.0,0.7998670339584351,0.0,0.0,0.2001330256462097,0.0,0.7997422814369202,0.0,0.0,0.200257733464241,0.0,0.7997422814369202,0.0,0.0,0.200257733464241,0.0,0.7997422814369202,0.0,0.0,0.200257733464241,0.0,0.7996591925621033,0.0,0.0,0.2003408670425415,0.0,0.7997838854789734,0.0,0.0,0.2002161592245102,0.0,0.7997215390205383,0.0,0.0,0.2002785205841064,0.0,0.7997422814369202,0.0,0.0,0.200257733464241,0.0,0.7999085783958435,0.0,0.0,0.2000914514064788,0.0,0.7999293804168701,0.0,0.0,0.2000706791877746,0.0,0.7997007369995117,0.0,0.0,0.2002993077039718,0.0,0.7999085783958435,0.0,0.0,0.2000914514064788,0.0,0.7998046278953552,0.0,0.0,0.2001953870058059,0.0,0.7998462319374084,0.0,0.0,0.2001538127660751,0.0,0.7997838854789734,0.0,0.0,0.2002161592245102,0.0,0.7998462319374084,0.0,0.0,0.2001538127660751,0.0,0.7997630834579468,0.0,0.0,0.2002369463443756,0.0,0.7998046278953552,0.0,0.0,0.2001953870058059,0.0,0.7997007369995117,0.0,0.0,0.2002993077039718,0.0,0.7997422814369202,0.0,0.0,0.200257733464241,0.0,0.7998046278953552,0.0,0.0,0.2001953870058059,0.0,0.7997422814369202,0.0,0.0,0.200257733464241,0.0,0.7998046278953552,0.0,0.0,0.2001953870058059,0.0,0.7998670339584351,0.0,0.0,0.2001330256462097,0.0,0.7998046278953552,0.0,0.0,0.2001953870058059,0.0,0.7997630834579468,0.0,0.0,0.2002369463443756,0.0,0.7998254299163818,0.0,0.0,0.2001745998859405,0.0,0.7997838854789734,0.0,0.0,0.2002161592245102,0.0,0.4482572376728058,0.0017874587792903,0.0023694219999015,0.5469831824302673,0.0006027477211318,0.4407125115394592,0.0019537340849637,0.0027643258217722,0.5539875030517578,0.0005819633370265,0.4453890025615692,0.0009976513683795,0.0020160872954875,0.5511400699615479,0.0004572568868752,0.4255191087722778,0.0027019726112484,0.0038451147265732,0.5667698979377747,0.001163926674053,0.4371999502182007,0.001122357789427,0.0017874587792903,0.5594537854194641,0.000436472473666,0.4389666020870209,0.0012678486527875,0.0015380459371954,0.557583212852478,0.0006443165475502,0.4462827146053314,0.0006235321052372,0.0010184358106926,0.5514310002326965,0.0006443165475502,0.4323363900184631,0.0017666743369773,0.0027435412630438,0.5623220801353455,0.0008313761791214,0.4267661571502685,0.0006235321052372,0.0010807890212163,0.5705942511558533,0.0009352981578558,0.466422826051712,0.0008729449473321,0.0012678486527875,0.5310831069946289,0.0003533348790369,0.4333340525627136,0.000789807352703,0.001163926674053,0.5642549991607666,0.0004572568868752,0.421673983335495,0.0005403945106081,0.0012470642104744,0.5755617022514343,0.0009768670424818,0.4481533169746399,0.001849811989814,0.0026396194007247,0.5469623804092407,0.0003949036763515,0.4584416151046753,0.001122357789427,0.0011015734635293,0.5389395952224731,0.0003949036763515,0.436243861913681,0.001829027547501,0.0028266790322959,0.5583730340003967,0.0007274541421793,0.4475921392440796,0.0013717706315219,0.0024941284209489,0.5480015873908997,0.0005403945106081,0.4157504439353943,0.0023902065586298,0.0039490368217229,0.57674640417099,0.001163926674053,0.4367426931858063,0.0008937293896451,0.0010600045789033,0.5604930520057678,0.0008105917368084,0.4640533924102783,0.0008729449473321,0.0009768670424818,0.5335564613342285,0.0005403945106081,0.4493795931339264,0.0012470642104744,0.0020576559472829,0.546879231929779,0.000436472473666,0.422546923160553,0.0012054954422637,0.0020784405060112,0.5733169913291931,0.0008521605632267,0.440047413110733,0.0015588302630931,0.001829027547501,0.5558580756187439,0.0007066697580739,0.4316089451313019,0.0013509863056242,0.0014756927266716,0.5647122859954834,0.0008521605632267,0.4416893720626831,0.0005196101265028,0.0010392202530056,0.5558373332023621,0.0009145137737505,0.427535206079483,0.001163926674053,0.0017043211264535,0.5688483715057373,0.0007482385262846,0.4362230598926544,0.0014964770525693,0.0021200091578066,0.5594745874404907,0.0006858853157609,0.4382599592208862,0.0008313761791214,0.0016419679159298,0.5585185289382935,0.0007482385262846,0.4191175103187561,0.0013717706315219,0.0027019726112484,0.5757488012313843,0.0010600045789033,0.4189096689224243,0.0017251055687665,0.0033047201577574,0.5751252174377441,0.0009352981578558,0.4345395267009735,0.000602747721131891,0.0015380459371954203,0.562425971031189,0.0008937293896451592
164,0.7965207099914551,0.0,0.0,0.2034793198108673,0.0,0.7967285513877869,0.0,0.0,0.2032714784145355,0.0,0.7967493534088135,0.0,0.0,0.2032506912946701,0.0,0.7966246604919434,0.0,0.0,0.2033753991127014,0.0,0.7966246604919434,0.0,0.0,0.2033753991127014,0.0,0.7966246604919434,0.0,0.0,0.2033753991127014,0.0,0.7965415120124817,0.0,0.0,0.2034585326910019,0.0,0.7966662049293518,0.0,0.0,0.2033338248729705,0.0,0.7966038584709167,0.0,0.0,0.2033961713314056,0.0,0.7966246604919434,0.0,0.0,0.2033753991127014,0.0,0.7967908978462219,0.0,0.0,0.2032091170549392,0.0,0.7968116998672485,0.0,0.0,0.2031883299350738,0.0,0.7965830564498901,0.0,0.0,0.203416958451271,0.0,0.7967908978462219,0.0,0.0,0.2032091170549392,0.0,0.7966870069503784,0.0,0.0,0.2033130377531051,0.0,0.7967285513877869,0.0,0.0,0.2032714784145355,0.0,0.7966662049293518,0.0,0.0,0.2033338248729705,0.0,0.7967285513877869,0.0,0.0,0.2032714784145355,0.0,0.7966454029083252,0.0,0.0,0.203354611992836,0.0,0.7966870069503784,0.0,0.0,0.2033130377531051,0.0,0.7965830564498901,0.0,0.0,0.203416958451271,0.0,0.7966246604919434,0.0,0.0,0.2033753991127014,0.0,0.7966870069503784,0.0,0.0,0.2033130377531051,0.0,0.7966246604919434,0.0,0.0,0.2033753991127014,0.0,0.7966870069503784,0.0,0.0,0.2033130377531051,0.0,0.7967493534088135,0.0,0.0,0.2032506912946701,0.0,0.7966870069503784,0.0,0.0,0.2033130377531051,0.0,0.7966454029083252,0.0,0.0,0.203354611992836,0.0,0.7967077493667603,0.0,0.0,0.2032922506332397,0.0,0.7966662049293518,0.0,0.0,0.2033338248729705,0.0,0.4447862505912781,0.0015172614948824,0.0023694219999015,0.5507243275642395,0.0006027477211318,0.4372414946556091,0.0016419679159298,0.0027019726112484,0.5578325986862183,0.0005819633370265,0.4420011341571808,0.0009560826001688,0.0017666743369773,0.554818868637085,0.0004572568868752,0.4220481216907501,0.0023278533481061,0.0037411926314234,0.5707189440727234,0.001163926674053,0.4337497353553772,0.0012470642104744,0.0015588302630931,0.5630079507827759,0.000436472473666,0.4356411099433899,0.0009352981578558,0.001829027547501,0.5609502792358398,0.0006443165475502,0.4430611431598663,0.0005403945106081,0.0009976513683795,0.5547565221786499,0.0006443165475502,0.4288861751556396,0.0014133395161479,0.0027435412630438,0.5661255717277527,0.0008313761791214,0.4235030114650726,0.0006651009316556,0.0009560826001688,0.5739405155181885,0.0009352981578558,0.4630557298660278,0.0008521605632267,0.0012470642104744,0.5344917178153992,0.0003533348790369,0.429987758398056,0.0006858853157609,0.0013302018633112,0.5675389170646667,0.0004572568868752,0.418348491191864,0.0006443165475502,0.0011015734635293,0.5789287686347961,0.0009768670424818,0.4448070228099823,0.0015796147054061,0.0020576559472829,0.5511608123779297,0.0003949036763515,0.4549914002418518,0.0011847109999507,0.0009768670424818,0.5424521565437317,0.0003949036763515,0.4325650036334991,0.0020160872954875,0.0025564816314727,0.5621349811553955,0.0007274541421793,0.4441834986209869,0.0013925550738349,0.0022031469270586,0.5516804456710815,0.0005403945106081,0.4121963083744049,0.0021407937165349,0.0034917797893285,0.5810072422027588,0.001163926674053,0.4335418939590454,0.0008105917368084,0.0010184358106926,0.5638185143470764,0.0008105917368084,0.4608525931835174,0.0007274541421793,0.0008313761791214,0.5370482206344604,0.0005403945106081,0.4460332989692688,0.0010184358106926,0.0019537340849637,0.5505580902099609,0.000436472473666,0.4190759360790252,0.0012054954422637,0.0017874587792903,0.5770789980888367,0.0008521605632267,0.4366387724876404,0.0014756927266716,0.001829027547501,0.5593498945236206,0.0007066697580739,0.4283457696437835,0.0009560826001688,0.0014549082843586,0.5683910846710205,0.0008521605632267,0.4385093450546264,0.0005196101265028,0.0008521605632267,0.5592043995857239,0.0009145137737505,0.4242928326129913,0.0008729449473321,0.0014964770525693,0.5725895762443542,0.0007482385262846,0.4328975677490234,0.001122357789427,0.0019745184108614,0.5633196830749512,0.0006858853157609,0.4348512887954712,0.0009352981578558,0.0013302018633112,0.5621349811553955,0.0007482385262846,0.4157504439353943,0.0010184358106926,0.0027019726112484,0.5794692039489746,0.0010600045789033,0.4154594540596008,0.0016419679159298,0.0030968762002885,0.5788664221763611,0.0009352981578558,0.4312763810157776,0.000644316547550261,0.001288633095100522,0.5658969879150391,0.0008937293896451592
165,0.7941305041313171,0.0,0.0,0.2058695256710052,0.0,0.7943383455276489,0.0,0.0,0.2056616842746734,0.0,0.7943591475486755,0.0,0.0,0.205640897154808,0.0,0.7942344546318054,0.0,0.0,0.2057656049728393,0.0,0.7942344546318054,0.0,0.0,0.2057656049728393,0.0,0.7942344546318054,0.0,0.0,0.2057656049728393,0.0,0.7941513061523438,0.0,0.0,0.2058487385511398,0.0,0.7942759990692139,0.0,0.0,0.2057240307331085,0.0,0.7942136526107788,0.0,0.0,0.2057863920927047,0.0,0.7942344546318054,0.0,0.0,0.2057656049728393,0.0,0.794400691986084,0.0,0.0,0.2055993229150772,0.0,0.7944214940071106,0.0,0.0,0.2055785357952118,0.0,0.7941928505897522,0.0,0.0,0.205807164311409,0.0,0.794400691986084,0.0,0.0,0.2055993229150772,0.0,0.7942968010902405,0.0,0.0,0.2057032436132431,0.0,0.7943383455276489,0.0,0.0,0.2056616842746734,0.0,0.7942759990692139,0.0,0.0,0.2057240307331085,0.0,0.7943383455276489,0.0,0.0,0.2056616842746734,0.0,0.7942551970481873,0.0,0.0,0.2057448178529739,0.0,0.7942968010902405,0.0,0.0,0.2057032436132431,0.0,0.7941928505897522,0.0,0.0,0.205807164311409,0.0,0.7942344546318054,0.0,0.0,0.2057656049728393,0.0,0.7942968010902405,0.0,0.0,0.2057032436132431,0.0,0.7942344546318054,0.0,0.0,0.2057656049728393,0.0,0.7942968010902405,0.0,0.0,0.2057032436132431,0.0,0.7943591475486755,0.0,0.0,0.205640897154808,0.0,0.7942968010902405,0.0,0.0,0.2057032436132431,0.0,0.7942551970481873,0.0,0.0,0.2057448178529739,0.0,0.7943175435066223,0.0,0.0,0.2056824564933776,0.0,0.7942759990692139,0.0,0.0,0.2057240307331085,0.0,0.4422297775745392,0.0013094174209982,0.0023070687893778,0.5535510182380676,0.0006027477211318,0.4342693388462066,0.0017251055687665,0.0024525597691535,0.5609710812568665,0.0005819633370265,0.439340740442276,0.0009976513683795,0.0014341238420456,0.5577702522277832,0.0004572568868752,0.4191590845584869,0.0020784405060112,0.003616486210376,0.5739821195602417,0.001163926674053,0.4311516880989074,0.0012678486527875,0.0014341238420456,0.5657098889350891,0.000436472473666,0.4329807162284851,0.0010392202530056,0.0015588302630931,0.563776969909668,0.0006443165475502,0.4405462443828583,0.0005196101265028,0.0008729449473321,0.5574169158935547,0.0006443165475502,0.4259971380233764,0.0015796147054061,0.002577266190201,0.5690146088600159,0.0008313761791214,0.4209881126880646,0.0005196101265028,0.0010807890212163,0.5764762163162231,0.0009352981578558,0.4604992568492889,0.0008937293896451,0.0011015734635293,0.537152111530304,0.0003533348790369,0.4274104833602905,0.0007274541421793,0.0013094174209982,0.570095419883728,0.0004572568868752,0.4158335626125335,0.0006443165475502,0.0009560826001688,0.5815892219543457,0.0009768670424818,0.4419595599174499,0.0013509863056242,0.0023694219999015,0.5539251565933228,0.0003949036763515,0.4524764716625213,0.0010184358106926,0.0009976513683795,0.5451125502586365,0.0003949036763515,0.4298214912414551,0.0019537340849637,0.0023486376740038,0.5651487112045288,0.0007274541421793,0.441627025604248,0.001163926674053,0.0019121652003377,0.5547357201576233,0.0005611788947135,0.4094735383987427,0.001829027547501,0.0034086422529071,0.5841249227523804,0.001163926674053,0.4309646189212799,0.0008313761791214,0.0009768670424818,0.5664165616035461,0.0008105917368084,0.4583792388439178,0.0006235321052372,0.000789807352703,0.5396670699119568,0.0005403945106081,0.443372905254364,0.0009768670424818,0.001829027547501,0.5533847808837891,0.000436472473666,0.4163531959056854,0.0013302018633112,0.0015796147054061,0.5798848867416382,0.0008521605632267,0.433957576751709,0.0012886330951005,0.0017251055687665,0.5623012781143188,0.0007274541421793,0.4258932173252105,0.000789807352703,0.0012470642104744,0.5712177753448486,0.0008521605632267,0.4359528720378876,0.0005611788947135,0.0008521605632267,0.5617192983627319,0.0009145137737505,0.4216324090957641,0.0008105917368084,0.0013717706315219,0.5754370093345642,0.0007482385262846,0.4302995204925537,0.0011015734635293,0.0018705963157117,0.5660424828529358,0.0006858853157609,0.4323363900184631,0.0008937293896451,0.001163926674053,0.5648577213287354,0.0007482385262846,0.4129237532615661,0.001163926674053,0.002577266190201,0.5822750926017761,0.0010600045789033,0.4127366840839386,0.0016835366841405,0.0030137386638671,0.5816307663917542,0.0009352981578558,0.4288238286972046,0.0004988256841897964,0.0011015734635293484,0.568682074546814,0.0008937293896451592
166,0.7910959720611572,0.0,0.0,0.2089040428400039,0.0,0.791303813457489,0.0,0.0,0.2086962014436721,0.0,0.7913246154785156,0.0,0.0,0.2086754143238067,0.0,0.7911999225616455,0.0,0.0,0.208800122141838,0.0,0.7911999225616455,0.0,0.0,0.208800122141838,0.0,0.7911999225616455,0.0,0.0,0.208800122141838,0.0,0.7911167740821838,0.0,0.0,0.2088832557201385,0.0,0.791241466999054,0.0,0.0,0.2087585479021072,0.0,0.7911791205406189,0.0,0.0,0.2088209092617035,0.0,0.7911999225616455,0.0,0.0,0.208800122141838,0.0,0.7913661599159241,0.0,0.0,0.2086338549852371,0.0,0.7913869619369507,0.0,0.0,0.2086130678653717,0.0,0.7911583185195923,0.0,0.0,0.2088416963815689,0.0,0.7913661599159241,0.0,0.0,0.2086338549852371,0.0,0.7912622690200806,0.0,0.0,0.208737775683403,0.0,0.791303813457489,0.0,0.0,0.2086962014436721,0.0,0.791241466999054,0.0,0.0,0.2087585479021072,0.0,0.791303813457489,0.0,0.0,0.2086962014436721,0.0,0.7912207245826721,0.0,0.0,0.2087793350219726,0.0,0.7912622690200806,0.0,0.0,0.208737775683403,0.0,0.7911583185195923,0.0,0.0,0.2088416963815689,0.0,0.7911999225616455,0.0,0.0,0.208800122141838,0.0,0.7912622690200806,0.0,0.0,0.208737775683403,0.0,0.7911999225616455,0.0,0.0,0.208800122141838,0.0,0.7912622690200806,0.0,0.0,0.208737775683403,0.0,0.7913246154785156,0.0,0.0,0.2086754143238067,0.0,0.7912622690200806,0.0,0.0,0.208737775683403,0.0,0.7912207245826721,0.0,0.0,0.2087793350219726,0.0,0.7912830710411072,0.0,0.0,0.2087169885635376,0.0,0.791241466999054,0.0,0.0,0.2087585479021072,0.0,0.4385717213153839,0.0014341238420456,0.0024525597691535,0.556938886642456,0.0006027477211318,0.4310061931610107,0.0015172614948824,0.0025149129796773,0.5643796920776367,0.0005819633370265,0.4360567927360534,0.0010392202530056,0.0013302018633112,0.5611165761947632,0.0004572568868752,0.4157920181751251,0.0016211834736168,0.0035541329998522,0.5778687596321106,0.001163926674053,0.4280132353305816,0.0011015734635293,0.0014549082843586,0.568993866443634,0.000436472473666,0.4297383427619934,0.0009976513683795,0.0015796147054061,0.5670400857925415,0.0006443165475502,0.4374077916145324,0.0004780413000844,0.0007482385262846,0.5607216358184814,0.0006443165475502,0.4225053787231445,0.0016211834736168,0.002577266190201,0.5724648237228394,0.0008313761791214,0.4177873134613037,0.0004988256841897,0.0011847109999507,0.5795938968658447,0.0009352981578558,0.4572984576225281,0.0007066697580739,0.0012054954422637,0.5404360890388489,0.0003533348790369,0.4242304861545563,0.0006235321052372,0.0012678486527875,0.5734209418296814,0.0004572568868752,0.4127366840839386,0.0004988256841897,0.0007274541421793,0.585060179233551,0.0009768670424818,0.4384262263774872,0.0014549082843586,0.0023486376740038,0.5573753714561462,0.0003949036763515,0.4492756724357605,0.0008105917368084,0.0013302018633112,0.5481886863708496,0.0003949036763515,0.4263920485973358,0.0017666743369773,0.0020992248319089,0.5690146088600159,0.0007274541421793,0.4382807314395904,0.0012262798845767,0.0017666743369773,0.5581651926040649,0.0005611788947135,0.4060441255569458,0.0017043211264535,0.0030760918743908,0.5879908204078674,0.0011847109999507,0.4278261661529541,0.0007690229685977,0.0008729449473321,0.5697005391120911,0.0008313761791214,0.455178439617157,0.000436472473666,0.0010392202530056,0.5428054928779602,0.0005403945106081,0.4401305317878723,0.0009352981578558,0.0016835366841405,0.5568141937255859,0.000436472473666,0.4131523966789245,0.001163926674053,0.0015380459371954,0.5832934975624084,0.0008521605632267,0.4307567775249481,0.0011847109999507,0.0015380459371954,0.5657930374145508,0.0007274541421793,0.4227132201194763,0.0005403945106081,0.0014549082843586,0.5744393467903137,0.0008521605632267,0.4328352212905884,0.0004780413000844,0.0008105917368084,0.5649616718292236,0.0009145137737505,0.4184731841087341,0.0006858853157609,0.0013925550738349,0.5787001848220825,0.0007482385262846,0.4269948005676269,0.0010184358106926,0.0017874587792903,0.5695134401321411,0.0006858853157609,0.4291355907917022,0.000789807352703,0.0012054954422637,0.5681208968162537,0.0007482385262846,0.4095566868782043,0.0012886330951005,0.0021823623683303,0.5858915448188782,0.0010807890212163,0.4094735383987427,0.0012470642104744,0.0028474633581936,0.5854966640472412,0.0009352981578558,0.4257269501686096,0.00039490367635153234,0.0007690229685977101,0.5722154378890991,0.0008937293896451592
167,0.7904101014137268,0.0,0.0,0.2095899283885955,0.0,0.7906179428100586,0.0,0.0,0.2093820869922638,0.0,0.7906387448310852,0.0,0.0,0.2093612998723983,0.0,0.7905140519142151,0.0,0.0,0.2094860076904297,0.0,0.7905140519142151,0.0,0.0,0.2094860076904297,0.0,0.7905140519142151,0.0,0.0,0.2094860076904297,0.0,0.7904309034347534,0.0,0.0,0.2095691412687301,0.0,0.7905555963516235,0.0,0.0,0.2094444334506988,0.0,0.7904932498931885,0.0,0.0,0.2095067948102951,0.0,0.7905140519142151,0.0,0.0,0.2094860076904297,0.0,0.7906802892684937,0.0,0.0,0.2093197405338287,0.0,0.7907010912895203,0.0,0.0,0.2092989534139633,0.0,0.7904724478721619,0.0,0.0,0.2095275819301605,0.0,0.7906802892684937,0.0,0.0,0.2093197405338287,0.0,0.7905763983726501,0.0,0.0,0.2094236612319946,0.0,0.7906179428100586,0.0,0.0,0.2093820869922638,0.0,0.7905555963516235,0.0,0.0,0.2094444334506988,0.0,0.7906179428100586,0.0,0.0,0.2093820869922638,0.0,0.7905347943305969,0.0,0.0,0.2094652205705642,0.0,0.7905763983726501,0.0,0.0,0.2094236612319946,0.0,0.7904724478721619,0.0,0.0,0.2095275819301605,0.0,0.7905140519142151,0.0,0.0,0.2094860076904297,0.0,0.7905763983726501,0.0,0.0,0.2094236612319946,0.0,0.7905140519142151,0.0,0.0,0.2094860076904297,0.0,0.7905763983726501,0.0,0.0,0.2094236612319946,0.0,0.7906387448310852,0.0,0.0,0.2093612998723983,0.0,0.7905763983726501,0.0,0.0,0.2094236612319946,0.0,0.7905347943305969,0.0,0.0,0.2094652205705642,0.0,0.790597140789032,0.0,0.0,0.2094028741121292,0.0,0.7905555963516235,0.0,0.0,0.2094444334506988,0.0,0.4375740587711334,0.0014549082843586,0.0022862844634801,0.5580820441246033,0.0006027477211318,0.4299669563770294,0.0015172614948824,0.0026188348419964,0.5653150081634521,0.0005819633370265,0.4349760115146637,0.0011847109999507,0.0012470642104744,0.5621349811553955,0.0004572568868752,0.4144825935363769,0.001808243105188,0.0032215826213359,0.5793237090110779,0.001163926674053,0.4272026419639587,0.0007690229685977,0.0015172614948824,0.5700746178627014,0.000436472473666,0.428636759519577,0.0011015734635293,0.0014756927266716,0.5681416988372803,0.0006443165475502,0.4365140497684479,0.0005403945106081,0.0007690229685977,0.5615322589874268,0.0006443165475502,0.421445369720459,0.0016627523582428,0.0023694219999015,0.5736911296844482,0.0008313761791214,0.4169351458549499,0.0006027477211318,0.0010807890212163,0.5804460644721985,0.0009352981578558,0.4564047157764435,0.000789807352703,0.0010600045789033,0.5413921475410461,0.0003533348790369,0.4233367443084717,0.0007690229685977,0.0010600045789033,0.5743770003318787,0.0004572568868752,0.4119884669780731,0.0004572568868752,0.0006651009316556,0.5859123468399048,0.0009768670424818,0.4374285638332367,0.0014964770525693,0.0022655001375824,0.5584145784378052,0.0003949036763515,0.4484027326107025,0.0008105917368084,0.0014341238420456,0.5489577054977417,0.0003949036763515,0.4253736138343811,0.0016419679159298,0.0021200091578066,0.5701369643211365,0.0007274541421793,0.4373662173748016,0.0009976513683795,0.001808243105188,0.5592667460441589,0.0005611788947135,0.4050464630126953,0.0014756927266716,0.002972169779241,0.5893002152442932,0.0012054954422637,0.4269948005676269,0.0005196101265028,0.0010184358106926,0.5706357955932617,0.0008313761791214,0.4544094204902649,0.0004156880895607,0.0009145137737505,0.543720006942749,0.0005403945106081,0.4390081763267517,0.00114314223174,0.0015588302630931,0.5578534007072449,0.000436472473666,0.4124041497707367,0.0009145137737505,0.0015172614948824,0.5843119621276855,0.0008521605632267,0.4299046099185943,0.0009145137737505,0.0017458898946642,0.5667075514793396,0.0007274541421793,0.4218194782733917,0.0005611788947135,0.0014964770525693,0.5752707123756409,0.0008521605632267,0.4321077764034271,0.0003533348790369,0.0007066697580739,0.5659177303314209,0.0009145137737505,0.4175794720649719,0.0007274541421793,0.0013302018633112,0.5796146988868713,0.0007482385262846,0.4259140193462372,0.0010807890212163,0.0019745184108614,0.5703448057174683,0.0006858853157609,0.4283665716648102,0.0006651009316556,0.0012262798845767,0.568993866443634,0.0007482385262846,0.4087668657302856,0.001122357789427,0.001808243105188,0.5872217416763306,0.0010807890212163,0.4083927571773529,0.0012886330951005,0.0022862844634801,0.5870970487594604,0.0009352981578558,0.4249371290206909,0.00037411926314234734,0.0007690229685977101,0.5730260014533997,0.0008937293896451592
168,0.7902854084968567,0.0,0.0,0.2097146362066269,0.0,0.7904932498931885,0.0,0.0,0.2095067948102951,0.0,0.7905140519142151,0.0,0.0,0.2094860076904297,0.0,0.7903892993927002,0.0,0.0,0.209610715508461,0.0,0.7903892993927002,0.0,0.0,0.209610715508461,0.0,0.7903892993927002,0.0,0.0,0.209610715508461,0.0,0.7903062105178833,0.0,0.0,0.2096938490867614,0.0,0.7904309034347534,0.0,0.0,0.2095691412687301,0.0,0.7903685569763184,0.0,0.0,0.2096315026283264,0.0,0.7903892993927002,0.0,0.0,0.209610715508461,0.0,0.7905555963516235,0.0,0.0,0.2094444334506988,0.0,0.7905763983726501,0.0,0.0,0.2094236612319946,0.0,0.7903477549552917,0.0,0.0,0.2096522897481918,0.0,0.7905555963516235,0.0,0.0,0.2094444334506988,0.0,0.7904516458511353,0.0,0.0,0.2095483690500259,0.0,0.7904932498931885,0.0,0.0,0.2095067948102951,0.0,0.7904309034347534,0.0,0.0,0.2095691412687301,0.0,0.7904932498931885,0.0,0.0,0.2095067948102951,0.0,0.7904101014137268,0.0,0.0,0.2095899283885955,0.0,0.7904516458511353,0.0,0.0,0.2095483690500259,0.0,0.7903477549552917,0.0,0.0,0.2096522897481918,0.0,0.7903892993927002,0.0,0.0,0.209610715508461,0.0,0.7904516458511353,0.0,0.0,0.2095483690500259,0.0,0.7903892993927002,0.0,0.0,0.209610715508461,0.0,0.7904516458511353,0.0,0.0,0.2095483690500259,0.0,0.7905140519142151,0.0,0.0,0.2094860076904297,0.0,0.7904516458511353,0.0,0.0,0.2095483690500259,0.0,0.7904101014137268,0.0,0.0,0.2095899283885955,0.0,0.7904724478721619,0.0,0.0,0.2095275819301605,0.0,0.7904309034347534,0.0,0.0,0.2095691412687301,0.0,0.4372622966766357,0.0012886330951005,0.0021407937165349,0.5587055683135986,0.0006027477211318,0.4296344220638275,0.0013717706315219,0.0023070687893778,0.5661048293113708,0.0005819633370265,0.4345603287220001,0.0012054954422637,0.0012678486527875,0.5625091195106506,0.0004572568868752,0.4138174951076507,0.0019953027367591,0.0030553073156625,0.5799680352210999,0.001163926674053,0.4268077313899994,0.0007066697580739,0.0014549082843586,0.5705942511558533,0.000436472473666,0.4283042252063751,0.0011015734635293,0.0014756927266716,0.5684742331504822,0.0006443165475502,0.4363062083721161,0.0005196101265028,0.0007274541421793,0.5618024468421936,0.0006443165475502,0.4211128056049347,0.0015380459371954,0.0020992248319089,0.5744186043739319,0.0008313761791214,0.4167065322399139,0.0005611788947135,0.0007690229685977,0.5810280442237854,0.0009352981578558,0.4561553299427032,0.0006651009316556,0.001122357789427,0.5417039394378662,0.0003533348790369,0.4231289029121399,0.0006235321052372,0.0010184358106926,0.5747719407081604,0.0004572568868752,0.4116974771022796,0.0004156880895607,0.0007482385262846,0.5861617922782898,0.0009768670424818,0.4370960295200348,0.0014756927266716,0.0020784405060112,0.5589549541473389,0.0003949036763515,0.448111742734909,0.0006443165475502,0.0014549082843586,0.5493941307067871,0.0003949036763515,0.4250202775001526,0.0013094174209982,0.0023902065586298,0.5705527067184448,0.0007274541421793,0.437116801738739,0.0008313761791214,0.0016627523582428,0.5598279237747192,0.0005611788947135,0.4045892059803009,0.0013717706315219,0.0028266790322959,0.5900068879127502,0.0012054954422637,0.4268493056297302,0.0004572568868752,0.0009768670424818,0.5708852410316467,0.0008313761791214,0.4542015790939331,0.0004156880895607,0.0009560826001688,0.5438863039016724,0.0005403945106081,0.438696414232254,0.0011015734635293,0.0014756927266716,0.5582898855209351,0.000436472473666,0.4121963083744049,0.0006443165475502,0.0015588302630931,0.5847484469413757,0.0008521605632267,0.4295512735843658,0.0008521605632267,0.001849811989814,0.5670193433761597,0.0007274541421793,0.421507716178894,0.0006027477211318,0.0014964770525693,0.5755409598350525,0.0008521605632267,0.4319207072257995,0.0003533348790369,0.0005819633370265,0.566229522228241,0.0009145137737505,0.4173508286476135,0.0007066697580739,0.0012886330951005,0.5799056887626648,0.0007482385262846,0.4257061779499054,0.0009560826001688,0.0017043211264535,0.5709475874900818,0.0006858853157609,0.4281379282474518,0.0004780413000844,0.001122357789427,0.5695134401321411,0.0007482385262846,0.4084551036357879,0.0010600045789033,0.0016211834736168,0.5877829194068909,0.0010807890212163,0.4080601930618286,0.001163926674053,0.0020576559472829,0.5877829194068909,0.0009352981578558,0.42475008964538574,0.00029098166851326823,0.0007482385262846947,0.5733169913291931,0.0008937293896451592
169,0.7889967560768127,0.0,0.0,0.2110032737255096,0.0,0.7892045974731445,0.0,0.0,0.2107954323291778,0.0,0.7892253994941711,0.0,0.0,0.2107746452093124,0.0,0.789100706577301,0.0,0.0,0.2108993530273437,0.0,0.789100706577301,0.0,0.0,0.2108993530273437,0.0,0.789100706577301,0.0,0.0,0.2108993530273437,0.0,0.7890175580978394,0.0,0.0,0.2109824866056442,0.0,0.7891422510147095,0.0,0.0,0.2108577787876129,0.0,0.7890799045562744,0.0,0.0,0.2109201401472091,0.0,0.789100706577301,0.0,0.0,0.2108993530273437,0.0,0.7892669439315796,0.0,0.0,0.2107330709695816,0.0,0.7892877459526062,0.0,0.0,0.2107122838497162,0.0,0.7890591025352478,0.0,0.0,0.2109409123659134,0.0,0.7892669439315796,0.0,0.0,0.2107330709695816,0.0,0.7891630530357361,0.0,0.0,0.2108369916677475,0.0,0.7892045974731445,0.0,0.0,0.2107954323291778,0.0,0.7891422510147095,0.0,0.0,0.2108577787876129,0.0,0.7892045974731445,0.0,0.0,0.2107954323291778,0.0,0.7891214489936829,0.0,0.0,0.2108785659074783,0.0,0.7891630530357361,0.0,0.0,0.2108369916677475,0.0,0.7890591025352478,0.0,0.0,0.2109409123659134,0.0,0.789100706577301,0.0,0.0,0.2108993530273437,0.0,0.7891630530357361,0.0,0.0,0.2108369916677475,0.0,0.789100706577301,0.0,0.0,0.2108993530273437,0.0,0.7891630530357361,0.0,0.0,0.2108369916677475,0.0,0.7892253994941711,0.0,0.0,0.2107746452093124,0.0,0.7891630530357361,0.0,0.0,0.2108369916677475,0.0,0.7891214489936829,0.0,0.0,0.2108785659074783,0.0,0.7891837954521179,0.0,0.0,0.210816204547882,0.0,0.7891422510147095,0.0,0.0,0.2108577787876129,0.0,0.4356203377246856,0.0014756927266716,0.0016835366841405,0.5606177449226379,0.0006027477211318,0.4280548095703125,0.0010807890212163,0.0022239312529563,0.5680585503578186,0.0005819633370265,0.4332509040832519,0.0009560826001688,0.0012262798845767,0.5641095042228699,0.0004572568868752,0.4122586548328399,0.0017666743369773,0.0028266790322959,0.5819841027259827,0.001163926674053,0.4253528416156769,0.0006651009316556,0.0014549082843586,0.572090744972229,0.000436472473666,0.4267246127128601,0.001122357789427,0.0012054954422637,0.5703032612800598,0.0006443165475502,0.4349760115146637,0.000436472473666,0.0006651009316556,0.5632781386375427,0.0006443165475502,0.4195539951324463,0.0013094174209982,0.0019121652003377,0.5763930678367615,0.0008313761791214,0.4153763055801391,0.0004780413000844,0.000789807352703,0.5824205875396729,0.0009352981578558,0.4547004103660583,0.0006651009316556,0.0010184358106926,0.543262779712677,0.0003533348790369,0.4217155575752258,0.0005611788947135,0.0008729449473321,0.5763930678367615,0.0004572568868752,0.4103257060050964,0.0003741192631423,0.0007690229685977,0.5875543355941772,0.0009768670424818,0.4356203377246856,0.0012054954422637,0.0020368716213852,0.5607424378395081,0.0003949036763515,0.4466568529605865,0.0006858853157609,0.0013094174209982,0.5509529709815979,0.0003949036763515,0.4235238134860992,0.001163926674053,0.0023694219999015,0.5722154378890991,0.0007274541421793,0.4355787634849548,0.0009145137737505,0.0015588302630931,0.56138676404953,0.0005611788947135,0.4030095934867859,0.0013302018633112,0.0024733440950512,0.5919814109802246,0.0012054954422637,0.4253736138343811,0.0004572568868752,0.0009976513683795,0.5723401308059692,0.0008313761791214,0.4527466893196106,0.0004988256841897,0.0008105917368084,0.5454035401344299,0.0005403945106081,0.4372414946556091,0.0009976513683795,0.0012886330951005,0.560035765171051,0.000436472473666,0.4107829630374908,0.000436472473666,0.0015380459371954,0.5863903760910034,0.0008521605632267,0.4279093146324157,0.0009145137737505,0.0017666743369773,0.568682074546814,0.0007274541421793,0.4201359450817108,0.0006235321052372,0.0010184358106926,0.5773699879646301,0.0008521605632267,0.4306112825870514,0.0002078440447803,0.0006858853157609,0.56758052110672,0.0009145137737505,0.4157504439353943,0.0007482385262846,0.00114314223174,0.5816099643707275,0.0007482385262846,0.4242720305919647,0.0008937293896451,0.0013302018633112,0.5728181600570679,0.0006858853157609,0.4267869591712951,0.0004156880895607,0.0010600045789033,0.5709891319274902,0.0007482385262846,0.4070417582988739,0.0007482385262846,0.0014549082843586,0.5896743535995483,0.0010807890212163,0.4063350856304168,0.0012678486527875,0.0019745184108614,0.5894872546195984,0.0009352981578558,0.42341989278793335,0.00027019725530408323,0.0007066697580739856,0.5747095346450806,0.0008937293896451592
170,0.7865650057792664,0.0,0.0,0.2134350389242172,0.0,0.7867728471755981,0.0,0.0,0.2132271975278854,0.0,0.78679358959198,0.0,0.0,0.21320641040802,0.0,0.7866688966751099,0.0,0.0,0.2133311182260513,0.0,0.7866688966751099,0.0,0.0,0.2133311182260513,0.0,0.7866688966751099,0.0,0.0,0.2133311182260513,0.0,0.7865857481956482,0.0,0.0,0.213414266705513,0.0,0.7867105007171631,0.0,0.0,0.2132895588874817,0.0,0.786648154258728,0.0,0.0,0.2133519053459167,0.0,0.7866688966751099,0.0,0.0,0.2133311182260513,0.0,0.7868351936340332,0.0,0.0,0.2131648510694503,0.0,0.7868559956550598,0.0,0.0,0.2131440639495849,0.0,0.7866273522377014,0.0,0.0,0.2133726924657821,0.0,0.7868351936340332,0.0,0.0,0.2131648510694503,0.0,0.7867312431335449,0.0,0.0,0.2132687717676162,0.0,0.7867728471755981,0.0,0.0,0.2132271975278854,0.0,0.7867105007171631,0.0,0.0,0.2132895588874817,0.0,0.7867728471755981,0.0,0.0,0.2132271975278854,0.0,0.7866896986961365,0.0,0.0,0.2133103460073471,0.0,0.7867312431335449,0.0,0.0,0.2132687717676162,0.0,0.7866273522377014,0.0,0.0,0.2133726924657821,0.0,0.7866688966751099,0.0,0.0,0.2133311182260513,0.0,0.7867312431335449,0.0,0.0,0.2132687717676162,0.0,0.7866688966751099,0.0,0.0,0.2133311182260513,0.0,0.7867312431335449,0.0,0.0,0.2132687717676162,0.0,0.78679358959198,0.0,0.0,0.21320641040802,0.0,0.7867312431335449,0.0,0.0,0.2132687717676162,0.0,0.7866896986961365,0.0,0.0,0.2133103460073471,0.0,0.7867520451545715,0.0,0.0,0.2132479846477508,0.0,0.7867105007171631,0.0,0.0,0.2132895588874817,0.0,0.4329391419887543,0.0011015734635293,0.0019329495262354,0.5634236335754395,0.0006027477211318,0.4254983067512512,0.0009768670424818,0.0019537340849637,0.5709891319274902,0.0005819633370265,0.4306320548057556,0.0008937293896451,0.0012470642104744,0.5667698979377747,0.0004572568868752,0.4095982611179352,0.0016627523582428,0.0024109908845275,0.5851641297340393,0.001163926674053,0.4227132201194763,0.0007690229685977,0.0013717706315219,0.5747095346450806,0.000436472473666,0.423960268497467,0.0012470642104744,0.0012470642104744,0.5729013085365295,0.0006443165475502,0.4324818849563598,0.0003949036763515,0.0006235321052372,0.5658553838729858,0.0006443165475502,0.4167896509170532,0.0011847109999507,0.0020368716213852,0.5791574120521545,0.0008313761791214,0.4129237532615661,0.0003325504658278,0.0006858853157609,0.5851225256919861,0.0009352981578558,0.4521231353282928,0.0006443165475502,0.0010600045789033,0.5458192229270935,0.0003533348790369,0.419221431016922,0.0004780413000844,0.0008729449473321,0.5789703726768494,0.0004572568868752,0.4078108072280884,0.0003949036763515,0.0007066697580739,0.5900900363922119,0.0009976513683795,0.4327936470508575,0.0011015734635293,0.001849811989814,0.5638601183891296,0.0003949036763515,0.4440380036830902,0.0007066697580739,0.0011847109999507,0.5536757707595825,0.0003949036763515,0.4209257662296295,0.0009352981578558,0.0023486376740038,0.5750628709793091,0.0007274541421793,0.4330430626869201,0.0007066697580739,0.0014756927266716,0.5642134547233582,0.0005611788947135,0.4003699719905853,0.00114314223174,0.0022239312529563,0.595057487487793,0.0012054954422637,0.4227963387966156,0.0004988256841897,0.0009352981578558,0.574938178062439,0.0008313761791214,0.450273334980011,0.0003741192631423,0.000789807352703,0.5480223894119263,0.0005403945106081,0.4345603287220001,0.0010392202530056,0.0011847109999507,0.5627793073654175,0.000436472473666,0.4081641137599945,0.0004572568868752,0.0014964770525693,0.5890300273895264,0.0008521605632267,0.4253320395946502,0.0008937293896451,0.0014549082843586,0.5715919137001038,0.0007274541421793,0.4176210463047027,0.0005611788947135,0.0009352981578558,0.5800303816795349,0.0008521605632267,0.4281379282474518,0.0001662752329139,0.0006443165475502,0.5701369643211365,0.0009145137737505,0.4131108224391937,0.0008313761791214,0.0009352981578558,0.5843743085861206,0.0007482385262846,0.4216947853565216,0.0007690229685977,0.0013717706315219,0.5754785537719727,0.0006858853157609,0.4242512583732605,0.0003533348790369,0.0010600045789033,0.57358717918396,0.0007482385262846,0.4043813645839691,0.0006443165475502,0.0014964770525693,0.5923970937728882,0.0010807890212163,0.4035915732383728,0.0013509863056242,0.0019121652003377,0.592210054397583,0.0009352981578558,0.42094653844833374,0.0002494128420948982,0.000561178894713521,0.5773491859436035,0.0008937293896451592
171,0.7830524444580078,0.0,0.0,0.2169476151466369,0.0,0.7832602858543396,0.0,0.0,0.2167397588491439,0.0,0.7832810282707214,0.0,0.0,0.2167189866304397,0.0,0.7831563353538513,0.0,0.0,0.216843694448471,0.0,0.7831563353538513,0.0,0.0,0.216843694448471,0.0,0.7831563353538513,0.0,0.0,0.216843694448471,0.0,0.7830731868743896,0.0,0.0,0.2169268280267715,0.0,0.7831979393959045,0.0,0.0,0.2168021202087402,0.0,0.7831355333328247,0.0,0.0,0.2168644666671753,0.0,0.7831563353538513,0.0,0.0,0.216843694448471,0.0,0.7833226323127747,0.0,0.0,0.2166774123907089,0.0,0.7833434343338013,0.0,0.0,0.2166566252708435,0.0,0.7831147909164429,0.0,0.0,0.2168852537870407,0.0,0.7833226323127747,0.0,0.0,0.2166774123907089,0.0,0.7832186818122864,0.0,0.0,0.2167813330888748,0.0,0.7832602858543396,0.0,0.0,0.2167397588491439,0.0,0.7831979393959045,0.0,0.0,0.2168021202087402,0.0,0.7832602858543396,0.0,0.0,0.2167397588491439,0.0,0.7831771373748779,0.0,0.0,0.2168229073286056,0.0,0.7832186818122864,0.0,0.0,0.2167813330888748,0.0,0.7831147909164429,0.0,0.0,0.2168852537870407,0.0,0.7831563353538513,0.0,0.0,0.216843694448471,0.0,0.7832186818122864,0.0,0.0,0.2167813330888748,0.0,0.7831563353538513,0.0,0.0,0.216843694448471,0.0,0.7832186818122864,0.0,0.0,0.2167813330888748,0.0,0.7832810282707214,0.0,0.0,0.2167189866304397,0.0,0.7832186818122864,0.0,0.0,0.2167813330888748,0.0,0.7831771373748779,0.0,0.0,0.2168229073286056,0.0,0.783239483833313,0.0,0.0,0.2167605459690094,0.0,0.7831979393959045,0.0,0.0,0.2168021202087402,0.0,0.4291979372501373,0.0010184358106926,0.0017458898946642,0.5674350261688232,0.0006027477211318,0.4216116368770599,0.0009976513683795,0.0018705963157117,0.574938178062439,0.0005819633370265,0.4268077313899994,0.0008105917368084,0.0014341238420456,0.570490300655365,0.0004572568868752,0.4057531356811523,0.0013717706315219,0.002244715578854,0.5894665122032166,0.001163926674053,0.418992817401886,0.0008521605632267,0.0012262798845767,0.5784923434257507,0.000436472473666,0.4203437864780426,0.0009352981578558,0.0014133395161479,0.5766633152961731,0.0006443165475502,0.4288654029369354,0.0002909816685132,0.0006858853157609,0.5695134401321411,0.0006443165475502,0.4130692481994629,0.0010184358106926,0.0019953027367591,0.5830856561660767,0.0008313761791214,0.4093904197216034,0.0001870596315711,0.0006651009316556,0.5888221859931946,0.0009352981578558,0.448527455329895,0.0005196101265028,0.0009145137737505,0.5496851205825806,0.0003533348790369,0.4155841469764709,0.0003949036763515,0.0008313761791214,0.5827323198318481,0.0004572568868752,0.4042774438858032,0.0003533348790369,0.0005611788947135,0.5938104391098022,0.0009976513683795,0.4288654029369354,0.0012054954422637,0.0017666743369773,0.5677675604820251,0.0003949036763515,0.4403176009654999,0.0007274541421793,0.0009976513683795,0.5575624108314514,0.0003949036763515,0.4170806407928467,0.0009352981578558,0.0020992248319089,0.5791574120521545,0.0007274541421793,0.4293226599693298,0.0006858853157609,0.0014549082843586,0.5679754018783569,0.0005611788947135,0.3965664207935333,0.001122357789427,0.0020160872954875,0.5990896821022034,0.0012054954422637,0.4191798567771911,0.0004572568868752,0.0009145137737505,0.5786170363426208,0.0008313761791214,0.4467191994190216,0.0003325504658278,0.0005196101265028,0.5518882870674133,0.0005403945106081,0.430860698223114,0.000789807352703,0.0013717706315219,0.566541314125061,0.000436472473666,0.4043397903442383,0.0007066697580739,0.0012262798845767,0.5928751230239868,0.0008521605632267,0.4216532111167907,0.0008937293896451,0.0013509863056242,0.5753746628761292,0.0007274541421793,0.4140669107437134,0.0003949036763515,0.0007482385262846,0.5839378237724304,0.0008521605632267,0.4245630204677582,0.0001870596315711,0.0005196101265028,0.5738158226013184,0.0009145137737505,0.4095151126384735,0.0007066697580739,0.0008937293896451,0.5881362557411194,0.0007482385262846,0.4179535806179046,0.0006027477211318,0.0014133395161479,0.5793444514274597,0.0006858853157609,0.4205516278743744,0.0004572568868752,0.0008729449473321,0.5773699879646301,0.0007482385262846,0.4007856547832489,0.0006235321052372,0.0013925550738349,0.5961174964904785,0.0010807890212163,0.3998295962810516,0.0012054954422637,0.0016419679159298,0.5963876843452454,0.0009352981578558,0.41739240288734436,0.00018705963157117367,0.0004988256841897964,0.5810280442237854,0.0008937293896451592
172,0.781431257724762,0.0,0.0,0.2185687869787216,0.0,0.7816390991210938,0.0,0.0,0.2183609455823898,0.0,0.7816598415374756,0.0,0.0,0.2183401584625244,0.0,0.7815351486206055,0.0,0.0,0.2184648662805557,0.0,0.7815351486206055,0.0,0.0,0.2184648662805557,0.0,0.7815351486206055,0.0,0.0,0.2184648662805557,0.0,0.7814520001411438,0.0,0.0,0.2185480147600174,0.0,0.7815767526626587,0.0,0.0,0.218423306941986,0.0,0.7815144062042236,0.0,0.0,0.2184856534004211,0.0,0.7815351486206055,0.0,0.0,0.2184648662805557,0.0,0.7817014455795288,0.0,0.0,0.2182985991239547,0.0,0.7817222476005554,0.0,0.0,0.2182778120040893,0.0,0.781493604183197,0.0,0.0,0.2185064405202865,0.0,0.7817014455795288,0.0,0.0,0.2182985991239547,0.0,0.7815974950790405,0.0,0.0,0.2184025198221206,0.0,0.7816390991210938,0.0,0.0,0.2183609455823898,0.0,0.7815767526626587,0.0,0.0,0.218423306941986,0.0,0.7816390991210938,0.0,0.0,0.2183609455823898,0.0,0.7815559506416321,0.0,0.0,0.2184440940618515,0.0,0.7815974950790405,0.0,0.0,0.2184025198221206,0.0,0.781493604183197,0.0,0.0,0.2185064405202865,0.0,0.7815351486206055,0.0,0.0,0.2184648662805557,0.0,0.7815974950790405,0.0,0.0,0.2184025198221206,0.0,0.7815351486206055,0.0,0.0,0.2184648662805557,0.0,0.7815974950790405,0.0,0.0,0.2184025198221206,0.0,0.7816598415374756,0.0,0.0,0.2183401584625244,0.0,0.7815974950790405,0.0,0.0,0.2184025198221206,0.0,0.7815559506416321,0.0,0.0,0.2184440940618515,0.0,0.7816182971000671,0.0,0.0,0.2183817327022552,0.0,0.7815767526626587,0.0,0.0,0.218423306941986,0.0,0.4274312853813171,0.0009768670424818,0.0016419679159298,0.5693472027778625,0.0006027477211318,0.4198033809661865,0.0009768670424818,0.0017251055687665,0.5769127011299133,0.0005819633370265,0.4250826239585876,0.0006235321052372,0.0014756927266716,0.5723609328269958,0.0004572568868752,0.4039864540100097,0.0009768670424818,0.0023486376740038,0.5915241241455078,0.001163926674053,0.4172261357307434,0.0007274541421793,0.0010392202530056,0.5805707573890686,0.000436472473666,0.4185771048069,0.0008729449473321,0.0013094174209982,0.5785962343215942,0.0006443165475502,0.427119493484497,0.0003325504658278,0.0006235321052372,0.5712801218032837,0.0006443165475502,0.4112402200698852,0.0010184358106926,0.0018705963157117,0.5850393772125244,0.0008313761791214,0.4076860845088959,0.0001662752329139,0.0007066697580739,0.5905057191848755,0.0009352981578558,0.4466984272003174,0.0006027477211318,0.0009145137737505,0.5514310002326965,0.0003533348790369,0.4139421880245209,0.0003325504658278,0.0008521605632267,0.584415853023529,0.0004572568868752,0.4026146829128265,0.0002286284434376,0.0006235321052372,0.5955355167388916,0.0009976513683795,0.427057147026062,0.0011847109999507,0.0017043211264535,0.5696589350700378,0.0003949036763515,0.4385301470756531,0.0007274541421793,0.0009768670424818,0.5593706965446472,0.0003949036763515,0.4152308106422424,0.0009352981578558,0.0018705963157117,0.5812358856201172,0.0007274541421793,0.4275559782981872,0.0007066697580739,0.001122357789427,0.5700538754463196,0.0005611788947135,0.3947166204452514,0.0010184358106926,0.001808243105188,0.6012304425239563,0.0012262798845767,0.417475551366806,0.0005196101265028,0.0005403945106081,0.5806331038475037,0.0008313761791214,0.4450564384460449,0.0002909816685132,0.0004988256841897,0.5536133646965027,0.0005403945106081,0.4289900958538055,0.0008521605632267,0.0013302018633112,0.5683910846710205,0.000436472473666,0.4026146829128265,0.0007274541421793,0.0009976513683795,0.5948081016540527,0.0008521605632267,0.4199073016643524,0.000789807352703,0.00114314223174,0.5774323344230652,0.0007274541421793,0.4123833477497101,0.000270197255304,0.0007482385262846,0.5857460498809814,0.0008521605632267,0.4229002594947815,0.0001662752329139,0.0004156880895607,0.5756033062934875,0.0009145137737505,0.4078315794467926,0.0006651009316556,0.0008313761791214,0.5899237394332886,0.0007482385262846,0.416290819644928,0.0005611788947135,0.001163926674053,0.5812982320785522,0.0006858853157609,0.4188473224639892,0.000436472473666,0.0007690229685977,0.5791990160942078,0.0007482385262846,0.398873507976532,0.0007274541421793,0.0013094174209982,0.5980088710784912,0.0010807890212163,0.3980421125888824,0.001163926674053,0.0014964770525693,0.5983622074127197,0.0009352981578558,0.4157504439353943,0.00014549083425663412,0.0004364724736660719,0.5827739238739014,0.0008937293896451592
173,0.7799347639083862,0.0,0.0,0.2200652658939361,0.0,0.780142605304718,0.0,0.0,0.2198574244976043,0.0,0.7801634073257446,0.0,0.0,0.2198366373777389,0.0,0.7800387144088745,0.0,0.0,0.2199613451957702,0.0,0.7800387144088745,0.0,0.0,0.2199613451957702,0.0,0.7800387144088745,0.0,0.0,0.2199613451957702,0.0,0.7799555659294128,0.0,0.0,0.2200444936752319,0.0,0.780080258846283,0.0,0.0,0.2199197858572006,0.0,0.7800179123878479,0.0,0.0,0.2199821323156356,0.0,0.7800387144088745,0.0,0.0,0.2199613451957702,0.0,0.7802049517631531,0.0,0.0,0.2197950780391693,0.0,0.7802257537841797,0.0,0.0,0.2197742909193039,0.0,0.7799971103668213,0.0,0.0,0.2200029194355011,0.0,0.7802049517631531,0.0,0.0,0.2197950780391693,0.0,0.7801010608673096,0.0,0.0,0.2198989987373352,0.0,0.780142605304718,0.0,0.0,0.2198574244976043,0.0,0.780080258846283,0.0,0.0,0.2199197858572006,0.0,0.780142605304718,0.0,0.0,0.2198574244976043,0.0,0.7800594568252563,0.0,0.0,0.2199405580759048,0.0,0.7801010608673096,0.0,0.0,0.2198989987373352,0.0,0.7799971103668213,0.0,0.0,0.2200029194355011,0.0,0.7800387144088745,0.0,0.0,0.2199613451957702,0.0,0.7801010608673096,0.0,0.0,0.2198989987373352,0.0,0.7800387144088745,0.0,0.0,0.2199613451957702,0.0,0.7801010608673096,0.0,0.0,0.2198989987373352,0.0,0.7801634073257446,0.0,0.0,0.2198366373777389,0.0,0.7801010608673096,0.0,0.0,0.2198989987373352,0.0,0.7800594568252563,0.0,0.0,0.2199405580759048,0.0,0.7801218032836914,0.0,0.0,0.2198782116174698,0.0,0.780080258846283,0.0,0.0,0.2199197858572006,0.0,0.4257061779499054,0.0008521605632267,0.0016419679159298,0.571196973323822,0.0006027477211318,0.4181406497955322,0.0008521605632267,0.0016627523582428,0.5787625312805176,0.0005819633370265,0.4233575165271759,0.0008313761791214,0.0012262798845767,0.5741276144981384,0.0004572568868752,0.4021990001201629,0.0009976513683795,0.0022655001375824,0.5933739542961121,0.001163926674053,0.4156049489974975,0.0006858853157609,0.0008729449473321,0.5823997855186462,0.000436472473666,0.4168935716152191,0.0007690229685977,0.0013925550738349,0.5803005695343018,0.0006443165475502,0.4256230294704437,0.0002909816685132,0.0005611788947135,0.5728805065155029,0.0006443165475502,0.4095358848571777,0.0009560826001688,0.001808243105188,0.586868405342102,0.0008313761791214,0.4060233235359192,0.0002909816685132,0.0006027477211318,0.5921476483345032,0.0009352981578558,0.4450356662273407,0.0006027477211318,0.0008313761791214,0.5531769394874573,0.0003533348790369,0.4123418033123016,0.0003117660526186,0.0007482385262846,0.5861409902572632,0.0004572568868752,0.4010350704193115,0.0002286284434376,0.0004988256841897,0.5972398519515991,0.0009976513683795,0.4253943860530853,0.001163926674053,0.0016627523582428,0.571384072303772,0.0003949036763515,0.4369713068008423,0.0006235321052372,0.0008105917368084,0.5611997246742249,0.0003949036763515,0.4135057330131531,0.0009560826001688,0.0015172614948824,0.5832727551460266,0.0007482385262846,0.4259347915649414,0.0005819633370265,0.0010807890212163,0.571841299533844,0.0005611788947135,0.3928044438362121,0.00114314223174,0.0016627523582428,0.6031634211540222,0.0012262798845767,0.4159374833106994,0.0003741192631423,0.0006443165475502,0.5822127461433411,0.0008313761791214,0.4434352517127991,0.0002494128420948,0.0005819633370265,0.5551930069923401,0.0005403945106081,0.4272234141826629,0.0009560826001688,0.0012678486527875,0.5701162219047546,0.000436472473666,0.4010350704193115,0.0006858853157609,0.0007690229685977,0.5966578722000122,0.0008521605632267,0.4182445704936981,0.0006027477211318,0.0012054954422637,0.5792197585105896,0.0007274541421793,0.4108868837356567,0.0001870596315711,0.0006858853157609,0.5873880386352539,0.0008521605632267,0.4213414490222931,0.0002078440447803,0.0003741192631423,0.5771621465682983,0.0009145137737505,0.4062519669532776,0.000436472473666,0.0010184358106926,0.5915449261665344,0.0007482385262846,0.414544939994812,0.0006651009316556,0.0011015734635293,0.5829817652702332,0.0007066697580739,0.4172469079494476,0.0004780413000844,0.0005403945106081,0.5809864401817322,0.0007482385262846,0.3971068263053894,0.0008729449473321,0.0011847109999507,0.5997340083122253,0.0011015734635293,0.3963585793972015,0.0009145137737505,0.0016003991477191,0.6001912355422974,0.0009352981578558,0.41423317790031433,0.0001247064210474491,0.0003325504658278078,0.584415853023529,0.0008937293896451592
174,0.7796022295951843,0.0,0.0,0.2203978151082992,0.0,0.7798100709915161,0.0,0.0,0.2201899737119674,0.0,0.779830813407898,0.0,0.0,0.220169186592102,0.0,0.7797061204910278,0.0,0.0,0.2202938944101333,0.0,0.7797061204910278,0.0,0.0,0.2202938944101333,0.0,0.7797061204910278,0.0,0.0,0.2202938944101333,0.0,0.7796229720115662,0.0,0.0,0.220377042889595,0.0,0.779747724533081,0.0,0.0,0.2202523350715637,0.0,0.779685378074646,0.0,0.0,0.2203146815299987,0.0,0.7797061204910278,0.0,0.0,0.2202938944101333,0.0,0.7798724174499512,0.0,0.0,0.2201276272535324,0.0,0.7798932194709778,0.0,0.0,0.220106840133667,0.0,0.7796645760536194,0.0,0.0,0.2203354686498642,0.0,0.7798724174499512,0.0,0.0,0.2201276272535324,0.0,0.7797684669494629,0.0,0.0,0.2202315479516983,0.0,0.7798100709915161,0.0,0.0,0.2201899737119674,0.0,0.779747724533081,0.0,0.0,0.2202523350715637,0.0,0.7798100709915161,0.0,0.0,0.2201899737119674,0.0,0.7797269225120544,0.0,0.0,0.2202731221914291,0.0,0.7797684669494629,0.0,0.0,0.2202315479516983,0.0,0.7796645760536194,0.0,0.0,0.2203354686498642,0.0,0.7797061204910278,0.0,0.0,0.2202938944101333,0.0,0.7797684669494629,0.0,0.0,0.2202315479516983,0.0,0.7797061204910278,0.0,0.0,0.2202938944101333,0.0,0.7797684669494629,0.0,0.0,0.2202315479516983,0.0,0.779830813407898,0.0,0.0,0.220169186592102,0.0,0.7797684669494629,0.0,0.0,0.2202315479516983,0.0,0.7797269225120544,0.0,0.0,0.2202731221914291,0.0,0.7797892689704895,0.0,0.0,0.2202107608318328,0.0,0.779747724533081,0.0,0.0,0.2202523350715637,0.0,0.4252073466777801,0.0007690229685977,0.0017251055687665,0.5716958045959473,0.0006027477211318,0.4175170958042145,0.0010184358106926,0.0012054954422637,0.5796770453453064,0.0005819633370265,0.4229002594947815,0.0007690229685977,0.00114314223174,0.5747303366661072,0.0004572568868752,0.4016585946083069,0.0009768670424818,0.0019953027367591,0.5942053198814392,0.001163926674053,0.4152308106422424,0.0005196101265028,0.0008729449473321,0.5829401612281799,0.000436472473666,0.4162492752075195,0.0007482385262846,0.0014549082843586,0.5809032917022705,0.0006443165475502,0.425248920917511,0.000270197255304,0.0004988256841897,0.5733377933502197,0.0006443165475502,0.4090994298458099,0.0007274541421793,0.0016419679159298,0.587699830532074,0.0008313761791214,0.4056492149829864,0.0003117660526186,0.0004988256841897,0.59260493516922,0.0009352981578558,0.4445784091949463,0.0005819633370265,0.0008105917368084,0.5536757707595825,0.0003533348790369,0.4119053184986114,0.0003533348790369,0.0006235321052372,0.5866605639457703,0.0004572568868752,0.4006609618663788,0.0001870596315711,0.0004572568868752,0.5976971387863159,0.0009976513683795,0.4248747825622558,0.0009560826001688,0.0016003991477191,0.5721738338470459,0.0003949036763515,0.4363893568515777,0.0006858853157609,0.0008729449473321,0.5616569519042969,0.0003949036763515,0.4130484759807586,0.0009145137737505,0.0013302018633112,0.583958625793457,0.0007482385262846,0.4254359602928161,0.0006443165475502,0.0010184358106926,0.5723401308059692,0.0005611788947135,0.3922432661056518,0.001163926674053,0.0015380459371954,0.603828489780426,0.0012262798845767,0.4155218005180359,0.0003117660526186,0.0006027477211318,0.5827323198318481,0.0008313761791214,0.4429987967014313,0.0003117660526186,0.0005403945106081,0.5556086897850037,0.0005403945106081,0.4267661571502685,0.0008313761791214,0.0012470642104744,0.5707189440727234,0.000436472473666,0.4006193876266479,0.0005819633370265,0.0006235321052372,0.5973230004310608,0.0008521605632267,0.4177873134613037,0.0005819633370265,0.0010600045789033,0.579843282699585,0.0007274541421793,0.410512775182724,0.0001454908342566,0.0007066697580739,0.5877829194068909,0.0008521605632267,0.4209881126880646,0.0001870596315711,0.0002494128420948,0.5776609182357788,0.0009145137737505,0.4058154821395874,0.0003325504658278,0.0009560826001688,0.5921476483345032,0.0007482385262846,0.4140253365039825,0.0007066697580739,0.0010392202530056,0.5835221409797668,0.0007066697580739,0.4167896509170532,0.0004988256841897,0.0005196101265028,0.581443727016449,0.0007482385262846,0.3966287970542907,0.000789807352703,0.0009768670424818,0.6005030274391174,0.0011015734635293,0.3957350552082062,0.0008937293896451,0.0015796147054061,0.600856363773346,0.0009352981578558,0.41390061378479004,8.313761645695195e-05,0.0003117660526186228,0.5848107933998108,0.0008937293896451592
175,0.7795398831367493,0.0,0.0,0.2204601764678955,0.0,0.779747724533081,0.0,0.0,0.2202523350715637,0.0,0.7797684669494629,0.0,0.0,0.2202315479516983,0.0,0.7796437740325928,0.0,0.0,0.2203562557697296,0.0,0.7796437740325928,0.0,0.0,0.2203562557697296,0.0,0.7796437740325928,0.0,0.0,0.2203562557697296,0.0,0.7795606255531311,0.0,0.0,0.2204393893480301,0.0,0.779685378074646,0.0,0.0,0.2203146815299987,0.0,0.7796229720115662,0.0,0.0,0.220377042889595,0.0,0.7796437740325928,0.0,0.0,0.2203562557697296,0.0,0.7798100709915161,0.0,0.0,0.2201899737119674,0.0,0.779830813407898,0.0,0.0,0.220169186592102,0.0,0.7796022295951843,0.0,0.0,0.2203978151082992,0.0,0.7798100709915161,0.0,0.0,0.2201899737119674,0.0,0.7797061204910278,0.0,0.0,0.2202938944101333,0.0,0.779747724533081,0.0,0.0,0.2202523350715637,0.0,0.779685378074646,0.0,0.0,0.2203146815299987,0.0,0.779747724533081,0.0,0.0,0.2202523350715637,0.0,0.7796645760536194,0.0,0.0,0.2203354686498642,0.0,0.7797061204910278,0.0,0.0,0.2202938944101333,0.0,0.7796022295951843,0.0,0.0,0.2203978151082992,0.0,0.7796437740325928,0.0,0.0,0.2203562557697296,0.0,0.7797061204910278,0.0,0.0,0.2202938944101333,0.0,0.7796437740325928,0.0,0.0,0.2203562557697296,0.0,0.7797061204910278,0.0,0.0,0.2202938944101333,0.0,0.7797684669494629,0.0,0.0,0.2202315479516983,0.0,0.7797061204910278,0.0,0.0,0.2202938944101333,0.0,0.7796645760536194,0.0,0.0,0.2203354686498642,0.0,0.7797269225120544,0.0,0.0,0.2202731221914291,0.0,0.779685378074646,0.0,0.0,0.2203146815299987,0.0,0.4250618517398834,0.0006235321052372,0.0013302018633112,0.5723816752433777,0.0006027477211318,0.4174131751060486,0.0006858853157609,0.0013509863056242,0.5799680352210999,0.0005819633370265,0.4227963387966156,0.0004988256841897,0.0012054954422637,0.5750421285629272,0.0004572568868752,0.4015339016914367,0.0007066697580739,0.0019953027367591,0.594600260257721,0.001163926674053,0.4151684641838074,0.0003117660526186,0.0009768670424818,0.5831064581871033,0.000436472473666,0.4160829782485962,0.0007482385262846,0.0013509863056242,0.5811734795570374,0.0006443165475502,0.4251865446567535,0.0001662752329139,0.0004988256841897,0.5735040903091431,0.0006443165475502,0.4089123606681824,0.0006443165475502,0.0013925550738349,0.588219404220581,0.0008313761791214,0.4055452942848205,0.0003325504658278,0.0003533348790369,0.5928335785865784,0.0009352981578558,0.4445160627365112,0.0004988256841897,0.0007274541421793,0.5539043545722961,0.0003533348790369,0.4118429720401764,0.0002286284434376,0.0006027477211318,0.586868405342102,0.0004572568868752,0.4005362391471863,0.0002286284434376,0.0004156880895607,0.597821831703186,0.0009976513683795,0.4247292876243591,0.0006235321052372,0.0015172614948824,0.5727350115776062,0.0003949036763515,0.4363062083721161,0.0004988256841897,0.0009145137737505,0.5618855953216553,0.0003949036763515,0.4129029810428619,0.0006651009316556,0.0012678486527875,0.584415853023529,0.0007482385262846,0.425311267375946,0.0004988256841897,0.0009145137737505,0.5727142691612244,0.0005611788947135,0.3920769989490509,0.0009768670424818,0.0014341238420456,0.6042857766151428,0.0012262798845767,0.41541787981987,0.0002494128420948,0.0006027477211318,0.5828986167907715,0.0008313761791214,0.4429364502429962,0.000270197255304,0.0004156880895607,0.5558373332023621,0.0005403945106081,0.4265791177749634,0.0007690229685977,0.0012262798845767,0.5709891319274902,0.000436472473666,0.4005570411682129,0.000270197255304,0.0007690229685977,0.5975516438484192,0.0008521605632267,0.4176210463047027,0.0005196101265028,0.0010600045789033,0.5800719261169434,0.0007274541421793,0.4104088544845581,0.0001454908342566,0.0006027477211318,0.5879908204078674,0.0008521605632267,0.4209257662296295,0.0001247064210474,0.0002286284434376,0.5778064131736755,0.0009145137737505,0.4057531356811523,0.0002494128420948,0.0009145137737505,0.5923347473144531,0.0007482385262846,0.4139214158058166,0.0005196101265028,0.0009976513683795,0.5838546752929688,0.0007066697580739,0.4167065322399139,0.0003325504658278,0.0005403945106081,0.5816723108291626,0.0007482385262846,0.3965040743350982,0.0007690229685977,0.0007274541421793,0.6008979082107544,0.0011015734635293,0.3956519067287445,0.0006651009316556,0.0016003991477191,0.6011472940444946,0.0009352981578558,0.413838267326355,4.156880822847597e-05,0.00029098166851326823,0.5849354863166809,0.0008937293896451592
176,0.7793112397193909,0.0,0.0,0.2206888049840927,0.0,0.7795190811157227,0.0,0.0,0.2204809635877609,0.0,0.7795398831367493,0.0,0.0,0.2204601764678955,0.0,0.7794151306152344,0.0,0.0,0.2205848842859268,0.0,0.7794151306152344,0.0,0.0,0.2205848842859268,0.0,0.7794151306152344,0.0,0.0,0.2205848842859268,0.0,0.7793320417404175,0.0,0.0,0.2206680178642273,0.0,0.7794567346572876,0.0,0.0,0.2205433100461959,0.0,0.7793943881988525,0.0,0.0,0.2206056714057922,0.0,0.7794151306152344,0.0,0.0,0.2205848842859268,0.0,0.7795814275741577,0.0,0.0,0.2204186022281646,0.0,0.7796022295951843,0.0,0.0,0.2203978151082992,0.0,0.7793735861778259,0.0,0.0,0.2206264436244964,0.0,0.7795814275741577,0.0,0.0,0.2204186022281646,0.0,0.7794775366783142,0.0,0.0,0.2205225229263305,0.0,0.7795190811157227,0.0,0.0,0.2204809635877609,0.0,0.7794567346572876,0.0,0.0,0.2205433100461959,0.0,0.7795190811157227,0.0,0.0,0.2204809635877609,0.0,0.779435932636261,0.0,0.0,0.2205640971660614,0.0,0.7794775366783142,0.0,0.0,0.2205225229263305,0.0,0.7793735861778259,0.0,0.0,0.2206264436244964,0.0,0.7794151306152344,0.0,0.0,0.2205848842859268,0.0,0.7794775366783142,0.0,0.0,0.2205225229263305,0.0,0.7794151306152344,0.0,0.0,0.2205848842859268,0.0,0.7794775366783142,0.0,0.0,0.2205225229263305,0.0,0.7795398831367493,0.0,0.0,0.2204601764678955,0.0,0.7794775366783142,0.0,0.0,0.2205225229263305,0.0,0.779435932636261,0.0,0.0,0.2205640971660614,0.0,0.779498279094696,0.0,0.0,0.2205017358064651,0.0,0.7794567346572876,0.0,0.0,0.2205433100461959,0.0,0.4247085154056549,0.0006027477211318,0.001163926674053,0.5729221105575562,0.0006027477211318,0.4171429872512817,0.0005403945106081,0.0011847109999507,0.580549955368042,0.0005819633370265,0.4225053787231445,0.0004572568868752,0.0009145137737505,0.5756656527519226,0.0004572568868752,0.4012429118156433,0.0006235321052372,0.0015172614948824,0.5954523682594299,0.001163926674053,0.414773553609848,0.0003325504658278,0.0009976513683795,0.5834597945213318,0.000436472473666,0.4157504439353943,0.0007066697580739,0.0010807890212163,0.5818178057670593,0.0006443165475502,0.4249371290206909,6.235321052372456e-05,0.0004156880895607,0.5739405155181885,0.0006443165475502,0.4086837470531463,0.000436472473666,0.0012262798845767,0.5888221859931946,0.0008313761791214,0.4052958786487579,0.000270197255304,0.000270197255304,0.5932284593582153,0.0009352981578558,0.4441419243812561,0.000436472473666,0.0007274541421793,0.5543408393859863,0.0003533348790369,0.4115935564041137,0.0002286284434376,0.0004156880895607,0.5873048901557922,0.0004572568868752,0.4003076255321502,0.0001870596315711,0.0003949036763515,0.5981128215789795,0.0009976513683795,0.4244798719882965,0.0004572568868752,0.0013925550738349,0.5732754468917847,0.0003949036763515,0.4360567927360534,0.0003533348790369,0.0008937293896451,0.5623012781143188,0.0003949036763515,0.4125288426876068,0.0005819633370265,0.001163926674053,0.5849770307540894,0.0007482385262846,0.4249995052814483,0.000436472473666,0.0008313761791214,0.5731714963912964,0.0005611788947135,0.3917236626148224,0.0008729449473321,0.0013509863056242,0.6048261523246765,0.0012262798845767,0.415189266204834,0.0001662752329139,0.0005403945106081,0.5832727551460266,0.0008313761791214,0.4426870346069336,0.0002494128420948,0.0003741192631423,0.5561490654945374,0.0005403945106081,0.4262257814407348,0.0006443165475502,0.0010392202530056,0.5716542601585388,0.000436472473666,0.4003076255321502,0.0001870596315711,0.0008105917368084,0.5978425741195679,0.0008521605632267,0.4173716306686401,0.0004156880895607,0.0010184358106926,0.5804668664932251,0.0007274541421793,0.4101386368274688,0.0001247064210474,0.0004572568868752,0.5884272456169128,0.0008521605632267,0.4206763505935669,0.0001039220223901,0.0002286284434376,0.5780766606330872,0.0009145137737505,0.4053997993469238,0.0003117660526186,0.0007690229685977,0.5927712321281433,0.0007482385262846,0.413672000169754,0.0004988256841897,0.0006443165475502,0.5844781994819641,0.0007066697580739,0.4164155423641205,0.0003117660526186,0.0005403945106081,0.5819841027259827,0.0007482385262846,0.3961715400218963,0.0005819633370265,0.0009145137737505,0.6012304425239563,0.0011015734635293,0.3953609466552734,0.0005611788947135,0.0013717706315219,0.6017708778381348,0.0009352981578558,0.41360965371131897,2.0784404114237987e-05,0.00020784404478035867,0.5852680206298828,0.0008937293896451592
177,0.7778770923614502,0.0,0.0,0.222122922539711,0.0,0.778084933757782,0.0,0.0,0.2219150811433792,0.0,0.7781057357788086,0.0,0.0,0.2218942940235138,0.0,0.7779810428619385,0.0,0.0,0.2220190018415451,0.0,0.7779810428619385,0.0,0.0,0.2220190018415451,0.0,0.7779810428619385,0.0,0.0,0.2220190018415451,0.0,0.7778978943824768,0.0,0.0,0.2221021354198455,0.0,0.7780225872993469,0.0,0.0,0.2219774425029754,0.0,0.7779602408409119,0.0,0.0,0.2220397889614105,0.0,0.7779810428619385,0.0,0.0,0.2220190018415451,0.0,0.778147280216217,0.0,0.0,0.2218527346849441,0.0,0.7781680822372437,0.0,0.0,0.2218319475650787,0.0,0.7779394388198853,0.0,0.0,0.2220605760812759,0.0,0.778147280216217,0.0,0.0,0.2218527346849441,0.0,0.7780433893203735,0.0,0.0,0.22195665538311,0.0,0.778084933757782,0.0,0.0,0.2219150811433792,0.0,0.7780225872993469,0.0,0.0,0.2219774425029754,0.0,0.778084933757782,0.0,0.0,0.2219150811433792,0.0,0.7780017852783203,0.0,0.0,0.2219982147216797,0.0,0.7780433893203735,0.0,0.0,0.22195665538311,0.0,0.7779394388198853,0.0,0.0,0.2220605760812759,0.0,0.7779810428619385,0.0,0.0,0.2220190018415451,0.0,0.7780433893203735,0.0,0.0,0.22195665538311,0.0,0.7779810428619385,0.0,0.0,0.2220190018415451,0.0,0.7780433893203735,0.0,0.0,0.22195665538311,0.0,0.7781057357788086,0.0,0.0,0.2218942940235138,0.0,0.7780433893203735,0.0,0.0,0.22195665538311,0.0,0.7780017852783203,0.0,0.0,0.2219982147216797,0.0,0.7780641913414001,0.0,0.0,0.2219358682632446,0.0,0.7780225872993469,0.0,0.0,0.2219774425029754,0.0,0.4231912493705749,0.0004572568868752,0.0012054954422637,0.574543297290802,0.0006027477211318,0.4155841469764709,0.0004988256841897,0.00114314223174,0.5821919441223145,0.0005819633370265,0.4210296869277954,0.000270197255304,0.0008521605632267,0.577390730381012,0.0004572568868752,0.3996841013431549,0.0004572568868752,0.0012678486527875,0.5974268913269043,0.001163926674053,0.4133186638355255,0.0002286284434376,0.0008521605632267,0.5851641297340393,0.000436472473666,0.4142539501190185,0.0005819633370265,0.0010600045789033,0.5834597945213318,0.0006443165475502,0.4234406650066376,0.0001247064210474,0.0003325504658278,0.5754578113555908,0.0006443165475502,0.4070625603199005,0.0004156880895607,0.0012262798845767,0.5904641151428223,0.0008313761791214,0.4038617610931396,0.0001039220223901,0.0003325504658278,0.5947664976119995,0.0009352981578558,0.442666232585907,0.0003117660526186,0.0007690229685977,0.5558996796607971,0.0003533348790369,0.4101594388484955,0.0001247064210474,0.000436472473666,0.5888221859931946,0.0004572568868752,0.398873507976532,0.0001039220223901,0.0003117660526186,0.5997132062911987,0.0009976513683795,0.4228794872760772,0.0004572568868752,0.0013509863056242,0.5749173760414124,0.0003949036763515,0.4345395267009735,0.0003741192631423,0.000789807352703,0.5639016628265381,0.0003949036763515,0.4110115766525268,0.000436472473666,0.001163926674053,0.5866398215293884,0.0007482385262846,0.4235238134860992,0.0003533348790369,0.0008313761791214,0.5747303366661072,0.0005611788947135,0.3902063965797424,0.0005403945106081,0.0014341238420456,0.6065928339958191,0.0012262798845767,0.4137343466281891,0.0001454908342566,0.0005611788947135,0.5847276449203491,0.0008313761791214,0.4412113428115845,0.0001662752329139,0.0004156880895607,0.5576663613319397,0.0005403945106081,0.4246669411659241,0.0004988256841897,0.001122357789427,0.5732754468917847,0.000436472473666,0.3988319337368011,0.0001454908342566,0.0008105917368084,0.5993598699569702,0.0008521605632267,0.4158751368522644,0.0003117660526186,0.0009560826001688,0.5821295976638794,0.0007274541421793,0.4086629450321197,0.0001662752329139,0.000270197255304,0.5900484323501587,0.0008521605632267,0.4192422032356262,4.156880822847597e-05,0.0002286284434376,0.5795730948448181,0.0009145137737505,0.4039033353328705,0.0002909816685132,0.0007482385262846,0.5943092703819275,0.0007482385262846,0.4122170805931091,0.000270197255304,0.0008105917368084,0.5859954953193665,0.0007066697580739,0.4149606227874756,0.0002286284434376,0.0005403945106081,0.5835221409797668,0.0007482385262846,0.3946958482265472,0.0003533348790369,0.0009976513683795,0.6028516292572021,0.0011015734635293,0.3939060270786285,0.0003949036763515,0.0013509863056242,0.6034128069877625,0.0009352981578558,0.4121755063533783,0.0,0.0001662752329139039,0.5867645144462585,0.0008937293896451592
178,0.7770249247550964,0.0,0.0,0.2229750901460647,0.0,0.7772327661514282,0.0,0.0,0.2227672487497329,0.0,0.7772535681724548,0.0,0.0,0.2227464616298675,0.0,0.7771288752555847,0.0,0.0,0.2228711694478988,0.0,0.7771288752555847,0.0,0.0,0.2228711694478988,0.0,0.7771288752555847,0.0,0.0,0.2228711694478988,0.0,0.777045726776123,0.0,0.0,0.2229543030261993,0.0,0.7771704196929932,0.0,0.0,0.222829595208168,0.0,0.7771080732345581,0.0,0.0,0.2228919565677642,0.0,0.7771288752555847,0.0,0.0,0.2228711694478988,0.0,0.7772951722145081,0.0,0.0,0.2227048873901367,0.0,0.7773159146308899,0.0,0.0,0.2226841002702713,0.0,0.7770873308181763,0.0,0.0,0.2229127287864685,0.0,0.7772951722145081,0.0,0.0,0.2227048873901367,0.0,0.7771912217140198,0.0,0.0,0.2228088080883026,0.0,0.7772327661514282,0.0,0.0,0.2227672487497329,0.0,0.7771704196929932,0.0,0.0,0.222829595208168,0.0,0.7772327661514282,0.0,0.0,0.2227672487497329,0.0,0.7771496772766113,0.0,0.0,0.2228503823280334,0.0,0.7771912217140198,0.0,0.0,0.2228088080883026,0.0,0.7770873308181763,0.0,0.0,0.2229127287864685,0.0,0.7771288752555847,0.0,0.0,0.2228711694478988,0.0,0.7771912217140198,0.0,0.0,0.2228088080883026,0.0,0.7771288752555847,0.0,0.0,0.2228711694478988,0.0,0.7771912217140198,0.0,0.0,0.2228088080883026,0.0,0.7772535681724548,0.0,0.0,0.2227464616298675,0.0,0.7771912217140198,0.0,0.0,0.2228088080883026,0.0,0.7771496772766113,0.0,0.0,0.2228503823280334,0.0,0.7772120237350464,0.0,0.0,0.2227880209684372,0.0,0.7771704196929932,0.0,0.0,0.222829595208168,0.0,0.4222975373268127,0.0003325504658278,0.0010184358106926,0.5757488012313843,0.0006027477211318,0.414607286453247,0.0003325504658278,0.00114314223174,0.5833351016044617,0.0005819633370265,0.4201151728630066,0.0002078440447803,0.0009560826001688,0.5782637000083923,0.0004572568868752,0.3987487852573395,0.0003325504658278,0.0012054954422637,0.5985492467880249,0.001163926674053,0.4124457240104675,0.0002078440447803,0.0007274541421793,0.5861825346946716,0.000436472473666,0.4133602380752563,0.0003117660526186,0.0010807890212163,0.584602952003479,0.0006443165475502,0.4225884974002838,8.313761645695195e-05,0.0003325504658278,0.576351523399353,0.0006443165475502,0.4061480462551117,0.0003741192631423,0.0010600045789033,0.5915864706039429,0.0008313761791214,0.4029264450073242,0.0001454908342566,0.0003325504658278,0.5956602096557617,0.0009352981578558,0.4418140649795532,0.0001870596315711,0.0007274541421793,0.5569180846214294,0.0003533348790369,0.4093072712421417,2.0784404114237987e-05,0.0004156880895607,0.5897990465164185,0.0004572568868752,0.3980213403701782,6.235321052372456e-05,0.000270197255304,0.6006485223770142,0.0009976513683795,0.4219026267528534,0.0003949036763515,0.0013509863056242,0.5759566426277161,0.0003949036763515,0.4336665868759155,0.0001454908342566,0.0008729449473321,0.5649201273918152,0.0003949036763515,0.4100762903690338,0.0003949036763515,0.0010807890212163,0.587699830532074,0.0007482385262846,0.4226092994213104,0.0002494128420948,0.0007482385262846,0.5758318901062012,0.0005611788947135,0.3892295360565185,0.000436472473666,0.0013717706315219,0.6077359914779663,0.0012262798845767,0.412799060344696,0.0001454908342566,0.0004572568868752,0.5857668519020081,0.0008313761791214,0.4403591752052307,6.235321052372456e-05,0.0003533348790369,0.558684766292572,0.0005403945106081,0.4237732291221618,0.0004156880895607,0.0010807890212163,0.574293851852417,0.000436472473666,0.3979589939117431,8.313761645695195e-05,0.0007690229685977,0.6003367304801941,0.0008521605632267,0.4148982763290405,0.0003117660526186,0.0007274541421793,0.5833351016044617,0.0007274541421793,0.4078108072280884,0.0001247064210474,0.0002286284434376,0.5909837484359741,0.0008521605632267,0.4183900654315948,2.0784404114237987e-05,0.0002286284434376,0.5804460644721985,0.0009145137737505,0.4030095934867859,0.0002286284434376,0.0005403945106081,0.5954731702804565,0.0007482385262846,0.4113025665283203,0.0001454908342566,0.0008521605632267,0.5869931578636169,0.0007066697580739,0.4141084551811218,0.0001039220223901,0.0006027477211318,0.5844366550445557,0.0007482385262846,0.3937813341617584,0.000270197255304,0.0010184358106926,0.603828489780426,0.0011015734635293,0.3930330872535705,0.0001247064210474,0.0012054954422637,0.6047014594078064,0.0009352981578558,0.4113233685493469,0.0,0.0001247064210474491,0.5876582264900208,0.0008937293896451592
179,0.7765260934829712,0.0,0.0,0.2234739065170288,0.0,0.7767339944839478,0.0,0.0,0.223266065120697,0.0,0.7767547369003296,0.0,0.0,0.2232452780008316,0.0,0.7766300439834595,0.0,0.0,0.2233699858188629,0.0,0.7766300439834595,0.0,0.0,0.2233699858188629,0.0,0.7766300439834595,0.0,0.0,0.2233699858188629,0.0,0.7765468955039978,0.0,0.0,0.2234531342983245,0.0,0.7766715884208679,0.0,0.0,0.2233284264802932,0.0,0.7766092419624329,0.0,0.0,0.2233907729387283,0.0,0.7766300439834595,0.0,0.0,0.2233699858188629,0.0,0.7767963409423828,0.0,0.0,0.2232037186622619,0.0,0.7768170833587646,0.0,0.0,0.2231829315423965,0.0,0.776588499546051,0.0,0.0,0.2234115600585937,0.0,0.7767963409423828,0.0,0.0,0.2232037186622619,0.0,0.7766923904418945,0.0,0.0,0.2233076393604278,0.0,0.7767339944839478,0.0,0.0,0.223266065120697,0.0,0.7766715884208679,0.0,0.0,0.2233284264802932,0.0,0.7767339944839478,0.0,0.0,0.223266065120697,0.0,0.7766508460044861,0.0,0.0,0.2233492136001587,0.0,0.7766923904418945,0.0,0.0,0.2233076393604278,0.0,0.776588499546051,0.0,0.0,0.2234115600585937,0.0,0.7766300439834595,0.0,0.0,0.2233699858188629,0.0,0.7766923904418945,0.0,0.0,0.2233076393604278,0.0,0.7766300439834595,0.0,0.0,0.2233699858188629,0.0,0.7766923904418945,0.0,0.0,0.2233076393604278,0.0,0.7767547369003296,0.0,0.0,0.2232452780008316,0.0,0.7766923904418945,0.0,0.0,0.2233076393604278,0.0,0.7766508460044861,0.0,0.0,0.2233492136001587,0.0,0.7767131924629211,0.0,0.0,0.2232868522405624,0.0,0.7766715884208679,0.0,0.0,0.2233284264802932,0.0,0.4216532111167907,0.0003949036763515,0.0008521605632267,0.5764970183372498,0.0006027477211318,0.4141084551811218,0.0002909816685132,0.0010600045789033,0.583958625793457,0.0005819633370265,0.4195331931114197,0.0002494128420948,0.0008105917368084,0.5789495706558228,0.0004572568868752,0.3981252610683441,0.0003949036763515,0.0010392202530056,0.5992767214775085,0.001163926674053,0.4119053184986114,0.0002494128420948,0.0005196101265028,0.5868892073631287,0.000436472473666,0.4127366840839386,0.0003325504658278,0.0008521605632267,0.5854343175888062,0.0006443165475502,0.4220481216907501,0.0001247064210474,0.000270197255304,0.5769127011299133,0.0006443165475502,0.4055245220661163,0.0003741192631423,0.0008521605632267,0.5924178957939148,0.0008313761791214,0.4024068415164947,0.0001247064210474,0.0003533348790369,0.5961798429489136,0.0009352981578558,0.4412528872489929,0.0002494128420948,0.0005819633370265,0.5575624108314514,0.0003533348790369,0.4087668657302856,6.235321052372456e-05,0.0003533348790369,0.5903602242469788,0.0004572568868752,0.3974809348583221,4.156880822847597e-05,0.0002494128420948,0.6012304425239563,0.0009976513683795,0.4213414490222931,0.0003741192631423,0.0010392202530056,0.5768503546714783,0.0003949036763515,0.433146983385086,0.0001454908342566,0.0007066697580739,0.5656059980392456,0.0003949036763515,0.4094735383987427,0.0004156880895607,0.0009976513683795,0.5883648991584778,0.0007482385262846,0.4220481216907501,0.0002494128420948,0.0007066697580739,0.5764346718788147,0.0005611788947135,0.3886683583259582,0.0003949036763515,0.0012678486527875,0.6084426641464233,0.0012262798845767,0.4121963083744049,0.0002078440447803,0.0003533348790369,0.58641117811203,0.0008313761791214,0.4398395717144012,8.313761645695195e-05,0.0003117660526186,0.5592252016067505,0.0005403945106081,0.4231912493705749,0.0003741192631423,0.0009560826001688,0.5750421285629272,0.000436472473666,0.3974185883998871,0.0001247064210474,0.0005819633370265,0.6010226011276245,0.0008521605632267,0.414316326379776,0.0002909816685132,0.0006858853157609,0.5839794278144836,0.0007274541421793,0.4072704017162323,0.0001247064210474,0.0001870596315711,0.591565728187561,0.0008521605632267,0.4178496599197387,6.235321052372456e-05,0.0001870596315711,0.5809864401817322,0.0009145137737505,0.4024899899959564,0.0002494128420948,0.0003325504658278,0.5961798429489136,0.0007482385262846,0.4107621908187866,0.0001454908342566,0.0007482385262846,0.5876374840736389,0.0007066697580739,0.4135472774505615,0.0001454908342566,0.0005196101265028,0.5850393772125244,0.0007482385262846,0.3932201266288757,0.000270197255304,0.0008521605632267,0.6045559644699097,0.0011015734635293,0.3924926817417145,0.0001454908342566,0.0009145137737505,0.6055120229721069,0.0009352981578558,0.41080373525619507,2.0784404114237987e-05,8.313761645695195e-05,0.5881986618041992,0.0008937293896451592
180,0.7758402228355408,0.0,0.0,0.2241597920656204,0.0,0.7760480642318726,0.0,0.0,0.2239519506692886,0.0,0.7760688662528992,0.0,0.0,0.2239311635494232,0.0,0.775944173336029,0.0,0.0,0.2240558713674545,0.0,0.775944173336029,0.0,0.0,0.2240558713674545,0.0,0.775944173336029,0.0,0.0,0.2240558713674545,0.0,0.7758610248565674,0.0,0.0,0.2241390198469162,0.0,0.7759857177734375,0.0,0.0,0.2240143120288849,0.0,0.7759233713150024,0.0,0.0,0.2240766584873199,0.0,0.775944173336029,0.0,0.0,0.2240558713674545,0.0,0.7761104106903076,0.0,0.0,0.2238896042108535,0.0,0.7761312127113342,0.0,0.0,0.2238688170909881,0.0,0.7759025692939758,0.0,0.0,0.2240974456071853,0.0,0.7761104106903076,0.0,0.0,0.2238896042108535,0.0,0.7760065197944641,0.0,0.0,0.2239935249090194,0.0,0.7760480642318726,0.0,0.0,0.2239519506692886,0.0,0.7759857177734375,0.0,0.0,0.2240143120288849,0.0,0.7760480642318726,0.0,0.0,0.2239519506692886,0.0,0.7759649157524109,0.0,0.0,0.2240350991487503,0.0,0.7760065197944641,0.0,0.0,0.2239935249090194,0.0,0.7759025692939758,0.0,0.0,0.2240974456071853,0.0,0.775944173336029,0.0,0.0,0.2240558713674545,0.0,0.7760065197944641,0.0,0.0,0.2239935249090194,0.0,0.775944173336029,0.0,0.0,0.2240558713674545,0.0,0.7760065197944641,0.0,0.0,0.2239935249090194,0.0,0.7760688662528992,0.0,0.0,0.2239311635494232,0.0,0.7760065197944641,0.0,0.0,0.2239935249090194,0.0,0.7759649157524109,0.0,0.0,0.2240350991487503,0.0,0.7760273218154907,0.0,0.0,0.223972737789154,0.0,0.7759857177734375,0.0,0.0,0.2240143120288849,0.0,0.4209257662296295,0.0003117660526186,0.0007482385262846,0.5774115324020386,0.0006027477211318,0.4134018123149872,0.000270197255304,0.0007274541421793,0.5850186347961426,0.0005819633370265,0.4187849462032318,0.0002494128420948,0.0005611788947135,0.5799472332000732,0.0004572568868752,0.3973978161811828,0.0003741192631423,0.0007690229685977,0.6002951860427856,0.001163926674053,0.411219447851181,8.313761645695195e-05,0.0004780413000844,0.5877829194068909,0.000436472473666,0.4120092391967773,0.000270197255304,0.0008521605632267,0.5862241387367249,0.0006443165475502,0.4213206470012665,0.0001454908342566,0.0001870596315711,0.577702522277832,0.0006443165475502,0.4047554731369018,0.0004572568868752,0.0006443165475502,0.593311607837677,0.0008313761791214,0.4017001688480377,0.0001247064210474,0.0003533348790369,0.5968865156173706,0.0009352981578558,0.4404630959033966,0.0002078440447803,0.0006443165475502,0.5583314299583435,0.0003533348790369,0.4080601930618286,6.235321052372456e-05,0.0002494128420948,0.5911707878112793,0.0004572568868752,0.3967950642108917,4.156880822847597e-05,0.0002286284434376,0.6019371151924133,0.0009976513683795,0.4205932021141052,0.0004156880895607,0.0006443165475502,0.5779519081115723,0.0003949036763515,0.4324610829353332,0.0001247064210474,0.0005196101265028,0.5664997100830078,0.0003949036763515,0.4087045192718506,0.0003533348790369,0.0008105917368084,0.5893833637237549,0.0007482385262846,0.4213622212409973,0.0001662752329139,0.0005819633370265,0.5773283839225769,0.0005611788947135,0.3878993391990661,0.0003533348790369,0.0011015734635293,0.6094195246696472,0.0012262798845767,0.4114896357059479,0.0002286284434376,0.0002494128420948,0.5872009992599487,0.0008313761791214,0.4391328990459442,8.313761645695195e-05,0.0002909816685132,0.5599526166915894,0.0005403945106081,0.4224014580249786,0.0003533348790369,0.0008937293896451,0.5759150385856628,0.000436472473666,0.3966911435127258,0.0001454908342566,0.0002909816685132,0.602020263671875,0.0008521605632267,0.4135680794715881,0.0003325504658278,0.0005403945106081,0.5848315358161926,0.0007274541421793,0.4065637290477752,0.0001039220223901,0.0001870596315711,0.5922931432723999,0.0008521605632267,0.4171222150325775,8.313761645695195e-05,0.0001454908342566,0.5817346572875977,0.0009145137737505,0.4017625451087951,0.0001662752329139,0.0003741192631423,0.5969488620758057,0.0007482385262846,0.4100762903690338,0.0001247064210474,0.0005403945106081,0.5885519981384277,0.0007066697580739,0.4128406047821045,0.0001039220223901,0.0003949036763515,0.5859123468399048,0.0007482385262846,0.3924511075019836,0.0002494128420948,0.0008729449473321,0.6053249835968018,0.0011015734635293,0.391806811094284,8.313761645695195e-05,0.0007274541421793,0.6064473390579224,0.0009352981578558,0.41011786460876465,2.0784404114237987e-05,4.156880822847597e-05,0.5889260768890381,0.0008937293896451592
181,0.7756115794181824,0.0,0.0,0.2243884205818176,0.0,0.7758194804191589,0.0,0.0,0.2241805791854858,0.0,0.7758402228355408,0.0,0.0,0.2241597920656204,0.0,0.7757155299186707,0.0,0.0,0.2242844998836517,0.0,0.7757155299186707,0.0,0.0,0.2242844998836517,0.0,0.7757155299186707,0.0,0.0,0.2242844998836517,0.0,0.775632381439209,0.0,0.0,0.2243676483631134,0.0,0.7757570743560791,0.0,0.0,0.2242429405450821,0.0,0.775694727897644,0.0,0.0,0.2243052870035171,0.0,0.7757155299186707,0.0,0.0,0.2242844998836517,0.0,0.775881826877594,0.0,0.0,0.2241182327270507,0.0,0.7759025692939758,0.0,0.0,0.2240974456071853,0.0,0.7756739854812622,0.0,0.0,0.2243260741233825,0.0,0.775881826877594,0.0,0.0,0.2241182327270507,0.0,0.7757778763771057,0.0,0.0,0.2242221534252166,0.0,0.7758194804191589,0.0,0.0,0.2241805791854858,0.0,0.7757570743560791,0.0,0.0,0.2242429405450821,0.0,0.7758194804191589,0.0,0.0,0.2241805791854858,0.0,0.7757363319396973,0.0,0.0,0.2242637276649475,0.0,0.7757778763771057,0.0,0.0,0.2242221534252166,0.0,0.7756739854812622,0.0,0.0,0.2243260741233825,0.0,0.7757155299186707,0.0,0.0,0.2242844998836517,0.0,0.7757778763771057,0.0,0.0,0.2242221534252166,0.0,0.7757155299186707,0.0,0.0,0.2242844998836517,0.0,0.7757778763771057,0.0,0.0,0.2242221534252166,0.0,0.7758402228355408,0.0,0.0,0.2241597920656204,0.0,0.7757778763771057,0.0,0.0,0.2242221534252166,0.0,0.7757363319396973,0.0,0.0,0.2242637276649475,0.0,0.7757986783981323,0.0,0.0,0.2242013663053512,0.0,0.7757570743560791,0.0,0.0,0.2242429405450821,0.0,0.420572429895401,0.0003533348790369,0.0006858853157609,0.5777856707572937,0.0006027477211318,0.4130900204181671,0.0002286284434376,0.0006651009316556,0.5854343175888062,0.0005819633370265,0.4184939861297607,0.000270197255304,0.0004988256841897,0.5802797675132751,0.0004572568868752,0.3971068263053894,0.0003117660526186,0.0007482385262846,0.600669264793396,0.001163926674053,0.4109908044338226,6.235321052372456e-05,0.0003533348790369,0.588157057762146,0.000436472473666,0.4116974771022796,0.0002909816685132,0.0007690229685977,0.5865982174873352,0.0006443165475502,0.4210920333862304,8.313761645695195e-05,0.0001247064210474,0.5780558586120605,0.0006443165475502,0.4044021368026733,0.0003949036763515,0.0006235321052372,0.5937480926513672,0.0008313761791214,0.4014715552330017,0.0001247064210474,0.000270197255304,0.5971983075141907,0.0009352981578558,0.4401513338088989,0.0002494128420948,0.0004780413000844,0.5587679147720337,0.0003533348790369,0.4078315794467926,6.235321052372456e-05,0.0002286284434376,0.5914202332496643,0.0004572568868752,0.3965456485748291,6.235321052372456e-05,0.0001870596315711,0.6022073030471802,0.0009976513683795,0.4203437864780426,0.000270197255304,0.0006235321052372,0.5783675909042358,0.0003949036763515,0.4322324693202972,4.156880822847597e-05,0.000436472473666,0.5668946504592896,0.0003949036763515,0.4084551036357879,0.0002909816685132,0.0006651009316556,0.5898405909538269,0.0007482385262846,0.4211128056049347,0.0001454908342566,0.0004780413000844,0.577702522277832,0.0005611788947135,0.3875875771045685,0.0003533348790369,0.0009560826001688,0.6098767518997192,0.0012262798845767,0.4112402200698852,0.0002286284434376,0.0001870596315711,0.587512731552124,0.0008313761791214,0.4388834834098816,6.235321052372456e-05,0.0002909816685132,0.5602228045463562,0.0005403945106081,0.4221104681491852,0.0002909816685132,0.0007690229685977,0.5763930678367615,0.000436472473666,0.3964625000953674,0.0001039220223901,0.0002286284434376,0.6023527979850769,0.0008521605632267,0.4132770895957947,0.0003325504658278,0.0004780413000844,0.5851848721504211,0.0007274541421793,0.4063143134117126,8.313761645695195e-05,0.0001662752329139,0.5925841331481934,0.0008521605632267,0.4168935716152191,8.313761645695195e-05,0.0001039220223901,0.5820049047470093,0.0009145137737505,0.4015131294727325,0.0001247064210474,0.0003741192631423,0.5972398519515991,0.0007482385262846,0.4098061025142669,0.0001454908342566,0.0005196101265028,0.5888221859931946,0.0007066697580739,0.4125912189483642,0.0001039220223901,0.0003325504658278,0.5862241387367249,0.0007482385262846,0.392201691865921,0.0002286284434376,0.0006235321052372,0.6058446168899536,0.0011015734635293,0.3915573954582214,8.313761645695195e-05,0.0005819633370265,0.6068422198295593,0.0009352981578558,0.40988922119140625,2.0784404114237987e-05,2.0784404114237987e-05,0.5891755223274231,0.0008937293896451592
