t,susceptible_0_x,exposed_0_x,infected_0_x,recovered_0_x,dead_0_x,susceptible_1_x,exposed_1_x,infected_1_x,recovered_1_x,dead_1_x,susceptible_2_x,exposed_2_x,infected_2_x,recovered_2_x,dead_2_x,susceptible_3_x,exposed_3_x,infected_3_x,recovered_3_x,dead_3_x,susceptible_4_x,exposed_4_x,infected_4_x,recovered_4_x,dead_4_x,susceptible_5_x,exposed_5_x,infected_5_x,recovered_5_x,dead_5_x,susceptible_6_x,exposed_6_x,infected_6_x,recovered_6_x,dead_6_x,susceptible_7_x,exposed_7_x,infected_7_x,recovered_7_x,dead_7_x,susceptible_8_x,exposed_8_x,infected_8_x,recovered_8_x,dead_8_x,susceptible_9_x,exposed_9_x,infected_9_x,recovered_9_x,dead_9_x,susceptible_10_x,exposed_10_x,infected_10_x,recovered_10_x,dead_10_x,susceptible_11_x,exposed_11_x,infected_11_x,recovered_11_x,dead_11_x,susceptible_12_x,exposed_12_x,infected_12_x,recovered_12_x,dead_12_x,susceptible_13_x,exposed_13_x,infected_13_x,recovered_13_x,dead_13_x,susceptible_14_x,exposed_14_x,infected_14_x,recovered_14_x,dead_14_x,susceptible_15_x,exposed_15_x,infected_15_x,recovered_15_x,dead_15_x,susceptible_16_x,exposed_16_x,infected_16_x,recovered_16_x,dead_16_x,susceptible_17_x,exposed_17_x,infected_17_x,recovered_17_x,dead_17_x,susceptible_18_x,exposed_18_x,infected_18_x,recovered_18_x,dead_18_x,susceptible_19_x,exposed_19_x,infected_19_x,recovered_19_x,dead_19_x,susceptible_20_x,exposed_20_x,infected_20_x,recovered_20_x,dead_20_x,susceptible_21_x,exposed_21_x,infected_21_x,recovered_21_x,dead_21_x,susceptible_22_x,exposed_22_x,infected_22_x,recovered_22_x,dead_22_x,susceptible_23_x,exposed_23_x,infected_23_x,recovered_23_x,dead_23_x,susceptible_24_x,exposed_24_x,infected_24_x,recovered_24_x,dead_24_x,susceptible_25_x,exposed_25_x,infected_25_x,recovered_25_x,dead_25_x,susceptible_26_x,exposed_26_x,infected_26_x,recovered_26_x,dead_26_x,susceptible_27_x,exposed_27_x,infected_27_x,recovered_27_x,dead_27_x,susceptible_28_x,exposed_28_x,infected_28_x,recovered_28_x,dead_28_x,susceptible_29_x,exposed_29_x,infected_29_x,recovered_29_x,dead_29_x,susceptible_0_y,exposed_0_y,infected_0_y,recovered_0_y,dead_0_y,susceptible_1_y,exposed_1_y,infected_1_y,recovered_1_y,dead_1_y,susceptible_2_y,exposed_2_y,infected_2_y,recovered_2_y,dead_2_y,susceptible_3_y,exposed_3_y,infected_3_y,recovered_3_y,dead_3_y,susceptible_4_y,exposed_4_y,infected_4_y,recovered_4_y,dead_4_y,susceptible_5_y,exposed_5_y,infected_5_y,recovered_5_y,dead_5_y,susceptible_6_y,exposed_6_y,infected_6_y,recovered_6_y,dead_6_y,susceptible_7_y,exposed_7_y,infected_7_y,recovered_7_y,dead_7_y,susceptible_8_y,exposed_8_y,infected_8_y,recovered_8_y,dead_8_y,susceptible_9_y,exposed_9_y,infected_9_y,recovered_9_y,dead_9_y,susceptible_10_y,exposed_10_y,infected_10_y,recovered_10_y,dead_10_y,susceptible_11_y,exposed_11_y,infected_11_y,recovered_11_y,dead_11_y,susceptible_12_y,exposed_12_y,infected_12_y,recovered_12_y,dead_12_y,susceptible_13_y,exposed_13_y,infected_13_y,recovered_13_y,dead_13_y,susceptible_14_y,exposed_14_y,infected_14_y,recovered_14_y,dead_14_y,susceptible_15_y,exposed_15_y,infected_15_y,recovered_15_y,dead_15_y,susceptible_16_y,exposed_16_y,infected_16_y,recovered_16_y,dead_16_y,susceptible_17_y,exposed_17_y,infected_17_y,recovered_17_y,dead_17_y,susceptible_18_y,exposed_18_y,infected_18_y,recovered_18_y,dead_18_y,susceptible_19_y,exposed_19_y,infected_19_y,recovered_19_y,dead_19_y,susceptible_20_y,exposed_20_y,infected_20_y,recovered_20_y,dead_20_y,susceptible_21_y,exposed_21_y,infected_21_y,recovered_21_y,dead_21_y,susceptible_22_y,exposed_22_y,infected_22_y,recovered_22_y,dead_22_y,susceptible_23_y,exposed_23_y,infected_23_y,recovered_23_y,dead_23_y,susceptible_24_y,exposed_24_y,infected_24_y,recovered_24_y,dead_24_y,susceptible_25_y,exposed_25_y,infected_25_y,recovered_25_y,dead_25_y,susceptible_26_y,exposed_26_y,infected_26_y,recovered_26_y,dead_26_y,susceptible_27_y,exposed_27_y,infected_27_y,recovered_27_y,dead_27_y,susceptible_28_y,exposed_28_y,infected_28_y,recovered_28_y,dead_28_y,susceptible_29_y,exposed_29_y,infected_29_y,recovered_29_y,dead_29_y
0,0.999667465686798,0.0,0.0003325504658278,0.0,0.0,0.9997714161872864,0.0,0.0002286284434376,0.0,0.0,0.9997298121452332,0.0,0.000270197255304,0.0,0.0,0.9997506141662598,0.0,0.0002494128420948,0.0,0.0,0.9997506141662598,0.0,0.0002494128420948,0.0,0.0,0.9997506141662598,0.0,0.0002494128420948,0.0,0.0,0.9997714161872864,0.0,0.0002286284434376,0.0,0.0,0.9998337626457214,0.0,0.0001662752329139,0.0,0.0,0.9995635747909546,0.0,0.000436472473666,0.0,0.0,0.9997298121452332,0.0,0.000270197255304,0.0,0.0,0.999792218208313,0.0,0.0002078440447803,0.0,0.0,0.9997506141662598,0.0,0.0002494128420948,0.0,0.0,0.9996882677078248,0.0,0.0003117660526186,0.0,0.0,0.9997506141662598,0.0,0.0002494128420948,0.0,0.0,0.9997714161872864,0.0,0.0002286284434376,0.0,0.0,0.9998129606246948,0.0,0.0001870596315711,0.0,0.0,0.9997506141662598,0.0,0.0002494128420948,0.0,0.0,0.9996882677078248,0.0,0.0003117660526186,0.0,0.0,0.9998129606246948,0.0,0.0001870596315711,0.0,0.0,0.9997714161872864,0.0,0.0002286284434376,0.0,0.0,0.9997714161872864,0.0,0.0002286284434376,0.0,0.0,0.9997506141662598,0.0,0.0002494128420948,0.0,0.0,0.9997714161872864,0.0,0.0002286284434376,0.0,0.0,0.9998129606246948,0.0,0.0001870596315711,0.0,0.0,0.9995635747909546,0.0,0.000436472473666,0.0,0.0,0.9997090697288512,0.0,0.0002909816685132,0.0,0.0,0.9997298121452332,0.0,0.000270197255304,0.0,0.0,0.999792218208313,0.0,0.0002078440447803,0.0,0.0,0.9998129606246948,0.0,0.0001870596315711,0.0,0.0,0.9997298121452332,0.0,0.000270197255304,0.0,0.0,0.9996467232704164,6.235321052372456e-05,0.0002909816685132,0.0,0.0,0.9995635747909546,4.156880822847597e-05,0.0003949036763515,0.0,0.0,0.9997090697288512,0.0,0.0002909816685132,0.0,0.0,0.9995219707489014,2.0784404114237987e-05,0.0004572568868752,0.0,0.0,0.9996882677078248,8.313761645695195e-05,0.0002286284434376,0.0,0.0,0.9997090697288512,4.156880822847597e-05,0.0002494128420948,0.0,0.0,0.9997506141662598,0.0,0.0002494128420948,0.0,0.0,0.9996259212493896,2.0784404114237987e-05,0.0003533348790369,0.0,0.0,0.999542772769928,8.313761645695195e-05,0.0003741192631423,0.0,0.0,0.9997506141662598,0.0,0.0002494128420948,0.0,0.0,0.9997714161872864,0.0,0.0002286284434376,0.0,0.0,0.9996467232704164,4.156880822847597e-05,0.0003117660526186,0.0,0.0,0.9995843768119812,2.0784404114237987e-05,0.0003949036763515,0.0,0.0,0.9995635747909546,4.156880822847597e-05,0.0003949036763515,0.0,0.0,0.999667465686798,0.0,0.0003325504658278,0.0,0.0,0.9997090697288512,0.0,0.0002909816685132,0.0,0.0,0.9997506141662598,0.0,0.0002494128420948,0.0,0.0,0.9996467232704164,0.0,0.0003533348790369,0.0,0.0,0.9996467232704164,4.156880822847597e-05,0.0003117660526186,0.0,0.0,0.9997090697288512,0.0,0.0002909816685132,0.0,0.0,0.9997090697288512,2.0784404114237987e-05,0.000270197255304,0.0,0.0,0.9997298121452332,0.0,0.000270197255304,0.0,0.0,0.9995843768119812,0.0,0.0004156880895607,0.0,0.0,0.9995843768119812,8.313761645695195e-05,0.0003325504658278,0.0,0.0,0.9995843768119812,4.156880822847597e-05,0.0003741192631423,0.0,0.0,0.9994596242904664,8.313761645695195e-05,0.0004572568868752,0.0,0.0,0.999792218208313,0.0,0.0002078440447803,0.0,0.0,0.9997714161872864,0.0,0.0002286284434376,0.0,0.0,0.999605119228363,2.0784404114237987e-05,0.0003741192631423,0.0,0.0,0.999605119228363,2.0784404114237987e-05,0.00037411926314234734,0.0,0.0
1,0.999667465686798,0.0,0.0003325504658278,0.0,0.0,0.9997714161872864,0.0,0.0002286284434376,0.0,0.0,0.9997298121452332,0.0,0.000270197255304,0.0,0.0,0.9997506141662598,0.0,0.0002494128420948,0.0,0.0,0.9997506141662598,0.0,0.0002494128420948,0.0,0.0,0.9997506141662598,0.0,0.0002494128420948,0.0,0.0,0.9997714161872864,0.0,0.0002286284434376,0.0,0.0,0.9998337626457214,0.0,0.0001662752329139,0.0,0.0,0.9995635747909546,0.0,0.000436472473666,0.0,0.0,0.9997298121452332,0.0,0.000270197255304,0.0,0.0,0.999792218208313,0.0,0.0002078440447803,0.0,0.0,0.9997506141662598,0.0,0.0002494128420948,0.0,0.0,0.9996882677078248,0.0,0.0003117660526186,0.0,0.0,0.9997506141662598,0.0,0.0002494128420948,0.0,0.0,0.9997714161872864,0.0,0.0002286284434376,0.0,0.0,0.9998129606246948,0.0,0.0001870596315711,0.0,0.0,0.9997506141662598,0.0,0.0002494128420948,0.0,0.0,0.9996882677078248,0.0,0.0003117660526186,0.0,0.0,0.9998129606246948,0.0,0.0001870596315711,0.0,0.0,0.9997714161872864,0.0,0.0002286284434376,0.0,0.0,0.9997714161872864,0.0,0.0002286284434376,0.0,0.0,0.9997506141662598,0.0,0.0002494128420948,0.0,0.0,0.9997714161872864,0.0,0.0002286284434376,0.0,0.0,0.9998129606246948,0.0,0.0001870596315711,0.0,0.0,0.9995635747909546,0.0,0.000436472473666,0.0,0.0,0.9997090697288512,0.0,0.0002909816685132,0.0,0.0,0.9997298121452332,0.0,0.000270197255304,0.0,0.0,0.999792218208313,0.0,0.0002078440447803,0.0,0.0,0.9998129606246948,0.0,0.0001870596315711,0.0,0.0,0.9997298121452332,0.0,0.000270197255304,0.0,0.0,0.999605119228363,0.0001039220223901,0.0002909816685132,0.0,0.0,0.9994804263114928,0.0001247064210474,0.0003949036763515,0.0,0.0,0.999605119228363,0.0001039220223901,0.0002909816685132,0.0,0.0,0.9994388818740844,0.0001039220223901,0.0004572568868752,0.0,0.0,0.999667465686798,0.0001039220223901,0.0002286284434376,0.0,0.0,0.999667465686798,8.313761645695195e-05,0.0002494128420948,0.0,0.0,0.9997090697288512,4.156880822847597e-05,0.0002494128420948,0.0,0.0,0.9995219707489014,0.0001247064210474,0.0003533348790369,0.0,0.0,0.9994388818740844,0.0001870596315711,0.0003741192631423,0.0,0.0,0.9997298121452332,2.0784404114237987e-05,0.0002494128420948,0.0,0.0,0.9997090697288512,6.235321052372456e-05,0.0002286284434376,0.0,0.0,0.9995635747909546,0.0001247064210474,0.0003117660526186,0.0,0.0,0.9995843768119812,2.0784404114237987e-05,0.0003949036763515,0.0,0.0,0.9994804263114928,0.0001247064210474,0.0003949036763515,0.0,0.0,0.9995843768119812,8.313761645695195e-05,0.0003325504658278,0.0,0.0,0.9996259212493896,8.313761645695195e-05,0.0002909816685132,0.0,0.0,0.9995843768119812,0.0001662752329139,0.0002494128420948,0.0,0.0,0.9994596242904664,0.0001870596315711,0.0003533348790369,0.0,0.0,0.9995843768119812,0.0001039220223901,0.0003117660526186,0.0,0.0,0.999605119228363,0.0001039220223901,0.0002909816685132,0.0,0.0,0.9995843768119812,0.0001454908342566,0.000270197255304,0.0,0.0,0.999667465686798,6.235321052372456e-05,0.000270197255304,0.0,0.0,0.9994596242904664,0.0001247064210474,0.0004156880895607,0.0,0.0,0.9995843768119812,8.313761645695195e-05,0.0003325504658278,0.0,0.0,0.9994804263114928,0.0001454908342566,0.0003741192631423,0.0,0.0,0.9993349313735962,0.0002078440447803,0.0004572568868752,0.0,0.0,0.999667465686798,0.0001247064210474,0.0002078440447803,0.0,0.0,0.9996882677078248,8.313761645695195e-05,0.0002286284434376,0.0,0.0,0.9995012283325196,0.0001247064210474,0.0003741192631423,0.0,0.0,0.9995012283325195,0.0001247064210474491,0.00037411926314234734,0.0,0.0
2,0.999667465686798,0.0,0.0003325504658278,0.0,0.0,0.9997714161872864,0.0,0.0002286284434376,0.0,0.0,0.9997298121452332,0.0,0.000270197255304,0.0,0.0,0.9997506141662598,0.0,0.0002494128420948,0.0,0.0,0.9997506141662598,0.0,0.0002494128420948,0.0,0.0,0.9997506141662598,0.0,0.0002494128420948,0.0,0.0,0.9997714161872864,0.0,0.0002286284434376,0.0,0.0,0.9998337626457214,0.0,0.0001662752329139,0.0,0.0,0.9995635747909546,0.0,0.000436472473666,0.0,0.0,0.9997298121452332,0.0,0.000270197255304,0.0,0.0,0.999792218208313,0.0,0.0002078440447803,0.0,0.0,0.9997506141662598,0.0,0.0002494128420948,0.0,0.0,0.9996882677078248,0.0,0.0003117660526186,0.0,0.0,0.9997506141662598,0.0,0.0002494128420948,0.0,0.0,0.9997714161872864,0.0,0.0002286284434376,0.0,0.0,0.9998129606246948,0.0,0.0001870596315711,0.0,0.0,0.9997506141662598,0.0,0.0002494128420948,0.0,0.0,0.9996882677078248,0.0,0.0003117660526186,0.0,0.0,0.9998129606246948,0.0,0.0001870596315711,0.0,0.0,0.9997714161872864,0.0,0.0002286284434376,0.0,0.0,0.9997714161872864,0.0,0.0002286284434376,0.0,0.0,0.9997506141662598,0.0,0.0002494128420948,0.0,0.0,0.9997714161872864,0.0,0.0002286284434376,0.0,0.0,0.9998129606246948,0.0,0.0001870596315711,0.0,0.0,0.9995635747909546,0.0,0.000436472473666,0.0,0.0,0.9997090697288512,0.0,0.0002909816685132,0.0,0.0,0.9997298121452332,0.0,0.000270197255304,0.0,0.0,0.999792218208313,0.0,0.0002078440447803,0.0,0.0,0.9998129606246948,0.0,0.0001870596315711,0.0,0.0,0.9997298121452332,0.0,0.000270197255304,0.0,0.0,0.9994804263114928,0.0002286284434376,0.0002909816685132,0.0,0.0,0.9993349313735962,0.000270197255304,0.0003949036763515,0.0,0.0,0.9995012283325196,0.0002078440447803,0.0002909816685132,0.0,0.0,0.999210238456726,0.0003325504658278,0.0004572568868752,0.0,0.0,0.9996467232704164,0.0001247064210474,0.0002286284434376,0.0,0.0,0.9996259212493896,0.0001247064210474,0.0002494128420948,0.0,0.0,0.999605119228363,0.0001454908342566,0.0002494128420948,0.0,0.0,0.9993972778320312,0.0002494128420948,0.0003533348790369,0.0,0.0,0.9992933869361876,0.0003325504658278,0.0003741192631423,0.0,0.0,0.9995635747909546,0.0001870596315711,0.0002494128420948,0.0,0.0,0.9996259212493896,0.0001454908342566,0.0002286284434376,0.0,0.0,0.9992933869361876,0.0003949036763515,0.0003117660526186,0.0,0.0,0.9993972778320312,0.0002078440447803,0.0003949036763515,0.0,0.0,0.9994388818740844,0.0001662752329139,0.0003949036763515,0.0,0.0,0.9993972778320312,0.000270197255304,0.0003325504658278,0.0,0.0,0.9994596242904664,0.0002494128420948,0.0002909816685132,0.0,0.0,0.9995012283325196,0.0002494128420948,0.0002494128420948,0.0,0.0,0.9993349313735962,0.0003117660526186,0.0003533348790369,0.0,0.0,0.999542772769928,0.0001454908342566,0.0003117660526186,0.0,0.0,0.999542772769928,0.0001662752329139,0.0002909816685132,0.0,0.0,0.9995219707489014,0.0002078440447803,0.000270197255304,0.0,0.0,0.999418079853058,0.0003117660526186,0.000270197255304,0.0,0.0,0.9992517828941344,0.0003325504658278,0.0004156880895607,0.0,0.0,0.9994596242904664,0.0002078440447803,0.0003325504658278,0.0,0.0,0.9993764758110046,0.0002494128420948,0.0003741192631423,0.0,0.0,0.9992310404777528,0.0003117660526186,0.0004572568868752,0.0,0.0,0.9996467232704164,0.0001454908342566,0.0002078440447803,0.0,0.0,0.9994804263114928,0.0002909816685132,0.0002286284434376,0.0,0.0,0.9993349313735962,0.0002909816685132,0.0003741192631423,0.0,0.0,0.9993972778320312,0.00022862844343762845,0.00037411926314234734,0.0,0.0
3,0.999667465686798,0.0,0.0003325504658278,0.0,0.0,0.9997714161872864,0.0,0.0002286284434376,0.0,0.0,0.9997298121452332,0.0,0.000270197255304,0.0,0.0,0.9997506141662598,0.0,0.0002494128420948,0.0,0.0,0.9997506141662598,0.0,0.0002494128420948,0.0,0.0,0.9997506141662598,0.0,0.0002494128420948,0.0,0.0,0.9997714161872864,0.0,0.0002286284434376,0.0,0.0,0.9998337626457214,0.0,0.0001662752329139,0.0,0.0,0.9995635747909546,0.0,0.000436472473666,0.0,0.0,0.9997298121452332,0.0,0.000270197255304,0.0,0.0,0.999792218208313,0.0,0.0002078440447803,0.0,0.0,0.9997506141662598,0.0,0.0002494128420948,0.0,0.0,0.9996882677078248,0.0,0.0003117660526186,0.0,0.0,0.9997506141662598,0.0,0.0002494128420948,0.0,0.0,0.9997714161872864,0.0,0.0002286284434376,0.0,0.0,0.9998129606246948,0.0,0.0001870596315711,0.0,0.0,0.9997506141662598,0.0,0.0002494128420948,0.0,0.0,0.9996882677078248,0.0,0.0003117660526186,0.0,0.0,0.9998129606246948,0.0,0.0001870596315711,0.0,0.0,0.9997714161872864,0.0,0.0002286284434376,0.0,0.0,0.9997714161872864,0.0,0.0002286284434376,0.0,0.0,0.9997506141662598,0.0,0.0002494128420948,0.0,0.0,0.9997714161872864,0.0,0.0002286284434376,0.0,0.0,0.9998129606246948,0.0,0.0001870596315711,0.0,0.0,0.9995635747909546,0.0,0.000436472473666,0.0,0.0,0.9997090697288512,0.0,0.0002909816685132,0.0,0.0,0.9997298121452332,0.0,0.000270197255304,0.0,0.0,0.999792218208313,0.0,0.0002078440447803,0.0,0.0,0.9998129606246948,0.0,0.0001870596315711,0.0,0.0,0.9997298121452332,0.0,0.000270197255304,0.0,0.0,0.9993972778320312,0.0003117660526186,0.0002909816685132,0.0,0.0,0.999210238456726,0.0003949036763515,0.0003949036763515,0.0,0.0,0.9993349313735962,0.0003741192631423,0.0002909816685132,0.0,0.0,0.9990647435188292,0.0004780413000844,0.0004572568868752,0.0,0.0,0.9994804263114928,0.0002909816685132,0.0002286284434376,0.0,0.0,0.9994388818740844,0.0003117660526186,0.0002494128420948,0.0,0.0,0.9995219707489014,0.0002286284434376,0.0002494128420948,0.0,0.0,0.9991062879562378,0.0005403945106081,0.0003533348790369,0.0,0.0,0.9989815950393676,0.0006443165475502,0.0003741192631423,0.0,0.0,0.9994804263114928,0.000270197255304,0.0002494128420948,0.0,0.0,0.9995219707489014,0.0002494128420948,0.0002286284434376,0.0,0.0,0.9992517828941344,0.000436472473666,0.0003117660526186,0.0,0.0,0.9993349313735962,0.000270197255304,0.0003949036763515,0.0,0.0,0.9992517828941344,0.0003533348790369,0.0003949036763515,0.0,0.0,0.9992725849151612,0.0003949036763515,0.0003325504658278,0.0,0.0,0.9993557333946228,0.0003533348790369,0.0002909816685132,0.0,0.0,0.9993972778320312,0.0003533348790369,0.0002494128420948,0.0,0.0,0.9991270899772644,0.0005196101265028,0.0003533348790369,0.0,0.0,0.9995012283325196,0.0001870596315711,0.0003117660526186,0.0,0.0,0.9995219707489014,0.0001870596315711,0.0002909816685132,0.0,0.0,0.9993349313735962,0.0003949036763515,0.000270197255304,0.0,0.0,0.9993349313735962,0.0003949036763515,0.000270197255304,0.0,0.0,0.9989192485809326,0.0006651009316556,0.0004156880895607,0.0,0.0,0.9993764758110046,0.0002909816685132,0.0003325504658278,0.0,0.0,0.9992517828941344,0.0003741192631423,0.0003741192631423,0.0,0.0,0.9990439414978028,0.0004988256841897,0.0004572568868752,0.0,0.0,0.9993972778320312,0.0003949036763515,0.0002078440447803,0.0,0.0,0.9993972778320312,0.0003741192631423,0.0002286284434376,0.0,0.0,0.999023139476776,0.0006027477211318,0.0003741192631423,0.0,0.0,0.9993557333946228,0.00027019725530408323,0.00037411926314234734,0.0,0.0
4,0.999667465686798,0.0,0.0003325504658278,0.0,0.0,0.9997714161872864,0.0,0.0002286284434376,0.0,0.0,0.9997298121452332,0.0,0.000270197255304,0.0,0.0,0.9997506141662598,0.0,0.0002494128420948,0.0,0.0,0.9997506141662598,0.0,0.0002494128420948,0.0,0.0,0.9997506141662598,0.0,0.0002494128420948,0.0,0.0,0.9997714161872864,0.0,0.0002286284434376,0.0,0.0,0.9998337626457214,0.0,0.0001662752329139,0.0,0.0,0.9995635747909546,0.0,0.000436472473666,0.0,0.0,0.9997298121452332,0.0,0.000270197255304,0.0,0.0,0.999792218208313,0.0,0.0002078440447803,0.0,0.0,0.9997506141662598,0.0,0.0002494128420948,0.0,0.0,0.9996882677078248,0.0,0.0003117660526186,0.0,0.0,0.9997506141662598,0.0,0.0002494128420948,0.0,0.0,0.9997714161872864,0.0,0.0002286284434376,0.0,0.0,0.9998129606246948,0.0,0.0001870596315711,0.0,0.0,0.9997506141662598,0.0,0.0002494128420948,0.0,0.0,0.9996882677078248,0.0,0.0003117660526186,0.0,0.0,0.9998129606246948,0.0,0.0001870596315711,0.0,0.0,0.9997714161872864,0.0,0.0002286284434376,0.0,0.0,0.9997714161872864,0.0,0.0002286284434376,0.0,0.0,0.9997506141662598,0.0,0.0002494128420948,0.0,0.0,0.9997714161872864,0.0,0.0002286284434376,0.0,0.0,0.9998129606246948,0.0,0.0001870596315711,0.0,0.0,0.9995635747909546,0.0,0.000436472473666,0.0,0.0,0.9997090697288512,0.0,0.0002909816685132,0.0,0.0,0.9997298121452332,0.0,0.000270197255304,0.0,0.0,0.999792218208313,0.0,0.0002078440447803,0.0,0.0,0.9998129606246948,0.0,0.0001870596315711,0.0,0.0,0.9997298121452332,0.0,0.000270197255304,0.0,0.0,0.9992310404777528,0.0004156880895607,0.0003533348790369,0.0,0.0,0.9991062879562378,0.0004572568868752,0.000436472473666,0.0,0.0,0.9992725849151612,0.000436472473666,0.0002909816685132,0.0,0.0,0.9989400506019592,0.0005819633370265,0.0004780413000844,0.0,0.0,0.999418079853058,0.000270197255304,0.0003117660526186,0.0,0.0,0.9993141293525696,0.0003949036763515,0.0002909816685132,0.0,0.0,0.9993764758110046,0.0003741192631423,0.0002494128420948,0.0,0.0,0.9989400506019592,0.0006858853157609,0.0003741192631423,0.0,0.0,0.9986698627471924,0.0008729449473321,0.0004572568868752,0.0,0.0,0.9993349313735962,0.0004156880895607,0.0002494128420948,0.0,0.0,0.999418079853058,0.0003533348790369,0.0002286284434376,0.0,0.0,0.999147891998291,0.0004988256841897,0.0003533348790369,0.0,0.0,0.9992933869361876,0.0002909816685132,0.0004156880895607,0.0,0.0,0.999023139476776,0.0005403945106081,0.000436472473666,0.0,0.0,0.9991686344146729,0.0004988256841897,0.0003325504658278,0.0,0.0,0.9991894364356996,0.0005196101265028,0.0002909816685132,0.0,0.0,0.9992725849151612,0.0004780413000844,0.0002494128420948,0.0,0.0,0.9990439414978028,0.0006027477211318,0.0003533348790369,0.0,0.0,0.9993972778320312,0.0002494128420948,0.0003533348790369,0.0,0.0,0.9994804263114928,0.0002286284434376,0.0002909816685132,0.0,0.0,0.9992725849151612,0.000436472473666,0.0002909816685132,0.0,0.0,0.9992310404777528,0.0004988256841897,0.000270197255304,0.0,0.0,0.9988569021224976,0.0007274541421793,0.0004156880895607,0.0,0.0,0.9992933869361876,0.0002909816685132,0.0004156880895607,0.0,0.0,0.9990439414978028,0.0005403945106081,0.0004156880895607,0.0,0.0,0.9989192485809326,0.0005403945106081,0.0005403945106081,0.0,0.0,0.9993557333946228,0.000436472473666,0.0002078440447803,0.0,0.0,0.999210238456726,0.0005611788947135,0.0002286284434376,0.0,0.0,0.9988777041435242,0.0007274541421793,0.0003949036763515,0.0,0.0,0.999147891998291,0.0004572568868752569,0.00039490367635153234,0.0,0.0
5,0.999667465686798,0.0,0.0,0.0003325504658278,0.0,0.9997714161872864,0.0,0.0,0.0002286284434376,0.0,0.9997298121452332,0.0,0.0,0.000270197255304,0.0,0.9997506141662598,0.0,0.0,0.0002494128420948,0.0,0.9997506141662598,0.0,0.0,0.0002494128420948,0.0,0.9997506141662598,0.0,0.0,0.0002494128420948,0.0,0.9997714161872864,0.0,0.0,0.0002286284434376,0.0,0.9998337626457214,0.0,0.0,0.0001662752329139,0.0,0.9995635747909546,0.0,0.0,0.000436472473666,0.0,0.9997298121452332,0.0,0.0,0.000270197255304,0.0,0.999792218208313,0.0,0.0,0.0002078440447803,0.0,0.9997506141662598,0.0,0.0,0.0002494128420948,0.0,0.9996882677078248,0.0,0.0,0.0003117660526186,0.0,0.9997506141662598,0.0,0.0,0.0002494128420948,0.0,0.9997714161872864,0.0,0.0,0.0002286284434376,0.0,0.9998129606246948,0.0,0.0,0.0001870596315711,0.0,0.9997506141662598,0.0,0.0,0.0002494128420948,0.0,0.9996882677078248,0.0,0.0,0.0003117660526186,0.0,0.9998129606246948,0.0,0.0,0.0001870596315711,0.0,0.9997714161872864,0.0,0.0,0.0002286284434376,0.0,0.9997714161872864,0.0,0.0,0.0002286284434376,0.0,0.9997506141662598,0.0,0.0,0.0002494128420948,0.0,0.9997714161872864,0.0,0.0,0.0002286284434376,0.0,0.9998129606246948,0.0,0.0,0.0001870596315711,0.0,0.9995635747909546,0.0,0.0,0.000436472473666,0.0,0.9997090697288512,0.0,0.0,0.0002909816685132,0.0,0.9997298121452332,0.0,0.0,0.000270197255304,0.0,0.999792218208313,0.0,0.0,0.0002078440447803,0.0,0.9998129606246948,0.0,0.0,0.0001870596315711,0.0,0.9997298121452332,0.0,0.0,0.000270197255304,0.0,0.9991270899772644,0.0004780413000844,0.0001039220223901,0.0002909816685132,0.0,0.9989607930183412,0.0005196101265028,0.0001247064210474,0.0003949036763515,0.0,0.9990647435188292,0.0005403945106081,0.0001039220223901,0.0002909816685132,0.0,0.9987529516220092,0.0006858853157609,0.0001039220223901,0.0004572568868752,0.0,0.9992517828941344,0.0004156880895607,0.0001039220223901,0.0002286284434376,0.0,0.999147891998291,0.0005196101265028,8.313761645695195e-05,0.0002494128420948,0.0,0.9991686344146729,0.0005403945106081,4.156880822847597e-05,0.0002494128420948,0.0,0.9988569021224976,0.0006651009316556,0.0001247064210474,0.0003533348790369,0.0,0.998503565788269,0.0009352981578558,0.0001870596315711,0.0003741192631423,0.0,0.9993141293525696,0.0004156880895607,2.0784404114237987e-05,0.0002494128420948,0.0,0.9992933869361876,0.0004156880895607,6.235321052372456e-05,0.0002286284434376,0.0,0.9990023970603944,0.0005611788947135,0.0001247064210474,0.0003117660526186,0.0,0.999210238456726,0.0003741192631423,2.0784404114237987e-05,0.0003949036763515,0.0,0.9988569021224976,0.0006235321052372,0.0001247064210474,0.0003949036763515,0.0,0.9989607930183412,0.0006235321052372,8.313761645695195e-05,0.0003325504658278,0.0,0.9990647435188292,0.0005611788947135,8.313761645695195e-05,0.0002909816685132,0.0,0.9991270899772644,0.0004572568868752,0.0001662752329139,0.0002494128420948,0.0,0.9990023970603944,0.0004572568868752,0.0001870596315711,0.0003533348790369,0.0,0.9990647435188292,0.0005196101265028,0.0001039220223901,0.0003117660526186,0.0,0.9993972778320312,0.0002078440447803,0.0001039220223901,0.0002909816685132,0.0,0.9991686344146729,0.0004156880895607,0.0001454908342566,0.000270197255304,0.0,0.9991062879562378,0.0005611788947135,6.235321052372456e-05,0.000270197255304,0.0,0.9986698627471924,0.000789807352703,0.0001247064210474,0.0004156880895607,0.0,0.9991894364356996,0.0003949036763515,8.313761645695195e-05,0.0003325504658278,0.0,0.998898446559906,0.0005819633370265,0.0001454908342566,0.0003741192631423,0.0,0.9986698627471924,0.0006651009316556,0.0002078440447803,0.0004572568868752,0.0,0.9991686344146729,0.0004988256841897,0.0001247064210474,0.0002078440447803,0.0,0.999147891998291,0.0005403945106081,8.313761645695195e-05,0.0002286284434376,0.0,0.9987114071846008,0.000789807352703,0.0001247064210474,0.0003741192631423,0.0,0.9989400506019592,0.000561178894713521,0.0001247064210474491,0.00037411926314234734,0.0
6,0.999667465686798,0.0,0.0,0.0003325504658278,0.0,0.9997714161872864,0.0,0.0,0.0002286284434376,0.0,0.9997298121452332,0.0,0.0,0.000270197255304,0.0,0.9997506141662598,0.0,0.0,0.0002494128420948,0.0,0.9997506141662598,0.0,0.0,0.0002494128420948,0.0,0.9997506141662598,0.0,0.0,0.0002494128420948,0.0,0.9997714161872864,0.0,0.0,0.0002286284434376,0.0,0.9998337626457214,0.0,0.0,0.0001662752329139,0.0,0.9995635747909546,0.0,0.0,0.000436472473666,0.0,0.9997298121452332,0.0,0.0,0.000270197255304,0.0,0.999792218208313,0.0,0.0,0.0002078440447803,0.0,0.9997506141662598,0.0,0.0,0.0002494128420948,0.0,0.9996882677078248,0.0,0.0,0.0003117660526186,0.0,0.9997506141662598,0.0,0.0,0.0002494128420948,0.0,0.9997714161872864,0.0,0.0,0.0002286284434376,0.0,0.9998129606246948,0.0,0.0,0.0001870596315711,0.0,0.9997506141662598,0.0,0.0,0.0002494128420948,0.0,0.9996882677078248,0.0,0.0,0.0003117660526186,0.0,0.9998129606246948,0.0,0.0,0.0001870596315711,0.0,0.9997714161872864,0.0,0.0,0.0002286284434376,0.0,0.9997714161872864,0.0,0.0,0.0002286284434376,0.0,0.9997506141662598,0.0,0.0,0.0002494128420948,0.0,0.9997714161872864,0.0,0.0,0.0002286284434376,0.0,0.9998129606246948,0.0,0.0,0.0001870596315711,0.0,0.9995635747909546,0.0,0.0,0.000436472473666,0.0,0.9997090697288512,0.0,0.0,0.0002909816685132,0.0,0.9997298121452332,0.0,0.0,0.000270197255304,0.0,0.999792218208313,0.0,0.0,0.0002078440447803,0.0,0.9998129606246948,0.0,0.0,0.0001870596315711,0.0,0.9997298121452332,0.0,0.0,0.000270197255304,0.0,0.9991062879562378,0.0003741192631423,0.0002286284434376,0.0002909816685132,0.0,0.9988777041435242,0.0004572568868752,0.000270197255304,0.0003949036763515,0.0,0.9989400506019592,0.0005611788947135,0.0002078440447803,0.0002909816685132,0.0,0.9987322092056274,0.0004780413000844,0.0003325504658278,0.0004572568868752,0.0,0.9991894364356996,0.0004572568868752,0.0001247064210474,0.0002286284434376,0.0,0.9991062879562378,0.0005196101265028,0.0001247064210474,0.0002494128420948,0.0,0.999147891998291,0.0004572568868752,0.0001454908342566,0.0002494128420948,0.0,0.9987114071846008,0.0006858853157609,0.0002494128420948,0.0003533348790369,0.0,0.9983788728713988,0.0009145137737505,0.0003325504658278,0.0003741192631423,0.0,0.9992725849151612,0.0002909816685132,0.0001870596315711,0.0002494128420948,0.0,0.9992310404777528,0.0003949036763515,0.0001454908342566,0.0002286284434376,0.0,0.9989400506019592,0.0003533348790369,0.0003949036763515,0.0003117660526186,0.0,0.9991894364356996,0.0002078440447803,0.0002078440447803,0.0003949036763515,0.0,0.9988569021224976,0.0005819633370265,0.0001662752329139,0.0003949036763515,0.0,0.9989192485809326,0.0004780413000844,0.000270197255304,0.0003325504658278,0.0,0.9989192485809326,0.0005403945106081,0.0002494128420948,0.0002909816685132,0.0,0.999085545539856,0.0004156880895607,0.0002494128420948,0.0002494128420948,0.0,0.9989192485809326,0.0004156880895607,0.0003117660526186,0.0003533348790369,0.0,0.9989815950393676,0.0005611788947135,0.0001454908342566,0.0003117660526186,0.0,0.9993764758110046,0.0001662752329139,0.0001662752329139,0.0002909816685132,0.0,0.9990647435188292,0.0004572568868752,0.0002078440447803,0.000270197255304,0.0,0.9990439414978028,0.0003741192631423,0.0003117660526186,0.000270197255304,0.0,0.998503565788269,0.0007482385262846,0.0003325504658278,0.0004156880895607,0.0,0.9991062879562378,0.0003533348790369,0.0002078440447803,0.0003325504658278,0.0,0.9987945556640624,0.0005819633370265,0.0002494128420948,0.0003741192631423,0.0,0.998503565788269,0.0007274541421793,0.0003117660526186,0.0004572568868752,0.0,0.9990647435188292,0.0005819633370265,0.0001454908342566,0.0002078440447803,0.0,0.9990439414978028,0.000436472473666,0.0002909816685132,0.0002286284434376,0.0,0.998503565788269,0.0008313761791214,0.0002909816685132,0.0003741192631423,0.0,0.9988569021224976,0.0005403945106081665,0.00022862844343762845,0.00037411926314234734,0.0
7,0.999667465686798,0.0,0.0,0.0003325504658278,0.0,0.9997714161872864,0.0,0.0,0.0002286284434376,0.0,0.9997298121452332,0.0,0.0,0.000270197255304,0.0,0.9997506141662598,0.0,0.0,0.0002494128420948,0.0,0.9997506141662598,0.0,0.0,0.0002494128420948,0.0,0.9997506141662598,0.0,0.0,0.0002494128420948,0.0,0.9997714161872864,0.0,0.0,0.0002286284434376,0.0,0.9998337626457214,0.0,0.0,0.0001662752329139,0.0,0.9995635747909546,0.0,0.0,0.000436472473666,0.0,0.9997298121452332,0.0,0.0,0.000270197255304,0.0,0.999792218208313,0.0,0.0,0.0002078440447803,0.0,0.9997506141662598,0.0,0.0,0.0002494128420948,0.0,0.9996882677078248,0.0,0.0,0.0003117660526186,0.0,0.9997506141662598,0.0,0.0,0.0002494128420948,0.0,0.9997714161872864,0.0,0.0,0.0002286284434376,0.0,0.9998129606246948,0.0,0.0,0.0001870596315711,0.0,0.9997506141662598,0.0,0.0,0.0002494128420948,0.0,0.9996882677078248,0.0,0.0,0.0003117660526186,0.0,0.9998129606246948,0.0,0.0,0.0001870596315711,0.0,0.9997714161872864,0.0,0.0,0.0002286284434376,0.0,0.9997714161872864,0.0,0.0,0.0002286284434376,0.0,0.9997506141662598,0.0,0.0,0.0002494128420948,0.0,0.9997714161872864,0.0,0.0,0.0002286284434376,0.0,0.9998129606246948,0.0,0.0,0.0001870596315711,0.0,0.9995635747909546,0.0,0.0,0.000436472473666,0.0,0.9997090697288512,0.0,0.0,0.0002909816685132,0.0,0.9997298121452332,0.0,0.0,0.000270197255304,0.0,0.999792218208313,0.0,0.0,0.0002078440447803,0.0,0.9998129606246948,0.0,0.0,0.0001870596315711,0.0,0.9997298121452332,0.0,0.0,0.000270197255304,0.0,0.9988777041435242,0.0005196101265028,0.0003117660526186,0.0002909816685132,0.0,0.9986698627471924,0.0005403945106081,0.0003949036763515,0.0003949036763515,0.0,0.9986906051635742,0.0006443165475502,0.0003741192631423,0.0002909816685132,0.0,0.998441219329834,0.0006235321052372,0.0004780413000844,0.0004572568868752,0.0,0.9991686344146729,0.0003117660526186,0.0002909816685132,0.0002286284434376,0.0,0.999023139476776,0.0004156880895607,0.0003117660526186,0.0002494128420948,0.0,0.9989192485809326,0.0006027477211318,0.0002286284434376,0.0002494128420948,0.0,0.9985867142677308,0.0005196101265028,0.0005403945106081,0.0003533348790369,0.0,0.998129427433014,0.0008521605632267,0.0006443165475502,0.0003741192631423,0.0,0.999147891998291,0.0003325504658278,0.000270197255304,0.0002494128420948,0.0,0.999085545539856,0.000436472473666,0.0002494128420948,0.0002286284434376,0.0,0.9985243678092957,0.0007274541421793,0.000436472473666,0.0003117660526186,0.0,0.9991062879562378,0.0002286284434376,0.000270197255304,0.0003949036763515,0.0,0.9987945556640624,0.0004572568868752,0.0003533348790369,0.0003949036763515,0.0,0.9986698627471924,0.0006027477211318,0.0003949036763515,0.0003325504658278,0.0,0.9987945556640624,0.0005611788947135,0.0003533348790369,0.0002909816685132,0.0,0.998898446559906,0.0004988256841897,0.0003533348790369,0.0002494128420948,0.0,0.998773753643036,0.0003533348790369,0.0005196101265028,0.0003533348790369,0.0,0.998898446559906,0.0006027477211318,0.0001870596315711,0.0003117660526186,0.0,0.9992310404777528,0.0002909816685132,0.0001870596315711,0.0002909816685132,0.0,0.9989192485809326,0.0004156880895607,0.0003949036763515,0.000270197255304,0.0,0.998898446559906,0.000436472473666,0.0003949036763515,0.000270197255304,0.0,0.998191773891449,0.0007274541421793,0.0006651009316556,0.0004156880895607,0.0,0.998898446559906,0.0004780413000844,0.0002909816685132,0.0003325504658278,0.0,0.9986282587051392,0.0006235321052372,0.0003741192631423,0.0003741192631423,0.0,0.9983996152877808,0.0006443165475502,0.0004988256841897,0.0004572568868752,0.0,0.9988152980804444,0.0005819633370265,0.0003949036763515,0.0002078440447803,0.0,0.9989400506019592,0.0004572568868752,0.0003741192631423,0.0002286284434376,0.0,0.9983788728713988,0.0006443165475502,0.0006027477211318,0.0003741192631423,0.0,0.9987114071846008,0.000644316547550261,0.00027019725530408323,0.00037411926314234734,0.0
8,0.999667465686798,0.0,0.0,0.0003325504658278,0.0,0.9997714161872864,0.0,0.0,0.0002286284434376,0.0,0.9997298121452332,0.0,0.0,0.000270197255304,0.0,0.9997506141662598,0.0,0.0,0.0002494128420948,0.0,0.9997506141662598,0.0,0.0,0.0002494128420948,0.0,0.9997506141662598,0.0,0.0,0.0002494128420948,0.0,0.9997714161872864,0.0,0.0,0.0002286284434376,0.0,0.9998337626457214,0.0,0.0,0.0001662752329139,0.0,0.9995635747909546,0.0,0.0,0.000436472473666,0.0,0.9997298121452332,0.0,0.0,0.000270197255304,0.0,0.999792218208313,0.0,0.0,0.0002078440447803,0.0,0.9997506141662598,0.0,0.0,0.0002494128420948,0.0,0.9996882677078248,0.0,0.0,0.0003117660526186,0.0,0.9997506141662598,0.0,0.0,0.0002494128420948,0.0,0.9997714161872864,0.0,0.0,0.0002286284434376,0.0,0.9998129606246948,0.0,0.0,0.0001870596315711,0.0,0.9997506141662598,0.0,0.0,0.0002494128420948,0.0,0.9996882677078248,0.0,0.0,0.0003117660526186,0.0,0.9998129606246948,0.0,0.0,0.0001870596315711,0.0,0.9997714161872864,0.0,0.0,0.0002286284434376,0.0,0.9997714161872864,0.0,0.0,0.0002286284434376,0.0,0.9997506141662598,0.0,0.0,0.0002494128420948,0.0,0.9997714161872864,0.0,0.0,0.0002286284434376,0.0,0.9998129606246948,0.0,0.0,0.0001870596315711,0.0,0.9995635747909546,0.0,0.0,0.000436472473666,0.0,0.9997090697288512,0.0,0.0,0.0002909816685132,0.0,0.9997298121452332,0.0,0.0,0.000270197255304,0.0,0.999792218208313,0.0,0.0,0.0002078440447803,0.0,0.9998129606246948,0.0,0.0,0.0001870596315711,0.0,0.9997298121452332,0.0,0.0,0.000270197255304,0.0,0.9987322092056274,0.0004988256841897,0.0004780413000844,0.0002909816685132,0.0,0.9983788728713988,0.0007274541421793,0.0004988256841897,0.0003949036763515,0.0,0.998565912246704,0.0007066697580739,0.000436472473666,0.0002909816685132,0.0,0.9981086254119872,0.0008313761791214,0.0006027477211318,0.0004572568868752,0.0,0.9989607930183412,0.0004572568868752,0.0003533348790369,0.0002286284434376,0.0,0.9988152980804444,0.0004988256841897,0.000436472473666,0.0002494128420948,0.0,0.9987529516220092,0.0006235321052372,0.0003741192631423,0.0002494128420948,0.0,0.9982957243919371,0.0006443165475502,0.0007066697580739,0.0003533348790369,0.0,0.9977553486824036,0.0009145137737505,0.0009560826001688,0.0003741192631423,0.0,0.999085545539856,0.0002494128420948,0.0004156880895607,0.0002494128420948,0.0,0.998836100101471,0.0005819633370265,0.0003533348790369,0.0002286284434376,0.0,0.998254120349884,0.0008937293896451,0.0005403945106081,0.0003117660526186,0.0,0.9990439414978028,0.0002494128420948,0.0003117660526186,0.0003949036763515,0.0,0.9985451102256776,0.0004780413000844,0.0005819633370265,0.0003949036763515,0.0,0.9983996152877808,0.0007690229685977,0.0004988256841897,0.0003325504658278,0.0,0.9986906051635742,0.0004988256841897,0.0005196101265028,0.0002909816685132,0.0,0.9986906051635742,0.0005819633370265,0.0004780413000844,0.0002494128420948,0.0,0.9984619617462158,0.0005819633370265,0.0006027477211318,0.0003533348790369,0.0,0.9986698627471924,0.0007274541421793,0.0002909816685132,0.0003117660526186,0.0,0.9991062879562378,0.0003741192631423,0.0002286284434376,0.0002909816685132,0.0,0.9986282587051392,0.0006443165475502,0.0004572568868752,0.000270197255304,0.0,0.9986698627471924,0.0005611788947135,0.0004988256841897,0.000270197255304,0.0,0.9980255365371704,0.0008313761791214,0.0007274541421793,0.0004156880895607,0.0,0.998773753643036,0.0005196101265028,0.0003741192631423,0.0003325504658278,0.0,0.9983788728713988,0.0006651009316556,0.0005819633370265,0.0003741192631423,0.0,0.9981502294540404,0.0007690229685977,0.0006235321052372,0.0004572568868752,0.0,0.9986074566841124,0.0007482385262846,0.000436472473666,0.0002078440447803,0.0,0.9987945556640624,0.0004156880895607,0.0005611788947135,0.0002286284434376,0.0,0.9980255365371704,0.0008521605632267,0.0007482385262846,0.0003741192631423,0.0,0.9985659122467041,0.0005819633370265365,0.0004780413000844419,0.00037411926314234734,0.0
9,0.999667465686798,0.0,0.0,0.0003325504658278,0.0,0.9997714161872864,0.0,0.0,0.0002286284434376,0.0,0.9997298121452332,0.0,0.0,0.000270197255304,0.0,0.9997506141662598,0.0,0.0,0.0002494128420948,0.0,0.9997506141662598,0.0,0.0,0.0002494128420948,0.0,0.9997506141662598,0.0,0.0,0.0002494128420948,0.0,0.9997714161872864,0.0,0.0,0.0002286284434376,0.0,0.9998337626457214,0.0,0.0,0.0001662752329139,0.0,0.9995635747909546,0.0,0.0,0.000436472473666,0.0,0.9997298121452332,0.0,0.0,0.000270197255304,0.0,0.999792218208313,0.0,0.0,0.0002078440447803,0.0,0.9997506141662598,0.0,0.0,0.0002494128420948,0.0,0.9996882677078248,0.0,0.0,0.0003117660526186,0.0,0.9997506141662598,0.0,0.0,0.0002494128420948,0.0,0.9997714161872864,0.0,0.0,0.0002286284434376,0.0,0.9998129606246948,0.0,0.0,0.0001870596315711,0.0,0.9997506141662598,0.0,0.0,0.0002494128420948,0.0,0.9996882677078248,0.0,0.0,0.0003117660526186,0.0,0.9998129606246948,0.0,0.0,0.0001870596315711,0.0,0.9997714161872864,0.0,0.0,0.0002286284434376,0.0,0.9997714161872864,0.0,0.0,0.0002286284434376,0.0,0.9997506141662598,0.0,0.0,0.0002494128420948,0.0,0.9997714161872864,0.0,0.0,0.0002286284434376,0.0,0.9998129606246948,0.0,0.0,0.0001870596315711,0.0,0.9995635747909546,0.0,0.0,0.000436472473666,0.0,0.9997090697288512,0.0,0.0,0.0002909816685132,0.0,0.9997298121452332,0.0,0.0,0.000270197255304,0.0,0.999792218208313,0.0,0.0,0.0002078440447803,0.0,0.9998129606246948,0.0,0.0,0.0001870596315711,0.0,0.9997298121452332,0.0,0.0,0.000270197255304,0.0,0.998441219329834,0.0006858853157609,0.0005196101265028,0.0003533348790369,0.0,0.9981502294540404,0.0008105917368084,0.0006027477211318,0.000436472473666,0.0,0.998254120349884,0.0008105917368084,0.0006443165475502,0.0002909816685132,0.0,0.997796893119812,0.0009560826001688,0.0007690229685977,0.0004780413000844,0.0,0.9987322092056274,0.0005196101265028,0.000436472473666,0.0003117660526186,0.0,0.9986282587051392,0.0005196101265028,0.0005611788947135,0.0002909816685132,0.0,0.9985867142677308,0.0005819633370265,0.0005819633370265,0.0002494128420948,0.0,0.9980462789535522,0.0008105917368084,0.0007690229685977,0.0003741192631423,0.0,0.9972149133682252,0.0012886330951005,0.0010392202530056,0.0004572568868752,0.0,0.999023139476776,0.0002909816685132,0.000436472473666,0.0002494128420948,0.0,0.998565912246704,0.0007274541421793,0.0004780413000844,0.0002286284434376,0.0,0.9981502294540404,0.0008521605632267,0.0006443165475502,0.0003533348790369,0.0,0.9990023970603944,0.0002078440447803,0.0003741192631423,0.0004156880895607,0.0,0.9983788728713988,0.0004780413000844,0.0007066697580739,0.000436472473666,0.0,0.9982749223709106,0.0006858853157609,0.0007066697580739,0.0003325504658278,0.0,0.9985243678092957,0.0005403945106081,0.0006443165475502,0.0002909816685132,0.0,0.9985451102256776,0.0005819633370265,0.0006235321052372,0.0002494128420948,0.0,0.9981710314750672,0.0008313761791214,0.0006443165475502,0.0003533348790369,0.0,0.998441219329834,0.0006235321052372,0.0005819633370265,0.0003533348790369,0.0,0.999023139476776,0.0003741192631423,0.0003117660526186,0.0002909816685132,0.0,0.9985243678092957,0.0006443165475502,0.0005403945106081,0.0002909816685132,0.0,0.9983996152877808,0.0007066697580739,0.0006235321052372,0.000270197255304,0.0,0.9976929426193236,0.0009768670424818,0.0009145137737505,0.0004156880895607,0.0,0.9986906051635742,0.0004988256841897,0.0003949036763515,0.0004156880895607,0.0,0.998129427433014,0.0007690229685977,0.0006858853157609,0.0004156880895607,0.0,0.9978384375572203,0.0008313761791214,0.000789807352703,0.0005403945106081,0.0,0.9984827637672424,0.0006858853157609,0.0006235321052372,0.0002078440447803,0.0,0.998441219329834,0.0007066697580739,0.0006235321052372,0.0002286284434376,0.0,0.997734546661377,0.0009768670424818,0.0008937293896451,0.0003949036763515,0.0,0.9983580708503723,0.0005819633370265365,0.0006651009316556156,0.00039490367635153234,0.0
10,0.999667465686798,0.0,0.0,0.0003325504658278,0.0,0.9997714161872864,0.0,0.0,0.0002286284434376,0.0,0.9997298121452332,0.0,0.0,0.000270197255304,0.0,0.9997506141662598,0.0,0.0,0.0002494128420948,0.0,0.9997506141662598,0.0,0.0,0.0002494128420948,0.0,0.9997506141662598,0.0,0.0,0.0002494128420948,0.0,0.9997714161872864,0.0,0.0,0.0002286284434376,0.0,0.9998337626457214,0.0,0.0,0.0001662752329139,0.0,0.9995635747909546,0.0,0.0,0.000436472473666,0.0,0.9997298121452332,0.0,0.0,0.000270197255304,0.0,0.999792218208313,0.0,0.0,0.0002078440447803,0.0,0.9997506141662598,0.0,0.0,0.0002494128420948,0.0,0.9996882677078248,0.0,0.0,0.0003117660526186,0.0,0.9997506141662598,0.0,0.0,0.0002494128420948,0.0,0.9997714161872864,0.0,0.0,0.0002286284434376,0.0,0.9998129606246948,0.0,0.0,0.0001870596315711,0.0,0.9997506141662598,0.0,0.0,0.0002494128420948,0.0,0.9996882677078248,0.0,0.0,0.0003117660526186,0.0,0.9998129606246948,0.0,0.0,0.0001870596315711,0.0,0.9997714161872864,0.0,0.0,0.0002286284434376,0.0,0.9997714161872864,0.0,0.0,0.0002286284434376,0.0,0.9997506141662598,0.0,0.0,0.0002494128420948,0.0,0.9997714161872864,0.0,0.0,0.0002286284434376,0.0,0.9998129606246948,0.0,0.0,0.0001870596315711,0.0,0.9995635747909546,0.0,0.0,0.000436472473666,0.0,0.9997090697288512,0.0,0.0,0.0002909816685132,0.0,0.9997298121452332,0.0,0.0,0.000270197255304,0.0,0.999792218208313,0.0,0.0,0.0002078440447803,0.0,0.9998129606246948,0.0,0.0,0.0001870596315711,0.0,0.9997298121452332,0.0,0.0,0.000270197255304,0.0,0.998129427433014,0.0009768670424818,0.0004988256841897,0.0003949036763515,0.0,0.9978176951408386,0.0010600045789033,0.0006027477211318,0.0005196101265028,0.0,0.9979423880577089,0.0009976513683795,0.0006651009316556,0.0003949036763515,0.0,0.9974435567855836,0.0012886330951005,0.0007066697580739,0.0005611788947135,0.0,0.998565912246704,0.0006235321052372,0.0004780413000844,0.0003325504658278,0.0,0.998441219329834,0.0006651009316556,0.0005611788947135,0.0003325504658278,0.0,0.9982125759124756,0.0009352981578558,0.0005611788947135,0.0002909816685132,0.0,0.9978384375572203,0.0008729449473321,0.0008105917368084,0.0004780413000844,0.0,0.9967992305755616,0.0015796147054061,0.0010600045789033,0.0005611788947135,0.0,0.9988569021224976,0.0004156880895607,0.0004572568868752,0.000270197255304,0.0,0.9983996152877808,0.0008313761791214,0.0004780413000844,0.0002909816685132,0.0,0.9978384375572203,0.0011015734635293,0.0006235321052372,0.000436472473666,0.0,0.998898446559906,0.0002909816685132,0.0003949036763515,0.0004156880895607,0.0,0.9980255365371704,0.0008313761791214,0.0006235321052372,0.0005196101265028,0.0,0.9978384375572203,0.0010807890212163,0.0006651009316556,0.0004156880895607,0.0,0.9982125759124756,0.0007066697580739,0.0007066697580739,0.0003741192631423,0.0,0.998316526412964,0.0007690229685977,0.0004988256841897,0.0004156880895607,0.0,0.9978592395782472,0.0010600045789033,0.0005403945106081,0.0005403945106081,0.0,0.9980670809745787,0.0009145137737505,0.0006027477211318,0.0004156880895607,0.0,0.9989192485809326,0.0004572568868752,0.0002286284434376,0.0003949036763515,0.0,0.9983372688293456,0.0007274541421793,0.0005196101265028,0.0004156880895607,0.0,0.9980878829956056,0.0009560826001688,0.0006235321052372,0.0003325504658278,0.0,0.9973188638687134,0.0011847109999507,0.0009560826001688,0.0005403945106081,0.0,0.9984619617462158,0.0006443165475502,0.0004780413000844,0.0004156880895607,0.0,0.9977137446403505,0.0010807890212163,0.0006858853157609,0.0005196101265028,0.0,0.9973188638687134,0.0011847109999507,0.0008313761791214,0.0006651009316556,0.0,0.998129427433014,0.0009352981578558,0.0006027477211318,0.0003325504658278,0.0,0.998129427433014,0.0009145137737505,0.0006443165475502,0.0003117660526186,0.0,0.9972565174102784,0.0012470642104744,0.0009976513683795,0.0004988256841897,0.0,0.9981086254119873,0.0007482385262846947,0.000644316547550261,0.0004988256841897964,0.0
11,0.999667465686798,0.0,0.0,0.0003325504658278,0.0,0.9997714161872864,0.0,0.0,0.0002286284434376,0.0,0.9997298121452332,0.0,0.0,0.000270197255304,0.0,0.9997506141662598,0.0,0.0,0.0002494128420948,0.0,0.9997506141662598,0.0,0.0,0.0002494128420948,0.0,0.9997506141662598,0.0,0.0,0.0002494128420948,0.0,0.9997714161872864,0.0,0.0,0.0002286284434376,0.0,0.9998337626457214,0.0,0.0,0.0001662752329139,0.0,0.9995635747909546,0.0,0.0,0.000436472473666,0.0,0.9997298121452332,0.0,0.0,0.000270197255304,0.0,0.999792218208313,0.0,0.0,0.0002078440447803,0.0,0.9997506141662598,0.0,0.0,0.0002494128420948,0.0,0.9996882677078248,0.0,0.0,0.0003117660526186,0.0,0.9997506141662598,0.0,0.0,0.0002494128420948,0.0,0.9997714161872864,0.0,0.0,0.0002286284434376,0.0,0.9998129606246948,0.0,0.0,0.0001870596315711,0.0,0.9997506141662598,0.0,0.0,0.0002494128420948,0.0,0.9996882677078248,0.0,0.0,0.0003117660526186,0.0,0.9998129606246948,0.0,0.0,0.0001870596315711,0.0,0.9997714161872864,0.0,0.0,0.0002286284434376,0.0,0.9997714161872864,0.0,0.0,0.0002286284434376,0.0,0.9997506141662598,0.0,0.0,0.0002494128420948,0.0,0.9997714161872864,0.0,0.0,0.0002286284434376,0.0,0.9998129606246948,0.0,0.0,0.0001870596315711,0.0,0.9995635747909546,0.0,0.0,0.000436472473666,0.0,0.9997090697288512,0.0,0.0,0.0002909816685132,0.0,0.9997298121452332,0.0,0.0,0.000270197255304,0.0,0.999792218208313,0.0,0.0,0.0002078440447803,0.0,0.9998129606246948,0.0,0.0,0.0001870596315711,0.0,0.9997298121452332,0.0,0.0,0.000270197255304,0.0,0.9980255365371704,0.0008521605632267,0.0006027477211318,0.0005196101265028,0.0,0.997672200202942,0.0009976513683795,0.0006651009316556,0.0006651009316556,0.0,0.997734546661377,0.0009560826001688,0.0008105917368084,0.0004988256841897,0.0,0.9971110224723816,0.0013302018633112,0.0007690229685977,0.000789807352703,0.0,0.9983372688293456,0.0008313761791214,0.0004780413000844,0.0003533348790369,0.0,0.9979839324951172,0.0010392202530056,0.0006027477211318,0.0003741192631423,0.0,0.9979423880577089,0.0009768670424818,0.0006858853157609,0.0003949036763515,0.0,0.997485101222992,0.0011015734635293,0.0008105917368084,0.0006027477211318,0.0,0.9961549043655396,0.0019745184108614,0.001163926674053,0.0007066697580739,0.0,0.998773753643036,0.0003741192631423,0.0004156880895607,0.000436472473666,0.0,0.9981502294540404,0.0009352981578558,0.0005403945106081,0.0003741192631423,0.0,0.9974435567855836,0.0010807890212163,0.0007690229685977,0.0007066697580739,0.0,0.9988152980804444,0.0002909816685132,0.0002909816685132,0.0006027477211318,0.0,0.9977760910987854,0.0010184358106926,0.0006443165475502,0.0005611788947135,0.0,0.9973812103271484,0.0012886330951005,0.0007274541421793,0.0006027477211318,0.0,0.9977553486824036,0.0010392202530056,0.0006651009316556,0.0005403945106081,0.0,0.9980047345161438,0.0008937293896451,0.0006027477211318,0.0004988256841897,0.0,0.9976929426193236,0.0010807890212163,0.0005611788947135,0.0006651009316556,0.0,0.9978592395782472,0.0010392202530056,0.0006443165475502,0.0004572568868752,0.0,0.9988569021224976,0.0003741192631423,0.0003117660526186,0.0004572568868752,0.0,0.9981710314750672,0.0007482385262846,0.0006027477211318,0.0004780413000844,0.0,0.997796893119812,0.0011015734635293,0.0005196101265028,0.0005819633370265,0.0,0.9965498447418212,0.0016419679159298,0.0010600045789033,0.0007482385262846,0.0,0.9983372688293456,0.0005611788947135,0.0005611788947135,0.0005403945106081,0.0,0.997485101222992,0.00114314223174,0.0007482385262846,0.0006235321052372,0.0,0.9970070719718932,0.0013925550738349,0.0008313761791214,0.0007690229685977,0.0,0.9978592395782472,0.0009560826001688,0.0008313761791214,0.0003533348790369,0.0,0.997672200202942,0.0012678486527875,0.0005403945106081,0.0005196101265028,0.0,0.9966329336166382,0.0017458898946642,0.0009560826001688,0.0006651009316556,0.0,0.9978176951408386,0.0008937293896451592,0.0006858853157609701,0.000602747721131891,0.0
12,0.999667465686798,0.0,0.0,0.0003325504658278,0.0,0.9997714161872864,0.0,0.0,0.0002286284434376,0.0,0.9997298121452332,0.0,0.0,0.000270197255304,0.0,0.9997506141662598,0.0,0.0,0.0002494128420948,0.0,0.9997506141662598,0.0,0.0,0.0002494128420948,0.0,0.9997506141662598,0.0,0.0,0.0002494128420948,0.0,0.9997714161872864,0.0,0.0,0.0002286284434376,0.0,0.9998337626457214,0.0,0.0,0.0001662752329139,0.0,0.9995635747909546,0.0,0.0,0.000436472473666,0.0,0.9997298121452332,0.0,0.0,0.000270197255304,0.0,0.999792218208313,0.0,0.0,0.0002078440447803,0.0,0.9997506141662598,0.0,0.0,0.0002494128420948,0.0,0.9996882677078248,0.0,0.0,0.0003117660526186,0.0,0.9997506141662598,0.0,0.0,0.0002494128420948,0.0,0.9997714161872864,0.0,0.0,0.0002286284434376,0.0,0.9998129606246948,0.0,0.0,0.0001870596315711,0.0,0.9997506141662598,0.0,0.0,0.0002494128420948,0.0,0.9996882677078248,0.0,0.0,0.0003117660526186,0.0,0.9998129606246948,0.0,0.0,0.0001870596315711,0.0,0.9997714161872864,0.0,0.0,0.0002286284434376,0.0,0.9997714161872864,0.0,0.0,0.0002286284434376,0.0,0.9997506141662598,0.0,0.0,0.0002494128420948,0.0,0.9997714161872864,0.0,0.0,0.0002286284434376,0.0,0.9998129606246948,0.0,0.0,0.0001870596315711,0.0,0.9995635747909546,0.0,0.0,0.000436472473666,0.0,0.9997090697288512,0.0,0.0,0.0002909816685132,0.0,0.9997298121452332,0.0,0.0,0.000270197255304,0.0,0.999792218208313,0.0,0.0,0.0002078440447803,0.0,0.9998129606246948,0.0,0.0,0.0001870596315711,0.0,0.9997298121452332,0.0,0.0,0.000270197255304,0.0,0.9977760910987854,0.0009560826001688,0.0006651009316556,0.0006027477211318,0.0,0.9974435567855836,0.0009352981578558,0.0008313761791214,0.000789807352703,0.0,0.9975059032440186,0.0010600045789033,0.0007690229685977,0.0006651009316556,0.0,0.9967160820961,0.0013925550738349,0.0009560826001688,0.0009352981578558,0.0,0.9982333779335022,0.0007274541421793,0.0005196101265028,0.0005196101265028,0.0,0.9977137446403505,0.0011015734635293,0.0006235321052372,0.0005611788947135,0.0,0.997485101222992,0.0012678486527875,0.0007690229685977,0.0004780413000844,0.0,0.9969655275344848,0.0013302018633112,0.0008105917368084,0.0008937293896451,0.0,0.9956768751144408,0.0020784405060112,0.0012262798845767,0.0010184358106926,0.0,0.9986282587051392,0.0004572568868752,0.0003949036763515,0.0005196101265028,0.0,0.9978176951408386,0.0010184358106926,0.0006858853157609,0.0004780413000844,0.0,0.997090220451355,0.001163926674053,0.0009976513683795,0.0007482385262846,0.0,0.9986490607261658,0.0003949036763515,0.0002909816685132,0.0006651009316556,0.0,0.9976098537445068,0.0009352981578558,0.0007066697580739,0.0007482385262846,0.0,0.997090220451355,0.0013094174209982,0.0008729449473321,0.0007274541421793,0.0,0.997485101222992,0.0012054954422637,0.0006651009316556,0.0006443165475502,0.0,0.9978384375572203,0.0008521605632267,0.0007066697580739,0.0006027477211318,0.0,0.9975059032440186,0.0009560826001688,0.0006651009316556,0.0008729449473321,0.0,0.997547447681427,0.001122357789427,0.0008313761791214,0.0004988256841897,0.0,0.9987529516220092,0.0003533348790369,0.0004156880895607,0.0004780413000844,0.0,0.9979007840156556,0.0007274541421793,0.0007066697580739,0.0006651009316556,0.0,0.9976929426193236,0.0009768670424818,0.0006651009316556,0.0006651009316556,0.0,0.9962588548660278,0.0017666743369773,0.0008937293896451,0.0010807890212163,0.0,0.998191773891449,0.0005819633370265,0.0006027477211318,0.0006235321052372,0.0,0.9971110224723816,0.0012678486527875,0.0008729449473321,0.0007482385262846,0.0,0.9966745376586914,0.0014756927266716,0.0008937293896451,0.0009560826001688,0.0,0.9972565174102784,0.0013509863056242,0.000789807352703,0.0006027477211318,0.0,0.9972980618476868,0.0014964770525693,0.0006027477211318,0.0006027477211318,0.0,0.995863914489746,0.0021615780424326,0.0009976513683795,0.0009768670424818,0.0,0.997402012348175,0.001163926674053073,0.0007898073527030647,0.000644316547550261,0.0
13,0.999667465686798,0.0,0.0,0.0003325504658278,0.0,0.9997714161872864,0.0,0.0,0.0002286284434376,0.0,0.9997298121452332,0.0,0.0,0.000270197255304,0.0,0.9997506141662598,0.0,0.0,0.0002494128420948,0.0,0.9997506141662598,0.0,0.0,0.0002494128420948,0.0,0.9997506141662598,0.0,0.0,0.0002494128420948,0.0,0.9997714161872864,0.0,0.0,0.0002286284434376,0.0,0.9998337626457214,0.0,0.0,0.0001662752329139,0.0,0.9995635747909546,0.0,0.0,0.000436472473666,0.0,0.9997298121452332,0.0,0.0,0.000270197255304,0.0,0.999792218208313,0.0,0.0,0.0002078440447803,0.0,0.9997506141662598,0.0,0.0,0.0002494128420948,0.0,0.9996882677078248,0.0,0.0,0.0003117660526186,0.0,0.9997506141662598,0.0,0.0,0.0002494128420948,0.0,0.9997714161872864,0.0,0.0,0.0002286284434376,0.0,0.9998129606246948,0.0,0.0,0.0001870596315711,0.0,0.9997506141662598,0.0,0.0,0.0002494128420948,0.0,0.9996882677078248,0.0,0.0,0.0003117660526186,0.0,0.9998129606246948,0.0,0.0,0.0001870596315711,0.0,0.9997714161872864,0.0,0.0,0.0002286284434376,0.0,0.9997714161872864,0.0,0.0,0.0002286284434376,0.0,0.9997506141662598,0.0,0.0,0.0002494128420948,0.0,0.9997714161872864,0.0,0.0,0.0002286284434376,0.0,0.9998129606246948,0.0,0.0,0.0001870596315711,0.0,0.9995635747909546,0.0,0.0,0.000436472473666,0.0,0.9997090697288512,0.0,0.0,0.0002909816685132,0.0,0.9997298121452332,0.0,0.0,0.000270197255304,0.0,0.999792218208313,0.0,0.0,0.0002078440447803,0.0,0.9998129606246948,0.0,0.0,0.0001870596315711,0.0,0.9997298121452332,0.0,0.0,0.000270197255304,0.0,0.9975059032440186,0.0009352981578558,0.000789807352703,0.0007690229685977,0.0,0.9970486760139464,0.0011015734635293,0.0009560826001688,0.0008937293896451,0.0,0.99702787399292,0.0012262798845767,0.0010184358106926,0.0007274541421793,0.0,0.995926320552826,0.0018705963157117,0.00114314223174,0.0010600045789033,0.0,0.9980462789535522,0.0006858853157609,0.0006858853157609,0.0005819633370265,0.0,0.9974435567855836,0.0011847109999507,0.0006858853157609,0.0006858853157609,0.0,0.99702787399292,0.0015588302630931,0.000789807352703,0.0006235321052372,0.0,0.996508240699768,0.0015380459371954,0.0008937293896451,0.0010600045789033,0.0,0.9951364994049072,0.0020784405060112,0.0014549082843586,0.0013302018633112,0.0,0.9984619617462158,0.0005611788947135,0.0003117660526186,0.0006651009316556,0.0,0.9974227547645568,0.00114314223174,0.0008521605632267,0.0005819633370265,0.0,0.9967368841171264,0.0014133395161479,0.0009976513683795,0.0008521605632267,0.0,0.9985243678092957,0.0004780413000844,0.0002909816685132,0.0007066697580739,0.0,0.9974227547645568,0.0009560826001688,0.0006443165475502,0.0009768670424818,0.0,0.9967160820961,0.0015588302630931,0.0008937293896451,0.0008313761791214,0.0,0.9971941113471984,0.0013302018633112,0.0006651009316556,0.0008105917368084,0.0,0.9975059032440186,0.0010392202530056,0.0007274541421793,0.0007274541421793,0.0,0.9973188638687134,0.0008521605632267,0.0008729449473321,0.0009560826001688,0.0,0.9970070719718932,0.0014341238420456,0.0009560826001688,0.0006027477211318,0.0,0.9986698627471924,0.0003533348790369,0.0004572568868752,0.0005196101265028,0.0,0.997402012348175,0.001122357789427,0.0007482385262846,0.0007274541421793,0.0,0.9972565174102784,0.00114314223174,0.0008313761791214,0.0007690229685977,0.0,0.995988667011261,0.0017043211264535,0.001163926674053,0.00114314223174,0.0,0.9980255365371704,0.0006651009316556,0.0006027477211318,0.0007066697580739,0.0,0.9967576861381532,0.0013717706315219,0.0009145137737505,0.0009560826001688,0.0,0.9961757063865662,0.0016627523582428,0.0010807890212163,0.0010807890212163,0.0,0.996695339679718,0.0017874587792903,0.0008729449473321,0.0006443165475502,0.0,0.9969031810760498,0.0015380459371954,0.0007690229685977,0.000789807352703,0.0,0.9951572418212892,0.002577266190201,0.00114314223174,0.001122357789427,0.0,0.9970070719718933,0.0013509863056242466,0.0007898073527030647,0.0008521605632267892,0.0
14,0.999667465686798,0.0,0.0,0.0003325504658278,0.0,0.9997714161872864,0.0,0.0,0.0002286284434376,0.0,0.9997298121452332,0.0,0.0,0.000270197255304,0.0,0.9997506141662598,0.0,0.0,0.0002494128420948,0.0,0.9997506141662598,0.0,0.0,0.0002494128420948,0.0,0.9997506141662598,0.0,0.0,0.0002494128420948,0.0,0.9997714161872864,0.0,0.0,0.0002286284434376,0.0,0.9998337626457214,0.0,0.0,0.0001662752329139,0.0,0.9995635747909546,0.0,0.0,0.000436472473666,0.0,0.9997298121452332,0.0,0.0,0.000270197255304,0.0,0.999792218208313,0.0,0.0,0.0002078440447803,0.0,0.9997506141662598,0.0,0.0,0.0002494128420948,0.0,0.9996882677078248,0.0,0.0,0.0003117660526186,0.0,0.9997506141662598,0.0,0.0,0.0002494128420948,0.0,0.9997714161872864,0.0,0.0,0.0002286284434376,0.0,0.9998129606246948,0.0,0.0,0.0001870596315711,0.0,0.9997506141662598,0.0,0.0,0.0002494128420948,0.0,0.9996882677078248,0.0,0.0,0.0003117660526186,0.0,0.9998129606246948,0.0,0.0,0.0001870596315711,0.0,0.9997714161872864,0.0,0.0,0.0002286284434376,0.0,0.9997714161872864,0.0,0.0,0.0002286284434376,0.0,0.9997506141662598,0.0,0.0,0.0002494128420948,0.0,0.9997714161872864,0.0,0.0,0.0002286284434376,0.0,0.9998129606246948,0.0,0.0,0.0001870596315711,0.0,0.9995635747909546,0.0,0.0,0.000436472473666,0.0,0.9997090697288512,0.0,0.0,0.0002909816685132,0.0,0.9997298121452332,0.0,0.0,0.000270197255304,0.0,0.999792218208313,0.0,0.0,0.0002078440447803,0.0,0.9998129606246948,0.0,0.0,0.0001870596315711,0.0,0.9997298121452332,0.0,0.0,0.000270197255304,0.0,0.9970070719718932,0.001122357789427,0.0009976513683795,0.0008729449473321,0.0,0.9965290427207948,0.0012886330951005,0.00114314223174,0.0010392202530056,0.0,0.9964250922203064,0.0015172614948824,0.001122357789427,0.0009352981578558,0.0,0.9953027367591858,0.0021407937165349,0.0013094174209982,0.0012470642104744,0.0,0.9975890517234802,0.0009768670424818,0.0006858853157609,0.0007482385262846,0.0,0.9970070719718932,0.0014341238420456,0.0007066697580739,0.0008521605632267,0.0,0.9964043498039246,0.001808243105188,0.0009560826001688,0.0008313761791214,0.0,0.9957808256149292,0.0020576559472829,0.0010184358106926,0.00114314223174,0.0,0.9939517974853516,0.0028474633581936,0.0017043211264535,0.0014964770525693,0.0,0.9981710314750672,0.0006858853157609,0.0004572568868752,0.0006858853157609,0.0,0.9966537356376648,0.0017458898946642,0.0008937293896451,0.0007066697580739,0.0,0.996071755886078,0.0017666743369773,0.001163926674053,0.0009976513683795,0.0,0.998316526412964,0.0005819633370265,0.0003117660526186,0.000789807352703,0.0,0.9969031810760498,0.001122357789427,0.0008313761791214,0.00114314223174,0.0,0.995739221572876,0.0020992248319089,0.001122357789427,0.0010392202530056,0.0,0.9968615770339966,0.0013509863056242,0.0008521605632267,0.0009352981578558,0.0,0.9969655275344848,0.0013509863056242,0.0008105917368084,0.0008729449473321,0.0,0.9967160820961,0.00114314223174,0.00114314223174,0.0009976513683795,0.0,0.9966121912002563,0.0014549082843586,0.0009976513683795,0.0009352981578558,0.0,0.9983372688293456,0.0005819633370265,0.0004780413000844,0.0006027477211318,0.0,0.99702787399292,0.0013094174209982,0.0008313761791214,0.0008313761791214,0.0,0.9967160820961,0.0013717706315219,0.0010184358106926,0.0008937293896451,0.0,0.9952196478843688,0.0020992248319089,0.0013509863056242,0.0013302018633112,0.0,0.9977137446403505,0.0007482385262846,0.0007274541421793,0.0008105917368084,0.0,0.9963212013244628,0.0013925550738349,0.0011847109999507,0.0011015734635293,0.0,0.9955105781555176,0.001808243105188,0.0013509863056242,0.0013302018633112,0.0,0.996071755886078,0.0020576559472829,0.0010392202530056,0.0008313761791214,0.0,0.9962380528450012,0.0018913807580247,0.0010184358106926,0.0008521605632267,0.0,0.9943466782569884,0.0029098165687173,0.0014549082843586,0.0012886330951005,0.0,0.9964043498039246,0.0017043211264535785,0.0008313761791214347,0.0010600045789033175,0.0
15,0.999667465686798,0.0,0.0,0.0003325504658278,0.0,0.9997714161872864,0.0,0.0,0.0002286284434376,0.0,0.9997298121452332,0.0,0.0,0.000270197255304,0.0,0.9997506141662598,0.0,0.0,0.0002494128420948,0.0,0.9997506141662598,0.0,0.0,0.0002494128420948,0.0,0.9997506141662598,0.0,0.0,0.0002494128420948,0.0,0.9997714161872864,0.0,0.0,0.0002286284434376,0.0,0.9998337626457214,0.0,0.0,0.0001662752329139,0.0,0.9995635747909546,0.0,0.0,0.000436472473666,0.0,0.9997298121452332,0.0,0.0,0.000270197255304,0.0,0.999792218208313,0.0,0.0,0.0002078440447803,0.0,0.9997506141662598,0.0,0.0,0.0002494128420948,0.0,0.9996882677078248,0.0,0.0,0.0003117660526186,0.0,0.9997506141662598,0.0,0.0,0.0002494128420948,0.0,0.9997714161872864,0.0,0.0,0.0002286284434376,0.0,0.9998129606246948,0.0,0.0,0.0001870596315711,0.0,0.9997506141662598,0.0,0.0,0.0002494128420948,0.0,0.9996882677078248,0.0,0.0,0.0003117660526186,0.0,0.9998129606246948,0.0,0.0,0.0001870596315711,0.0,0.9997714161872864,0.0,0.0,0.0002286284434376,0.0,0.9997714161872864,0.0,0.0,0.0002286284434376,0.0,0.9997506141662598,0.0,0.0,0.0002494128420948,0.0,0.9997714161872864,0.0,0.0,0.0002286284434376,0.0,0.9998129606246948,0.0,0.0,0.0001870596315711,0.0,0.9995635747909546,0.0,0.0,0.000436472473666,0.0,0.9997090697288512,0.0,0.0,0.0002909816685132,0.0,0.9997298121452332,0.0,0.0,0.000270197255304,0.0,0.999792218208313,0.0,0.0,0.0002078440447803,0.0,0.9998129606246948,0.0,0.0,0.0001870596315711,0.0,0.9997298121452332,0.0,0.0,0.000270197255304,0.0,0.9966121912002563,0.0014133395161479,0.0010807890212163,0.0008937293896451,0.0,0.9960302114486694,0.0016419679159298,0.0012054954422637,0.001122357789427,0.0,0.9958847165107728,0.001849811989814,0.0012054954422637,0.0010600045789033,0.0,0.9942219853401184,0.0028890322428196,0.0016211834736168,0.0012678486527875,0.0,0.9971317648887634,0.0012054954422637,0.0008521605632267,0.0008105917368084,0.0,0.9967576861381532,0.0012262798845767,0.001122357789427,0.0008937293896451,0.0,0.9958223700523376,0.0021200091578066,0.0012054954422637,0.0008521605632267,0.0,0.994970202445984,0.0025149129796773,0.0012262798845767,0.0012886330951005,0.0,0.992829442024231,0.0033255047164857,0.0022239312529563,0.0016211834736168,0.0,0.9979839324951172,0.000789807352703,0.0004988256841897,0.0007274541421793,0.0,0.9961757063865662,0.0019745184108614,0.0010807890212163,0.0007690229685977,0.0,0.9953027367591858,0.0021407937165349,0.0014964770525693,0.0010600045789033,0.0,0.9980255365371704,0.000789807352703,0.0003741192631423,0.0008105917368084,0.0,0.9965498447418212,0.0012262798845767,0.0010807890212163,0.00114314223174,0.0,0.9951572418212892,0.0022239312529563,0.0015380459371954,0.0010807890212163,0.0,0.9963420033454896,0.0014133395161479,0.001163926674053,0.0010807890212163,0.0,0.9965705871582032,0.0014341238420456,0.0010807890212163,0.0009145137737505,0.0,0.9962172508239746,0.0014756927266716,0.0012262798845767,0.0010807890212163,0.0,0.9958431720733644,0.0020160872954875,0.001122357789427,0.0010184358106926,0.0,0.9980670809745787,0.000789807352703,0.0005196101265028,0.0006235321052372,0.0,0.996445894241333,0.0017251055687665,0.0008937293896451,0.0009352981578558,0.0,0.9962172508239746,0.0015796147054061,0.0012470642104744,0.0009560826001688,0.0,0.99430513381958,0.002244715578854,0.0019537340849637,0.0014964770525693,0.0,0.9973604083061218,0.0009768670424818,0.0007690229685977,0.0008937293896451,0.0,0.9955313801765442,0.0019537340849637,0.0013094174209982,0.0012054954422637,0.0,0.9946168661117554,0.0023902065586298,0.0014964770525693,0.0014964770525693,0.0,0.995344340801239,0.0025149129796773,0.0012054954422637,0.0009352981578558,0.0,0.9956768751144408,0.0019953027367591,0.0013717706315219,0.0009560826001688,0.0,0.9929333329200744,0.003699623979628,0.0018705963157117,0.0014964770525693,0.0,0.9958639144897461,0.0019537340849637985,0.0010392202530056238,0.0011431422317400575,0.0
16,0.999667465686798,0.0,0.0,0.0003325504658278,0.0,0.9997714161872864,0.0,0.0,0.0002286284434376,0.0,0.9997298121452332,0.0,0.0,0.000270197255304,0.0,0.9997506141662598,0.0,0.0,0.0002494128420948,0.0,0.9997506141662598,0.0,0.0,0.0002494128420948,0.0,0.9997506141662598,0.0,0.0,0.0002494128420948,0.0,0.9997714161872864,0.0,0.0,0.0002286284434376,0.0,0.9998337626457214,0.0,0.0,0.0001662752329139,0.0,0.9995635747909546,0.0,0.0,0.000436472473666,0.0,0.9997298121452332,0.0,0.0,0.000270197255304,0.0,0.999792218208313,0.0,0.0,0.0002078440447803,0.0,0.9997506141662598,0.0,0.0,0.0002494128420948,0.0,0.9996882677078248,0.0,0.0,0.0003117660526186,0.0,0.9997506141662598,0.0,0.0,0.0002494128420948,0.0,0.9997714161872864,0.0,0.0,0.0002286284434376,0.0,0.9998129606246948,0.0,0.0,0.0001870596315711,0.0,0.9997506141662598,0.0,0.0,0.0002494128420948,0.0,0.9996882677078248,0.0,0.0,0.0003117660526186,0.0,0.9998129606246948,0.0,0.0,0.0001870596315711,0.0,0.9997714161872864,0.0,0.0,0.0002286284434376,0.0,0.9997714161872864,0.0,0.0,0.0002286284434376,0.0,0.9997506141662598,0.0,0.0,0.0002494128420948,0.0,0.9997714161872864,0.0,0.0,0.0002286284434376,0.0,0.9998129606246948,0.0,0.0,0.0001870596315711,0.0,0.9995635747909546,0.0,0.0,0.000436472473666,0.0,0.9997090697288512,0.0,0.0,0.0002909816685132,0.0,0.9997298121452332,0.0,0.0,0.000270197255304,0.0,0.999792218208313,0.0,0.0,0.0002078440447803,0.0,0.9998129606246948,0.0,0.0,0.0001870596315711,0.0,0.9997298121452332,0.0,0.0,0.000270197255304,0.0,0.9960094094276428,0.0017666743369773,0.0011015734635293,0.001122357789427,0.0,0.995344340801239,0.0020992248319089,0.0012262798845767,0.0013302018633112,0.0,0.995032548904419,0.0024733440950512,0.0011847109999507,0.0013094174209982,0.0,0.9927878379821776,0.0039282524958252,0.0017251055687665,0.0015588302630931,0.0,0.996695339679718,0.0015380459371954,0.0009352981578558,0.0008313761791214,0.0,0.9961549043655396,0.0015588302630931,0.0013094174209982,0.0009768670424818,0.0,0.9953235387802124,0.0021615780424326,0.0014341238420456,0.0010807890212163,0.0,0.9940556883811952,0.0029098165687173,0.0016211834736168,0.0014133395161479,0.0,0.990896463394165,0.0047804131172597,0.0024525597691535,0.0018705963157117,0.0,0.9977553486824036,0.0008729449473321,0.0005196101265028,0.0008521605632267,0.0,0.9954690337181092,0.0023486376740038,0.0012678486527875,0.0009145137737505,0.0,0.9940972924232484,0.0029929541051387,0.0014341238420456,0.0014756927266716,0.0,0.9977553486824036,0.0008937293896451,0.0004572568868752,0.0008937293896451,0.0,0.995988667011261,0.0016211834736168,0.0011847109999507,0.0012054954422637,0.0,0.9944298267364502,0.0026604037266224,0.0015796147054061,0.0013302018633112,0.0,0.9954274892807008,0.0020576559472829,0.0013094174209982,0.0012054954422637,0.0,0.9961757063865662,0.0016627523582428,0.0010600045789033,0.0011015734635293,0.0,0.9954898357391356,0.0020160872954875,0.0012678486527875,0.0012262798845767,0.0,0.995032548904419,0.0025149129796773,0.0013509863056242,0.0011015734635293,0.0,0.9977760910987854,0.0009768670424818,0.0004780413000844,0.0007690229685977,0.0,0.995988667011261,0.0019121652003377,0.0010184358106926,0.0010807890212163,0.0,0.9953651428222656,0.0023278533481061,0.0012054954422637,0.0011015734635293,0.0,0.9930788278579712,0.0031800137367099,0.0019329495262354,0.001808243105188,0.0,0.9967992305755616,0.0013925550738349,0.0007066697580739,0.0011015734635293,0.0,0.9946792125701904,0.0024317752104252,0.0015172614948824,0.0013717706315219,0.0,0.9937231540679932,0.0029513854533433,0.0017251055687665,0.0016003991477191,0.0,0.994637668132782,0.0026188348419964,0.0015588302630931,0.0011847109999507,0.0,0.994637668132782,0.0026604037266224,0.0016419679159298,0.0010600045789033,0.0,0.991935670375824,0.0039282524958252,0.0025149129796773,0.0016211834736168,0.0,0.9953027367591858,0.0020992248319089413,0.0013094174209982157,0.001288633095100522,0.0
17,0.999667465686798,0.0,0.0,0.0003325504658278,0.0,0.9997714161872864,0.0,0.0,0.0002286284434376,0.0,0.9997298121452332,0.0,0.0,0.000270197255304,0.0,0.9997506141662598,0.0,0.0,0.0002494128420948,0.0,0.9997506141662598,0.0,0.0,0.0002494128420948,0.0,0.9997506141662598,0.0,0.0,0.0002494128420948,0.0,0.9997714161872864,0.0,0.0,0.0002286284434376,0.0,0.9998337626457214,0.0,0.0,0.0001662752329139,0.0,0.9995635747909546,0.0,0.0,0.000436472473666,0.0,0.9997298121452332,0.0,0.0,0.000270197255304,0.0,0.999792218208313,0.0,0.0,0.0002078440447803,0.0,0.9997506141662598,0.0,0.0,0.0002494128420948,0.0,0.9996882677078248,0.0,0.0,0.0003117660526186,0.0,0.9997506141662598,0.0,0.0,0.0002494128420948,0.0,0.9997714161872864,0.0,0.0,0.0002286284434376,0.0,0.9998129606246948,0.0,0.0,0.0001870596315711,0.0,0.9997506141662598,0.0,0.0,0.0002494128420948,0.0,0.9996882677078248,0.0,0.0,0.0003117660526186,0.0,0.9998129606246948,0.0,0.0,0.0001870596315711,0.0,0.9997714161872864,0.0,0.0,0.0002286284434376,0.0,0.9997714161872864,0.0,0.0,0.0002286284434376,0.0,0.9997506141662598,0.0,0.0,0.0002494128420948,0.0,0.9997714161872864,0.0,0.0,0.0002286284434376,0.0,0.9998129606246948,0.0,0.0,0.0001870596315711,0.0,0.9995635747909546,0.0,0.0,0.000436472473666,0.0,0.9997090697288512,0.0,0.0,0.0002909816685132,0.0,0.9997298121452332,0.0,0.0,0.000270197255304,0.0,0.999792218208313,0.0,0.0,0.0002078440447803,0.0,0.9998129606246948,0.0,0.0,0.0001870596315711,0.0,0.9997298121452332,0.0,0.0,0.000270197255304,0.0,0.9953027367591858,0.0022031469270586,0.0012262798845767,0.0012678486527875,0.0,0.994388222694397,0.0026604037266224,0.0013302018633112,0.0016211834736168,0.0,0.9941596388816832,0.0028682476840913,0.0015380459371954,0.0014341238420456,0.0,0.991540789604187,0.0043855090625584,0.0021823623683303,0.0018913807580247,0.0,0.9962172508239746,0.001829027547501,0.0009145137737505,0.0010392202530056,0.0,0.9955105781555176,0.0019329495262354,0.0013717706315219,0.0011847109999507,0.0,0.994388222694397,0.0026396194007247,0.0017251055687665,0.0012470642104744,0.0,0.9931203722953796,0.0033878579270094,0.0017874587792903,0.0017043211264535,0.0,0.9892337322235109,0.0059027709066867,0.0026188348419964,0.002244715578854,0.0,0.9975890517234802,0.0008729449473321,0.0006235321052372,0.0009145137737505,0.0,0.9947831630706788,0.0026396194007247,0.0014133395161479,0.001163926674053,0.0,0.9929956793785096,0.0037411926314234,0.0015172614948824,0.0017458898946642,0.0,0.997547447681427,0.0009768670424818,0.0005196101265028,0.0009560826001688,0.0,0.9951572418212892,0.0022655001375824,0.001122357789427,0.0014549082843586,0.0,0.9936400055885316,0.0030760918743908,0.0016835366841405,0.0016003991477191,0.0,0.9948870539665222,0.0023070687893778,0.0014964770525693,0.0013094174209982,0.0,0.9955105781555176,0.0019953027367591,0.0011847109999507,0.0013094174209982,0.0,0.9948455095291138,0.0024733440950512,0.00114314223174,0.0015380459371954,0.0,0.9942427277565002,0.0027643258217722,0.0016627523582428,0.0013302018633112,0.0,0.9975890517234802,0.0010807890212163,0.000436472473666,0.0008937293896451,0.0,0.9954274892807008,0.0019745184108614,0.0012262798845767,0.0013717706315219,0.0,0.9948455095291138,0.0024109908845275,0.0014133395161479,0.0013302018633112,0.0,0.991914927959442,0.0040737432427704,0.0020368716213852,0.0019745184108614,0.0,0.9964666962623596,0.0015588302630931,0.0007482385262846,0.0012262798845767,0.0,0.9938270449638368,0.002930600894615,0.0016211834736168,0.0016211834736168,0.0,0.9928086400032043,0.0033670733682811,0.0019745184108614,0.001849811989814,0.0,0.993224322795868,0.0034709954634308,0.0019121652003377,0.0013925550738349,0.0,0.99368155002594,0.0032215826213359,0.0018913807580247,0.0012054954422637,0.0,0.9903560876846312,0.0048011974431574,0.0028682476840913,0.0019745184108614,0.0,0.9945753216743469,0.0024317752104252577,0.001558830263093114,0.0014341238420456648,0.0
18,0.999667465686798,0.0,0.0,0.0003325504658278,0.0,0.9997714161872864,0.0,0.0,0.0002286284434376,0.0,0.9997298121452332,0.0,0.0,0.000270197255304,0.0,0.9997506141662598,0.0,0.0,0.0002494128420948,0.0,0.9997506141662598,0.0,0.0,0.0002494128420948,0.0,0.9997506141662598,0.0,0.0,0.0002494128420948,0.0,0.9997714161872864,0.0,0.0,0.0002286284434376,0.0,0.9998337626457214,0.0,0.0,0.0001662752329139,0.0,0.9995635747909546,0.0,0.0,0.000436472473666,0.0,0.9997298121452332,0.0,0.0,0.000270197255304,0.0,0.999792218208313,0.0,0.0,0.0002078440447803,0.0,0.9997506141662598,0.0,0.0,0.0002494128420948,0.0,0.9996882677078248,0.0,0.0,0.0003117660526186,0.0,0.9997506141662598,0.0,0.0,0.0002494128420948,0.0,0.9997714161872864,0.0,0.0,0.0002286284434376,0.0,0.9998129606246948,0.0,0.0,0.0001870596315711,0.0,0.9997506141662598,0.0,0.0,0.0002494128420948,0.0,0.9996882677078248,0.0,0.0,0.0003117660526186,0.0,0.9998129606246948,0.0,0.0,0.0001870596315711,0.0,0.9997714161872864,0.0,0.0,0.0002286284434376,0.0,0.9997714161872864,0.0,0.0,0.0002286284434376,0.0,0.9997506141662598,0.0,0.0,0.0002494128420948,0.0,0.9997714161872864,0.0,0.0,0.0002286284434376,0.0,0.9998129606246948,0.0,0.0,0.0001870596315711,0.0,0.9995635747909546,0.0,0.0,0.000436472473666,0.0,0.9997090697288512,0.0,0.0,0.0002909816685132,0.0,0.9997298121452332,0.0,0.0,0.000270197255304,0.0,0.999792218208313,0.0,0.0,0.0002078440447803,0.0,0.9998129606246948,0.0,0.0,0.0001870596315711,0.0,0.9997298121452332,0.0,0.0,0.000270197255304,0.0,0.9948039054870604,0.0022031469270586,0.0014341238420456,0.0015588302630931,0.0,0.9938270449638368,0.0027019726112484,0.0016211834736168,0.001849811989814,0.0,0.9934321641921996,0.0029929541051387,0.001829027547501,0.0017458898946642,0.0,0.9900234937667848,0.0052792388014495,0.0024941284209489,0.0022031469270586,0.0,0.9955521821975708,0.0020368716213852,0.00114314223174,0.0012678486527875,0.0,0.9948455095291138,0.0021615780424326,0.0016211834736168,0.0013717706315219,0.0,0.993286669254303,0.0031176605261862,0.0021823623683303,0.0014133395161479,0.0,0.991998016834259,0.0037827615160495,0.0022655001375824,0.0019537340849637,0.0,0.9875917434692384,0.0063600274734199,0.003263151505962,0.0027851101476699,0.0,0.9972772598266602,0.0008937293896451,0.0008521605632267,0.0009768670424818,0.0,0.9938893914222716,0.0027643258217722,0.0019121652003377,0.0014341238420456,0.0,0.9920396208763124,0.004032174590975,0.0020784405060112,0.001849811989814,0.0,0.9972357153892516,0.0010807890212163,0.0006858853157609,0.0009976513683795,0.0,0.994512975215912,0.0023902065586298,0.0014756927266716,0.0016211834736168,0.0,0.992579996585846,0.0031592294108122,0.002535697305575,0.0017251055687665,0.0,0.9939725399017334,0.0028890322428196,0.0016627523582428,0.0014756927266716,0.0,0.994970202445984,0.0019953027367591,0.0015796147054061,0.0014549082843586,0.0,0.9943466782569884,0.0023694219999015,0.0014549082843586,0.001829027547501,0.0,0.9931827783584596,0.0034294265788048,0.001829027547501,0.0015588302630931,0.0,0.9972357153892516,0.0011015734635293,0.0006858853157609,0.0009768670424818,0.0,0.9948039054870604,0.0022239312529563,0.0014964770525693,0.0014756927266716,0.0,0.9939517974853516,0.0027643258217722,0.0016835366841405,0.0016003991477191,0.0,0.9904807806015016,0.004738843999803,0.0024733440950512,0.0023070687893778,0.0,0.995926320552826,0.0017874587792903,0.0009768670424818,0.0013094174209982,0.0,0.9924345016479492,0.0038866836111992,0.001808243105188,0.0018705963157117,0.0,0.9917694330215454,0.0037411926314234,0.0023278533481061,0.0021615780424326,0.0,0.991914927959442,0.0041568810120224,0.0024109908845275,0.0015172614948824,0.0,0.9925591945648192,0.0036788394208997,0.0022031469270586,0.0015588302630931,0.0,0.9885062575340272,0.0058404174633324,0.0033878579270094,0.0022655001375824,0.0,0.9935568571090698,0.002847463358193636,0.0019537340849637985,0.001641967915929854,0.0
19,0.999667465686798,0.0,0.0,0.0003325504658278,0.0,0.9997714161872864,0.0,0.0,0.0002286284434376,0.0,0.9997298121452332,0.0,0.0,0.000270197255304,0.0,0.9997506141662598,0.0,0.0,0.0002494128420948,0.0,0.9997506141662598,0.0,0.0,0.0002494128420948,0.0,0.9997506141662598,0.0,0.0,0.0002494128420948,0.0,0.9997714161872864,0.0,0.0,0.0002286284434376,0.0,0.9998337626457214,0.0,0.0,0.0001662752329139,0.0,0.9995635747909546,0.0,0.0,0.000436472473666,0.0,0.9997298121452332,0.0,0.0,0.000270197255304,0.0,0.999792218208313,0.0,0.0,0.0002078440447803,0.0,0.9997506141662598,0.0,0.0,0.0002494128420948,0.0,0.9996882677078248,0.0,0.0,0.0003117660526186,0.0,0.9997506141662598,0.0,0.0,0.0002494128420948,0.0,0.9997714161872864,0.0,0.0,0.0002286284434376,0.0,0.9998129606246948,0.0,0.0,0.0001870596315711,0.0,0.9997506141662598,0.0,0.0,0.0002494128420948,0.0,0.9996882677078248,0.0,0.0,0.0003117660526186,0.0,0.9998129606246948,0.0,0.0,0.0001870596315711,0.0,0.9997714161872864,0.0,0.0,0.0002286284434376,0.0,0.9997714161872864,0.0,0.0,0.0002286284434376,0.0,0.9997506141662598,0.0,0.0,0.0002494128420948,0.0,0.9997714161872864,0.0,0.0,0.0002286284434376,0.0,0.9998129606246948,0.0,0.0,0.0001870596315711,0.0,0.9995635747909546,0.0,0.0,0.000436472473666,0.0,0.9997090697288512,0.0,0.0,0.0002909816685132,0.0,0.9997298121452332,0.0,0.0,0.000270197255304,0.0,0.999792218208313,0.0,0.0,0.0002078440447803,0.0,0.9998129606246948,0.0,0.0,0.0001870596315711,0.0,0.9997298121452332,0.0,0.0,0.000270197255304,0.0,0.9940556883811952,0.0025564816314727,0.0015172614948824,0.0018705963157117,0.0,0.9928086400032043,0.0032215826213359,0.0017874587792903,0.0021823623683303,0.0,0.9925176501274108,0.0033670733682811,0.0020576559472829,0.0020576559472829,0.0,0.9882984161376952,0.0059235552325844,0.0032215826213359,0.0025564816314727,0.0,0.9944090247154236,0.0027227569371461,0.0014341238420456,0.0014341238420456,0.0,0.9938478469848632,0.0029098165687173,0.0016835366841405,0.0015588302630931,0.0,0.9917070865631104,0.0041153118945658,0.0023902065586298,0.0017874587792903,0.0,0.9905431270599364,0.004427078180015,0.0028682476840913,0.0021615780424326,0.0,0.9850976467132568,0.0077317981049418,0.0039698211476206,0.0032007982954382,0.0,0.9969447255134584,0.0010392202530056,0.0008729449473321,0.00114314223174,0.0,0.9923306107521056,0.0038451147265732,0.0022239312529563,0.0016003991477191,0.0,0.990896463394165,0.0044062938541173,0.002535697305575,0.0021615780424326,0.0,0.996445894241333,0.0015796147054061,0.0008729449473321,0.0011015734635293,0.0,0.993016481399536,0.0035333486739546,0.0014756927266716,0.0019745184108614,0.0,0.9913121461868286,0.0038451147265732,0.0026811880525201,0.0021615780424326,0.0,0.9927670359611512,0.0035749175585806,0.0018705963157117,0.0017874587792903,0.0,0.9941803812980652,0.0023902065586298,0.0017458898946642,0.0016835366841405,0.0,0.99368155002594,0.002535697305575,0.0016419679159298,0.0021407937165349,0.0,0.9919772744178772,0.0038658990524709,0.0022239312529563,0.0019329495262354,0.0,0.9967784285545348,0.0012886330951005,0.0008521605632267,0.0010807890212163,0.0,0.9938478469848632,0.0025980505160987,0.0018913807580247,0.0016627523582428,0.0,0.9928086400032043,0.0034086422529071,0.0018705963157117,0.0019121652003377,0.0,0.9891713857650756,0.0051337475888431,0.0030137386638671,0.0026811880525201,0.0,0.995281994342804,0.0020784405060112,0.0011015734635293,0.0015380459371954,0.0,0.9913952946662904,0.0041360962204635,0.0021823623683303,0.0022862844634801,0.0,0.990314483642578,0.0043023717589676,0.0027019726112484,0.0026811880525201,0.0,0.9899404048919678,0.0054039452224969,0.0027851101476699,0.0018705963157117,0.0,0.9912289977073668,0.0044478625059127,0.0024525597691535,0.0018705963157117,0.0,0.9863446950912476,0.0065886559896171,0.0043231560848653,0.0027435412630438,0.0,0.992642343044281,0.0032215826213359833,0.002244715578854084,0.0018913807580247521,0.0
20,0.999667465686798,0.0,0.0,0.0003325504658278,0.0,0.9997714161872864,0.0,0.0,0.0002286284434376,0.0,0.9997298121452332,0.0,0.0,0.000270197255304,0.0,0.9997506141662598,0.0,0.0,0.0002494128420948,0.0,0.9997506141662598,0.0,0.0,0.0002494128420948,0.0,0.9997506141662598,0.0,0.0,0.0002494128420948,0.0,0.9997714161872864,0.0,0.0,0.0002286284434376,0.0,0.9998337626457214,0.0,0.0,0.0001662752329139,0.0,0.9995635747909546,0.0,0.0,0.000436472473666,0.0,0.9997298121452332,0.0,0.0,0.000270197255304,0.0,0.999792218208313,0.0,0.0,0.0002078440447803,0.0,0.9997506141662598,0.0,0.0,0.0002494128420948,0.0,0.9996882677078248,0.0,0.0,0.0003117660526186,0.0,0.9997506141662598,0.0,0.0,0.0002494128420948,0.0,0.9997714161872864,0.0,0.0,0.0002286284434376,0.0,0.9998129606246948,0.0,0.0,0.0001870596315711,0.0,0.9997506141662598,0.0,0.0,0.0002494128420948,0.0,0.9996882677078248,0.0,0.0,0.0003117660526186,0.0,0.9998129606246948,0.0,0.0,0.0001870596315711,0.0,0.9997714161872864,0.0,0.0,0.0002286284434376,0.0,0.9997714161872864,0.0,0.0,0.0002286284434376,0.0,0.9997506141662598,0.0,0.0,0.0002494128420948,0.0,0.9997714161872864,0.0,0.0,0.0002286284434376,0.0,0.9998129606246948,0.0,0.0,0.0001870596315711,0.0,0.9995635747909546,0.0,0.0,0.000436472473666,0.0,0.9997090697288512,0.0,0.0,0.0002909816685132,0.0,0.9997298121452332,0.0,0.0,0.000270197255304,0.0,0.999792218208313,0.0,0.0,0.0002078440447803,0.0,0.9998129606246948,0.0,0.0,0.0001870596315711,0.0,0.9997298121452332,0.0,0.0,0.000270197255304,0.0,0.9931619763374328,0.0028474633581936,0.0020160872954875,0.0019745184108614,0.0,0.9913952946662904,0.0039490368217229,0.0023278533481061,0.0023278533481061,0.0,0.9912706017494202,0.0037619771901518,0.0027019726112484,0.0022655001375824,0.0,0.9861160516738892,0.0066717937588691,0.0043231560848653,0.0028890322428196,0.0,0.9935568571090698,0.0031384450849145,0.0016419679159298,0.0016627523582428,0.0,0.992829442024231,0.0033255047164857,0.001829027547501,0.0020160872954875,0.0,0.9903352856636048,0.0049882568418979,0.0026188348419964,0.0020576559472829,0.0,0.988007426261902,0.0060482616536319,0.0034294265788048,0.0025149129796773,0.0,0.9828528761863708,0.0080435648560523,0.0052584540098905,0.0038451147265732,0.0,0.9963420033454896,0.0014133395161479,0.0010184358106926,0.0012262798845767,0.0,0.9907717704772948,0.0046972753480076,0.0026811880525201,0.001849811989814,0.0,0.9891297817230223,0.0049674725160002,0.0033462890423834,0.0025564816314727,0.0,0.9956768751144408,0.0020784405060112,0.0010600045789033,0.0011847109999507,0.0,0.9917278289794922,0.0042608026415109,0.0017874587792903,0.0022239312529563,0.0,0.9903352856636048,0.0040945275686681,0.0029513854533433,0.0026188348419964,0.0,0.9915823340415956,0.0038451147265732,0.0023278533481061,0.002244715578854,0.0,0.9928709864616394,0.0033047201577574,0.001829027547501,0.0019953027367591,0.0,0.9924968481063844,0.0029929541051387,0.0022031469270586,0.0023070687893778,0.0,0.9905639290809632,0.0044686468318104,0.0028266790322959,0.0021407937165349,0.0,0.9963627457618712,0.0014133395161479,0.0010807890212163,0.00114314223174,0.0,0.9928709864616394,0.0031176605261862,0.0021823623683303,0.001829027547501,0.0,0.9910627603530884,0.0043023717589676,0.0024317752104252,0.0022031469270586,0.0,0.9874462485313416,0.0056325737386941,0.0034709954634308,0.0034502111375331,0.0,0.9946168661117554,0.0021823623683303,0.0015380459371954,0.0016627523582428,0.0,0.9900027513504028,0.0046764910221099,0.0028058944735676,0.0025149129796773,0.0,0.9883607625961304,0.0053623761050403,0.0032839358318597,0.0029929541051387,0.0,0.9882984161376952,0.0063392431475222,0.0032215826213359,0.0021407937165349,0.0,0.9896078109741212,0.0050298259593546,0.0030345229897648,0.0023278533481061,0.0,0.9831646680831908,0.0087710181251168,0.0046972753480076,0.0033670733682811,0.0,0.9912289977073669,0.004073743242770433,0.0025149129796773195,0.0021823623683303595,0.0
21,0.999667465686798,0.0,0.0,0.0003325504658278,0.0,0.9997714161872864,0.0,0.0,0.0002286284434376,0.0,0.9997298121452332,0.0,0.0,0.000270197255304,0.0,0.9997506141662598,0.0,0.0,0.0002494128420948,0.0,0.9997506141662598,0.0,0.0,0.0002494128420948,0.0,0.9997506141662598,0.0,0.0,0.0002494128420948,0.0,0.9997714161872864,0.0,0.0,0.0002286284434376,0.0,0.9998337626457214,0.0,0.0,0.0001662752329139,0.0,0.9995635747909546,0.0,0.0,0.000436472473666,0.0,0.9997298121452332,0.0,0.0,0.000270197255304,0.0,0.999792218208313,0.0,0.0,0.0002078440447803,0.0,0.9997506141662598,0.0,0.0,0.0002494128420948,0.0,0.9996882677078248,0.0,0.0,0.0003117660526186,0.0,0.9997506141662598,0.0,0.0,0.0002494128420948,0.0,0.9997714161872864,0.0,0.0,0.0002286284434376,0.0,0.9998129606246948,0.0,0.0,0.0001870596315711,0.0,0.9997506141662598,0.0,0.0,0.0002494128420948,0.0,0.9996882677078248,0.0,0.0,0.0003117660526186,0.0,0.9998129606246948,0.0,0.0,0.0001870596315711,0.0,0.9997714161872864,0.0,0.0,0.0002286284434376,0.0,0.9997714161872864,0.0,0.0,0.0002286284434376,0.0,0.9997506141662598,0.0,0.0,0.0002494128420948,0.0,0.9997714161872864,0.0,0.0,0.0002286284434376,0.0,0.9998129606246948,0.0,0.0,0.0001870596315711,0.0,0.9995635747909546,0.0,0.0,0.000436472473666,0.0,0.9997090697288512,0.0,0.0,0.0002909816685132,0.0,0.9997298121452332,0.0,0.0,0.000270197255304,0.0,0.999792218208313,0.0,0.0,0.0002078440447803,0.0,0.9998129606246948,0.0,0.0,0.0001870596315711,0.0,0.9997298121452332,0.0,0.0,0.000270197255304,0.0,0.9923513531684875,0.0029513854533433,0.0024733440950512,0.0022239312529563,0.0,0.9902313947677612,0.0041568810120224,0.0030553073156625,0.0025564816314727,0.0,0.9899404048919678,0.0042192339897155,0.0033462890423834,0.0024941284209489,0.0,0.9841207265853882,0.0074200322851538,0.0051753167062997,0.0032839358318597,0.0,0.992891788482666,0.0033255047164857,0.0020160872954875,0.0017666743369773,0.0,0.9921435117721558,0.0033670733682811,0.0022031469270586,0.0022862844634801,0.0,0.9892337322235109,0.005154532380402,0.0030968762002885,0.0025149129796773,0.0,0.9865940809249878,0.006526303011924,0.0038451147265732,0.0030345229897648,0.0,0.9803379774093628,0.0088957250118255,0.0064431652426719,0.0043231560848653,0.0,0.996051013469696,0.0015380459371954,0.0010392202530056,0.0013717706315219,0.0,0.9893999695777892,0.0053831608965992,0.0030345229897648,0.0021823623683303,0.0,0.9877164363861084,0.0052792388014495,0.0040945275686681,0.0029098165687173,0.0,0.9949494004249572,0.0025980505160987,0.0011015734635293,0.0013509863056242,0.0,0.990896463394165,0.0042608026415109,0.0024525597691535,0.0023902065586298,0.0,0.989025890827179,0.0046141375787556,0.0034502111375331,0.0029098165687173,0.0,0.9904184341430664,0.0044686468318104,0.0025980505160987,0.0025149129796773,0.0,0.991998016834259,0.0035125643480569,0.0023278533481061,0.0021615780424326,0.0,0.9916446805000304,0.0032007982954382,0.0026604037266224,0.0024941284209489,0.0,0.9891713857650756,0.00507139461115,0.0033047201577574,0.0024525597691535,0.0,0.9959055185317992,0.0016835366841405,0.001163926674053,0.0012470642104744,0.0,0.9923306107521056,0.0030968762002885,0.0024733440950512,0.0020992248319089,0.0,0.9899819493293762,0.0048635504208505,0.0028474633581936,0.0023070687893778,0.0,0.9862200021743774,0.0056949267163872,0.004343940410763,0.0037411926314234,0.0,0.9937646985054016,0.0027019726112484,0.0017251055687665,0.001808243105188,0.0,0.9887972474098206,0.0050298259593546,0.0032839358318597,0.0028890322428196,0.0,0.9871345162391664,0.0056741423904895,0.0038658990524709,0.0033255047164857,0.0,0.985991358757019,0.007232972420752,0.004032174590975,0.0027435412630438,0.0,0.9885478019714355,0.0051337475888431,0.003616486210376,0.0027019726112484,0.0,0.9806289672851562,0.009727100841701,0.0055078673176467,0.0041360962204635,0.0,0.9901689887046814,0.0044062938541173935,0.0028266790322959423,0.0025980505160987377,0.0
22,0.999667465686798,0.0,0.0,0.0003325504658278,0.0,0.9997714161872864,0.0,0.0,0.0002286284434376,0.0,0.9997298121452332,0.0,0.0,0.000270197255304,0.0,0.9997506141662598,0.0,0.0,0.0002494128420948,0.0,0.9997506141662598,0.0,0.0,0.0002494128420948,0.0,0.9997506141662598,0.0,0.0,0.0002494128420948,0.0,0.9997714161872864,0.0,0.0,0.0002286284434376,0.0,0.9998337626457214,0.0,0.0,0.0001662752329139,0.0,0.9995635747909546,0.0,0.0,0.000436472473666,0.0,0.9997298121452332,0.0,0.0,0.000270197255304,0.0,0.999792218208313,0.0,0.0,0.0002078440447803,0.0,0.9997506141662598,0.0,0.0,0.0002494128420948,0.0,0.9996882677078248,0.0,0.0,0.0003117660526186,0.0,0.9997506141662598,0.0,0.0,0.0002494128420948,0.0,0.9997714161872864,0.0,0.0,0.0002286284434376,0.0,0.9998129606246948,0.0,0.0,0.0001870596315711,0.0,0.9997506141662598,0.0,0.0,0.0002494128420948,0.0,0.9996882677078248,0.0,0.0,0.0003117660526186,0.0,0.9998129606246948,0.0,0.0,0.0001870596315711,0.0,0.9997714161872864,0.0,0.0,0.0002286284434376,0.0,0.9997714161872864,0.0,0.0,0.0002286284434376,0.0,0.9997506141662598,0.0,0.0,0.0002494128420948,0.0,0.9997714161872864,0.0,0.0,0.0002286284434376,0.0,0.9998129606246948,0.0,0.0,0.0001870596315711,0.0,0.9995635747909546,0.0,0.0,0.000436472473666,0.0,0.9997090697288512,0.0,0.0,0.0002909816685132,0.0,0.9997298121452332,0.0,0.0,0.000270197255304,0.0,0.999792218208313,0.0,0.0,0.0002078440447803,0.0,0.9998129606246948,0.0,0.0,0.0001870596315711,0.0,0.9997298121452332,0.0,0.0,0.000270197255304,0.0,0.991166651248932,0.0036372707691043,0.0027019726112484,0.0024941284209489,0.0,0.9887972474098206,0.0050298259593546,0.0032215826213359,0.0029513854533433,0.0,0.9886102080345154,0.0048219817690551,0.0035957018844783,0.002972169779241,0.0,0.98179292678833,0.0082306237891316,0.0059027709066867,0.0040737432427704,0.0,0.991914927959442,0.0036372707691043,0.0024941284209489,0.0019537340849637,0.0,0.9911251068115234,0.0037204083055257,0.0025980505160987,0.0025564816314727,0.0,0.9876540899276732,0.0056325737386941,0.0037411926314234,0.002972169779241,0.0,0.9845572113990784,0.0074408166110515,0.0045102154836058,0.0034917797893285,0.0,0.977365791797638,0.0102259265258908,0.0075447387062013,0.0048635504208505,0.0,0.9956768751144408,0.0016003991477191,0.0011847109999507,0.0015380459371954,0.0,0.987737238407135,0.0061521837487816,0.0035333486739546,0.002577266190201,0.0,0.9859082102775574,0.0061313994228839,0.0046972753480076,0.003263151505962,0.0,0.994512975215912,0.0027227569371461,0.0012886330951005,0.0014756927266716,0.0,0.9893584251403807,0.005154532380402,0.0029098165687173,0.002577266190201,0.0,0.9874878525733948,0.0050921789370477,0.0041360962204635,0.0032839358318597,0.0,0.989212930202484,0.0047596283257007,0.0032215826213359,0.0028058944735676,0.0,0.9909172654151917,0.0040529589168727,0.002535697305575,0.0024941284209489,0.0,0.9904807806015016,0.0038658990524709,0.002972169779241,0.0026811880525201,0.0,0.9874462485313416,0.0057364953681826,0.0038243304006755,0.0029929541051387,0.0,0.9951364994049072,0.0020992248319089,0.0014341238420456,0.0013302018633112,0.0,0.9911874532699584,0.003616486210376,0.0025980505160987,0.0025980505160987,0.0,0.9887140989303588,0.0052376696839928,0.0033047201577574,0.0027435412630438,0.0,0.9842662215232848,0.0062145367264747,0.0055078673176467,0.004011389799416,0.0,0.9928709864616394,0.0030553073156625,0.0020992248319089,0.0019745184108614,0.0,0.9869890213012696,0.0054455138742923,0.0043231560848653,0.0032423669472336,0.0,0.9853262305259703,0.0064431652426719,0.0044062938541173,0.0038243304006755,0.0,0.9841623306274414,0.0077525828965008,0.0047804131172597,0.0033047201577574,0.0,0.986718773841858,0.0058404174633324,0.004343940410763,0.0030968762002885,0.0,0.9776567816734314,0.0108494590967893,0.0066510094329714,0.0048427660949528,0.0,0.988443911075592,0.005112963262945414,0.003450211137533188,0.0029929541051387787,0.0
23,0.999667465686798,0.0,0.0,0.0003325504658278,0.0,0.9997714161872864,0.0,0.0,0.0002286284434376,0.0,0.9997298121452332,0.0,0.0,0.000270197255304,0.0,0.9997506141662598,0.0,0.0,0.0002494128420948,0.0,0.9997506141662598,0.0,0.0,0.0002494128420948,0.0,0.9997506141662598,0.0,0.0,0.0002494128420948,0.0,0.9997714161872864,0.0,0.0,0.0002286284434376,0.0,0.9998337626457214,0.0,0.0,0.0001662752329139,0.0,0.9995635747909546,0.0,0.0,0.000436472473666,0.0,0.9997298121452332,0.0,0.0,0.000270197255304,0.0,0.999792218208313,0.0,0.0,0.0002078440447803,0.0,0.9997506141662598,0.0,0.0,0.0002494128420948,0.0,0.9996882677078248,0.0,0.0,0.0003117660526186,0.0,0.9997506141662598,0.0,0.0,0.0002494128420948,0.0,0.9997714161872864,0.0,0.0,0.0002286284434376,0.0,0.9998129606246948,0.0,0.0,0.0001870596315711,0.0,0.9997506141662598,0.0,0.0,0.0002494128420948,0.0,0.9996882677078248,0.0,0.0,0.0003117660526186,0.0,0.9998129606246948,0.0,0.0,0.0001870596315711,0.0,0.9997714161872864,0.0,0.0,0.0002286284434376,0.0,0.9997714161872864,0.0,0.0,0.0002286284434376,0.0,0.9997506141662598,0.0,0.0,0.0002494128420948,0.0,0.9997714161872864,0.0,0.0,0.0002286284434376,0.0,0.9998129606246948,0.0,0.0,0.0001870596315711,0.0,0.9995635747909546,0.0,0.0,0.000436472473666,0.0,0.9997090697288512,0.0,0.0,0.0002909816685132,0.0,0.9997298121452332,0.0,0.0,0.000270197255304,0.0,0.999792218208313,0.0,0.0,0.0002078440447803,0.0,0.9998129606246948,0.0,0.0,0.0001870596315711,0.0,0.9997298121452332,0.0,0.0,0.000270197255304,0.0,0.9897533059120178,0.0043023717589676,0.0029513854533433,0.0029929541051387,0.0,0.9869682192802428,0.0058404174633324,0.0037204083055257,0.0034709954634308,0.0,0.9870513677597046,0.00546629820019,0.0039074681699275,0.0035749175585806,0.0,0.9788622856140136,0.0094361193478107,0.0070043443702161,0.0046972753480076,0.0,0.9906262755393982,0.0037827615160495,0.0031800137367099,0.0024109908845275,0.0,0.989794909954071,0.0040529589168727,0.0031592294108122,0.0029929541051387,0.0,0.9859497547149658,0.0057572801597416,0.0046972753480076,0.0035957018844783,0.0,0.9822086095809937,0.0083345463499426,0.0052376696839928,0.0042192339897155,0.0,0.9739363789558412,0.0111612249165773,0.0088541563600301,0.0060482616536319,0.0,0.9951572418212892,0.0017874587792903,0.0012262798845767,0.001829027547501,0.0,0.9860952496528624,0.0062353210523724,0.0043231560848653,0.0033462890423834,0.0,0.9833725094795228,0.0075239543803036,0.0051753167062997,0.0039282524958252,0.0,0.9939517974853516,0.0024941284209489,0.0018705963157117,0.0016835366841405,0.0,0.9879035353660583,0.0051129632629454,0.0038866836111992,0.0030968762002885,0.0,0.985617220401764,0.0056949267163872,0.004427078180015,0.0042608026415109,0.0,0.9872176051139832,0.0055494359694421,0.0040945275686681,0.0031384450849145,0.0,0.9896286129951476,0.0045517846010625,0.0027851101476699,0.0030345229897648,0.0,0.9891713857650756,0.0045102154836058,0.0030345229897648,0.0032839358318597,0.0,0.985159993171692,0.0068172845058143,0.0046349219046533,0.0033878579270094,0.0,0.9946792125701904,0.0020992248319089,0.0015588302630931,0.0016627523582428,0.0,0.9898364543914796,0.004011389799416,0.0031800137367099,0.002972169779241,0.0,0.9868435263633728,0.0059651238843798,0.0039074681699275,0.0032839358318597,0.0,0.9820423126220704,0.0071290507912635,0.0060482616536319,0.0047804131172597,0.0,0.9916239380836488,0.003658055095002,0.0024317752104252,0.0022862844634801,0.0,0.9852638840675354,0.0061313994228839,0.0049259038642048,0.0036788394208997,0.0,0.9829776287078856,0.0073368945159018,0.0051961010321974,0.0044894311577081,0.0,0.9812109470367432,0.0087294494733214,0.0061313994228839,0.0039282524958252,0.0,0.9848273992538452,0.0064015965908765,0.0050090411677956,0.0037619771901518,0.0,0.9740818738937378,0.0122627988457679,0.0080019952729344,0.0056533580645918,0.0,0.9866980314254761,0.00594433955848217,0.0037619771901518106,0.0035957018844783306,0.0
24,0.999667465686798,0.0,0.0,0.0003325504658278,0.0,0.9997714161872864,0.0,0.0,0.0002286284434376,0.0,0.9997298121452332,0.0,0.0,0.000270197255304,0.0,0.9997506141662598,0.0,0.0,0.0002494128420948,0.0,0.9997506141662598,0.0,0.0,0.0002494128420948,0.0,0.9997506141662598,0.0,0.0,0.0002494128420948,0.0,0.9997714161872864,0.0,0.0,0.0002286284434376,0.0,0.9998337626457214,0.0,0.0,0.0001662752329139,0.0,0.9995635747909546,0.0,0.0,0.000436472473666,0.0,0.9997298121452332,0.0,0.0,0.000270197255304,0.0,0.999792218208313,0.0,0.0,0.0002078440447803,0.0,0.9997506141662598,0.0,0.0,0.0002494128420948,0.0,0.9996882677078248,0.0,0.0,0.0003117660526186,0.0,0.9997506141662598,0.0,0.0,0.0002494128420948,0.0,0.9997714161872864,0.0,0.0,0.0002286284434376,0.0,0.9998129606246948,0.0,0.0,0.0001870596315711,0.0,0.9997506141662598,0.0,0.0,0.0002494128420948,0.0,0.9996882677078248,0.0,0.0,0.0003117660526186,0.0,0.9998129606246948,0.0,0.0,0.0001870596315711,0.0,0.9997714161872864,0.0,0.0,0.0002286284434376,0.0,0.9997714161872864,0.0,0.0,0.0002286284434376,0.0,0.9997506141662598,0.0,0.0,0.0002494128420948,0.0,0.9997714161872864,0.0,0.0,0.0002286284434376,0.0,0.9998129606246948,0.0,0.0,0.0001870596315711,0.0,0.9995635747909546,0.0,0.0,0.000436472473666,0.0,0.9997090697288512,0.0,0.0,0.0002909816685132,0.0,0.9997298121452332,0.0,0.0,0.000270197255304,0.0,0.999792218208313,0.0,0.0,0.0002078440447803,0.0,0.9998129606246948,0.0,0.0,0.0001870596315711,0.0,0.9997298121452332,0.0,0.0,0.000270197255304,0.0,0.988319218158722,0.0048427660949528,0.0034502111375331,0.0033878579270094,0.0,0.984972894191742,0.0064223809167742,0.0046349219046533,0.0039698211476206,0.0,0.9854717254638672,0.005798848811537,0.0046141375787556,0.0041153118945658,0.0,0.9760355949401855,0.0100804362446069,0.0081059178337454,0.0057780644856393,0.0,0.9889842867851256,0.0045725689269602,0.0035749175585806,0.0028682476840913,0.0,0.9880905747413636,0.004738843999803,0.0039282524958252,0.0032423669472336,0.0,0.9835180044174194,0.0068172845058143,0.0054870825260877,0.0041776653379201,0.0,0.9796521067619324,0.0083553306758403,0.0069627752527594,0.0050298259593546,0.0,0.9705693125724792,0.0122835831716656,0.0099765136837959,0.0071706194430589,0.0,0.9947208166122437,0.0016211834736168,0.0016419679159298,0.0020160872954875,0.0,0.9839752316474916,0.0067965001799166,0.0054039452224969,0.0038243304006755,0.0,0.981148600578308,0.0079812109470367,0.0061729680746793,0.0046972753480076,0.0,0.9932035207748412,0.0024733440950512,0.0023486376740038,0.0019745184108614,0.0,0.9861160516738892,0.0056117889471352,0.0048219817690551,0.0034502111375331,0.0,0.9837881922721864,0.0065470873378217,0.0048219817690551,0.0048427660949528,0.0,0.9851183891296388,0.0064639495685696,0.0047596283257007,0.003658055095002,0.0,0.9884231090545654,0.0044478625059127,0.003699623979628,0.0034294265788048,0.0,0.9880490303039552,0.0044478625059127,0.0037204083055257,0.0037827615160495,0.0,0.9831646680831908,0.0073992479592561,0.0052792388014495,0.0041568810120224,0.0,0.9940141439437866,0.0023486376740038,0.0017043211264535,0.0019329495262354,0.0,0.9884647130966188,0.0044062938541173,0.0035749175585806,0.0035541329998522,0.0,0.9852430820465088,0.0058196331374347,0.005154532380402,0.0037827615160495,0.0,0.9792572259902954,0.0081890551373362,0.0068588531576097,0.0056949267163872,0.0,0.9906262755393982,0.0039906054735183,0.0027435412630438,0.0026396194007247,0.0,0.9829152822494508,0.0070874816738069,0.0055286516435444,0.0044686468318104,0.0,0.9804419279098512,0.0079188579693436,0.0062561058439314,0.0053831608965992,0.0,0.9783011078834534,0.0099972980096936,0.0070459130220115,0.0046557066962122,0.0,0.982769787311554,0.006838068831712,0.0060690459795296,0.0043231560848653,0.0,0.9695924520492554,0.0135722160339355,0.0097686694934964,0.0070666973479092,0.0,0.9849105477333069,0.0063184588216245174,0.004634921904653311,0.004136096220463514,0.0
25,0.999667465686798,0.0,0.0,0.0003325504658278,0.0,0.9997714161872864,0.0,0.0,0.0002286284434376,0.0,0.9997298121452332,0.0,0.0,0.000270197255304,0.0,0.9997506141662598,0.0,0.0,0.0002494128420948,0.0,0.9997506141662598,0.0,0.0,0.0002494128420948,0.0,0.9997506141662598,0.0,0.0,0.0002494128420948,0.0,0.9997714161872864,0.0,0.0,0.0002286284434376,0.0,0.9998337626457214,0.0,0.0,0.0001662752329139,0.0,0.9995635747909546,0.0,0.0,0.000436472473666,0.0,0.9997298121452332,0.0,0.0,0.000270197255304,0.0,0.999792218208313,0.0,0.0,0.0002078440447803,0.0,0.9997506141662598,0.0,0.0,0.0002494128420948,0.0,0.9996882677078248,0.0,0.0,0.0003117660526186,0.0,0.9997506141662598,0.0,0.0,0.0002494128420948,0.0,0.9997714161872864,0.0,0.0,0.0002286284434376,0.0,0.9998129606246948,0.0,0.0,0.0001870596315711,0.0,0.9997506141662598,0.0,0.0,0.0002494128420948,0.0,0.9996882677078248,0.0,0.0,0.0003117660526186,0.0,0.9998129606246948,0.0,0.0,0.0001870596315711,0.0,0.9997714161872864,0.0,0.0,0.0002286284434376,0.0,0.9997714161872864,0.0,0.0,0.0002286284434376,0.0,0.9997506141662598,0.0,0.0,0.0002494128420948,0.0,0.9997714161872864,0.0,0.0,0.0002286284434376,0.0,0.9998129606246948,0.0,0.0,0.0001870596315711,0.0,0.9995635747909546,0.0,0.0,0.000436472473666,0.0,0.9997090697288512,0.0,0.0,0.0002909816685132,0.0,0.9997298121452332,0.0,0.0,0.000270197255304,0.0,0.999792218208313,0.0,0.0,0.0002078440447803,0.0,0.9998129606246948,0.0,0.0,0.0001870596315711,0.0,0.9997298121452332,0.0,0.0,0.000270197255304,0.0,0.9866772294044496,0.0056741423904895,0.003658055095002,0.0039906054735183,0.0,0.982894480228424,0.0073368945159018,0.0051129632629454,0.0046557066962122,0.0,0.9831438660621644,0.0067965001799166,0.0050921789370477,0.0049674725160002,0.0,0.9721696972846984,0.0119510320946574,0.0086670964956283,0.0072121880948543,0.0,0.9876125454902648,0.0052792388014495,0.0038035458419471,0.0033047201577574,0.0,0.9863654375076294,0.0057780644856393,0.004011389799416,0.0038451147265732,0.0,0.980712115764618,0.0085216052830219,0.0060898303054273,0.0046764910221099,0.0,0.976264238357544,0.0103298490867018,0.0074616009369492,0.0059443395584821,0.0,0.9660590887069702,0.0142788859084248,0.010558477602899,0.009103569202125,0.0,0.9938893914222716,0.0021615780424326,0.0017043211264535,0.002244715578854,0.0,0.9814395904541016,0.007960426621139,0.0060690459795296,0.0045310002751648,0.0,0.9779685735702516,0.0097478851675987,0.0063808122649788,0.0059027709066867,0.0,0.9918941259384156,0.0030553073156625,0.0028058944735676,0.002244715578854,0.0,0.9832478165626526,0.007648660801351,0.0050921789370477,0.004011389799416,0.0,0.981876015663147,0.0071498351171612,0.0054039452224969,0.0055702202953398,0.0,0.982707381248474,0.0077110137790441,0.0050090411677956,0.0045725689269602,0.0,0.9868435263633728,0.005154532380402,0.0041776653379201,0.0038243304006755,0.0,0.9866772294044496,0.0049674725160002,0.0038451147265732,0.0045102154836058,0.0,0.9806081652641296,0.0085631748661398,0.0058612017892301,0.0049674725160002,0.0,0.9931411743164062,0.0027643258217722,0.0018705963157117,0.0022239312529563,0.0,0.9870097637176514,0.0053208074532449,0.003658055095002,0.004011389799416,0.0,0.9827281832695008,0.007253757212311,0.0053831608965992,0.0046349219046533,0.0,0.9761187434196472,0.0101012205705046,0.0068588531576097,0.006921206600964,0.0,0.989025890827179,0.004738843999803,0.0030345229897648,0.0032007982954382,0.0,0.980400323867798,0.0083968993276357,0.005881986580789,0.0053208074532449,0.0,0.9778854250907898,0.0092490594834089,0.0065886559896171,0.0062768901698291,0.0,0.9746015071868896,0.0113898534327745,0.0086463121697306,0.0053623761050403,0.0,0.980192482471466,0.0083553306758403,0.0060898303054273,0.0053623761050403,0.0,0.9647288918495178,0.0159000698477029,0.0113067161291837,0.00806434918195,0.0,0.9831438660621643,0.007025128696113825,0.005133747588843107,0.004697275348007679,0.0
26,0.999667465686798,0.0,0.0,0.0003325504658278,0.0,0.9997714161872864,0.0,0.0,0.0002286284434376,0.0,0.9997298121452332,0.0,0.0,0.000270197255304,0.0,0.9997506141662598,0.0,0.0,0.0002494128420948,0.0,0.9997506141662598,0.0,0.0,0.0002494128420948,0.0,0.9997506141662598,0.0,0.0,0.0002494128420948,0.0,0.9997714161872864,0.0,0.0,0.0002286284434376,0.0,0.9998337626457214,0.0,0.0,0.0001662752329139,0.0,0.9995635747909546,0.0,0.0,0.000436472473666,0.0,0.9997298121452332,0.0,0.0,0.000270197255304,0.0,0.999792218208313,0.0,0.0,0.0002078440447803,0.0,0.9997506141662598,0.0,0.0,0.0002494128420948,0.0,0.9996882677078248,0.0,0.0,0.0003117660526186,0.0,0.9997506141662598,0.0,0.0,0.0002494128420948,0.0,0.9997714161872864,0.0,0.0,0.0002286284434376,0.0,0.9998129606246948,0.0,0.0,0.0001870596315711,0.0,0.9997506141662598,0.0,0.0,0.0002494128420948,0.0,0.9996882677078248,0.0,0.0,0.0003117660526186,0.0,0.9998129606246948,0.0,0.0,0.0001870596315711,0.0,0.9997714161872864,0.0,0.0,0.0002286284434376,0.0,0.9997714161872864,0.0,0.0,0.0002286284434376,0.0,0.9997506141662598,0.0,0.0,0.0002494128420948,0.0,0.9997714161872864,0.0,0.0,0.0002286284434376,0.0,0.9998129606246948,0.0,0.0,0.0001870596315711,0.0,0.9995635747909546,0.0,0.0,0.000436472473666,0.0,0.9997090697288512,0.0,0.0,0.0002909816685132,0.0,0.9997298121452332,0.0,0.0,0.000270197255304,0.0,0.999792218208313,0.0,0.0,0.0002078440447803,0.0,0.9998129606246948,0.0,0.0,0.0001870596315711,0.0,0.9997298121452332,0.0,0.0,0.000270197255304,0.0,0.9852430820465088,0.0059235552325844,0.0041360962204635,0.0046972753480076,0.0,0.9799430966377258,0.0088541563600301,0.0055910046212375,0.0056117889471352,0.0,0.9806289672851562,0.0079812109470367,0.0055494359694421,0.0058404174633324,0.0,0.9680336117744446,0.0137592758983373,0.0097478851675987,0.0084592523053288,0.0,0.9857211709022522,0.006193752400577,0.0043023717589676,0.0037827615160495,0.0,0.9845572113990784,0.0065678716637194,0.0043855090625584,0.0044894311577081,0.0,0.9775320887565612,0.0101220048964023,0.0067341467365622,0.0056117889471352,0.0,0.9724814891815186,0.0120757389813661,0.0085631748661398,0.0068796379491686,0.0,0.9611124396324158,0.0162534043192863,0.0118678947910666,0.0107663217931985,0.0,0.9929956793785096,0.0026811880525201,0.0019121652003377,0.0024109908845275,0.0,0.9782179594039916,0.0095192566514015,0.0070459130220115,0.0052168853580951,0.0,0.974830150604248,0.0110780876129865,0.0070874816738069,0.0070043443702161,0.0,0.9900858998298644,0.004427078180015,0.0030345229897648,0.0024525597691535,0.0,0.9806081652641296,0.0087502337992191,0.005798848811537,0.0048427660949528,0.0,0.9795689582824708,0.0079188579693436,0.0061521837487816,0.0063600274734199,0.0,0.9794442653656006,0.0097686694934964,0.0056741423904895,0.0051129632629454,0.0,0.9848482012748718,0.0060690459795296,0.0045933532528579,0.0044894311577081,0.0,0.9849105477333068,0.0055702202953398,0.0043647247366607,0.005154532380402,0.0,0.9777815341949464,0.0096647478640079,0.0067965001799166,0.0057572801597416,0.0,0.9922058582305908,0.002930600894615,0.0024525597691535,0.0024109908845275,0.0,0.98495215177536,0.0062353210523724,0.0042400183156132,0.0045725689269602,0.0,0.9798391461372375,0.0088749406859278,0.0061313994228839,0.005154532380402,0.0,0.9727516770362854,0.0115145603194832,0.007648660801351,0.0080851335078477,0.0,0.9871968626976012,0.0056741423904895,0.0035957018844783,0.0035333486739546,0.0,0.977345049381256,0.0096439635381102,0.006838068831712,0.0061729680746793,0.0,0.9747470021247864,0.0105792619287967,0.0074823852628469,0.0071914037689566,0.0,0.970590114593506,0.0135722160339355,0.0090620005503296,0.0067757158540189,0.0,0.9773034453392028,0.009415335021913,0.0069627752527594,0.0063184588216245,0.0,0.9595743417739868,0.0180824324488639,0.0126992706209421,0.0096439635381102,0.0,0.9808160066604614,0.007627876475453377,0.006131399422883987,0.00542472954839468,0.0
27,0.999667465686798,0.0,0.0,0.0003325504658278,0.0,0.9997714161872864,0.0,0.0,0.0002286284434376,0.0,0.9997298121452332,0.0,0.0,0.000270197255304,0.0,0.9997506141662598,0.0,0.0,0.0002494128420948,0.0,0.9997506141662598,0.0,0.0,0.0002494128420948,0.0,0.9997506141662598,0.0,0.0,0.0002494128420948,0.0,0.9997714161872864,0.0,0.0,0.0002286284434376,0.0,0.9998337626457214,0.0,0.0,0.0001662752329139,0.0,0.9995635747909546,0.0,0.0,0.000436472473666,0.0,0.9997298121452332,0.0,0.0,0.000270197255304,0.0,0.999792218208313,0.0,0.0,0.0002078440447803,0.0,0.9997506141662598,0.0,0.0,0.0002494128420948,0.0,0.9996882677078248,0.0,0.0,0.0003117660526186,0.0,0.9997506141662598,0.0,0.0,0.0002494128420948,0.0,0.9997714161872864,0.0,0.0,0.0002286284434376,0.0,0.9998129606246948,0.0,0.0,0.0001870596315711,0.0,0.9997506141662598,0.0,0.0,0.0002494128420948,0.0,0.9996882677078248,0.0,0.0,0.0003117660526186,0.0,0.9998129606246948,0.0,0.0,0.0001870596315711,0.0,0.9997714161872864,0.0,0.0,0.0002286284434376,0.0,0.9997714161872864,0.0,0.0,0.0002286284434376,0.0,0.9997506141662598,0.0,0.0,0.0002494128420948,0.0,0.9997714161872864,0.0,0.0,0.0002286284434376,0.0,0.9998129606246948,0.0,0.0,0.0001870596315711,0.0,0.9995635747909546,0.0,0.0,0.000436472473666,0.0,0.9997090697288512,0.0,0.0,0.0002909816685132,0.0,0.9997298121452332,0.0,0.0,0.000270197255304,0.0,0.999792218208313,0.0,0.0,0.0002078440447803,0.0,0.9998129606246948,0.0,0.0,0.0001870596315711,0.0,0.9997298121452332,0.0,0.0,0.000270197255304,0.0,0.9830815196037292,0.0066717937588691,0.0050506102852523,0.0051961010321974,0.0,0.9775320887565612,0.0094361193478107,0.0068588531576097,0.0061729680746793,0.0,0.9782595634460448,0.008791803382337,0.0063808122649788,0.0065678716637194,0.0,0.9638351798057556,0.0150271244347095,0.0111612249165773,0.0099765136837959,0.0,0.9837050437927246,0.006921206600964,0.0049259038642048,0.0044478625059127,0.0,0.982457995414734,0.0073368945159018,0.0050506102852523,0.005154532380402,0.0,0.974643051624298,0.0113067161291837,0.0073368945159018,0.0067133624106645,0.0,0.9677010774612428,0.014507514424622,0.0097894547507166,0.0080019952729344,0.0,0.9562280774116516,0.0177083127200603,0.0136553533375263,0.0124082891270518,0.0,0.9922890067100524,0.0028682476840913,0.0021200091578066,0.0027227569371461,0.0,0.975225031375885,0.010870243422687,0.0077941515482962,0.006110614631325,0.0,0.971026599407196,0.0123459361493587,0.0086670964956283,0.007960426621139,0.0,0.9888180494308472,0.0051337475888431,0.0032839358318597,0.0027643258217722,0.0,0.9779062271118164,0.0099972980096936,0.0066094403155148,0.0054870825260877,0.0,0.9770956039428712,0.0085216052830219,0.0069627752527594,0.0074200322851538,0.0,0.9766591787338256,0.010558477602899,0.0067549315281212,0.0060274773277342,0.0,0.9827489852905272,0.0068796379491686,0.0053415917791426,0.0050298259593546,0.0,0.9826866388320924,0.0064847338944673,0.0051753167062997,0.0056533580645918,0.0,0.9743728637695312,0.0107871061190962,0.0080227795988321,0.0068172845058143,0.0,0.991166651248932,0.0035125643480569,0.0025564816314727,0.0027643258217722,0.0,0.982769787311554,0.0070666973479092,0.0049674725160002,0.0051961010321974,0.0,0.9767215251922609,0.0101220048964023,0.0071082659997045,0.0060482616536319,0.0,0.9687818884849548,0.0132604502141475,0.0084384679794311,0.0095192566514015,0.0,0.9853470325469972,0.0062768901698291,0.0043023717589676,0.0040737432427704,0.0,0.9739363789558412,0.0113275004550814,0.0071706194430589,0.007565523032099,0.0,0.9709018468856812,0.0120757389813661,0.008791803382337,0.0082306237891316,0.0,0.966142237186432,0.0150686930865049,0.0107039678841829,0.0080851335078477,0.0,0.973874032497406,0.0109533807262778,0.0077317981049418,0.0074408166110515,0.0,0.954004168510437,0.0200777351856231,0.0144243761897087,0.011493775062263,0.0,0.9781140685081482,0.008583959192037582,0.006858853157609701,0.0064431652426719666,0.0
28,0.999667465686798,0.0,0.0,0.0003325504658278,0.0,0.9997714161872864,0.0,0.0,0.0002286284434376,0.0,0.9997298121452332,0.0,0.0,0.000270197255304,0.0,0.9997506141662598,0.0,0.0,0.0002494128420948,0.0,0.9997506141662598,0.0,0.0,0.0002494128420948,0.0,0.9997506141662598,0.0,0.0,0.0002494128420948,0.0,0.9997714161872864,0.0,0.0,0.0002286284434376,0.0,0.9998337626457214,0.0,0.0,0.0001662752329139,0.0,0.9995635747909546,0.0,0.0,0.000436472473666,0.0,0.9997298121452332,0.0,0.0,0.000270197255304,0.0,0.999792218208313,0.0,0.0,0.0002078440447803,0.0,0.9997506141662598,0.0,0.0,0.0002494128420948,0.0,0.9996882677078248,0.0,0.0,0.0003117660526186,0.0,0.9997506141662598,0.0,0.0,0.0002494128420948,0.0,0.9997714161872864,0.0,0.0,0.0002286284434376,0.0,0.9998129606246948,0.0,0.0,0.0001870596315711,0.0,0.9997506141662598,0.0,0.0,0.0002494128420948,0.0,0.9996882677078248,0.0,0.0,0.0003117660526186,0.0,0.9998129606246948,0.0,0.0,0.0001870596315711,0.0,0.9997714161872864,0.0,0.0,0.0002286284434376,0.0,0.9997714161872864,0.0,0.0,0.0002286284434376,0.0,0.9997506141662598,0.0,0.0,0.0002494128420948,0.0,0.9997714161872864,0.0,0.0,0.0002286284434376,0.0,0.9998129606246948,0.0,0.0,0.0001870596315711,0.0,0.9995635747909546,0.0,0.0,0.000436472473666,0.0,0.9997090697288512,0.0,0.0,0.0002909816685132,0.0,0.9997298121452332,0.0,0.0,0.000270197255304,0.0,0.999792218208313,0.0,0.0,0.0002078440447803,0.0,0.9998129606246948,0.0,0.0,0.0001870596315711,0.0,0.9997298121452332,0.0,0.0,0.000270197255304,0.0,0.9820838570594788,0.0062353210523724,0.0057364953681826,0.0059443395584821,0.0,0.9759525060653688,0.0090204309672117,0.0078357206657528,0.0071914037689566,0.0,0.9771995544433594,0.008272192440927,0.0070459130220115,0.0074823852628469,0.0,0.9615696668624878,0.014465944841504,0.0122627988457679,0.0117016192525625,0.0,0.9826450347900392,0.0063392431475222,0.0054247295483946,0.0055910046212375,0.0,0.981418788433075,0.0066717937588691,0.0057572801597416,0.0061521837487816,0.0,0.973229706287384,0.0102882804349064,0.0081890551373362,0.0082929776981472,0.0,0.9655187129974364,0.0141333946958184,0.0108910277485847,0.0094569036737084,0.0,0.953630030155182,0.0169392898678779,0.0145282987505197,0.0149024175480008,0.0,0.9916862845420836,0.0030345229897648,0.0022239312529563,0.0030553073156625,0.0,0.9732713103294371,0.0107039678841829,0.0083553306758403,0.0076694451272487,0.0,0.9693430662155152,0.0118055418133735,0.0097478851675987,0.009103569202125,0.0,0.9880905747413636,0.0051129632629454,0.0032423669472336,0.0035541329998522,0.0,0.9765344262123108,0.0095816105604171,0.0069004222750663,0.0069835595786571,0.0,0.975619912147522,0.0081682708114385,0.0075239543803036,0.008687880821526,0.0,0.9751210808753968,0.0099972980096936,0.007648660801351,0.007232972420752,0.0,0.981938362121582,0.0064847338944673,0.0057572801597416,0.0058196331374347,0.0,0.9816266298294068,0.0064223809167742,0.0056325737386941,0.0063184588216245,0.0,0.9729179739952089,0.0102467108517885,0.0088125877082347,0.0080227795988321,0.0,0.990584671497345,0.0034294265788048,0.0027643258217722,0.0032215826213359,0.0,0.9816474318504332,0.0068172845058143,0.0053831608965992,0.0061521837487816,0.0,0.97516268491745,0.0100804362446069,0.007565523032099,0.0071914037689566,0.0,0.9669944047927856,0.0122627988457679,0.0099141607061028,0.0108286747708916,0.0,0.9845572113990784,0.0060690459795296,0.0046557066962122,0.0047180596739053,0.0,0.9722736477851868,0.0106416149064898,0.0084800366312265,0.0086047435179352,0.0,0.9692183136940002,0.0112235778942704,0.0098725920543074,0.0096855321899056,0.0,0.9638559818267822,0.0144451605156064,0.0116392662748694,0.0100596519187092,0.0,0.97212815284729,0.0106416149064898,0.0084592523053288,0.0087710181251168,0.0,0.951697051525116,0.0178953725844621,0.0167522300034761,0.0136553533375263,0.0,0.9767630696296692,0.008147486485540867,0.007731798104941845,0.007357678841799498,0.0
29,0.999667465686798,0.0,0.0,0.0003325504658278,0.0,0.9997714161872864,0.0,0.0,0.0002286284434376,0.0,0.9997298121452332,0.0,0.0,0.000270197255304,0.0,0.9997506141662598,0.0,0.0,0.0002494128420948,0.0,0.9997506141662598,0.0,0.0,0.0002494128420948,0.0,0.9997506141662598,0.0,0.0,0.0002494128420948,0.0,0.9997714161872864,0.0,0.0,0.0002286284434376,0.0,0.9998337626457214,0.0,0.0,0.0001662752329139,0.0,0.9995635747909546,0.0,0.0,0.000436472473666,0.0,0.9997298121452332,0.0,0.0,0.000270197255304,0.0,0.999792218208313,0.0,0.0,0.0002078440447803,0.0,0.9997506141662598,0.0,0.0,0.0002494128420948,0.0,0.9996882677078248,0.0,0.0,0.0003117660526186,0.0,0.9997506141662598,0.0,0.0,0.0002494128420948,0.0,0.9997714161872864,0.0,0.0,0.0002286284434376,0.0,0.9998129606246948,0.0,0.0,0.0001870596315711,0.0,0.9997506141662598,0.0,0.0,0.0002494128420948,0.0,0.9996882677078248,0.0,0.0,0.0003117660526186,0.0,0.9998129606246948,0.0,0.0,0.0001870596315711,0.0,0.9997714161872864,0.0,0.0,0.0002286284434376,0.0,0.9997714161872864,0.0,0.0,0.0002286284434376,0.0,0.9997506141662598,0.0,0.0,0.0002494128420948,0.0,0.9997714161872864,0.0,0.0,0.0002286284434376,0.0,0.9998129606246948,0.0,0.0,0.0001870596315711,0.0,0.9995635747909546,0.0,0.0,0.000436472473666,0.0,0.9997090697288512,0.0,0.0,0.0002909816685132,0.0,0.9997298121452332,0.0,0.0,0.000270197255304,0.0,0.999792218208313,0.0,0.0,0.0002078440447803,0.0,0.9998129606246948,0.0,0.0,0.0001870596315711,0.0,0.9997298121452332,0.0,0.0,0.000270197255304,0.0,0.980712115764618,0.0059651238843798,0.0064847338944673,0.006838068831712,0.0,0.974393665790558,0.0085008209571242,0.0085008209571242,0.0086047435179352,0.0,0.9757238626480104,0.0074200322851538,0.0081267021596431,0.0087294494733214,0.0,0.9592210054397584,0.012948683463037,0.0139463348314166,0.0138839818537235,0.0,0.98135644197464,0.0062561058439314,0.0059443395584821,0.0064431652426719,0.0,0.980192482471466,0.0061729680746793,0.0064639495685696,0.0071706194430589,0.0,0.9715877771377563,0.0091243535280227,0.0096231792122125,0.0096647478640079,0.0,0.9631493091583252,0.0131149590015411,0.0117431879043579,0.0119926007464528,0.0,0.9505331516265868,0.0155259501188993,0.0167937986552715,0.0171471331268548,0.0,0.9911458492279052,0.0027435412630438,0.0024525597691535,0.003658055095002,0.0,0.9716085195541382,0.009831023402512,0.0093321977183222,0.0092282751575112,0.0,0.9671814441680908,0.0107871061190962,0.0111612249165773,0.010870243422687,0.0,0.9872384071350098,0.0046557066962122,0.0037827615160495,0.0043231560848653,0.0,0.9746222496032716,0.0086255278438329,0.0084800366312265,0.008272192440927,0.0,0.9740403294563292,0.0078357206657528,0.0084592523053288,0.0096647478640079,0.0,0.973811686038971,0.0088957250118255,0.0088749406859278,0.0084176836535334,0.0,0.9806081652641296,0.0062353210523724,0.0060274773277342,0.0071290507912635,0.0,0.9802964329719543,0.0063808122649788,0.0058196331374347,0.0075031700544059,0.0,0.971047341823578,0.0095608262345194,0.0099557293578982,0.0094361193478107,0.0,0.9898988008499146,0.0032423669472336,0.0032215826213359,0.0036372707691043,0.0,0.9802548289299012,0.0067549315281212,0.0058612017892301,0.0071290507912635,0.0,0.973541498184204,0.0091867065057158,0.0083345463499426,0.0089372936636209,0.0,0.9651861786842346,0.0109325964003801,0.0113275004550814,0.0125537803396582,0.0,0.9833101630210876,0.0057157110422849,0.0055910046212375,0.0053831608965992,0.0,0.9703406691551208,0.0100596519187092,0.0096023948863148,0.0099972980096936,0.0,0.9671814441680908,0.0107039678841829,0.0104753393679857,0.0116392662748694,0.0,0.961237132549286,0.013364371843636,0.0136969219893217,0.0117016192525625,0.0,0.9704446196556092,0.0097478851675987,0.009415335021913,0.0103922020643949,0.0,0.9484131336212158,0.0163157563656568,0.0184357669204473,0.0168353673070669,0.0,0.9754120707511902,0.007731798104941845,0.008085133507847786,0.008771018125116825,0.0
30,0.999667465686798,0.0,0.0,0.0003325504658278,0.0,0.9997714161872864,0.0,0.0,0.0002286284434376,0.0,0.9997298121452332,0.0,0.0,0.000270197255304,0.0,0.9997506141662598,0.0,0.0,0.0002494128420948,0.0,0.9997506141662598,0.0,0.0,0.0002494128420948,0.0,0.9997506141662598,0.0,0.0,0.0002494128420948,0.0,0.9997714161872864,0.0,0.0,0.0002286284434376,0.0,0.9998337626457214,0.0,0.0,0.0001662752329139,0.0,0.9995635747909546,0.0,0.0,0.000436472473666,0.0,0.9997298121452332,0.0,0.0,0.000270197255304,0.0,0.999792218208313,0.0,0.0,0.0002078440447803,0.0,0.9997506141662598,0.0,0.0,0.0002494128420948,0.0,0.9996882677078248,0.0,0.0,0.0003117660526186,0.0,0.9997506141662598,0.0,0.0,0.0002494128420948,0.0,0.9997714161872864,0.0,0.0,0.0002286284434376,0.0,0.9998129606246948,0.0,0.0,0.0001870596315711,0.0,0.9997506141662598,0.0,0.0,0.0002494128420948,0.0,0.9996882677078248,0.0,0.0,0.0003117660526186,0.0,0.9998129606246948,0.0,0.0,0.0001870596315711,0.0,0.9997714161872864,0.0,0.0,0.0002286284434376,0.0,0.9997714161872864,0.0,0.0,0.0002286284434376,0.0,0.9997506141662598,0.0,0.0,0.0002494128420948,0.0,0.9997714161872864,0.0,0.0,0.0002286284434376,0.0,0.9998129606246948,0.0,0.0,0.0001870596315711,0.0,0.9995635747909546,0.0,0.0,0.000436472473666,0.0,0.9997090697288512,0.0,0.0,0.0002909816685132,0.0,0.9997298121452332,0.0,0.0,0.000270197255304,0.0,0.999792218208313,0.0,0.0,0.0002078440447803,0.0,0.9998129606246948,0.0,0.0,0.0001870596315711,0.0,0.9997298121452332,0.0,0.0,0.000270197255304,0.0,0.979672908782959,0.0055702202953398,0.0071082659997045,0.007648660801351,0.0,0.9733336567878724,0.0066094403155148,0.0102882804349064,0.0097686694934964,0.0,0.9742273688316344,0.0064015965908765,0.0093114133924245,0.0100596519187092,0.0,0.9566022157669068,0.0114314220845699,0.0160871297121047,0.0158792845904827,0.0,0.9799430966377258,0.0057780644856393,0.0071706194430589,0.0071082659997045,0.0,0.9788830876350404,0.0056741423904895,0.0075863073579967,0.0078565049916505,0.0,0.9697794914245604,0.0077525828965008,0.0117016192525625,0.0107663217931985,0.0,0.9611955285072328,0.011285931803286,0.0141126103699207,0.0134059404954314,0.0,0.947560966014862,0.0135514317080378,0.0192255731672048,0.0196620468050241,0.0,0.99070942401886,0.0022862844634801,0.0030553073156625,0.0039490368217229,0.0,0.9698002934455872,0.0084176836535334,0.011182009242475,0.0106000462546944,0.0,0.965290069580078,0.0095400419086217,0.0128863304853439,0.0122835831716656,0.0,0.9867603778839112,0.0033255047164857,0.0048635504208505,0.0050506102852523,0.0,0.972897171974182,0.0077110137790441,0.0102882804349064,0.009103569202125,0.0,0.9727516770362854,0.0068172845058143,0.0094569036737084,0.0109741650521755,0.0,0.9720866084098816,0.0073576788417994,0.0109741650521755,0.0095816105604171,0.0,0.9797767996788024,0.00507139461115,0.0071498351171612,0.0080019952729344,0.0,0.9792364239692688,0.0056741423904895,0.0067341467365622,0.0083553306758403,0.0,0.969426155090332,0.0083553306758403,0.0113898534327745,0.0108286747708916,0.0,0.9893584251403807,0.0028474633581936,0.003699623979628,0.0040945275686681,0.0,0.9793195724487304,0.0056325737386941,0.0073784636333584,0.0076694451272487,0.0,0.9722736477851868,0.007565523032099,0.0101427892223,0.0100180823355913,0.0,0.9630453586578368,0.0097063165158033,0.0134682934731245,0.013780060224235,0.0,0.9823125004768372,0.0048843347467482,0.0065678716637194,0.0062353210523724,0.0,0.9685324430465698,0.0088125877082347,0.0114522064104676,0.0112027935683727,0.0,0.9654355645179749,0.0093114133924245,0.0123875048011541,0.0128655461594462,0.0,0.9586806297302246,0.011909463442862,0.0154012432321906,0.0140086887404322,0.0,0.9686155915260316,0.008687880821526,0.0112443622201681,0.0114522064104676,0.0,0.945046067237854,0.0145282987505197,0.0210546012967824,0.0193710643798112,0.0,0.9740195274353027,0.00679650017991662,0.00935298204421997,0.009831023402512074,0.0
31,0.999667465686798,0.0,0.0,0.0003325504658278,0.0,0.9997714161872864,0.0,0.0,0.0002286284434376,0.0,0.9997298121452332,0.0,0.0,0.000270197255304,0.0,0.9997506141662598,0.0,0.0,0.0002494128420948,0.0,0.9997506141662598,0.0,0.0,0.0002494128420948,0.0,0.9997506141662598,0.0,0.0,0.0002494128420948,0.0,0.9997714161872864,0.0,0.0,0.0002286284434376,0.0,0.9998337626457214,0.0,0.0,0.0001662752329139,0.0,0.9995635747909546,0.0,0.0,0.000436472473666,0.0,0.9997298121452332,0.0,0.0,0.000270197255304,0.0,0.999792218208313,0.0,0.0,0.0002078440447803,0.0,0.9997506141662598,0.0,0.0,0.0002494128420948,0.0,0.9996882677078248,0.0,0.0,0.0003117660526186,0.0,0.9997506141662598,0.0,0.0,0.0002494128420948,0.0,0.9997714161872864,0.0,0.0,0.0002286284434376,0.0,0.9998129606246948,0.0,0.0,0.0001870596315711,0.0,0.9997506141662598,0.0,0.0,0.0002494128420948,0.0,0.9996882677078248,0.0,0.0,0.0003117660526186,0.0,0.9998129606246948,0.0,0.0,0.0001870596315711,0.0,0.9997714161872864,0.0,0.0,0.0002286284434376,0.0,0.9997714161872864,0.0,0.0,0.0002286284434376,0.0,0.9997506141662598,0.0,0.0,0.0002494128420948,0.0,0.9997714161872864,0.0,0.0,0.0002286284434376,0.0,0.9998129606246948,0.0,0.0,0.0001870596315711,0.0,0.9995635747909546,0.0,0.0,0.000436472473666,0.0,0.9997090697288512,0.0,0.0,0.0002909816685132,0.0,0.9997298121452332,0.0,0.0,0.000270197255304,0.0,0.999792218208313,0.0,0.0,0.0002078440447803,0.0,0.9998129606246948,0.0,0.0,0.0001870596315711,0.0,0.9997298121452332,0.0,0.0,0.000270197255304,0.0,0.9782595634460448,0.0048219817690551,0.0080851335078477,0.0088333720341324,0.0,0.971421480178833,0.006110614631325,0.0112651474773883,0.0112027935683727,0.0,0.9723359942436218,0.0059235552325844,0.0103506334125995,0.0113898534327745,0.0,0.9532143473625184,0.0106208305805921,0.0179577246308326,0.0182071384042501,0.0,0.9783634543418884,0.0053415917791426,0.0082098394632339,0.0080851335078477,0.0,0.977282702922821,0.0051753167062997,0.0086670964956283,0.0088749406859278,0.0,0.9675763845443726,0.0070666973479092,0.0130110373720526,0.0123459361493587,0.0,0.9579116106033324,0.0097894547507166,0.0168561525642871,0.0154428118839859,0.0,0.9433625340461732,0.0128655461594462,0.0211377386003732,0.0226342156529426,0.0,0.9900027513504028,0.0022862844634801,0.0033878579270094,0.0043231560848653,0.0,0.9675347805023192,0.0076902294531464,0.0125122116878628,0.0122627988457679,0.0,0.9625049829483032,0.0085216052830219,0.0148816332221031,0.014091826044023,0.0,0.985617220401764,0.0032007982954382,0.0056949267163872,0.0054870825260877,0.0,0.9709018468856812,0.0070043443702161,0.0114522064104676,0.0106416149064898,0.0,0.9707979559898376,0.0062976744957268,0.0103922020643949,0.0125122116878628,0.0,0.9700496792793274,0.0066094403155148,0.0125537803396582,0.0107871061190962,0.0,0.9782179594039916,0.0045310002751648,0.0081682708114385,0.0090827848762273,0.0,0.978072464466095,0.0046141375787556,0.0077941515482962,0.0095192566514015,0.0,0.9671398997306824,0.007232972420752,0.0130733903497457,0.0125537803396582,0.0,0.9885270595550536,0.0026396194007247,0.0039698211476206,0.0048635504208505,0.0,0.9778438806533812,0.0049259038642048,0.0084176836535334,0.0088125877082347,0.0,0.9702159762382508,0.0065055186860263,0.0119926007464528,0.011285931803286,0.0,0.9603434205055236,0.0084384679794311,0.0154843814671039,0.0157337933778762,0.0,0.9808576107025146,0.0044894311577081,0.0075239543803036,0.0071290507912635,0.0,0.966142237186432,0.0077941515482962,0.013052606023848,0.0130110373720526,0.0,0.96308696269989,0.0078149363398551,0.0144243761897087,0.0146737890318036,0.0,0.9555422067642212,0.0106000462546944,0.0180200785398483,0.0158377159386873,0.0,0.9662045836448668,0.0076694451272487,0.0128447618335485,0.0132812345400452,0.0,0.9408891797065736,0.0131149590015411,0.0236526522785425,0.0223432350903749,0.0,0.9721904993057251,0.0059235552325844765,0.01032984908670187,0.011556128971278667,0.0
32,0.999667465686798,0.0,0.0,0.0003325504658278,0.0,0.9997714161872864,0.0,0.0,0.0002286284434376,0.0,0.9997298121452332,0.0,0.0,0.000270197255304,0.0,0.9997506141662598,0.0,0.0,0.0002494128420948,0.0,0.9997506141662598,0.0,0.0,0.0002494128420948,0.0,0.9997506141662598,0.0,0.0,0.0002494128420948,0.0,0.9997714161872864,0.0,0.0,0.0002286284434376,0.0,0.9998337626457214,0.0,0.0,0.0001662752329139,0.0,0.9995635747909546,0.0,0.0,0.000436472473666,0.0,0.9997298121452332,0.0,0.0,0.000270197255304,0.0,0.999792218208313,0.0,0.0,0.0002078440447803,0.0,0.9997506141662598,0.0,0.0,0.0002494128420948,0.0,0.9996882677078248,0.0,0.0,0.0003117660526186,0.0,0.9997506141662598,0.0,0.0,0.0002494128420948,0.0,0.9997714161872864,0.0,0.0,0.0002286284434376,0.0,0.9998129606246948,0.0,0.0,0.0001870596315711,0.0,0.9997506141662598,0.0,0.0,0.0002494128420948,0.0,0.9996882677078248,0.0,0.0,0.0003117660526186,0.0,0.9998129606246948,0.0,0.0,0.0001870596315711,0.0,0.9997714161872864,0.0,0.0,0.0002286284434376,0.0,0.9997714161872864,0.0,0.0,0.0002286284434376,0.0,0.9997506141662598,0.0,0.0,0.0002494128420948,0.0,0.9997714161872864,0.0,0.0,0.0002286284434376,0.0,0.9998129606246948,0.0,0.0,0.0001870596315711,0.0,0.9995635747909546,0.0,0.0,0.000436472473666,0.0,0.9997090697288512,0.0,0.0,0.0002909816685132,0.0,0.9997298121452332,0.0,0.0,0.000270197255304,0.0,0.999792218208313,0.0,0.0,0.0002078440447803,0.0,0.9998129606246948,0.0,0.0,0.0001870596315711,0.0,0.9997298121452332,0.0,0.0,0.000270197255304,0.0,0.976700723171234,0.0053831608965992,0.0076694451272487,0.0102467108517885,0.0,0.969301462173462,0.0066510094329714,0.0110157346352934,0.0130318216979503,0.0,0.9705485105514526,0.0066510094329714,0.0098518077284097,0.012948683463037,0.0,0.9497225880622864,0.0118471104651689,0.0172926243394613,0.0211377386003732,0.0,0.976700723171234,0.0059443395584821,0.0079812109470367,0.0093737663701176,0.0,0.9755783677101136,0.0058404174633324,0.008376115001738,0.0102051421999931,0.0,0.9646457433700562,0.0085839591920375,0.0127200549468398,0.0140502573922276,0.0,0.954710841178894,0.0108078904449939,0.0166898760944604,0.0177914500236511,0.0,0.9397668242454528,0.0138631975278258,0.0203063637018203,0.0260636433959007,0.0,0.9892337322235109,0.0024525597691535,0.0034709954634308,0.0048427660949528,0.0,0.965103030204773,0.0081682708114385,0.0128239775076508,0.0139047661796212,0.0,0.9600524306297302,0.0092906290665268,0.0140294730663299,0.0166275240480899,0.0,0.9845572113990784,0.0035333486739546,0.0058612017892301,0.0060482616536319,0.0,0.9688857793807985,0.007648660801351,0.0113690691068768,0.0120965233072638,0.0,0.968199908733368,0.0074200322851538,0.0099972980096936,0.0143828075379133,0.0,0.9677426218986512,0.0073784636333584,0.0120965233072638,0.0127824088558554,0.0,0.9768046140670776,0.0051337475888431,0.0076902294531464,0.0103714177384972,0.0,0.976264238357544,0.0053623761050403,0.0075447387062013,0.0108286747708916,0.0,0.964396357536316,0.0085216052830219,0.0122420135885477,0.0148400645703077,0.0,0.9877164363861084,0.0028682476840913,0.0040945275686681,0.0053208074532449,0.0,0.9762850403785706,0.0053623761050403,0.0081890551373362,0.0101635735481977,0.0,0.9679712653160096,0.0071914037689566,0.0116808349266648,0.0131565276533365,0.0,0.9564982652664183,0.0104961236938834,0.0150479087606072,0.0179577246308326,0.0,0.9793819189071656,0.0051753167062997,0.0070666973479092,0.008376115001738,0.0,0.9637728333473206,0.0085008209571242,0.0129902521148324,0.0147361429408192,0.0,0.9603226184844972,0.0088957250118255,0.0137592758983373,0.0170224271714687,0.0,0.9519049525260924,0.0119510320946574,0.0173549782484769,0.0187891013920307,0.0,0.9636688828468324,0.0084592523053288,0.0126992706209421,0.0151726147159934,0.0,0.936981737613678,0.0147153576835989,0.0223848037421703,0.0259181521832942,0.0,0.9701120853424072,0.0066510094329714775,0.009934945032000542,0.013302018865942955,0.0
33,0.999667465686798,0.0,0.0,0.0003325504658278,0.0,0.9997714161872864,0.0,0.0,0.0002286284434376,0.0,0.9997298121452332,0.0,0.0,0.000270197255304,0.0,0.9997506141662598,0.0,0.0,0.0002494128420948,0.0,0.9997506141662598,0.0,0.0,0.0002494128420948,0.0,0.9997506141662598,0.0,0.0,0.0002494128420948,0.0,0.9997714161872864,0.0,0.0,0.0002286284434376,0.0,0.9998337626457214,0.0,0.0,0.0001662752329139,0.0,0.9995635747909546,0.0,0.0,0.000436472473666,0.0,0.9997298121452332,0.0,0.0,0.000270197255304,0.0,0.999792218208313,0.0,0.0,0.0002078440447803,0.0,0.9997506141662598,0.0,0.0,0.0002494128420948,0.0,0.9996882677078248,0.0,0.0,0.0003117660526186,0.0,0.9997506141662598,0.0,0.0,0.0002494128420948,0.0,0.9997714161872864,0.0,0.0,0.0002286284434376,0.0,0.9998129606246948,0.0,0.0,0.0001870596315711,0.0,0.9997506141662598,0.0,0.0,0.0002494128420948,0.0,0.9996882677078248,0.0,0.0,0.0003117660526186,0.0,0.9998129606246948,0.0,0.0,0.0001870596315711,0.0,0.9997714161872864,0.0,0.0,0.0002286284434376,0.0,0.9997714161872864,0.0,0.0,0.0002286284434376,0.0,0.9997506141662598,0.0,0.0,0.0002494128420948,0.0,0.9997714161872864,0.0,0.0,0.0002286284434376,0.0,0.9998129606246948,0.0,0.0,0.0001870596315711,0.0,0.9995635747909546,0.0,0.0,0.000436472473666,0.0,0.9997090697288512,0.0,0.0,0.0002909816685132,0.0,0.9997298121452332,0.0,0.0,0.000270197255304,0.0,0.999792218208313,0.0,0.0,0.0002078440447803,0.0,0.9998129606246948,0.0,0.0,0.0001870596315711,0.0,0.9997298121452332,0.0,0.0,0.000270197255304,0.0,0.9749132394790648,0.005798848811537,0.0076070916838943,0.0116808349266648,0.0,0.967223048210144,0.0071706194430589,0.0105792619287967,0.0150271244347095,0.0,0.9690312743186952,0.0066925780847668,0.0097478851675987,0.0145282987505197,0.0,0.9459605813026428,0.0132604502141475,0.0168145820498466,0.0239644180983304,0.0,0.9754536747932434,0.0059027709066867,0.0076278764754533,0.0110157346352934,0.0,0.9741026759147644,0.0060898303054273,0.0078980736434459,0.011909463442862,0.0,0.9620476961135864,0.0095400419086217,0.0119302477687597,0.0164820328354835,0.0,0.9516139626502992,0.0115353446453809,0.0165028162300586,0.0203479323536157,0.0,0.9354644417762756,0.0150686930865049,0.0200361646711826,0.0294307153671979,0.0,0.9885270595550536,0.0026188348419964,0.0035749175585806,0.0052792388014495,0.0,0.962712824344635,0.0088957250118255,0.0123667204752564,0.0160247758030891,0.0,0.9570594429969788,0.0101220048964023,0.0139671191573143,0.0188514553010463,0.0,0.9833309650421144,0.0039074681699275,0.0059651238843798,0.0067965001799166,0.0,0.966454029083252,0.0081682708114385,0.011493775062263,0.0138839818537235,0.0,0.9662461876869202,0.0077941515482962,0.0097478851675987,0.0162118356674909,0.0,0.9652277231216432,0.0085839591920375,0.0113067161291837,0.0148816332221031,0.0,0.9753497242927552,0.0052584540098905,0.0078149363398551,0.0115769132971763,0.0,0.9747053980827332,0.0055910046212375,0.0077525828965008,0.0119510320946574,0.0,0.9621100425720216,0.0089372936636209,0.0121173076331615,0.0168353673070669,0.0,0.9868435263633728,0.0030553073156625,0.0041153118945658,0.0059859082102775,0.0,0.9744768142700196,0.0057780644856393,0.0082098394632339,0.0115353446453809,0.0,0.965477168560028,0.00806434918195,0.0117016192525625,0.0147569272667169,0.0,0.9534429907798768,0.0117431879043579,0.0140710417181253,0.0207428354769945,0.0,0.9780517220497132,0.0052584540098905,0.0073161101900041,0.0093737663701176,0.0,0.9608629941940308,0.0094776879996061,0.0125745646655559,0.0170847810804843,0.0,0.9575998783111572,0.0095816105604171,0.0132604502141475,0.0195581242442131,0.0,0.9483092427253724,0.0129278991371393,0.0170639958232641,0.0216989181935787,0.0,0.9611955285072328,0.0092490594834089,0.012325151823461,0.0172302704304456,0.0,0.9330118894577026,0.0154012432321906,0.0211793072521686,0.0304075833410024,0.0,0.9681583046913147,0.0072537572123110294,0.009498472325503826,0.01508947741240263,0.0
34,0.999667465686798,0.0,0.0,0.0003325504658278,0.0,0.9997714161872864,0.0,0.0,0.0002286284434376,0.0,0.9997298121452332,0.0,0.0,0.000270197255304,0.0,0.9997506141662598,0.0,0.0,0.0002494128420948,0.0,0.9997506141662598,0.0,0.0,0.0002494128420948,0.0,0.9997506141662598,0.0,0.0,0.0002494128420948,0.0,0.9997714161872864,0.0,0.0,0.0002286284434376,0.0,0.9998337626457214,0.0,0.0,0.0001662752329139,0.0,0.9995635747909546,0.0,0.0,0.000436472473666,0.0,0.9997298121452332,0.0,0.0,0.000270197255304,0.0,0.999792218208313,0.0,0.0,0.0002078440447803,0.0,0.9997506141662598,0.0,0.0,0.0002494128420948,0.0,0.9996882677078248,0.0,0.0,0.0003117660526186,0.0,0.9997506141662598,0.0,0.0,0.0002494128420948,0.0,0.9997714161872864,0.0,0.0,0.0002286284434376,0.0,0.9998129606246948,0.0,0.0,0.0001870596315711,0.0,0.9997506141662598,0.0,0.0,0.0002494128420948,0.0,0.9996882677078248,0.0,0.0,0.0003117660526186,0.0,0.9998129606246948,0.0,0.0,0.0001870596315711,0.0,0.9997714161872864,0.0,0.0,0.0002286284434376,0.0,0.9997714161872864,0.0,0.0,0.0002286284434376,0.0,0.9997506141662598,0.0,0.0,0.0002494128420948,0.0,0.9997714161872864,0.0,0.0,0.0002286284434376,0.0,0.9998129606246948,0.0,0.0,0.0001870596315711,0.0,0.9995635747909546,0.0,0.0,0.000436472473666,0.0,0.9997090697288512,0.0,0.0,0.0002909816685132,0.0,0.9997298121452332,0.0,0.0,0.000270197255304,0.0,0.999792218208313,0.0,0.0,0.0002078440447803,0.0,0.9998129606246948,0.0,0.0,0.0001870596315711,0.0,0.9997298121452332,0.0,0.0,0.000270197255304,0.0,0.9735206961631776,0.0061521837487816,0.0070043443702161,0.0133228031918406,0.0,0.9653940200805664,0.0079396422952413,0.0095608262345194,0.0171055644750595,0.0,0.967223048210144,0.0070043443702161,0.0089165093377232,0.0168561525642871,0.0,0.9426766633987428,0.0139255505055189,0.0155675187706947,0.0278303176164627,0.0,0.9739571809768676,0.0059859082102775,0.0076694451272487,0.0123875048011541,0.0,0.9724191427230836,0.0064639495685696,0.0074823852628469,0.0136345690116286,0.0,0.959948480129242,0.009831023402512,0.0109325964003801,0.0192879270762205,0.0,0.9484962821006776,0.0126992706209421,0.0150686930865049,0.0237357895821332,0.0,0.9318687319755554,0.0156922247260808,0.0184981189668178,0.0339409336447715,0.0,0.9876332879066468,0.0030760918743908,0.0031800137367099,0.006110614631325,0.0,0.9604681134223938,0.0093321977183222,0.0116392662748694,0.0185604728758335,0.0,0.9541912078857422,0.0110988719388842,0.0126784862950444,0.0220314692705869,0.0,0.9823333024978638,0.004427078180015,0.0051337475888431,0.0081059178337454,0.0,0.9644171595573424,0.0084800366312265,0.0103506334125995,0.0167522300034761,0.0,0.9644171595573424,0.0083345463499426,0.0091243535280227,0.0181240011006593,0.0,0.9628167152404784,0.0092698438093066,0.0106208305805921,0.0172926243394613,0.0,0.9738532304763794,0.0059235552325844,0.0070666973479092,0.0131565276533365,0.0,0.9733336567878724,0.0059027709066867,0.0074408166110515,0.0133228031918406,0.0,0.9598653316497804,0.0095608262345194,0.011182009242475,0.0193918496370315,0.0,0.986261546611786,0.0030968762002885,0.0037827615160495,0.0068588531576097,0.0,0.9729595184326172,0.0063600274734199,0.0076902294531464,0.0129902521148324,0.0,0.963357150554657,0.0089165093377232,0.010454555042088,0.017271839082241,0.0,0.9509696364402772,0.0120757389813661,0.0130733903497457,0.0238812807947397,0.0,0.9766591787338256,0.0056533580645918,0.0067133624106645,0.0109741650521755,0.0,0.958327293395996,0.0102051421999931,0.0118678947910666,0.0195996928960084,0.0,0.954710841178894,0.0107247522100806,0.0124498577788472,0.0221146065741777,0.0,0.9449421763420104,0.0137384915724396,0.0159208532422781,0.0253985412418842,0.0,0.9593457579612732,0.0092698438093066,0.0115769132971763,0.0198075380176305,0.0,0.9295409321784972,0.0155051657930016,0.0196828301995992,0.0352711342275142,0.0,0.9659967422485352,0.00802277959883213,0.009124353528022766,0.016856152564287186,0.0
35,0.999667465686798,0.0,0.0,0.0003325504658278,0.0,0.9997714161872864,0.0,0.0,0.0002286284434376,0.0,0.9997298121452332,0.0,0.0,0.000270197255304,0.0,0.9997506141662598,0.0,0.0,0.0002494128420948,0.0,0.9997506141662598,0.0,0.0,0.0002494128420948,0.0,0.9997506141662598,0.0,0.0,0.0002494128420948,0.0,0.9997714161872864,0.0,0.0,0.0002286284434376,0.0,0.9998337626457214,0.0,0.0,0.0001662752329139,0.0,0.9995635747909546,0.0,0.0,0.000436472473666,0.0,0.9997298121452332,0.0,0.0,0.000270197255304,0.0,0.999792218208313,0.0,0.0,0.0002078440447803,0.0,0.9997506141662598,0.0,0.0,0.0002494128420948,0.0,0.9996882677078248,0.0,0.0,0.0003117660526186,0.0,0.9997506141662598,0.0,0.0,0.0002494128420948,0.0,0.9997714161872864,0.0,0.0,0.0002286284434376,0.0,0.9998129606246948,0.0,0.0,0.0001870596315711,0.0,0.9997506141662598,0.0,0.0,0.0002494128420948,0.0,0.9996882677078248,0.0,0.0,0.0003117660526186,0.0,0.9998129606246948,0.0,0.0,0.0001870596315711,0.0,0.9997714161872864,0.0,0.0,0.0002286284434376,0.0,0.9997714161872864,0.0,0.0,0.0002286284434376,0.0,0.9997506141662598,0.0,0.0,0.0002494128420948,0.0,0.9997714161872864,0.0,0.0,0.0002286284434376,0.0,0.9998129606246948,0.0,0.0,0.0001870596315711,0.0,0.9995635747909546,0.0,0.0,0.000436472473666,0.0,0.9997090697288512,0.0,0.0,0.0002909816685132,0.0,0.9997298121452332,0.0,0.0,0.000270197255304,0.0,0.999792218208313,0.0,0.0,0.0002078440447803,0.0,0.9998129606246948,0.0,0.0,0.0001870596315711,0.0,0.9997298121452332,0.0,0.0,0.000270197255304,0.0,0.971359133720398,0.0069004222750663,0.0069835595786571,0.0147569272667169,0.0,0.9620476961135864,0.0093737663701176,0.0085216052830219,0.0200569499284029,0.0,0.9645002484321594,0.0078357206657528,0.0082929776981472,0.0193710643798112,0.0,0.9379377961158752,0.0152765372768044,0.01481928024441,0.0319664143025875,0.0,0.9716916680336,0.0066717937588691,0.0073576788417994,0.0142788859084248,0.0,0.9700912833213806,0.0071914037689566,0.0072745415382087,0.0154428118839859,0.0,0.9562904238700868,0.011285931803286,0.0099557293578982,0.0224679410457611,0.0,0.943882167339325,0.0140294730663299,0.0145698674023151,0.0275185517966747,0.0,0.926215410232544,0.0171471331268548,0.0177498813718557,0.038887619972229,0.0,0.986323893070221,0.0036788394208997,0.0029929541051387,0.0070043443702161,0.0,0.956851601600647,0.0106831835582852,0.0106831835582852,0.0217820554971694,0.0,0.9501590132713318,0.0123459361493587,0.012325151823461,0.025169912725687,0.0,0.9806913137435912,0.0049259038642048,0.0044686468318104,0.0099141607061028,0.0,0.9611955285072328,0.0097063165158033,0.0097063165158033,0.0193918496370315,0.0,0.9616320133209229,0.0091659221798181,0.0087710181251168,0.0204310696572065,0.0,0.9594289064407348,0.0106208305805921,0.0093945506960153,0.0205557756125926,0.0,0.9719826579093932,0.0062353210523724,0.0066302251070737,0.0151518303900957,0.0,0.970714807510376,0.0073576788417994,0.006838068831712,0.0150894774124026,0.0,0.9568932056427002,0.0102467108517885,0.0106416149064898,0.0222185272723436,0.0,0.9850560426712036,0.0034709954634308,0.0036788394208997,0.0077941515482962,0.0,0.9707563519477844,0.0070874816738069,0.0071082659997045,0.0150479087606072,0.0,0.9604681134223938,0.0097478851675987,0.0096231792122125,0.0201608724892139,0.0,0.9476441144943236,0.0126992706209421,0.0124082891270518,0.0272483546286821,0.0,0.974393665790558,0.0064639495685696,0.0063392431475222,0.0128031931817531,0.0,0.9547731876373292,0.0113690691068768,0.0112027935683727,0.0226550009101629,0.0,0.9513853192329408,0.0117016192525625,0.0116600506007671,0.0252530518919229,0.0,0.9397668242454528,0.0157753620296716,0.0150479087606072,0.0294099319726228,0.0,0.9554175138473512,0.0107871061190962,0.0110988719388842,0.0226965695619583,0.0,0.9249683618545532,0.0159208532422781,0.0186851788312196,0.0404256656765937,0.0,0.9633778929710388,0.008812587708234787,0.00862552784383297,0.01918400451540947,0.0
36,0.999667465686798,0.0,0.0,0.0003325504658278,0.0,0.9997714161872864,0.0,0.0,0.0002286284434376,0.0,0.9997298121452332,0.0,0.0,0.000270197255304,0.0,0.9997506141662598,0.0,0.0,0.0002494128420948,0.0,0.9997506141662598,0.0,0.0,0.0002494128420948,0.0,0.9997506141662598,0.0,0.0,0.0002494128420948,0.0,0.9997714161872864,0.0,0.0,0.0002286284434376,0.0,0.9998337626457214,0.0,0.0,0.0001662752329139,0.0,0.9995635747909546,0.0,0.0,0.000436472473666,0.0,0.9997298121452332,0.0,0.0,0.000270197255304,0.0,0.999792218208313,0.0,0.0,0.0002078440447803,0.0,0.9997506141662598,0.0,0.0,0.0002494128420948,0.0,0.9996882677078248,0.0,0.0,0.0003117660526186,0.0,0.9997506141662598,0.0,0.0,0.0002494128420948,0.0,0.9997714161872864,0.0,0.0,0.0002286284434376,0.0,0.9998129606246948,0.0,0.0,0.0001870596315711,0.0,0.9997506141662598,0.0,0.0,0.0002494128420948,0.0,0.9996882677078248,0.0,0.0,0.0003117660526186,0.0,0.9998129606246948,0.0,0.0,0.0001870596315711,0.0,0.9997714161872864,0.0,0.0,0.0002286284434376,0.0,0.9997714161872864,0.0,0.0,0.0002286284434376,0.0,0.9997506141662598,0.0,0.0,0.0002494128420948,0.0,0.9997714161872864,0.0,0.0,0.0002286284434376,0.0,0.9998129606246948,0.0,0.0,0.0001870596315711,0.0,0.9995635747909546,0.0,0.0,0.000436472473666,0.0,0.9997090697288512,0.0,0.0,0.0002909816685132,0.0,0.9997298121452332,0.0,0.0,0.000270197255304,0.0,0.999792218208313,0.0,0.0,0.0002078440447803,0.0,0.9998129606246948,0.0,0.0,0.0001870596315711,0.0,0.9997298121452332,0.0,0.0,0.000270197255304,0.0,0.9686779379844666,0.0080227795988321,0.0063808122649788,0.0169185046106576,0.0,0.9598237872123718,0.0094776879996061,0.0082306237891316,0.0224679410457611,0.0,0.9613202810287476,0.0092282751575112,0.0077110137790441,0.0217404868453741,0.0,0.9327625036239624,0.016960073262453,0.0141126103699207,0.0361648648977279,0.0,0.9696547985076904,0.0070459130220115,0.0070043443702161,0.0162949729710817,0.0,0.9681583046913148,0.0074200322851538,0.0068796379491686,0.0175420362502336,0.0,0.95329749584198,0.0113482847809791,0.0099972980096936,0.0253569725900888,0.0,0.9395589828491212,0.0151518303900957,0.0129902521148324,0.0322989635169506,0.0,0.9215388894081116,0.0182279217988252,0.0164612475782632,0.043771956115961,0.0,0.9855340719223022,0.003699623979628,0.0030553073156625,0.0077110137790441,0.0,0.9535676836967468,0.0115353446453809,0.0101220048964023,0.0247750096023082,0.0,0.94679194688797,0.0132604502141475,0.0109741650521755,0.0289734601974487,0.0,0.9792779684066772,0.0052792388014495,0.0042608026415109,0.011182009242475,0.0,0.9583896398544312,0.0104961236938834,0.0090204309672117,0.0220938213169574,0.0,0.958514392375946,0.0096855321899056,0.0088957250118255,0.0229044128209352,0.0,0.9569555521011353,0.0107871061190962,0.0089165093377232,0.0233408864587545,0.0,0.9699665904045104,0.006838068831712,0.0059443395584821,0.0172510556876659,0.0,0.9685116410255432,0.0077525828965008,0.0064223809167742,0.0173134077340364,0.0,0.953754723072052,0.0106416149064898,0.0099765136837959,0.0256271697580814,0.0,0.9840791821479796,0.0036372707691043,0.0034502111375331,0.0088333720341324,0.0,0.9688857793807985,0.0073992479592561,0.0064847338944673,0.0172302704304456,0.0,0.9575167298316956,0.010454555042088,0.0087502337992191,0.0232785325497388,0.0,0.9437782168388368,0.0127200549468398,0.0122835831716656,0.0312181748449802,0.0,0.9722944498062134,0.0070874816738069,0.0059651238843798,0.0146530047059059,0.0,0.9513437747955322,0.0124290734529495,0.0101635735481977,0.0260636433959007,0.0,0.9478519558906556,0.0124706421047449,0.0105792619287967,0.0290981661528348,0.0,0.935235857963562,0.0166690926998853,0.0142373172566294,0.0338577926158905,0.0,0.9521543383598328,0.0115145603194832,0.0102051421999931,0.0261259954422712,0.0,0.9194188714027404,0.0175628215074539,0.0170224271714687,0.0459958873689174,0.0,0.9606966972351074,0.009415335021913052,0.008001995272934437,0.021885978057980537,0.0
37,0.999667465686798,0.0,0.0,0.0003325504658278,0.0,0.9997714161872864,0.0,0.0,0.0002286284434376,0.0,0.9997298121452332,0.0,0.0,0.000270197255304,0.0,0.9997506141662598,0.0,0.0,0.0002494128420948,0.0,0.9997506141662598,0.0,0.0,0.0002494128420948,0.0,0.9997506141662598,0.0,0.0,0.0002494128420948,0.0,0.9997714161872864,0.0,0.0,0.0002286284434376,0.0,0.9998337626457214,0.0,0.0,0.0001662752329139,0.0,0.9995635747909546,0.0,0.0,0.000436472473666,0.0,0.9997298121452332,0.0,0.0,0.000270197255304,0.0,0.999792218208313,0.0,0.0,0.0002078440447803,0.0,0.9997506141662598,0.0,0.0,0.0002494128420948,0.0,0.9996882677078248,0.0,0.0,0.0003117660526186,0.0,0.9997506141662598,0.0,0.0,0.0002494128420948,0.0,0.9997714161872864,0.0,0.0,0.0002286284434376,0.0,0.9998129606246948,0.0,0.0,0.0001870596315711,0.0,0.9997506141662598,0.0,0.0,0.0002494128420948,0.0,0.9996882677078248,0.0,0.0,0.0003117660526186,0.0,0.9998129606246948,0.0,0.0,0.0001870596315711,0.0,0.9997714161872864,0.0,0.0,0.0002286284434376,0.0,0.9997714161872864,0.0,0.0,0.0002286284434376,0.0,0.9997506141662598,0.0,0.0,0.0002494128420948,0.0,0.9997714161872864,0.0,0.0,0.0002286284434376,0.0,0.9998129606246948,0.0,0.0,0.0001870596315711,0.0,0.9995635747909546,0.0,0.0,0.000436472473666,0.0,0.9997090697288512,0.0,0.0,0.0002909816685132,0.0,0.9997298121452332,0.0,0.0,0.000270197255304,0.0,0.999792218208313,0.0,0.0,0.0002078440447803,0.0,0.9998129606246948,0.0,0.0,0.0001870596315711,0.0,0.9997298121452332,0.0,0.0,0.000270197255304,0.0,0.966266930103302,0.0086463121697306,0.0071706194430589,0.0179161559790372,0.0,0.9572465419769288,0.0099765136837959,0.0087294494733214,0.0240475554019212,0.0,0.9590131640434264,0.0100180823355913,0.0081682708114385,0.0228004921227693,0.0,0.9287095069885254,0.0172510556876659,0.0156090874224901,0.0384303629398345,0.0,0.9674516320228576,0.0080019952729344,0.0071914037689566,0.0173549782484769,0.0,0.966142237186432,0.007960426621139,0.0073161101900041,0.0185812581330537,0.0,0.9499719738960266,0.0120757389813661,0.011182009242475,0.0267703123390674,0.0,0.9358801245689392,0.0157337933778762,0.0139047661796212,0.0344813279807567,0.0,0.916218101978302,0.0192463584244251,0.0181655697524547,0.0463700070977211,0.0,0.9844533205032348,0.0040737432427704,0.0031592294108122,0.0083137620240449,0.0,0.9502213597297668,0.0124914264306426,0.010558477602899,0.026728743687272,0.0,0.9432170391082764,0.0138424132019281,0.0122835831716656,0.0306569952517747,0.0,0.97801011800766,0.0053208074532449,0.0047596283257007,0.011909463442862,0.0,0.955168068408966,0.011285931803286,0.0100804362446069,0.0234655924141407,0.0,0.955479860305786,0.0107663217931985,0.0093737663701176,0.0243801064789295,0.0,0.9539833664894104,0.0112443622201681,0.0098933763802051,0.0248789321631193,0.0,0.9679504632949828,0.0073992479592561,0.0065886559896171,0.0180616471916437,0.0,0.9659967422485352,0.0087086651474237,0.006921206600964,0.0183734130114316,0.0,0.9505746960639954,0.0115353446453809,0.0108078904449939,0.0270820781588554,0.0,0.9829568266868592,0.0038866836111992,0.0037411926314234,0.009415335021913,0.0,0.9668904542922974,0.0075863073579967,0.0071706194430589,0.0183526296168565,0.0,0.9547731876373292,0.0107039678841829,0.0096855321899056,0.0248373635113239,0.0,0.9395381808280944,0.0139047661796212,0.0135514317080378,0.0330056324601173,0.0,0.9704861640930176,0.007565523032099,0.0065055186860263,0.0154428118839859,0.0,0.9477896094322203,0.0130733903497457,0.0114106377586722,0.0277263950556516,0.0,0.945046067237854,0.0125537803396582,0.0116184819489717,0.0307817030698061,0.0,0.9307048320770264,0.0176043901592493,0.015546734444797,0.0361440777778625,0.0,0.948787271976471,0.0124082891270518,0.0109325964003801,0.027871886268258,0.0,0.9143267273902892,0.0186851788312196,0.0186851788312196,0.0483029559254646,0.0,0.9579739570617676,0.01018435787409544,0.008604743517935276,0.023236963897943497,0.0
38,0.999667465686798,0.0,0.0,0.0003325504658278,0.0,0.9997714161872864,0.0,0.0,0.0002286284434376,0.0,0.9997298121452332,0.0,0.0,0.000270197255304,0.0,0.9997506141662598,0.0,0.0,0.0002494128420948,0.0,0.9997506141662598,0.0,0.0,0.0002494128420948,0.0,0.9997506141662598,0.0,0.0,0.0002494128420948,0.0,0.9997714161872864,0.0,0.0,0.0002286284434376,0.0,0.9998337626457214,0.0,0.0,0.0001662752329139,0.0,0.9995635747909546,0.0,0.0,0.000436472473666,0.0,0.9997298121452332,0.0,0.0,0.000270197255304,0.0,0.999792218208313,0.0,0.0,0.0002078440447803,0.0,0.9997506141662598,0.0,0.0,0.0002494128420948,0.0,0.9996882677078248,0.0,0.0,0.0003117660526186,0.0,0.9997506141662598,0.0,0.0,0.0002494128420948,0.0,0.9997714161872864,0.0,0.0,0.0002286284434376,0.0,0.9998129606246948,0.0,0.0,0.0001870596315711,0.0,0.9997506141662598,0.0,0.0,0.0002494128420948,0.0,0.9996882677078248,0.0,0.0,0.0003117660526186,0.0,0.9998129606246948,0.0,0.0,0.0001870596315711,0.0,0.9997714161872864,0.0,0.0,0.0002286284434376,0.0,0.9997714161872864,0.0,0.0,0.0002286284434376,0.0,0.9997506141662598,0.0,0.0,0.0002494128420948,0.0,0.9997714161872864,0.0,0.0,0.0002286284434376,0.0,0.9998129606246948,0.0,0.0,0.0001870596315711,0.0,0.9995635747909546,0.0,0.0,0.000436472473666,0.0,0.9997090697288512,0.0,0.0,0.0002909816685132,0.0,0.9997298121452332,0.0,0.0,0.000270197255304,0.0,0.999792218208313,0.0,0.0,0.0002078440447803,0.0,0.9998129606246948,0.0,0.0,0.0001870596315711,0.0,0.9997298121452332,0.0,0.0,0.000270197255304,0.0,0.9635441899299622,0.0099765136837959,0.0071914037689566,0.0192879270762205,0.0,0.9548978805541992,0.0104961236938834,0.008999646641314,0.0256063863635063,0.0,0.9565190672874452,0.0107039678841829,0.0085008209571242,0.0242761839181184,0.0,0.923949897289276,0.018726747483015,0.016544384881854,0.0407790020108222,0.0,0.9652692675590516,0.008687880821526,0.0073992479592561,0.0186436101794242,0.0,0.9638559818267822,0.0085631748661398,0.0077733672223985,0.0198075380176305,0.0,0.9459813833236694,0.0139671191573143,0.0116392662748694,0.0284122806042432,0.0,0.9309958219528198,0.0175004675984382,0.0146530047059059,0.0368507467210292,0.0,0.9107725620269777,0.0210961699485778,0.0186643954366445,0.0494668819010257,0.0,0.983476459980011,0.0041568810120224,0.0035125643480569,0.0088541563600301,0.0,0.9465841054916382,0.0138839818537235,0.0111404405906796,0.028391495347023,0.0,0.9389978051185608,0.015193399041891,0.0129902521148324,0.0328185744583606,0.0,0.9764928817749025,0.0058404174633324,0.0049051195383071,0.0127616245299577,0.0,0.9518633484840392,0.0125537803396582,0.0102051421999931,0.0253777578473091,0.0,0.9527155160903932,0.0117016192525625,0.0096231792122125,0.0259597208350896,0.0,0.9512190222740172,0.011597697623074,0.0109949493780732,0.0261883493512868,0.0,0.96580970287323,0.0080435648560523,0.0067549315281212,0.0193918496370315,0.0,0.9636688828468324,0.0096647478640079,0.0069627752527594,0.0197036154568195,0.0,0.9474154710769652,0.0124498577788472,0.011182009242475,0.0289526749402284,0.0,0.9817513227462769,0.0045102154836058,0.0036372707691043,0.0101012205705046,0.0,0.9643340110778807,0.0086255278438329,0.0072953258641064,0.0197451841086149,0.0,0.9511774778366088,0.0121796606108546,0.0101843578740954,0.0264585465192794,0.0,0.9355475902557372,0.0154220275580883,0.0142165319994091,0.0348138771951198,0.0,0.9682830572128296,0.008376115001738,0.0066510094329714,0.0166898760944604,0.0,0.9437782168388368,0.0145490830764174,0.012013386003673,0.0296593438833951,0.0,0.9416166543960572,0.0130941746756434,0.0124706421047449,0.0328185744583606,0.0,0.9255918860435486,0.0193502809852361,0.0162949729710817,0.0387629121541976,0.0,0.9449629187583924,0.0143828075379133,0.0110988719388842,0.0295554231852293,0.0,0.9088396430015564,0.0207012668251991,0.0188722386956214,0.0515868924558162,0.0,0.9552304148674011,0.010766321793198586,0.009415335021913052,0.024587949737906456,0.0
39,0.999667465686798,0.0,0.0,0.0003325504658278,0.0,0.9997714161872864,0.0,0.0,0.0002286284434376,0.0,0.9997298121452332,0.0,0.0,0.000270197255304,0.0,0.9997506141662598,0.0,0.0,0.0002494128420948,0.0,0.9997506141662598,0.0,0.0,0.0002494128420948,0.0,0.9997506141662598,0.0,0.0,0.0002494128420948,0.0,0.9997714161872864,0.0,0.0,0.0002286284434376,0.0,0.9998337626457214,0.0,0.0,0.0001662752329139,0.0,0.9995635747909546,0.0,0.0,0.000436472473666,0.0,0.9997298121452332,0.0,0.0,0.000270197255304,0.0,0.999792218208313,0.0,0.0,0.0002078440447803,0.0,0.9997506141662598,0.0,0.0,0.0002494128420948,0.0,0.9996882677078248,0.0,0.0,0.0003117660526186,0.0,0.9997506141662598,0.0,0.0,0.0002494128420948,0.0,0.9997714161872864,0.0,0.0,0.0002286284434376,0.0,0.9998129606246948,0.0,0.0,0.0001870596315711,0.0,0.9997506141662598,0.0,0.0,0.0002494128420948,0.0,0.9996882677078248,0.0,0.0,0.0003117660526186,0.0,0.9998129606246948,0.0,0.0,0.0001870596315711,0.0,0.9997714161872864,0.0,0.0,0.0002286284434376,0.0,0.9997714161872864,0.0,0.0,0.0002286284434376,0.0,0.9997506141662598,0.0,0.0,0.0002494128420948,0.0,0.9997714161872864,0.0,0.0,0.0002286284434376,0.0,0.9998129606246948,0.0,0.0,0.0001870596315711,0.0,0.9995635747909546,0.0,0.0,0.000436472473666,0.0,0.9997090697288512,0.0,0.0,0.0002909816685132,0.0,0.9997298121452332,0.0,0.0,0.000270197255304,0.0,0.999792218208313,0.0,0.0,0.0002078440447803,0.0,0.9998129606246948,0.0,0.0,0.0001870596315711,0.0,0.9997298121452332,0.0,0.0,0.000270197255304,0.0,0.9611747860908508,0.0101843578740954,0.0083137620240449,0.0203271470963954,0.0,0.9515308141708374,0.0105169080197811,0.011285931803286,0.0266663897782564,0.0,0.9535260796546936,0.0109741650521755,0.009727100841701,0.0257726609706878,0.0,0.9187538027763368,0.0191840045154094,0.0186643954366445,0.0433978363871574,0.0,0.9625257253646852,0.0091659221798181,0.0082514081150293,0.0200569499284029,0.0,0.9614657759666444,0.0086255278438329,0.008791803382337,0.0211169552057981,0.0,0.9424895644187928,0.0138008445501327,0.0134890787303447,0.0302205234766006,0.0,0.925695776939392,0.0181863531470298,0.0173134077340364,0.0388044826686382,0.0,0.905327081680298,0.0208883266896009,0.0213455837219953,0.0524390526115894,0.0,0.9820838570594788,0.0042400183156132,0.0043855090625584,0.0092906290665268,0.0,0.9427598118782043,0.014091826044023,0.012948683463037,0.0301997400820255,0.0,0.9350280165672302,0.015131046064198,0.015131046064198,0.0347099564969539,0.0,0.9742481708526612,0.0064431652426719,0.0060690459795296,0.0132396649569273,0.0,0.9488704204559326,0.012325151823461,0.0117016192525625,0.0271028634160757,0.0,0.9493899941444396,0.0122420135885477,0.0111196562647819,0.0272483546286821,0.0,0.947560966014862,0.0118678947910666,0.0126577019691467,0.0279134549200534,0.0,0.9636688828468324,0.0083137620240449,0.0077941515482962,0.0202232245355844,0.0,0.9611955285072328,0.0095192566514015,0.0085216052830219,0.0207636188715696,0.0,0.9443185925483704,0.0125745646655559,0.0125329960137605,0.030573857948184,0.0,0.980504274368286,0.0045517846010625,0.0043023717589676,0.0106416149064898,0.0,0.9616320133209229,0.0091243535280227,0.0085631748661398,0.0206804815679788,0.0,0.9475817680358888,0.0128863304853439,0.0118055418133735,0.0277263950556516,0.0,0.9312660098075868,0.0163781102746725,0.0154012432321906,0.0369546711444854,0.0,0.9661214351654052,0.008272192440927,0.0079188579693436,0.01768752746284,0.0,0.9392472505569458,0.0155259501188993,0.0137592758983373,0.0314675867557525,0.0,0.9377299547195436,0.0136553533375263,0.0140502573922276,0.0345644652843475,0.0,0.920665979385376,0.0191008672118186,0.0189138073474168,0.0413193963468074,0.0,0.9413048624992372,0.0141126103699207,0.0131980963051319,0.0313844494521617,0.0,0.9033317565917968,0.021636564284563,0.0200777351856231,0.0549539662897586,0.0,0.9524661302566528,0.010911812074482441,0.010641614906489849,0.025980504229664803,0.0
40,0.999667465686798,0.0,0.0,0.0003325504658278,0.0,0.9997714161872864,0.0,0.0,0.0002286284434376,0.0,0.9997298121452332,0.0,0.0,0.000270197255304,0.0,0.9997506141662598,0.0,0.0,0.0002494128420948,0.0,0.9997506141662598,0.0,0.0,0.0002494128420948,0.0,0.9997506141662598,0.0,0.0,0.0002494128420948,0.0,0.9997714161872864,0.0,0.0,0.0002286284434376,0.0,0.9998337626457214,0.0,0.0,0.0001662752329139,0.0,0.9995635747909546,0.0,0.0,0.000436472473666,0.0,0.9997298121452332,0.0,0.0,0.000270197255304,0.0,0.999792218208313,0.0,0.0,0.0002078440447803,0.0,0.9997506141662598,0.0,0.0,0.0002494128420948,0.0,0.9996882677078248,0.0,0.0,0.0003117660526186,0.0,0.9997506141662598,0.0,0.0,0.0002494128420948,0.0,0.9997714161872864,0.0,0.0,0.0002286284434376,0.0,0.9998129606246948,0.0,0.0,0.0001870596315711,0.0,0.9997506141662598,0.0,0.0,0.0002494128420948,0.0,0.9996882677078248,0.0,0.0,0.0003117660526186,0.0,0.9998129606246948,0.0,0.0,0.0001870596315711,0.0,0.9997714161872864,0.0,0.0,0.0002286284434376,0.0,0.9997714161872864,0.0,0.0,0.0002286284434376,0.0,0.9997506141662598,0.0,0.0,0.0002494128420948,0.0,0.9997714161872864,0.0,0.0,0.0002286284434376,0.0,0.9998129606246948,0.0,0.0,0.0001870596315711,0.0,0.9995635747909546,0.0,0.0,0.000436472473666,0.0,0.9997090697288512,0.0,0.0,0.0002909816685132,0.0,0.9997298121452332,0.0,0.0,0.000270197255304,0.0,0.999792218208313,0.0,0.0,0.0002078440447803,0.0,0.9998129606246948,0.0,0.0,0.0001870596315711,0.0,0.9997298121452332,0.0,0.0,0.000270197255304,0.0,0.9581817984580994,0.0104961236938834,0.0095816105604171,0.0217404868453741,0.0,0.9475402235984802,0.0122835831716656,0.011597697623074,0.0285785552114248,0.0,0.949951171875,0.0113690691068768,0.0110157346352934,0.027664041146636,0.0,0.913183569908142,0.0195789095014333,0.0204518530517816,0.0467856936156749,0.0,0.9597198367118835,0.0099349450320005,0.0087086651474237,0.021636564284563,0.0,0.958846926689148,0.0093114133924245,0.0091243535280227,0.0227173529565334,0.0,0.93775075674057,0.015546734444797,0.0142788859084248,0.0324236713349819,0.0,0.9203126430511476,0.0192463584244251,0.0183526296168565,0.0420884191989898,0.0,0.8990086317062378,0.0225302949547767,0.0218236241489648,0.0566374994814395,0.0,0.9808991551399232,0.0046349219046533,0.0044686468318104,0.0099972980096936,0.0,0.9389770030975342,0.0145906517282128,0.0139671191573143,0.0324652381241321,0.0,0.9295409321784972,0.0172510556876659,0.0157130099833011,0.0374950654804706,0.0,0.9717540144920348,0.0075239543803036,0.0063392431475222,0.0143828075379133,0.0,0.944277048110962,0.0141126103699207,0.0125122116878628,0.0290981661528348,0.0,0.9460437297821044,0.0124706421047449,0.0122835831716656,0.0292020868510007,0.0,0.9429468512535096,0.0140086887404322,0.0130941746756434,0.029950326308608,0.0,0.9612579345703124,0.0087086651474237,0.0082514081150293,0.0217820554971694,0.0,0.9584519863128662,0.0100596519187092,0.0095608262345194,0.0219275467097759,0.0,0.9401825070381165,0.0135722160339355,0.0133851561695337,0.0328601412475109,0.0,0.979028582572937,0.0050506102852523,0.0044478625059127,0.0114729907363653,0.0,0.9590339660644532,0.0098518077284097,0.0089580779895186,0.0221561752259731,0.0,0.942967653274536,0.0145490830764174,0.0126992706209421,0.0297840517014265,0.0,0.9261738061904908,0.0176043901592493,0.0165651701390743,0.0396566428244113,0.0,0.9635441899299622,0.0087502337992191,0.0085631748661398,0.019142435863614,0.0,0.9343836903572084,0.016960073262453,0.0147984959185123,0.0338577926158905,0.0,0.9333236813545228,0.0145282987505197,0.015234968625009,0.0369131006300449,0.0,0.9148463606834412,0.0203895010054111,0.0203063637018203,0.0444578416645526,0.0,0.9366284012794496,0.0155259501188993,0.0140502573922276,0.0337954424321651,0.0,0.8975952863693237,0.0218236241489648,0.0214702896773815,0.0591108463704586,0.0,0.9486417770385742,0.012054954655468464,0.011493775062263012,0.02780953235924244,0.0
41,0.999667465686798,0.0,0.0,0.0003325504658278,0.0,0.9997714161872864,0.0,0.0,0.0002286284434376,0.0,0.9997298121452332,0.0,0.0,0.000270197255304,0.0,0.9997506141662598,0.0,0.0,0.0002494128420948,0.0,0.9997506141662598,0.0,0.0,0.0002494128420948,0.0,0.9997506141662598,0.0,0.0,0.0002494128420948,0.0,0.9997714161872864,0.0,0.0,0.0002286284434376,0.0,0.9998337626457214,0.0,0.0,0.0001662752329139,0.0,0.9995635747909546,0.0,0.0,0.000436472473666,0.0,0.9997298121452332,0.0,0.0,0.000270197255304,0.0,0.999792218208313,0.0,0.0,0.0002078440447803,0.0,0.9997506141662598,0.0,0.0,0.0002494128420948,0.0,0.9996882677078248,0.0,0.0,0.0003117660526186,0.0,0.9997506141662598,0.0,0.0,0.0002494128420948,0.0,0.9997714161872864,0.0,0.0,0.0002286284434376,0.0,0.9998129606246948,0.0,0.0,0.0001870596315711,0.0,0.9997506141662598,0.0,0.0,0.0002494128420948,0.0,0.9996882677078248,0.0,0.0,0.0003117660526186,0.0,0.9998129606246948,0.0,0.0,0.0001870596315711,0.0,0.9997714161872864,0.0,0.0,0.0002286284434376,0.0,0.9997714161872864,0.0,0.0,0.0002286284434376,0.0,0.9997506141662598,0.0,0.0,0.0002494128420948,0.0,0.9997714161872864,0.0,0.0,0.0002286284434376,0.0,0.9998129606246948,0.0,0.0,0.0001870596315711,0.0,0.9995635747909546,0.0,0.0,0.000436472473666,0.0,0.9997090697288512,0.0,0.0,0.0002909816685132,0.0,0.9997298121452332,0.0,0.0,0.000270197255304,0.0,0.999792218208313,0.0,0.0,0.0002078440447803,0.0,0.9998129606246948,0.0,0.0,0.0001870596315711,0.0,0.9997298121452332,0.0,0.0,0.000270197255304,0.0,0.9549602270126344,0.0113067161291837,0.0104337707161903,0.0232993178069591,0.0,0.9435080289840698,0.0137384915724396,0.0120549546554684,0.0306985657662153,0.0,0.9461892247200012,0.0128239775076508,0.0115353446453809,0.0294515006244182,0.0,0.9074262976646424,0.0212832298129796,0.0210130326449871,0.0502774752676487,0.0,0.9566645622253418,0.0107871061190962,0.0092490594834089,0.0232993178069591,0.0,0.9555214047431946,0.0106208305805921,0.0094361193478107,0.0244216751307249,0.0,0.9330118894577026,0.016960073262453,0.0146737890318036,0.035354271531105,0.0,0.9146177172660828,0.0212624445557594,0.0188306700438261,0.0452892184257507,0.0,0.8923991918563843,0.023818926885724,0.0235487297177314,0.0602332018315792,0.0,0.9791532754898072,0.0053000231273472,0.0047804131172597,0.0107663217931985,0.0,0.933947205543518,0.0162741877138614,0.0148816332221031,0.0348970144987106,0.0,0.9232848286628724,0.0199322439730167,0.0168353673070669,0.0399476252496242,0.0,0.9694469571113586,0.0085631748661398,0.0065470873378217,0.0154428118839859,0.0,0.9401201605796814,0.0150479087606072,0.0137177063152194,0.0311142522841691,0.0,0.9417205452919006,0.0137592758983373,0.0127200549468398,0.0318001396954059,0.0,0.9387691617012024,0.0152141833677887,0.0137592758983373,0.0322573967278003,0.0,0.9580155611038208,0.0099349450320005,0.0088541563600301,0.0231953952461481,0.0,0.9552720189094543,0.0107247522100806,0.0102674951776862,0.0237357895821332,0.0,0.9356099367141724,0.0149647705256938,0.0138216288760304,0.0356036834418773,0.0,0.977615237236023,0.0053415917791426,0.0047596283257007,0.0122835831716656,0.0,0.95614492893219,0.0107455365359783,0.0093945506960153,0.023715004324913,0.0,0.9395797848701476,0.015193399041891,0.0131980963051319,0.0320287682116031,0.0,0.9205828309059144,0.0189553759992122,0.016960073262453,0.0435017570853233,0.0,0.9605096578598022,0.0099765136837959,0.0088957250118255,0.0206181295216083,0.0,0.9299150109291076,0.0178745873272418,0.0159832071512937,0.0362272150814533,0.0,0.9284185767173768,0.0166275240480899,0.0152765372768044,0.0396774262189865,0.0,0.908278465270996,0.0224263723939657,0.0212000925093889,0.0480951108038425,0.0,0.9319726824760436,0.0168145820498466,0.0148816332221031,0.0363311395049095,0.0,0.8911520838737488,0.0231746099889278,0.0226550009101629,0.0630183145403862,0.0,0.9442770481109619,0.013696921989321709,0.012138091959059238,0.0298879723995924,0.0
42,0.999667465686798,0.0,0.0,0.0003325504658278,0.0,0.9997714161872864,0.0,0.0,0.0002286284434376,0.0,0.9997298121452332,0.0,0.0,0.000270197255304,0.0,0.9997506141662598,0.0,0.0,0.0002494128420948,0.0,0.9997506141662598,0.0,0.0,0.0002494128420948,0.0,0.9997506141662598,0.0,0.0,0.0002494128420948,0.0,0.9997714161872864,0.0,0.0,0.0002286284434376,0.0,0.9998337626457214,0.0,0.0,0.0001662752329139,0.0,0.9995635747909546,0.0,0.0,0.000436472473666,0.0,0.9997298121452332,0.0,0.0,0.000270197255304,0.0,0.999792218208313,0.0,0.0,0.0002078440447803,0.0,0.9997506141662598,0.0,0.0,0.0002494128420948,0.0,0.9996882677078248,0.0,0.0,0.0003117660526186,0.0,0.9997506141662598,0.0,0.0,0.0002494128420948,0.0,0.9997714161872864,0.0,0.0,0.0002286284434376,0.0,0.9998129606246948,0.0,0.0,0.0001870596315711,0.0,0.9997506141662598,0.0,0.0,0.0002494128420948,0.0,0.9996882677078248,0.0,0.0,0.0003117660526186,0.0,0.9998129606246948,0.0,0.0,0.0001870596315711,0.0,0.9997714161872864,0.0,0.0,0.0002286284434376,0.0,0.9997714161872864,0.0,0.0,0.0002286284434376,0.0,0.9997506141662598,0.0,0.0,0.0002494128420948,0.0,0.9997714161872864,0.0,0.0,0.0002286284434376,0.0,0.9998129606246948,0.0,0.0,0.0001870596315711,0.0,0.9995635747909546,0.0,0.0,0.000436472473666,0.0,0.9997090697288512,0.0,0.0,0.0002909816685132,0.0,0.9997298121452332,0.0,0.0,0.000270197255304,0.0,0.999792218208313,0.0,0.0,0.0002078440447803,0.0,0.9998129606246948,0.0,0.0,0.0001870596315711,0.0,0.9997298121452332,0.0,0.0,0.000270197255304,0.0,0.9530273079872132,0.0105169080197811,0.0113690691068768,0.0250867754220962,0.0,0.9418244957923888,0.0130733903497457,0.012325151823461,0.0327770039439201,0.0,0.944339394569397,0.0121796606108546,0.0125122116878628,0.0309687629342079,0.0,0.9040800333023072,0.019869890064001,0.0220106840133667,0.0540394522249698,0.0,0.9549602270126344,0.0103090647608041,0.0101843578740954,0.024546381086111,0.0,0.9541912078857422,0.0096647478640079,0.0102467108517885,0.025897366926074,0.0,0.9302891492843628,0.0156922247260808,0.0160663444548845,0.037952322512865,0.0,0.9115831851959229,0.0194126330316066,0.0206181295216083,0.0483860932290554,0.0,0.8890321254730225,0.0217404868453741,0.0246918722987175,0.0645355731248855,0.0,0.978384256362915,0.0050921789370477,0.0050506102852523,0.0114729907363653,0.0,0.93124520778656,0.0153388902544975,0.0161286983639001,0.0372872203588485,0.0,0.9204581379890442,0.0185396876186132,0.0180616471916437,0.042940579354763,0.0,0.9680336117744446,0.0084592523053288,0.006838068831712,0.0166690926998853,0.0,0.9375844597816468,0.0142788859084248,0.0145906517282128,0.0335460267961025,0.0,0.9392264485359192,0.0134890787303447,0.0135306473821401,0.0337538719177246,0.0,0.936212718486786,0.0150063401088118,0.0140086887404322,0.0347723066806793,0.0,0.9566645622253418,0.0091451378539204,0.0095400419086217,0.0246503036469221,0.0,0.9531727433204652,0.0104961236938834,0.0110365189611911,0.0252946205437183,0.0,0.9334691762924194,0.0139463348314166,0.0146945733577013,0.0378899686038494,0.0,0.9767215251922609,0.0050298259593546,0.0050921789370477,0.0131565276533365,0.0,0.9545029997825624,0.009831023402512,0.0101427892223,0.0255232490599155,0.0,0.9374597668647766,0.0137177063152194,0.0142996702343225,0.034522894769907,0.0,0.9178808331489564,0.0176667440682649,0.0178953725844621,0.0465570650994777,0.0,0.9586806297302246,0.0096023948863148,0.0097686694934964,0.021948330104351,0.0,0.9271922707557678,0.0165859553962945,0.0170847810804843,0.0391370318830013,0.0,0.9260907173156738,0.0155259501188993,0.0159832071512937,0.0424001850187778,0.0,0.9049529433250428,0.0206389129161834,0.0227173529565334,0.0516908131539821,0.0,0.9292706847190856,0.0156922247260808,0.016232619062066,0.0388044826686382,0.0,0.8876811265945435,0.0211585238575935,0.0241722613573074,0.0669881328940391,0.0,0.941949188709259,0.013281234540045261,0.01292789913713932,0.0318417064845562,0.0
43,0.999667465686798,0.0,0.0,0.0003325504658278,0.0,0.9997714161872864,0.0,0.0,0.0002286284434376,0.0,0.9997298121452332,0.0,0.0,0.000270197255304,0.0,0.9997506141662598,0.0,0.0,0.0002494128420948,0.0,0.9997506141662598,0.0,0.0,0.0002494128420948,0.0,0.9997506141662598,0.0,0.0,0.0002494128420948,0.0,0.9997714161872864,0.0,0.0,0.0002286284434376,0.0,0.9998337626457214,0.0,0.0,0.0001662752329139,0.0,0.9995635747909546,0.0,0.0,0.000436472473666,0.0,0.9997298121452332,0.0,0.0,0.000270197255304,0.0,0.999792218208313,0.0,0.0,0.0002078440447803,0.0,0.9997506141662598,0.0,0.0,0.0002494128420948,0.0,0.9996882677078248,0.0,0.0,0.0003117660526186,0.0,0.9997506141662598,0.0,0.0,0.0002494128420948,0.0,0.9997714161872864,0.0,0.0,0.0002286284434376,0.0,0.9998129606246948,0.0,0.0,0.0001870596315711,0.0,0.9997506141662598,0.0,0.0,0.0002494128420948,0.0,0.9996882677078248,0.0,0.0,0.0003117660526186,0.0,0.9998129606246948,0.0,0.0,0.0001870596315711,0.0,0.9997714161872864,0.0,0.0,0.0002286284434376,0.0,0.9997714161872864,0.0,0.0,0.0002286284434376,0.0,0.9997506141662598,0.0,0.0,0.0002494128420948,0.0,0.9997714161872864,0.0,0.0,0.0002286284434376,0.0,0.9998129606246948,0.0,0.0,0.0001870596315711,0.0,0.9995635747909546,0.0,0.0,0.000436472473666,0.0,0.9997090697288512,0.0,0.0,0.0002909816685132,0.0,0.9997298121452332,0.0,0.0,0.000270197255304,0.0,0.999792218208313,0.0,0.0,0.0002078440447803,0.0,0.9998129606246948,0.0,0.0,0.0001870596315711,0.0,0.9997298121452332,0.0,0.0,0.000270197255304,0.0,0.950928032398224,0.0102467108517885,0.0123459361493587,0.0264793299138546,0.0,0.939434289932251,0.0120965233072638,0.0138631975278258,0.0346060320734977,0.0,0.9424064755439758,0.0111196562647819,0.0136969219893217,0.0327770039439201,0.0,0.9000686407089233,0.0186851788312196,0.0239228494465351,0.0573233850300312,0.0,0.95298570394516,0.0095400419086217,0.0114314220845699,0.0260428581386804,0.0,0.9519256949424744,0.0095400419086217,0.0109533807262778,0.0275809038430452,0.0,0.9271091222763062,0.0153804589062929,0.0174588989466428,0.0400515459477901,0.0,0.908486306667328,0.0172094870358705,0.0228004921227693,0.0515037551522254,0.0,0.8855403065681458,0.0197867527604103,0.0265416838228702,0.0681312754750251,0.0,0.977552890777588,0.0045310002751648,0.0055494359694421,0.0123667204752564,0.0,0.92839777469635,0.0143620232120156,0.0177083127200603,0.03953193500638,0.0,0.917319655418396,0.0177083127200603,0.0191632211208343,0.0458088256418705,0.0,0.9665579199790956,0.0076902294531464,0.0080851335078477,0.0176667440682649,0.0,0.93459153175354,0.0142788859084248,0.015546734444797,0.0355829000473022,0.0,0.936794638633728,0.0125953489914536,0.0150271244347095,0.0355829000473022,0.0,0.9337393641471864,0.0138216288760304,0.0152557529509067,0.0371832996606826,0.0,0.9553135633468628,0.0083553306758403,0.0101843578740954,0.0261467806994915,0.0,0.9509696364402772,0.0102259265258908,0.0121380919590592,0.0266663897782564,0.0,0.9307671785354614,0.0135514317080378,0.015546734444797,0.0401346832513809,0.0,0.9757446646690368,0.0047596283257007,0.0057572801597416,0.0137384915724396,0.0,0.9526323676109314,0.008999646641314,0.0113275004550814,0.02704050950706,0.0,0.9352982044219972,0.0122835831716656,0.0157753620296716,0.0366429053246974,0.0,0.9146384596824646,0.0166275240480899,0.0197036154568195,0.0490304082632064,0.0,0.9568100571632384,0.0093114133924245,0.0105376932770013,0.0233408864587545,0.0,0.9243032336235046,0.0149439861997962,0.0190800838172435,0.0416727289557457,0.0,0.923118531703949,0.0146114360541105,0.0169808585196733,0.0452892184257507,0.0,0.9012741446495056,0.0193918496370315,0.0242761839181184,0.0550578869879245,0.0,0.9264440536499025,0.0148608488962054,0.0180408619344234,0.0406542941927909,0.0,0.8837528824806213,0.0195789095014333,0.026209132745862,0.0704591274261474,0.0,0.9398291707038879,0.012636917643249035,0.01353064738214016,0.03400328382849693,0.0
44,0.999667465686798,0.0,0.0,0.0003325504658278,0.0,0.9997714161872864,0.0,0.0,0.0002286284434376,0.0,0.9997298121452332,0.0,0.0,0.000270197255304,0.0,0.9997506141662598,0.0,0.0,0.0002494128420948,0.0,0.9997506141662598,0.0,0.0,0.0002494128420948,0.0,0.9997506141662598,0.0,0.0,0.0002494128420948,0.0,0.9997714161872864,0.0,0.0,0.0002286284434376,0.0,0.9998337626457214,0.0,0.0,0.0001662752329139,0.0,0.9995635747909546,0.0,0.0,0.000436472473666,0.0,0.9997298121452332,0.0,0.0,0.000270197255304,0.0,0.999792218208313,0.0,0.0,0.0002078440447803,0.0,0.9997506141662598,0.0,0.0,0.0002494128420948,0.0,0.9996882677078248,0.0,0.0,0.0003117660526186,0.0,0.9997506141662598,0.0,0.0,0.0002494128420948,0.0,0.9997714161872864,0.0,0.0,0.0002286284434376,0.0,0.9998129606246948,0.0,0.0,0.0001870596315711,0.0,0.9997506141662598,0.0,0.0,0.0002494128420948,0.0,0.9996882677078248,0.0,0.0,0.0003117660526186,0.0,0.9998129606246948,0.0,0.0,0.0001870596315711,0.0,0.9997714161872864,0.0,0.0,0.0002286284434376,0.0,0.9997714161872864,0.0,0.0,0.0002286284434376,0.0,0.9997506141662598,0.0,0.0,0.0002494128420948,0.0,0.9997714161872864,0.0,0.0,0.0002286284434376,0.0,0.9998129606246948,0.0,0.0,0.0001870596315711,0.0,0.9995635747909546,0.0,0.0,0.000436472473666,0.0,0.9997090697288512,0.0,0.0,0.0002909816685132,0.0,0.9997298121452332,0.0,0.0,0.000270197255304,0.0,0.999792218208313,0.0,0.0,0.0002078440447803,0.0,0.9998129606246948,0.0,0.0,0.0001870596315711,0.0,0.9997298121452332,0.0,0.0,0.000270197255304,0.0,0.9486417770385742,0.0095400419086217,0.0131773119792342,0.0286409091204404,0.0,0.9370856285095216,0.010454555042088,0.014507514424622,0.037952322512865,0.0,0.9399123191833496,0.0100388675928115,0.0145490830764174,0.0354997627437114,0.0,0.8960779905319214,0.0171055644750595,0.0247542262077331,0.0620622299611568,0.0,0.9510111808776855,0.0087086651474237,0.0119718164205551,0.0283083580434322,0.0,0.9500759243965148,0.0087710181251168,0.0112443622201681,0.0299087576568126,0.0,0.9238044023513794,0.0139463348314166,0.0185396876186132,0.0437096022069454,0.0,0.904474914073944,0.0158377159386873,0.0235695149749517,0.0561178922653198,0.0,0.8806767463684082,0.0183318443596363,0.0272067841142416,0.0737846344709396,0.0,0.9762850403785706,0.0046141375787556,0.0054247295483946,0.013676137663424,0.0,0.92505145072937,0.0139255505055189,0.0178745873272418,0.0431484244763851,0.0,0.9136824011802672,0.0158585011959075,0.0206181295216083,0.0498410016298294,0.0,0.9643547534942628,0.0073992479592561,0.0089372936636209,0.0193087123334407,0.0,0.9317856431007384,0.0124914264306426,0.0169185046106576,0.0388044826686382,0.0,0.933884859085083,0.0121588762849569,0.0155883030965924,0.0383680090308189,0.0,0.9309750199317932,0.0119718164205551,0.0164820328354835,0.0405711568892002,0.0,0.9531311988830566,0.0081267021596431,0.0107247522100806,0.0280173774808645,0.0,0.948787271976471,0.0096647478640079,0.0122627988457679,0.0292852260172367,0.0,0.92827308177948,0.011909463442862,0.0167106613516807,0.0431068539619445,0.0,0.974643051624298,0.0043855090625584,0.0060274773277342,0.0149439861997962,0.0,0.9505331516265868,0.0085008209571242,0.0117224035784602,0.0292436573654413,0.0,0.9319726824760436,0.0109949493780732,0.0175004675984382,0.03953193500638,0.0,0.9101698398590088,0.0160039905458688,0.0214702896773815,0.0523559153079986,0.0,0.9548147320747375,0.0087294494733214,0.0108494590967893,0.0256063863635063,0.0,0.9207698702812196,0.0136137846857309,0.0203895010054111,0.045226864516735,0.0,0.920478880405426,0.0128447618335485,0.0180616471916437,0.0486147217452526,0.0,0.8969717621803284,0.0178745873272418,0.0249205008149147,0.0602332018315792,0.0,0.9230769276618958,0.0135514317080378,0.0187891013920307,0.0445825457572937,0.0,0.8787230253219604,0.0188722386956214,0.0273730605840683,0.0750316977500915,0.0,0.9375636577606201,0.011078087612986565,0.014736142940819263,0.03662211820483208,0.0
45,0.999667465686798,0.0,0.0,0.0003325504658278,0.0,0.9997714161872864,0.0,0.0,0.0002286284434376,0.0,0.9997298121452332,0.0,0.0,0.000270197255304,0.0,0.9997506141662598,0.0,0.0,0.0002494128420948,0.0,0.9997506141662598,0.0,0.0,0.0002494128420948,0.0,0.9997506141662598,0.0,0.0,0.0002494128420948,0.0,0.9997714161872864,0.0,0.0,0.0002286284434376,0.0,0.9998337626457214,0.0,0.0,0.0001662752329139,0.0,0.9995635747909546,0.0,0.0,0.000436472473666,0.0,0.9997298121452332,0.0,0.0,0.000270197255304,0.0,0.999792218208313,0.0,0.0,0.0002078440447803,0.0,0.9997506141662598,0.0,0.0,0.0002494128420948,0.0,0.9996882677078248,0.0,0.0,0.0003117660526186,0.0,0.9997506141662598,0.0,0.0,0.0002494128420948,0.0,0.9997714161872864,0.0,0.0,0.0002286284434376,0.0,0.9998129606246948,0.0,0.0,0.0001870596315711,0.0,0.9997506141662598,0.0,0.0,0.0002494128420948,0.0,0.9996882677078248,0.0,0.0,0.0003117660526186,0.0,0.9998129606246948,0.0,0.0,0.0001870596315711,0.0,0.9997714161872864,0.0,0.0,0.0002286284434376,0.0,0.9997714161872864,0.0,0.0,0.0002286284434376,0.0,0.9997506141662598,0.0,0.0,0.0002494128420948,0.0,0.9997714161872864,0.0,0.0,0.0002286284434376,0.0,0.9998129606246948,0.0,0.0,0.0001870596315711,0.0,0.9995635747909546,0.0,0.0,0.000436472473666,0.0,0.9997090697288512,0.0,0.0,0.0002909816685132,0.0,0.9997298121452332,0.0,0.0,0.000270197255304,0.0,0.999792218208313,0.0,0.0,0.0002078440447803,0.0,0.9998129606246948,0.0,0.0,0.0001870596315711,0.0,0.9997298121452332,0.0,0.0,0.000270197255304,0.0,0.9472284317016602,0.0077317981049418,0.0137177063152194,0.0313220955431461,0.0,0.9352566003799438,0.0082514081150293,0.0163157563656568,0.0401762537658214,0.0,0.938395082950592,0.0077941515482962,0.015131046064198,0.0386797748506069,0.0,0.8934799432754517,0.0139463348314166,0.0253361891955137,0.0672375485301017,0.0,0.9494731426239014,0.0071914037689566,0.0129902521148324,0.0303452294319868,0.0,0.9485794305801392,0.0069419909268617,0.012636917643249,0.0318417064845562,0.0,0.9217259883880616,0.011285931803286,0.0202855784446001,0.0467025563120842,0.0,0.9019184112548828,0.0126992706209421,0.0249412842094898,0.0604410469532012,0.0,0.8780995011329651,0.0142996702343225,0.0291397348046302,0.0784611254930496,0.0,0.975495219230652,0.003658055095002,0.0063808122649788,0.014465944841504,0.0,0.9232224225997924,0.0107247522100806,0.0196204781532287,0.0464323572814464,0.0,0.9113337397575378,0.0119510320946574,0.023507161065936,0.0532080754637718,0.0,0.963170051574707,0.0062768901698291,0.009831023402512,0.0207220502197742,0.0,0.9298734664916992,0.0102467108517885,0.0182694904506206,0.0416103787720203,0.0,0.932222068309784,0.0094984723255038,0.0167937986552715,0.041485670953989,0.0,0.9290212988853456,0.0097478851675987,0.0181863531470298,0.0430445000529289,0.0,0.9516139626502992,0.0064015965908765,0.0119510320946574,0.0300334636121988,0.0,0.947436273097992,0.0078357206657528,0.0132396649569273,0.0314883738756179,0.0,0.9265271425247192,0.0090827848762273,0.0181447844952344,0.0462452992796897,0.0,0.9737908840179444,0.0038243304006755,0.0064639495685696,0.0159208532422781,0.0,0.9490366578102112,0.0071082659997045,0.0127408392727375,0.0311142522841691,0.0,0.9302060008049012,0.0093737663701176,0.0179369412362575,0.0424833223223686,0.0,0.9078835844993592,0.0126992706209421,0.0231953952461481,0.0562218129634857,0.0,0.953359842300415,0.0071498351171612,0.0117847574874758,0.0277056097984313,0.0,0.9183173179626464,0.011597697623074,0.0214287210255861,0.0486562885344028,0.0,0.9185459613800048,0.0098725920543074,0.0194334182888269,0.0521480701863765,0.0,0.8944152593612671,0.0138631975278258,0.0269573722034692,0.0647642016410827,0.0,0.9206451773643494,0.0113275004550814,0.020181655883789,0.0478456988930702,0.0,0.8756677508354187,0.0154843814671039,0.0282667893916368,0.0805811360478401,0.0,0.935693085193634,0.008583959192037582,0.016419678926467896,0.03930330649018288,0.0
46,0.999667465686798,0.0,0.0,0.0003325504658278,0.0,0.9997714161872864,0.0,0.0,0.0002286284434376,0.0,0.9997298121452332,0.0,0.0,0.000270197255304,0.0,0.9997506141662598,0.0,0.0,0.0002494128420948,0.0,0.9997506141662598,0.0,0.0,0.0002494128420948,0.0,0.9997506141662598,0.0,0.0,0.0002494128420948,0.0,0.9997714161872864,0.0,0.0,0.0002286284434376,0.0,0.9998337626457214,0.0,0.0,0.0001662752329139,0.0,0.9995635747909546,0.0,0.0,0.000436472473666,0.0,0.9997298121452332,0.0,0.0,0.000270197255304,0.0,0.999792218208313,0.0,0.0,0.0002078440447803,0.0,0.9997506141662598,0.0,0.0,0.0002494128420948,0.0,0.9996882677078248,0.0,0.0,0.0003117660526186,0.0,0.9997506141662598,0.0,0.0,0.0002494128420948,0.0,0.9997714161872864,0.0,0.0,0.0002286284434376,0.0,0.9998129606246948,0.0,0.0,0.0001870596315711,0.0,0.9997506141662598,0.0,0.0,0.0002494128420948,0.0,0.9996882677078248,0.0,0.0,0.0003117660526186,0.0,0.9998129606246948,0.0,0.0,0.0001870596315711,0.0,0.9997714161872864,0.0,0.0,0.0002286284434376,0.0,0.9997714161872864,0.0,0.0,0.0002286284434376,0.0,0.9997506141662598,0.0,0.0,0.0002494128420948,0.0,0.9997714161872864,0.0,0.0,0.0002286284434376,0.0,0.9998129606246948,0.0,0.0,0.0001870596315711,0.0,0.9995635747909546,0.0,0.0,0.000436472473666,0.0,0.9997090697288512,0.0,0.0,0.0002909816685132,0.0,0.9997298121452332,0.0,0.0,0.000270197255304,0.0,0.999792218208313,0.0,0.0,0.0002078440447803,0.0,0.9998129606246948,0.0,0.0,0.0001870596315711,0.0,0.9997298121452332,0.0,0.0,0.000270197255304,0.0,0.9456280469894408,0.0073992479592561,0.0132396649569273,0.0337330885231494,0.0,0.933053493499756,0.0087710181251168,0.0154220275580883,0.042753517627716,0.0,0.9365867972373962,0.0077525828965008,0.0146737890318036,0.040986843407154,0.0,0.8904454708099365,0.0136345690116286,0.0246295183897018,0.0712905079126358,0.0,0.9475194215774536,0.0074408166110515,0.0124914264306426,0.0325483754277229,0.0,0.9465841054916382,0.0076070916838943,0.0119510320946574,0.0338577926158905,0.0,0.9187122583389282,0.0115769132971763,0.0196828301995992,0.050028059631586,0.0,0.8992996215820312,0.0122835831716656,0.0242969691753387,0.0641198903322219,0.0,0.8746492862701416,0.0143828075379133,0.0271860007196664,0.0837819352746009,0.0,0.974580705165863,0.0038035458419471,0.0060690459795296,0.015546734444797,0.0,0.9205828309059144,0.0106623992323875,0.0189761612564325,0.0497786477208137,0.0,0.9089851379394532,0.0114729907363653,0.0227589216083288,0.056782990694046,0.0,0.9617151618003844,0.0063184588216245,0.0099765136837959,0.0219898987561464,0.0,0.927504062652588,0.0100804362446069,0.0175836067646741,0.0448319613933563,0.0,0.930018961429596,0.0092074908316135,0.0162534043192863,0.044520191848278,0.0,0.9264024496078492,0.0098102390766143,0.0177706647664308,0.0460166707634925,0.0,0.9499304294586182,0.0067341467365622,0.011285931803286,0.0320495516061782,0.0,0.9455448985099792,0.0076278764754533,0.0128239775076508,0.0340032838284969,0.0,0.9241785407066344,0.0092906290665268,0.0171055644750595,0.0494253113865852,0.0,0.9725022912025452,0.0042192339897155,0.0062353210523724,0.0170432105660438,0.0,0.9474570751190186,0.0070459130220115,0.0123875048011541,0.0331095568835735,0.0,0.9279197454452516,0.0095400419086217,0.0173134077340364,0.045226864516735,0.0,0.9049113988876344,0.0129694677889347,0.0216573495417833,0.0604618303477764,0.0,0.9514476656913756,0.007232972420752,0.0118055418133735,0.0295138545334339,0.0,0.915511429309845,0.0116808349266648,0.020597344264388,0.0522104240953922,0.0,0.9164051413536072,0.0096855321899056,0.0189553759992122,0.0549539662897586,0.0,0.8912975788116455,0.0136553533375263,0.0257518775761127,0.0692952051758766,0.0,0.9184628129005432,0.0108078904449939,0.0195165555924177,0.0512127727270126,0.0,0.8724461197853088,0.015234968625009,0.0266456063836812,0.0856733173131942,0.0,0.9334483742713928,0.008500820957124233,0.016024775803089142,0.04202606528997421,0.0
47,0.999667465686798,0.0,0.0,0.0003325504658278,0.0,0.9997714161872864,0.0,0.0,0.0002286284434376,0.0,0.9997298121452332,0.0,0.0,0.000270197255304,0.0,0.9997506141662598,0.0,0.0,0.0002494128420948,0.0,0.9997506141662598,0.0,0.0,0.0002494128420948,0.0,0.9997506141662598,0.0,0.0,0.0002494128420948,0.0,0.9997714161872864,0.0,0.0,0.0002286284434376,0.0,0.9998337626457214,0.0,0.0,0.0001662752329139,0.0,0.9995635747909546,0.0,0.0,0.000436472473666,0.0,0.9997298121452332,0.0,0.0,0.000270197255304,0.0,0.999792218208313,0.0,0.0,0.0002078440447803,0.0,0.9997506141662598,0.0,0.0,0.0002494128420948,0.0,0.9996882677078248,0.0,0.0,0.0003117660526186,0.0,0.9997506141662598,0.0,0.0,0.0002494128420948,0.0,0.9997714161872864,0.0,0.0,0.0002286284434376,0.0,0.9998129606246948,0.0,0.0,0.0001870596315711,0.0,0.9997506141662598,0.0,0.0,0.0002494128420948,0.0,0.9996882677078248,0.0,0.0,0.0003117660526186,0.0,0.9998129606246948,0.0,0.0,0.0001870596315711,0.0,0.9997714161872864,0.0,0.0,0.0002286284434376,0.0,0.9997714161872864,0.0,0.0,0.0002286284434376,0.0,0.9997506141662598,0.0,0.0,0.0002494128420948,0.0,0.9997714161872864,0.0,0.0,0.0002286284434376,0.0,0.9998129606246948,0.0,0.0,0.0001870596315711,0.0,0.9995635747909546,0.0,0.0,0.000436472473666,0.0,0.9997090697288512,0.0,0.0,0.0002909816685132,0.0,0.9997298121452332,0.0,0.0,0.000270197255304,0.0,0.999792218208313,0.0,0.0,0.0002078440447803,0.0,0.9998129606246948,0.0,0.0,0.0001870596315711,0.0,0.9997298121452332,0.0,0.0,0.000270197255304,0.0,0.9437158703804016,0.0072121880948543,0.0126161333173513,0.0364558435976505,0.0,0.930351495742798,0.0090827848762273,0.0154635962098836,0.0451021566987037,0.0,0.9340510964393616,0.0083553306758403,0.0141126103699207,0.0434809736907482,0.0,0.8864548206329346,0.0136137846857309,0.0238812807947397,0.0760501325130462,0.0,0.9451292157173156,0.0078565049916505,0.0122835831716656,0.034730739891529,0.0,0.9444225430488586,0.0075031700544059,0.0119302477687597,0.0361440777778625,0.0,0.9152204394340516,0.0118886791169643,0.0188722386956214,0.0540186651051044,0.0,0.8953297734260559,0.0131565276533365,0.0225095096975564,0.0690042227506637,0.0,0.8700767159461975,0.0154635962098836,0.0252322666347026,0.089227445423603,0.0,0.9734998941421508,0.0040529589168727,0.0059235552325844,0.0165236014872789,0.0,0.9171118140220642,0.011285931803286,0.0181863531470298,0.0534159168601036,0.0,0.9051815867424012,0.0121380919590592,0.0216781329363584,0.0610022246837616,0.0,0.9597614407539368,0.0067965001799166,0.0099349450320005,0.023507161065936,0.0,0.9249891042709352,0.0096023948863148,0.017271839082241,0.048136681318283,0.0,0.927379310131073,0.009415335021913,0.0159208532422781,0.0472845211625099,0.0,0.9234095215797424,0.0103298490867018,0.0174796842038631,0.0487809963524341,0.0,0.9482676386833192,0.0070459130220115,0.0104961236938834,0.0341903455555439,0.0,0.9430715441703796,0.0078980736434459,0.0126992706209421,0.0363311395049095,0.0,0.9209569692611694,0.0098102390766143,0.0166483074426651,0.0525845438241958,0.0,0.9715254306793212,0.0042192339897155,0.0060066930018365,0.0182487070560455,0.0,0.945440948009491,0.0071914037689566,0.0117016192525625,0.035666037350893,0.0,0.9251345992088318,0.0101635735481977,0.0158792845904827,0.0488225668668746,0.0,0.9006713628768921,0.0139671191573143,0.020909110084176,0.064452439546585,0.0,0.9497849345207214,0.0070251286961138,0.0114729907363653,0.0317170023918151,0.0,0.9121028184890748,0.0122004449367523,0.0194749869406223,0.0562218129634857,0.0,0.9131627678871156,0.0099557293578982,0.0184981189668178,0.0583833903074264,0.0,0.8874524831771851,0.0138216288760304,0.0243177525699138,0.0744081661105156,0.0,0.9152827858924866,0.0111612249165773,0.0185189042240381,0.0550371035933494,0.0,0.8684139847755432,0.0153388902544975,0.0250867754220962,0.0911603942513465,0.0,0.930538535118103,0.00929062906652689,0.015401243232190609,0.04476960748434067,0.0
48,0.999667465686798,0.0,0.0,0.0003325504658278,0.0,0.9997714161872864,0.0,0.0,0.0002286284434376,0.0,0.9997298121452332,0.0,0.0,0.000270197255304,0.0,0.9997506141662598,0.0,0.0,0.0002494128420948,0.0,0.9997506141662598,0.0,0.0,0.0002494128420948,0.0,0.9997506141662598,0.0,0.0,0.0002494128420948,0.0,0.9997714161872864,0.0,0.0,0.0002286284434376,0.0,0.9998337626457214,0.0,0.0,0.0001662752329139,0.0,0.9995635747909546,0.0,0.0,0.000436472473666,0.0,0.9997298121452332,0.0,0.0,0.000270197255304,0.0,0.999792218208313,0.0,0.0,0.0002078440447803,0.0,0.9997506141662598,0.0,0.0,0.0002494128420948,0.0,0.9996882677078248,0.0,0.0,0.0003117660526186,0.0,0.9997506141662598,0.0,0.0,0.0002494128420948,0.0,0.9997714161872864,0.0,0.0,0.0002286284434376,0.0,0.9998129606246948,0.0,0.0,0.0001870596315711,0.0,0.9997506141662598,0.0,0.0,0.0002494128420948,0.0,0.9996882677078248,0.0,0.0,0.0003117660526186,0.0,0.9998129606246948,0.0,0.0,0.0001870596315711,0.0,0.9997714161872864,0.0,0.0,0.0002286284434376,0.0,0.9997714161872864,0.0,0.0,0.0002286284434376,0.0,0.9997506141662598,0.0,0.0,0.0002494128420948,0.0,0.9997714161872864,0.0,0.0,0.0002286284434376,0.0,0.9998129606246948,0.0,0.0,0.0001870596315711,0.0,0.9995635747909546,0.0,0.0,0.000436472473666,0.0,0.9997090697288512,0.0,0.0,0.0002909816685132,0.0,0.9997298121452332,0.0,0.0,0.000270197255304,0.0,0.999792218208313,0.0,0.0,0.0002078440447803,0.0,0.9998129606246948,0.0,0.0,0.0001870596315711,0.0,0.9997298121452332,0.0,0.0,0.000270197255304,0.0,0.9416374564170836,0.0070043443702161,0.0125329960137605,0.0388252660632133,0.0,0.9278365969657898,0.0092490594834089,0.0144451605156064,0.0484692305326461,0.0,0.9317024946212769,0.0082098394632339,0.0136137846857309,0.0464739277958869,0.0,0.8832124471664429,0.0128655461594462,0.022675784304738,0.0812462344765663,0.0,0.9428429007530212,0.0081682708114385,0.0115145603194832,0.0374742820858955,0.0,0.942344069480896,0.0077317981049418,0.0113898534327745,0.0385342836380004,0.0,0.9126223921775818,0.011182009242475,0.0186851788312196,0.0575104467570781,0.0,0.8920665979385376,0.0124082891270518,0.021220875903964,0.0743042454123497,0.0,0.8666473031044006,0.0140294730663299,0.0246503036469221,0.0946729630231857,0.0,0.9724814891815186,0.0038035458419471,0.005798848811537,0.0179161559790372,0.0,0.9144514203071594,0.0106000462546944,0.0177083127200603,0.0572402477264404,0.0,0.9016898274421692,0.0119926007464528,0.0213455837219953,0.0649720504879951,0.0,0.958202600479126,0.0061521837487816,0.0098933763802051,0.0257518775761127,0.0,0.9225573539733888,0.0092282751575112,0.0170847810804843,0.0511296354234218,0.0,0.9248436093330384,0.0090412162244319,0.0155051657930016,0.0506100244820117,0.0,0.9203749895095824,0.0106000462546944,0.0165859553962945,0.0524390526115894,0.0,0.9466464519500732,0.0064847338944673,0.0105376932770013,0.0363311395049095,0.0,0.9411801695823668,0.0076070916838943,0.0124082891270518,0.0388044826686382,0.0,0.9184004664421082,0.0098725920543074,0.0160455591976642,0.0556814186275005,0.0,0.9706524610519408,0.0039906054735183,0.0058612017892301,0.0194957703351974,0.0,0.9435288310050964,0.0070043443702161,0.0110988719388842,0.0383680090308189,0.0,0.9225988984107972,0.0093737663701176,0.0156090874224901,0.052418265491724,0.0,0.8974289894104004,0.0127408392727375,0.0210961699485778,0.0687340274453163,0.0,0.9479559063911438,0.0068588531576097,0.0113067161291837,0.0338785797357559,0.0,0.9092968702316284,0.0114729907363653,0.0184773355722427,0.0607528127729892,0.0,0.9101698398590088,0.0103090647608041,0.0172510556876659,0.0622700750827789,0.0,0.8836905360221863,0.0132812345400452,0.0236942209303379,0.0793340727686882,0.0,0.9124560952186584,0.0106208305805921,0.0182279217988252,0.0586951561272144,0.0,0.8654002547264099,0.0133228031918406,0.0246087349951267,0.0966682657599449,0.0,0.9278573393821716,0.009706316515803337,0.014902417548000813,0.04753393307328224,0.0
49,0.999667465686798,0.0,0.0,0.0003325504658278,0.0,0.9997714161872864,0.0,0.0,0.0002286284434376,0.0,0.9997298121452332,0.0,0.0,0.000270197255304,0.0,0.9997506141662598,0.0,0.0,0.0002494128420948,0.0,0.9997506141662598,0.0,0.0,0.0002494128420948,0.0,0.9997506141662598,0.0,0.0,0.0002494128420948,0.0,0.9997714161872864,0.0,0.0,0.0002286284434376,0.0,0.9998337626457214,0.0,0.0,0.0001662752329139,0.0,0.9995635747909546,0.0,0.0,0.000436472473666,0.0,0.9997298121452332,0.0,0.0,0.000270197255304,0.0,0.999792218208313,0.0,0.0,0.0002078440447803,0.0,0.9997506141662598,0.0,0.0,0.0002494128420948,0.0,0.9996882677078248,0.0,0.0,0.0003117660526186,0.0,0.9997506141662598,0.0,0.0,0.0002494128420948,0.0,0.9997714161872864,0.0,0.0,0.0002286284434376,0.0,0.9998129606246948,0.0,0.0,0.0001870596315711,0.0,0.9997506141662598,0.0,0.0,0.0002494128420948,0.0,0.9996882677078248,0.0,0.0,0.0003117660526186,0.0,0.9998129606246948,0.0,0.0,0.0001870596315711,0.0,0.9997714161872864,0.0,0.0,0.0002286284434376,0.0,0.9997714161872864,0.0,0.0,0.0002286284434376,0.0,0.9997506141662598,0.0,0.0,0.0002494128420948,0.0,0.9997714161872864,0.0,0.0,0.0002286284434376,0.0,0.9998129606246948,0.0,0.0,0.0001870596315711,0.0,0.9995635747909546,0.0,0.0,0.000436472473666,0.0,0.9997090697288512,0.0,0.0,0.0002909816685132,0.0,0.9997298121452332,0.0,0.0,0.000270197255304,0.0,0.999792218208313,0.0,0.0,0.0002078440447803,0.0,0.9998129606246948,0.0,0.0,0.0001870596315711,0.0,0.9997298121452332,0.0,0.0,0.000270197255304,0.0,0.9393511414527892,0.0078772893175482,0.0109533807262778,0.0418182201683521,0.0,0.925176203250885,0.0100804362446069,0.0122835831716656,0.0524598360061645,0.0,0.928730309009552,0.0096647478640079,0.0115561289712786,0.0500488467514514,0.0,0.879076361656189,0.014403591863811,0.0197036154568195,0.0868164524435997,0.0,0.9409307837486268,0.0085423905402421,0.0102467108517885,0.0402801744639873,0.0,0.9397044777870178,0.0088749406859278,0.0102674951776862,0.0411531217396259,0.0,0.9088811874389648,0.0128447618335485,0.0160247758030891,0.0622492916882038,0.0,0.887847363948822,0.0140710417181253,0.0183941982686519,0.0796874016523361,0.0,0.8620747327804565,0.0160247758030891,0.020909110084176,0.1009914204478263,0.0,0.9711096882820128,0.0043855090625584,0.0054039452224969,0.0191008672118186,0.0,0.9111051559448242,0.0121173076331615,0.0157545786350965,0.061023011803627,0.0,0.8982603549957275,0.0130733903497457,0.0182071384042501,0.0704591274261474,0.0,0.9559578895568848,0.0072121880948543,0.0085839591920375,0.0282460059970617,0.0,0.9190655946731568,0.0108078904449939,0.014403591863811,0.055722989141941,0.0,0.9216636419296264,0.010558477602899,0.0138216288760304,0.053956314921379,0.0,0.9170079231262208,0.012013386003673,0.0139255505055189,0.0570531897246837,0.0,0.9444848895072936,0.0071290507912635,0.0096439635381102,0.0387421287596225,0.0,0.9384574294090272,0.0089788623154163,0.0110157346352934,0.0415480248630046,0.0,0.9151996374130248,0.0113275004550814,0.0136553533375263,0.0598175153136253,0.0,0.9694054126739502,0.0043855090625584,0.0052376696839928,0.0209714639931917,0.0,0.9413880109786988,0.007648660801351,0.0099972980096936,0.0409660600125789,0.0,0.9199801087379456,0.0102259265258908,0.0127616245299577,0.0570324063301086,0.0,0.8936877846717834,0.0141957476735115,0.0182902757078409,0.0738262012600898,0.0,0.9457111954689026,0.007648660801351,0.0101843578740954,0.0364558435976505,0.0,0.9053894281387328,0.0129278991371393,0.0160663444548845,0.0656163617968559,0.0,0.9073016047477722,0.0112443622201681,0.0147777115926146,0.0666763707995414,0.0,0.8799700736999512,0.0144451605156064,0.0204310696572065,0.0851537063717842,0.0,0.9094423651695251,0.0112027935683727,0.0159832071512937,0.0633716508746147,0.0,0.8605990409851074,0.0150686930865049,0.0219275467097759,0.1024047583341598,0.0,0.9247605204582214,0.010932596400380135,0.012948683463037014,0.051358263939619064,0.0
50,0.999667465686798,0.0,0.0,0.0003325504658278,0.0,0.9997714161872864,0.0,0.0,0.0002286284434376,0.0,0.9997298121452332,0.0,0.0,0.000270197255304,0.0,0.9997506141662598,0.0,0.0,0.0002494128420948,0.0,0.9997506141662598,0.0,0.0,0.0002494128420948,0.0,0.9997506141662598,0.0,0.0,0.0002494128420948,0.0,0.9997714161872864,0.0,0.0,0.0002286284434376,0.0,0.9998337626457214,0.0,0.0,0.0001662752329139,0.0,0.9995635747909546,0.0,0.0,0.000436472473666,0.0,0.9997298121452332,0.0,0.0,0.000270197255304,0.0,0.999792218208313,0.0,0.0,0.0002078440447803,0.0,0.9997506141662598,0.0,0.0,0.0002494128420948,0.0,0.9996882677078248,0.0,0.0,0.0003117660526186,0.0,0.9997506141662598,0.0,0.0,0.0002494128420948,0.0,0.9997714161872864,0.0,0.0,0.0002286284434376,0.0,0.9998129606246948,0.0,0.0,0.0001870596315711,0.0,0.9997506141662598,0.0,0.0,0.0002494128420948,0.0,0.9996882677078248,0.0,0.0,0.0003117660526186,0.0,0.9998129606246948,0.0,0.0,0.0001870596315711,0.0,0.9997714161872864,0.0,0.0,0.0002286284434376,0.0,0.9997714161872864,0.0,0.0,0.0002286284434376,0.0,0.9997506141662598,0.0,0.0,0.0002494128420948,0.0,0.9997714161872864,0.0,0.0,0.0002286284434376,0.0,0.9998129606246948,0.0,0.0,0.0001870596315711,0.0,0.9995635747909546,0.0,0.0,0.000436472473666,0.0,0.9997090697288512,0.0,0.0,0.0002909816685132,0.0,0.9997298121452332,0.0,0.0,0.000270197255304,0.0,0.999792218208313,0.0,0.0,0.0002078440447803,0.0,0.9998129606246948,0.0,0.0,0.0001870596315711,0.0,0.9997298121452332,0.0,0.0,0.000270197255304,0.0,0.9370232820510864,0.0086047435179352,0.0093321977183222,0.0450398027896881,0.0,0.9226820468902588,0.0103714177384972,0.010454555042088,0.0564920119941234,0.0,0.9263193011283876,0.0102674951776862,0.0096023948863148,0.0538108237087726,0.0,0.875522255897522,0.0149232018738985,0.0169808585196733,0.0925737395882606,0.0,0.9392887949943542,0.0082306237891316,0.0091451378539204,0.0433354824781417,0.0,0.9375013113021852,0.0090827848762273,0.0089372936636209,0.0444786250591278,0.0,0.905763566493988,0.012948683463037,0.0142996702343225,0.0669881328940391,0.0,0.8843348026275635,0.0149647705256938,0.0153181059285998,0.0853823348879814,0.0,0.8585205674171448,0.0161286983639001,0.0177498813718557,0.1076008602976799,0.0,0.9698418378829956,0.004738843999803,0.0045725689269602,0.0208467580378055,0.0,0.9077172875404358,0.0128655461594462,0.013364371843636,0.0660528391599655,0.0,0.8946647047996521,0.0143204545602202,0.0142996702343225,0.076715238392353,0.0,0.9543782472610474,0.0073368945159018,0.0077317981049418,0.0305530745536088,0.0,0.9164259433746338,0.0110780876129865,0.0126161333173513,0.0598798692226409,0.0,0.91892009973526,0.0110988719388842,0.0117016192525625,0.0582794696092605,0.0,0.9146177172660828,0.0117847574874758,0.0123667204752564,0.0612308531999588,0.0,0.9424895644187928,0.0074408166110515,0.0080851335078477,0.0419844947755336,0.0,0.9362958073616028,0.0092490594834089,0.009727100841701,0.0447280369699001,0.0,0.9123522043228148,0.0118263261392712,0.0114314220845699,0.0643900856375694,0.0,0.9681791067123412,0.0043231560848653,0.0051129632629454,0.0223848037421703,0.0,0.9394134879112244,0.0080435648560523,0.008687880821526,0.0438550934195518,0.0,0.9170286655426024,0.0108910277485847,0.0116600506007671,0.0604202635586261,0.0,0.8901336789131165,0.0147777115926146,0.0156714413315057,0.0794172063469886,0.0,0.9438405632972716,0.0076070916838943,0.0090620005503296,0.0394903682172298,0.0,0.9022510051727296,0.0132604502141475,0.014403591863811,0.0700850114226341,0.0,0.9045164585113524,0.0118886791169643,0.012013386003673,0.0715814903378486,0.0,0.8763120174407959,0.0149855557829141,0.0169808585196733,0.0917215719819068,0.0,0.9063870906829834,0.0120757389813661,0.0135098630562424,0.0680273547768592,0.0,0.8568786382675171,0.0155675187706947,0.0187059640884399,0.1088479235768318,0.0,0.9222871661186218,0.01116122491657734,0.010828674770891666,0.05572298914194107,0.0
51,0.999667465686798,0.0,0.0,0.0003325504658278,0.0,0.9997714161872864,0.0,0.0,0.0002286284434376,0.0,0.9997298121452332,0.0,0.0,0.000270197255304,0.0,0.9997506141662598,0.0,0.0,0.0002494128420948,0.0,0.9997506141662598,0.0,0.0,0.0002494128420948,0.0,0.9997506141662598,0.0,0.0,0.0002494128420948,0.0,0.9997714161872864,0.0,0.0,0.0002286284434376,0.0,0.9998337626457214,0.0,0.0,0.0001662752329139,0.0,0.9995635747909546,0.0,0.0,0.000436472473666,0.0,0.9997298121452332,0.0,0.0,0.000270197255304,0.0,0.999792218208313,0.0,0.0,0.0002078440447803,0.0,0.9997506141662598,0.0,0.0,0.0002494128420948,0.0,0.9996882677078248,0.0,0.0,0.0003117660526186,0.0,0.9997506141662598,0.0,0.0,0.0002494128420948,0.0,0.9997714161872864,0.0,0.0,0.0002286284434376,0.0,0.9998129606246948,0.0,0.0,0.0001870596315711,0.0,0.9997506141662598,0.0,0.0,0.0002494128420948,0.0,0.9996882677078248,0.0,0.0,0.0003117660526186,0.0,0.9998129606246948,0.0,0.0,0.0001870596315711,0.0,0.9997714161872864,0.0,0.0,0.0002286284434376,0.0,0.9997714161872864,0.0,0.0,0.0002286284434376,0.0,0.9997506141662598,0.0,0.0,0.0002494128420948,0.0,0.9997714161872864,0.0,0.0,0.0002286284434376,0.0,0.9998129606246948,0.0,0.0,0.0001870596315711,0.0,0.9995635747909546,0.0,0.0,0.000436472473666,0.0,0.9997090697288512,0.0,0.0,0.0002909816685132,0.0,0.9997298121452332,0.0,0.0,0.000270197255304,0.0,0.999792218208313,0.0,0.0,0.0002078440447803,0.0,0.9998129606246948,0.0,0.0,0.0001870596315711,0.0,0.9997298121452332,0.0,0.0,0.000270197255304,0.0,0.9351734519004822,0.0085423905402421,0.0093114133924245,0.0469727516174316,0.0,0.9205620288848876,0.0097894547507166,0.0114729907363653,0.0581755489110946,0.0,0.9241993427276612,0.0098518077284097,0.0102882804349064,0.0556606352329254,0.0,0.8727163672447205,0.0137384915724396,0.0176251754164695,0.0959200263023376,0.0,0.9373558163642884,0.0077733672223985,0.009831023402512,0.0450398027896881,0.0,0.9353189468383788,0.009103569202125,0.0097686694934964,0.0458088256418705,0.0,0.9031655192375184,0.0120549546554684,0.0150686930865049,0.0697108879685401,0.0,0.8817991018295288,0.0135306473821401,0.0162534043192863,0.0884168520569801,0.0,0.8550496101379395,0.0150271244347095,0.0189553759992122,0.1109679341316223,0.0,0.9688026309013368,0.0046972753480076,0.0048843347467482,0.0216157808899879,0.0,0.9051400423049928,0.0119718164205551,0.0141333946958184,0.0687548071146011,0.0,0.8919419050216675,0.0132396649569273,0.0152765372768044,0.0795419141650199,0.0,0.9529233574867249,0.006838068831712,0.008272192440927,0.0319664143025875,0.0,0.9139318466186525,0.0110573032870888,0.0125953489914536,0.0624155662953853,0.0,0.9164674878120422,0.0109118120744824,0.0118471104651689,0.0607735961675643,0.0,0.9119988679885864,0.0114106377586722,0.0128031931817531,0.0637873336672782,0.0,0.9408683776855468,0.0073992479592561,0.0083968993276357,0.0433354824781417,0.0,0.933947205543518,0.0091243535280227,0.0101012205705046,0.0468272641301155,0.0,0.9097957015037536,0.0111612249165773,0.0125122116878628,0.0665308758616447,0.0,0.967160701751709,0.0043647247366607,0.0051961010321974,0.0232785325497388,0.0,0.9374597668647766,0.0079812109470367,0.0090620005503296,0.0454970598220825,0.0,0.9146384596824646,0.0104961236938834,0.012325151823461,0.0625402703881263,0.0,0.887140691280365,0.0135306473821401,0.0172094870358705,0.0821191817522049,0.0,0.9419283866882324,0.0078565049916505,0.0088957250118255,0.0413193963468074,0.0,0.898800790309906,0.0133020188659429,0.0150894774124026,0.0728077664971351,0.0,0.902417242527008,0.0107455365359783,0.0129278991371393,0.0739093422889709,0.0,0.8729242086410522,0.0145282987505197,0.0175004675984382,0.095047079026699,0.0,0.9039137363433838,0.0113690691068768,0.0139879044145345,0.0707293301820755,0.0,0.853407621383667,0.0150063401088118,0.0192671418190002,0.1123189181089401,0.0,0.9198553562164307,0.010683183558285236,0.011410637758672237,0.058050841093063354,0.0
52,0.999667465686798,0.0,0.0,0.0003325504658278,0.0,0.9997714161872864,0.0,0.0,0.0002286284434376,0.0,0.9997298121452332,0.0,0.0,0.000270197255304,0.0,0.9997506141662598,0.0,0.0,0.0002494128420948,0.0,0.9997506141662598,0.0,0.0,0.0002494128420948,0.0,0.9997506141662598,0.0,0.0,0.0002494128420948,0.0,0.9997714161872864,0.0,0.0,0.0002286284434376,0.0,0.9998337626457214,0.0,0.0,0.0001662752329139,0.0,0.9995635747909546,0.0,0.0,0.000436472473666,0.0,0.9997298121452332,0.0,0.0,0.000270197255304,0.0,0.999792218208313,0.0,0.0,0.0002078440447803,0.0,0.9997506141662598,0.0,0.0,0.0002494128420948,0.0,0.9996882677078248,0.0,0.0,0.0003117660526186,0.0,0.9997506141662598,0.0,0.0,0.0002494128420948,0.0,0.9997714161872864,0.0,0.0,0.0002286284434376,0.0,0.9998129606246948,0.0,0.0,0.0001870596315711,0.0,0.9997506141662598,0.0,0.0,0.0002494128420948,0.0,0.9996882677078248,0.0,0.0,0.0003117660526186,0.0,0.9998129606246948,0.0,0.0,0.0001870596315711,0.0,0.9997714161872864,0.0,0.0,0.0002286284434376,0.0,0.9997714161872864,0.0,0.0,0.0002286284434376,0.0,0.9997506141662598,0.0,0.0,0.0002494128420948,0.0,0.9997714161872864,0.0,0.0,0.0002286284434376,0.0,0.9998129606246948,0.0,0.0,0.0001870596315711,0.0,0.9995635747909546,0.0,0.0,0.000436472473666,0.0,0.9997090697288512,0.0,0.0,0.0002909816685132,0.0,0.9997298121452332,0.0,0.0,0.000270197255304,0.0,0.999792218208313,0.0,0.0,0.0002078440447803,0.0,0.9998129606246948,0.0,0.0,0.0001870596315711,0.0,0.9997298121452332,0.0,0.0,0.000270197255304,0.0,0.9333444237709044,0.0082929776981472,0.0092906290665268,0.049071978777647,0.0,0.9183796644210817,0.0094569036737084,0.011597697623074,0.0605657547712326,0.0,0.9219338297843932,0.0097686694934964,0.0107039678841829,0.0575935840606689,0.0,0.8695986866950989,0.0136137846857309,0.0168561525642871,0.0999314114451408,0.0,0.9352982044219972,0.0075447387062013,0.0101427892223,0.0470143221318721,0.0,0.932845652103424,0.0094984723255038,0.0095816105604171,0.0480743274092674,0.0,0.9003180265426636,0.0123043674975633,0.0144867300987243,0.0728909075260162,0.0,0.8788893222808838,0.0131773119792342,0.0164196789264678,0.0915137305855751,0.0,0.8512668609619141,0.0153804589062929,0.0188930239528417,0.114459715783596,0.0,0.9673892855644226,0.0050921789370477,0.00507139461115,0.0224471557885408,0.0,0.902604341506958,0.0118471104651689,0.0139463348314166,0.0716022700071334,0.0,0.8890944719314575,0.0125953489914536,0.0156298726797103,0.0826803594827652,0.0,0.9513437747955322,0.0068588531576097,0.0083553306758403,0.0334421060979366,0.0,0.911312997341156,0.0112443622201681,0.0120341703295707,0.0654085204005241,0.0,0.9139525890350342,0.0108910277485847,0.0119510320946574,0.0632053762674331,0.0,0.9091513752937316,0.0112235778942704,0.013364371843636,0.0662606805562973,0.0,0.9391224980354308,0.0075239543803036,0.0086670964956283,0.0446864701807498,0.0,0.9316608905792236,0.0095192566514015,0.0097894547507166,0.0490304082632064,0.0,0.907197654247284,0.0112027935683727,0.0123667204752564,0.0692328512668609,0.0,0.9658512473106384,0.0048011974431574,0.0050921789370477,0.0242554005235433,0.0,0.9356099367141724,0.0079188579693436,0.009103569202125,0.0473676584661006,0.0,0.9122690558433532,0.0103298490867018,0.0126992706209421,0.0647018477320671,0.0,0.8840230703353882,0.0134059404954314,0.0172094870358705,0.085361547768116,0.0,0.9401201605796814,0.0078357206657528,0.0088541563600301,0.0431899912655353,0.0,0.8954337239265442,0.0138631975278258,0.0150063401088118,0.0756967961788177,0.0,0.9000270366668701,0.0101427892223,0.012948683463037,0.0768815129995346,0.0,0.8702014088630676,0.0134890787303447,0.0175836067646741,0.0987259224057197,0.0,0.9009208083152772,0.0115353446453809,0.0139879044145345,0.0735560059547424,0.0,0.8497495651245117,0.0156506560742855,0.0183526296168565,0.1162471696734428,0.0,0.9172365665435791,0.010620830580592155,0.011971816420555115,0.06017085164785385,0.0
53,0.999667465686798,0.0,0.0,0.0003325504658278,0.0,0.9997714161872864,0.0,0.0,0.0002286284434376,0.0,0.9997298121452332,0.0,0.0,0.000270197255304,0.0,0.9997506141662598,0.0,0.0,0.0002494128420948,0.0,0.9997506141662598,0.0,0.0,0.0002494128420948,0.0,0.9997506141662598,0.0,0.0,0.0002494128420948,0.0,0.9997714161872864,0.0,0.0,0.0002286284434376,0.0,0.9998337626457214,0.0,0.0,0.0001662752329139,0.0,0.9995635747909546,0.0,0.0,0.000436472473666,0.0,0.9997298121452332,0.0,0.0,0.000270197255304,0.0,0.999792218208313,0.0,0.0,0.0002078440447803,0.0,0.9997506141662598,0.0,0.0,0.0002494128420948,0.0,0.9996882677078248,0.0,0.0,0.0003117660526186,0.0,0.9997506141662598,0.0,0.0,0.0002494128420948,0.0,0.9997714161872864,0.0,0.0,0.0002286284434376,0.0,0.9998129606246948,0.0,0.0,0.0001870596315711,0.0,0.9997506141662598,0.0,0.0,0.0002494128420948,0.0,0.9996882677078248,0.0,0.0,0.0003117660526186,0.0,0.9998129606246948,0.0,0.0,0.0001870596315711,0.0,0.9997714161872864,0.0,0.0,0.0002286284434376,0.0,0.9997714161872864,0.0,0.0,0.0002286284434376,0.0,0.9997506141662598,0.0,0.0,0.0002494128420948,0.0,0.9997714161872864,0.0,0.0,0.0002286284434376,0.0,0.9998129606246948,0.0,0.0,0.0001870596315711,0.0,0.9995635747909546,0.0,0.0,0.000436472473666,0.0,0.9997090697288512,0.0,0.0,0.0002909816685132,0.0,0.9997298121452332,0.0,0.0,0.000270197255304,0.0,0.999792218208313,0.0,0.0,0.0002078440447803,0.0,0.9998129606246948,0.0,0.0,0.0001870596315711,0.0,0.9997298121452332,0.0,0.0,0.000270197255304,0.0,0.93124520778656,0.0081059178337454,0.0092906290665268,0.051358263939619,0.0,0.9159894585609436,0.0091867065057158,0.011909463442862,0.0629143938422203,0.0,0.9198346138000488,0.0088957250118255,0.011182009242475,0.0600877106189727,0.0,0.8662108182907104,0.0128655461594462,0.0170016419142484,0.1039220169186592,0.0,0.9329079985618592,0.0080227795988321,0.0100804362446069,0.0489888414740562,0.0,0.930663287639618,0.0090412162244319,0.0103714177384972,0.0499241389334201,0.0,0.8972211480140686,0.0116600506007671,0.0149232018738985,0.076195627450943,0.0,0.8758547902107239,0.0119926007464528,0.0166275240480899,0.0955251231789588,0.0,0.8474633097648621,0.0146114360541105,0.0186020415276289,0.1193232610821724,0.0,0.9661630392074584,0.0049466881901025,0.0051753167062997,0.023715004324913,0.0,0.9001517295837402,0.0109533807262778,0.0139463348314166,0.074948564171791,0.0,0.8859144449234009,0.0123459361493587,0.0154220275580883,0.086317628622055,0.0,0.9493484497070312,0.0066094403155148,0.0083968993276357,0.0356452539563179,0.0,0.9085901975631714,0.0104753393679857,0.0127200549468398,0.0682144165039062,0.0,0.9113753437995912,0.0102882804349064,0.01222122926265,0.0661151930689811,0.0,0.9061376452445984,0.010870243422687,0.0139671191573143,0.0690250024199485,0.0,0.9374597668647766,0.0070251286961138,0.0086463121697306,0.0468688309192657,0.0,0.9293538331985474,0.009103569202125,0.0103298490867018,0.0512127727270126,0.0,0.9045580625534058,0.0106416149064898,0.0130733903497457,0.0717269778251648,0.0,0.9644795060157776,0.0049259038642048,0.0052376696839928,0.0253569725900888,0.0,0.9337601661682128,0.0076278764754533,0.0091451378539204,0.0494668819010257,0.0,0.9098788499832152,0.0101012205705046,0.0119926007464528,0.0680273547768592,0.0,0.8809677362442017,0.0127200549468398,0.0164820328354835,0.0898301973938942,0.0,0.9383534789085388,0.0073576788417994,0.009103569202125,0.0451852940022945,0.0,0.8920665979385376,0.0133228031918406,0.0153804589062929,0.0792301520705223,0.0,0.8972419500350952,0.0100596519187092,0.0131773119792342,0.0795211270451545,0.0,0.8667719960212708,0.0131980963051319,0.0170016419142484,0.1030282899737358,0.0,0.8981980085372925,0.0112443622201681,0.0136345690116286,0.0769230797886848,0.0,0.8462162017822266,0.0143828075379133,0.0181240011006593,0.1212769970297813,0.0,0.9146384596824646,0.010122004896402359,0.012803193181753159,0.06243634968996048,0.0
54,0.999667465686798,0.0,0.0,0.0003325504658278,0.0,0.9997714161872864,0.0,0.0,0.0002286284434376,0.0,0.9997298121452332,0.0,0.0,0.000270197255304,0.0,0.9997506141662598,0.0,0.0,0.0002494128420948,0.0,0.9997506141662598,0.0,0.0,0.0002494128420948,0.0,0.9997506141662598,0.0,0.0,0.0002494128420948,0.0,0.9997714161872864,0.0,0.0,0.0002286284434376,0.0,0.9998337626457214,0.0,0.0,0.0001662752329139,0.0,0.9995635747909546,0.0,0.0,0.000436472473666,0.0,0.9997298121452332,0.0,0.0,0.000270197255304,0.0,0.999792218208313,0.0,0.0,0.0002078440447803,0.0,0.9997506141662598,0.0,0.0,0.0002494128420948,0.0,0.9996882677078248,0.0,0.0,0.0003117660526186,0.0,0.9997506141662598,0.0,0.0,0.0002494128420948,0.0,0.9997714161872864,0.0,0.0,0.0002286284434376,0.0,0.9998129606246948,0.0,0.0,0.0001870596315711,0.0,0.9997506141662598,0.0,0.0,0.0002494128420948,0.0,0.9996882677078248,0.0,0.0,0.0003117660526186,0.0,0.9998129606246948,0.0,0.0,0.0001870596315711,0.0,0.9997714161872864,0.0,0.0,0.0002286284434376,0.0,0.9997714161872864,0.0,0.0,0.0002286284434376,0.0,0.9997506141662598,0.0,0.0,0.0002494128420948,0.0,0.9997714161872864,0.0,0.0,0.0002286284434376,0.0,0.9998129606246948,0.0,0.0,0.0001870596315711,0.0,0.9995635747909546,0.0,0.0,0.000436472473666,0.0,0.9997090697288512,0.0,0.0,0.0002909816685132,0.0,0.9997298121452332,0.0,0.0,0.000270197255304,0.0,0.999792218208313,0.0,0.0,0.0002078440447803,0.0,0.9998129606246948,0.0,0.0,0.0001870596315711,0.0,0.9997298121452332,0.0,0.0,0.000270197255304,0.0,0.9286679625511168,0.0083553306758403,0.0102051421999931,0.0527716018259525,0.0,0.91272634267807,0.0099557293578982,0.0125745646655559,0.0647434219717979,0.0,0.9170494675636292,0.0092698438093066,0.0120757389813661,0.0616049729287624,0.0,0.8619707822799683,0.0135514317080378,0.0179577246308326,0.1065200716257095,0.0,0.9305593371391296,0.0087294494733214,0.0101843578740954,0.050526887178421,0.0,0.9281691312789916,0.0093321977183222,0.0110780876129865,0.0514206141233444,0.0,0.8937085866928101,0.0120549546554684,0.0159624218940734,0.0782740637660026,0.0,0.8720512390136719,0.0122835831716656,0.0175836067646741,0.0980816036462783,0.0,0.8426828980445862,0.0158377159386873,0.0195789095014333,0.1219005286693573,0.0,0.9649990797042848,0.0048427660949528,0.0056533580645918,0.0245048124343156,0.0,0.896348237991333,0.0113690691068768,0.0155051657930016,0.0767775923013687,0.0,0.8817160129547119,0.012948683463037,0.0166690926998853,0.0886662676930427,0.0,0.9469374418258668,0.0074408166110515,0.008791803382337,0.0368299633264541,0.0,0.9053686261177064,0.0110573032870888,0.0134475091472268,0.0701265782117843,0.0,0.9084239602088928,0.0104961236938834,0.0133020188659429,0.0677779391407966,0.0,0.9027498364448548,0.0118678947910666,0.014403591863811,0.0709787383675575,0.0,0.9352982044219972,0.0071914037689566,0.0091243535280227,0.0483860932290554,0.0,0.9266310930252076,0.0096647478640079,0.0111404405906796,0.0525637567043304,0.0,0.9007960557937622,0.0115561289712786,0.0141749633476138,0.0734728649258613,0.0,0.9628583192825316,0.0053208074532449,0.0056117889471352,0.026209132745862,0.0,0.9315778017044068,0.0078357206657528,0.0096231792122125,0.05096335709095,0.0,0.906740427017212,0.0102882804349064,0.0131773119792342,0.0697940289974212,0.0,0.8774551749229431,0.0126784862950444,0.0177498813718557,0.0921164825558662,0.0,0.936087965965271,0.0077525828965008,0.0095192566514015,0.0466402024030685,0.0,0.8886164426803589,0.0136345690116286,0.0160663444548845,0.0816827118396759,0.0,0.8939995765686035,0.0105169080197811,0.0140294730663299,0.0814540833234787,0.0,0.8626982569694519,0.0136137846857309,0.0181032158434391,0.1055847704410553,0.0,0.8950595855712891,0.0113275004550814,0.0142581015825271,0.079354852437973,0.0,0.8422879576683044,0.0145906517282128,0.0187891013920307,0.124332308769226,0.0,0.9116039872169495,0.010683183558285236,0.013405940495431423,0.06430694460868835,0.0
55,0.999667465686798,0.0,0.0,0.0003325504658278,0.0,0.9997714161872864,0.0,0.0,0.0002286284434376,0.0,0.9997298121452332,0.0,0.0,0.000270197255304,0.0,0.9997506141662598,0.0,0.0,0.0002494128420948,0.0,0.9997506141662598,0.0,0.0,0.0002494128420948,0.0,0.9997506141662598,0.0,0.0,0.0002494128420948,0.0,0.9997714161872864,0.0,0.0,0.0002286284434376,0.0,0.9998337626457214,0.0,0.0,0.0001662752329139,0.0,0.9995635747909546,0.0,0.0,0.000436472473666,0.0,0.9997298121452332,0.0,0.0,0.000270197255304,0.0,0.999792218208313,0.0,0.0,0.0002078440447803,0.0,0.9997506141662598,0.0,0.0,0.0002494128420948,0.0,0.9996882677078248,0.0,0.0,0.0003117660526186,0.0,0.9997506141662598,0.0,0.0,0.0002494128420948,0.0,0.9997714161872864,0.0,0.0,0.0002286284434376,0.0,0.9998129606246948,0.0,0.0,0.0001870596315711,0.0,0.9997506141662598,0.0,0.0,0.0002494128420948,0.0,0.9996882677078248,0.0,0.0,0.0003117660526186,0.0,0.9998129606246948,0.0,0.0,0.0001870596315711,0.0,0.9997714161872864,0.0,0.0,0.0002286284434376,0.0,0.9997714161872864,0.0,0.0,0.0002286284434376,0.0,0.9997506141662598,0.0,0.0,0.0002494128420948,0.0,0.9997714161872864,0.0,0.0,0.0002286284434376,0.0,0.9998129606246948,0.0,0.0,0.0001870596315711,0.0,0.9995635747909546,0.0,0.0,0.000436472473666,0.0,0.9997090697288512,0.0,0.0,0.0002909816685132,0.0,0.9997298121452332,0.0,0.0,0.000270197255304,0.0,0.999792218208313,0.0,0.0,0.0002078440447803,0.0,0.9998129606246948,0.0,0.0,0.0001870596315711,0.0,0.9997298121452332,0.0,0.0,0.000270197255304,0.0,0.9263609051704408,0.0088125877082347,0.010454555042088,0.0543720014393329,0.0,0.909961998462677,0.0106000462546944,0.0124914264306426,0.0669465661048889,0.0,0.914160430431366,0.0100388675928115,0.0123875048011541,0.0634132176637649,0.0,0.8582503795623779,0.014465944841504,0.0177290961146354,0.1095545962452888,0.0,0.9278989434242249,0.0094569036737084,0.0101635735481977,0.0524806194007396,0.0,0.925633430480957,0.0096855321899056,0.0112651474773883,0.0534159168601036,0.0,0.89054936170578,0.0126161333173513,0.015546734444797,0.0812878012657165,0.0,0.8679983019828796,0.0138008445501327,0.0175004675984382,0.1007004380226135,0.0,0.8389208912849426,0.0161286983639001,0.0195996928960084,0.1253507435321808,0.0,0.9635233879089355,0.0052792388014495,0.0057780644856393,0.0254193264991045,0.0,0.8924615383148193,0.0126784862950444,0.0154428118839859,0.0794172063469886,0.0,0.8781618475914001,0.013780060224235,0.0170432105660438,0.0910149067640304,0.0,0.9451915621757508,0.0077317981049418,0.008791803382337,0.0382848717272281,0.0,0.902292549610138,0.0116392662748694,0.0135722160339355,0.0724960044026374,0.0,0.904807448387146,0.0116600506007671,0.0135514317080378,0.0699810907244682,0.0,0.8994035124778748,0.0125953489914536,0.014403591863811,0.0735975727438926,0.0,0.933302879333496,0.007565523032099,0.0090620005503296,0.0500696301460266,0.0,0.9238667488098145,0.0100804362446069,0.011597697623074,0.0544551387429237,0.0,0.8978862762451172,0.011909463442862,0.0143828075379133,0.075821503996849,0.0,0.9614241719245912,0.0057364953681826,0.0053415917791426,0.0274977665394544,0.0,0.9292914867401124,0.0081682708114385,0.0099972980096936,0.0525429733097553,0.0,0.9038513898849488,0.0107871061190962,0.0132812345400452,0.0720803141593933,0.0,0.8738387227058411,0.0133020188659429,0.0177706647664308,0.0950886458158493,0.0,0.9334899187088012,0.0084384679794311,0.0095192566514015,0.0485523678362369,0.0,0.8855403065681458,0.0132604502141475,0.0167106613516807,0.0844886004924774,0.0,0.8909235000610352,0.011493775062263,0.0139879044145345,0.083594873547554,0.0,0.8590610027313232,0.0138631975278258,0.0183734130114316,0.1087024360895156,0.0,0.891838014125824,0.0120757389813661,0.0145490830764174,0.0815372169017791,0.0,0.8383597135543823,0.0150479087606072,0.019038513302803,0.1275538951158523,0.0,0.9085694551467896,0.011285931803286076,0.01359300035983324,0.06655166298151016,0.0
56,0.999667465686798,0.0,0.0,0.0003325504658278,0.0,0.9997714161872864,0.0,0.0,0.0002286284434376,0.0,0.9997298121452332,0.0,0.0,0.000270197255304,0.0,0.9997506141662598,0.0,0.0,0.0002494128420948,0.0,0.9997506141662598,0.0,0.0,0.0002494128420948,0.0,0.9997506141662598,0.0,0.0,0.0002494128420948,0.0,0.9997714161872864,0.0,0.0,0.0002286284434376,0.0,0.9998337626457214,0.0,0.0,0.0001662752329139,0.0,0.9995635747909546,0.0,0.0,0.000436472473666,0.0,0.9997298121452332,0.0,0.0,0.000270197255304,0.0,0.999792218208313,0.0,0.0,0.0002078440447803,0.0,0.9997506141662598,0.0,0.0,0.0002494128420948,0.0,0.9996882677078248,0.0,0.0,0.0003117660526186,0.0,0.9997506141662598,0.0,0.0,0.0002494128420948,0.0,0.9997714161872864,0.0,0.0,0.0002286284434376,0.0,0.9998129606246948,0.0,0.0,0.0001870596315711,0.0,0.9997506141662598,0.0,0.0,0.0002494128420948,0.0,0.9996882677078248,0.0,0.0,0.0003117660526186,0.0,0.9998129606246948,0.0,0.0,0.0001870596315711,0.0,0.9997714161872864,0.0,0.0,0.0002286284434376,0.0,0.9997714161872864,0.0,0.0,0.0002286284434376,0.0,0.9997506141662598,0.0,0.0,0.0002494128420948,0.0,0.9997714161872864,0.0,0.0,0.0002286284434376,0.0,0.9998129606246948,0.0,0.0,0.0001870596315711,0.0,0.9995635747909546,0.0,0.0,0.000436472473666,0.0,0.9997090697288512,0.0,0.0,0.0002909816685132,0.0,0.9997298121452332,0.0,0.0,0.000270197255304,0.0,0.999792218208313,0.0,0.0,0.0002078440447803,0.0,0.9998129606246948,0.0,0.0,0.0001870596315711,0.0,0.9997298121452332,0.0,0.0,0.000270197255304,0.0,0.923638105392456,0.0097063165158033,0.0103714177384972,0.0562841668725013,0.0,0.9072184562683104,0.0111612249165773,0.0119718164205551,0.0696485415101051,0.0,0.910356879234314,0.0115769132971763,0.0121173076331615,0.065948911011219,0.0,0.8540104031562805,0.0155883030965924,0.0168561525642871,0.1135452017188072,0.0,0.9250722527503968,0.0102259265258908,0.009831023402512,0.0548708252608776,0.0,0.9225573539733888,0.0102882804349064,0.0115769132971763,0.0555774979293346,0.0,0.8864964246749878,0.0138216288760304,0.0149024175480008,0.0847795829176902,0.0,0.8641531467437744,0.0147361429408192,0.0164404641836881,0.1046702563762664,0.0,0.8348471522331238,0.0164196789264678,0.0188098866492509,0.1299233138561248,0.0,0.9618606567382812,0.0055286516435444,0.006110614631325,0.0265001151710748,0.0,0.888678789138794,0.0139255505055189,0.014507514424622,0.0828882008790969,0.0,0.8738387227058411,0.0152557529509067,0.0160871297121047,0.0948184505105018,0.0,0.9429260492324828,0.0084176836535334,0.0084176836535334,0.0402386076748371,0.0,0.8992996215820312,0.012013386003673,0.013676137663424,0.0750109180808067,0.0,0.9010246992111206,0.0129278991371393,0.0134267248213291,0.0726207047700882,0.0,0.8962027430534363,0.012948683463037,0.0142581015825271,0.0765905305743217,0.0,0.9305177927017212,0.0086047435179352,0.0091451378539204,0.0517323836684227,0.0,0.9205204844474792,0.0111404405906796,0.0114106377586722,0.0569284819066524,0.0,0.8943321108818054,0.0128655461594462,0.0137592758983373,0.0790430903434753,0.0,0.9597198367118835,0.0061313994228839,0.0056741423904895,0.0284746345132589,0.0,0.926672637462616,0.0089372936636209,0.009831023402512,0.0545590594410896,0.0,0.9005674719810486,0.0117016192525625,0.0128655461594462,0.07486542314291,0.0,0.8694947361946106,0.0145282987505197,0.0166483074426651,0.0993286669254303,0.0,0.9310581684112548,0.0090620005503296,0.0096647478640079,0.050215121358633,0.0,0.8805728554725647,0.0148608488962054,0.0166690926998853,0.0878972485661506,0.0,0.8876187801361084,0.0124082891270518,0.0131357433274388,0.0868372395634651,0.0,0.8547378182411194,0.0154635962098836,0.0172510556876659,0.1125475466251373,0.0,0.8883877992630005,0.0125329960137605,0.0143620232120156,0.0847172290086746,0.0,0.8339742422103882,0.0157753620296716,0.0186643954366445,0.1315860599279403,0.0,0.9050984382629395,0.012138091959059238,0.013302018865942955,0.06946147978305817,0.0
57,0.999667465686798,0.0,0.0,0.0003325504658278,0.0,0.9997714161872864,0.0,0.0,0.0002286284434376,0.0,0.9997298121452332,0.0,0.0,0.000270197255304,0.0,0.9997506141662598,0.0,0.0,0.0002494128420948,0.0,0.9997506141662598,0.0,0.0,0.0002494128420948,0.0,0.9997506141662598,0.0,0.0,0.0002494128420948,0.0,0.9997714161872864,0.0,0.0,0.0002286284434376,0.0,0.9998337626457214,0.0,0.0,0.0001662752329139,0.0,0.9995635747909546,0.0,0.0,0.000436472473666,0.0,0.9997298121452332,0.0,0.0,0.000270197255304,0.0,0.999792218208313,0.0,0.0,0.0002078440447803,0.0,0.9997506141662598,0.0,0.0,0.0002494128420948,0.0,0.9996882677078248,0.0,0.0,0.0003117660526186,0.0,0.9997506141662598,0.0,0.0,0.0002494128420948,0.0,0.9997714161872864,0.0,0.0,0.0002286284434376,0.0,0.9998129606246948,0.0,0.0,0.0001870596315711,0.0,0.9997506141662598,0.0,0.0,0.0002494128420948,0.0,0.9996882677078248,0.0,0.0,0.0003117660526186,0.0,0.9998129606246948,0.0,0.0,0.0001870596315711,0.0,0.9997714161872864,0.0,0.0,0.0002286284434376,0.0,0.9997714161872864,0.0,0.0,0.0002286284434376,0.0,0.9997506141662598,0.0,0.0,0.0002494128420948,0.0,0.9997714161872864,0.0,0.0,0.0002286284434376,0.0,0.9998129606246948,0.0,0.0,0.0001870596315711,0.0,0.9995635747909546,0.0,0.0,0.000436472473666,0.0,0.9997090697288512,0.0,0.0,0.0002909816685132,0.0,0.9997298121452332,0.0,0.0,0.000270197255304,0.0,0.999792218208313,0.0,0.0,0.0002078440447803,0.0,0.9998129606246948,0.0,0.0,0.0001870596315711,0.0,0.9997298121452332,0.0,0.0,0.000270197255304,0.0,0.9205204844474792,0.0107247522100806,0.0103922020643949,0.0583626069128513,0.0,0.9045164585113524,0.0114729907363653,0.0118471104651689,0.0721634477376937,0.0,0.9076549410820008,0.0121796606108546,0.0118678947910666,0.0682975500822067,0.0,0.8501237034797668,0.0160871297121047,0.0170016419142484,0.1167875677347183,0.0,0.9223703145980836,0.0105376932770013,0.0099349450320005,0.0571571104228496,0.0,0.9194812774658204,0.011182009242475,0.0116808349266648,0.0576559379696846,0.0,0.8826305270195007,0.0145906517282128,0.0154012432321906,0.0873776376247406,0.0,0.8605782389640808,0.0152765372768044,0.0162118356674909,0.107933409512043,0.0,0.8301706910133362,0.0172926243394613,0.0191840045154094,0.1333527415990829,0.0,0.9601563215255736,0.0060066930018365,0.0063184588216245,0.0275185517966747,0.0,0.8849999308586121,0.0151518303900957,0.0142996702343225,0.0855486094951629,0.0,0.8700351715087891,0.0158792845904827,0.0157753620296716,0.0983102321624755,0.0,0.9402448534965516,0.009103569202125,0.0088541563600301,0.041797436773777,0.0,0.8960364460945129,0.0125537803396582,0.0139671191573143,0.0774426907300949,0.0,0.8974289894104004,0.0139463348314166,0.0134682934731245,0.0751564055681228,0.0,0.8926070332527161,0.0135306473821401,0.0142373172566294,0.079625055193901,0.0,0.9279404878616332,0.0095192566514015,0.0091867065057158,0.0533535666763782,0.0,0.916737735271454,0.0126161333173513,0.0118263261392712,0.0588198639452457,0.0,0.891193687915802,0.013364371843636,0.0138424132019281,0.0815995708107948,0.0,0.957870066165924,0.0066094403155148,0.0061729680746793,0.0293475780636072,0.0,0.9239914417266846,0.0097686694934964,0.0097686694934964,0.056471224874258,0.0,0.8973042964935303,0.0125745646655559,0.0127200549468398,0.0774011239409446,0.0,0.8655664920806885,0.0154012432321906,0.0164612475782632,0.1025710329413414,0.0,0.9283561706542968,0.0099972980096936,0.0096023948863148,0.0520441494882106,0.0,0.8763744235038757,0.0156922247260808,0.0172302704304456,0.0907031372189521,0.0,0.8844595551490784,0.0127824088558554,0.0129278991371393,0.0898301973938942,0.0,0.8502691984176636,0.0165028162300586,0.0169185046106576,0.1163095235824585,0.0,0.8849583864212036,0.0132396649569273,0.0142581015825271,0.0875439122319221,0.0,0.829734206199646,0.0164820328354835,0.0191840045154094,0.1345998048782348,0.0,0.901710569858551,0.01292789913713932,0.013218880631029606,0.07214266806840897,0.0
58,0.999667465686798,0.0,0.0,0.0003325504658278,0.0,0.9997714161872864,0.0,0.0,0.0002286284434376,0.0,0.9997298121452332,0.0,0.0,0.000270197255304,0.0,0.9997506141662598,0.0,0.0,0.0002494128420948,0.0,0.9997506141662598,0.0,0.0,0.0002494128420948,0.0,0.9997506141662598,0.0,0.0,0.0002494128420948,0.0,0.9997714161872864,0.0,0.0,0.0002286284434376,0.0,0.9998337626457214,0.0,0.0,0.0001662752329139,0.0,0.9995635747909546,0.0,0.0,0.000436472473666,0.0,0.9997298121452332,0.0,0.0,0.000270197255304,0.0,0.999792218208313,0.0,0.0,0.0002078440447803,0.0,0.9997506141662598,0.0,0.0,0.0002494128420948,0.0,0.9996882677078248,0.0,0.0,0.0003117660526186,0.0,0.9997506141662598,0.0,0.0,0.0002494128420948,0.0,0.9997714161872864,0.0,0.0,0.0002286284434376,0.0,0.9998129606246948,0.0,0.0,0.0001870596315711,0.0,0.9997506141662598,0.0,0.0,0.0002494128420948,0.0,0.9996882677078248,0.0,0.0,0.0003117660526186,0.0,0.9998129606246948,0.0,0.0,0.0001870596315711,0.0,0.9997714161872864,0.0,0.0,0.0002286284434376,0.0,0.9997714161872864,0.0,0.0,0.0002286284434376,0.0,0.9997506141662598,0.0,0.0,0.0002494128420948,0.0,0.9997714161872864,0.0,0.0,0.0002286284434376,0.0,0.9998129606246948,0.0,0.0,0.0001870596315711,0.0,0.9995635747909546,0.0,0.0,0.000436472473666,0.0,0.9997090697288512,0.0,0.0,0.0002909816685132,0.0,0.9997298121452332,0.0,0.0,0.000270197255304,0.0,0.999792218208313,0.0,0.0,0.0002078440447803,0.0,0.9998129606246948,0.0,0.0,0.0001870596315711,0.0,0.9997298121452332,0.0,0.0,0.000270197255304,0.0,0.9183381199836732,0.0103298490867018,0.0106831835582852,0.0606488920748233,0.0,0.9014403820037842,0.011285931803286,0.0124498577788472,0.0748238563537597,0.0,0.9048905968666076,0.0121588762849569,0.0116808349266648,0.0712697207927703,0.0,0.8458213210105896,0.0161494817584753,0.0171055644750595,0.1209236606955528,0.0,0.919689118862152,0.010870243422687,0.0103714177384972,0.059069275856018,0.0,0.916550636291504,0.0116184819489717,0.0115353446453809,0.0602955557405948,0.0,0.8795751929283142,0.0141333946958184,0.0151726147159934,0.0911188274621963,0.0,0.857273519039154,0.0147777115926146,0.0157961472868919,0.1121526435017585,0.0,0.8259514570236206,0.0167314447462558,0.0193918496370315,0.137925311923027,0.0,0.9583480954170228,0.0066510094329714,0.006110614631325,0.0288903210312128,0.0,0.8812171816825867,0.015131046064198,0.0147569272667169,0.0888948962092399,0.0,0.866564154624939,0.0151518303900957,0.016544384881854,0.1017396599054336,0.0,0.9379377961158752,0.008999646641314,0.0090204309672117,0.0440421514213085,0.0,0.8926693797111511,0.0126992706209421,0.0136969219893217,0.0809344723820686,0.0,0.8940827250480652,0.0143412388861179,0.0132396649569273,0.0783364176750183,0.0,0.8886995315551758,0.0140502573922276,0.0142581015825271,0.0829921290278434,0.0,0.9256542325019836,0.0096439635381102,0.0091867065057158,0.0555151440203189,0.0,0.9134953618049622,0.0131357433274388,0.0118263261392712,0.0615426190197467,0.0,0.8876187801361084,0.0131773119792342,0.014403591863811,0.0848003700375557,0.0,0.9557915925979614,0.0070666973479092,0.0065470873378217,0.0305946432054042,0.0,0.9214141964912416,0.0101635735481977,0.0098102390766143,0.0586120188236236,0.0,0.8939787745475769,0.0127616245299577,0.0132396649569273,0.0800199583172798,0.0,0.8614304065704346,0.0160247758030891,0.016232619062066,0.1063122302293777,0.0,0.9254671335220336,0.0106208305805921,0.0096231792122125,0.0542888641357421,0.0,0.8726124167442322,0.0160039905458688,0.0167730133980512,0.09461060911417,0.0,0.8808222413063049,0.0131773119792342,0.0133020188659429,0.0926984399557113,0.0,0.8464241027832031,0.0162741877138614,0.017271839082241,0.1200299337506294,0.0,0.881591260433197,0.0134682934731245,0.0143828075379133,0.090557649731636,0.0,0.8255149722099304,0.0167730133980512,0.018311059102416,0.1394010037183761,0.0,0.8980317711830139,0.013572216033935547,0.013156527653336525,0.07523954659700394,0.0
59,0.999667465686798,0.0,0.0,0.0003325504658278,0.0,0.9997714161872864,0.0,0.0,0.0002286284434376,0.0,0.9997298121452332,0.0,0.0,0.000270197255304,0.0,0.9997506141662598,0.0,0.0,0.0002494128420948,0.0,0.9997506141662598,0.0,0.0,0.0002494128420948,0.0,0.9997506141662598,0.0,0.0,0.0002494128420948,0.0,0.9997714161872864,0.0,0.0,0.0002286284434376,0.0,0.9998337626457214,0.0,0.0,0.0001662752329139,0.0,0.9995635747909546,0.0,0.0,0.000436472473666,0.0,0.9997298121452332,0.0,0.0,0.000270197255304,0.0,0.999792218208313,0.0,0.0,0.0002078440447803,0.0,0.9997506141662598,0.0,0.0,0.0002494128420948,0.0,0.9996882677078248,0.0,0.0,0.0003117660526186,0.0,0.9997506141662598,0.0,0.0,0.0002494128420948,0.0,0.9997714161872864,0.0,0.0,0.0002286284434376,0.0,0.9998129606246948,0.0,0.0,0.0001870596315711,0.0,0.9997506141662598,0.0,0.0,0.0002494128420948,0.0,0.9996882677078248,0.0,0.0,0.0003117660526186,0.0,0.9998129606246948,0.0,0.0,0.0001870596315711,0.0,0.9997714161872864,0.0,0.0,0.0002286284434376,0.0,0.9997714161872864,0.0,0.0,0.0002286284434376,0.0,0.9997506141662598,0.0,0.0,0.0002494128420948,0.0,0.9997714161872864,0.0,0.0,0.0002286284434376,0.0,0.9998129606246948,0.0,0.0,0.0001870596315711,0.0,0.9995635747909546,0.0,0.0,0.000436472473666,0.0,0.9997090697288512,0.0,0.0,0.0002909816685132,0.0,0.9997298121452332,0.0,0.0,0.000270197255304,0.0,0.999792218208313,0.0,0.0,0.0002078440447803,0.0,0.9998129606246948,0.0,0.0,0.0001870596315711,0.0,0.9997298121452332,0.0,0.0,0.000270197255304,0.0,0.9153867363929749,0.0109741650521755,0.0106623992323875,0.0629767477512359,0.0,0.8978654742240906,0.0120965233072638,0.0127200549468398,0.0773179829120636,0.0,0.9015027284622192,0.0126577019691467,0.0121588762849569,0.0736807137727737,0.0,0.8419138789176941,0.0163365416228771,0.017271839082241,0.1244777962565422,0.0,0.9171118140220642,0.0107871061190962,0.0113898534327745,0.060711245983839,0.0,0.9136408567428588,0.0119926007464528,0.0118678947910666,0.0624987035989761,0.0,0.8757300972938538,0.01481928024441,0.0152141833677887,0.0942364856600761,0.0,0.85301274061203,0.0149855557829141,0.0163365416228771,0.1156652122735977,0.0,0.8216490745544434,0.017271839082241,0.0195996928960084,0.1414794325828552,0.0,0.9567477107048036,0.0067757158540189,0.0063184588216245,0.0301581695675849,0.0,0.8773512840270996,0.0151102617383003,0.0152557529509067,0.0922827571630477,0.0,0.8628645539283752,0.0152973216027021,0.0165028162300586,0.1053353622555732,0.0,0.9359217286109924,0.0092698438093066,0.0091867065057158,0.0456217676401138,0.0,0.8890736699104309,0.0132188806310296,0.0141333946958184,0.0835740864276886,0.0,0.8899466395378113,0.0148608488962054,0.0141126103699207,0.0810799598693847,0.0,0.8847712874412537,0.0146322203800082,0.0152141833677887,0.0853823348879814,0.0,0.9229730367660522,0.0103298490867018,0.0091867065057158,0.0575104467570781,0.0,0.9096710085868835,0.0141957476735115,0.0124290734529495,0.0637042000889778,0.0,0.8837320804595947,0.0141541790217161,0.014465944841504,0.087647832930088,0.0,0.9539625644683838,0.0074616009369492,0.0067549315281212,0.031820923089981,0.0,0.9186498522758484,0.0106416149064898,0.0101220048964023,0.0605865381658077,0.0,0.8901128768920898,0.0137384915724396,0.0131773119792342,0.082971341907978,0.0,0.8571696281433105,0.0166690926998853,0.0162949729710817,0.1098663583397865,0.0,0.922536551952362,0.0109533807262778,0.0103506334125995,0.05615945905447,0.0,0.868621826171875,0.0169185046106576,0.0167106613516807,0.0977490544319152,0.0,0.8777669668197632,0.0131565276533365,0.0135930003598332,0.095483548939228,0.0,0.8427660465240479,0.0162949729710817,0.0172510556876659,0.1236879900097847,0.0,0.8775591254234314,0.0142788859084248,0.0145490830764174,0.0936129540205001,0.0,0.8214412331581116,0.0169185046106576,0.0185189042240381,0.1431214064359665,0.0,0.8944152593612671,0.014154179021716118,0.013717706315219402,0.07771288603544235,0.0
60,0.999667465686798,0.0,0.0,0.0003325504658278,0.0,0.9997714161872864,0.0,0.0,0.0002286284434376,0.0,0.9997298121452332,0.0,0.0,0.000270197255304,0.0,0.9997506141662598,0.0,0.0,0.0002494128420948,0.0,0.9997506141662598,0.0,0.0,0.0002494128420948,0.0,0.9997506141662598,0.0,0.0,0.0002494128420948,0.0,0.9997714161872864,0.0,0.0,0.0002286284434376,0.0,0.9998337626457214,0.0,0.0,0.0001662752329139,0.0,0.9995635747909546,0.0,0.0,0.000436472473666,0.0,0.9997298121452332,0.0,0.0,0.000270197255304,0.0,0.999792218208313,0.0,0.0,0.0002078440447803,0.0,0.9997506141662598,0.0,0.0,0.0002494128420948,0.0,0.9996882677078248,0.0,0.0,0.0003117660526186,0.0,0.9997506141662598,0.0,0.0,0.0002494128420948,0.0,0.9997714161872864,0.0,0.0,0.0002286284434376,0.0,0.9998129606246948,0.0,0.0,0.0001870596315711,0.0,0.9997506141662598,0.0,0.0,0.0002494128420948,0.0,0.9996882677078248,0.0,0.0,0.0003117660526186,0.0,0.9998129606246948,0.0,0.0,0.0001870596315711,0.0,0.9997714161872864,0.0,0.0,0.0002286284434376,0.0,0.9997714161872864,0.0,0.0,0.0002286284434376,0.0,0.9997506141662598,0.0,0.0,0.0002494128420948,0.0,0.9997714161872864,0.0,0.0,0.0002286284434376,0.0,0.9998129606246948,0.0,0.0,0.0001870596315711,0.0,0.9995635747909546,0.0,0.0,0.000436472473666,0.0,0.9997090697288512,0.0,0.0,0.0002909816685132,0.0,0.9997298121452332,0.0,0.0,0.000270197255304,0.0,0.999792218208313,0.0,0.0,0.0002078440447803,0.0,0.9998129606246948,0.0,0.0,0.0001870596315711,0.0,0.9997298121452332,0.0,0.0,0.000270197255304,0.0,0.9122067093849182,0.0114314220845699,0.0115353446453809,0.0648265555500984,0.0,0.8945815563201904,0.012636917643249,0.0133435875177383,0.0794379934668541,0.0,0.8984058499336243,0.0119510320946574,0.0138424132019281,0.0758007243275642,0.0,0.8374036550521851,0.0166067387908697,0.0187059640884399,0.1272836923599243,0.0,0.914160430431366,0.0109118120744824,0.0122835831716656,0.0626441910862922,0.0,0.9103153347969056,0.0122420135885477,0.0127616245299577,0.0646810680627822,0.0,0.8720096945762634,0.0144867300987243,0.0166690926998853,0.0968345403671264,0.0,0.8490636944770813,0.0150894774124026,0.0176459588110446,0.1182009056210517,0.0,0.8173051476478577,0.0175420362502336,0.0202024411410093,0.1449504345655441,0.0,0.954274356365204,0.0075863073579967,0.0069419909268617,0.0311973914504051,0.0,0.8736724257469177,0.0150063401088118,0.0164612475782632,0.0948600172996521,0.0,0.8592480421066284,0.0145906517282128,0.0181032158434391,0.1080581173300743,0.0,0.9334275722503662,0.0094984723255038,0.0099972980096936,0.0470766760408878,0.0,0.8857689499855042,0.0135306473821401,0.0146322203800082,0.086068220436573,0.0,0.8864340782165527,0.0145906517282128,0.0154428118839859,0.0835325196385383,0.0,0.8806975483894348,0.0155051657930016,0.0157961472868919,0.0880011692643165,0.0,0.9203957915306092,0.0101220048964023,0.0103506334125995,0.0591316297650337,0.0,0.9065949320793152,0.0139255505055189,0.0134267248213291,0.0660528391599655,0.0,0.8803026676177979,0.0140294730663299,0.0154635962098836,0.0902043133974075,0.0,0.9518633484840392,0.0078565049916505,0.0074408166110515,0.0328393578529357,0.0,0.9160726070404052,0.0106000462546944,0.0107871061190962,0.0625402703881263,0.0,0.886683464050293,0.0138839818537235,0.0140710417181253,0.085361547768116,0.0,0.852950394153595,0.016544384881854,0.0176459588110446,0.1128593161702156,0.0,0.9197306632995604,0.0113275004550814,0.010870243422687,0.0580716244876384,0.0,0.8647143244743347,0.0158585011959075,0.0182279217988252,0.1011992618441581,0.0,0.8749610781669617,0.0126577019691467,0.0147984959185123,0.0975827798247337,0.0,0.8387546539306641,0.0159832071512937,0.0181863531470298,0.1270758509635925,0.0,0.8737139701843262,0.0146737890318036,0.0155259501188993,0.0960863009095192,0.0,0.8169102072715759,0.0170639958232641,0.0194334182888269,0.1465924084186554,0.0,0.8910273909568787,0.014071041718125343,0.014756927266716957,0.08014465868473053,0.0
61,0.999667465686798,0.0,0.0,0.0003325504658278,0.0,0.9997714161872864,0.0,0.0,0.0002286284434376,0.0,0.9997298121452332,0.0,0.0,0.000270197255304,0.0,0.9997506141662598,0.0,0.0,0.0002494128420948,0.0,0.9997506141662598,0.0,0.0,0.0002494128420948,0.0,0.9997506141662598,0.0,0.0,0.0002494128420948,0.0,0.9997714161872864,0.0,0.0,0.0002286284434376,0.0,0.9998337626457214,0.0,0.0,0.0001662752329139,0.0,0.9995635747909546,0.0,0.0,0.000436472473666,0.0,0.9997298121452332,0.0,0.0,0.000270197255304,0.0,0.999792218208313,0.0,0.0,0.0002078440447803,0.0,0.9997506141662598,0.0,0.0,0.0002494128420948,0.0,0.9996882677078248,0.0,0.0,0.0003117660526186,0.0,0.9997506141662598,0.0,0.0,0.0002494128420948,0.0,0.9997714161872864,0.0,0.0,0.0002286284434376,0.0,0.9998129606246948,0.0,0.0,0.0001870596315711,0.0,0.9997506141662598,0.0,0.0,0.0002494128420948,0.0,0.9996882677078248,0.0,0.0,0.0003117660526186,0.0,0.9998129606246948,0.0,0.0,0.0001870596315711,0.0,0.9997714161872864,0.0,0.0,0.0002286284434376,0.0,0.9997714161872864,0.0,0.0,0.0002286284434376,0.0,0.9997506141662598,0.0,0.0,0.0002494128420948,0.0,0.9997714161872864,0.0,0.0,0.0002286284434376,0.0,0.9998129606246948,0.0,0.0,0.0001870596315711,0.0,0.9995635747909546,0.0,0.0,0.000436472473666,0.0,0.9997090697288512,0.0,0.0,0.0002909816685132,0.0,0.9997298121452332,0.0,0.0,0.000270197255304,0.0,0.999792218208313,0.0,0.0,0.0002078440447803,0.0,0.9998129606246948,0.0,0.0,0.0001870596315711,0.0,0.9997298121452332,0.0,0.0,0.000270197255304,0.0,0.9095047116279602,0.0110157346352934,0.0128239775076508,0.066655583679676,0.0,0.8907780051231384,0.0137384915724396,0.0138631975278258,0.0816203579306602,0.0,0.8947062492370605,0.012948683463037,0.0142788859084248,0.0780662223696708,0.0,0.8326647877693176,0.0174588989466428,0.0194749869406223,0.1304013580083847,0.0,0.9101282954216005,0.0122420135885477,0.0129278991371393,0.0647018477320671,0.0,0.9063454866409302,0.0131357433274388,0.013364371843636,0.0671544075012207,0.0,0.8670006394386292,0.0156298726797103,0.01768752746284,0.0996820032596588,0.0,0.8442832827568054,0.0162949729710817,0.018311059102416,0.1211107224225997,0.0,0.8123792409896851,0.0177914500236511,0.0210961699485778,0.1487331986427307,0.0,0.9521335363388062,0.0080227795988321,0.007232972420752,0.0326107293367385,0.0,0.8686841726303101,0.0163157563656568,0.0176043901592493,0.0973957180976867,0.0,0.8539064526557922,0.0161286983639001,0.0190592985600233,0.1109055802226066,0.0,0.9301228523254396,0.0101220048964023,0.0110988719388842,0.0486562885344028,0.0,0.8817575573921204,0.0142788859084248,0.0152765372768044,0.0886870548129081,0.0,0.8821316957473755,0.0152973216027021,0.0165236014872789,0.0860474333167076,0.0,0.8762081265449524,0.0163988955318927,0.016544384881854,0.0908486321568489,0.0,0.9167584776878356,0.011182009242475,0.011182009242475,0.0608775205910205,0.0,0.9028329253196716,0.0139047661796212,0.0149232018738985,0.0683391243219375,0.0,0.8754391074180603,0.0157545786350965,0.0160039905458688,0.0928023606538772,0.0,0.9496809840202332,0.0081890551373362,0.0079812109470367,0.0341487750411033,0.0,0.9129133820533752,0.0110780876129865,0.0116184819489717,0.0643900856375694,0.0,0.882879912853241,0.0144243761897087,0.0149647705256938,0.0877309665083885,0.0,0.8484193682670593,0.0171471331268548,0.0184565503150224,0.1159769743680954,0.0,0.9156777262687684,0.0126784862950444,0.0117639731615781,0.0598798692226409,0.0,0.8597884178161621,0.0165859553962945,0.0190592985600233,0.1045663356781005,0.0,0.8708249926567078,0.0136345690116286,0.0155675187706947,0.0999729856848716,0.0,0.83418208360672,0.0160871297121047,0.0199322439730167,0.1297986060380935,0.0,0.8687049746513367,0.0162534043192863,0.0159624218940734,0.0990792512893676,0.0,0.8127325773239136,0.0170016419142484,0.0200153812766075,0.1502504646778106,0.0,0.8861430883407593,0.015567518770694733,0.015525950118899345,0.08276350051164627,0.0
62,0.999667465686798,0.0,0.0,0.0003325504658278,0.0,0.9997714161872864,0.0,0.0,0.0002286284434376,0.0,0.9997298121452332,0.0,0.0,0.000270197255304,0.0,0.9997506141662598,0.0,0.0,0.0002494128420948,0.0,0.9997506141662598,0.0,0.0,0.0002494128420948,0.0,0.9997506141662598,0.0,0.0,0.0002494128420948,0.0,0.9997714161872864,0.0,0.0,0.0002286284434376,0.0,0.9998337626457214,0.0,0.0,0.0001662752329139,0.0,0.9995635747909546,0.0,0.0,0.000436472473666,0.0,0.9997298121452332,0.0,0.0,0.000270197255304,0.0,0.999792218208313,0.0,0.0,0.0002078440447803,0.0,0.9997506141662598,0.0,0.0,0.0002494128420948,0.0,0.9996882677078248,0.0,0.0,0.0003117660526186,0.0,0.9997506141662598,0.0,0.0,0.0002494128420948,0.0,0.9997714161872864,0.0,0.0,0.0002286284434376,0.0,0.9998129606246948,0.0,0.0,0.0001870596315711,0.0,0.9997506141662598,0.0,0.0,0.0002494128420948,0.0,0.9996882677078248,0.0,0.0,0.0003117660526186,0.0,0.9998129606246948,0.0,0.0,0.0001870596315711,0.0,0.9997714161872864,0.0,0.0,0.0002286284434376,0.0,0.9997714161872864,0.0,0.0,0.0002286284434376,0.0,0.9997506141662598,0.0,0.0,0.0002494128420948,0.0,0.9997714161872864,0.0,0.0,0.0002286284434376,0.0,0.9998129606246948,0.0,0.0,0.0001870596315711,0.0,0.9995635747909546,0.0,0.0,0.000436472473666,0.0,0.9997090697288512,0.0,0.0,0.0002909816685132,0.0,0.9997298121452332,0.0,0.0,0.000270197255304,0.0,0.999792218208313,0.0,0.0,0.0002078440447803,0.0,0.9998129606246948,0.0,0.0,0.0001870596315711,0.0,0.9997298121452332,0.0,0.0,0.000270197255304,0.0,0.9060129523277284,0.012325151823461,0.0129071148112416,0.0687548071146011,0.0,0.8867250084877014,0.0147153576835989,0.0145490830764174,0.0840105637907981,0.0,0.8909858465194702,0.0139047661796212,0.0149439861997962,0.0801654458045959,0.0,0.8275102376937866,0.018311059102416,0.0203895010054111,0.1337892115116119,0.0,0.9067819714546204,0.0129071148112416,0.0132188806310296,0.067092053592205,0.0,0.9023756980895996,0.0141749633476138,0.0141126103699207,0.0693367719650268,0.0,0.8623865246772766,0.0171887017786502,0.0176459588110446,0.1027788817882537,0.0,0.8396483659744263,0.0176251754164695,0.0185812581330537,0.1241452470421791,0.0,0.8078274130821228,0.0181240011006593,0.0215118583291769,0.1525367349386215,0.0,0.949951171875,0.0083968993276357,0.0078149363398551,0.0338370092213153,0.0,0.8637582659721375,0.0174588989466428,0.0189345926046371,0.0998482778668403,0.0,0.8499782085418701,0.0165859553962945,0.0193502809852361,0.1140855923295021,0.0,0.9270259737968444,0.0109118120744824,0.0114106377586722,0.050651591271162,0.0,0.8775798678398132,0.0150894774124026,0.0159208532422781,0.0914098098874092,0.0,0.8776630163192749,0.0164196789264678,0.0172926243394613,0.0886247009038925,0.0,0.871469259262085,0.0172302704304456,0.0174381155520677,0.0938623696565628,0.0,0.9135577082633972,0.0120965233072638,0.0118055418133735,0.0625402703881263,0.0,0.8988839387893677,0.0146114360541105,0.0158585011959075,0.0706461891531944,0.0,0.8715940117835999,0.0160247758030891,0.0169392898678779,0.0954419821500778,0.0,0.9474778175354004,0.0083137620240449,0.008687880821526,0.0355205461382865,0.0,0.9098580479621888,0.0115561289712786,0.0123459361493587,0.0662398934364318,0.0,0.8788477182388306,0.015131046064198,0.0159000698477029,0.090121179819107,0.0,0.8440130949020386,0.0174173302948474,0.0195373389869928,0.1190322786569595,0.0,0.9123314023017884,0.0131357433274388,0.0128863304853439,0.0616465434432029,0.0,0.8550704121589661,0.0175420362502336,0.019454201683402,0.107933409512043,0.0,0.8670421838760376,0.013780060224235,0.0164196789264678,0.1027580946683883,0.0,0.8295887112617493,0.0168353673070669,0.0203479323536157,0.1332280337810516,0.0,0.8648390769958496,0.0167522300034761,0.0166067387908697,0.1018020138144493,0.0,0.8081392049789429,0.0173757616430521,0.0207012668251991,0.1537838131189346,0.0,0.8821524381637573,0.015879284590482712,0.016606738790869713,0.085361547768116,0.0
63,0.999667465686798,0.0,0.0,0.0003325504658278,0.0,0.9997714161872864,0.0,0.0,0.0002286284434376,0.0,0.9997298121452332,0.0,0.0,0.000270197255304,0.0,0.9997506141662598,0.0,0.0,0.0002494128420948,0.0,0.9997506141662598,0.0,0.0,0.0002494128420948,0.0,0.9997506141662598,0.0,0.0,0.0002494128420948,0.0,0.9997714161872864,0.0,0.0,0.0002286284434376,0.0,0.9998337626457214,0.0,0.0,0.0001662752329139,0.0,0.9995635747909546,0.0,0.0,0.000436472473666,0.0,0.9997298121452332,0.0,0.0,0.000270197255304,0.0,0.999792218208313,0.0,0.0,0.0002078440447803,0.0,0.9997506141662598,0.0,0.0,0.0002494128420948,0.0,0.9996882677078248,0.0,0.0,0.0003117660526186,0.0,0.9997506141662598,0.0,0.0,0.0002494128420948,0.0,0.9997714161872864,0.0,0.0,0.0002286284434376,0.0,0.9998129606246948,0.0,0.0,0.0001870596315711,0.0,0.9997506141662598,0.0,0.0,0.0002494128420948,0.0,0.9996882677078248,0.0,0.0,0.0003117660526186,0.0,0.9998129606246948,0.0,0.0,0.0001870596315711,0.0,0.9997714161872864,0.0,0.0,0.0002286284434376,0.0,0.9997714161872864,0.0,0.0,0.0002286284434376,0.0,0.9997506141662598,0.0,0.0,0.0002494128420948,0.0,0.9997714161872864,0.0,0.0,0.0002286284434376,0.0,0.9998129606246948,0.0,0.0,0.0001870596315711,0.0,0.9995635747909546,0.0,0.0,0.000436472473666,0.0,0.9997090697288512,0.0,0.0,0.0002909816685132,0.0,0.9997298121452332,0.0,0.0,0.000270197255304,0.0,0.999792218208313,0.0,0.0,0.0002078440447803,0.0,0.9998129606246948,0.0,0.0,0.0001870596315711,0.0,0.9997298121452332,0.0,0.0,0.000270197255304,0.0,0.9030200242996216,0.0123667204752564,0.0132812345400452,0.071332074701786,0.0,0.8837528824806213,0.0141126103699207,0.0148608488962054,0.0872737094759941,0.0,0.8882631063461304,0.0132396649569273,0.015546734444797,0.0829505547881126,0.0,0.8236651420593262,0.0182487070560455,0.0200569499284029,0.1380292326211929,0.0,0.9038929343223572,0.0132188806310296,0.0134475091472268,0.0694406926631927,0.0,0.8997983932495117,0.0138424132019281,0.0145282987505197,0.0718308985233306,0.0,0.8591441512107849,0.0165859553962945,0.0179785098880529,0.1062914431095123,0.0,0.836447536945343,0.0165651701390743,0.019038513302803,0.1279487907886505,0.0,0.8041278123855591,0.0175212528556585,0.0210338160395622,0.1573171615600586,0.0,0.947872757911682,0.0088749406859278,0.0082514081150293,0.0350009351968765,0.0,0.8600794076919556,0.017271839082241,0.0189969446510076,0.1036518216133117,0.0,0.8463409543037415,0.0165236014872789,0.0188514553010463,0.1182840466499328,0.0,0.9242616891860962,0.0116600506007671,0.0110157346352934,0.0530625842511653,0.0,0.8740257620811462,0.0150479087606072,0.0162949729710817,0.0946313887834549,0.0,0.8743375539779663,0.0156090874224901,0.0184773355722427,0.0915760844945907,0.0,0.8677488565444946,0.0170224271714687,0.0179785098880529,0.09725022315979,0.0,0.911188304424286,0.0117847574874758,0.012325151823461,0.0647018477320671,0.0,0.8953297734260559,0.0143412388861179,0.016960073262453,0.0733689442276954,0.0,0.8685386776924133,0.015193399041891,0.0170639958232641,0.0992039591073989,0.0,0.945170760154724,0.008791803382337,0.0088957250118255,0.0371417291462421,0.0,0.9072184562683104,0.0114314220845699,0.0129278991371393,0.068422257900238,0.0,0.8756677508354187,0.0144451605156064,0.0166275240480899,0.0932596176862716,0.0,0.8403134346008301,0.0168561525642871,0.0202855784446001,0.1225448474287986,0.0,0.9094008207321168,0.0131357433274388,0.0135514317080378,0.0639120414853096,0.0,0.8513915538787842,0.0172302704304456,0.0199945960193872,0.1113836243748664,0.0,0.8637998104095459,0.0139671191573143,0.016232619062066,0.1060004606842994,0.0,0.8258891105651855,0.0168769359588623,0.0199322439730167,0.1373017728328704,0.0,0.8613680601119995,0.0161910504102706,0.0175004675984382,0.1049404591321945,0.0,0.8046266436576843,0.0168145820498466,0.0208467580378055,0.1577120572328567,0.0,0.8788477182388306,0.015567518770694733,0.017188701778650284,0.08839607238769531,0.0
64,0.999667465686798,0.0,0.0,0.0003325504658278,0.0,0.9997714161872864,0.0,0.0,0.0002286284434376,0.0,0.9997298121452332,0.0,0.0,0.000270197255304,0.0,0.9997506141662598,0.0,0.0,0.0002494128420948,0.0,0.9997506141662598,0.0,0.0,0.0002494128420948,0.0,0.9997506141662598,0.0,0.0,0.0002494128420948,0.0,0.9997714161872864,0.0,0.0,0.0002286284434376,0.0,0.9998337626457214,0.0,0.0,0.0001662752329139,0.0,0.9995635747909546,0.0,0.0,0.000436472473666,0.0,0.9997298121452332,0.0,0.0,0.000270197255304,0.0,0.999792218208313,0.0,0.0,0.0002078440447803,0.0,0.9997506141662598,0.0,0.0,0.0002494128420948,0.0,0.9996882677078248,0.0,0.0,0.0003117660526186,0.0,0.9997506141662598,0.0,0.0,0.0002494128420948,0.0,0.9997714161872864,0.0,0.0,0.0002286284434376,0.0,0.9998129606246948,0.0,0.0,0.0001870596315711,0.0,0.9997506141662598,0.0,0.0,0.0002494128420948,0.0,0.9996882677078248,0.0,0.0,0.0003117660526186,0.0,0.9998129606246948,0.0,0.0,0.0001870596315711,0.0,0.9997714161872864,0.0,0.0,0.0002286284434376,0.0,0.9997714161872864,0.0,0.0,0.0002286284434376,0.0,0.9997506141662598,0.0,0.0,0.0002494128420948,0.0,0.9997714161872864,0.0,0.0,0.0002286284434376,0.0,0.9998129606246948,0.0,0.0,0.0001870596315711,0.0,0.9995635747909546,0.0,0.0,0.000436472473666,0.0,0.9997090697288512,0.0,0.0,0.0002909816685132,0.0,0.9997298121452332,0.0,0.0,0.000270197255304,0.0,0.999792218208313,0.0,0.0,0.0002078440447803,0.0,0.9998129606246948,0.0,0.0,0.0001870596315711,0.0,0.9997298121452332,0.0,0.0,0.000270197255304,0.0,0.9003180265426636,0.0118886791169643,0.0141541790217161,0.0736391469836235,0.0,0.8806560039520264,0.0139255505055189,0.0153804589062929,0.0900380387902259,0.0,0.8856234550476074,0.0127824088558554,0.0157545786350965,0.0858395919203758,0.0,0.8205890655517578,0.0168145820498466,0.0208467580378055,0.1417496353387832,0.0,0.9006505608558655,0.0135098630562424,0.0137384915724396,0.0721011012792587,0.0,0.8972419500350952,0.0130733903497457,0.0153181059285998,0.0743665993213653,0.0,0.8556523323059082,0.0163573268800973,0.0185396876186132,0.1094506755471229,0.0,0.8329765796661377,0.0160871297121047,0.0189345926046371,0.1320017576217651,0.0,0.8007399439811707,0.0165651701390743,0.0216157808899879,0.1610791385173797,0.0,0.945565700531006,0.0087086651474237,0.0092490594834089,0.0364766307175159,0.0,0.8569825291633606,0.0166898760944604,0.0187891013920307,0.1075385063886642,0.0,0.8433272242546082,0.0159208532422781,0.0189138073474168,0.1218381747603416,0.0,0.9214973449707032,0.0119302477687597,0.0117639731615781,0.0548084750771522,0.0,0.8708041906356812,0.0149647705256938,0.0165236014872789,0.0977074801921844,0.0,0.8706378936767578,0.0157961472868919,0.0183734130114316,0.0951925739645958,0.0,0.8645480871200562,0.0161494817584753,0.0187059640884399,0.1005965173244476,0.0,0.9086733460426332,0.0117224035784602,0.0129071148112416,0.0666971504688263,0.0,0.891650915145874,0.0149439861997962,0.017271839082241,0.0761332735419273,0.0,0.8652339577674866,0.0150686930865049,0.0175836067646741,0.1021137759089469,0.0,0.9427805542945862,0.0090827848762273,0.0095608262345194,0.038575854152441,0.0,0.9046412110328674,0.0114314220845699,0.0132188806310296,0.07070854306221,0.0,0.8726747632026672,0.0140086887404322,0.0171679183840751,0.0961486548185348,0.0,0.8372789621353149,0.0156714413315057,0.0208883266896009,0.1261613368988037,0.0,0.9064702391624452,0.0132604502141475,0.0137592758983373,0.0665100961923599,0.0,0.8481283783912659,0.0165859553962945,0.0208259727805852,0.114459715783596,0.0,0.8607860803604126,0.0141749633476138,0.0159624218940734,0.109076552093029,0.0,0.8223972916603088,0.0163573268800973,0.0203063637018203,0.1409390419721603,0.0,0.8580425381660461,0.0156714413315057,0.0181240011006593,0.1081620380282402,0.0,0.8014466166496277,0.0154635962098836,0.0214495044201612,0.16164031624794,0.0,0.8749818205833435,0.01604555919766426,0.01754203625023365,0.09143059700727463,0.0
65,0.999667465686798,0.0,0.0,0.0003325504658278,0.0,0.9997714161872864,0.0,0.0,0.0002286284434376,0.0,0.9997298121452332,0.0,0.0,0.000270197255304,0.0,0.9997506141662598,0.0,0.0,0.0002494128420948,0.0,0.9997506141662598,0.0,0.0,0.0002494128420948,0.0,0.9997506141662598,0.0,0.0,0.0002494128420948,0.0,0.9997714161872864,0.0,0.0,0.0002286284434376,0.0,0.9998337626457214,0.0,0.0,0.0001662752329139,0.0,0.9995635747909546,0.0,0.0,0.000436472473666,0.0,0.9997298121452332,0.0,0.0,0.000270197255304,0.0,0.999792218208313,0.0,0.0,0.0002078440447803,0.0,0.9997506141662598,0.0,0.0,0.0002494128420948,0.0,0.9996882677078248,0.0,0.0,0.0003117660526186,0.0,0.9997506141662598,0.0,0.0,0.0002494128420948,0.0,0.9997714161872864,0.0,0.0,0.0002286284434376,0.0,0.9998129606246948,0.0,0.0,0.0001870596315711,0.0,0.9997506141662598,0.0,0.0,0.0002494128420948,0.0,0.9996882677078248,0.0,0.0,0.0003117660526186,0.0,0.9998129606246948,0.0,0.0,0.0001870596315711,0.0,0.9997714161872864,0.0,0.0,0.0002286284434376,0.0,0.9997714161872864,0.0,0.0,0.0002286284434376,0.0,0.9997506141662598,0.0,0.0,0.0002494128420948,0.0,0.9997714161872864,0.0,0.0,0.0002286284434376,0.0,0.9998129606246948,0.0,0.0,0.0001870596315711,0.0,0.9995635747909546,0.0,0.0,0.000436472473666,0.0,0.9997090697288512,0.0,0.0,0.0002909816685132,0.0,0.9997298121452332,0.0,0.0,0.000270197255304,0.0,0.999792218208313,0.0,0.0,0.0002078440447803,0.0,0.9998129606246948,0.0,0.0,0.0001870596315711,0.0,0.9997298121452332,0.0,0.0,0.000270197255304,0.0,0.8970341086387634,0.0124706421047449,0.0141333946958184,0.0763619020581245,0.0,0.8776422739028931,0.0131357433274388,0.0164404641836881,0.0927815809845924,0.0,0.8830046057701111,0.0117016192525625,0.0156506560742855,0.0896431356668472,0.0,0.8160372972488403,0.0166275240480899,0.0213455837219953,0.1459896564483642,0.0,0.8974289894104004,0.0126992706209421,0.0149439861997962,0.0749277770519256,0.0,0.8941242694854736,0.01222122926265,0.0162118356674909,0.0774426907300949,0.0,0.8523476123809814,0.0146530047059059,0.0194957703351974,0.1135036274790763,0.0,0.829796552658081,0.0144867300987243,0.019869890064001,0.1358468681573867,0.0,0.7966870069503784,0.0156922247260808,0.0224679410457611,0.1651528775691986,0.0,0.9434664845466614,0.0086670964956283,0.009727100841701,0.0381393805146217,0.0,0.8532205820083618,0.0154635962098836,0.0199945960193872,0.1113212704658508,0.0,0.8392326831817627,0.0146737890318036,0.0199322439730167,0.1261613368988037,0.0,0.9188992977142334,0.0112235778942704,0.0128031931817531,0.0570739731192588,0.0,0.8674786686897278,0.0142788859084248,0.0175420362502336,0.1007004380226135,0.0,0.8670006394386292,0.015131046064198,0.0188930239528417,0.0989753305912017,0.0,0.8607860803604126,0.0154220275580883,0.0199945960193872,0.1037973165512085,0.0,0.90578430891037,0.0109741650521755,0.0137592758983373,0.0694822594523429,0.0,0.8882631063461304,0.0145698674023151,0.01768752746284,0.0794795602560043,0.0,0.8618252873420715,0.0136137846857309,0.0188930239528417,0.1056679114699363,0.0,0.9408060312271118,0.0088749406859278,0.0100388675928115,0.0402801744639873,0.0,0.9016066789627076,0.0113067161291837,0.0137592758983373,0.0733273774385452,0.0,0.869266152381897,0.0136137846857309,0.01768752746284,0.0994325876235961,0.0,0.8337247967720032,0.0146945733577013,0.0210753865540027,0.1305052787065506,0.0,0.9036435484886168,0.0120341703295707,0.0153804589062929,0.0689418688416481,0.0,0.8445326685905457,0.0152557529509067,0.0207844041287899,0.1194271892309188,0.0,0.8576268553733826,0.0131980963051319,0.0167937986552715,0.1123812720179557,0.0,0.8187808394432068,0.0154012432321906,0.0205557756125926,0.1452621966600418,0.0,0.8545715808868408,0.0141333946958184,0.0196828301995992,0.1116122528910636,0.0,0.7974768280982971,0.0152557529509067,0.0212416611611843,0.1660258173942566,0.0,0.8713237643241882,0.014819280244410038,0.018955375999212265,0.09490159153938293,0.0
66,0.999667465686798,0.0,0.0,0.0003325504658278,0.0,0.9997714161872864,0.0,0.0,0.0002286284434376,0.0,0.9997298121452332,0.0,0.0,0.000270197255304,0.0,0.9997506141662598,0.0,0.0,0.0002494128420948,0.0,0.9997506141662598,0.0,0.0,0.0002494128420948,0.0,0.9997506141662598,0.0,0.0,0.0002494128420948,0.0,0.9997714161872864,0.0,0.0,0.0002286284434376,0.0,0.9998337626457214,0.0,0.0,0.0001662752329139,0.0,0.9995635747909546,0.0,0.0,0.000436472473666,0.0,0.9997298121452332,0.0,0.0,0.000270197255304,0.0,0.999792218208313,0.0,0.0,0.0002078440447803,0.0,0.9997506141662598,0.0,0.0,0.0002494128420948,0.0,0.9996882677078248,0.0,0.0,0.0003117660526186,0.0,0.9997506141662598,0.0,0.0,0.0002494128420948,0.0,0.9997714161872864,0.0,0.0,0.0002286284434376,0.0,0.9998129606246948,0.0,0.0,0.0001870596315711,0.0,0.9997506141662598,0.0,0.0,0.0002494128420948,0.0,0.9996882677078248,0.0,0.0,0.0003117660526186,0.0,0.9998129606246948,0.0,0.0,0.0001870596315711,0.0,0.9997714161872864,0.0,0.0,0.0002286284434376,0.0,0.9997714161872864,0.0,0.0,0.0002286284434376,0.0,0.9997506141662598,0.0,0.0,0.0002494128420948,0.0,0.9997714161872864,0.0,0.0,0.0002286284434376,0.0,0.9998129606246948,0.0,0.0,0.0001870596315711,0.0,0.9995635747909546,0.0,0.0,0.000436472473666,0.0,0.9997090697288512,0.0,0.0,0.0002909816685132,0.0,0.9997298121452332,0.0,0.0,0.000270197255304,0.0,0.999792218208313,0.0,0.0,0.0002078440447803,0.0,0.9998129606246948,0.0,0.0,0.0001870596315711,0.0,0.9997298121452332,0.0,0.0,0.000270197255304,0.0,0.8937501907348633,0.0122627988457679,0.014507514424622,0.0794795602560043,0.0,0.8743167519569397,0.0124082891270518,0.0177914500236511,0.095483548939228,0.0,0.8798038363456726,0.011182009242475,0.0166690926998853,0.0923451110720634,0.0,0.8121713995933533,0.0153388902544975,0.0226134322583675,0.1498763412237167,0.0,0.8939580321311951,0.0128239775076508,0.0155883030965924,0.0776297524571418,0.0,0.8911105394363403,0.0112651474773883,0.0171055644750595,0.0805187821388244,0.0,0.8479828834533691,0.014403591863811,0.0202440097928047,0.117369532585144,0.0,0.8258891105651855,0.0137592758983373,0.0209298953413963,0.1394217759370803,0.0,0.7930081486701965,0.01481928024441,0.0223432350903749,0.1698293685913086,0.0,0.9412841200828552,0.0086670964956283,0.0102051421999931,0.039843700826168,0.0,0.8489805459976196,0.0147777115926146,0.0212416611611843,0.1150001063942909,0.0,0.835345983505249,0.0146322203800082,0.0200569499284029,0.1299648731946945,0.0,0.9161141514778136,0.0109118120744824,0.0132188806310296,0.0597551614046096,0.0,0.8635088801383972,0.0140710417181253,0.0184565503150224,0.10396359115839,0.0,0.8633217811584473,0.0143412388861179,0.01976596750319,0.1025710329413414,0.0,0.8564629554748535,0.0150063401088118,0.0211377386003732,0.1073930189013481,0.0,0.9025419354438782,0.0110157346352934,0.0143828075379133,0.0720595270395279,0.0,0.8841685652732849,0.0147153576835989,0.0178538039326667,0.0832623243331909,0.0,0.8579593896865845,0.0136345690116286,0.0195996928960084,0.1088063567876815,0.0,0.9386860132217408,0.008791803382337,0.0103922020643949,0.0421299859881401,0.0,0.8989046812057495,0.0109533807262778,0.0141333946958184,0.076008565723896,0.0,0.8656288385391235,0.0132188806310296,0.0184565503150224,0.1026957407593727,0.0,0.8294640183448792,0.0145490830764174,0.0215534269809722,0.1344335228204727,0.0,0.9005882143974304,0.0117431879043579,0.0160247758030891,0.0716438442468643,0.0,0.8406252264976501,0.0144451605156064,0.0213040150701999,0.123625636100769,0.0,0.8546131253242493,0.0124290734529495,0.0174173302948474,0.1155405044555664,0.0,0.8152890205383301,0.0142996702343225,0.0206804815679788,0.14973084628582,0.0,0.8507264256477356,0.0141126103699207,0.0201193038374185,0.1150416731834411,0.0,0.7937356233596802,0.014403591863811,0.0215949956327676,0.1702658385038375,0.0,0.8673123717308044,0.014840064570307732,0.019558124244213104,0.09828944504261017,0.0
67,0.999667465686798,0.0,0.0,0.0003325504658278,0.0,0.9997714161872864,0.0,0.0,0.0002286284434376,0.0,0.9997298121452332,0.0,0.0,0.000270197255304,0.0,0.9997506141662598,0.0,0.0,0.0002494128420948,0.0,0.9997506141662598,0.0,0.0,0.0002494128420948,0.0,0.9997506141662598,0.0,0.0,0.0002494128420948,0.0,0.9997714161872864,0.0,0.0,0.0002286284434376,0.0,0.9998337626457214,0.0,0.0,0.0001662752329139,0.0,0.9995635747909546,0.0,0.0,0.000436472473666,0.0,0.9997298121452332,0.0,0.0,0.000270197255304,0.0,0.999792218208313,0.0,0.0,0.0002078440447803,0.0,0.9997506141662598,0.0,0.0,0.0002494128420948,0.0,0.9996882677078248,0.0,0.0,0.0003117660526186,0.0,0.9997506141662598,0.0,0.0,0.0002494128420948,0.0,0.9997714161872864,0.0,0.0,0.0002286284434376,0.0,0.9998129606246948,0.0,0.0,0.0001870596315711,0.0,0.9997506141662598,0.0,0.0,0.0002494128420948,0.0,0.9996882677078248,0.0,0.0,0.0003117660526186,0.0,0.9998129606246948,0.0,0.0,0.0001870596315711,0.0,0.9997714161872864,0.0,0.0,0.0002286284434376,0.0,0.9997714161872864,0.0,0.0,0.0002286284434376,0.0,0.9997506141662598,0.0,0.0,0.0002494128420948,0.0,0.9997714161872864,0.0,0.0,0.0002286284434376,0.0,0.9998129606246948,0.0,0.0,0.0001870596315711,0.0,0.9995635747909546,0.0,0.0,0.000436472473666,0.0,0.9997090697288512,0.0,0.0,0.0002909816685132,0.0,0.9997298121452332,0.0,0.0,0.000270197255304,0.0,0.999792218208313,0.0,0.0,0.0002078440447803,0.0,0.9998129606246948,0.0,0.0,0.0001870596315711,0.0,0.9997298121452332,0.0,0.0,0.000270197255304,0.0,0.8905701637268066,0.0124498577788472,0.0153181059285998,0.0816619247198104,0.0,0.8708873391151428,0.0128655461594462,0.01768752746284,0.0985596477985382,0.0,0.876686155796051,0.0115769132971763,0.0166275240480899,0.0951094329357147,0.0,0.8086172342300415,0.0150479087606072,0.0221561752259731,0.1541787087917328,0.0,0.8906533122062683,0.0132396649569273,0.0157961472868919,0.0803109407424926,0.0,0.8876187801361084,0.0121796606108546,0.0167522300034761,0.0834493860602378,0.0,0.8442832827568054,0.0148608488962054,0.0204310696572065,0.1204248368740081,0.0,0.8224596381187439,0.0139879044145345,0.0208259727805852,0.1427264958620071,0.0,0.7885810732841492,0.015546734444797,0.0218236241489648,0.1740486025810241,0.0,0.9390393495559692,0.0088333720341324,0.0104753393679857,0.0416519455611705,0.0,0.8450107574462891,0.0150686930865049,0.0211377386003732,0.1187828704714775,0.0,0.831480085849762,0.0148608488962054,0.0202232245355844,0.1334358751773834,0.0,0.9126847386360168,0.0115769132971763,0.013676137663424,0.0620622299611568,0.0,0.859726071357727,0.0142996702343225,0.0186436101794242,0.1073306649923324,0.0,0.8587908148765564,0.015546734444797,0.0197451841086149,0.1059173196554184,0.0,0.8526178002357483,0.015131046064198,0.0209506787359714,0.1113004833459854,0.0,0.8995905518531799,0.011597697623074,0.014465944841504,0.0743458122014999,0.0,0.8805936574935913,0.0147361429408192,0.0181655697524547,0.086504690349102,0.0,0.8543221354484558,0.0142165319994091,0.0190800838172435,0.1123812720179557,0.0,0.9364829063415528,0.008687880821526,0.0106208305805921,0.04420842602849,0.0,0.8958286046981812,0.0113898534327745,0.0141957476735115,0.0785858333110809,0.0,0.8620331883430481,0.0136345690116286,0.018311059102416,0.1060212478041648,0.0,0.8255773186683655,0.0147361429408192,0.0211169552057981,0.1385696232318878,0.0,0.8971172571182251,0.0122835831716656,0.0160663444548845,0.0745328739285469,0.0,0.8367385268211365,0.0146530047059059,0.021220875903964,0.1273876130580902,0.0,0.8514539003372192,0.0123459361493587,0.0170224271714687,0.1191777735948562,0.0,0.8118180632591248,0.0140710417181253,0.0205349903553724,0.1535759568214416,0.0,0.8466111421585083,0.0147569272667169,0.0202232245355844,0.1184087470173835,0.0,0.7902854084968567,0.0143412388861179,0.0208883266896009,0.1744850724935531,0.0,0.8631555438041687,0.015692224726080894,0.01918400451540947,0.10196828842163086,0.0
68,0.999667465686798,0.0,0.0,0.0003325504658278,0.0,0.9997714161872864,0.0,0.0,0.0002286284434376,0.0,0.9997298121452332,0.0,0.0,0.000270197255304,0.0,0.9997506141662598,0.0,0.0,0.0002494128420948,0.0,0.9997506141662598,0.0,0.0,0.0002494128420948,0.0,0.9997506141662598,0.0,0.0,0.0002494128420948,0.0,0.9997714161872864,0.0,0.0,0.0002286284434376,0.0,0.9998337626457214,0.0,0.0,0.0001662752329139,0.0,0.9995635747909546,0.0,0.0,0.000436472473666,0.0,0.9997298121452332,0.0,0.0,0.000270197255304,0.0,0.999792218208313,0.0,0.0,0.0002078440447803,0.0,0.9997506141662598,0.0,0.0,0.0002494128420948,0.0,0.9996882677078248,0.0,0.0,0.0003117660526186,0.0,0.9997506141662598,0.0,0.0,0.0002494128420948,0.0,0.9997714161872864,0.0,0.0,0.0002286284434376,0.0,0.9998129606246948,0.0,0.0,0.0001870596315711,0.0,0.9997506141662598,0.0,0.0,0.0002494128420948,0.0,0.9996882677078248,0.0,0.0,0.0003117660526186,0.0,0.9998129606246948,0.0,0.0,0.0001870596315711,0.0,0.9997714161872864,0.0,0.0,0.0002286284434376,0.0,0.9997714161872864,0.0,0.0,0.0002286284434376,0.0,0.9997506141662598,0.0,0.0,0.0002494128420948,0.0,0.9997714161872864,0.0,0.0,0.0002286284434376,0.0,0.9998129606246948,0.0,0.0,0.0001870596315711,0.0,0.9995635747909546,0.0,0.0,0.000436472473666,0.0,0.9997090697288512,0.0,0.0,0.0002909816685132,0.0,0.9997298121452332,0.0,0.0,0.000270197255304,0.0,0.999792218208313,0.0,0.0,0.0002078440447803,0.0,0.9998129606246948,0.0,0.0,0.0001870596315711,0.0,0.9997298121452332,0.0,0.0,0.000270197255304,0.0,0.8870991468429565,0.0132188806310296,0.0150686930865049,0.0846133083105087,0.0,0.8671045303344727,0.0135514317080378,0.0172094870358705,0.1021345630288124,0.0,0.8727163672447205,0.0129071148112416,0.0158792845904827,0.0984972938895225,0.0,0.8046681880950928,0.0159208532422781,0.021324798464775,0.1580861806869506,0.0,0.8865171670913696,0.0141333946958184,0.0164612475782632,0.0828882008790969,0.0,0.883586585521698,0.0136553533375263,0.0163988955318927,0.0863591954112052,0.0,0.8396483659744263,0.0160039905458688,0.0200777351856231,0.1242699548602104,0.0,0.8178870677947998,0.0150894774124026,0.0200361646711826,0.1469873040914535,0.0,0.7847359776496887,0.0160039905458688,0.020909110084176,0.1783509701490402,0.0,0.9356515407562256,0.0099141607061028,0.011182009242475,0.043252345174551,0.0,0.8407291173934937,0.0162534043192863,0.0203687157481908,0.1226487681269645,0.0,0.8274478912353516,0.0158792845904827,0.0195373389869928,0.1371355056762695,0.0,0.9085694551467896,0.0129278991371393,0.0144243761897087,0.0640783160924911,0.0,0.8560472726821899,0.0147569272667169,0.0182694904506206,0.110926367342472,0.0,0.8546962738037109,0.0159416384994983,0.0193087123334407,0.1100534200668335,0.0,0.8483362197875977,0.0162118356674909,0.0202232245355844,0.1152287349104881,0.0,0.8961195945739746,0.0125537803396582,0.0142996702343225,0.0770270004868507,0.0,0.8767069578170776,0.0149439861997962,0.0180200785398483,0.0903290212154388,0.0,0.8496248722076416,0.0156090874224901,0.0184981189668178,0.1162679567933082,0.0,0.933302879333496,0.0094776879996061,0.011182009242475,0.0460374541580677,0.0,0.8922328948974609,0.0124082891270518,0.0140086887404322,0.0813501551747322,0.0,0.8581048846244812,0.0145698674023151,0.0174381155520677,0.1098871454596519,0.0,0.8215035796165466,0.0157753620296716,0.0198906753212213,0.1428304314613342,0.0,0.8933137059211731,0.0131565276533365,0.0160663444548845,0.0774634778499603,0.0,0.8322906494140625,0.0158377159386873,0.020493421703577,0.1313782185316085,0.0,0.8476918935775757,0.0130941746756434,0.0169808585196733,0.1222330778837204,0.0,0.8082015514373779,0.0141957476735115,0.0203687157481908,0.1572340130805969,0.0,0.841539740562439,0.0165028162300586,0.0195165555924177,0.1224409267306327,0.0,0.7862324118614197,0.0152141833677887,0.0199945960193872,0.178558811545372,0.0,0.859268844127655,0.015713009983301163,0.019433418288826942,0.1055847704410553,0.0
69,0.999667465686798,0.0,0.0,0.0003325504658278,0.0,0.9997714161872864,0.0,0.0,0.0002286284434376,0.0,0.9997298121452332,0.0,0.0,0.000270197255304,0.0,0.9997506141662598,0.0,0.0,0.0002494128420948,0.0,0.9997506141662598,0.0,0.0,0.0002494128420948,0.0,0.9997506141662598,0.0,0.0,0.0002494128420948,0.0,0.9997714161872864,0.0,0.0,0.0002286284434376,0.0,0.9998337626457214,0.0,0.0,0.0001662752329139,0.0,0.9995635747909546,0.0,0.0,0.000436472473666,0.0,0.9997298121452332,0.0,0.0,0.000270197255304,0.0,0.999792218208313,0.0,0.0,0.0002078440447803,0.0,0.9997506141662598,0.0,0.0,0.0002494128420948,0.0,0.9996882677078248,0.0,0.0,0.0003117660526186,0.0,0.9997506141662598,0.0,0.0,0.0002494128420948,0.0,0.9997714161872864,0.0,0.0,0.0002286284434376,0.0,0.9998129606246948,0.0,0.0,0.0001870596315711,0.0,0.9997506141662598,0.0,0.0,0.0002494128420948,0.0,0.9996882677078248,0.0,0.0,0.0003117660526186,0.0,0.9998129606246948,0.0,0.0,0.0001870596315711,0.0,0.9997714161872864,0.0,0.0,0.0002286284434376,0.0,0.9997714161872864,0.0,0.0,0.0002286284434376,0.0,0.9997506141662598,0.0,0.0,0.0002494128420948,0.0,0.9997714161872864,0.0,0.0,0.0002286284434376,0.0,0.9998129606246948,0.0,0.0,0.0001870596315711,0.0,0.9995635747909546,0.0,0.0,0.000436472473666,0.0,0.9997090697288512,0.0,0.0,0.0002909816685132,0.0,0.9997298121452332,0.0,0.0,0.000270197255304,0.0,0.999792218208313,0.0,0.0,0.0002078440447803,0.0,0.9998129606246948,0.0,0.0,0.0001870596315711,0.0,0.9997298121452332,0.0,0.0,0.000270197255304,0.0,0.88423091173172,0.0128031931817531,0.0151726147159934,0.0877933204174041,0.0,0.8640700578689575,0.0135722160339355,0.0169392898678779,0.1054184958338737,0.0,0.8698896765708923,0.0131149590015411,0.0154012432321906,0.1015941649675369,0.0,0.800199568271637,0.0158377159386873,0.0213663671165704,0.1625963896512985,0.0,0.8835450410842896,0.0138839818537235,0.0167314447462558,0.0858395919203758,0.0,0.8801987171173096,0.0139255505055189,0.0161910504102706,0.0896847024559974,0.0,0.8355538249015808,0.0167937986552715,0.0196620468050241,0.1279903650283813,0.0,0.8145616054534912,0.015234968625009,0.0192671418190002,0.1509363353252411,0.0,0.7819924354553223,0.0146945733577013,0.0206181295216083,0.1826949119567871,0.0,0.9332197308540344,0.0102467108517885,0.0108078904449939,0.0457256883382797,0.0,0.8370711207389832,0.0161494817584753,0.0204518530517816,0.1263276040554046,0.0,0.8239145874977112,0.0153181059285998,0.0200153812766075,0.1407519876956939,0.0,0.9054725766181946,0.0134267248213291,0.0145282987505197,0.0665724501013755,0.0,0.8519111275672913,0.0155675187706947,0.0182902757078409,0.1142310872673988,0.0,0.8505393862724304,0.0164612475782632,0.0194334182888269,0.113565981388092,0.0,0.8445950746536255,0.0161910504102706,0.0199114587157964,0.1193024814128875,0.0,0.8927940726280212,0.0129902521148324,0.0146114360541105,0.0796042680740356,0.0,0.873526930809021,0.0147361429408192,0.0183318443596363,0.0934051126241684,0.0,0.8458836674690247,0.0159416384994983,0.0184773355722427,0.1196973845362663,0.0,0.9309542179107666,0.0098518077284097,0.0110573032870888,0.048136681318283,0.0,0.8891568183898926,0.0124498577788472,0.014465944841504,0.0839274227619171,0.0,0.8547170758247375,0.0145490830764174,0.0174173302948474,0.11331657320261,0.0,0.8179702162742615,0.0157545786350965,0.0192255731672048,0.1470496654510498,0.0,0.8903207182884216,0.0133228031918406,0.0160871297121047,0.0802693665027618,0.0,0.8286741971969604,0.0158585011959075,0.020181655883789,0.1352856904268264,0.0,0.8446781635284424,0.012948683463037,0.0173341929912567,0.1250389814376831,0.0,0.8041278123855591,0.0146530047059059,0.0199738126248121,0.1612454056739807,0.0,0.8374868035316467,0.0170847810804843,0.019142435863614,0.126286044716835,0.0,0.7831563353538513,0.0143204545602202,0.0194334182888269,0.1830898225307464,0.0,0.8550288081169128,0.016294972971081734,0.019703615456819534,0.10897263139486313,0.0
70,0.999667465686798,0.0,0.0,0.0003325504658278,0.0,0.9997714161872864,0.0,0.0,0.0002286284434376,0.0,0.9997298121452332,0.0,0.0,0.000270197255304,0.0,0.9997506141662598,0.0,0.0,0.0002494128420948,0.0,0.9997506141662598,0.0,0.0,0.0002494128420948,0.0,0.9997506141662598,0.0,0.0,0.0002494128420948,0.0,0.9997714161872864,0.0,0.0,0.0002286284434376,0.0,0.9998337626457214,0.0,0.0,0.0001662752329139,0.0,0.9995635747909546,0.0,0.0,0.000436472473666,0.0,0.9997298121452332,0.0,0.0,0.000270197255304,0.0,0.999792218208313,0.0,0.0,0.0002078440447803,0.0,0.9997506141662598,0.0,0.0,0.0002494128420948,0.0,0.9996882677078248,0.0,0.0,0.0003117660526186,0.0,0.9997506141662598,0.0,0.0,0.0002494128420948,0.0,0.9997714161872864,0.0,0.0,0.0002286284434376,0.0,0.9998129606246948,0.0,0.0,0.0001870596315711,0.0,0.9997506141662598,0.0,0.0,0.0002494128420948,0.0,0.9996882677078248,0.0,0.0,0.0003117660526186,0.0,0.9998129606246948,0.0,0.0,0.0001870596315711,0.0,0.9997714161872864,0.0,0.0,0.0002286284434376,0.0,0.9997714161872864,0.0,0.0,0.0002286284434376,0.0,0.9997506141662598,0.0,0.0,0.0002494128420948,0.0,0.9997714161872864,0.0,0.0,0.0002286284434376,0.0,0.9998129606246948,0.0,0.0,0.0001870596315711,0.0,0.9995635747909546,0.0,0.0,0.000436472473666,0.0,0.9997090697288512,0.0,0.0,0.0002909816685132,0.0,0.9997298121452332,0.0,0.0,0.000270197255304,0.0,0.999792218208313,0.0,0.0,0.0002078440447803,0.0,0.9998129606246948,0.0,0.0,0.0001870596315711,0.0,0.9997298121452332,0.0,0.0,0.000270197255304,0.0,0.8821524381637573,0.011597697623074,0.0157545786350965,0.0904952958226203,0.0,0.8617629408836365,0.0125537803396582,0.0164612475782632,0.1092220470309257,0.0,0.8677488565444946,0.0120549546554684,0.0149024175480008,0.1052937880158424,0.0,0.7982458472251892,0.0139255505055189,0.020493421703577,0.1673352420330047,0.0,0.8815497159957886,0.0124082891270518,0.0161702670156955,0.0898717641830444,0.0,0.8777046203613281,0.0134059404954314,0.015234968625009,0.093654528260231,0.0,0.8333922624588013,0.0145906517282128,0.0190177299082279,0.1329994052648544,0.0,0.8126494288444519,0.0132396649569273,0.0183941982686519,0.1557167619466781,0.0,0.7798516154289246,0.0131565276533365,0.0193710643798112,0.1876208186149597,0.0,0.9314115047454834,0.0098725920543074,0.0108494590967893,0.0478664822876453,0.0,0.8340573310852051,0.0149232018738985,0.0197036154568195,0.1313158720731735,0.0,0.8215035796165466,0.0138424132019281,0.0185604728758335,0.1460935771465301,0.0,0.9032486081123352,0.0128655461594462,0.0140086887404322,0.0698771700263023,0.0,0.8495209217071533,0.0139879044145345,0.0182487070560455,0.118242472410202,0.0,0.847795844078064,0.0155259501188993,0.0188098866492509,0.1178683564066886,0.0,0.8420593738555908,0.014403591863811,0.0197451841086149,0.1237919107079505,0.0,0.8908403515815735,0.0117016192525625,0.0142165319994091,0.0832415372133255,0.0,0.8709912300109863,0.0131773119792342,0.0186643954366445,0.0971670895814895,0.0,0.8431817293167114,0.0147777115926146,0.0174796842038631,0.1245609372854232,0.0,0.9291667938232422,0.0095192566514015,0.0109949493780732,0.0503190420567989,0.0,0.8869536519050598,0.0119510320946574,0.0140086887404322,0.0870866551995277,0.0,0.8524723052978516,0.0131565276533365,0.0172510556876659,0.1171201169490814,0.0,0.8156216144561768,0.0138424132019281,0.0189553759992122,0.151580661535263,0.0,0.8880136609077454,0.0125745646655559,0.0150894774124026,0.0843223258852958,0.0,0.8261592984199524,0.014465944841504,0.0191632211208343,0.140211597084999,0.0,0.842308759689331,0.0123043674975633,0.0162118356674909,0.129175066947937,0.0,0.8021948337554932,0.0130941746756434,0.0188930239528417,0.1658179759979248,0.0,0.834639310836792,0.0160871297121047,0.0179785098880529,0.1312950849533081,0.0,0.7811402678489685,0.0125953489914536,0.0189969446510076,0.1872674822807312,0.0,0.8529087901115417,0.014403591863811016,0.018830670043826103,0.1138569638133049,0.0
71,0.999667465686798,0.0,0.0,0.0003325504658278,0.0,0.9997714161872864,0.0,0.0,0.0002286284434376,0.0,0.9997298121452332,0.0,0.0,0.000270197255304,0.0,0.9997506141662598,0.0,0.0,0.0002494128420948,0.0,0.9997506141662598,0.0,0.0,0.0002494128420948,0.0,0.9997506141662598,0.0,0.0,0.0002494128420948,0.0,0.9997714161872864,0.0,0.0,0.0002286284434376,0.0,0.9998337626457214,0.0,0.0,0.0001662752329139,0.0,0.9995635747909546,0.0,0.0,0.000436472473666,0.0,0.9997298121452332,0.0,0.0,0.000270197255304,0.0,0.999792218208313,0.0,0.0,0.0002078440447803,0.0,0.9997506141662598,0.0,0.0,0.0002494128420948,0.0,0.9996882677078248,0.0,0.0,0.0003117660526186,0.0,0.9997506141662598,0.0,0.0,0.0002494128420948,0.0,0.9997714161872864,0.0,0.0,0.0002286284434376,0.0,0.9998129606246948,0.0,0.0,0.0001870596315711,0.0,0.9997506141662598,0.0,0.0,0.0002494128420948,0.0,0.9996882677078248,0.0,0.0,0.0003117660526186,0.0,0.9998129606246948,0.0,0.0,0.0001870596315711,0.0,0.9997714161872864,0.0,0.0,0.0002286284434376,0.0,0.9997714161872864,0.0,0.0,0.0002286284434376,0.0,0.9997506141662598,0.0,0.0,0.0002494128420948,0.0,0.9997714161872864,0.0,0.0,0.0002286284434376,0.0,0.9998129606246948,0.0,0.0,0.0001870596315711,0.0,0.9995635747909546,0.0,0.0,0.000436472473666,0.0,0.9997090697288512,0.0,0.0,0.0002909816685132,0.0,0.9997298121452332,0.0,0.0,0.000270197255304,0.0,0.999792218208313,0.0,0.0,0.0002078440447803,0.0,0.9998129606246948,0.0,0.0,0.0001870596315711,0.0,0.9997298121452332,0.0,0.0,0.000270197255304,0.0,0.8798038363456726,0.0107663217931985,0.0154428118839859,0.0939870774745941,0.0,0.8600170612335205,0.010870243422687,0.0158377159386873,0.1132749989628791,0.0,0.8655872941017151,0.0110988719388842,0.0142996702343225,0.1090141981840133,0.0,0.7958348393440247,0.0127824088558554,0.0188930239528417,0.1724897623062133,0.0,0.879076361656189,0.0115769132971763,0.0161286983639001,0.0932180508971214,0.0,0.8754806518554688,0.0121380919590592,0.0147569272667169,0.0976243466138839,0.0,0.8316047787666321,0.0126784862950444,0.0181032158434391,0.1376135349273681,0.0,0.8105917572975159,0.0118678947910666,0.0171887017786502,0.1603516787290573,0.0,0.7781265377998352,0.010454555042088,0.0192463584244251,0.1921726018190384,0.0,0.9297695159912108,0.0092698438093066,0.0109118120744824,0.0500488467514514,0.0,0.831791877746582,0.0132188806310296,0.0187475327402353,0.1362417638301849,0.0,0.8196537494659424,0.0118263261392712,0.0184981189668178,0.1500218361616134,0.0,0.9009623527526855,0.0117224035784602,0.0143412388861179,0.0729740411043167,0.0,0.846756637096405,0.0129694677889347,0.0178538039326667,0.1224201396107673,0.0,0.8454471826553345,0.0133435875177383,0.0188722386956214,0.1223370060324668,0.0,0.839793860912323,0.0128239775076508,0.0188514553010463,0.1285307556390762,0.0,0.8885748386383057,0.0110157346352934,0.0139671191573143,0.0864423364400863,0.0,0.8684763312339783,0.0121173076331615,0.0182902757078409,0.1011161282658577,0.0,0.840957760810852,0.013364371843636,0.017271839082241,0.1284060478210449,0.0,0.927566409111023,0.0089165093377232,0.0109949493780732,0.0525221899151802,0.0,0.8854156136512756,0.0104129863902926,0.0140294730663299,0.0901419594883918,0.0,0.8503523468971252,0.0116808349266648,0.0168145820498466,0.12115228921175,0.0,0.812774121761322,0.0128031931817531,0.0184357669204473,0.155986949801445,0.0,0.8861846327781677,0.0109325964003801,0.0152141833677887,0.0876686200499534,0.0,0.8237898349761963,0.012948683463037,0.0183318443596363,0.1449296474456787,0.0,0.8403550386428833,0.0110988719388842,0.0155883030965924,0.1329578310251236,0.0,0.7999293804168701,0.0118886791169643,0.0177706647664308,0.1704113334417343,0.0,0.8325400948524475,0.0140710417181253,0.0182279217988252,0.1351609826087951,0.0,0.7793527841567993,0.0109325964003801,0.0178538039326667,0.1918608397245407,0.0,0.8503523468971252,0.012803193181753159,0.018996944651007652,0.11784756928682327,0.0
72,0.999667465686798,0.0,0.0,0.0003325504658278,0.0,0.9997714161872864,0.0,0.0,0.0002286284434376,0.0,0.9997298121452332,0.0,0.0,0.000270197255304,0.0,0.9997506141662598,0.0,0.0,0.0002494128420948,0.0,0.9997506141662598,0.0,0.0,0.0002494128420948,0.0,0.9997506141662598,0.0,0.0,0.0002494128420948,0.0,0.9997714161872864,0.0,0.0,0.0002286284434376,0.0,0.9998337626457214,0.0,0.0,0.0001662752329139,0.0,0.9995635747909546,0.0,0.0,0.000436472473666,0.0,0.9997298121452332,0.0,0.0,0.000270197255304,0.0,0.999792218208313,0.0,0.0,0.0002078440447803,0.0,0.9997506141662598,0.0,0.0,0.0002494128420948,0.0,0.9996882677078248,0.0,0.0,0.0003117660526186,0.0,0.9997506141662598,0.0,0.0,0.0002494128420948,0.0,0.9997714161872864,0.0,0.0,0.0002286284434376,0.0,0.9998129606246948,0.0,0.0,0.0001870596315711,0.0,0.9997506141662598,0.0,0.0,0.0002494128420948,0.0,0.9996882677078248,0.0,0.0,0.0003117660526186,0.0,0.9998129606246948,0.0,0.0,0.0001870596315711,0.0,0.9997714161872864,0.0,0.0,0.0002286284434376,0.0,0.9997714161872864,0.0,0.0,0.0002286284434376,0.0,0.9997506141662598,0.0,0.0,0.0002494128420948,0.0,0.9997714161872864,0.0,0.0,0.0002286284434376,0.0,0.9998129606246948,0.0,0.0,0.0001870596315711,0.0,0.9995635747909546,0.0,0.0,0.000436472473666,0.0,0.9997090697288512,0.0,0.0,0.0002909816685132,0.0,0.9997298121452332,0.0,0.0,0.000270197255304,0.0,0.999792218208313,0.0,0.0,0.0002078440447803,0.0,0.9998129606246948,0.0,0.0,0.0001870596315711,0.0,0.9997298121452332,0.0,0.0,0.000270197255304,0.0,0.8776838183403015,0.009415335021913,0.0159208532422781,0.0969800278544426,0.0,0.8577515482902527,0.0093529820442199,0.0166483074426651,0.1162471696734428,0.0,0.8633010387420654,0.009415335021913,0.015546734444797,0.1117369532585144,0.0,0.7932159900665283,0.0114522064104676,0.0189969446510076,0.1763348877429962,0.0,0.8765406608581543,0.0099765136837959,0.0173757616430521,0.0961070880293846,0.0,0.8732567429542542,0.0103298490867018,0.0162118356674909,0.1002016142010688,0.0,0.829089879989624,0.010558477602899,0.0194957703351974,0.1408559083938598,0.0,0.8078482151031494,0.0100388675928115,0.0185604728758335,0.1635524779558181,0.0,0.7759025692939758,0.0088333720341324,0.0193918496370315,0.1958722174167633,0.0,0.9277119040489196,0.0079396422952413,0.01222122926265,0.0521272867918014,0.0,0.8289651870727539,0.0117639731615781,0.0193502809852361,0.1399206072092056,0.0,0.8170765042304993,0.0103714177384972,0.0188930239528417,0.1536591053009033,0.0,0.8983227014541626,0.0102467108517885,0.0156922247260808,0.0757383704185485,0.0,0.8439507484436035,0.0120965233072638,0.0179785098880529,0.1259742677211761,0.0,0.8430154323577881,0.0116808349266648,0.0196412615478038,0.1256625056266784,0.0,0.836634635925293,0.0117016192525625,0.0194126330316066,0.1322511583566665,0.0,0.8865795135498047,0.0095400419086217,0.0150686930865049,0.0888117551803588,0.0,0.8655872941017151,0.0111196562647819,0.0186228267848491,0.1046702563762664,0.0,0.8388585448265076,0.0107663217931985,0.0189138073474168,0.131461352109909,0.0,0.9260491132736206,0.007253757212311,0.0118678947910666,0.0548292584717273,0.0,0.8835657835006714,0.0086670964956283,0.0149855557829141,0.0927815809845924,0.0,0.8480660319328308,0.0100388675928115,0.0175628215074539,0.124332308769226,0.0,0.8102384209632874,0.0112651474773883,0.0188098866492509,0.1596865803003311,0.0,0.8839191198348999,0.0093945506960153,0.0160871297121047,0.0905992165207862,0.0,0.8213788866996765,0.0109118120744824,0.0191008672118186,0.1486084908246994,0.0,0.8383389115333557,0.0093529820442199,0.0161079131066799,0.1362002044916153,0.0,0.7976846694946289,0.0105169080197811,0.01768752746284,0.1741109490394592,0.0,0.8299835920333862,0.0115561289712786,0.0198283214122056,0.1386319696903228,0.0,0.7771288752555847,0.009103569202125,0.0183941982686519,0.1953734010457992,0.0,0.8478373885154724,0.011431422084569931,0.019578909501433372,0.12115228921175003,0.0
73,0.999667465686798,0.0,0.0,0.0003325504658278,0.0,0.9997714161872864,0.0,0.0,0.0002286284434376,0.0,0.9997298121452332,0.0,0.0,0.000270197255304,0.0,0.9997506141662598,0.0,0.0,0.0002494128420948,0.0,0.9997506141662598,0.0,0.0,0.0002494128420948,0.0,0.9997506141662598,0.0,0.0,0.0002494128420948,0.0,0.9997714161872864,0.0,0.0,0.0002286284434376,0.0,0.9998337626457214,0.0,0.0,0.0001662752329139,0.0,0.9995635747909546,0.0,0.0,0.000436472473666,0.0,0.9997298121452332,0.0,0.0,0.000270197255304,0.0,0.999792218208313,0.0,0.0,0.0002078440447803,0.0,0.9997506141662598,0.0,0.0,0.0002494128420948,0.0,0.9996882677078248,0.0,0.0,0.0003117660526186,0.0,0.9997506141662598,0.0,0.0,0.0002494128420948,0.0,0.9997714161872864,0.0,0.0,0.0002286284434376,0.0,0.9998129606246948,0.0,0.0,0.0001870596315711,0.0,0.9997506141662598,0.0,0.0,0.0002494128420948,0.0,0.9996882677078248,0.0,0.0,0.0003117660526186,0.0,0.9998129606246948,0.0,0.0,0.0001870596315711,0.0,0.9997714161872864,0.0,0.0,0.0002286284434376,0.0,0.9997714161872864,0.0,0.0,0.0002286284434376,0.0,0.9997506141662598,0.0,0.0,0.0002494128420948,0.0,0.9997714161872864,0.0,0.0,0.0002286284434376,0.0,0.9998129606246948,0.0,0.0,0.0001870596315711,0.0,0.9995635747909546,0.0,0.0,0.000436472473666,0.0,0.9997090697288512,0.0,0.0,0.0002909816685132,0.0,0.9997298121452332,0.0,0.0,0.000270197255304,0.0,0.999792218208313,0.0,0.0,0.0002078440447803,0.0,0.9998129606246948,0.0,0.0,0.0001870596315711,0.0,0.9997298121452332,0.0,0.0,0.000270197255304,0.0,0.8756261467933655,0.0086047435179352,0.0160871297121047,0.0996820032596588,0.0,0.8555691838264465,0.0085008209571242,0.0165859553962945,0.1193440482020378,0.0,0.8614512085914612,0.0084384679794311,0.0157337933778762,0.1143765747547149,0.0,0.790846586227417,0.0093529820442199,0.0203895010054111,0.1794109791517257,0.0,0.8743999004364014,0.0091451378539204,0.0171055644750595,0.0993494540452957,0.0,0.8709496855735779,0.0092490594834089,0.0170432105660438,0.1027580946683883,0.0,0.8266788721084595,0.0088749406859278,0.0200985185801982,0.144347682595253,0.0,0.8057698011398315,0.008791803382337,0.018414981663227,0.1670234650373459,0.0,0.7735331654548645,0.0084592523053288,0.0187475327402353,0.1992600858211517,0.0,0.9262569546699524,0.0069627752527594,0.0123459361493587,0.0544343553483486,0.0,0.8264502882957458,0.0106208305805921,0.0199114587157964,0.1430174857378006,0.0,0.814769446849823,0.0091451378539204,0.0194126330316066,0.1566728353500366,0.0,0.8960779905319214,0.0093945506960153,0.0160247758030891,0.0785026922821998,0.0,0.8415189385414124,0.0103922020643949,0.0188930239528417,0.1291958540678024,0.0,0.8405836820602417,0.0099557293578982,0.0200985185801982,0.1293621361255645,0.0,0.8342651724815369,0.0103298490867018,0.0199530273675918,0.1354519575834274,0.0,0.8849167823791504,0.0078772893175482,0.0158792845904827,0.0913266688585281,0.0,0.8632386326789856,0.0102882804349064,0.0181240011006593,0.1083490997552871,0.0,0.8363436460494995,0.0095400419086217,0.0193502809852361,0.1347660720348358,0.0,0.9243863821029664,0.0065678716637194,0.0118263261392712,0.0572194643318653,0.0,0.8817575573921204,0.0073992479592561,0.0154843814671039,0.0953588485717773,0.0,0.845862865447998,0.0088541563600301,0.0179577246308326,0.1273252665996551,0.0,0.8075988292694092,0.0103714177384972,0.0193087123334407,0.1627210974693298,0.0,0.8818199038505554,0.0085008209571242,0.0161494817584753,0.0935298204421997,0.0,0.8193212151527405,0.0093529820442199,0.019454201683402,0.1518716365098953,0.0,0.8362604975700378,0.0084176836535334,0.0161079131066799,0.1392139345407486,0.0,0.7956477999687195,0.0084800366312265,0.0182694904506206,0.1776027381420135,0.0,0.8272193074226379,0.0102674951776862,0.0205557756125926,0.141957476735115,0.0,0.7752790451049805,0.0078772893175482,0.0182902757078409,0.1985534131526947,0.0,0.8453640937805176,0.00966474786400795,0.019953027367591858,0.1250181943178177,0.0
74,0.999667465686798,0.0,0.0,0.0003325504658278,0.0,0.9997714161872864,0.0,0.0,0.0002286284434376,0.0,0.9997298121452332,0.0,0.0,0.000270197255304,0.0,0.9997506141662598,0.0,0.0,0.0002494128420948,0.0,0.9997506141662598,0.0,0.0,0.0002494128420948,0.0,0.9997506141662598,0.0,0.0,0.0002494128420948,0.0,0.9997714161872864,0.0,0.0,0.0002286284434376,0.0,0.9998337626457214,0.0,0.0,0.0001662752329139,0.0,0.9995635747909546,0.0,0.0,0.000436472473666,0.0,0.9997298121452332,0.0,0.0,0.000270197255304,0.0,0.999792218208313,0.0,0.0,0.0002078440447803,0.0,0.9997506141662598,0.0,0.0,0.0002494128420948,0.0,0.9996882677078248,0.0,0.0,0.0003117660526186,0.0,0.9997506141662598,0.0,0.0,0.0002494128420948,0.0,0.9997714161872864,0.0,0.0,0.0002286284434376,0.0,0.9998129606246948,0.0,0.0,0.0001870596315711,0.0,0.9997506141662598,0.0,0.0,0.0002494128420948,0.0,0.9996882677078248,0.0,0.0,0.0003117660526186,0.0,0.9998129606246948,0.0,0.0,0.0001870596315711,0.0,0.9997714161872864,0.0,0.0,0.0002286284434376,0.0,0.9997714161872864,0.0,0.0,0.0002286284434376,0.0,0.9997506141662598,0.0,0.0,0.0002494128420948,0.0,0.9997714161872864,0.0,0.0,0.0002286284434376,0.0,0.9998129606246948,0.0,0.0,0.0001870596315711,0.0,0.9995635747909546,0.0,0.0,0.000436472473666,0.0,0.9997090697288512,0.0,0.0,0.0002909816685132,0.0,0.9997298121452332,0.0,0.0,0.000270197255304,0.0,0.999792218208313,0.0,0.0,0.0002078440447803,0.0,0.9998129606246948,0.0,0.0,0.0001870596315711,0.0,0.9997298121452332,0.0,0.0,0.000270197255304,0.0,0.8742959499359131,0.0078565049916505,0.0148816332221031,0.1029659360647201,0.0,0.8540934920310974,0.0076694451272487,0.0158792845904827,0.1223577857017517,0.0,0.8602249026298523,0.0075239543803036,0.0152557529509067,0.1169954091310501,0.0,0.7894332408905029,0.0088125877082347,0.0177914500236511,0.1839627623558044,0.0,0.872882604598999,0.0086670964956283,0.0158792845904827,0.1025710329413414,0.0,0.8700351715087891,0.0076694451272487,0.0164196789264678,0.1058757528662681,0.0,0.8255773186683655,0.0078149363398551,0.0189553759992122,0.1476524025201797,0.0,0.8047929406166077,0.0078565049916505,0.0171471331268548,0.1702034920454025,0.0,0.7719327807426453,0.0079188579693436,0.0168353673070669,0.2033130377531051,0.0,0.9249475598335266,0.0064639495685696,0.0120549546554684,0.0565335787832737,0.0,0.8246212601661682,0.0094361193478107,0.0191632211208343,0.1467794626951217,0.0,0.8131274580955505,0.008376115001738,0.0177290961146354,0.1607673615217209,0.0,0.8948932886123657,0.0083553306758403,0.0156506560742855,0.0811007469892501,0.0,0.8402718901634216,0.0092490594834089,0.0179577246308326,0.1325213611125946,0.0,0.8390455842018127,0.0087502337992191,0.0192047897726297,0.1329994052648544,0.0,0.8327271342277527,0.0093321977183222,0.018726747483015,0.1392139345407486,0.0,0.8834410905838013,0.0073992479592561,0.0149439861997962,0.0942157059907913,0.0,0.861659049987793,0.0093321977183222,0.017271839082241,0.1117369532585144,0.0,0.8348471522331238,0.0083345463499426,0.0186436101794242,0.1381747126579284,0.0,0.923575758934021,0.0055910046212375,0.0116392662748694,0.0591939836740493,0.0,0.8805728554725647,0.0063808122649788,0.0146530047059059,0.098393365740776,0.0,0.8447405099868774,0.0077317981049418,0.0167937986552715,0.1307339072227478,0.0,0.8061023354530334,0.0095192566514015,0.0181032158434391,0.1662752330303192,0.0,0.8806767463684082,0.0073368945159018,0.0156298726797103,0.0963564962148666,0.0,0.817928671836853,0.0082306237891316,0.0183734130114316,0.1554673463106155,0.0,0.8351381421089172,0.0071706194430589,0.0153181059285998,0.1423731744289398,0.0,0.7941305041313171,0.00806434918195,0.0165859553962945,0.181219220161438,0.0,0.8254526257514954,0.0091867065057158,0.0199322439730167,0.1454284787178039,0.0,0.7741151452064514,0.0070251286961138,0.0163365416228771,0.2025232315063476,0.0,0.8437636494636536,0.00914513785392046,0.01841498166322708,0.12867625057697296,0.0
75,0.999667465686798,0.0,0.0,0.0003325504658278,0.0,0.9997714161872864,0.0,0.0,0.0002286284434376,0.0,0.9997298121452332,0.0,0.0,0.000270197255304,0.0,0.9997506141662598,0.0,0.0,0.0002494128420948,0.0,0.9997506141662598,0.0,0.0,0.0002494128420948,0.0,0.9997506141662598,0.0,0.0,0.0002494128420948,0.0,0.9997714161872864,0.0,0.0,0.0002286284434376,0.0,0.9998337626457214,0.0,0.0,0.0001662752329139,0.0,0.9995635747909546,0.0,0.0,0.000436472473666,0.0,0.9997298121452332,0.0,0.0,0.000270197255304,0.0,0.999792218208313,0.0,0.0,0.0002078440447803,0.0,0.9997506141662598,0.0,0.0,0.0002494128420948,0.0,0.9996882677078248,0.0,0.0,0.0003117660526186,0.0,0.9997506141662598,0.0,0.0,0.0002494128420948,0.0,0.9997714161872864,0.0,0.0,0.0002286284434376,0.0,0.9998129606246948,0.0,0.0,0.0001870596315711,0.0,0.9997506141662598,0.0,0.0,0.0002494128420948,0.0,0.9996882677078248,0.0,0.0,0.0003117660526186,0.0,0.9998129606246948,0.0,0.0,0.0001870596315711,0.0,0.9997714161872864,0.0,0.0,0.0002286284434376,0.0,0.9997714161872864,0.0,0.0,0.0002286284434376,0.0,0.9997506141662598,0.0,0.0,0.0002494128420948,0.0,0.9997714161872864,0.0,0.0,0.0002286284434376,0.0,0.9998129606246948,0.0,0.0,0.0001870596315711,0.0,0.9995635747909546,0.0,0.0,0.000436472473666,0.0,0.9997090697288512,0.0,0.0,0.0002909816685132,0.0,0.9997298121452332,0.0,0.0,0.000270197255304,0.0,0.999792218208313,0.0,0.0,0.0002078440447803,0.0,0.9998129606246948,0.0,0.0,0.0001870596315711,0.0,0.9997298121452332,0.0,0.0,0.000270197255304,0.0,0.8720512390136719,0.0077525828965008,0.0139463348314166,0.106249876320362,0.0,0.8523684144020081,0.007648660801351,0.0142996702343225,0.1256832927465438,0.0,0.8585829734802246,0.0070043443702161,0.0142165319994091,0.1201962083578109,0.0,0.7872716784477234,0.0085631748661398,0.0163365416228771,0.1878286600112915,0.0,0.8705340027809143,0.0085423905402421,0.0148816332221031,0.1060420274734497,0.0,0.8678112030029297,0.0076694451272487,0.0156298726797103,0.108889490365982,0.0,0.8231455683708191,0.0084592523053288,0.0163781102746725,0.152017131447792,0.0,0.8024858236312866,0.0081059178337454,0.0152973216027021,0.1741109490394592,0.0,0.7702907919883728,0.0078357206657528,0.0148816332221031,0.2069918811321258,0.0,0.923575758934021,0.006193752400577,0.0115145603194832,0.0587159432470798,0.0,0.822521984577179,0.0092698438093066,0.0171887017786502,0.1510194838047027,0.0,0.8112360835075378,0.0084176836535334,0.0156922247260808,0.1646540462970733,0.0,0.8929603695869446,0.0080019952729344,0.0151518303900957,0.0838858559727668,0.0,0.8377153873443604,0.0090412162244319,0.0167522300034761,0.1364911794662475,0.0,0.8365722894668579,0.0088749406859278,0.0178745873272418,0.1366782486438751,0.0,0.8306487202644348,0.0091451378539204,0.0166690926998853,0.14353708922863,0.0,0.8814042210578918,0.0071706194430589,0.0139671191573143,0.0974580720067024,0.0,0.8593103885650635,0.0091659221798181,0.0156922247260808,0.1158314868807792,0.0,0.8325608968734741,0.0083968993276357,0.0170016419142484,0.1420406103134155,0.0,0.922016978263855,0.0055494359694421,0.0111196562647819,0.0613139905035495,0.0,0.8785983324050903,0.0068172845058143,0.0134890787303447,0.1010953411459922,0.0,0.842703640460968,0.007648660801351,0.0152765372768044,0.1343711763620376,0.0,0.8040238618850708,0.0087502337992191,0.0166898760944604,0.1705360412597656,0.0,0.8785151839256287,0.0076694451272487,0.014403591863811,0.0994118079543113,0.0,0.8159541487693787,0.0078357206657528,0.0168353673070669,0.1593748033046722,0.0,0.833537757396698,0.0068172845058143,0.0142581015825271,0.1453869044780731,0.0,0.792197585105896,0.0077317981049418,0.0153596745803952,0.1847109943628311,0.0,0.8229584693908691,0.0095816105604171,0.0181863531470298,0.1492735892534256,0.0,0.7724108099937439,0.0069419909268617,0.0143828075379133,0.2062644213438034,0.0,0.8413942456245422,0.008958077989518642,0.01696007326245308,0.13268764317035675,0.0
76,0.999667465686798,0.0,0.0,0.0003325504658278,0.0,0.9997714161872864,0.0,0.0,0.0002286284434376,0.0,0.9997298121452332,0.0,0.0,0.000270197255304,0.0,0.9997506141662598,0.0,0.0,0.0002494128420948,0.0,0.9997506141662598,0.0,0.0,0.0002494128420948,0.0,0.9997506141662598,0.0,0.0,0.0002494128420948,0.0,0.9997714161872864,0.0,0.0,0.0002286284434376,0.0,0.9998337626457214,0.0,0.0,0.0001662752329139,0.0,0.9995635747909546,0.0,0.0,0.000436472473666,0.0,0.9997298121452332,0.0,0.0,0.000270197255304,0.0,0.999792218208313,0.0,0.0,0.0002078440447803,0.0,0.9997506141662598,0.0,0.0,0.0002494128420948,0.0,0.9996882677078248,0.0,0.0,0.0003117660526186,0.0,0.9997506141662598,0.0,0.0,0.0002494128420948,0.0,0.9997714161872864,0.0,0.0,0.0002286284434376,0.0,0.9998129606246948,0.0,0.0,0.0001870596315711,0.0,0.9997506141662598,0.0,0.0,0.0002494128420948,0.0,0.9996882677078248,0.0,0.0,0.0003117660526186,0.0,0.9998129606246948,0.0,0.0,0.0001870596315711,0.0,0.9997714161872864,0.0,0.0,0.0002286284434376,0.0,0.9997714161872864,0.0,0.0,0.0002286284434376,0.0,0.9997506141662598,0.0,0.0,0.0002494128420948,0.0,0.9997714161872864,0.0,0.0,0.0002286284434376,0.0,0.9998129606246948,0.0,0.0,0.0001870596315711,0.0,0.9995635747909546,0.0,0.0,0.000436472473666,0.0,0.9997090697288512,0.0,0.0,0.0002909816685132,0.0,0.9997298121452332,0.0,0.0,0.000270197255304,0.0,0.999792218208313,0.0,0.0,0.0002078440447803,0.0,0.9998129606246948,0.0,0.0,0.0001870596315711,0.0,0.9997298121452332,0.0,0.0,0.000270197255304,0.0,0.8700975179672241,0.0075863073579967,0.0128863304853439,0.1094298884272575,0.0,0.8507887721061707,0.0069627752527594,0.0131357433274388,0.1291127204895019,0.0,0.8568578362464905,0.0064431652426719,0.0133851561695337,0.1233138665556907,0.0,0.7854426503181458,0.0077733672223985,0.0154012432321906,0.1913827955722808,0.0,0.8687880635261536,0.0077525828965008,0.0141126103699207,0.1093467473983764,0.0,0.8656912446022034,0.007565523032099,0.0143620232120156,0.1123812720179557,0.0,0.82148277759552,0.0076070916838943,0.015193399041891,0.1557167619466781,0.0,0.8005529046058655,0.0072953258641064,0.0146114360541105,0.1775403767824173,0.0,0.7688359022140503,0.0070666973479092,0.0126784862950444,0.2114189565181732,0.0,0.92189222574234,0.0058196331374347,0.0113275004550814,0.0609606578946113,0.0,0.820776104927063,0.0081890551373362,0.0160455591976642,0.1549893021583557,0.0,0.8089913725852966,0.0080851335078477,0.014403591863811,0.1685199439525604,0.0,0.8907780051231384,0.0075447387062013,0.0143620232120156,0.0873152837157249,0.0,0.8355746269226074,0.008376115001738,0.0157753620296716,0.1402739435434341,0.0,0.8339742422103882,0.0090412162244319,0.0157753620296716,0.1412092447280883,0.0,0.8286533951759338,0.0079812109470367,0.0159832071512937,0.1473822146654129,0.0,0.8794505000114441,0.0071290507912635,0.0130110373720526,0.1004094555974006,0.0,0.8571072816848755,0.0084800366312265,0.0150063401088118,0.1194064021110534,0.0,0.8307942152023315,0.00806434918195,0.0154635962098836,0.1456778943538665,0.0,0.920478880405426,0.0055702202953398,0.0104337707161903,0.0635171383619308,0.0,0.8771018385887146,0.0064639495685696,0.0122627988457679,0.1041714325547218,0.0,0.8409785628318787,0.0070874816738069,0.0139671191573143,0.1379668712615966,0.0,0.802007794380188,0.0082306237891316,0.0153388902544975,0.1744227260351181,0.0,0.8767069578170776,0.0072121880948543,0.0131980963051319,0.1028828024864196,0.0,0.8142913579940796,0.0070874816738069,0.0153596745803952,0.1632614880800247,0.0,0.8317294716835022,0.0066094403155148,0.0131149590015411,0.1485461294651031,0.0,0.790597140789032,0.0070874816738069,0.0141333946958184,0.18818199634552,0.0,0.8205890655517578,0.0093945506960153,0.0166275240480899,0.1533889025449752,0.0,0.7708727717399597,0.0062561058439314,0.0131565276533365,0.2097146362066269,0.0,0.8393573760986328,0.00848003663122654,0.015318105928599834,0.13684451580047607,0.0
77,0.999667465686798,0.0,0.0,0.0003325504658278,0.0,0.9997714161872864,0.0,0.0,0.0002286284434376,0.0,0.9997298121452332,0.0,0.0,0.000270197255304,0.0,0.9997506141662598,0.0,0.0,0.0002494128420948,0.0,0.9997506141662598,0.0,0.0,0.0002494128420948,0.0,0.9997506141662598,0.0,0.0,0.0002494128420948,0.0,0.9997714161872864,0.0,0.0,0.0002286284434376,0.0,0.9998337626457214,0.0,0.0,0.0001662752329139,0.0,0.9995635747909546,0.0,0.0,0.000436472473666,0.0,0.9997298121452332,0.0,0.0,0.000270197255304,0.0,0.999792218208313,0.0,0.0,0.0002078440447803,0.0,0.9997506141662598,0.0,0.0,0.0002494128420948,0.0,0.9996882677078248,0.0,0.0,0.0003117660526186,0.0,0.9997506141662598,0.0,0.0,0.0002494128420948,0.0,0.9997714161872864,0.0,0.0,0.0002286284434376,0.0,0.9998129606246948,0.0,0.0,0.0001870596315711,0.0,0.9997506141662598,0.0,0.0,0.0002494128420948,0.0,0.9996882677078248,0.0,0.0,0.0003117660526186,0.0,0.9998129606246948,0.0,0.0,0.0001870596315711,0.0,0.9997714161872864,0.0,0.0,0.0002286284434376,0.0,0.9997714161872864,0.0,0.0,0.0002286284434376,0.0,0.9997506141662598,0.0,0.0,0.0002494128420948,0.0,0.9997714161872864,0.0,0.0,0.0002286284434376,0.0,0.9998129606246948,0.0,0.0,0.0001870596315711,0.0,0.9995635747909546,0.0,0.0,0.000436472473666,0.0,0.9997090697288512,0.0,0.0,0.0002909816685132,0.0,0.9997298121452332,0.0,0.0,0.000270197255304,0.0,0.999792218208313,0.0,0.0,0.0002078440447803,0.0,0.9998129606246948,0.0,0.0,0.0001870596315711,0.0,0.9997298121452332,0.0,0.0,0.000270197255304,0.0,0.8663563132286072,0.0092698438093066,0.0114729907363653,0.1129008829593658,0.0,0.847213864326477,0.0083553306758403,0.0115353446453809,0.1328954845666885,0.0,0.8526386022567749,0.0088125877082347,0.0112651474773883,0.1272836923599243,0.0,0.7819716334342957,0.0088749406859278,0.0138216288760304,0.1953318268060684,0.0,0.8640076518058777,0.0103922020643949,0.0121173076331615,0.1134828478097915,0.0,0.8610978722572327,0.0098518077284097,0.012636917643249,0.1164134442806243,0.0,0.8177415728569031,0.0089372936636209,0.0129694677889347,0.1603516787290573,0.0,0.7972481846809387,0.0085216052830219,0.0121173076331615,0.1821129471063614,0.0,0.7659884095191956,0.0075447387062013,0.0112027935683727,0.2152640670537948,0.0,0.9186914563179016,0.007565523032099,0.0093945506960153,0.0643485188484191,0.0,0.8159956932067871,0.010454555042088,0.0142788859084248,0.1592708826065063,0.0,0.8051254749298096,0.0096439635381102,0.0126784862950444,0.1725521236658096,0.0,0.886226236820221,0.0098518077284097,0.0124914264306426,0.0914305970072746,0.0,0.8312722444534302,0.0102467108517885,0.0145282987505197,0.1439527869224548,0.0,0.8300667405128479,0.0105169080197811,0.0141126103699207,0.1453037708997726,0.0,0.8241431713104248,0.0101220048964023,0.0140710417181253,0.1516637951135635,0.0,0.8758132457733154,0.009103569202125,0.0112027935683727,0.1038804501295089,0.0,0.8531166315078735,0.0101220048964023,0.0134682934731245,0.1232930868864059,0.0,0.8266788721084595,0.0096647478640079,0.0132812345400452,0.1503751575946808,0.0,0.9169039726257324,0.0074823852628469,0.0089165093377232,0.0666971504688263,0.0,0.8735684752464294,0.0081890551373362,0.0104753393679857,0.1077671349048614,0.0,0.8373205065727234,0.0085423905402421,0.0122420135885477,0.14189513027668,0.0,0.7982458472251892,0.0093529820442199,0.0139047661796212,0.1784964650869369,0.0,0.8732567429542542,0.0085631748661398,0.011493775062263,0.106686346232891,0.0,0.8106333017349243,0.008687880821526,0.0129694677889347,0.1677093505859375,0.0,0.8276557326316833,0.0086047435179352,0.0114314220845699,0.1523081064224243,0.0,0.7877081036567688,0.0079396422952413,0.0125537803396582,0.1917984783649444,0.0,0.8160372972488403,0.011182009242475,0.0143204545602202,0.1584603041410446,0.0,0.767318606376648,0.007960426621139,0.0109533807262778,0.2137676030397415,0.0,0.8355746269226074,0.009789454750716686,0.01390476617962122,0.14073120057582855,0.0
78,0.999667465686798,0.0,0.0,0.0003325504658278,0.0,0.9997714161872864,0.0,0.0,0.0002286284434376,0.0,0.9997298121452332,0.0,0.0,0.000270197255304,0.0,0.9997506141662598,0.0,0.0,0.0002494128420948,0.0,0.9997506141662598,0.0,0.0,0.0002494128420948,0.0,0.9997506141662598,0.0,0.0,0.0002494128420948,0.0,0.9997714161872864,0.0,0.0,0.0002286284434376,0.0,0.9998337626457214,0.0,0.0,0.0001662752329139,0.0,0.9995635747909546,0.0,0.0,0.000436472473666,0.0,0.9997298121452332,0.0,0.0,0.000270197255304,0.0,0.999792218208313,0.0,0.0,0.0002078440447803,0.0,0.9997506141662598,0.0,0.0,0.0002494128420948,0.0,0.9996882677078248,0.0,0.0,0.0003117660526186,0.0,0.9997506141662598,0.0,0.0,0.0002494128420948,0.0,0.9997714161872864,0.0,0.0,0.0002286284434376,0.0,0.9998129606246948,0.0,0.0,0.0001870596315711,0.0,0.9997506141662598,0.0,0.0,0.0002494128420948,0.0,0.9996882677078248,0.0,0.0,0.0003117660526186,0.0,0.9998129606246948,0.0,0.0,0.0001870596315711,0.0,0.9997714161872864,0.0,0.0,0.0002286284434376,0.0,0.9997714161872864,0.0,0.0,0.0002286284434376,0.0,0.9997506141662598,0.0,0.0,0.0002494128420948,0.0,0.9997714161872864,0.0,0.0,0.0002286284434376,0.0,0.9998129606246948,0.0,0.0,0.0001870596315711,0.0,0.9995635747909546,0.0,0.0,0.000436472473666,0.0,0.9997090697288512,0.0,0.0,0.0002909816685132,0.0,0.9997298121452332,0.0,0.0,0.000270197255304,0.0,0.999792218208313,0.0,0.0,0.0002078440447803,0.0,0.9998129606246948,0.0,0.0,0.0001870596315711,0.0,0.9997298121452332,0.0,0.0,0.000270197255304,0.0,0.8633425831794739,0.0109533807262778,0.0099349450320005,0.1157691329717636,0.0,0.8442624807357788,0.009831023402512,0.0099765136837959,0.1359300017356872,0.0,0.8497080206871033,0.0105169080197811,0.0096647478640079,0.1301103681325912,0.0,0.7789162993431091,0.0105169080197811,0.0107663217931985,0.1998004764318466,0.0,0.8597468733787537,0.0131357433274388,0.0106623992323875,0.1164550185203552,0.0,0.8577100038528442,0.012325151823461,0.0101635735481977,0.1198013052344322,0.0,0.8144991993904114,0.0110780876129865,0.0099765136837959,0.1644462049007415,0.0,0.7946085333824158,0.0101843578740954,0.0097686694934964,0.1854384541511535,0.0,0.7630578279495239,0.0088749406859278,0.0100596519187092,0.2180076092481613,0.0,0.9153035879135132,0.0096439635381102,0.008272192440927,0.0667802914977073,0.0,0.8119635581970215,0.0126577019691467,0.0124498577788472,0.1629289388656616,0.0,0.8021740913391113,0.0109533807262778,0.0107871061190962,0.1760854721069336,0.0,0.8829214572906494,0.0119718164205551,0.0105792619287967,0.094527468085289,0.0,0.8280506730079651,0.01222122926265,0.0116392662748694,0.1480888724327087,0.0,0.8263047933578491,0.0127408392727375,0.011493775062263,0.1494606435298919,0.0,0.8206306099891663,0.0120965233072638,0.0118678947910666,0.1554049849510193,0.0,0.8727787137031555,0.0106623992323875,0.0093529820442199,0.1072059571743011,0.0,0.8488766551017761,0.0127824088558554,0.0118678947910666,0.1264730989933014,0.0,0.823935329914093,0.0109118120744824,0.0110365189611911,0.1541163623332977,0.0,0.9139110445976256,0.0096647478640079,0.0073784636333584,0.069045789539814,0.0,0.8705755472183228,0.0099972980096936,0.0085839591920375,0.110843226313591,0.0,0.8336209058761597,0.0111196562647819,0.0099765136837959,0.1452829837799072,0.0,0.7945669889450073,0.0115353446453809,0.0118678947910666,0.1820298135280609,0.0,0.8700975179672241,0.0105792619287967,0.0096439635381102,0.1096793040633201,0.0,0.8073909878730774,0.0105376932770013,0.0107455365359783,0.1713258475065231,0.0,0.8249329924583435,0.0102051421999931,0.0095400419086217,0.1553218513727188,0.0,0.7844657897949219,0.0096647478640079,0.0099972980096936,0.1958722174167633,0.0,0.8124831318855286,0.0129694677889347,0.0120341703295707,0.162513256072998,0.0,0.7649908065795898,0.0091243535280227,0.0090412162244319,0.216843694448471,0.0,0.831791877746582,0.011971816420555115,0.011265147477388382,0.14497122168540955,0.0
79,0.999667465686798,0.0,0.0,0.0003325504658278,0.0,0.9997714161872864,0.0,0.0,0.0002286284434376,0.0,0.9997298121452332,0.0,0.0,0.000270197255304,0.0,0.9997506141662598,0.0,0.0,0.0002494128420948,0.0,0.9997506141662598,0.0,0.0,0.0002494128420948,0.0,0.9997506141662598,0.0,0.0,0.0002494128420948,0.0,0.9997714161872864,0.0,0.0,0.0002286284434376,0.0,0.9998337626457214,0.0,0.0,0.0001662752329139,0.0,0.9995635747909546,0.0,0.0,0.000436472473666,0.0,0.9997298121452332,0.0,0.0,0.000270197255304,0.0,0.999792218208313,0.0,0.0,0.0002078440447803,0.0,0.9997506141662598,0.0,0.0,0.0002494128420948,0.0,0.9996882677078248,0.0,0.0,0.0003117660526186,0.0,0.9997506141662598,0.0,0.0,0.0002494128420948,0.0,0.9997714161872864,0.0,0.0,0.0002286284434376,0.0,0.9998129606246948,0.0,0.0,0.0001870596315711,0.0,0.9997506141662598,0.0,0.0,0.0002494128420948,0.0,0.9996882677078248,0.0,0.0,0.0003117660526186,0.0,0.9998129606246948,0.0,0.0,0.0001870596315711,0.0,0.9997714161872864,0.0,0.0,0.0002286284434376,0.0,0.9997714161872864,0.0,0.0,0.0002286284434376,0.0,0.9997506141662598,0.0,0.0,0.0002494128420948,0.0,0.9997714161872864,0.0,0.0,0.0002286284434376,0.0,0.9998129606246948,0.0,0.0,0.0001870596315711,0.0,0.9995635747909546,0.0,0.0,0.000436472473666,0.0,0.9997090697288512,0.0,0.0,0.0002909816685132,0.0,0.9997298121452332,0.0,0.0,0.000270197255304,0.0,0.999792218208313,0.0,0.0,0.0002078440447803,0.0,0.9998129606246948,0.0,0.0,0.0001870596315711,0.0,0.9997298121452332,0.0,0.0,0.000270197255304,0.0,0.8604120016098022,0.0116392662748694,0.0101012205705046,0.1178475692868232,0.0,0.8415812849998474,0.0107871061190962,0.0093945506960153,0.1382370740175247,0.0,0.8469644784927368,0.0116184819489717,0.0091659221798181,0.1322511583566665,0.0,0.7759857177734375,0.011285931803286,0.0109741650521755,0.2017542123794555,0.0,0.856816291809082,0.0137177063152194,0.0110157346352934,0.1184503212571144,0.0,0.8545923233032227,0.0132188806310296,0.0098933763802051,0.122295431792736,0.0,0.811610221862793,0.0115353446453809,0.0102467108517885,0.1666077822446823,0.0,0.7924054265022278,0.0100804362446069,0.0101635735481977,0.1873506158590316,0.0,0.7607923150062561,0.0094984723255038,0.0095608262345194,0.2201484143733978,0.0,0.912663996219635,0.0109118120744824,0.0078357206657528,0.0685885325074195,0.0,0.8086172342300415,0.0139047661796212,0.0115353446453809,0.1659426838159561,0.0,0.7990979552268982,0.0121380919590592,0.0102674951776862,0.1784964650869369,0.0,0.8794505000114441,0.0135098630562424,0.0102882804349064,0.0967513993382453,0.0,0.8249121904373169,0.0128031931817531,0.0118055418133735,0.1504790931940078,0.0,0.8240184783935547,0.0125537803396582,0.0112235778942704,0.1522041857242584,0.0,0.8173466920852661,0.0133020188659429,0.0114106377586722,0.1579406857490539,0.0,0.8702637553215027,0.0111404405906796,0.0094361193478107,0.1091596931219101,0.0,0.8452601432800293,0.0140502573922276,0.0116808349266648,0.129008799791336,0.0,0.8207137584686279,0.0118471104651689,0.0106208305805921,0.1568183302879333,0.0,0.911770224571228,0.0102467108517885,0.0071498351171612,0.0708332508802414,0.0,0.8680606484413147,0.0105376932770013,0.0083553306758403,0.1130463704466819,0.0,0.8311059474945068,0.011597697623074,0.0097686694934964,0.1475276947021484,0.0,0.7921352386474609,0.0118886791169643,0.011597697623074,0.184378445148468,0.0,0.8667304515838623,0.0117847574874758,0.0094984723255038,0.111986368894577,0.0,0.8050215244293213,0.0109325964003801,0.0102051421999931,0.1738407611846923,0.0,0.8223349452018738,0.0112027935683727,0.0087710181251168,0.1576912701129913,0.0,0.7824496626853943,0.0097478851675987,0.0099972980096936,0.197805181145668,0.0,0.8096564412117004,0.0133020188659429,0.0116808349266648,0.1653607189655304,0.0,0.762725293636322,0.0096855321899056,0.0087294494733214,0.218859776854515,0.0,0.8287573456764221,0.012636917643249035,0.01151456031948328,0.14709122478961945,0.0
80,0.999667465686798,0.0,0.0,0.0003325504658278,0.0,0.9997714161872864,0.0,0.0,0.0002286284434376,0.0,0.9997298121452332,0.0,0.0,0.000270197255304,0.0,0.9997506141662598,0.0,0.0,0.0002494128420948,0.0,0.9997506141662598,0.0,0.0,0.0002494128420948,0.0,0.9997506141662598,0.0,0.0,0.0002494128420948,0.0,0.9997714161872864,0.0,0.0,0.0002286284434376,0.0,0.9998337626457214,0.0,0.0,0.0001662752329139,0.0,0.9995635747909546,0.0,0.0,0.000436472473666,0.0,0.9997298121452332,0.0,0.0,0.000270197255304,0.0,0.999792218208313,0.0,0.0,0.0002078440447803,0.0,0.9997506141662598,0.0,0.0,0.0002494128420948,0.0,0.9996882677078248,0.0,0.0,0.0003117660526186,0.0,0.9997506141662598,0.0,0.0,0.0002494128420948,0.0,0.9997714161872864,0.0,0.0,0.0002286284434376,0.0,0.9998129606246948,0.0,0.0,0.0001870596315711,0.0,0.9997506141662598,0.0,0.0,0.0002494128420948,0.0,0.9996882677078248,0.0,0.0,0.0003117660526186,0.0,0.9998129606246948,0.0,0.0,0.0001870596315711,0.0,0.9997714161872864,0.0,0.0,0.0002286284434376,0.0,0.9997714161872864,0.0,0.0,0.0002286284434376,0.0,0.9997506141662598,0.0,0.0,0.0002494128420948,0.0,0.9997714161872864,0.0,0.0,0.0002286284434376,0.0,0.9998129606246948,0.0,0.0,0.0001870596315711,0.0,0.9995635747909546,0.0,0.0,0.000436472473666,0.0,0.9997090697288512,0.0,0.0,0.0002909816685132,0.0,0.9997298121452332,0.0,0.0,0.000270197255304,0.0,0.999792218208313,0.0,0.0,0.0002078440447803,0.0,0.9998129606246948,0.0,0.0,0.0001870596315711,0.0,0.9997298121452332,0.0,0.0,0.000270197255304,0.0,0.8568370342254639,0.0132604502141475,0.0097063165158033,0.1201962083578109,0.0,0.8388170003890991,0.0119718164205551,0.0092282751575112,0.1399829685688018,0.0,0.8441585898399353,0.0126992706209421,0.0087294494733214,0.1344127357006073,0.0,0.7737410068511963,0.0117016192525625,0.0103922020643949,0.2041652053594589,0.0,0.8536986112594604,0.0150894774124026,0.0102882804349064,0.1209236606955528,0.0,0.8517240881919861,0.0139671191573143,0.0097894547507166,0.1245193630456924,0.0,0.8090952634811401,0.0123875048011541,0.0101220048964023,0.1683952361345291,0.0,0.7903269529342651,0.0102259265258908,0.0100388675928115,0.1894082725048065,0.0,0.7588177919387817,0.0100180823355913,0.0092906290665268,0.2218735069036483,0.0,0.9098580479621888,0.0120341703295707,0.0078772893175482,0.0702304989099502,0.0,0.8053956627845764,0.0153804589062929,0.0110157346352934,0.1682081818580627,0.0,0.7966038584709167,0.0123875048011541,0.0106623992323875,0.18034628033638,0.0,0.8764575123786926,0.0143204545602202,0.0101843578740954,0.0990376845002174,0.0,0.8213165402412415,0.0142581015825271,0.011182009242475,0.1532434076070785,0.0,0.8213788866996765,0.0125953489914536,0.0114729907363653,0.1545528322458267,0.0,0.8139172792434692,0.0147361429408192,0.0111404405906796,0.1602061837911605,0.0,0.8676241636276245,0.0118263261392712,0.0091243535280227,0.1114251911640167,0.0,0.8419762253761292,0.015131046064198,0.0113690691068768,0.1315237134695053,0.0,0.8177623748779297,0.0130318216979503,0.0101635735481977,0.1590422540903091,0.0,0.90956711769104,0.0109118120744824,0.0070874816738069,0.0724336504936218,0.0,0.8656288385391235,0.0114729907363653,0.0083137620240449,0.1145844236016273,0.0,0.8277804851531982,0.0131980963051319,0.0093737663701176,0.1496477127075195,0.0,0.7889136075973511,0.0130941746756434,0.0107663217931985,0.1872259080410003,0.0,0.8635712265968323,0.0131357433274388,0.0094776879996061,0.1138153970241546,0.0,0.8020493984222412,0.0122420135885477,0.0094984723255038,0.1762101799249649,0.0,0.8200902342796326,0.0116392662748694,0.0086255278438329,0.1596450060606002,0.0,0.7799555659294128,0.0106416149064898,0.0093321977183222,0.2000706791877746,0.0,0.8067258596420288,0.0138631975278258,0.0119510320946574,0.167459949851036,0.0,0.7603974342346191,0.0104753393679857,0.0084800366312265,0.2206472307443618,0.0,0.8258683085441589,0.013489078730344772,0.010994949378073215,0.14964771270751953,0.0
81,0.999667465686798,0.0,0.0,0.0003325504658278,0.0,0.9997714161872864,0.0,0.0,0.0002286284434376,0.0,0.9997298121452332,0.0,0.0,0.000270197255304,0.0,0.9997506141662598,0.0,0.0,0.0002494128420948,0.0,0.9997506141662598,0.0,0.0,0.0002494128420948,0.0,0.9997506141662598,0.0,0.0,0.0002494128420948,0.0,0.9997714161872864,0.0,0.0,0.0002286284434376,0.0,0.9998337626457214,0.0,0.0,0.0001662752329139,0.0,0.9995635747909546,0.0,0.0,0.000436472473666,0.0,0.9997298121452332,0.0,0.0,0.000270197255304,0.0,0.999792218208313,0.0,0.0,0.0002078440447803,0.0,0.9997506141662598,0.0,0.0,0.0002494128420948,0.0,0.9996882677078248,0.0,0.0,0.0003117660526186,0.0,0.9997506141662598,0.0,0.0,0.0002494128420948,0.0,0.9997714161872864,0.0,0.0,0.0002286284434376,0.0,0.9998129606246948,0.0,0.0,0.0001870596315711,0.0,0.9997506141662598,0.0,0.0,0.0002494128420948,0.0,0.9996882677078248,0.0,0.0,0.0003117660526186,0.0,0.9998129606246948,0.0,0.0,0.0001870596315711,0.0,0.9997714161872864,0.0,0.0,0.0002286284434376,0.0,0.9997714161872864,0.0,0.0,0.0002286284434376,0.0,0.9997506141662598,0.0,0.0,0.0002494128420948,0.0,0.9997714161872864,0.0,0.0,0.0002286284434376,0.0,0.9998129606246948,0.0,0.0,0.0001870596315711,0.0,0.9995635747909546,0.0,0.0,0.000436472473666,0.0,0.9997090697288512,0.0,0.0,0.0002909816685132,0.0,0.9997298121452332,0.0,0.0,0.000270197255304,0.0,0.999792218208313,0.0,0.0,0.0002078440447803,0.0,0.9998129606246948,0.0,0.0,0.0001870596315711,0.0,0.9997298121452332,0.0,0.0,0.000270197255304,0.0,0.8546546697616577,0.0117016192525625,0.0113275004550814,0.1223162189126014,0.0,0.8368216753005981,0.0103922020643949,0.0105376932770013,0.1422484666109085,0.0,0.8419762253761292,0.0106623992323875,0.0106623992323875,0.1366990208625793,0.0,0.7712261080741882,0.0107455365359783,0.0112443622201681,0.206784039735794,0.0,0.8510590195655823,0.012948683463037,0.0125329960137605,0.1234593614935875,0.0,0.8496248722076416,0.0114729907363653,0.0121588762849569,0.1267433017492294,0.0,0.8072870373725891,0.010454555042088,0.0113482847809791,0.1709101498126983,0.0,0.7878952026367188,0.0093529820442199,0.0106000462546944,0.1921518146991729,0.0,0.7570927143096924,0.0088957250118255,0.0099141607061028,0.2240974456071853,0.0,0.907447099685669,0.0112443622201681,0.0090204309672117,0.0722881555557251,0.0,0.8030054569244385,0.0129902521148324,0.0129694677889347,0.1710348576307296,0.0,0.7948579788208008,0.0102674951776862,0.0119510320946574,0.1829235404729843,0.0,0.8738387227058411,0.0123875048011541,0.0120965233072638,0.101677305996418,0.0,0.8193420171737671,0.0119302477687597,0.0126784862950444,0.1560493111610412,0.0,0.8188223838806152,0.0112443622201681,0.012948683463037,0.1569845974445343,0.0,0.8123584389686584,0.0117847574874758,0.0124914264306426,0.1633654236793518,0.0,0.8656080961227417,0.0102051421999931,0.0107663217931985,0.1134204939007759,0.0,0.8394405245780945,0.013676137663424,0.0124706421047449,0.1344127357006073,0.0,0.8157878518104553,0.0108910277485847,0.0121796606108546,0.1611414849758148,0.0,0.9077172875404358,0.0091867065057158,0.0091451378539204,0.0739509090781211,0.0,0.8640284538269043,0.0095400419086217,0.0099972980096936,0.1164342314004898,0.0,0.8258059620857239,0.0115145603194832,0.0107455365359783,0.1519339978694915,0.0,0.7871053814888,0.0111404405906796,0.0119926007464528,0.189761608839035,0.0,0.8616798520088196,0.0115769132971763,0.0106623992323875,0.1160808950662612,0.0,0.7998254299163818,0.0108078904449939,0.0107455365359783,0.1786211729049682,0.0,0.8184482455253601,0.0092074908316135,0.0106831835582852,0.1616610884666443,0.0,0.7780641913414001,0.0096439635381102,0.0099765136837959,0.2023153901100158,0.0,0.804065465927124,0.0119718164205551,0.0139463348314166,0.1700164228677749,0.0,0.7591295838356018,0.0081890551373362,0.0098102390766143,0.2228711694478988,0.0,0.8232494592666626,0.012325151823461056,0.012262798845767975,0.15216262638568878,0.0
82,0.999667465686798,0.0,0.0,0.0003325504658278,0.0,0.9997714161872864,0.0,0.0,0.0002286284434376,0.0,0.9997298121452332,0.0,0.0,0.000270197255304,0.0,0.9997506141662598,0.0,0.0,0.0002494128420948,0.0,0.9997506141662598,0.0,0.0,0.0002494128420948,0.0,0.9997506141662598,0.0,0.0,0.0002494128420948,0.0,0.9997714161872864,0.0,0.0,0.0002286284434376,0.0,0.9998337626457214,0.0,0.0,0.0001662752329139,0.0,0.9995635747909546,0.0,0.0,0.000436472473666,0.0,0.9997298121452332,0.0,0.0,0.000270197255304,0.0,0.999792218208313,0.0,0.0,0.0002078440447803,0.0,0.9997506141662598,0.0,0.0,0.0002494128420948,0.0,0.9996882677078248,0.0,0.0,0.0003117660526186,0.0,0.9997506141662598,0.0,0.0,0.0002494128420948,0.0,0.9997714161872864,0.0,0.0,0.0002286284434376,0.0,0.9998129606246948,0.0,0.0,0.0001870596315711,0.0,0.9997506141662598,0.0,0.0,0.0002494128420948,0.0,0.9996882677078248,0.0,0.0,0.0003117660526186,0.0,0.9998129606246948,0.0,0.0,0.0001870596315711,0.0,0.9997714161872864,0.0,0.0,0.0002286284434376,0.0,0.9997714161872864,0.0,0.0,0.0002286284434376,0.0,0.9997506141662598,0.0,0.0,0.0002494128420948,0.0,0.9997714161872864,0.0,0.0,0.0002286284434376,0.0,0.9998129606246948,0.0,0.0,0.0001870596315711,0.0,0.9995635747909546,0.0,0.0,0.000436472473666,0.0,0.9997090697288512,0.0,0.0,0.0002909816685132,0.0,0.9997298121452332,0.0,0.0,0.000270197255304,0.0,0.999792218208313,0.0,0.0,0.0002078440447803,0.0,0.9998129606246948,0.0,0.0,0.0001870596315711,0.0,0.9997298121452332,0.0,0.0,0.000270197255304,0.0,0.8509135246276855,0.0124290734529495,0.0122835831716656,0.1243738755583763,0.0,0.833350658416748,0.0109118120744824,0.0113067161291837,0.1444308310747146,0.0,0.8382973670959473,0.0114106377586722,0.0117431879043579,0.1385488361120224,0.0,0.7684409618377686,0.0104753393679857,0.0119302477687597,0.2091534584760666,0.0,0.8462786078453064,0.0134682934731245,0.0146530047059059,0.1256001591682434,0.0,0.8450314998626709,0.0126784862950444,0.0132396649569273,0.1290503591299057,0.0,0.8032132983207703,0.011285931803286,0.0121796606108546,0.1733211427927017,0.0,0.7845281362533569,0.0100804362446069,0.0111612249165773,0.1942302584648132,0.0,0.7545778155326843,0.0084800366312265,0.0104753393679857,0.2264668643474578,0.0,0.9036435484886168,0.0116600506007671,0.0109533807262778,0.0737430676817894,0.0,0.7988070249557495,0.0131565276533365,0.0144867300987243,0.1735497713088989,0.0,0.7910336256027222,0.0111404405906796,0.0125953489914536,0.1852306127548217,0.0,0.8689128160476685,0.0140086887404322,0.0131565276533365,0.1039220169186592,0.0,0.815226674079895,0.0128239775076508,0.0134682934731245,0.1584810763597488,0.0,0.8142082691192627,0.0120965233072638,0.0142788859084248,0.159416377544403,0.0,0.8088250756263733,0.0118055418133735,0.0136345690116286,0.1657348424196243,0.0,0.8617005944252014,0.0110780876129865,0.0121380919590592,0.115083247423172,0.0,0.8354706764221191,0.0134059404954314,0.0143620232120156,0.1367613822221756,0.0,0.8120882511138916,0.0118471104651689,0.0124082891270518,0.163656398653984,0.0,0.9042047262191772,0.0097063165158033,0.0104753393679857,0.0756136626005172,0.0,0.8605782389640808,0.0099972980096936,0.011182009242475,0.118242472410202,0.0,0.8220647573471069,0.0115561289712786,0.0122420135885477,0.1541371345520019,0.0,0.7833641767501831,0.0112027935683727,0.0130318216979503,0.1924012303352356,0.0,0.857211172580719,0.0128863304853439,0.0117224035784602,0.1181801185011863,0.0,0.7963544726371765,0.0110365189611911,0.0119302477687597,0.1806788295507431,0.0,0.8148109912872314,0.0101220048964023,0.0113275004550814,0.1637395322322845,0.0,0.7750296592712402,0.0094361193478107,0.011182009242475,0.2043522596359253,0.0,0.7991395592689514,0.0133435875177383,0.0147361429408192,0.1727807521820068,0.0,0.7565730810165405,0.0084176836535334,0.0102882804349064,0.2247209846973419,0.0,0.8192172646522522,0.012574564665555954,0.013572216033935547,0.1546359658241272,0.0
83,0.999667465686798,0.0,0.0,0.0003325504658278,0.0,0.9997714161872864,0.0,0.0,0.0002286284434376,0.0,0.9997298121452332,0.0,0.0,0.000270197255304,0.0,0.9997506141662598,0.0,0.0,0.0002494128420948,0.0,0.9997506141662598,0.0,0.0,0.0002494128420948,0.0,0.9997506141662598,0.0,0.0,0.0002494128420948,0.0,0.9997714161872864,0.0,0.0,0.0002286284434376,0.0,0.9998337626457214,0.0,0.0,0.0001662752329139,0.0,0.9995635747909546,0.0,0.0,0.000436472473666,0.0,0.9997298121452332,0.0,0.0,0.000270197255304,0.0,0.999792218208313,0.0,0.0,0.0002078440447803,0.0,0.9997506141662598,0.0,0.0,0.0002494128420948,0.0,0.9996882677078248,0.0,0.0,0.0003117660526186,0.0,0.9997506141662598,0.0,0.0,0.0002494128420948,0.0,0.9997714161872864,0.0,0.0,0.0002286284434376,0.0,0.9998129606246948,0.0,0.0,0.0001870596315711,0.0,0.9997506141662598,0.0,0.0,0.0002494128420948,0.0,0.9996882677078248,0.0,0.0,0.0003117660526186,0.0,0.9998129606246948,0.0,0.0,0.0001870596315711,0.0,0.9997714161872864,0.0,0.0,0.0002286284434376,0.0,0.9997714161872864,0.0,0.0,0.0002286284434376,0.0,0.9997506141662598,0.0,0.0,0.0002494128420948,0.0,0.9997714161872864,0.0,0.0,0.0002286284434376,0.0,0.9998129606246948,0.0,0.0,0.0001870596315711,0.0,0.9995635747909546,0.0,0.0,0.000436472473666,0.0,0.9997090697288512,0.0,0.0,0.0002909816685132,0.0,0.9997298121452332,0.0,0.0,0.000270197255304,0.0,0.999792218208313,0.0,0.0,0.0002078440447803,0.0,0.9998129606246948,0.0,0.0,0.0001870596315711,0.0,0.9997298121452332,0.0,0.0,0.000270197255304,0.0,0.8468813300132751,0.0135306473821401,0.0138839818537235,0.1257040798664093,0.0,0.8294432163238525,0.0121380919590592,0.0125122116878628,0.1459065228700637,0.0,0.8339742422103882,0.0129902521148324,0.0132604502141475,0.1397751122713089,0.0,0.7649700045585632,0.0110157346352934,0.0134475091472268,0.2105668038129806,0.0,0.8415812849998474,0.015234968625009,0.0160663444548845,0.1271174103021621,0.0,0.8400432467460632,0.0145490830764174,0.0154428118839859,0.1299648731946945,0.0,0.7994928956031799,0.0121173076331615,0.0139671191573143,0.1744227260351181,0.0,0.7811610698699951,0.0112443622201681,0.0123875048011541,0.1952071189880371,0.0,0.7517303228378296,0.0090620005503296,0.0111404405906796,0.2280672639608383,0.0,0.8994035124778748,0.0132604502141475,0.0122835831716656,0.0750524848699569,0.0,0.7941721081733704,0.0144451605156064,0.0160039905458688,0.1753787994384765,0.0,0.7874171733856201,0.0116808349266648,0.0140294730663299,0.1868725717067718,0.0,0.8639245629310608,0.0155259501188993,0.0154428118839859,0.105106733739376,0.0,0.8107372522354126,0.0141749633476138,0.0153596745803952,0.1597281396389007,0.0,0.8097395896911621,0.0142788859084248,0.0150271244347095,0.1609544306993484,0.0,0.8039823174476624,0.013364371843636,0.0153804589062929,0.1672728806734085,0.0,0.8576684594154358,0.0125953489914536,0.0131773119792342,0.1165589392185211,0.0,0.8309812545776367,0.0142788859084248,0.0163988955318927,0.1383409947156906,0.0,0.8084509372711182,0.0122627988457679,0.0141333946958184,0.1651528775691986,0.0,0.8991541266441345,0.0126161333173513,0.0118055418133735,0.0764242559671402,0.0,0.8561511635780334,0.011909463442862,0.0125122116878628,0.1194271892309188,0.0,0.81832355260849,0.0127824088558554,0.0136345690116286,0.1552595049142837,0.0,0.7797269225120544,0.0124082891270518,0.0139671191573143,0.1938977092504501,0.0,0.8525762557983398,0.0141541790217161,0.0139463348314166,0.1193232610821724,0.0,0.792654812335968,0.0123667204752564,0.0129071148112416,0.1820713728666305,0.0,0.8110490441322327,0.011285931803286,0.0128031931817531,0.1648618876934051,0.0,0.7720574736595154,0.0103922020643949,0.0116808349266648,0.2058695256710052,0.0,0.7952113151550293,0.0144451605156064,0.0157961472868919,0.1745474189519882,0.0,0.753309965133667,0.009415335021913,0.0113898534327745,0.2258848994970321,0.0,0.8148733377456665,0.013883981853723526,0.015006340108811855,0.15623636543750763,0.0
84,0.999667465686798,0.0,0.0,0.0003325504658278,0.0,0.9997714161872864,0.0,0.0,0.0002286284434376,0.0,0.9997298121452332,0.0,0.0,0.000270197255304,0.0,0.9997506141662598,0.0,0.0,0.0002494128420948,0.0,0.9997506141662598,0.0,0.0,0.0002494128420948,0.0,0.9997506141662598,0.0,0.0,0.0002494128420948,0.0,0.9997714161872864,0.0,0.0,0.0002286284434376,0.0,0.9998337626457214,0.0,0.0,0.0001662752329139,0.0,0.9995635747909546,0.0,0.0,0.000436472473666,0.0,0.9997298121452332,0.0,0.0,0.000270197255304,0.0,0.999792218208313,0.0,0.0,0.0002078440447803,0.0,0.9997506141662598,0.0,0.0,0.0002494128420948,0.0,0.9996882677078248,0.0,0.0,0.0003117660526186,0.0,0.9997506141662598,0.0,0.0,0.0002494128420948,0.0,0.9997714161872864,0.0,0.0,0.0002286284434376,0.0,0.9998129606246948,0.0,0.0,0.0001870596315711,0.0,0.9997506141662598,0.0,0.0,0.0002494128420948,0.0,0.9996882677078248,0.0,0.0,0.0003117660526186,0.0,0.9998129606246948,0.0,0.0,0.0001870596315711,0.0,0.9997714161872864,0.0,0.0,0.0002286284434376,0.0,0.9997714161872864,0.0,0.0,0.0002286284434376,0.0,0.9997506141662598,0.0,0.0,0.0002494128420948,0.0,0.9997714161872864,0.0,0.0,0.0002286284434376,0.0,0.9998129606246948,0.0,0.0,0.0001870596315711,0.0,0.9995635747909546,0.0,0.0,0.000436472473666,0.0,0.9997090697288512,0.0,0.0,0.0002909816685132,0.0,0.9997298121452332,0.0,0.0,0.000270197255304,0.0,0.999792218208313,0.0,0.0,0.0002078440447803,0.0,0.9998129606246948,0.0,0.0,0.0001870596315711,0.0,0.9997298121452332,0.0,0.0,0.000270197255304,0.0,0.8414981961250305,0.0153388902544975,0.0152141833677887,0.1279487907886505,0.0,0.8243302702903748,0.0144867300987243,0.0135514317080378,0.1476316154003143,0.0,0.8279467225074768,0.0162118356674909,0.0144243761897087,0.1414170861244201,0.0,0.7605844736099243,0.0131565276533365,0.0135306473821401,0.2127283811569214,0.0,0.8355746269226074,0.0181240011006593,0.0168353673070669,0.1294660568237304,0.0,0.8344106674194336,0.0173134077340364,0.0160871297121047,0.1321888118982315,0.0,0.794650137424469,0.0144451605156064,0.0140502573922276,0.1768544912338256,0.0,0.7767755389213562,0.0135514317080378,0.0121588762849569,0.1975141912698745,0.0,0.7484048008918762,0.0104129863902926,0.0114729907363653,0.2297092378139495,0.0,0.8935838937759399,0.0162741877138614,0.0137177063152194,0.0764242559671402,0.0,0.7886642217636108,0.0167314447462558,0.0171263497322797,0.1774780303239822,0.0,0.7826575040817261,0.0139463348314166,0.0146322203800082,0.1887639611959457,0.0,0.8577723503112793,0.0186851788312196,0.0165028162300586,0.1070396825671196,0.0,0.8051254749298096,0.0161910504102706,0.0163988955318927,0.1622846275568008,0.0,0.8033379912376404,0.0180408619344234,0.015193399041891,0.1634277701377868,0.0,0.7987030744552612,0.0152141833677887,0.0167314447462558,0.1693513244390487,0.0,0.8524515628814697,0.0151726147159934,0.013780060224235,0.1185958087444305,0.0,0.8249953389167786,0.0169808585196733,0.0173341929912567,0.1406896263360977,0.0,0.8036705255508423,0.014091826044023,0.0147984959185123,0.1674391627311706,0.0,0.8939164280891418,0.0156506560742855,0.0124498577788472,0.0779830813407898,0.0,0.8511005640029907,0.0145282987505197,0.0129694677889347,0.1214017048478126,0.0,0.8128364682197571,0.0149439861997962,0.0149232018738985,0.1572963744401931,0.0,0.7746555209159851,0.0142581015825271,0.0151102617383003,0.1959761530160904,0.0,0.8468813300132751,0.0166898760944604,0.0149439861997962,0.1214848384261131,0.0,0.7882692813873291,0.013780060224235,0.0139047661796212,0.1840458959341049,0.0,0.8052709698677063,0.01481928024441,0.0134475091472268,0.1664622873067855,0.0,0.7679005861282349,0.0120549546554684,0.0122420135885477,0.2078024744987487,0.0,0.7891214489936829,0.0176043901592493,0.016232619062066,0.1770415604114532,0.0,0.7493816614151001,0.0110157346352934,0.012013386003673,0.2275892198085785,0.0,0.809220016002655,0.0166483074426651,0.015525950118899345,0.15860578417778015,0.0
85,0.999667465686798,0.0,0.0,0.0003325504658278,0.0,0.9997714161872864,0.0,0.0,0.0002286284434376,0.0,0.9997298121452332,0.0,0.0,0.000270197255304,0.0,0.9997506141662598,0.0,0.0,0.0002494128420948,0.0,0.9997506141662598,0.0,0.0,0.0002494128420948,0.0,0.9997506141662598,0.0,0.0,0.0002494128420948,0.0,0.9997714161872864,0.0,0.0,0.0002286284434376,0.0,0.9998337626457214,0.0,0.0,0.0001662752329139,0.0,0.9995635747909546,0.0,0.0,0.000436472473666,0.0,0.9997298121452332,0.0,0.0,0.000270197255304,0.0,0.999792218208313,0.0,0.0,0.0002078440447803,0.0,0.9997506141662598,0.0,0.0,0.0002494128420948,0.0,0.9996882677078248,0.0,0.0,0.0003117660526186,0.0,0.9997506141662598,0.0,0.0,0.0002494128420948,0.0,0.9997714161872864,0.0,0.0,0.0002286284434376,0.0,0.9998129606246948,0.0,0.0,0.0001870596315711,0.0,0.9997506141662598,0.0,0.0,0.0002494128420948,0.0,0.9996882677078248,0.0,0.0,0.0003117660526186,0.0,0.9998129606246948,0.0,0.0,0.0001870596315711,0.0,0.9997714161872864,0.0,0.0,0.0002286284434376,0.0,0.9997714161872864,0.0,0.0,0.0002286284434376,0.0,0.9997506141662598,0.0,0.0,0.0002494128420948,0.0,0.9997714161872864,0.0,0.0,0.0002286284434376,0.0,0.9998129606246948,0.0,0.0,0.0001870596315711,0.0,0.9995635747909546,0.0,0.0,0.000436472473666,0.0,0.9997090697288512,0.0,0.0,0.0002909816685132,0.0,0.9997298121452332,0.0,0.0,0.000270197255304,0.0,0.999792218208313,0.0,0.0,0.0002078440447803,0.0,0.9998129606246948,0.0,0.0,0.0001870596315711,0.0,0.9997298121452332,0.0,0.0,0.000270197255304,0.0,0.8365098834037781,0.0181447844952344,0.0154428118839859,0.1299025267362594,0.0,0.8193212151527405,0.0175004675984382,0.0139671191573143,0.1492112427949905,0.0,0.822771430015564,0.0192047897726297,0.0148816332221031,0.1431421935558319,0.0,0.7561990022659302,0.0150271244347095,0.0142165319994091,0.214557409286499,0.0,0.8289443850517273,0.0221146065741777,0.0177290961146354,0.1312119364738464,0.0,0.8296095132827759,0.0200153812766075,0.0160663444548845,0.1343088150024414,0.0,0.7899112701416016,0.0173757616430521,0.0141957476735115,0.1785172522068023,0.0,0.7727641463279724,0.015131046064198,0.0126577019691467,0.1994471400976181,0.0,0.7452871799468994,0.0118055418133735,0.0117431879043579,0.2311641424894333,0.0,0.8871822953224182,0.0202647931873798,0.0144451605156064,0.0781077891588211,0.0,0.7830939888954163,0.0199114587157964,0.0177706647664308,0.1792239099740982,0.0,0.7778978943824768,0.016960073262453,0.0141333946958184,0.1910086721181869,0.0,0.8508095741271973,0.0230291206389665,0.0169392898678779,0.1092220470309257,0.0,0.8000540733337402,0.0192879270762205,0.016232619062066,0.1644254177808761,0.0,0.7983705401420593,0.0204518530517816,0.0151518303900957,0.1660258173942566,0.0,0.7933822870254517,0.0189761612564325,0.0162949729710817,0.1713466346263885,0.0,0.8473178148269653,0.0182902757078409,0.0138424132019281,0.1205495446920394,0.0,0.8186768889427185,0.0207636188715696,0.0176667440682649,0.1428927779197693,0.0,0.7986199259757996,0.0171679183840751,0.0150063401088118,0.169205829501152,0.0,0.8888450264930725,0.0188722386956214,0.0127616245299577,0.0795211270451545,0.0,0.8466111421585083,0.0174173302948474,0.0130733903497457,0.1228981837630271,0.0,0.8075988292694092,0.0182071384042501,0.0151726147159934,0.1590214818716049,0.0,0.7695009708404541,0.0176043901592493,0.0149024175480008,0.1979922354221344,0.0,0.841602087020874,0.0200777351856231,0.0150271244347095,0.1232930868864059,0.0,0.7836967706680298,0.0161286983639001,0.014465944841504,0.1857086569070816,0.0,0.8009269833564758,0.0175212528556585,0.0132812345400452,0.1682705283164978,0.0,0.7635566592216492,0.014507514424622,0.0125329960137605,0.2094028741121292,0.0,0.7835928201675415,0.0204726383090019,0.0165236014872789,0.1794109791517257,0.0,0.7452248334884644,0.0139047661796212,0.0117431879043579,0.2291272729635238,0.0,0.8030678033828735,0.020181655883789062,0.016107913106679916,0.16064265370368958,0.0
86,0.9820631146430968,0.0,0.0,0.0179369412362575,0.0,0.9821670055389404,0.0,0.0,0.0178330186754465,0.0,0.982125461101532,0.0,0.0,0.0178745873272418,0.0,0.9821462035179138,0.0,0.0,0.0178538039326667,0.0,0.9821462035179138,0.0,0.0,0.0178538039326667,0.0,0.9821462035179138,0.0,0.0,0.0178538039326667,0.0,0.9821670055389404,0.0,0.0,0.0178330186754465,0.0,0.9822293519973756,0.0,0.0,0.0177706647664308,0.0,0.9819591641426086,0.0,0.0,0.0180408619344234,0.0,0.982125461101532,0.0,0.0,0.0178745873272418,0.0,0.982187807559967,0.0,0.0,0.0178122334182262,0.0,0.9821462035179138,0.0,0.0,0.0178538039326667,0.0,0.9820838570594788,0.0,0.0,0.0179161559790372,0.0,0.9821462035179138,0.0,0.0,0.0178538039326667,0.0,0.9821670055389404,0.0,0.0,0.0178330186754465,0.0,0.9822086095809937,0.0,0.0,0.0177914500236511,0.0,0.9821462035179138,0.0,0.0,0.0178538039326667,0.0,0.9820838570594788,0.0,0.0,0.0179161559790372,0.0,0.9822086095809937,0.0,0.0,0.0177914500236511,0.0,0.9821670055389404,0.0,0.0,0.0178330186754465,0.0,0.9821670055389404,0.0,0.0,0.0178330186754465,0.0,0.9821462035179138,0.0,0.0,0.0178538039326667,0.0,0.9821670055389404,0.0,0.0,0.0178330186754465,0.0,0.9822086095809937,0.0,0.0,0.0177914500236511,0.0,0.9819591641426086,0.0,0.0,0.0180408619344234,0.0,0.9821046590805054,0.0,0.0,0.0178953725844621,0.0,0.982125461101532,0.0,0.0,0.0178745873272418,0.0,0.982187807559967,0.0,0.0,0.0178122334182262,0.0,0.9822086095809937,0.0,0.0,0.0177914500236511,0.0,0.982125461101532,0.0,0.0,0.0178745873272418,0.0,0.8135431408882141,0.01976596750319,0.0154428118839859,0.151144191622734,0.0001039220223901,0.7965207099914551,0.0192255731672048,0.0138631975278258,0.170286625623703,0.0001039220223901,0.7993058562278748,0.0213871523737907,0.0143412388861179,0.1648203283548355,0.0001454908342566,0.7347702383995056,0.0160663444548845,0.0135306473821401,0.235612004995346,2.0784404114237987e-05,0.8047305345535278,0.0239436328411102,0.0177290961146354,0.1533681154251098,0.0002286284434376,0.8062893748283386,0.0211377386003732,0.0160663444548845,0.1563194990158081,0.0001870596315711,0.7682955265045166,0.0173134077340364,0.0145282987505197,0.1997589021921157,0.0001039220223901,0.7510236501693726,0.0159000698477029,0.0127200549468398,0.2203562557697296,0.0,0.7244195938110352,0.0125537803396582,0.0114106377586722,0.2514497339725494,0.0001662752329139,0.8633841276168823,0.0226550009101629,0.0150479087606072,0.0988090559840202,0.0001039220223901,0.7604182362556458,0.0207844041287899,0.0171887017786502,0.2014840096235275,0.0001247064210474,0.7552428841590881,0.0181863531470298,0.014091826044023,0.2124166041612625,6.235321052372456e-05,0.8278635740280151,0.0234448071569204,0.0173134077340364,0.1311495900154113,0.0002286284434376,0.7769418358802795,0.0206804815679788,0.0160455591976642,0.1862074732780456,0.0001247064210474,0.7755492329597473,0.0210546012967824,0.0158585011959075,0.1873506158590316,0.0001870596315711,0.7702699899673462,0.0209506787359714,0.0153181059285998,0.1933573186397552,0.0001039220223901,0.8240184783935547,0.0200777351856231,0.0141126103699207,0.1417704224586486,2.0784404114237987e-05,0.7948787212371826,0.022987550124526,0.0176459588110446,0.1643422842025756,0.0001454908342566,0.7763806581497192,0.0181032158434391,0.0145906517282128,0.1907176971435547,0.0002078440447803,0.8662524223327637,0.0203479323536157,0.0126992706209421,0.1006172969937324,8.313761645695195e-05,0.8239145874977112,0.0190592985600233,0.0129902521148324,0.1438904255628585,0.0001454908342566,0.7858167290687561,0.0186436101794242,0.0152557529509067,0.1800552904605865,0.0002286284434376,0.747053861618042,0.0187059640884399,0.0148816332221031,0.2192546725273132,0.0001039220223901,0.8182612061500549,0.0213455837219953,0.0160455591976642,0.1442022025585174,0.0001454908342566,0.7612079977989197,0.0175420362502336,0.0142788859084248,0.2068879604339599,8.313761645695195e-05,0.7785630226135254,0.0186436101794242,0.0128447618335485,0.1898447424173355,0.0001039220223901,0.7426683306694031,0.0147569272667169,0.0126784862950444,0.2297715842723846,0.0001247064210474,0.7607091665267944,0.0208259727805852,0.0168977212160825,0.2014632225036621,0.0001039220223901,0.7247313857078552,0.0142373172566294,0.0107455365359783,0.2502442300319671,4.156880822847597e-05,0.780142605304718,0.021470289677381516,0.01635732688009739,0.18192589282989502,0.00010392202239017934
87,0.9819799661636353,0.0,0.0,0.0180200785398483,0.0,0.9820838570594788,0.0,0.0,0.0179161559790372,0.0,0.9820423126220704,0.0,0.0,0.0179577246308326,0.0,0.9820631146430968,0.0,0.0,0.0179369412362575,0.0,0.9820631146430968,0.0,0.0,0.0179369412362575,0.0,0.9820631146430968,0.0,0.0,0.0179369412362575,0.0,0.9820838570594788,0.0,0.0,0.0179161559790372,0.0,0.9821462035179138,0.0,0.0,0.0178538039326667,0.0,0.981876015663147,0.0,0.0,0.0181240011006593,0.0,0.9820423126220704,0.0,0.0,0.0179577246308326,0.0,0.9821046590805054,0.0,0.0,0.0178953725844621,0.0,0.9820631146430968,0.0,0.0,0.0179369412362575,0.0,0.982000768184662,0.0,0.0,0.017999293282628,0.0,0.9820631146430968,0.0,0.0,0.0179369412362575,0.0,0.9820838570594788,0.0,0.0,0.0179161559790372,0.0,0.982125461101532,0.0,0.0,0.0178745873272418,0.0,0.9820631146430968,0.0,0.0,0.0179369412362575,0.0,0.982000768184662,0.0,0.0,0.017999293282628,0.0,0.982125461101532,0.0,0.0,0.0178745873272418,0.0,0.9820838570594788,0.0,0.0,0.0179161559790372,0.0,0.9820838570594788,0.0,0.0,0.0179161559790372,0.0,0.9820631146430968,0.0,0.0,0.0179369412362575,0.0,0.9820838570594788,0.0,0.0,0.0179161559790372,0.0,0.982125461101532,0.0,0.0,0.0178745873272418,0.0,0.981876015663147,0.0,0.0,0.0181240011006593,0.0,0.9820215106010436,0.0,0.0,0.0179785098880529,0.0,0.9820423126220704,0.0,0.0,0.0179577246308326,0.0,0.9821046590805054,0.0,0.0,0.0178953725844621,0.0,0.982125461101532,0.0,0.0,0.0178745873272418,0.0,0.9820423126220704,0.0,0.0,0.0179577246308326,0.0,0.8084093928337097,0.0207844041287899,0.0164612475782632,0.154241070151329,0.0001039220223901,0.7919689416885376,0.0197867527604103,0.01481928024441,0.1733211427927017,0.0001039220223901,0.7938603162765503,0.0224263723939657,0.0157337933778762,0.1678340584039688,0.0001454908342566,0.731132984161377,0.0161494817584753,0.0139463348314166,0.2387504428625106,2.0784404114237987e-05,0.7980587482452393,0.0258350148797035,0.0181655697524547,0.1577120572328567,0.0002286284434376,0.800261914730072,0.0220938213169574,0.0176667440682649,0.159790500998497,0.0001870596315711,0.7633072137832642,0.0184981189668178,0.0150063401088118,0.2030844092369079,0.0001039220223901,0.7466173768043518,0.0168561525642871,0.0134475091472268,0.2230790108442306,0.0,0.7210941314697266,0.012948683463037,0.0113275004550814,0.2544634640216827,0.0001662752329139,0.8566915392875671,0.0250244233757257,0.0159000698477029,0.1022800505161285,0.0001039220223901,0.7550766468048096,0.0214079357683658,0.0177914500236511,0.2055993229150772,0.0001247064210474,0.7504624724388123,0.0192671418190002,0.0147569272667169,0.2154511362314224,6.235321052372456e-05,0.8210462927818298,0.0251906979829072,0.0189969446510076,0.1345374435186386,0.0002286284434376,0.7714547514915466,0.0215949956327676,0.0173134077340364,0.1895121932029724,0.0001247064210474,0.7698959112167358,0.0221561752259731,0.0165651701390743,0.1911957263946533,0.0001870596315711,0.7651570439338684,0.0211377386003732,0.0166483074426651,0.1969530135393142,0.0001039220223901,0.8191757202148438,0.0208051893860101,0.0151102617383003,0.144888088107109,2.0784404114237987e-05,0.7882277369499207,0.0250659920275211,0.0178953725844621,0.1686654388904571,0.0001454908342566,0.7709351181983948,0.0198283214122056,0.0154843814671039,0.1935443729162216,0.0002078440447803,0.860557496547699,0.020909110084176,0.0147569272667169,0.103693388402462,8.313761645695195e-05,0.8188015818595886,0.0196620468050241,0.0144243761897087,0.1469665169715881,0.0001454908342566,0.7807661294937134,0.019869890064001,0.0152973216027021,0.1838380545377731,0.0002286284434376,0.7430840134620667,0.0189553759992122,0.0148400645703077,0.2230166494846344,0.0001039220223901,0.8125247359275818,0.02236401848495,0.0175212528556585,0.1474237740039825,0.0001662752329139,0.756219744682312,0.0187475327402353,0.0147361429408192,0.2102134674787521,8.313761645695195e-05,0.7741566896438599,0.0192047897726297,0.0138839818537235,0.1926506459712982,0.0001039220223901,0.739259660243988,0.0151102617383003,0.0124082891270518,0.2330970913171768,0.0001247064210474,0.7545985579490662,0.0229251980781555,0.017271839082241,0.2051005065441131,0.0001039220223901,0.7216968536376953,0.0139255505055189,0.0116808349266648,0.2526552081108093,4.156880822847597e-05,0.7750504016876221,0.02213538996875286,0.016918504610657692,0.18579179048538208,0.00010392202239017934
88,0.9716708660125732,0.0,0.0,0.0283291433006525,0.0,0.9717748165130616,0.0,0.0,0.0282252207398414,0.0,0.9717332720756532,0.0,0.0,0.0282667893916368,0.0,0.9717540144920348,0.0,0.0,0.0282460059970617,0.0,0.9717540144920348,0.0,0.0,0.0282460059970617,0.0,0.9717540144920348,0.0,0.0,0.0282460059970617,0.0,0.9717748165130616,0.0,0.0,0.0282252207398414,0.0,0.9718371629714966,0.0,0.0,0.0281628668308258,0.0,0.9715669751167296,0.0,0.0,0.0284330639988183,0.0,0.9717332720756532,0.0,0.0,0.0282667893916368,0.0,0.971795618534088,0.0,0.0,0.0282044354826211,0.0,0.9717540144920348,0.0,0.0,0.0282460059970617,0.0,0.9716916680336,0.0,0.0,0.0283083580434322,0.0,0.9717540144920348,0.0,0.0,0.0282460059970617,0.0,0.9717748165130616,0.0,0.0,0.0282252207398414,0.0,0.97181636095047,0.0,0.0,0.028183652088046,0.0,0.9717540144920348,0.0,0.0,0.0282460059970617,0.0,0.9716916680336,0.0,0.0,0.0283083580434322,0.0,0.97181636095047,0.0,0.0,0.028183652088046,0.0,0.9717748165130616,0.0,0.0,0.0282252207398414,0.0,0.9717748165130616,0.0,0.0,0.0282252207398414,0.0,0.9717540144920348,0.0,0.0,0.0282460059970617,0.0,0.9717748165130616,0.0,0.0,0.0282252207398414,0.0,0.97181636095047,0.0,0.0,0.028183652088046,0.0,0.9715669751167296,0.0,0.0,0.0284330639988183,0.0,0.9717124700546264,0.0,0.0,0.0282875746488571,0.0,0.9717332720756532,0.0,0.0,0.0282667893916368,0.0,0.971795618534088,0.0,0.0,0.0282044354826211,0.0,0.97181636095047,0.0,0.0,0.028183652088046,0.0,0.9717332720756532,0.0,0.0,0.0282667893916368,0.0,0.7925509214401245,0.0209506787359714,0.0189138073474168,0.1673560291528701,0.0002286284434376,0.7756739854812622,0.0206596981734037,0.0172510556876659,0.1862490475177765,0.0001662752329139,0.7773575186729431,0.0225926470011472,0.0190177299082279,0.180782750248909,0.0002494128420948,0.716937243938446,0.0156506560742855,0.0154012432321906,0.2519485354423523,6.235321052372456e-05,0.7800179123878479,0.0275601204484701,0.0212416611611843,0.1708478033542633,0.0003325504658278,0.7829276919364929,0.0234863758087158,0.020181655883789,0.1731548756361007,0.0002494128420948,0.7484879493713379,0.0181655697524547,0.016960073262453,0.2162201553583145,0.0001662752329139,0.7313616275787354,0.0174173302948474,0.0156298726797103,0.2355288714170456,6.235321052372456e-05,0.7076674103736877,0.0127408392727375,0.0123875048011541,0.2669756710529327,0.0002286284434376,0.8396483659744263,0.0259389355778694,0.0190800838172435,0.1151871681213378,0.0001454908342566,0.7396546006202698,0.0210130326449871,0.0199530273675918,0.2191715389490127,0.0002078440447803,0.7356847524642944,0.0189761612564325,0.0164404641836881,0.2288362830877304,6.235321052372456e-05,0.8035666346549988,0.026209132745862,0.0216781329363584,0.1482343673706054,0.0003117660526186,0.755118191242218,0.0220106840133667,0.0197867527604103,0.2028973549604416,0.0001870596315711,0.7540789842605591,0.0212624445557594,0.0206804815679788,0.2037287354469299,0.0002494128420948,0.7492362260818481,0.0214702896773815,0.0186436101794242,0.2104836553335189,0.0001662752329139,0.8023195862770081,0.0221353899687528,0.0178122334182262,0.1576289236545562,0.0001039220223901,0.7725978493690491,0.0244008898735046,0.0202647931873798,0.1824870705604553,0.0002494128420948,0.7554715275764465,0.0202024411410093,0.0170432105660438,0.2069710940122604,0.0003117660526186,0.8437636494636536,0.0221561752259731,0.0178538039326667,0.1160601153969764,0.0001662752329139,0.8029223084449768,0.020181655883789,0.016960073262453,0.1597281396389007,0.0002078440447803,0.7647829055786133,0.0200569499284029,0.0182694904506206,0.1966412514448166,0.0002494128420948,0.7277451157569885,0.0189138073474168,0.0174796842038631,0.2357367128133773,0.0001247064210474,0.7965415120124817,0.0223432350903749,0.0198491066694259,0.1610375642776489,0.0002286284434376,0.7408393025398254,0.0194334182888269,0.0167522300034761,0.2228088080883026,0.0001662752329139,0.7579448819160461,0.0193294957280159,0.0170639958232641,0.2055369764566421,0.0001247064210474,0.7246898412704468,0.0152141833677887,0.0145490830764174,0.2453806698322296,0.0001662752329139,0.7390310764312744,0.0220938213169574,0.0205349903553724,0.2181738913059234,0.0001662752329139,0.7077089548110962,0.013676137663424,0.0133435875177383,0.2651258707046509,0.0001454908342566,0.7585892081260681,0.022634215652942657,0.019537338986992836,0.1990938037633896,0.00014549083425663412
89,0.9715461730957032,0.0,0.0,0.0284538492560386,0.0,0.9716501235961914,0.0,0.0,0.0283499266952276,0.0,0.9716085195541382,0.0,0.0,0.028391495347023,0.0,0.9716293215751648,0.0,0.0,0.0283707119524478,0.0,0.9716293215751648,0.0,0.0,0.0283707119524478,0.0,0.9716293215751648,0.0,0.0,0.0283707119524478,0.0,0.9716501235961914,0.0,0.0,0.0283499266952276,0.0,0.9717124700546264,0.0,0.0,0.0282875746488571,0.0,0.9714422821998596,0.0,0.0,0.0285577718168497,0.0,0.9716085195541382,0.0,0.0,0.028391495347023,0.0,0.9716708660125732,0.0,0.0,0.0283291433006525,0.0,0.9716293215751648,0.0,0.0,0.0283707119524478,0.0,0.9715669751167296,0.0,0.0,0.0284330639988183,0.0,0.9716293215751648,0.0,0.0,0.0283707119524478,0.0,0.9716501235961914,0.0,0.0,0.0283499266952276,0.0,0.9716916680336,0.0,0.0,0.0283083580434322,0.0,0.9716293215751648,0.0,0.0,0.0283707119524478,0.0,0.9715669751167296,0.0,0.0,0.0284330639988183,0.0,0.9716916680336,0.0,0.0,0.0283083580434322,0.0,0.9716501235961914,0.0,0.0,0.0283499266952276,0.0,0.9716501235961914,0.0,0.0,0.0283499266952276,0.0,0.9716293215751648,0.0,0.0,0.0283707119524478,0.0,0.9716501235961914,0.0,0.0,0.0283499266952276,0.0,0.9716916680336,0.0,0.0,0.0283083580434322,0.0,0.9714422821998596,0.0,0.0,0.0285577718168497,0.0,0.9715877771377563,0.0,0.0,0.0284122806042432,0.0,0.9716085195541382,0.0,0.0,0.028391495347023,0.0,0.9716708660125732,0.0,0.0,0.0283291433006525,0.0,0.9716916680336,0.0,0.0,0.0283083580434322,0.0,0.9716085195541382,0.0,0.0,0.028391495347023,0.0,0.7842786908149719,0.0241099093109369,0.0203271470963954,0.1710556447505951,0.0002286284434376,0.7684409618377686,0.0227589216083288,0.0194957703351974,0.1891380846500396,0.0001662752329139,0.7698335647583008,0.0248165782541036,0.0213871523737907,0.1837133467197418,0.0002494128420948,0.7119489908218384,0.0161286983639001,0.0175420362502336,0.254317969083786,6.235321052372456e-05,0.7719743251800537,0.0288487523794174,0.0247542262077331,0.1740693897008896,0.0003533348790369,0.7745516300201416,0.026936586946249,0.0221146065741777,0.1761478185653686,0.0002494128420948,0.7422734498977661,0.0195165555924177,0.0191840045154094,0.218859776854515,0.0001662752329139,0.7265188694000244,0.0181240011006593,0.0175628215074539,0.2377320080995559,6.235321052372456e-05,0.7033234238624573,0.0138424132019281,0.0135306473821401,0.2690748870372772,0.0002286284434376,0.8307318687438965,0.0283291433006525,0.022675784304738,0.1181177720427513,0.0001454908342566,0.7328788638114929,0.0220938213169574,0.0223016664385795,0.2225178331136703,0.0002078440447803,0.7300729751586914,0.0197036154568195,0.0187059640884399,0.2314551174640655,6.235321052372456e-05,0.795814037322998,0.0268742348998785,0.0256479550153017,0.1513520330190658,0.0003117660526186,0.7481762170791626,0.0237565729767084,0.0212624445557594,0.2066177576780319,0.0001870596315711,0.7465965747833252,0.0236526522785425,0.0230083353817462,0.2064722776412964,0.000270197255304,0.7431463599205017,0.0221146065741777,0.0205349903553724,0.2140377908945083,0.0001662752329139,0.7947540283203125,0.0244424585253,0.0203063637018203,0.1603932529687881,0.0001039220223901,0.7655311822891235,0.0250244233757257,0.0232993178069591,0.1858957111835479,0.0002494128420948,0.749901294708252,0.020597344264388,0.019142435863614,0.21004718542099,0.0003117660526186,0.8361358046531677,0.0245879497379064,0.0207220502197742,0.1183879673480987,0.0001662752329139,0.7961881756782532,0.0223016664385795,0.0190177299082279,0.1622846275568008,0.0002078440447803,0.7587139010429382,0.0207636188715696,0.020181655883789,0.2000914514064788,0.0002494128420948,0.7221541404724121,0.0192255731672048,0.0194126330316066,0.2390830069780349,0.0001247064210474,0.7886642217636108,0.0248165782541036,0.0219691153615713,0.1643214970827102,0.0002286284434376,0.7353106737136841,0.0202647931873798,0.0183526296168565,0.2259056866168975,0.0001662752329139,0.7520836591720581,0.0207220502197742,0.0191632211208343,0.2079063951969146,0.0001247064210474,0.7203874588012695,0.0150479087606072,0.0163988955318927,0.2479995042085647,0.0001662752329139,0.7320266962051392,0.0234448071569204,0.0231330413371324,0.2212291955947876,0.0001662752329139,0.7033026814460754,0.0138008445501327,0.0151726147159934,0.2675576210021972,0.0001662752329139,0.7520005106925964,0.022945981472730637,0.022800492122769356,0.20210754871368408,0.00014549083425663412
90,0.9661006927490234,0.0,0.0,0.033899363130331,0.0,0.9662045836448668,0.0,0.0,0.0337954424321651,0.0,0.9661630392074584,0.0,0.0,0.0338370092213153,0.0,0.9661837816238404,0.0,0.0,0.0338162258267402,0.0,0.9661837816238404,0.0,0.0,0.0338162258267402,0.0,0.9661837816238404,0.0,0.0,0.0338162258267402,0.0,0.9662045836448668,0.0,0.0,0.0337954424321651,0.0,0.966266930103302,0.0,0.0,0.0337330885231494,0.0,0.9659967422485352,0.0,0.0,0.0340032838284969,0.0,0.9661630392074584,0.0,0.0,0.0338370092213153,0.0,0.9662253856658936,0.0,0.0,0.0337746553122997,0.0,0.9661837816238404,0.0,0.0,0.0338162258267402,0.0,0.9661214351654052,0.0,0.0,0.0338785797357559,0.0,0.9661837816238404,0.0,0.0,0.0338162258267402,0.0,0.9662045836448668,0.0,0.0,0.0337954424321651,0.0,0.9662461876869202,0.0,0.0,0.0337538719177246,0.0,0.9661837816238404,0.0,0.0,0.0338162258267402,0.0,0.9661214351654052,0.0,0.0,0.0338785797357559,0.0,0.9662461876869202,0.0,0.0,0.0337538719177246,0.0,0.9662045836448668,0.0,0.0,0.0337954424321651,0.0,0.9662045836448668,0.0,0.0,0.0337954424321651,0.0,0.9661837816238404,0.0,0.0,0.0338162258267402,0.0,0.9662045836448668,0.0,0.0,0.0337954424321651,0.0,0.9662461876869202,0.0,0.0,0.0337538719177246,0.0,0.9659967422485352,0.0,0.0,0.0340032838284969,0.0,0.966142237186432,0.0,0.0,0.0338577926158905,0.0,0.9661630392074584,0.0,0.0,0.0338370092213153,0.0,0.9662253856658936,0.0,0.0,0.0337746553122997,0.0,0.9662461876869202,0.0,0.0,0.0337538719177246,0.0,0.9661630392074584,0.0,0.0,0.0338370092213153,0.0,0.7723692655563354,0.0252114813774824,0.023507161065936,0.178558811545372,0.0003533348790369,0.7556585669517517,0.0248997155576944,0.0226965695619583,0.1965581029653549,0.0001870596315711,0.7561782002449036,0.0271652154624462,0.0250659920275211,0.1912996619939804,0.0002909816685132,0.7013281583786011,0.0174796842038631,0.0188514553010463,0.2622368335723877,0.0001039220223901,0.7580280303955078,0.0307401344180107,0.0287240464240312,0.1820921599864959,0.0004156880895607,0.7625589966773987,0.027767963707447,0.0257310923188924,0.1836094260215759,0.0003325504658278,0.7315278649330139,0.0208051893860101,0.0213871523737907,0.2260511815547943,0.0002286284434376,0.7160642743110657,0.0189969446510076,0.0192671418190002,0.2456092983484268,6.235321052372456e-05,0.6937210559844971,0.0147361429408192,0.0150686930865049,0.276183158159256,0.0002909816685132,0.81516432762146,0.0322573967278003,0.0264585465192794,0.1259327083826065,0.0001870596315711,0.7207615375518799,0.0236942209303379,0.0249828528612852,0.2302704155445099,0.0002909816685132,0.7187454700469971,0.0205349903553724,0.0220106840133667,0.2386257499456405,8.313761645695195e-05,0.7814104557037354,0.0304907206445932,0.0283707119524478,0.159354031085968,0.0003741192631423,0.7363082766532898,0.0246710870414972,0.0247957948595285,0.2140170037746429,0.0002078440447803,0.7333153486251831,0.0262714866548776,0.0256687384098768,0.2144534885883331,0.0002909816685132,0.7314239740371704,0.0228836294263601,0.0244840271770954,0.2210213541984558,0.0001870596315711,0.7817014455795288,0.0263546239584684,0.0239852014929056,0.1677717119455337,0.0001870596315711,0.75260329246521,0.026313055306673,0.0269573722034692,0.1937937885522842,0.0003325504658278,0.7377839684486389,0.0226342156529426,0.0218028407543897,0.2174256443977356,0.0003533348790369,0.821732223033905,0.0285577718168497,0.0238604955375194,0.125579372048378,0.000270197255304,0.7840708494186401,0.0238812807947397,0.0225095096975564,0.1692266166210174,0.0003117660526186,0.7465134263038635,0.0233408864587545,0.0223848037421703,0.2074491381645202,0.0003117660526186,0.7104109525680542,0.0206804815679788,0.0224471557885408,0.2462536245584488,0.0002078440447803,0.7760896682739258,0.026209132745862,0.0258142296224832,0.1716376096010208,0.0002494128420948,0.7241910099983215,0.0210546012967824,0.0210130326449871,0.2335335612297058,0.0002078440447803,0.7405067682266235,0.0220938213169574,0.0222808811813592,0.2149315178394317,0.0001870596315711,0.7099328637123108,0.0167730133980512,0.0177914500236511,0.255253255367279,0.0002494128420948,0.7192651033401489,0.025481678545475,0.0257518775761127,0.2293143272399902,0.0001870596315711,0.6936379075050354,0.015131046064198,0.0167937986552715,0.2742502093315124,0.0001870596315711,0.7394883036613464,0.0246918722987175,0.025502463802695274,0.21013031899929047,0.00018705963157117367
91,0.9659343957901,0.0,0.0,0.0340656377375125,0.0,0.9660383462905884,0.0,0.0,0.0339617170393466,0.0,0.9659967422485352,0.0,0.0,0.0340032838284969,0.0,0.9660175442695618,0.0,0.0,0.0339825004339218,0.0,0.9660175442695618,0.0,0.0,0.0339825004339218,0.0,0.9660175442695618,0.0,0.0,0.0339825004339218,0.0,0.9660383462905884,0.0,0.0,0.0339617170393466,0.0,0.9661006927490234,0.0,0.0,0.033899363130331,0.0,0.9658304452896118,0.0,0.0,0.0341695621609687,0.0,0.9659967422485352,0.0,0.0,0.0340032838284969,0.0,0.9660590887069702,0.0,0.0,0.0339409336447715,0.0,0.9660175442695618,0.0,0.0,0.0339825004339218,0.0,0.9659551978111268,0.0,0.0,0.0340448543429374,0.0,0.9660175442695618,0.0,0.0,0.0339825004339218,0.0,0.9660383462905884,0.0,0.0,0.0339617170393466,0.0,0.9660798907279968,0.0,0.0,0.0339201465249061,0.0,0.9660175442695618,0.0,0.0,0.0339825004339218,0.0,0.9659551978111268,0.0,0.0,0.0340448543429374,0.0,0.9660798907279968,0.0,0.0,0.0339201465249061,0.0,0.9660383462905884,0.0,0.0,0.0339617170393466,0.0,0.9660383462905884,0.0,0.0,0.0339617170393466,0.0,0.9660175442695618,0.0,0.0,0.0339825004339218,0.0,0.9660383462905884,0.0,0.0,0.0339617170393466,0.0,0.9660798907279968,0.0,0.0,0.0339201465249061,0.0,0.9658304452896118,0.0,0.0,0.0341695621609687,0.0,0.9659759402275084,0.0,0.0,0.0340240709483623,0.0,0.9659967422485352,0.0,0.0,0.0340032838284969,0.0,0.9660590887069702,0.0,0.0,0.0339409336447715,0.0,0.9660798907279968,0.0,0.0,0.0339201465249061,0.0,0.9659967422485352,0.0,0.0,0.0340032838284969,0.0,0.7686280608177185,0.0237357895821332,0.0248165782541036,0.1824662834405899,0.0003533348790369,0.7519381642341614,0.0239852014929056,0.0236942209303379,0.2001953870058059,0.0001870596315711,0.7516679763793945,0.0261467806994915,0.0267495289444923,0.195144772529602,0.0002909816685132,0.6976909041404724,0.0173965469002723,0.0196204781532287,0.2651882171630859,0.0001039220223901,0.7527695298194885,0.0292436573654413,0.0305322892963886,0.187038853764534,0.0004156880895607,0.7579448819160461,0.0262714866548776,0.0270820781588554,0.1883690506219864,0.0003325504658278,0.7278282642364502,0.0194334182888269,0.0222185272723436,0.2302912026643753,0.0002286284434376,0.712821900844574,0.0177498813718557,0.0202232245355844,0.2491426467895507,6.235321052372456e-05,0.691601037979126,0.0134475091472268,0.0157961472868919,0.2788643538951874,0.0002909816685132,0.8097811937332153,0.0308648403733968,0.0292644407600164,0.1299025267362594,0.0001870596315711,0.7168540954589844,0.0221769586205482,0.0260428581386804,0.2346351444721222,0.0002909816685132,0.7153576016426086,0.0190592985600233,0.0228836294263601,0.2426163554191589,8.313761645695195e-05,0.7757363319396973,0.0292644407600164,0.0301789548248052,0.1644462049007415,0.0003741192631423,0.7317981123924255,0.0236110836267471,0.0260844267904758,0.2182985991239547,0.0002078440447803,0.7292208075523376,0.0246295183897018,0.026624821126461,0.219233900308609,0.0002909816685132,0.7275372743606567,0.0215742122381925,0.0259805042296648,0.2247209846973419,0.0001870596315711,0.7771080732345581,0.0260220747441053,0.0248373635113239,0.1718454509973526,0.0001870596315711,0.7475942373275757,0.0245879497379064,0.0295554231852293,0.1979091018438339,0.0003533348790369,0.7337933778762817,0.0210961699485778,0.0234655924141407,0.2212915569543838,0.0003533348790369,0.8172011971473694,0.0273107066750526,0.0259597208350896,0.1292582154273986,0.000270197255304,0.7793527841567993,0.023403238505125,0.0240891240537166,0.1728430986404419,0.0003117660526186,0.7430840134620667,0.021636564284563,0.0236110836267471,0.2113566100597381,0.0003117660526186,0.706877589225769,0.0201608724892139,0.0225926470011472,0.2501610815525055,0.0002078440447803,0.7711221575737,0.0253569725900888,0.0269989408552646,0.1762725263833999,0.0002494128420948,0.7204082012176514,0.01976596750319,0.0224471557885408,0.2371708303689956,0.0002078440447803,0.7366824150085449,0.0214287210255861,0.0229667667299509,0.2187350690364837,0.0001870596315711,0.7071062326431274,0.0161079131066799,0.0180824324488639,0.2584540545940399,0.0002494128420948,0.7153160572052002,0.0232369638979434,0.0268534496426582,0.234406515955925,0.0001870596315711,0.6910606622695923,0.0145906517282128,0.0171887017786502,0.2769729793071747,0.0001870596315711,0.7354353666305542,0.023569514974951744,0.0264793299138546,0.21432878077030182,0.00018705963157117367
92,0.9646250009536744,0.0,0.0,0.0353750549256801,0.0,0.9647288918495178,0.0,0.0,0.0352711342275142,0.0,0.9646873474121094,0.0,0.0,0.0353127010166645,0.0,0.9647080898284912,0.0,0.0,0.0352919176220893,0.0,0.9647080898284912,0.0,0.0,0.0352919176220893,0.0,0.9647080898284912,0.0,0.0,0.0352919176220893,0.0,0.9647288918495178,0.0,0.0,0.0352711342275142,0.0,0.9647912383079528,0.0,0.0,0.0352087803184986,0.0,0.964521050453186,0.0,0.0,0.0354789793491363,0.0,0.9646873474121094,0.0,0.0,0.0353127010166645,0.0,0.9647496938705444,0.0,0.0,0.0352503508329391,0.0,0.9647080898284912,0.0,0.0,0.0352919176220893,0.0,0.9646457433700562,0.0,0.0,0.035354271531105,0.0,0.9647080898284912,0.0,0.0,0.0352919176220893,0.0,0.9647288918495178,0.0,0.0,0.0352711342275142,0.0,0.964770495891571,0.0,0.0,0.0352295637130737,0.0,0.9647080898284912,0.0,0.0,0.0352919176220893,0.0,0.9646457433700562,0.0,0.0,0.035354271531105,0.0,0.964770495891571,0.0,0.0,0.0352295637130737,0.0,0.9647288918495178,0.0,0.0,0.0352711342275142,0.0,0.9647288918495178,0.0,0.0,0.0352711342275142,0.0,0.9647080898284912,0.0,0.0,0.0352919176220893,0.0,0.9647288918495178,0.0,0.0,0.0352711342275142,0.0,0.964770495891571,0.0,0.0,0.0352295637130737,0.0,0.964521050453186,0.0,0.0,0.0354789793491363,0.0,0.9646665453910828,0.0,0.0,0.0353334881365299,0.0,0.9646873474121094,0.0,0.0,0.0353127010166645,0.0,0.9647496938705444,0.0,0.0,0.0352503508329391,0.0,0.964770495891571,0.0,0.0,0.0352295637130737,0.0,0.9646873474121094,0.0,0.0,0.0353127010166645,0.0,0.7632656693458557,0.0222393125295639,0.0263338405638933,0.1877870857715606,0.0003741192631423,0.7458899021148682,0.0227381382137537,0.0257726609706878,0.2054122686386108,0.0001870596315711,0.7452455759048462,0.0250659920275211,0.0286201238632202,0.2007773369550705,0.0002909816685132,0.6936379075050354,0.0162534043192863,0.0200361646711826,0.2699686288833618,0.0001039220223901,0.7463887333869934,0.0265832524746656,0.0335668139159679,0.1930039823055267,0.0004572568868752,0.7524369955062866,0.0234448071569204,0.02911894954741,0.1946459412574768,0.0003533348790369,0.7234219908714294,0.0180200785398483,0.0230083353817462,0.2353210300207138,0.0002286284434376,0.7085195779800415,0.0157961472868919,0.0218028407543897,0.2537983655929565,8.313761645695195e-05,0.6881300806999207,0.0124914264306426,0.0160663444548845,0.2830212414264679,0.0002909816685132,0.8019454479217529,0.0306569952517747,0.0317585691809654,0.1354519575834274,0.0001870596315711,0.7107850313186646,0.0218236241489648,0.0265209004282951,0.2405794709920883,0.0002909816685132,0.710431694984436,0.0182071384042501,0.0237357895821332,0.2475422471761703,8.313761645695195e-05,0.7695425748825073,0.0269781574606895,0.0323613174259662,0.1707438826560974,0.0003741192631423,0.7263941168785095,0.0216781329363584,0.0276224724948406,0.2240974456071853,0.0002078440447803,0.7231517434120178,0.0238812807947397,0.027664041146636,0.2249911725521087,0.0003117660526186,0.7219254970550537,0.0202647931873798,0.0267495289444923,0.230873167514801,0.0001870596315711,0.7709974646568298,0.0242761839181184,0.027352275326848,0.1771870404481887,0.0001870596315711,0.7409016489982605,0.0246503036469221,0.0303867980837821,0.2037079483270645,0.0003533348790369,0.7289090752601624,0.0195165555924177,0.0249828528612852,0.2262382358312606,0.0003533348790369,0.8104047179222107,0.026313055306673,0.0273938439786434,0.1355974525213241,0.0002909816685132,0.7744061350822449,0.0214702896773815,0.0252322666347026,0.1785795986652374,0.0003117660526186,0.7379087209701538,0.0198283214122056,0.0255440324544906,0.2164072096347808,0.0003117660526186,0.70236736536026,0.0183318443596363,0.0239852014929056,0.2550869882106781,0.0002286284434376,0.7645127177238464,0.0249828528612852,0.0280381608754396,0.1821960806846618,0.000270197255304,0.7157732844352722,0.0180200785398483,0.023818926885724,0.2421383112668991,0.0002494128420948,0.7319851517677307,0.0189138073474168,0.0251075606793165,0.2238064706325531,0.0001870596315711,0.7031155824661255,0.0145282987505197,0.0193710643798112,0.2627148628234863,0.000270197255304,0.7094548344612122,0.0225302949547767,0.028183652088046,0.2396441847085952,0.0001870596315711,0.6870492696762085,0.0136137846857309,0.0176043901592493,0.2815455496311188,0.0001870596315711,0.7295741438865662,0.021969115361571312,0.028287574648857117,0.21996134519577026,0.00020784404478035867
93,0.9645418524742126,0.0,0.0,0.0354581922292709,0.0,0.9646457433700562,0.0,0.0,0.035354271531105,0.0,0.9646041989326476,0.0,0.0,0.0353958420455455,0.0,0.9646250009536744,0.0,0.0,0.0353750549256801,0.0,0.9646250009536744,0.0,0.0,0.0353750549256801,0.0,0.9646250009536744,0.0,0.0,0.0353750549256801,0.0,0.9646457433700562,0.0,0.0,0.035354271531105,0.0,0.9647080898284912,0.0,0.0,0.0352919176220893,0.0,0.9644379019737244,0.0,0.0,0.0355621166527271,0.0,0.9646041989326476,0.0,0.0,0.0353958420455455,0.0,0.9646665453910828,0.0,0.0,0.0353334881365299,0.0,0.9646250009536744,0.0,0.0,0.0353750549256801,0.0,0.9645626544952391,0.0,0.0,0.0354374088346958,0.0,0.9646250009536744,0.0,0.0,0.0353750549256801,0.0,0.9646457433700562,0.0,0.0,0.035354271531105,0.0,0.9646873474121094,0.0,0.0,0.0353127010166645,0.0,0.9646250009536744,0.0,0.0,0.0353750549256801,0.0,0.9645626544952391,0.0,0.0,0.0354374088346958,0.0,0.9646873474121094,0.0,0.0,0.0353127010166645,0.0,0.9646457433700562,0.0,0.0,0.035354271531105,0.0,0.9646457433700562,0.0,0.0,0.035354271531105,0.0,0.9646250009536744,0.0,0.0,0.0353750549256801,0.0,0.9646457433700562,0.0,0.0,0.035354271531105,0.0,0.9646873474121094,0.0,0.0,0.0353127010166645,0.0,0.9644379019737244,0.0,0.0,0.0355621166527271,0.0,0.9645833969116212,0.0,0.0,0.0354166254401207,0.0,0.9646041989326476,0.0,0.0,0.0353958420455455,0.0,0.9646665453910828,0.0,0.0,0.0353334881365299,0.0,0.9646873474121094,0.0,0.0,0.0353127010166645,0.0,0.9646041989326476,0.0,0.0,0.0353958420455455,0.0,0.7585476040840149,0.018726747483015,0.0290981661528348,0.1932533830404281,0.0003741192631423,0.7404859662055969,0.0209506787359714,0.027767963707447,0.2106083631515503,0.0001870596315711,0.7400286793708801,0.0228004921227693,0.0299918949604034,0.2068879604339599,0.0002909816685132,0.6908112168312073,0.0141333946958184,0.0205142069607973,0.27443727850914,0.0001039220223901,0.7406730055809021,0.0242969691753387,0.0354789793491363,0.1990938037633896,0.0004572568868752,0.7473655939102173,0.020181655883789,0.0317377857863903,0.2003616541624069,0.0003533348790369,0.720034122467041,0.015234968625009,0.0242554005235433,0.2402469217777252,0.0002286284434376,0.7058591246604919,0.0136553533375263,0.0221353899687528,0.2582670152187347,8.313761645695195e-05,0.6859269142150879,0.0103922020643949,0.016960073262453,0.2864298820495605,0.0002909816685132,0.795294463634491,0.0284330639988183,0.034730739891529,0.1413547396659851,0.0001870596315711,0.7060254216194153,0.0198491066694259,0.027664041146636,0.2461704760789871,0.0002909816685132,0.7062332630157471,0.0168353673070669,0.0244632437825202,0.2523850202560425,8.313761645695195e-05,0.7630578279495239,0.0257518775761127,0.0338370092213153,0.176979199051857,0.0003741192631423,0.7219878435134888,0.0191840045154094,0.0288279689848423,0.22979237139225,0.0002078440447803,0.7188909649848938,0.0207012668251991,0.0286201238632202,0.2314759045839309,0.0003117660526186,0.7174776196479797,0.0186643954366445,0.0274354126304388,0.2362355440855026,0.0001870596315711,0.765822172164917,0.0219275467097759,0.0295762065798044,0.1824870705604553,0.0001870596315711,0.7357263565063477,0.0228004921227693,0.0313428826630115,0.2097769975662231,0.0003533348790369,0.7246690392494202,0.0182279217988252,0.0256479550153017,0.2311017960309982,0.0003533348790369,0.8051462173461914,0.0239852014929056,0.0296593438833951,0.1409182548522949,0.0002909816685132,0.7699790596961975,0.0192047897726297,0.0267910975962877,0.1837133467197418,0.0003117660526186,0.7335023880004883,0.0182071384042501,0.026001289486885,0.2219774425029754,0.0003117660526186,0.6991249918937683,0.0160247758030891,0.0243801064789295,0.2602415382862091,0.0002286284434376,0.75892174243927,0.0227381382137537,0.0300958175212144,0.1879741549491882,0.000270197255304,0.7116995453834534,0.0166067387908697,0.0248373635113239,0.2466069608926773,0.0002494128420948,0.7274125814437866,0.0176667440682649,0.0250659920275211,0.2296468764543533,0.0002078440447803,0.7002265453338623,0.0131565276533365,0.0193918496370315,0.2669548988342285,0.000270197255304,0.704819917678833,0.0202024411410093,0.0289734601974487,0.2458171546459198,0.0001870596315711,0.6844096183776855,0.0118886791169643,0.0179577246308326,0.2855569422245025,0.0001870596315711,0.7252717614173889,0.019724398851394653,0.029098166152834892,0.2256978452205658,0.00020784404478035867
94,0.9599276781082152,0.0,0.0,0.0400723293423652,0.0,0.9600316286087036,0.0,0.0,0.0399684086441993,0.0,0.9599900841712952,0.0,0.0,0.0400099791586399,0.0,0.960010826587677,0.0,0.0,0.0399891920387744,0.0,0.960010826587677,0.0,0.0,0.0399891920387744,0.0,0.960010826587677,0.0,0.0,0.0399891920387744,0.0,0.9600316286087036,0.0,0.0,0.0399684086441993,0.0,0.9600939750671388,0.0,0.0,0.0399060547351837,0.0,0.9598237872123718,0.0,0.0,0.0401762537658214,0.0,0.9599900841712952,0.0,0.0,0.0400099791586399,0.0,0.9600524306297302,0.0,0.0,0.0399476252496242,0.0,0.960010826587677,0.0,0.0,0.0399891920387744,0.0,0.959948480129242,0.0,0.0,0.0400515459477901,0.0,0.960010826587677,0.0,0.0,0.0399891920387744,0.0,0.9600316286087036,0.0,0.0,0.0399684086441993,0.0,0.960073173046112,0.0,0.0,0.0399268418550491,0.0,0.960010826587677,0.0,0.0,0.0399891920387744,0.0,0.959948480129242,0.0,0.0,0.0400515459477901,0.0,0.960073173046112,0.0,0.0,0.0399268418550491,0.0,0.9600316286087036,0.0,0.0,0.0399684086441993,0.0,0.9600316286087036,0.0,0.0,0.0399684086441993,0.0,0.960010826587677,0.0,0.0,0.0399891920387744,0.0,0.9600316286087036,0.0,0.0,0.0399684086441993,0.0,0.960073173046112,0.0,0.0,0.0399268418550491,0.0,0.9598237872123718,0.0,0.0,0.0401762537658214,0.0,0.9599692821502686,0.0,0.0,0.040030762553215,0.0,0.9599900841712952,0.0,0.0,0.0400099791586399,0.0,0.9600524306297302,0.0,0.0,0.0399476252496242,0.0,0.960073173046112,0.0,0.0,0.0399268418550491,0.0,0.9599900841712952,0.0,0.0,0.0400099791586399,0.0,0.7490075826644897,0.0171887017786502,0.030573857948184,0.2027934342622757,0.000436472473666,0.7310290336608887,0.0184565503150224,0.0300958175212144,0.2202107608318328,0.0002078440447803,0.7300729751586914,0.0199322439730167,0.0330264195799827,0.2166566252708435,0.0003117660526186,0.6835575103759766,0.011597697623074,0.0213040150701999,0.2834161221981048,0.0001247064210474,0.7294286489486694,0.0224263723939657,0.0373495742678642,0.2102966010570526,0.0004988256841897,0.7376800775527954,0.0187059640884399,0.0334836766123771,0.2097562104463577,0.0003741192631423,0.7122191786766052,0.0131357433274388,0.0248165782541036,0.2495791316032409,0.0002494128420948,0.6977116465568542,0.0121796606108546,0.0231330413371324,0.266892522573471,8.313761645695195e-05,0.6790056824684143,0.0085423905402421,0.017999293282628,0.2941616773605346,0.0002909816685132,0.7836967706680298,0.0252946205437183,0.0384511463344097,0.1523081064224243,0.0002494128420948,0.6969426274299622,0.0176459588110446,0.0287656150758266,0.2563132643699646,0.0003325504658278,0.698563814163208,0.0140086887404322,0.025585601106286,0.2617172300815582,0.0001247064210474,0.7522499561309814,0.022987550124526,0.0358323119580745,0.1885145455598831,0.0004156880895607,0.713071346282959,0.0170639958232641,0.0301789548248052,0.2394779026508331,0.0002078440447803,0.709267795085907,0.0178745873272418,0.0314883738756179,0.2410367280244827,0.0003325504658278,0.7083532810211182,0.0168977212160825,0.028391495347023,0.2461704760789871,0.0001870596315711,0.7562820911407471,0.0192463584244251,0.0320495516061782,0.1922349482774734,0.0001870596315711,0.7257913947105408,0.0206389129161834,0.0325068086385726,0.2206888049840927,0.0003741192631423,0.7155447006225586,0.0160663444548845,0.0272691380232572,0.2407457530498504,0.0003741192631423,0.7950658202171326,0.020493421703577,0.0335460267961025,0.150603786110878,0.0002909816685132,0.7607091665267944,0.0171887017786502,0.0289734601974487,0.1927961260080337,0.0003325504658278,0.7247105836868286,0.0156298726797103,0.0275185517966747,0.231808453798294,0.0003325504658278,0.6908112168312073,0.0134267248213291,0.0255232490599155,0.2699686288833618,0.000270197255304,0.7493816614151001,0.0205349903553724,0.0319456309080123,0.1978467404842376,0.0002909816685132,0.7035312652587891,0.0144867300987243,0.0259389355778694,0.2557728886604309,0.000270197255304,0.7184337377548218,0.0159000698477029,0.0268534496426582,0.2385426014661789,0.000270197255304,0.6929312348365784,0.0108286747708916,0.0200569499284029,0.2759129703044891,0.000270197255304,0.6960073113441467,0.0170847810804843,0.0307609178125858,0.2559391558170318,0.0002078440447803,0.6775092482566833,0.0099557293578982,0.0180200785398483,0.2942863702774048,0.0002286284434376,0.7158564329147339,0.017458898946642876,0.03001268021762371,0.2364433854818344,0.00022862844343762845
95,0.9577245712280272,0.0,0.0,0.0422754772007465,0.0,0.9578284621238708,0.0,0.0,0.0421715565025806,0.0,0.9577869176864624,0.0,0.0,0.0422131232917308,0.0,0.957807719707489,0.0,0.0,0.0421923398971557,0.0,0.957807719707489,0.0,0.0,0.0421923398971557,0.0,0.957807719707489,0.0,0.0,0.0421923398971557,0.0,0.9578284621238708,0.0,0.0,0.0421715565025806,0.0,0.957890808582306,0.0,0.0,0.0421092025935649,0.0,0.9576206207275392,0.0,0.0,0.0423794016242027,0.0,0.9577869176864624,0.0,0.0,0.0422131232917308,0.0,0.9578492641448976,0.0,0.0,0.0421507731080055,0.0,0.957807719707489,0.0,0.0,0.0421923398971557,0.0,0.9577453136444092,0.0,0.0,0.0422546938061714,0.0,0.957807719707489,0.0,0.0,0.0421923398971557,0.0,0.9578284621238708,0.0,0.0,0.0421715565025806,0.0,0.957870066165924,0.0,0.0,0.0421299859881401,0.0,0.957807719707489,0.0,0.0,0.0421923398971557,0.0,0.9577453136444092,0.0,0.0,0.0422546938061714,0.0,0.957870066165924,0.0,0.0,0.0421299859881401,0.0,0.9578284621238708,0.0,0.0,0.0421715565025806,0.0,0.9578284621238708,0.0,0.0,0.0421715565025806,0.0,0.957807719707489,0.0,0.0,0.0421923398971557,0.0,0.9578284621238708,0.0,0.0,0.0421715565025806,0.0,0.957870066165924,0.0,0.0,0.0421299859881401,0.0,0.9576206207275392,0.0,0.0,0.0423794016242027,0.0,0.9577661156654358,0.0,0.0,0.0422339104115963,0.0,0.9577869176864624,0.0,0.0,0.0422131232917308,0.0,0.9578492641448976,0.0,0.0,0.0421507731080055,0.0,0.957870066165924,0.0,0.0,0.0421299859881401,0.0,0.9577869176864624,0.0,0.0,0.0422131232917308,0.0,0.741899311542511,0.0185189042240381,0.0287864003330469,0.2103589475154876,0.000436472473666,0.7239000201225281,0.0198283214122056,0.0284538492560386,0.2276100069284439,0.0002078440447803,0.722881555557251,0.0205765608698129,0.0315091572701931,0.2247001975774765,0.0003325504658278,0.6786731481552124,0.0108078904449939,0.0209506787359714,0.2894228398799896,0.0001454908342566,0.7214890122413635,0.0230706892907619,0.0358323119580745,0.2190676182508468,0.0005403945106081,0.7297611832618713,0.0199738126248121,0.0322158262133598,0.2176542729139328,0.0003949036763515,0.7063995599746704,0.0132188806310296,0.0243385378271341,0.2557936608791351,0.0002494128420948,0.6919959783554077,0.0126161333173513,0.0220730379223823,0.2732317745685577,8.313761645695195e-05,0.6740382313728333,0.0093529820442199,0.0166898760944604,0.2996071875095367,0.0003117660526186,0.7747594714164734,0.0268118809908628,0.0374742820858955,0.1607050150632858,0.0002494128420948,0.6897720098495483,0.0188722386956214,0.0274354126304388,0.2635670304298401,0.0003533348790369,0.6917880773544312,0.0153596745803952,0.0237565729767084,0.2689709663391113,0.0001247064210474,0.7444350123405457,0.023091472685337,0.0359985865652561,0.1960592865943908,0.0004156880895607,0.706565797328949,0.0170224271714687,0.0290150288492441,0.2471889108419418,0.0002078440447803,0.7029077410697937,0.0181032158434391,0.0301997400820255,0.2484567612409591,0.0003325504658278,0.701910138130188,0.0174173302948474,0.0266040377318859,0.2538814842700958,0.0001870596315711,0.7489036321640015,0.0199945960193872,0.0307817030698061,0.2000914514064788,0.0002286284434376,0.7188286185264587,0.0205557756125926,0.0311558209359645,0.2290649116039276,0.0003949036763515,0.7089560031890869,0.0166275240480899,0.0264585465192794,0.2475630342960357,0.0003949036763515,0.7868143916130066,0.0221769586205482,0.0329224951565265,0.157774418592453,0.0003117660526186,0.7534138560295105,0.0177290961146354,0.0284330639988183,0.2000706791877746,0.0003533348790369,0.7174152731895447,0.0174588989466428,0.0266040377318859,0.2381477057933807,0.0003741192631423,0.6843472719192505,0.0143204545602202,0.0240475554019212,0.2769729793071747,0.0003117660526186,0.7413589358329773,0.0215534269809722,0.0310103315860033,0.2057863920927047,0.0002909816685132,0.6980234384536743,0.0141749633476138,0.0246710870414972,0.2628395855426788,0.0002909816685132,0.7121776342391968,0.0162949729710817,0.0257518775761127,0.2455053776502609,0.000270197255304,0.6878182888031006,0.0110780876129865,0.0194334182888269,0.281337708234787,0.0003325504658278,0.6893978714942932,0.0177083127200603,0.0292644407600164,0.2634215354919433,0.0002078440447803,0.6726456880569458,0.0102051421999931,0.0175420362502336,0.2993785440921783,0.0002286284434376,0.7084779739379883,0.01874753274023533,0.028578555211424828,0.24394655227661133,0.0002494128420948982
96,0.9548355340957642,0.0,0.0,0.0451645106077194,0.0,0.9549394249916076,0.0,0.0,0.0450605899095535,0.0,0.9548978805541992,0.0,0.0,0.0451021566987037,0.0,0.9549186825752258,0.0,0.0,0.0450813733041286,0.0,0.9549186825752258,0.0,0.0,0.0450813733041286,0.0,0.9549186825752258,0.0,0.0,0.0450813733041286,0.0,0.9549394249916076,0.0,0.0,0.0450605899095535,0.0,0.9550017714500428,0.0,0.0,0.0449982360005378,0.0,0.954731583595276,0.0,0.0,0.0452684313058853,0.0,0.9548978805541992,0.0,0.0,0.0451021566987037,0.0,0.9549602270126344,0.0,0.0,0.0450398027896881,0.0,0.9549186825752258,0.0,0.0,0.0450813733041286,0.0,0.9548563361167908,0.0,0.0,0.0451437272131443,0.0,0.9549186825752258,0.0,0.0,0.0450813733041286,0.0,0.9549394249916076,0.0,0.0,0.0450605899095535,0.0,0.9549810290336608,0.0,0.0,0.0450190193951129,0.0,0.9549186825752258,0.0,0.0,0.0450813733041286,0.0,0.9548563361167908,0.0,0.0,0.0451437272131443,0.0,0.9549810290336608,0.0,0.0,0.0450190193951129,0.0,0.9549394249916076,0.0,0.0,0.0450605899095535,0.0,0.9549394249916076,0.0,0.0,0.0450605899095535,0.0,0.9549186825752258,0.0,0.0,0.0450813733041286,0.0,0.9549394249916076,0.0,0.0,0.0450605899095535,0.0,0.9549810290336608,0.0,0.0,0.0450190193951129,0.0,0.954731583595276,0.0,0.0,0.0452684313058853,0.0,0.9548770785331726,0.0,0.0,0.0451229400932788,0.0,0.9548978805541992,0.0,0.0,0.0451021566987037,0.0,0.9549602270126344,0.0,0.0,0.0450398027896881,0.0,0.9549810290336608,0.0,0.0,0.0450190193951129,0.0,0.9548978805541992,0.0,0.0,0.0451021566987037,0.0,0.7344792485237122,0.0189969446510076,0.0277887489646673,0.2182778120040893,0.0004572568868752,0.716625452041626,0.0194749869406223,0.0287240464240312,0.2349469065666198,0.0002286284434376,0.7147548794746399,0.0207012668251991,0.0312597453594207,0.2329515963792801,0.0003325504658278,0.6727288365364075,0.0111196562647819,0.0201400872319936,0.2958452105522156,0.0001662752329139,0.7131544947624207,0.0234448071569204,0.0343150496482849,0.2285245209932327,0.0005611788947135,0.72138512134552,0.0212624445557594,0.0304699372500181,0.2264876514673233,0.0003949036763515,0.6998316645622253,0.0138008445501327,0.0225302949547767,0.2635878026485443,0.0002494128420948,0.685989260673523,0.0127408392727375,0.0207428354769945,0.2804439663887024,8.313761645695195e-05,0.6691538691520691,0.0091867065057158,0.0156090874224901,0.3057385981082916,0.0003117660526186,0.7647621631622314,0.0273938439786434,0.0373911447823047,0.1702034920454025,0.0002494128420948,0.6828092336654663,0.0181863531470298,0.026936586946249,0.2716937363147735,0.0003741192631423,0.685407280921936,0.015234968625009,0.022675784304738,0.2765572667121887,0.0001247064210474,0.7348118424415588,0.0249412842094898,0.0341487750411033,0.2056824564933776,0.0004156880895607,0.6998940110206604,0.0167106613516807,0.0277056097984313,0.2554818987846374,0.0002078440447803,0.6946563720703125,0.0187059640884399,0.0293891467154026,0.2569160163402557,0.0003325504658278,0.6945732235908508,0.0175628215074539,0.0258765835314989,0.2617172300815582,0.000270197255304,0.7397792935371399,0.0214287210255861,0.0308232717216014,0.2076777666807174,0.0002909816685132,0.710431694984436,0.0206804815679788,0.0299711115658283,0.2385218143463134,0.0003949036763515,0.7017853856086731,0.0173341929912567,0.0246710870414972,0.2558144330978393,0.0003949036763515,0.777045726776123,0.0235695149749517,0.0327977910637855,0.1662544459104538,0.0003325504658278,0.7450793385505676,0.0195373389869928,0.02704050950706,0.2079479694366455,0.0003949036763515,0.7103486061096191,0.0177706647664308,0.0255024638026952,0.2459834218025207,0.0003949036763515,0.6782366633415222,0.0143412388861179,0.0233616698533296,0.2837486863136291,0.0003117660526186,0.7332738041877747,0.0214495044201612,0.0306569952517747,0.2143079936504364,0.0003117660526186,0.6913308501243591,0.0146530047059059,0.023091472685337,0.2706129550933838,0.0003117660526186,0.7049030661582947,0.0172926243394613,0.0248165782541036,0.2526760101318359,0.0003117660526186,0.6820610165596008,0.0112651474773883,0.0187891013920307,0.2875106632709503,0.0003741192631423,0.6824143528938293,0.0172510556876659,0.0277887489646673,0.2723172605037689,0.0002286284434376,0.6674703359603882,0.0097894547507166,0.0172926243394613,0.3052189648151397,0.0002286284434376,0.7012242078781128,0.01856047287583351,0.02812129817903042,0.2518238425254822,0.00027019725530408323
97,0.9516347050666808,0.0,0.0,0.0483653098344802,0.0,0.9517386555671692,0.0,0.0,0.048261385411024,0.0,0.951697051525116,0.0,0.0,0.0483029559254646,0.0,0.9517178535461426,0.0,0.0,0.0482821725308895,0.0,0.9517178535461426,0.0,0.0,0.0482821725308895,0.0,0.9517178535461426,0.0,0.0,0.0482821725308895,0.0,0.9517386555671692,0.0,0.0,0.048261385411024,0.0,0.9518010020256042,0.0,0.0,0.0481990315020084,0.0,0.9515308141708374,0.0,0.0,0.0484692305326461,0.0,0.951697051525116,0.0,0.0,0.0483029559254646,0.0,0.9517594575881958,0.0,0.0,0.0482406020164489,0.0,0.9517178535461426,0.0,0.0,0.0482821725308895,0.0,0.9516555070877076,0.0,0.0,0.0483445227146148,0.0,0.9517178535461426,0.0,0.0,0.0482821725308895,0.0,0.9517386555671692,0.0,0.0,0.048261385411024,0.0,0.9517802000045776,0.0,0.0,0.0482198186218738,0.0,0.9517178535461426,0.0,0.0,0.0482821725308895,0.0,0.9516555070877076,0.0,0.0,0.0483445227146148,0.0,0.9517802000045776,0.0,0.0,0.0482198186218738,0.0,0.9517386555671692,0.0,0.0,0.048261385411024,0.0,0.9517386555671692,0.0,0.0,0.048261385411024,0.0,0.9517178535461426,0.0,0.0,0.0482821725308895,0.0,0.9517386555671692,0.0,0.0,0.048261385411024,0.0,0.9517802000045776,0.0,0.0,0.0482198186218738,0.0,0.9515308141708374,0.0,0.0,0.0484692305326461,0.0,0.951676309108734,0.0,0.0,0.0483237393200397,0.0,0.951697051525116,0.0,0.0,0.0483029559254646,0.0,0.9517594575881958,0.0,0.0,0.0482406020164489,0.0,0.9517802000045776,0.0,0.0,0.0482198186218738,0.0,0.951697051525116,0.0,0.0,0.0483029559254646,0.0,0.7271423935890198,0.0184981189668178,0.0268742348998785,0.2270280420780182,0.0004572568868752,0.7095171809196472,0.0180616471916437,0.0280589461326599,0.2441128194332122,0.0002494128420948,0.7066489458084106,0.0204726383090019,0.0301997400820255,0.2423253655433654,0.0003533348790369,0.6668676137924194,0.0110365189611911,0.0189969446510076,0.3029326796531677,0.0001662752329139,0.7048615217208862,0.0229044128209352,0.0322158262133598,0.2394571155309677,0.0005611788947135,0.7140274047851562,0.0204310696572065,0.0284330639988183,0.236692801117897,0.0004156880895607,0.6932845711708069,0.0138424132019281,0.021324798464775,0.2712364792823791,0.0003117660526186,0.6802319884300232,0.0127200549468398,0.0183734130114316,0.2885706722736358,0.0001039220223901,0.6634382009506226,0.0095816105604171,0.0146114360541105,0.3120570480823517,0.0003117660526186,0.7553675770759583,0.0270197261124849,0.0372248664498329,0.1801176518201828,0.000270197255304,0.6760751008987427,0.0170432105660438,0.0265001151710748,0.279986709356308,0.0003949036763515,0.6795253157615662,0.0138008445501327,0.0223224498331546,0.2842267155647278,0.0001247064210474,0.7259160876274109,0.024234615266323,0.0333797521889209,0.2160123139619827,0.0004572568868752,0.6924947500228882,0.0165859553962945,0.026001289486885,0.2647101581096649,0.0002078440447803,0.6873610019683838,0.0186228267848491,0.0280589461326599,0.2656246721744537,0.0003325504658278,0.6879429817199707,0.0166275240480899,0.0246295183897018,0.270467460155487,0.0003325504658278,0.7312576770782471,0.0216573495417833,0.0293683633208274,0.2173632979393005,0.0003533348790369,0.7027415037155151,0.0200777351856231,0.0297424830496311,0.2470434308052063,0.0003949036763515,0.6954877376556396,0.0162741877138614,0.0236734356731176,0.2641489803791046,0.0004156880895607,0.7684202194213867,0.023818926885724,0.0314883738756179,0.1759191900491714,0.0003533348790369,0.7375969290733337,0.0194749869406223,0.0258142296224832,0.2166566252708435,0.0004572568868752,0.7033650279045105,0.0172302704304456,0.0241514779627323,0.2548168003559112,0.000436472473666,0.6714609861373901,0.0147569272667169,0.0214910730719566,0.2919585108757019,0.0003325504658278,0.7261031866073608,0.0199114587157964,0.0304907206445932,0.2231621444225311,0.0003325504658278,0.6849915981292725,0.0138008445501327,0.0220106840133667,0.2788851261138916,0.0003117660526186,0.6978155970573425,0.0166898760944604,0.023403238505125,0.2617587745189667,0.0003325504658278,0.6763037443161011,0.0110157346352934,0.0173341929912567,0.2949722707271576,0.0003741192631423,0.6761374473571777,0.0157753620296716,0.0270820781588554,0.2807557284832001,0.0002494128420948,0.6622534394264221,0.0092490594834089,0.0161702670156955,0.3120986223220825,0.0002286284434376,0.6946771144866943,0.01768752746284008,0.026188349351286888,0.2611560523509979,0.00029098166851326823
98,0.9515723586082458,0.0,0.0,0.0484276600182056,0.0,0.951676309108734,0.0,0.0,0.0483237393200397,0.0,0.9516347050666808,0.0,0.0,0.0483653098344802,0.0,0.9516555070877076,0.0,0.0,0.0483445227146148,0.0,0.9516555070877076,0.0,0.0,0.0483445227146148,0.0,0.9516555070877076,0.0,0.0,0.0483445227146148,0.0,0.951676309108734,0.0,0.0,0.0483237393200397,0.0,0.9517386555671692,0.0,0.0,0.048261385411024,0.0,0.9514684677124025,0.0,0.0,0.0485315844416618,0.0,0.9516347050666808,0.0,0.0,0.0483653098344802,0.0,0.951697051525116,0.0,0.0,0.0483029559254646,0.0,0.9516555070877076,0.0,0.0,0.0483445227146148,0.0,0.9515931606292723,0.0,0.0,0.0484068766236305,0.0,0.9516555070877076,0.0,0.0,0.0483445227146148,0.0,0.951676309108734,0.0,0.0,0.0483237393200397,0.0,0.9517178535461426,0.0,0.0,0.0482821725308895,0.0,0.9516555070877076,0.0,0.0,0.0483445227146148,0.0,0.9515931606292723,0.0,0.0,0.0484068766236305,0.0,0.9517178535461426,0.0,0.0,0.0482821725308895,0.0,0.951676309108734,0.0,0.0,0.0483237393200397,0.0,0.951676309108734,0.0,0.0,0.0483237393200397,0.0,0.9516555070877076,0.0,0.0,0.0483445227146148,0.0,0.951676309108734,0.0,0.0,0.0483237393200397,0.0,0.9517178535461426,0.0,0.0,0.0482821725308895,0.0,0.9514684677124025,0.0,0.0,0.0485315844416618,0.0,0.9516139626502992,0.0,0.0,0.0483860932290554,0.0,0.9516347050666808,0.0,0.0,0.0483653098344802,0.0,0.951697051525116,0.0,0.0,0.0483029559254646,0.0,0.9517178535461426,0.0,0.0,0.0482821725308895,0.0,0.9516347050666808,0.0,0.0,0.0483653098344802,0.0,0.7226113677024841,0.0180408619344234,0.0236526522785425,0.2352378815412521,0.0004572568868752,0.7051109075546265,0.0175628215074539,0.0257934462279081,0.2512834370136261,0.0002494128420948,0.7013905048370361,0.0203271470963954,0.0281420834362506,0.2497869729995727,0.0003533348790369,0.6644566059112549,0.0107455365359783,0.0167730133980512,0.3078585863113403,0.0001662752329139,0.6996238231658936,0.0214495044201612,0.0309271924197673,0.2474383264780044,0.0005611788947135,0.7099536657333374,0.0193710643798112,0.0252530518919229,0.2450065612792968,0.0004156880895607,0.690499484539032,0.013364371843636,0.0184357669204473,0.2773886620998382,0.0003117660526186,0.677093505859375,0.0122627988457679,0.0171887017786502,0.2933510839939117,0.0001039220223901,0.6611310839653015,0.0095192566514015,0.0126992706209421,0.3163386285305023,0.0003117660526186,0.7485918998718262,0.0267495289444923,0.0354166254401207,0.1889718025922775,0.000270197255304,0.6712738871574402,0.0173134077340364,0.0243177525699138,0.2867000699043274,0.0003949036763515,0.6760127544403076,0.0141957476735115,0.0198906753212213,0.2897761762142181,0.0001247064210474,0.720491349697113,0.023403238505125,0.0319456309080123,0.223702535033226,0.0004572568868752,0.6884626150131226,0.0162534043192863,0.0234863758087158,0.2715898156166076,0.0002078440447803,0.683349609375,0.0175628215074539,0.0257103070616722,0.2730447053909302,0.0003325504658278,0.6846590638160706,0.0153388902544975,0.0231746099889278,0.2764949202537536,0.0003325504658278,0.7266435623168945,0.0212832298129796,0.0268534496426582,0.2248664647340774,0.0003533348790369,0.6980649828910828,0.0193710643798112,0.0281212981790304,0.2540477812290191,0.0003949036763515,0.6921414136886597,0.0150479087606072,0.0227381382137537,0.2696568667888641,0.0004156880895607,0.7629538774490356,0.0237565729767084,0.0294515006244182,0.1834847182035446,0.0003533348790369,0.7329828143119812,0.0193710643798112,0.0238604955375194,0.2233284264802932,0.0004572568868752,0.7002058029174805,0.0161494817584753,0.0223848037421703,0.2608234882354736,0.000436472473666,0.6681770086288452,0.0142788859084248,0.0197243988513946,0.2974871695041656,0.0003325504658278,0.7211148738861084,0.0199114587157964,0.027664041146636,0.2309770882129669,0.0003325504658278,0.6812088489532471,0.0139671191573143,0.0201608724892139,0.2843514382839203,0.0003117660526186,0.6939704418182373,0.0161079131066799,0.0220314692705869,0.2675576210021972,0.0003325504658278,0.6736640930175781,0.0109118120744824,0.0158377159386873,0.2992122769355774,0.0003741192631423,0.6724170446395874,0.015234968625009,0.0244008898735046,0.2876977324485779,0.0002494128420948,0.6598840355873108,0.0092698438093066,0.0141749633476138,0.3164425492286682,0.0002286284434376,0.6904371380805969,0.017063995823264122,0.02452559769153595,0.26768234372138977,0.00029098166851326823
99,0.9508241415023804,0.0,0.0,0.0491758994758129,0.0,0.950928032398224,0.0,0.0,0.049071978777647,0.0,0.9508864879608154,0.0,0.0,0.0491135455667972,0.0,0.950907289981842,0.0,0.0,0.0490927621722221,0.0,0.950907289981842,0.0,0.0,0.0490927621722221,0.0,0.950907289981842,0.0,0.0,0.0490927621722221,0.0,0.950928032398224,0.0,0.0,0.049071978777647,0.0,0.9509904384613036,0.0,0.0,0.0490096248686313,0.0,0.950720191001892,0.0,0.0,0.0492798238992691,0.0,0.9508864879608154,0.0,0.0,0.0491135455667972,0.0,0.9509488344192504,0.0,0.0,0.0490511953830719,0.0,0.950907289981842,0.0,0.0,0.0490927621722221,0.0,0.950844943523407,0.0,0.0,0.0491551160812377,0.0,0.950907289981842,0.0,0.0,0.0490927621722221,0.0,0.950928032398224,0.0,0.0,0.049071978777647,0.0,0.9509696364402772,0.0,0.0,0.0490304082632064,0.0,0.950907289981842,0.0,0.0,0.0490927621722221,0.0,0.950844943523407,0.0,0.0,0.0491551160812377,0.0,0.9509696364402772,0.0,0.0,0.0490304082632064,0.0,0.950928032398224,0.0,0.0,0.049071978777647,0.0,0.950928032398224,0.0,0.0,0.049071978777647,0.0,0.950907289981842,0.0,0.0,0.0490927621722221,0.0,0.950928032398224,0.0,0.0,0.049071978777647,0.0,0.9509696364402772,0.0,0.0,0.0490304082632064,0.0,0.950720191001892,0.0,0.0,0.0492798238992691,0.0,0.9508656859397888,0.0,0.0,0.0491343326866626,0.0,0.9508864879608154,0.0,0.0,0.0491135455667972,0.0,0.9509488344192504,0.0,0.0,0.0490511953830719,0.0,0.9509696364402772,0.0,0.0,0.0490304082632064,0.0,0.9508864879608154,0.0,0.0,0.0491135455667972,0.0,0.7169164419174194,0.0180824324488639,0.0220938213169574,0.2424292862415313,0.0004780413000844,0.6987716555595398,0.0182279217988252,0.0233824551105499,0.2593685686588287,0.0002494128420948,0.6932222247123718,0.0227589216083288,0.0249205008149147,0.2587450444698334,0.0003533348790369,0.6609025001525879,0.010870243422687,0.0142788859084248,0.3137821555137634,0.0001662752329139,0.6922245621681213,0.02236401848495,0.0281628668308258,0.2566666007041931,0.0005819633370265,0.7035728693008423,0.0192879270762205,0.0244216751307249,0.2523018717765808,0.0004156880895607,0.6860724091529846,0.0134267248213291,0.0167522300034761,0.2834369242191314,0.0003117660526186,0.6732068657875061,0.0118886791169643,0.0156922247260808,0.2991083562374115,0.0001039220223901,0.6583667993545532,0.0087710181251168,0.0113067161291837,0.3212229609489441,0.0003325504658278,0.7402157783508301,0.0276432577520608,0.0320287682116031,0.1998004764318466,0.0003117660526186,0.666888415813446,0.0159832071512937,0.0226134322583675,0.2941201031208038,0.0003949036763515,0.6709621548652649,0.0139255505055189,0.0185812581330537,0.2964063882827759,0.0001247064210474,0.7132375836372375,0.0242969691753387,0.028599340468645,0.2334088534116745,0.0004572568868752,0.6838900446891785,0.0157753620296716,0.0213663671165704,0.2787604331970215,0.0002078440447803,0.6775715947151184,0.0184357669204473,0.0220314692705869,0.281628668308258,0.0003325504658278,0.6798578500747681,0.0151518303900957,0.0211377386003732,0.2834992706775665,0.0003533348790369,0.720491349697113,0.0215118583291769,0.0244216751307249,0.2332217991352081,0.0003533348790369,0.6912477016448975,0.0206804815679788,0.0253985412418842,0.2622784078121185,0.0003949036763515,0.6867998242378235,0.0152557529509067,0.0204518530517816,0.2770769000053406,0.0004156880895607,0.755513072013855,0.0244008898735046,0.0265416838228702,0.1931910365819931,0.0003533348790369,0.726996898651123,0.0195165555924177,0.0222808811813592,0.2307484596967697,0.0004572568868752,0.6947187185287476,0.0157961472868919,0.0207220502197742,0.2683058679103851,0.0004572568868752,0.6637499332427979,0.0136969219893217,0.01768752746284,0.3045330941677093,0.0003325504658278,0.7137572169303894,0.0207012668251991,0.0263546239584684,0.2388335913419723,0.0003533348790369,0.6763868927955627,0.0147361429408192,0.0177914500236511,0.2907738089561462,0.0003117660526186,0.6889198422431946,0.0163573268800973,0.0199530273675918,0.27443727850914,0.0003325504658278,0.669985294342041,0.0109325964003801,0.0137384915724396,0.3049695491790771,0.0003741192631423,0.6678029298782349,0.0146945733577013,0.0214910730719566,0.2957620620727539,0.0002494128420948,0.656516969203949,0.0092282751575112,0.0126161333173513,0.3214100301265716,0.0002286284434376,0.6848461031913757,0.016731444746255875,0.022634215652942657,0.27549728751182556,0.00029098166851326823
100,0.9492029547691344,0.0,0.0,0.0507970824837684,0.0,0.949306845664978,0.0,0.0,0.0506931617856025,0.0,0.9492653012275696,0.0,0.0,0.0507347323000431,0.0,0.9492861032485962,0.0,0.0,0.0507139451801776,0.0,0.9492861032485962,0.0,0.0,0.0507139451801776,0.0,0.9492861032485962,0.0,0.0,0.0507139451801776,0.0,0.949306845664978,0.0,0.0,0.0506931617856025,0.0,0.949369251728058,0.0,0.0,0.0506308078765869,0.0,0.9490990042686462,0.0,0.0,0.0509010069072246,0.0,0.9492653012275696,0.0,0.0,0.0507347323000431,0.0,0.9493276476860046,0.0,0.0,0.0506723783910274,0.0,0.9492861032485962,0.0,0.0,0.0507139451801776,0.0,0.9492237567901612,0.0,0.0,0.0507762990891933,0.0,0.9492861032485962,0.0,0.0,0.0507139451801776,0.0,0.949306845664978,0.0,0.0,0.0506931617856025,0.0,0.9493484497070312,0.0,0.0,0.050651591271162,0.0,0.9492861032485962,0.0,0.0,0.0507139451801776,0.0,0.9492237567901612,0.0,0.0,0.0507762990891933,0.0,0.9493484497070312,0.0,0.0,0.050651591271162,0.0,0.949306845664978,0.0,0.0,0.0506931617856025,0.0,0.949306845664978,0.0,0.0,0.0506931617856025,0.0,0.9492861032485962,0.0,0.0,0.0507139451801776,0.0,0.949306845664978,0.0,0.0,0.0506931617856025,0.0,0.9493484497070312,0.0,0.0,0.050651591271162,0.0,0.9490990042686462,0.0,0.0,0.0509010069072246,0.0,0.949244499206543,0.0,0.0,0.0507555156946182,0.0,0.9492653012275696,0.0,0.0,0.0507347323000431,0.0,0.9493276476860046,0.0,0.0,0.0506723783910274,0.0,0.9493484497070312,0.0,0.0,0.050651591271162,0.0,0.9492653012275696,0.0,0.0,0.0507347323000431,0.0,0.710431694984436,0.018414981663227,0.0230499040335416,0.2475838214159011,0.0005196101265028,0.6922661662101746,0.018726747483015,0.0242138300091028,0.2645438909530639,0.0002494128420948,0.686446487903595,0.022675784304738,0.0258142296224832,0.2647101581096649,0.0003533348790369,0.6570989489555359,0.0099972980096936,0.0138631975278258,0.318874329328537,0.0001662752329139,0.683993935585022,0.0235279463231563,0.0285162031650543,0.2633799612522125,0.0005819633370265,0.6966932415962219,0.0190592985600233,0.0254608951508998,0.2583709359169006,0.0004156880895607,0.680897057056427,0.0133020188659429,0.0168977212160825,0.2885706722736358,0.0003325504658278,0.6683433055877686,0.012013386003673,0.0157337933778762,0.3037848472595215,0.0001247064210474,0.6543554067611694,0.0091659221798181,0.0113482847809791,0.3247978687286377,0.0003325504658278,0.7313616275787354,0.027767963707447,0.0339201465249061,0.2065969705581665,0.0003533348790369,0.6610895395278931,0.0160871297121047,0.0229459814727306,0.29946169257164,0.0004156880895607,0.6657244563102722,0.0140502573922276,0.0188514553010463,0.3012283742427826,0.0001454908342566,0.7052772045135498,0.0239020641893148,0.0298256203532218,0.2405379116535186,0.0004572568868752,0.677987277507782,0.0162741877138614,0.0208051893860101,0.284725546836853,0.0002078440447803,0.6706711649894714,0.0183526296168565,0.0234655924141407,0.2871573269367218,0.0003533348790369,0.6740174293518066,0.0149232018738985,0.0218651928007602,0.2888408601284027,0.0003533348790369,0.7132583856582642,0.0208883266896009,0.0262299180030822,0.2392492741346359,0.0003741192631423,0.6846174597740173,0.020181655883789,0.0260636433959007,0.2687215507030487,0.0004156880895607,0.6803151369094849,0.0158377159386873,0.020909110084176,0.282501608133316,0.000436472473666,0.747511088848114,0.0239020641893148,0.0290565975010395,0.19917693734169,0.0003533348790369,0.7200549244880676,0.0193918496370315,0.0231746099889278,0.2369214296340942,0.0004572568868752,0.6888782978057861,0.0158377159386873,0.021636564284563,0.2731902003288269,0.0004572568868752,0.6583044528961182,0.0142996702343225,0.0175420362502336,0.309521347284317,0.0003325504658278,0.7070646286010742,0.0205765608698129,0.0267495289444923,0.2452559620141983,0.0003533348790369,0.6720013618469238,0.0136969219893217,0.0179785098880529,0.2960114777088165,0.0003117660526186,0.6826845407485962,0.0165859553962945,0.0206804815679788,0.2796957194805145,0.0003533348790369,0.6662856340408325,0.0101427892223,0.0139463348314166,0.3092303574085235,0.0003949036763515,0.6619832515716553,0.0147984959185123,0.0218028407543897,0.3011660277843475,0.0002494128420948,0.6526718735694885,0.0091659221798181,0.0124914264306426,0.3254421949386596,0.0002286284434376,0.6780911684036255,0.017500467598438263,0.023112257942557335,0.2810051441192627,0.00029098166851326823
101,0.945046067237854,0.0,0.0,0.0549539662897586,0.0,0.9451500177383424,0.0,0.0,0.0548500418663024,0.0,0.9451084136962892,0.0,0.0,0.054891612380743,0.0,0.9451292157173156,0.0,0.0,0.0548708252608776,0.0,0.9451292157173156,0.0,0.0,0.0548708252608776,0.0,0.9451292157173156,0.0,0.0,0.0548708252608776,0.0,0.9451500177383424,0.0,0.0,0.0548500418663024,0.0,0.9452123641967772,0.0,0.0,0.0547876879572868,0.0,0.9449421763420104,0.0,0.0,0.0550578869879245,0.0,0.9451084136962892,0.0,0.0,0.054891612380743,0.0,0.945170760154724,0.0,0.0,0.0548292584717273,0.0,0.9451292157173156,0.0,0.0,0.0548708252608776,0.0,0.9450668692588806,0.0,0.0,0.0549331791698932,0.0,0.9451292157173156,0.0,0.0,0.0548708252608776,0.0,0.9451500177383424,0.0,0.0,0.0548500418663024,0.0,0.9451915621757508,0.0,0.0,0.0548084750771522,0.0,0.9451292157173156,0.0,0.0,0.0548708252608776,0.0,0.9450668692588806,0.0,0.0,0.0549331791698932,0.0,0.9451915621757508,0.0,0.0,0.0548084750771522,0.0,0.9451500177383424,0.0,0.0,0.0548500418663024,0.0,0.9451500177383424,0.0,0.0,0.0548500418663024,0.0,0.9451292157173156,0.0,0.0,0.0548708252608776,0.0,0.9451500177383424,0.0,0.0,0.0548500418663024,0.0,0.9451915621757508,0.0,0.0,0.0548084750771522,0.0,0.9449421763420104,0.0,0.0,0.0550578869879245,0.0,0.9450876116752625,0.0,0.0,0.0549123957753181,0.0,0.9451084136962892,0.0,0.0,0.054891612380743,0.0,0.945170760154724,0.0,0.0,0.0548292584717273,0.0,0.9451915621757508,0.0,0.0,0.0548084750771522,0.0,0.9451084136962892,0.0,0.0,0.054891612380743,0.0,0.7003928422927856,0.0201608724892139,0.0231330413371324,0.2557520866394043,0.0005611788947135,0.6825390458106995,0.0203895010054111,0.0233824551105499,0.2733772695064544,0.0003117660526186,0.6769064664840698,0.0231538265943527,0.0256063863635063,0.273959219455719,0.0003741192631423,0.6500945687294006,0.0101843578740954,0.013780060224235,0.3257539570331573,0.0001870596315711,0.6739550828933716,0.0243177525699138,0.0285369865596294,0.2725459039211273,0.0006443165475502,0.6868829727172852,0.0205557756125926,0.0254193264991045,0.2667262554168701,0.0004156880895607,0.6733731031417847,0.0133228031918406,0.0171471331268548,0.2957828640937805,0.0003741192631423,0.6612558364868164,0.0123875048011541,0.0152973216027021,0.3108931183815002,0.0001662752329139,0.6481824517250061,0.0086670964956283,0.0117016192525625,0.3310955464839935,0.0003533348790369,0.7197431325912476,0.0290358122438192,0.033587597310543,0.2172385901212692,0.0003949036763515,0.6517989039421082,0.01768752746284,0.0217197015881538,0.3083366453647613,0.0004572568868752,0.6581589579582214,0.0147777115926146,0.0179161559790372,0.3089809417724609,0.0001662752329139,0.695404589176178,0.0239228494465351,0.0306362118571996,0.2495167702436447,0.0005196101265028,0.6700060367584229,0.0159000698477029,0.020909110084176,0.2929561734199524,0.0002286284434376,0.662128746509552,0.0186436101794242,0.0228004921227693,0.2960738241672516,0.0003533348790369,0.6654958128929138,0.0158585011959075,0.0209922473877668,0.2972793281078338,0.0003741192631423,0.7029908895492554,0.0216781329363584,0.0267495289444923,0.2481449991464615,0.000436472473666,0.6750566363334656,0.0210961699485778,0.025169912725687,0.2781992554664612,0.0004780413000844,0.6719182133674622,0.0169808585196733,0.0204310696572065,0.2902334332466125,0.000436472473666,0.7365161180496216,0.0253154039382934,0.0289942435920238,0.208737775683403,0.000436472473666,0.7108889818191528,0.0201193038374185,0.023818926885724,0.244694784283638,0.0004780413000844,0.6804190278053284,0.0163573268800973,0.0215534269809722,0.2812129855155945,0.0004572568868752,0.6508220434188843,0.0140502573922276,0.0179161559790372,0.3168374598026275,0.0003741192631423,0.6980442404747009,0.0214702896773815,0.0254193264991045,0.2545881569385528,0.0004780413000844,0.6651009321212769,0.0133020188659429,0.0177914500236511,0.303493857383728,0.0003117660526186,0.6741629242897034,0.0170639958232641,0.0211793072521686,0.2872404754161834,0.0003533348790369,0.659031867980957,0.0106831835582852,0.0138216288760304,0.3160684406757355,0.0003949036763515,0.6537526249885559,0.0157961472868919,0.0203271470963954,0.3098123371601105,0.0003117660526186,0.6461039781570435,0.0095608262345194,0.0118055418133735,0.3323010504245758,0.0002286284434376,0.6693825125694275,0.01870596408843994,0.021906761452555656,0.28969302773475647,0.0003117660526186228
102,0.9403071999549866,0.0,0.0,0.059692807495594,0.0,0.9404111504554749,0.0,0.0,0.0595888867974281,0.0,0.9403696060180664,0.0,0.0,0.0596304535865783,0.0,0.9403903484344482,0.0,0.0,0.0596096701920032,0.0,0.9403903484344482,0.0,0.0,0.0596096701920032,0.0,0.9403903484344482,0.0,0.0,0.0596096701920032,0.0,0.9404111504554749,0.0,0.0,0.0595888867974281,0.0,0.94047349691391,0.0,0.0,0.0595265328884124,0.0,0.9402033090591432,0.0,0.0,0.0597967319190502,0.0,0.9403696060180664,0.0,0.0,0.0596304535865783,0.0,0.9404319524765016,0.0,0.0,0.059568103402853,0.0,0.9403903484344482,0.0,0.0,0.0596096701920032,0.0,0.9403280019760132,0.0,0.0,0.0596720241010189,0.0,0.9403903484344482,0.0,0.0,0.0596096701920032,0.0,0.9404111504554749,0.0,0.0,0.0595888867974281,0.0,0.9404526948928832,0.0,0.0,0.0595473162829875,0.0,0.9403903484344482,0.0,0.0,0.0596096701920032,0.0,0.9403280019760132,0.0,0.0,0.0596720241010189,0.0,0.9404526948928832,0.0,0.0,0.0595473162829875,0.0,0.9404111504554749,0.0,0.0,0.0595888867974281,0.0,0.9404111504554749,0.0,0.0,0.0595888867974281,0.0,0.9403903484344482,0.0,0.0,0.0596096701920032,0.0,0.9404111504554749,0.0,0.0,0.0595888867974281,0.0,0.9404526948928832,0.0,0.0,0.0595473162829875,0.0,0.9402033090591432,0.0,0.0,0.0597967319190502,0.0,0.9403488039970398,0.0,0.0,0.0596512407064437,0.0,0.9403696060180664,0.0,0.0,0.0596304535865783,0.0,0.9404319524765016,0.0,0.0,0.059568103402853,0.0,0.9404526948928832,0.0,0.0,0.0595473162829875,0.0,0.9403696060180664,0.0,0.0,0.0596304535865783,0.0,0.6910606622695923,0.0202855784446001,0.0229667667299509,0.2650634944438934,0.0006235321052372,0.6734978556632996,0.0203479323536157,0.0224055871367454,0.2834161221981048,0.0003325504658278,0.6668260097503662,0.0232993178069591,0.0256687384098768,0.2837486863136291,0.0004572568868752,0.6431317925453186,0.0100596519187092,0.0133851561695337,0.3332363367080688,0.0001870596315711,0.6631056070327759,0.0252530518919229,0.028079729527235,0.2828965187072754,0.0006651009316556,0.6767609715461731,0.0219275467097759,0.0244424585253,0.2764118015766144,0.0004572568868752,0.6658284068107605,0.0134059404954314,0.0165651701390743,0.3037640750408172,0.000436472473666,0.6537110805511475,0.0121173076331615,0.0157961472868919,0.3181884288787842,0.0001870596315711,0.6415314078330994,0.0083345463499426,0.0118263261392712,0.3379544019699096,0.0003533348790369,0.7072309255599976,0.0300958175212144,0.0337330885231494,0.228482961654663,0.0004572568868752,0.6432565450668335,0.0167522300034761,0.0217820554971694,0.3177519738674164,0.0004572568868752,0.6502400636672974,0.014507514424622,0.0172510556876659,0.3177935481071472,0.0002078440447803,0.6842017769813538,0.0250244233757257,0.0295969918370246,0.2606572210788727,0.0005196101265028,0.6615883708000183,0.0156090874224901,0.0205557756125926,0.3020181655883789,0.0002286284434376,0.6529212594032288,0.0191632211208343,0.0225718636065721,0.3049072027206421,0.000436472473666,0.6563506722450256,0.0170432105660438,0.0198491066694259,0.306362122297287,0.0003949036763515,0.6921206712722778,0.0232577472925186,0.026209132745862,0.257955253124237,0.0004572568868752,0.6648099422454834,0.0219898987561464,0.0246918722987175,0.2879263460636139,0.0005819633370265,0.6629601120948792,0.0179161559790372,0.0195581242442131,0.2990875840187073,0.0004780413000844,0.7253757119178772,0.026313055306673,0.029222872108221,0.218589574098587,0.0004988256841897,0.7010371685028076,0.0206804815679788,0.0240267720073461,0.253673642873764,0.0005819633370265,0.6713985800743103,0.0175420362502336,0.0203271470963954,0.2902542054653168,0.0004780413000844,0.642196536064148,0.0147153576835989,0.0179785098880529,0.3247147500514984,0.0003949036763515,0.6882131695747375,0.021636564284563,0.0248373635113239,0.2648348808288574,0.0004780413000844,0.656828761100769,0.0131149590015411,0.0175212528556585,0.3122233152389526,0.0003117660526186,0.66483074426651,0.0178745873272418,0.0204726383090019,0.2964271605014801,0.0003949036763515,0.6515910625457764,0.0108078904449939,0.0135930003598332,0.323613166809082,0.0003949036763515,0.6455012559890747,0.0156506560742855,0.0194334182888269,0.319102942943573,0.0003117660526186,0.6392658948898315,0.0093529820442199,0.0115561289712786,0.3395963907241821,0.0002286284434376,0.6605283617973328,0.018643610179424286,0.02186519280076027,0.29863032698631287,0.0003325504658278078
103,0.936275064945221,0.0,0.0,0.0637249797582626,0.0,0.9363789558410645,0.0,0.0,0.0636210590600967,0.0,0.936337411403656,0.0,0.0,0.0636626332998275,0.0,0.9363582134246826,0.0,0.0,0.0636418461799621,0.0,0.9363582134246826,0.0,0.0,0.0636418461799621,0.0,0.9363582134246826,0.0,0.0,0.0636418461799621,0.0,0.9363789558410645,0.0,0.0,0.0636210590600967,0.0,0.9364413022994996,0.0,0.0,0.063558705151081,0.0,0.9361711144447328,0.0,0.0,0.0638289079070091,0.0,0.936337411403656,0.0,0.0,0.0636626332998275,0.0,0.9363997578620912,0.0,0.0,0.0636002793908119,0.0,0.9363582134246826,0.0,0.0,0.0636418461799621,0.0,0.9362958073616028,0.0,0.0,0.0637042000889778,0.0,0.9363582134246826,0.0,0.0,0.0636418461799621,0.0,0.9363789558410645,0.0,0.0,0.0636210590600967,0.0,0.9364205598831176,0.0,0.0,0.0635794922709465,0.0,0.9363582134246826,0.0,0.0,0.0636418461799621,0.0,0.9362958073616028,0.0,0.0,0.0637042000889778,0.0,0.9364205598831176,0.0,0.0,0.0635794922709465,0.0,0.9363789558410645,0.0,0.0,0.0636210590600967,0.0,0.9363789558410645,0.0,0.0,0.0636210590600967,0.0,0.9363582134246826,0.0,0.0,0.0636418461799621,0.0,0.9363789558410645,0.0,0.0,0.0636210590600967,0.0,0.9364205598831176,0.0,0.0,0.0635794922709465,0.0,0.9361711144447328,0.0,0.0,0.0638289079070091,0.0,0.9363166093826294,0.0,0.0,0.0636834129691124,0.0,0.936337411403656,0.0,0.0,0.0636626332998275,0.0,0.9363997578620912,0.0,0.0,0.0636002793908119,0.0,0.9364205598831176,0.0,0.0,0.0635794922709465,0.0,0.936337411403656,0.0,0.0,0.0636626332998275,0.0,0.6816245317459106,0.0207428354769945,0.022987550124526,0.2740215957164764,0.0006235321052372,0.663874626159668,0.0203479323536157,0.0231538265943527,0.2922495007514953,0.0003741192631423,0.6564338207244873,0.0222393125295639,0.0277471803128719,0.2930808961391449,0.0004988256841897,0.635940432548523,0.0104129863902926,0.0135514317080378,0.3398873507976532,0.0002078440447803,0.652713418006897,0.02496206946671,0.0281005147844553,0.2935381531715393,0.0006858853157609,0.6673456430435181,0.0216781329363584,0.0250036381185054,0.2854737937450409,0.0004988256841897,0.6581381559371948,0.0133851561695337,0.0170432105660438,0.3109762668609619,0.0004572568868752,0.6466028094291687,0.0120549546554684,0.0154012432321906,0.3257539570331573,0.0001870596315711,0.635046660900116,0.0087710181251168,0.0115353446453809,0.3442936539649963,0.0003533348790369,0.6945316195487976,0.0311350375413894,0.0343774035573005,0.2393739819526672,0.0005819633370265,0.6347557306289673,0.0175836067646741,0.0209506787359714,0.3262320160865783,0.0004780413000844,0.6432565450668335,0.0131565276533365,0.0184981189668178,0.3248602449893951,0.0002286284434376,0.673477053642273,0.0252114813774824,0.0299087576568126,0.2707792222499847,0.0006235321052372,0.6528797149658203,0.0164612475782632,0.0200777351856231,0.3103319406509399,0.0002494128420948,0.6441918015480042,0.0188306700438261,0.0225926470011472,0.3139484226703644,0.000436472473666,0.647808313369751,0.0175004675984382,0.0193918496370315,0.314904510974884,0.0003949036763515,0.6816453337669373,0.0242969691753387,0.0266871750354766,0.2669133245944977,0.0004572568868752,0.6551452279090881,0.0215534269809722,0.0254401098936796,0.297237753868103,0.0006235321052372,0.6545424461364746,0.0177083127200603,0.0196412615478038,0.3076091706752777,0.0004988256841897,0.7133830785751343,0.0275809038430452,0.0304491519927978,0.2280672639608383,0.0005196101265028,0.690312385559082,0.0221353899687528,0.0246087349951267,0.262319952249527,0.0006235321052372,0.6610479950904846,0.0191216524690389,0.0208883266896009,0.2984432578086853,0.0004988256841897,0.6345062851905823,0.0146945733577013,0.0179577246308326,0.3324465453624725,0.0003949036763515,0.6785691976547241,0.0206389129161834,0.0265209004282951,0.2737513780593872,0.0005196101265028,0.6481824517250061,0.0136553533375263,0.0180408619344234,0.3197680711746216,0.0003533348790369,0.6554985642433167,0.0188722386956214,0.0204102843999862,0.3048032820224762,0.0004156880895607,0.6442957520484924,0.0111404405906796,0.0138424132019281,0.3303265273571014,0.0003949036763515,0.6373745203018188,0.0158792845904827,0.0191008672118186,0.3273127973079681,0.0003325504658278,0.6328227519989014,0.0091451378539204,0.0118886791169643,0.3458524942398071,0.0002909816685132,0.6517157554626465,0.01858125813305378,0.021906761452555656,0.3074013292789459,0.00039490367635153234
104,0.9347370266914368,0.0,0.0,0.0652630254626274,0.0,0.9348409175872804,0.0,0.0,0.0651591047644615,0.0,0.9347993731498718,0.0,0.0,0.0652006790041923,0.0,0.9348201155662536,0.0,0.0,0.0651798918843269,0.0,0.9348201155662536,0.0,0.0,0.0651798918843269,0.0,0.9348201155662536,0.0,0.0,0.0651798918843269,0.0,0.9348409175872804,0.0,0.0,0.0651591047644615,0.0,0.9349032640457152,0.0,0.0,0.0650967508554458,0.0,0.9346330761909484,0.0,0.0,0.0653669536113739,0.0,0.9347993731498718,0.0,0.0,0.0652006790041923,0.0,0.9348617196083068,0.0,0.0,0.0651383250951767,0.0,0.9348201155662536,0.0,0.0,0.0651798918843269,0.0,0.9347577691078186,0.0,0.0,0.0652422457933425,0.0,0.9348201155662536,0.0,0.0,0.0651798918843269,0.0,0.9348409175872804,0.0,0.0,0.0651591047644615,0.0,0.9348825216293336,0.0,0.0,0.0651175379753112,0.0,0.9348201155662536,0.0,0.0,0.0651798918843269,0.0,0.9347577691078186,0.0,0.0,0.0652422457933425,0.0,0.9348825216293336,0.0,0.0,0.0651175379753112,0.0,0.9348409175872804,0.0,0.0,0.0651591047644615,0.0,0.9348409175872804,0.0,0.0,0.0651591047644615,0.0,0.9348201155662536,0.0,0.0,0.0651798918843269,0.0,0.9348409175872804,0.0,0.0,0.0651591047644615,0.0,0.9348825216293336,0.0,0.0,0.0651175379753112,0.0,0.9346330761909484,0.0,0.0,0.0653669536113739,0.0,0.9347785711288452,0.0,0.0,0.0652214586734771,0.0,0.9347993731498718,0.0,0.0,0.0652006790041923,0.0,0.9348617196083068,0.0,0.0,0.0651383250951767,0.0,0.9348825216293336,0.0,0.0,0.0651175379753112,0.0,0.9347993731498718,0.0,0.0,0.0652006790041923,0.0,0.6754515767097473,0.0205142069607973,0.0229459814727306,0.2804647386074066,0.0006235321052372,0.6573691368103027,0.0204310696572065,0.0231122579425573,0.2987134456634521,0.0003741192631423,0.6490345597267151,0.0229459814727306,0.0279134549200534,0.2995656132698059,0.0005403945106081,0.6320952773094177,0.0105376932770013,0.013052606023848,0.3441065847873688,0.0002078440447803,0.6453973054885864,0.024130692705512,0.0289734601974487,0.3007918894290924,0.0007066697580739,0.6606946587562561,0.0215326435863971,0.024546381086111,0.2927275598049164,0.0004988256841897,0.6534616947174072,0.0129694677889347,0.0169808585196733,0.3161307871341705,0.0004572568868752,0.6423004269599915,0.0115769132971763,0.015131046064198,0.3308045864105224,0.0001870596315711,0.6308690309524536,0.0090204309672117,0.0111612249165773,0.348575234413147,0.0003741192631423,0.6853033900260925,0.0315922945737838,0.0348762311041355,0.247625395655632,0.0006027477211318,0.629497230052948,0.0171263497322797,0.0201608724892139,0.332737535238266,0.0004780413000844,0.6385800242424011,0.0126784862950444,0.0175420362502336,0.3309708535671234,0.0002286284434376,0.6660154461860657,0.0247957948595285,0.0306362118571996,0.2779082655906677,0.0006443165475502,0.647413432598114,0.0161079131066799,0.0200569499284029,0.3161723613739013,0.0002494128420948,0.6381019949913025,0.0181032158434391,0.023715004324913,0.3196225762367248,0.0004572568868752,0.6428824067115784,0.0166690926998853,0.0193710643798112,0.3206617832183838,0.0004156880895607,0.6737680435180664,0.0250244233757257,0.0271236468106508,0.2735851109027862,0.0004988256841897,0.6482863426208496,0.0218651928007602,0.025689523667097,0.3034730851650238,0.0006858853157609,0.6487436294555664,0.0171055644750595,0.0201193038374185,0.3135327398777008,0.0004988256841897,0.7049238681793213,0.0281212981790304,0.0307817030698061,0.2356535792350769,0.0005196101265028,0.6826845407485962,0.0229044128209352,0.0248373635113239,0.2689293920993805,0.0006443165475502,0.6559142470359802,0.0184981189668178,0.0200153812766075,0.305073469877243,0.0004988256841897,0.6296427249908447,0.0141957476735115,0.0175212528556585,0.3382453918457031,0.0003949036763515,0.6706295609474182,0.0219691153615713,0.0257726609706878,0.2811090648174286,0.0005196101265028,0.6434643864631653,0.0140710417181253,0.0175004675984382,0.3245900273323059,0.0003741192631423,0.6493255496025085,0.0188930239528417,0.0209714639931917,0.3103735148906708,0.000436472473666,0.6400765180587769,0.0117431879043579,0.0130110373720526,0.3347536027431488,0.0004156880895607,0.6320952773094177,0.0154220275580883,0.0188930239528417,0.3332571387290954,0.0003325504658278,0.6286450624465942,0.0095608262345194,0.0114522064104676,0.3500509262084961,0.0002909816685132,0.6455428004264832,0.018082432448863983,0.02186519280076027,0.31411468982696533,0.00039490367635153234
105,0.934529185295105,0.0,0.0,0.0654708743095398,0.0,0.9346330761909484,0.0,0.0,0.0653669536113739,0.0,0.93459153175354,0.0,0.0,0.0654085204005241,0.0,0.934612274169922,0.0,0.0,0.0653877332806587,0.0,0.934612274169922,0.0,0.0,0.0653877332806587,0.0,0.934612274169922,0.0,0.0,0.0653877332806587,0.0,0.9346330761909484,0.0,0.0,0.0653669536113739,0.0,0.9346954226493835,0.0,0.0,0.0653045997023582,0.0,0.9344252347946168,0.0,0.0,0.0655747950077056,0.0,0.93459153175354,0.0,0.0,0.0654085204005241,0.0,0.9346538782119752,0.0,0.0,0.0653461664915084,0.0,0.934612274169922,0.0,0.0,0.0653877332806587,0.0,0.9345499277114868,0.0,0.0,0.0654500871896743,0.0,0.934612274169922,0.0,0.0,0.0653877332806587,0.0,0.9346330761909484,0.0,0.0,0.0653669536113739,0.0,0.9346746802330016,0.0,0.0,0.065325379371643,0.0,0.934612274169922,0.0,0.0,0.0653877332806587,0.0,0.9345499277114868,0.0,0.0,0.0654500871896743,0.0,0.9346746802330016,0.0,0.0,0.065325379371643,0.0,0.9346330761909484,0.0,0.0,0.0653669536113739,0.0,0.9346330761909484,0.0,0.0,0.0653669536113739,0.0,0.934612274169922,0.0,0.0,0.0653877332806587,0.0,0.9346330761909484,0.0,0.0,0.0653669536113739,0.0,0.9346746802330016,0.0,0.0,0.065325379371643,0.0,0.9344252347946168,0.0,0.0,0.0655747950077056,0.0,0.9345707297325134,0.0,0.0,0.0654293075203895,0.0,0.93459153175354,0.0,0.0,0.0654085204005241,0.0,0.9346538782119752,0.0,0.0,0.0653461664915084,0.0,0.9346746802330016,0.0,0.0,0.065325379371643,0.0,0.93459153175354,0.0,0.0,0.0654085204005241,0.0,0.6698813438415527,0.0199945960193872,0.0242969691753387,0.285203605890274,0.0006235321052372,0.6525055766105652,0.0195165555924177,0.0242969691753387,0.3033068180084228,0.0003741192631423,0.6425914168357849,0.0237981434911489,0.0280589461326599,0.305011123418808,0.0005403945106081,0.6286866664886475,0.0108910277485847,0.0128447618335485,0.3473697602748871,0.0002078440447803,0.6394321918487549,0.0240059867501258,0.0294099319726228,0.3064452409744262,0.0007066697580739,0.6546671390533447,0.0216989181935787,0.0247126556932926,0.2984224855899811,0.0004988256841897,0.6495333909988403,0.0133228031918406,0.0166690926998853,0.3200174570083618,0.0004572568868752,0.638850212097168,0.0118886791169643,0.0149439861997962,0.3341300785541534,0.0001870596315711,0.6280215382575989,0.0096439635381102,0.011182009242475,0.3507784008979797,0.0003741192631423,0.6764699816703796,0.032756220549345,0.0352295637130737,0.2549414932727813,0.0006027477211318,0.625943124294281,0.0153388902544975,0.021220875903964,0.3370191156864166,0.0004780413000844,0.6349219679832458,0.0127200549468398,0.0174588989466428,0.3346704840660095,0.0002286284434376,0.6586369872093201,0.0262507032603025,0.0296177752315998,0.2848502695560455,0.0006443165475502,0.6424667239189148,0.0170224271714687,0.0200985185801982,0.3201629519462585,0.0002494128420948,0.6329474449157715,0.0186643954366445,0.0227381382137537,0.325192779302597,0.0004572568868752,0.6391412019729614,0.0158377159386873,0.0192879270762205,0.3253175020217895,0.0004156880895607,0.6677613258361816,0.0247126556932926,0.0269989408552646,0.2800282835960388,0.0004988256841897,0.6424043774604797,0.0221353899687528,0.025585601106286,0.3091887831687927,0.0006858853157609,0.6437137722969055,0.01768752746284,0.0200777351856231,0.3180221617221832,0.0004988256841897,0.6962983012199402,0.0297009143978357,0.0307401344180107,0.242741048336029,0.0005196101265028,0.6763244867324829,0.0240475554019212,0.0244008898735046,0.2745827734470367,0.0006443165475502,0.6508012413978577,0.0191008672118186,0.0201400872319936,0.3094590008258819,0.0004988256841897,0.6247168183326721,0.0155883030965924,0.0176251754164695,0.3416748046875,0.0003949036763515,0.6647267937660217,0.0228004921227693,0.0254401098936796,0.2865130007266998,0.0005196101265028,0.6398478746414185,0.0147361429408192,0.0164404641836881,0.3286014199256897,0.0003741192631423,0.6442126035690308,0.0194334182888269,0.0209506787359714,0.3149668574333191,0.000436472473666,0.6369380354881287,0.0115769132971763,0.0132396649569273,0.3378089070320129,0.000436472473666,0.6281670331954956,0.0150686930865049,0.0188722386956214,0.3375595211982727,0.0003325504658278,0.6261093616485596,0.0094776879996061,0.0115769132971763,0.3525450527667999,0.0002909816685132,0.6406168937683105,0.018248707056045532,0.022052252665162086,0.3186872601509094,0.00039490367635153234
106,0.9327001571655272,0.0,0.0,0.0672999024391174,0.0,0.9328040480613708,0.0,0.0,0.0671959817409515,0.0,0.9327625036239624,0.0,0.0,0.0672375485301017,0.0,0.9327832460403442,0.0,0.0,0.0672167614102363,0.0,0.9327832460403442,0.0,0.0,0.0672167614102363,0.0,0.9327832460403442,0.0,0.0,0.0672167614102363,0.0,0.9328040480613708,0.0,0.0,0.0671959817409515,0.0,0.932866394519806,0.0,0.0,0.0671336278319358,0.0,0.9325962066650392,0.0,0.0,0.0674038231372833,0.0,0.9327625036239624,0.0,0.0,0.0672375485301017,0.0,0.9328248500823976,0.0,0.0,0.0671751946210861,0.0,0.9327832460403442,0.0,0.0,0.0672167614102363,0.0,0.9327208995819092,0.0,0.0,0.067279115319252,0.0,0.9327832460403442,0.0,0.0,0.0672167614102363,0.0,0.9328040480613708,0.0,0.0,0.0671959817409515,0.0,0.932845652103424,0.0,0.0,0.0671544075012207,0.0,0.9327832460403442,0.0,0.0,0.0672167614102363,0.0,0.9327208995819092,0.0,0.0,0.067279115319252,0.0,0.932845652103424,0.0,0.0,0.0671544075012207,0.0,0.9328040480613708,0.0,0.0,0.0671959817409515,0.0,0.9328040480613708,0.0,0.0,0.0671959817409515,0.0,0.9327832460403442,0.0,0.0,0.0672167614102363,0.0,0.9328040480613708,0.0,0.0,0.0671959817409515,0.0,0.932845652103424,0.0,0.0,0.0671544075012207,0.0,0.9325962066650392,0.0,0.0,0.0674038231372833,0.0,0.9327417016029358,0.0,0.0,0.0672583281993866,0.0,0.9327625036239624,0.0,0.0,0.0672375485301017,0.0,0.9328248500823976,0.0,0.0,0.0671751946210861,0.0,0.932845652103424,0.0,0.0,0.0671544075012207,0.0,0.9327625036239624,0.0,0.0,0.0672375485301017,0.0,0.6625652313232422,0.0208883266896009,0.0247542262077331,0.2911063730716705,0.0006858853157609,0.6444204449653625,0.0214702896773815,0.0246918722987175,0.3090017437934875,0.0004156880895607,0.6334670782089233,0.0257518775761127,0.028495417907834,0.311745285987854,0.0005403945106081,0.6242387890815735,0.011285931803286,0.0124082891270518,0.3518591821193695,0.0002078440447803,0.631243109703064,0.0242554005235433,0.0304283667355775,0.3133664727210998,0.0007066697580739,0.6466236114501953,0.0225302949547767,0.0259389355778694,0.3044083714485168,0.0004988256841897,0.6440879106521606,0.0141333946958184,0.0161286983639001,0.3251720070838928,0.0004780413000844,0.6338619589805603,0.0122420135885477,0.015193399041891,0.3384948074817657,0.0002078440447803,0.6237607598304749,0.0101635735481977,0.0105792619287967,0.3551223278045654,0.0003741192631423,0.6663479804992676,0.033275831490755,0.036809179931879,0.2629435062408447,0.0006235321052372,0.6196454167366028,0.0160039905458688,0.0214910730719566,0.342381477355957,0.0004780413000844,0.6287698149681091,0.0138631975278258,0.0179577246308326,0.3391806781291961,0.0002286284434376,0.6500738263130188,0.0265209004282951,0.0303867980837821,0.292332649230957,0.0006858853157609,0.6365016102790833,0.0174796842038631,0.0195789095014333,0.3261696398258209,0.000270197255304,0.6259639263153076,0.0193502809852361,0.0231122579425573,0.3311163485050201,0.0004572568868752,0.6329267024993896,0.015816930681467,0.0202647931873798,0.3305551707744598,0.000436472473666,0.6591358184814453,0.0253777578473091,0.0278095323592424,0.287178099155426,0.0004988256841897,0.6341737508773804,0.0230291206389665,0.0266040377318859,0.3154864609241485,0.0007066697580739,0.6376239657402039,0.0177290961146354,0.0212000925093889,0.3229480683803558,0.0004988256841897,0.6856774687767029,0.0320911183953285,0.0317170023918151,0.2499740272760391,0.0005403945106081,0.6687174439430237,0.0247126556932926,0.0252322666347026,0.280693382024765,0.0006443165475502,0.6441294550895691,0.0196620468050241,0.0206389129161834,0.315070778131485,0.0004988256841897,0.6196454167366028,0.0149439861997962,0.0179369412362575,0.347057968378067,0.0004156880895607,0.6563299298286438,0.0242761839181184,0.0265624690800905,0.2923118472099304,0.0005196101265028,0.6347764730453491,0.0144451605156064,0.0168353673070669,0.3335689008235931,0.0003741192631423,0.6370419859886169,0.020181655883789,0.0216573495417833,0.3206617832183838,0.0004572568868752,0.6326149106025696,0.0113690691068768,0.0133851561695337,0.3421944379806518,0.000436472473666,0.6215991973876953,0.0162949729710817,0.0193087123334407,0.3424646258354187,0.0003325504658278,0.6220564246177673,0.0096023948863148,0.0116600506007671,0.3563694059848785,0.0003117660526186,0.6346933245658875,0.018227921798825264,0.022821275517344475,0.3238210082054138,0.0004364724736660719
107,0.9302060008049012,0.0,0.0,0.0697940289974212,0.0,0.9303099513053894,0.0,0.0,0.0696901082992553,0.0,0.9302683472633362,0.0,0.0,0.0697316750884056,0.0,0.9302891492843628,0.0,0.0,0.0697108879685401,0.0,0.9302891492843628,0.0,0.0,0.0697108879685401,0.0,0.9302891492843628,0.0,0.0,0.0697108879685401,0.0,0.9303099513053894,0.0,0.0,0.0696901082992553,0.0,0.9303722977638244,0.0,0.0,0.0696277543902397,0.0,0.9301021099090576,0.0,0.0,0.0698979496955871,0.0,0.9302683472633362,0.0,0.0,0.0697316750884056,0.0,0.9303306937217712,0.0,0.0,0.0696693211793899,0.0,0.9302891492843628,0.0,0.0,0.0697108879685401,0.0,0.9302268028259276,0.0,0.0,0.0697732418775558,0.0,0.9302891492843628,0.0,0.0,0.0697108879685401,0.0,0.9303099513053894,0.0,0.0,0.0696901082992553,0.0,0.930351495742798,0.0,0.0,0.0696485415101051,0.0,0.9302891492843628,0.0,0.0,0.0697108879685401,0.0,0.9302268028259276,0.0,0.0,0.0697732418775558,0.0,0.930351495742798,0.0,0.0,0.0696485415101051,0.0,0.9303099513053894,0.0,0.0,0.0696901082992553,0.0,0.9303099513053894,0.0,0.0,0.0696901082992553,0.0,0.9302891492843628,0.0,0.0,0.0697108879685401,0.0,0.9303099513053894,0.0,0.0,0.0696901082992553,0.0,0.930351495742798,0.0,0.0,0.0696485415101051,0.0,0.9301021099090576,0.0,0.0,0.0698979496955871,0.0,0.9302475452423096,0.0,0.0,0.069752462208271,0.0,0.9302683472633362,0.0,0.0,0.0697316750884056,0.0,0.9303306937217712,0.0,0.0,0.0696693211793899,0.0,0.930351495742798,0.0,0.0,0.0696485415101051,0.0,0.9302683472633362,0.0,0.0,0.0697316750884056,0.0,0.6536487340927124,0.0219067614525556,0.025689523667097,0.2980275750160217,0.0007274541421793,0.6361274719238281,0.0216781329363584,0.0259389355778694,0.3157982230186462,0.0004572568868752,0.6251948475837708,0.025169912725687,0.0296593438833951,0.319414734840393,0.0005611788947135,0.619687020778656,0.0101843578740954,0.0132188806310296,0.3567019402980804,0.0002078440447803,0.6218485832214355,0.0247957948595285,0.0316130779683589,0.3209735453128814,0.0007690229685977,0.6381643414497375,0.0231122579425573,0.0273107066750526,0.3108931183815002,0.0005196101265028,0.6381227970123291,0.0139463348314166,0.0170639958232641,0.3303888738155365,0.0004780413000844,0.6277098059654236,0.0128239775076508,0.015193399041891,0.3440442383289337,0.0002286284434376,0.6190634965896606,0.0099141607061028,0.0107871061190962,0.3598611652851105,0.0003741192631423,0.6549789309501648,0.0334836766123771,0.0387629121541976,0.2721094191074371,0.0006651009316556,0.6131399273872375,0.015546734444797,0.021220875903964,0.3496144711971283,0.0004780413000844,0.6229709386825562,0.0142165319994091,0.0174588989466428,0.3451042473316192,0.0002494128420948,0.6405545473098755,0.0268534496426582,0.0317170023918151,0.3001475930213928,0.0007274541421793,0.6300376653671265,0.0167730133980512,0.0202855784446001,0.3326128125190735,0.0002909816685132,0.6185438632965088,0.0195789095014333,0.0238604955375194,0.3375387191772461,0.0004780413000844,0.6253403425216675,0.0163988955318927,0.0215534269809722,0.3362708687782287,0.000436472473666,0.6485357880592346,0.02704050950706,0.0297009143978357,0.2942032516002655,0.0005196101265028,0.6254650950431824,0.0236110836267471,0.0276224724948406,0.3225947320461273,0.0007066697580739,0.6305156946182251,0.0179577246308326,0.0223016664385795,0.3286845684051513,0.0005403945106081,0.6748072504997253,0.0325068086385726,0.0342734828591346,0.2578305304050445,0.0005819633370265,0.6604452133178711,0.0237981434911489,0.0273730605840683,0.2877392768859863,0.0006443165475502,0.637104332447052,0.0178745873272418,0.0238604955375194,0.3206617832183838,0.0004988256841897,0.6126618981361389,0.0157753620296716,0.0183734130114316,0.3527528941631317,0.000436472473666,0.6478291153907776,0.0246710870414972,0.0272483546286821,0.2996903359889984,0.0005611788947135,0.628790557384491,0.0133228031918406,0.0177290961146354,0.3397626578807831,0.0003949036763515,0.6302247047424316,0.0192047897726297,0.0231746099889278,0.3269386887550354,0.0004572568868752,0.6271693706512451,0.0110573032870888,0.0140710417181253,0.3472658097743988,0.000436472473666,0.6152806878089905,0.0160247758030891,0.0197451841086149,0.3485960364341736,0.0003533348790369,0.6172968149185181,0.0094569036737084,0.0117639731615781,0.3611705899238586,0.0003117660526186,0.6276266574859619,0.018020078539848328,0.023424023762345314,0.33045125007629395,0.0004780413000844419
108,0.9272130727767944,0.0,0.0,0.0727869868278503,0.0,0.927316963672638,0.0,0.0,0.0726830586791038,0.0,0.9272754192352296,0.0,0.0,0.0727246329188346,0.0,0.9272961616516112,0.0,0.0,0.0727038457989692,0.0,0.9272961616516112,0.0,0.0,0.0727038457989692,0.0,0.9272961616516112,0.0,0.0,0.0727038457989692,0.0,0.927316963672638,0.0,0.0,0.0726830586791038,0.0,0.927379310131073,0.0,0.0,0.0726207047700882,0.0,0.9271091222763062,0.0,0.0,0.0728909075260162,0.0,0.9272754192352296,0.0,0.0,0.0727246329188346,0.0,0.9273377656936646,0.0,0.0,0.072662279009819,0.0,0.9272961616516112,0.0,0.0,0.0727038457989692,0.0,0.9272338151931764,0.0,0.0,0.0727661997079849,0.0,0.9272961616516112,0.0,0.0,0.0727038457989692,0.0,0.927316963672638,0.0,0.0,0.0726830586791038,0.0,0.9273585677146912,0.0,0.0,0.0726414918899536,0.0,0.9272961616516112,0.0,0.0,0.0727038457989692,0.0,0.9272338151931764,0.0,0.0,0.0727661997079849,0.0,0.9273585677146912,0.0,0.0,0.0726414918899536,0.0,0.927316963672638,0.0,0.0,0.0726830586791038,0.0,0.927316963672638,0.0,0.0,0.0726830586791038,0.0,0.9272961616516112,0.0,0.0,0.0727038457989692,0.0,0.927316963672638,0.0,0.0,0.0726830586791038,0.0,0.9273585677146912,0.0,0.0,0.0726414918899536,0.0,0.9271091222763062,0.0,0.0,0.0728909075260162,0.0,0.9272546172142028,0.0,0.0,0.0727454125881195,0.0,0.9272754192352296,0.0,0.0,0.0727246329188346,0.0,0.9273377656936646,0.0,0.0,0.072662279009819,0.0,0.9273585677146912,0.0,0.0,0.0726414918899536,0.0,0.9272754192352296,0.0,0.0,0.0727246329188346,0.0,0.6451894640922546,0.0227381382137537,0.0253777578473091,0.3058840632438659,0.0008105917368084,0.6279383897781372,0.0219067614525556,0.0253154039382934,0.3243821859359741,0.0004572568868752,0.6155509352684021,0.0259597208350896,0.0281005147844553,0.3297653496265411,0.0006235321052372,0.6140128374099731,0.010558477602899,0.0127200549468398,0.3624800145626068,0.0002286284434376,0.6113108992576599,0.0265624690800905,0.0307401344180107,0.3305967450141907,0.000789807352703,0.6295180320739746,0.0236526522785425,0.0267910975962877,0.3194978535175323,0.0005403945106081,0.6305364966392517,0.0154012432321906,0.0165236014872789,0.3370606899261474,0.0004780413000844,0.6215160489082336,0.0132604502141475,0.01481928024441,0.3501756489276886,0.0002286284434376,0.6137426495552063,0.0096023948863148,0.0114106377586722,0.3648494184017181,0.0003949036763515,0.6431525945663452,0.0346268154680728,0.0388252660632133,0.2827094793319702,0.0006858853157609,0.6050339937210083,0.0169392898678779,0.0213040150701999,0.3562239110469818,0.0004988256841897,0.6158418655395508,0.0152141833677887,0.0162949729710817,0.3523580133914947,0.0002909816685132,0.6298713684082031,0.0286201238632202,0.0311350375413894,0.3096044957637787,0.0007690229685977,0.6222019195556641,0.01768752746284,0.0203895010054111,0.3394093215465545,0.0003117660526186,0.6104171872138977,0.0201608724892139,0.0233824551105499,0.3455199301242828,0.0005196101265028,0.617172122001648,0.0181863531470298,0.0208883266896009,0.3432544469833374,0.0004988256841897,0.6377071142196655,0.0285369865596294,0.0306362118571996,0.3026001453399658,0.0005196101265028,0.6158626675605774,0.0248997155576944,0.0268742348998785,0.3316359519958496,0.0007274541421793,0.6225552558898926,0.0186643954366445,0.0219691153615713,0.3362292945384979,0.0005819633370265,0.6633965969085693,0.0340032838284969,0.0345021113753318,0.2674121558666229,0.0006858853157609,0.6503024101257324,0.024858146905899,0.0282252207398414,0.2959283590316772,0.0006858853157609,0.6284995675086975,0.0198906753212213,0.0227173529565334,0.3283520042896271,0.0005403945106081,0.6056991219520569,0.0164196789264678,0.0180200785398483,0.3593623340129852,0.0004988256841897,0.638205885887146,0.0248997155576944,0.02704050950706,0.3091680109500885,0.0006858853157609,0.621495246887207,0.0144451605156064,0.0168353673070669,0.3467877805233001,0.000436472473666,0.6219732761383057,0.0198283214122056,0.023507161065936,0.3342132270336151,0.0004780413000844,0.6212042570114136,0.0113482847809791,0.0138216288760304,0.3531893789768219,0.000436472473666,0.6086920499801636,0.0158792845904827,0.0196204781532287,0.3554548919200897,0.0003533348790369,0.611373245716095,0.0097478851675987,0.0117847574874758,0.3667615950107574,0.0003325504658278,0.6192297339439392,0.018789101392030716,0.02321617864072323,0.3382038176059723,0.000561178894713521
109,0.9239083528518676,0.0,0.0,0.0760917067527771,0.0,0.9240122437477112,0.0,0.0,0.0759877786040306,0.0,0.9239706993103028,0.0,0.0,0.0760293528437614,0.0,0.9239914417266846,0.0,0.0,0.076008565723896,0.0,0.9239914417266846,0.0,0.0,0.076008565723896,0.0,0.9239914417266846,0.0,0.0,0.076008565723896,0.0,0.9240122437477112,0.0,0.0,0.0759877786040306,0.0,0.9240745902061462,0.0,0.0,0.0759254246950149,0.0,0.9238044023513794,0.0,0.0,0.076195627450943,0.0,0.9239706993103028,0.0,0.0,0.0760293528437614,0.0,0.9240330457687378,0.0,0.0,0.0759669989347457,0.0,0.9239914417266846,0.0,0.0,0.076008565723896,0.0,0.9239290952682496,0.0,0.0,0.0760709196329116,0.0,0.9239914417266846,0.0,0.0,0.076008565723896,0.0,0.9240122437477112,0.0,0.0,0.0759877786040306,0.0,0.9240538477897644,0.0,0.0,0.0759462118148803,0.0,0.9239914417266846,0.0,0.0,0.076008565723896,0.0,0.9239290952682496,0.0,0.0,0.0760709196329116,0.0,0.9240538477897644,0.0,0.0,0.0759462118148803,0.0,0.9240122437477112,0.0,0.0,0.0759877786040306,0.0,0.9240122437477112,0.0,0.0,0.0759877786040306,0.0,0.9239914417266846,0.0,0.0,0.076008565723896,0.0,0.9240122437477112,0.0,0.0,0.0759877786040306,0.0,0.9240538477897644,0.0,0.0,0.0759462118148803,0.0,0.9238044023513794,0.0,0.0,0.076195627450943,0.0,0.923949897289276,0.0,0.0,0.0760501325130462,0.0,0.9239706993103028,0.0,0.0,0.0760293528437614,0.0,0.9240330457687378,0.0,0.0,0.0759669989347457,0.0,0.9240538477897644,0.0,0.0,0.0759462118148803,0.0,0.9239706993103028,0.0,0.0,0.0760293528437614,0.0,0.6361066699028015,0.0231538265943527,0.0258765835314989,0.3139899969100952,0.0008729449473321,0.6187725067138672,0.0231122579425573,0.0250867754220962,0.3325712382793426,0.0004572568868752,0.6057614684104919,0.026209132745862,0.0291813034564256,0.338120698928833,0.0007274541421793,0.6084010601043701,0.0096647478640079,0.0137384915724396,0.3679462969303131,0.0002494128420948,0.6016877293586731,0.0271236468106508,0.0298879723995924,0.3405109047889709,0.000789807352703,0.6206430792808533,0.023403238505125,0.027352275326848,0.3280402421951294,0.0005611788947135,0.6232827305793762,0.0156298726797103,0.0166898760944604,0.3439195454120636,0.0004780413000844,0.6149066090583801,0.0133228031918406,0.01481928024441,0.3567019402980804,0.0002494128420948,0.6078398823738098,0.0095608262345194,0.0116600506007671,0.3705235719680786,0.0004156880895607,0.6307650804519653,0.0350840725004673,0.0402178205549716,0.2931848168373108,0.0007482385262846,0.5977386832237244,0.0175836067646741,0.0204726383090019,0.3637062907218933,0.0004988256841897,0.6092324256896973,0.0150686930865049,0.0161286983639001,0.3592792153358459,0.0002909816685132,0.619042694568634,0.0289734601974487,0.0319664143025875,0.3192276656627655,0.000789807352703,0.6137011051177979,0.0181447844952344,0.0208467580378055,0.3469748497009277,0.0003325504658278,0.6018955707550049,0.0204310696572065,0.0230499040335416,0.3540831208229065,0.0005403945106081,0.6103132367134094,0.0182071384042501,0.0202024411410093,0.3507160246372223,0.0005611788947135,0.6270031332969666,0.0301373861730098,0.0308232717216014,0.3114542961120605,0.0005819633370265,0.6067591309547424,0.0250244233757257,0.0275393351912498,0.3399497270584106,0.0007274541421793,0.6142830848693848,0.0188098866492509,0.0219275467097759,0.344376802444458,0.0006027477211318,0.6527965664863586,0.0328809283673763,0.0365389809012413,0.2770353257656097,0.0007482385262846,0.6388294696807861,0.0268742348998785,0.0290565975010395,0.3045330941677093,0.0007066697580739,0.6199780106544495,0.0202024411410093,0.023403238505125,0.3358759582042694,0.0005403945106081,0.5988402366638184,0.0152557529509067,0.0189138073474168,0.3664914071559906,0.0004988256841897,0.6282501816749573,0.0258557982742786,0.027664041146636,0.3174817860126495,0.0007482385262846,0.614075243473053,0.0151518303900957,0.0174796842038631,0.3528568148612976,0.000436472473666,0.6137426495552063,0.0198491066694259,0.0237981434911489,0.3420905172824859,0.0005196101265028,0.6151352524757385,0.011182009242475,0.0146737890318036,0.3585725426673889,0.000436472473666,0.6007939577102661,0.0167522300034761,0.019142435863614,0.3629580438137054,0.0003533348790369,0.6059485077857971,0.0095400419086217,0.0118886791169643,0.3722902536392212,0.0003325504658278,0.6104795336723328,0.019516555592417717,0.022800492122769356,0.34655916690826416,0.000644316547550261
110,0.9183796644210817,0.0,0.0,0.0816203579306602,0.0,0.9184836149215698,0.0,0.0,0.0815164297819137,0.0,0.9184420108795166,0.0,0.0,0.0815580040216445,0.0,0.9184628129005432,0.0,0.0,0.0815372169017791,0.0,0.9184628129005432,0.0,0.0,0.0815372169017791,0.0,0.9184628129005432,0.0,0.0,0.0815372169017791,0.0,0.9184836149215698,0.0,0.0,0.0815164297819137,0.0,0.9185459613800048,0.0,0.0,0.0814540833234787,0.0,0.918275773525238,0.0,0.0,0.0817242786288261,0.0,0.9184420108795166,0.0,0.0,0.0815580040216445,0.0,0.9185043573379515,0.0,0.0,0.0814956501126289,0.0,0.9184628129005432,0.0,0.0,0.0815372169017791,0.0,0.9184004664421082,0.0,0.0,0.0815995708107948,0.0,0.9184628129005432,0.0,0.0,0.0815372169017791,0.0,0.9184836149215698,0.0,0.0,0.0815164297819137,0.0,0.9185251593589784,0.0,0.0,0.0814748629927635,0.0,0.9184628129005432,0.0,0.0,0.0815372169017791,0.0,0.9184004664421082,0.0,0.0,0.0815995708107948,0.0,0.9185251593589784,0.0,0.0,0.0814748629927635,0.0,0.9184836149215698,0.0,0.0,0.0815164297819137,0.0,0.9184836149215698,0.0,0.0,0.0815164297819137,0.0,0.9184628129005432,0.0,0.0,0.0815372169017791,0.0,0.9184836149215698,0.0,0.0,0.0815164297819137,0.0,0.9185251593589784,0.0,0.0,0.0814748629927635,0.0,0.918275773525238,0.0,0.0,0.0817242786288261,0.0,0.9184212684631348,0.0,0.0,0.0815787836909294,0.0,0.9184420108795166,0.0,0.0,0.0815580040216445,0.0,0.9185043573379515,0.0,0.0,0.0814956501126289,0.0,0.9185251593589784,0.0,0.0,0.0814748629927635,0.0,0.9184420108795166,0.0,0.0,0.0815580040216445,0.0,0.6245505809783936,0.0236942209303379,0.025481678545475,0.3253382742404938,0.0009352981578558,0.6075073480606079,0.0225926470011472,0.0257726609706878,0.3436285555362701,0.0004988256841897,0.5935194492340088,0.0256271697580814,0.031093468889594,0.3489701449871063,0.000789807352703,0.5996508598327637,0.0102674951776862,0.0135098630562424,0.3763224184513092,0.0002494128420948,0.5897367000579834,0.0271860007196664,0.030366014689207,0.3519007563591003,0.0008105917368084,0.6094610691070557,0.0228420607745647,0.0279134549200534,0.3391391336917877,0.0006443165475502,0.6142830848693848,0.0154843814671039,0.0169392898678779,0.3527944684028625,0.0004988256841897,0.6054912805557251,0.0140502573922276,0.0150479087606072,0.3651404082775116,0.000270197255304,0.599172830581665,0.0102674951776862,0.0120757389813661,0.3780682981014251,0.0004156880895607,0.6155093312263489,0.0365181975066661,0.0410491973161697,0.3061750531196594,0.0007482385262846,0.5874296426773071,0.0178953725844621,0.0198075380176305,0.3743478953838348,0.0005196101265028,0.6002327799797058,0.0142165319994091,0.0170432105660438,0.3681749403476715,0.0003325504658278,0.6064888834953308,0.0292644407600164,0.0329848490655422,0.3304096758365631,0.0008521605632267,0.6034544110298157,0.018726747483015,0.0211585238575935,0.3562862575054168,0.0003741192631423,0.5911292433738708,0.0205142069607973,0.023818926885724,0.3639557063579559,0.0005819633370265,0.600856363773346,0.0177498813718557,0.0202232245355844,0.3605886399745941,0.0005819633370265,0.614927351474762,0.0298879723995924,0.0315091572701931,0.3230519890785217,0.0006235321052372,0.5951821804046631,0.0246710870414972,0.0285369865596294,0.3508823215961456,0.0007274541421793,0.6036829948425293,0.0196204781532287,0.021948330104351,0.3540831208229065,0.0006651009316556,0.6379356980323792,0.0334213227033615,0.0384927168488502,0.2893604636192322,0.000789807352703,0.6258184313774109,0.0285785552114248,0.0298256203532218,0.3150084316730499,0.0007690229685977,0.6090869903564453,0.0207220502197742,0.0239436328411102,0.3456446528434753,0.0006027477211318,0.5891755223274231,0.0161494817584753,0.0188306700438261,0.3753247559070587,0.0005196101265028,0.6153638362884521,0.0266456063836812,0.0293683633208274,0.3278116285800934,0.0008105917368084,0.604472815990448,0.0159832071512937,0.0179785098880529,0.361087441444397,0.0004780413000844,0.602020263671875,0.0207012668251991,0.0247750096023082,0.3519423007965088,0.0005611788947135,0.6064265370368958,0.0118678947910666,0.0140710417181253,0.3671565055847168,0.0004780413000844,0.5913370847702026,0.0159416384994983,0.0198075380176305,0.3725396692752838,0.0003741192631423,0.5978010296821594,0.0099349450320005,0.0117016192525625,0.3802091181278229,0.0003533348790369,0.5995261073112488,0.020846758037805557,0.022343235090374947,0.35659801959991455,0.0006858853157609701
111,0.917506754398346,0.0,0.0,0.0824932977557182,0.0,0.9176106452941896,0.0,0.0,0.0823893770575523,0.0,0.917569100856781,0.0,0.0,0.0824309438467025,0.0,0.9175898432731628,0.0,0.0,0.0824101641774177,0.0,0.9175898432731628,0.0,0.0,0.0824101641774177,0.0,0.9175898432731628,0.0,0.0,0.0824101641774177,0.0,0.9176106452941896,0.0,0.0,0.0823893770575523,0.0,0.9176729917526244,0.0,0.0,0.0823270231485366,0.0,0.9174028038978576,0.0,0.0,0.0825972184538841,0.0,0.917569100856781,0.0,0.0,0.0824309438467025,0.0,0.917631447315216,0.0,0.0,0.0823685899376869,0.0,0.9175898432731628,0.0,0.0,0.0824101641774177,0.0,0.9175274968147278,0.0,0.0,0.0824725180864334,0.0,0.9175898432731628,0.0,0.0,0.0824101641774177,0.0,0.9176106452941896,0.0,0.0,0.0823893770575523,0.0,0.9176522493362428,0.0,0.0,0.0823478102684021,0.0,0.9175898432731628,0.0,0.0,0.0824101641774177,0.0,0.9175274968147278,0.0,0.0,0.0824725180864334,0.0,0.9176522493362428,0.0,0.0,0.0823478102684021,0.0,0.9176106452941896,0.0,0.0,0.0823893770575523,0.0,0.9176106452941896,0.0,0.0,0.0823893770575523,0.0,0.9175898432731628,0.0,0.0,0.0824101641774177,0.0,0.9176106452941896,0.0,0.0,0.0823893770575523,0.0,0.9176522493362428,0.0,0.0,0.0823478102684021,0.0,0.9174028038978576,0.0,0.0,0.0825972184538841,0.0,0.9175482988357544,0.0,0.0,0.082451730966568,0.0,0.917569100856781,0.0,0.0,0.0824309438467025,0.0,0.917631447315216,0.0,0.0,0.0823685899376869,0.0,0.9176522493362428,0.0,0.0,0.0823478102684021,0.0,0.917569100856781,0.0,0.0,0.0824309438467025,0.0,0.6184399724006653,0.0225095096975564,0.0273107066750526,0.3308045864105224,0.0009352981578558,0.6005653738975525,0.0228628441691398,0.0272691380232572,0.3488038778305053,0.0004988256841897,0.5868892073631287,0.0256063863635063,0.0315299406647682,0.3551846742630005,0.000789807352703,0.5957018136978149,0.011285931803286,0.0133435875177383,0.3794192969799042,0.0002494128420948,0.5830649137496948,0.0260844267904758,0.0311558209359645,0.3588843047618866,0.0008105917368084,0.6015214323997498,0.0239436328411102,0.028495417907834,0.3453952372074127,0.0006443165475502,0.6096481680870056,0.0157753620296716,0.0176043901592493,0.3564733266830444,0.0004988256841897,0.601313591003418,0.0136969219893217,0.0159000698477029,0.3688192367553711,0.000270197255304,0.5952237844467163,0.0111404405906796,0.0123667204752564,0.3808534145355224,0.0004156880895607,0.6048677563667297,0.0374119281768798,0.0421507731080055,0.3148213624954223,0.0007482385262846,0.582150399684906,0.0182902757078409,0.0200153812766075,0.3790036141872406,0.0005403945106081,0.5958057045936584,0.014465944841504,0.0171679183840751,0.3722279071807861,0.0003325504658278,0.5985908508300781,0.0292644407600164,0.0335460267961025,0.3377257883548736,0.0008729449473321,0.5982790589332581,0.0190592985600233,0.0214495044201612,0.3608172535896301,0.0003949036763515,0.5856837034225464,0.0201608724892139,0.0242761839181184,0.3692972958087921,0.0005819633370265,0.5962006449699402,0.0164404641836881,0.020909110084176,0.3658678531646728,0.0005819633370265,0.6066136360168457,0.029222872108221,0.0334836766123771,0.3300355672836303,0.0006443165475502,0.5884895920753479,0.0242761839181184,0.0292436573654413,0.3572631180286407,0.0007274541421793,0.597572386264801,0.0202440097928047,0.0223432350903749,0.35917529463768,0.0006651009316556,0.6277305483818054,0.0343774035573005,0.0404672361910343,0.2966350018978119,0.000789807352703,0.6174630522727966,0.0302828773856163,0.0304907206445932,0.3209943473339081,0.0007690229685977,0.6027061343193054,0.0216989181935787,0.0241930466145277,0.3507991731166839,0.0006027477211318,0.5840625166893005,0.0159000698477029,0.0194334182888269,0.3800636231899261,0.0005403945106081,0.6067175269126892,0.0284122806042432,0.0302828773856163,0.3337559700012207,0.0008313761791214,0.5991104245185852,0.0169808585196733,0.0179369412362575,0.3654729723930359,0.0004988256841897,0.5962006449699402,0.021324798464775,0.0245048124343156,0.3574086129665375,0.0005611788947135,0.6028308272361755,0.0116392662748694,0.0143204545602202,0.3706898391246795,0.0005196101265028,0.5862241387367249,0.0163573268800973,0.0201193038374185,0.3769251704216003,0.0003741192631423,0.5938727855682373,0.0107247522100806,0.0118678947910666,0.3831812739372253,0.0003533348790369,0.5939143300056458,0.021013032644987106,0.022800492122769356,0.3615862727165222,0.0006858853157609701
112,0.917319655418396,0.0,0.0,0.0826803594827652,0.0,0.9174236059188844,0.0,0.0,0.0825764387845993,0.0,0.917382001876831,0.0,0.0,0.0826180055737495,0.0,0.9174028038978576,0.0,0.0,0.0825972184538841,0.0,0.9174028038978576,0.0,0.0,0.0825972184538841,0.0,0.9174028038978576,0.0,0.0,0.0825972184538841,0.0,0.9174236059188844,0.0,0.0,0.0825764387845993,0.0,0.9174859523773192,0.0,0.0,0.0825140848755836,0.0,0.9172157645225524,0.0,0.0,0.082784280180931,0.0,0.917382001876831,0.0,0.0,0.0826180055737495,0.0,0.9174444079399108,0.0,0.0,0.0825556516647338,0.0,0.9174028038978576,0.0,0.0,0.0825972184538841,0.0,0.9173404574394226,0.0,0.0,0.0826595723628997,0.0,0.9174028038978576,0.0,0.0,0.0825972184538841,0.0,0.9174236059188844,0.0,0.0,0.0825764387845993,0.0,0.9174651503562928,0.0,0.0,0.082534871995449,0.0,0.9174028038978576,0.0,0.0,0.0825972184538841,0.0,0.9173404574394226,0.0,0.0,0.0826595723628997,0.0,0.9174651503562928,0.0,0.0,0.082534871995449,0.0,0.9174236059188844,0.0,0.0,0.0825764387845993,0.0,0.9174236059188844,0.0,0.0,0.0825764387845993,0.0,0.9174028038978576,0.0,0.0,0.0825972184538841,0.0,0.9174236059188844,0.0,0.0,0.0825764387845993,0.0,0.9174651503562928,0.0,0.0,0.082534871995449,0.0,0.9172157645225524,0.0,0.0,0.082784280180931,0.0,0.9173612594604492,0.0,0.0,0.0826387926936149,0.0,0.917382001876831,0.0,0.0,0.0826180055737495,0.0,0.9174444079399108,0.0,0.0,0.0825556516647338,0.0,0.9174651503562928,0.0,0.0,0.082534871995449,0.0,0.917382001876831,0.0,0.0,0.0826180055737495,0.0,0.6149481534957886,0.0203479323536157,0.0273730605840683,0.3363955914974212,0.0009352981578558,0.5972190499305725,0.0208259727805852,0.0268742348998785,0.3545819222927093,0.0004988256841897,0.5834597945213318,0.0221977438777685,0.031820923089981,0.3617317676544189,0.000789807352703,0.5936649441719055,0.010454555042088,0.0128655461594462,0.3827655911445617,0.0002494128420948,0.5792821049690247,0.0221353899687528,0.0323405340313911,0.365431398153305,0.0008105917368084,0.5986947417259216,0.0209298953413963,0.0287656150758266,0.3509654402732849,0.0006443165475502,0.6074033975601196,0.0132396649569273,0.0185396876186132,0.3603184223175049,0.0004988256841897,0.5992559194564819,0.0123667204752564,0.0160247758030891,0.3720824122428894,0.000270197255304,0.5938104391098022,0.0100388675928115,0.0122420135885477,0.383493036031723,0.0004156880895607,0.6003575325012207,0.0329017117619514,0.042317047715187,0.3236755132675171,0.0007482385262846,0.5795315504074097,0.0156090874224901,0.0206596981734037,0.3836385309696197,0.0005611788947135,0.5936649441719055,0.0122835831716656,0.0183526296168565,0.3753663301467895,0.0003325504658278,0.594600260257721,0.0253777578473091,0.0345436781644821,0.344605416059494,0.0008729449473321,0.5954523682594299,0.0168561525642871,0.0216157808899879,0.3656808137893677,0.0003949036763515,0.583002507686615,0.0175212528556585,0.0247126556932926,0.3741816282272339,0.0005819633370265,0.593062162399292,0.0142165319994091,0.0215742122381925,0.3705651462078094,0.0005819633370265,0.6019787192344666,0.0258350148797035,0.0348762311041355,0.3366657793521881,0.0006443165475502,0.5847899913787842,0.0211793072521686,0.0302205234766006,0.3630619645118713,0.0007482385262846,0.5942053198814392,0.0184565503150224,0.0229251980781555,0.3637478649616241,0.0006651009316556,0.6223266124725342,0.0311766061931848,0.0409244932234287,0.304782509803772,0.000789807352703,0.6139297485351562,0.0264793299138546,0.0309479776769876,0.3278739750385284,0.0007690229685977,0.5999002456665039,0.0187059640884399,0.0234863758087158,0.3573046922683716,0.0006027477211318,0.5816723108291626,0.0141333946958184,0.0197451841086149,0.3839087188243866,0.0005403945106081,0.6032049655914307,0.0251075606793165,0.031301312148571,0.3395548164844513,0.0008313761791214,0.5974684953689575,0.0141333946958184,0.0176251754164695,0.370274156332016,0.0004988256841897,0.5934363007545471,0.0186436101794242,0.0244632437825202,0.3628956973552704,0.0005611788947135,0.6008355617523193,0.0104753393679857,0.0140294730663299,0.374140053987503,0.0005196101265028,0.583958625793457,0.0148400645703077,0.0196204781532287,0.381206750869751,0.0003741192631423,0.5925009846687317,0.0089788623154163,0.0123875048011541,0.385779321193695,0.0003533348790369,0.5913578867912292,0.01797850988805294,0.023424023762345314,0.36655375361442566,0.0006858853157609701
113,0.9156569242477416,0.0,0.0,0.0843431130051612,0.0,0.91576087474823,0.0,0.0,0.0842391923069953,0.0,0.9157192707061768,0.0,0.0,0.0842807590961456,0.0,0.9157400727272034,0.0,0.0,0.0842599719762802,0.0,0.9157400727272034,0.0,0.0,0.0842599719762802,0.0,0.9157400727272034,0.0,0.0,0.0842599719762802,0.0,0.91576087474823,0.0,0.0,0.0842391923069953,0.0,0.915823221206665,0.0,0.0,0.0841768383979797,0.0,0.9155529737472534,0.0,0.0,0.0844470337033271,0.0,0.9157192707061768,0.0,0.0,0.0842807590961456,0.0,0.9157816171646118,0.0,0.0,0.0842184051871299,0.0,0.9157400727272034,0.0,0.0,0.0842599719762802,0.0,0.9156777262687684,0.0,0.0,0.0843223258852958,0.0,0.9157400727272034,0.0,0.0,0.0842599719762802,0.0,0.91576087474823,0.0,0.0,0.0842391923069953,0.0,0.9158024191856384,0.0,0.0,0.0841976180672645,0.0,0.9157400727272034,0.0,0.0,0.0842599719762802,0.0,0.9156777262687684,0.0,0.0,0.0843223258852958,0.0,0.9158024191856384,0.0,0.0,0.0841976180672645,0.0,0.91576087474823,0.0,0.0,0.0842391923069953,0.0,0.91576087474823,0.0,0.0,0.0842391923069953,0.0,0.9157400727272034,0.0,0.0,0.0842599719762802,0.0,0.91576087474823,0.0,0.0,0.0842391923069953,0.0,0.9158024191856384,0.0,0.0,0.0841976180672645,0.0,0.9155529737472534,0.0,0.0,0.0844470337033271,0.0,0.91569846868515,0.0,0.0,0.084301546216011,0.0,0.9157192707061768,0.0,0.0,0.0842807590961456,0.0,0.9157816171646118,0.0,0.0,0.0842184051871299,0.0,0.9158024191856384,0.0,0.0,0.0841976180672645,0.0,0.9157192707061768,0.0,0.0,0.0842807590961456,0.0,0.6099183559417725,0.0179369412362575,0.0285162031650543,0.3426932692527771,0.0009352981578558,0.5926464796066284,0.0178745873272418,0.027767963707447,0.3611705899238586,0.0005403945106081,0.5780558586120605,0.019454201683402,0.032444454729557,0.3692557215690613,0.000789807352703,0.5905888676643372,0.0095608262345194,0.0128655461594462,0.3867354094982147,0.0002494128420948,0.5741276144981384,0.0193087123334407,0.0328809283673763,0.3728722035884857,0.0008105917368084,0.5942053198814392,0.0181863531470298,0.029222872108221,0.3577411770820617,0.0006443165475502,0.6032673120498657,0.0117639731615781,0.0193502809852361,0.3651196360588074,0.0004988256841897,0.5954316258430481,0.0112235778942704,0.0165651701390743,0.3765094876289367,0.000270197255304,0.5909005999565125,0.008687880821526,0.0122004449367523,0.3877746164798736,0.000436472473666,0.5938935875892639,0.0286201238632202,0.0437096022069454,0.3329869508743286,0.000789807352703,0.5756864547729492,0.0138008445501327,0.0209298953413963,0.3890216946601867,0.0005611788947135,0.5900484323501587,0.0109325964003801,0.0185189042240381,0.380167543888092,0.0003325504658278,0.5889884233474731,0.0218028407543897,0.0361440777778625,0.3521917164325714,0.0008729449473321,0.5913370847702026,0.0141126103699207,0.0228836294263601,0.3712718188762665,0.0003949036763515,0.5786170363426208,0.0150271244347095,0.0253777578473091,0.3803753852844238,0.0006027477211318,0.5889884233474731,0.0130733903497457,0.0217404868453741,0.3756157457828522,0.0005819633370265,0.5965123772621155,0.0222393125295639,0.0359362363815307,0.3446677625179291,0.0006443165475502,0.5795107483863831,0.0189969446510076,0.0306985657662153,0.37004554271698,0.0007482385262846,0.590214729309082,0.015816930681467,0.0236318670213222,0.3696714043617248,0.0006651009316556,0.6154261827468872,0.02911894954741,0.041298609226942,0.3133664727210998,0.000789807352703,0.6091700792312622,0.0214079357683658,0.0330264195799827,0.3355849981307983,0.0008105917368084,0.5959928035736084,0.0157337933778762,0.0251075606793165,0.3625631332397461,0.0006027477211318,0.5778687596321106,0.0127200549468398,0.0199738126248121,0.3888969719409942,0.0005403945106081,0.5980088710784912,0.0219898987561464,0.0315507240593433,0.3476191461086273,0.0008313761791214,0.5933531522750854,0.0124706421047449,0.0185604728758335,0.3751169145107269,0.0004988256841897,0.5890923738479614,0.0163988955318927,0.0247542262077331,0.3691933751106262,0.0005611788947135,0.597572386264801,0.0093114133924245,0.0141126103699207,0.3784840106964111,0.0005196101265028,0.5800511240959167,0.0124914264306426,0.0204726383090019,0.3866106867790222,0.0003741192631423,0.5895704030990601,0.0081267021596431,0.0118678947910666,0.3900609016418457,0.0003741192631423,0.5869308114051819,0.01529732160270214,0.02423461526632309,0.3728306293487549,0.0007066697580739856
114,0.9140565395355223,0.0,0.0,0.0859435126185417,0.0,0.914160430431366,0.0,0.0,0.0858395919203758,0.0,0.9141188859939576,0.0,0.0,0.085881158709526,0.0,0.914139688014984,0.0,0.0,0.0858603715896606,0.0,0.914139688014984,0.0,0.0,0.0858603715896606,0.0,0.914139688014984,0.0,0.0,0.0858603715896606,0.0,0.914160430431366,0.0,0.0,0.0858395919203758,0.0,0.914222776889801,0.0,0.0,0.0857772380113601,0.0,0.9139525890350342,0.0,0.0,0.0860474333167076,0.0,0.9141188859939576,0.0,0.0,0.085881158709526,0.0,0.9141812324523926,0.0,0.0,0.0858188048005104,0.0,0.914139688014984,0.0,0.0,0.0858603715896606,0.0,0.9140772819519044,0.0,0.0,0.0859227254986763,0.0,0.914139688014984,0.0,0.0,0.0858603715896606,0.0,0.914160430431366,0.0,0.0,0.0858395919203758,0.0,0.9142020344734192,0.0,0.0,0.0857980176806449,0.0,0.914139688014984,0.0,0.0,0.0858603715896606,0.0,0.9140772819519044,0.0,0.0,0.0859227254986763,0.0,0.9142020344734192,0.0,0.0,0.0857980176806449,0.0,0.914160430431366,0.0,0.0,0.0858395919203758,0.0,0.914160430431366,0.0,0.0,0.0858395919203758,0.0,0.914139688014984,0.0,0.0,0.0858603715896606,0.0,0.914160430431366,0.0,0.0,0.0858395919203758,0.0,0.9142020344734192,0.0,0.0,0.0857980176806449,0.0,0.9139525890350342,0.0,0.0,0.0860474333167076,0.0,0.9140980839729308,0.0,0.0,0.0859019458293914,0.0,0.9141188859939576,0.0,0.0,0.085881158709526,0.0,0.9141812324523926,0.0,0.0,0.0858188048005104,0.0,0.9142020344734192,0.0,0.0,0.0857980176806449,0.0,0.9141188859939576,0.0,0.0,0.085881158709526,0.0,0.6050547957420349,0.0151726147159934,0.0291813034564256,0.3496560156345367,0.0009352981578558,0.588157057762146,0.0150271244347095,0.0288487523794174,0.3674266934394836,0.0005403945106081,0.5731299519538879,0.0160663444548845,0.0329224951565265,0.377070665359497,0.0008105917368084,0.5878660678863525,0.0074616009369492,0.0128863304853439,0.3915365934371948,0.0002494128420948,0.5688067674636841,0.0166067387908697,0.0335460267961025,0.3802298903465271,0.0008105917368084,0.5894665122032166,0.0156714413315057,0.0290565975010395,0.3651612102985382,0.0006443165475502,0.5995469093322754,0.0104129863902926,0.0191008672118186,0.3704404234886169,0.0004988256841897,0.591503381729126,0.0096647478640079,0.0172094870358705,0.3813522458076477,0.000270197255304,0.5877205729484558,0.0071290507912635,0.0126992706209421,0.3920146524906158,0.000436472473666,0.5867021679878235,0.0244840271770954,0.0448111742734909,0.3431920707225799,0.0008105917368084,0.5721114873886108,0.0109949493780732,0.02236401848495,0.3939476013183594,0.0005819633370265,0.5861825346946716,0.009727100841701,0.0185396876186132,0.3852181434631347,0.0003325504658278,0.5823582410812378,0.0198075380176305,0.0359985865652561,0.3609627485275268,0.0008729449473321,0.5871178507804871,0.012013386003673,0.0228628441691398,0.3776110410690307,0.0003949036763515,0.5746887922286987,0.0121173076331615,0.0256687384098768,0.3868809044361114,0.0006443165475502,0.584415853023529,0.0121173076331615,0.0221353899687528,0.3807494938373565,0.0005819633370265,0.5906304121017456,0.0199738126248121,0.0366844721138477,0.352046251296997,0.0006651009316556,0.5743978023529053,0.0164612475782632,0.0310726836323738,0.3773200809955597,0.0007482385262846,0.5862033367156982,0.0131565276533365,0.0238812807947397,0.3760730028152466,0.0006858853157609,0.6091700792312622,0.0244424585253,0.0422131232917308,0.3233637511730194,0.0008105917368084,0.6032465696334839,0.0182487070560455,0.0343566201627254,0.3433375656604767,0.0008105917368084,0.5915449261665344,0.0132188806310296,0.0255648177117109,0.3690686523914337,0.0006027477211318,0.5746471881866455,0.0102051421999931,0.0193918496370315,0.3952154517173767,0.0005403945106081,0.5931245684623718,0.0179161559790372,0.0332134775817394,0.3549144864082336,0.0008313761791214,0.5895496010780334,0.0106000462546944,0.0192255731672048,0.3800843954086303,0.0005403945106081,0.5842703580856323,0.0134267248213291,0.0260428581386804,0.3756988942623138,0.0005611788947135,0.5942676663398743,0.0078357206657528,0.0143620232120156,0.3830150067806244,0.0005196101265028,0.5759566426277161,0.0110573032870888,0.0206804815679788,0.3919315040111542,0.0003741192631423,0.5863072276115417,0.0071706194430589,0.0121588762849569,0.3939891755580902,0.0003741192631423,0.5823582410812378,0.012844761833548546,0.024941284209489822,0.37914910912513733,0.0007066697580739856
115,0.9128302335739136,0.0,0.0,0.0871697887778282,0.0,0.912934184074402,0.0,0.0,0.0870658680796623,0.0,0.9128925800323486,0.0,0.0,0.0871074348688125,0.0,0.9129133820533752,0.0,0.0,0.0870866551995277,0.0,0.9129133820533752,0.0,0.0,0.0870866551995277,0.0,0.9129133820533752,0.0,0.0,0.0870866551995277,0.0,0.912934184074402,0.0,0.0,0.0870658680796623,0.0,0.9129965305328368,0.0,0.0,0.0870035141706466,0.0,0.91272634267807,0.0,0.0,0.0872737094759941,0.0,0.9128925800323486,0.0,0.0,0.0871074348688125,0.0,0.9129549264907836,0.0,0.0,0.0870450809597969,0.0,0.9129133820533752,0.0,0.0,0.0870866551995277,0.0,0.9128510355949402,0.0,0.0,0.0871490091085434,0.0,0.9129133820533752,0.0,0.0,0.0870866551995277,0.0,0.912934184074402,0.0,0.0,0.0870658680796623,0.0,0.9129757285118104,0.0,0.0,0.087024301290512,0.0,0.9129133820533752,0.0,0.0,0.0870866551995277,0.0,0.9128510355949402,0.0,0.0,0.0871490091085434,0.0,0.9129757285118104,0.0,0.0,0.087024301290512,0.0,0.912934184074402,0.0,0.0,0.0870658680796623,0.0,0.912934184074402,0.0,0.0,0.0870658680796623,0.0,0.9129133820533752,0.0,0.0,0.0870866551995277,0.0,0.912934184074402,0.0,0.0,0.0870658680796623,0.0,0.9129757285118104,0.0,0.0,0.087024301290512,0.0,0.91272634267807,0.0,0.0,0.0872737094759941,0.0,0.9128718376159668,0.0,0.0,0.0871282219886779,0.0,0.9128925800323486,0.0,0.0,0.0871074348688125,0.0,0.9129549264907836,0.0,0.0,0.0870450809597969,0.0,0.9129757285118104,0.0,0.0,0.087024301290512,0.0,0.9128925800323486,0.0,0.0,0.0871074348688125,0.0,0.6002951860427856,0.0134682934731245,0.0289318896830081,0.3563694059848785,0.0009352981578558,0.5830856561660767,0.0128031931817531,0.0286616925150156,0.3748674988746643,0.0005819633370265,0.5685365796089172,0.013676137663424,0.0313844494521617,0.3855922520160675,0.0008105917368084,0.5851225256919861,0.0059027709066867,0.0133435875177383,0.3953817188739776,0.0002494128420948,0.5644420385360718,0.0139463348314166,0.0329848490655422,0.3878161907196045,0.0008105917368084,0.5854758620262146,0.0113690691068768,0.0299087576568126,0.3726020157337188,0.0006443165475502,0.5958681106567383,0.009103569202125,0.0192463584244251,0.3752832114696502,0.0004988256841897,0.5886143445968628,0.0080227795988321,0.0173549782484769,0.3857377469539642,0.000270197255304,0.5850186347961426,0.0055286516435444,0.0133435875177383,0.3956727087497711,0.000436472473666,0.5810695886611938,0.0191216524690389,0.0462868697941303,0.3526905477046966,0.0008313761791214,0.5684950351715088,0.0089788623154163,0.0223016664385795,0.3996425271034241,0.0005819633370265,0.5832727551460266,0.0078565049916505,0.0177706647664308,0.3907675743103027,0.0003325504658278,0.5772244930267334,0.0166898760944604,0.0362895689904689,0.3689023852348327,0.0008937293896451,0.5837715864181519,0.009831023402512,0.0230291206389665,0.3829734325408935,0.0003949036763515,0.5709475874900818,0.0100596519187092,0.0250867754220962,0.3932617008686065,0.0006443165475502,0.5809240937232971,0.0106000462546944,0.0215326435863971,0.386361300945282,0.0005819633370265,0.5855382084846497,0.0163988955318927,0.0373287908732891,0.360048234462738,0.0006858853157609,0.5701162219047546,0.0136969219893217,0.0304907206445932,0.3849271535873413,0.0007690229685977,0.5825244784355164,0.0103714177384972,0.024858146905899,0.3815600872039795,0.0006858853157609,0.6035791039466858,0.0194749869406223,0.042753517627716,0.3333818316459656,0.0008105917368084,0.5979049801826477,0.0148816332221031,0.0360609404742717,0.3503419160842895,0.0008105917368084,0.5875543355941772,0.0104753393679857,0.0262299180030822,0.3751169145107269,0.0006235321052372,0.5709059834480286,0.0084800366312265,0.0203895010054111,0.3996841013431549,0.0005403945106081,0.5889884233474731,0.013052606023848,0.0344189740717411,0.3626878559589386,0.0008521605632267,0.5859123468399048,0.0085216052830219,0.0204726383090019,0.3845530450344085,0.0005403945106081,0.5793444514274597,0.0121796606108546,0.0256479550153017,0.3822251856327057,0.0006027477211318,0.5913578867912292,0.0067965001799166,0.0145906517282128,0.3867354094982147,0.0005196101265028,0.5729221105575562,0.0086255278438329,0.020181655883789,0.3978966176509857,0.0003741192631423,0.5829609632492065,0.0062353210523724,0.0129902521148324,0.3974393606185913,0.0003741192631423,0.5791366100311279,0.010101220570504665,0.02558560110628605,0.3844698965549469,0.0007066697580739856
116,0.9099204540252686,0.0,0.0,0.0900796055793762,0.0,0.910024344921112,0.0,0.0,0.0899756848812103,0.0,0.9099828004837036,0.0,0.0,0.0900172516703605,0.0,0.9100035429000854,0.0,0.0,0.0899964720010757,0.0,0.9100035429000854,0.0,0.0,0.0899964720010757,0.0,0.9100035429000854,0.0,0.0,0.0899964720010757,0.0,0.910024344921112,0.0,0.0,0.0899756848812103,0.0,0.9100866913795472,0.0,0.0,0.0899133309721946,0.0,0.9098165035247804,0.0,0.0,0.0901835262775421,0.0,0.9099828004837036,0.0,0.0,0.0900172516703605,0.0,0.9100451469421388,0.0,0.0,0.0899548977613449,0.0,0.9100035429000854,0.0,0.0,0.0899964720010757,0.0,0.9099411964416504,0.0,0.0,0.0900588259100914,0.0,0.9100035429000854,0.0,0.0,0.0899964720010757,0.0,0.910024344921112,0.0,0.0,0.0899756848812103,0.0,0.9100658893585204,0.0,0.0,0.08993411809206,0.0,0.9100035429000854,0.0,0.0,0.0899964720010757,0.0,0.9099411964416504,0.0,0.0,0.0900588259100914,0.0,0.9100658893585204,0.0,0.0,0.08993411809206,0.0,0.910024344921112,0.0,0.0,0.0899756848812103,0.0,0.910024344921112,0.0,0.0,0.0899756848812103,0.0,0.9100035429000854,0.0,0.0,0.0899964720010757,0.0,0.910024344921112,0.0,0.0,0.0899756848812103,0.0,0.9100658893585204,0.0,0.0,0.08993411809206,0.0,0.9098165035247804,0.0,0.0,0.0901835262775421,0.0,0.909961998462677,0.0,0.0,0.0900380387902259,0.0,0.9099828004837036,0.0,0.0,0.0900172516703605,0.0,0.9100451469421388,0.0,0.0,0.0899548977613449,0.0,0.9100658893585204,0.0,0.0,0.08993411809206,0.0,0.9099828004837036,0.0,0.0,0.0900172516703605,0.0,0.5943716168403625,0.0131773119792342,0.0258142296224832,0.365660011768341,0.0009768670424818,0.5771205425262451,0.0126992706209421,0.0260220747441053,0.3835761845111847,0.0005819633370265,0.5617192983627319,0.0143412388861179,0.0288487523794174,0.3942177891731262,0.0008729449473321,0.5806331038475037,0.0056325737386941,0.0131357433274388,0.4003491997718811,0.0002494128420948,0.5579157471656799,0.0139671191573143,0.0296801291406154,0.3976264297962188,0.0008105917368084,0.5795107483863831,0.0117847574874758,0.0265832524746656,0.3814561665058136,0.0006651009316556,0.5910460948944092,0.0089580779895186,0.0178330186754465,0.3816640079021454,0.0004988256841897,0.5838754773139954,0.0079812109470367,0.0155675187706947,0.3923056423664093,0.000270197255304,0.5806539058685303,0.0057572801597416,0.0123667204752564,0.4007856547832489,0.000436472473666,0.573649525642395,0.0193087123334407,0.0417350828647613,0.3643921613693237,0.0009145137737505,0.5635067820549011,0.0086255278438329,0.0207220502197742,0.4065637290477752,0.0005819633370265,0.578284502029419,0.0079812109470367,0.0164196789264678,0.3969821333885193,0.0003325504658278,0.5708852410316467,0.0163157563656568,0.0330679863691329,0.3787957727909088,0.0009352981578558,0.578346848487854,0.0097063165158033,0.0216989181935787,0.3898530602455139,0.0003949036763515,0.5652734637260437,0.0103298490867018,0.0226550009101629,0.4010766446590423,0.0006651009316556,0.575707197189331,0.0099557293578982,0.0193918496370315,0.3943425118923187,0.0006027477211318,0.5785546898841858,0.0160247758030891,0.0336707346141338,0.3710639774799347,0.0006858853157609,0.5641718506813049,0.0132188806310296,0.0277887489646673,0.3940515220165252,0.0007690229685977,0.5769335031509399,0.0098725920543074,0.0234240237623453,0.3890840411186218,0.0006858853157609,0.5965123772621155,0.018414981663227,0.0395942889153957,0.3446469902992248,0.0008313761791214,0.5908797979354858,0.0156506560742855,0.0336291640996933,0.3590297996997833,0.0008105917368084,0.5816723108291626,0.0108286747708916,0.0243177525699138,0.38255774974823,0.0006235321052372,0.5659177303314209,0.0083553306758403,0.0181032158434391,0.4070625603199005,0.0005611788947135,0.5819425582885742,0.0138631975278258,0.0317377857863903,0.3715835809707641,0.0008729449473321,0.5804876089096069,0.0095816105604171,0.0184357669204473,0.3909338712692261,0.0005611788947135,0.5734209418296814,0.0126161333173513,0.0239020641893148,0.3894373774528503,0.0006235321052372,0.5865151286125183,0.006921206600964,0.0134475091472268,0.3925758302211761,0.0005403945106081,0.5677675604820251,0.008791803382337,0.0184357669204473,0.4045684337615967,0.000436472473666,0.5789703726768494,0.0061313994228839,0.011909463442862,0.4025939106941223,0.0003949036763515,0.5739197731018066,0.010038867592811584,0.023382455110549927,0.3919523060321808,0.0007066697580739856
117,0.908735692501068,0.0,0.0,0.0912643149495124,0.0,0.9088396430015564,0.0,0.0,0.0911603942513465,0.0,0.908798098564148,0.0,0.0,0.0912019684910774,0.0,0.9088188409805298,0.0,0.0,0.091181181371212,0.0,0.9088188409805298,0.0,0.0,0.091181181371212,0.0,0.9088188409805298,0.0,0.0,0.091181181371212,0.0,0.9088396430015564,0.0,0.0,0.0911603942513465,0.0,0.9089019894599916,0.0,0.0,0.0910980403423309,0.0,0.9086318016052246,0.0,0.0,0.0913682430982589,0.0,0.908798098564148,0.0,0.0,0.0912019684910774,0.0,0.908860445022583,0.0,0.0,0.0911396145820617,0.0,0.9088188409805298,0.0,0.0,0.091181181371212,0.0,0.9087564945220948,0.0,0.0,0.0912435352802276,0.0,0.9088188409805298,0.0,0.0,0.091181181371212,0.0,0.9088396430015564,0.0,0.0,0.0911603942513465,0.0,0.9088811874389648,0.0,0.0,0.0911188274621963,0.0,0.9088188409805298,0.0,0.0,0.091181181371212,0.0,0.9087564945220948,0.0,0.0,0.0912435352802276,0.0,0.9088811874389648,0.0,0.0,0.0911188274621963,0.0,0.9088396430015564,0.0,0.0,0.0911603942513465,0.0,0.9088396430015564,0.0,0.0,0.0911603942513465,0.0,0.9088188409805298,0.0,0.0,0.091181181371212,0.0,0.9088396430015564,0.0,0.0,0.0911603942513465,0.0,0.9088811874389648,0.0,0.0,0.0911188274621963,0.0,0.9086318016052246,0.0,0.0,0.0913682430982589,0.0,0.9087772965431212,0.0,0.0,0.0912227481603622,0.0,0.908798098564148,0.0,0.0,0.0912019684910774,0.0,0.908860445022583,0.0,0.0,0.0911396145820617,0.0,0.9088811874389648,0.0,0.0,0.0911188274621963,0.0,0.908798098564148,0.0,0.0,0.0912019684910774,0.0,0.5903810262680054,0.0126161333173513,0.023715004324913,0.3723110258579254,0.0009768670424818,0.5732961893081665,0.0124290734529495,0.0237357895821332,0.3899569809436798,0.0005819633370265,0.5572922229766846,0.0138424132019281,0.0259389355778694,0.4020535051822662,0.0008729449473321,0.578097403049469,0.0055702202953398,0.0118678947910666,0.4042150974273681,0.0002494128420948,0.5538628101348877,0.0133435875177383,0.0256271697580814,0.4063350856304168,0.0008313761791214,0.5759566426277161,0.0113275004550814,0.0237565729767084,0.3882942497730255,0.0006651009316556,0.5877829194068909,0.0085631748661398,0.0157130099833011,0.3874420821666717,0.0004988256841897,0.5808409452438354,0.0076694451272487,0.0145282987505197,0.3966911435127258,0.000270197255304,0.5780142545700073,0.0059651238843798,0.011285931803286,0.4042982161045074,0.000436472473666,0.5673518776893616,0.0196204781532287,0.0377029106020927,0.3743894696235657,0.0009352981578558,0.559578537940979,0.0091867065057158,0.0177914500236511,0.4128614068031311,0.0005819633370265,0.5752291679382324,0.0078980736434459,0.0142373172566294,0.4022821485996246,0.0003533348790369,0.5666452050209045,0.0154220275580883,0.029326794669032,0.3876706957817077,0.0009352981578558,0.5748134851455688,0.0096023948863148,0.0193087123334407,0.3958805501461029,0.0003949036763515,0.561781644821167,0.0099141607061028,0.0202440097928047,0.4073950946331024,0.0006651009316556,0.5726934671401978,0.0093737663701176,0.0166275240480899,0.4007025361061096,0.0006027477211318,0.5732546448707581,0.0163365416228771,0.02963856048882,0.3800843954086303,0.0006858853157609,0.5602020621299744,0.0123875048011541,0.0247957948595285,0.4018456637859344,0.0007690229685977,0.5735248327255249,0.0097686694934964,0.0207844041287899,0.3952362239360809,0.0006858853157609,0.5904225707054138,0.0180824324488639,0.0364142768085002,0.3542493879795074,0.0008313761791214,0.5855798125267029,0.0166690926998853,0.0295762065798044,0.3673643469810486,0.0008105917368084,0.5774738788604736,0.011597697623074,0.0209506787359714,0.3893334567546844,0.0006443165475502,0.5629663467407227,0.0079812109470367,0.0162741877138614,0.4122170805931091,0.0005611788947135,0.5775570273399353,0.0135306473821401,0.0286409091204404,0.3793985247611999,0.0008729449473321,0.5766425132751465,0.0097894547507166,0.0165859553962945,0.3964001536369324,0.0005819633370265,0.570033073425293,0.0121380919590592,0.021324798464775,0.3958805501461029,0.0006235321052372,0.5837299823760986,0.006921206600964,0.0120757389813661,0.3967327177524566,0.0005403945106081,0.5646083354949951,0.0085216052830219,0.0170847810804843,0.4093488454818725,0.000436472473666,0.5762683749198914,0.0063808122649788,0.0102467108517885,0.4066884219646454,0.0004156880895607,0.5702617168426514,0.009747885167598724,0.020742835476994514,0.3985409438610077,0.0007066697580739856
118,0.9086526036262512,0.0,0.0,0.0913474559783935,0.0,0.9087564945220948,0.0,0.0,0.0912435352802276,0.0,0.9087149500846864,0.0,0.0,0.0912851020693779,0.0,0.908735692501068,0.0,0.0,0.0912643149495124,0.0,0.908735692501068,0.0,0.0,0.0912643149495124,0.0,0.908735692501068,0.0,0.0,0.0912643149495124,0.0,0.9087564945220948,0.0,0.0,0.0912435352802276,0.0,0.9088188409805298,0.0,0.0,0.091181181371212,0.0,0.9085486531257628,0.0,0.0,0.0914513766765594,0.0,0.9087149500846864,0.0,0.0,0.0912851020693779,0.0,0.9087772965431212,0.0,0.0,0.0912227481603622,0.0,0.908735692501068,0.0,0.0,0.0912643149495124,0.0,0.9086733460426332,0.0,0.0,0.0913266688585281,0.0,0.908735692501068,0.0,0.0,0.0912643149495124,0.0,0.9087564945220948,0.0,0.0,0.0912435352802276,0.0,0.908798098564148,0.0,0.0,0.0912019684910774,0.0,0.908735692501068,0.0,0.0,0.0912643149495124,0.0,0.9086733460426332,0.0,0.0,0.0913266688585281,0.0,0.908798098564148,0.0,0.0,0.0912019684910774,0.0,0.9087564945220948,0.0,0.0,0.0912435352802276,0.0,0.9087564945220948,0.0,0.0,0.0912435352802276,0.0,0.908735692501068,0.0,0.0,0.0912643149495124,0.0,0.9087564945220948,0.0,0.0,0.0912435352802276,0.0,0.908798098564148,0.0,0.0,0.0912019684910774,0.0,0.9085486531257628,0.0,0.0,0.0914513766765594,0.0,0.9086941480636596,0.0,0.0,0.0913058891892433,0.0,0.9087149500846864,0.0,0.0,0.0912851020693779,0.0,0.9087772965431212,0.0,0.0,0.0912227481603622,0.0,0.908798098564148,0.0,0.0,0.0912019684910774,0.0,0.9087149500846864,0.0,0.0,0.0912851020693779,0.0,0.5878453254699707,0.0118055418133735,0.0212000925093889,0.378172218799591,0.0009768670424818,0.5707812905311584,0.0119718164205551,0.0207636188715696,0.3959013223648071,0.0005819633370265,0.5548396706581116,0.0128863304853439,0.022779706865549,0.4086213707923889,0.0008729449473321,0.5767048597335815,0.0057572801597416,0.0106831835582852,0.4066053032875061,0.0002494128420948,0.5510361194610596,0.0123667204752564,0.0230291206389665,0.4127366840839386,0.0008313761791214,0.5735456347465515,0.0105169080197811,0.021324798464775,0.3939476013183594,0.0006651009316556,0.5860162973403931,0.0081267021596431,0.0138839818537235,0.3914742469787597,0.0004988256841897,0.5790119171142578,0.0070874816738069,0.0135514317080378,0.4000789821147918,0.000270197255304,0.5762683749198914,0.0060482616536319,0.0102674951776862,0.4069794118404388,0.000436472473666,0.5634236335754395,0.0178745873272418,0.034211128950119,0.3835553824901581,0.0009352981578558,0.5577079057693481,0.008999646641314,0.0157753620296716,0.4169351458549499,0.0005819633370265,0.5731714963912964,0.0076070916838943,0.0131980963051319,0.4056699872016907,0.0003533348790369,0.5634236335754395,0.0135306473821401,0.0268326662480831,0.3952777981758117,0.0009352981578558,0.5726103186607361,0.009103569202125,0.0167314447462558,0.401159793138504,0.0003949036763515,0.559329092502594,0.0099557293578982,0.0173549782484769,0.4126951396465301,0.0006651009316556,0.5706357955932617,0.008376115001738,0.0160455591976642,0.4043397903442383,0.0006027477211318,0.5699083805084229,0.0153181059285998,0.0265209004282951,0.3875667750835418,0.0006858853157609,0.557520866394043,0.0114729907363653,0.0225095096975564,0.4077276587486267,0.0007690229685977,0.5714256167411804,0.0093737663701176,0.0182279217988252,0.400286853313446,0.0006858853157609,0.5857876539230347,0.0179785098880529,0.0337746553122997,0.361627846956253,0.0008313761791214,0.5816931128501892,0.0161494817584753,0.0257310923188924,0.3756157457828522,0.0008105917368084,0.5755409598350525,0.0106000462546944,0.0185812581330537,0.3946334719657898,0.0006443165475502,0.5605761408805847,0.0086670964956283,0.0143412388861179,0.4158543646335602,0.0005611788947135,0.5743978023529053,0.0133228031918406,0.025273835286498,0.3861326575279236,0.0008729449473321,0.5747303366661072,0.009415335021913,0.0146737890318036,0.4005986154079437,0.0005819633370265,0.5672895312309265,0.0115769132971763,0.0196204781532287,0.4008895754814148,0.0006235321052372,0.5821919441223145,0.0066717937588691,0.0110157346352934,0.399580180644989,0.0005403945106081,0.5626961588859558,0.0078565049916505,0.0149855557829141,0.4140253365039825,0.000436472473666,0.5753954648971558,0.0055078673176467,0.0097894547507166,0.4088915884494781,0.0004156880895607,0.5680793523788452,0.008874940685927868,0.01826949045062065,0.40406960248947144,0.0007066697580739856
119,0.9086526036262512,0.0,0.0,0.0913474559783935,0.0,0.9087564945220948,0.0,0.0,0.0912435352802276,0.0,0.9087149500846864,0.0,0.0,0.0912851020693779,0.0,0.908735692501068,0.0,0.0,0.0912643149495124,0.0,0.908735692501068,0.0,0.0,0.0912643149495124,0.0,0.908735692501068,0.0,0.0,0.0912643149495124,0.0,0.9087564945220948,0.0,0.0,0.0912435352802276,0.0,0.9088188409805298,0.0,0.0,0.091181181371212,0.0,0.9085486531257628,0.0,0.0,0.0914513766765594,0.0,0.9087149500846864,0.0,0.0,0.0912851020693779,0.0,0.9087772965431212,0.0,0.0,0.0912227481603622,0.0,0.908735692501068,0.0,0.0,0.0912643149495124,0.0,0.9086733460426332,0.0,0.0,0.0913266688585281,0.0,0.908735692501068,0.0,0.0,0.0912643149495124,0.0,0.9087564945220948,0.0,0.0,0.0912435352802276,0.0,0.908798098564148,0.0,0.0,0.0912019684910774,0.0,0.908735692501068,0.0,0.0,0.0912643149495124,0.0,0.9086733460426332,0.0,0.0,0.0913266688585281,0.0,0.908798098564148,0.0,0.0,0.0912019684910774,0.0,0.9087564945220948,0.0,0.0,0.0912435352802276,0.0,0.9087564945220948,0.0,0.0,0.0912435352802276,0.0,0.908735692501068,0.0,0.0,0.0912643149495124,0.0,0.9087564945220948,0.0,0.0,0.0912435352802276,0.0,0.908798098564148,0.0,0.0,0.0912019684910774,0.0,0.9085486531257628,0.0,0.0,0.0914513766765594,0.0,0.9086941480636596,0.0,0.0,0.0913058891892433,0.0,0.9087149500846864,0.0,0.0,0.0912851020693779,0.0,0.9087772965431212,0.0,0.0,0.0912227481603622,0.0,0.908798098564148,0.0,0.0,0.0912019684910774,0.0,0.9087149500846864,0.0,0.0,0.0912851020693779,0.0,0.5863072276115417,0.0098102390766143,0.0187059640884399,0.38419970870018,0.0009768670424818,0.5695757865905762,0.0093321977183222,0.0188722386956214,0.4016378223896026,0.0005819633370265,0.5536341667175293,0.0107247522100806,0.0194334182888269,0.4153347611427307,0.0008729449473321,0.5761644840240479,0.0047804131172597,0.0089788623154163,0.4098268747329712,0.0002494128420948,0.5496019721031189,0.0106623992323875,0.0197451841086149,0.4191590845584869,0.0008313761791214,0.5720491409301758,0.0092490594834089,0.0184357669204473,0.3996009528636932,0.0006651009316556,0.5851225256919861,0.0065678716637194,0.0128655461594462,0.3949452340602875,0.0004988256841897,0.5777856707572937,0.0066510094329714,0.0113275004550814,0.4039656817913055,0.000270197255304,0.5757695436477661,0.00507139461115,0.0086047435179352,0.4101178646087646,0.000436472473666,0.5612828135490417,0.0156090874224901,0.0288903210312128,0.3932825028896332,0.0009352981578558,0.556876540184021,0.0074408166110515,0.0133851561695337,0.4217155575752258,0.0005819633370265,0.5725064277648926,0.0065886559896171,0.0114106377586722,0.4091410040855407,0.0003533348790369,0.5616569519042969,0.0113898534327745,0.023715004324913,0.4023029208183288,0.0009352981578558,0.5715295672416687,0.00806434918195,0.0141333946958184,0.4058778584003448,0.0003949036763515,0.5584977269172668,0.008272192440927,0.0146322203800082,0.4179328083992004,0.0006651009316556,0.5698875784873962,0.0068588531576097,0.0143828075379133,0.4082680642604828,0.0006027477211318,0.5680585503578186,0.0133020188659429,0.0238397121429443,0.3941138684749603,0.0006858853157609,0.5561283230781555,0.0098102390766143,0.0195165555924177,0.4137759208679199,0.0007690229685977,0.5702201128005981,0.0081267021596431,0.0156090874224901,0.405358225107193,0.0006858853157609,0.5838754773139954,0.0155259501188993,0.028807183727622,0.3709600567817688,0.0008313761791214,0.580155074596405,0.0135722160339355,0.02236401848495,0.3830981254577636,0.0008105917368084,0.5745224952697754,0.0088541563600301,0.0159832071512937,0.3999958634376526,0.0006443165475502,0.5597447752952576,0.0069835595786571,0.0127200549468398,0.4199904501438141,0.0005611788947135,0.5729221105575562,0.0118886791169643,0.0208259727805852,0.3934903442859649,0.0008729449473321,0.5737534761428833,0.0079812109470367,0.0130110373720526,0.4046723544597626,0.0005819633370265,0.5661048293113708,0.0090620005503296,0.0171263497322797,0.4070833325386047,0.0006235321052372,0.5816723108291626,0.0055078673176467,0.0095192566514015,0.4027601778507232,0.0005403945106081,0.5617609024047852,0.0069835595786571,0.0128655461594462,0.4179535806179046,0.000436472473666,0.5746679902076721,0.0041153118945658,0.0092906290665268,0.4115104079246521,0.0004156880895607,0.566936194896698,0.00802277959883213,0.014840064570307732,0.4094943404197693,0.0007066697580739856
120,0.9080498218536376,0.0,0.0,0.0919502004981041,0.0,0.908153772354126,0.0,0.0,0.0918462797999382,0.0,0.9081121683120728,0.0,0.0,0.091887854039669,0.0,0.9081329703330994,0.0,0.0,0.0918670669198036,0.0,0.9081329703330994,0.0,0.0,0.0918670669198036,0.0,0.9081329703330994,0.0,0.0,0.0918670669198036,0.0,0.908153772354126,0.0,0.0,0.0918462797999382,0.0,0.908216118812561,0.0,0.0,0.0917839258909225,0.0,0.9079459309577942,0.0,0.0,0.0920541286468505,0.0,0.9081121683120728,0.0,0.0,0.091887854039669,0.0,0.9081745147705078,0.0,0.0,0.0918255001306533,0.0,0.9081329703330994,0.0,0.0,0.0918670669198036,0.0,0.9080706238746644,0.0,0.0,0.0919294208288192,0.0,0.9081329703330994,0.0,0.0,0.0918670669198036,0.0,0.908153772354126,0.0,0.0,0.0918462797999382,0.0,0.9081953167915344,0.0,0.0,0.0918047130107879,0.0,0.9081329703330994,0.0,0.0,0.0918670669198036,0.0,0.9080706238746644,0.0,0.0,0.0919294208288192,0.0,0.9081953167915344,0.0,0.0,0.0918047130107879,0.0,0.908153772354126,0.0,0.0,0.0918462797999382,0.0,0.908153772354126,0.0,0.0,0.0918462797999382,0.0,0.9081329703330994,0.0,0.0,0.0918670669198036,0.0,0.908153772354126,0.0,0.0,0.0918462797999382,0.0,0.9081953167915344,0.0,0.0,0.0918047130107879,0.0,0.9079459309577942,0.0,0.0,0.0920541286468505,0.0,0.9080914258956908,0.0,0.0,0.0919086337089538,0.0,0.9081121683120728,0.0,0.0,0.091887854039669,0.0,0.9081745147705078,0.0,0.0,0.0918255001306533,0.0,0.9081953167915344,0.0,0.0,0.0918047130107879,0.0,0.9081121683120728,0.0,0.0,0.091887854039669,0.0,0.5840625166893005,0.0084384679794311,0.0164820328354835,0.3900401294231415,0.0009768670424818,0.567642867565155,0.0076070916838943,0.0158585011959075,0.4083096086978912,0.0005819633370265,0.55172199010849,0.0081267021596431,0.0175836067646741,0.421673983335495,0.0008937293896451,0.5750628709793091,0.003699623979628,0.0074823852628469,0.4135057330131531,0.0002494128420948,0.5479392409324646,0.0081059178337454,0.0175628215074539,0.4255606830120086,0.0008313761791214,0.5705111026763916,0.0071290507912635,0.0144243761897087,0.4072704017162323,0.0006651009316556,0.5837299823760986,0.0054455138742923,0.0110157346352934,0.3993099629878998,0.0004988256841897,0.576351523399353,0.0056533580645918,0.0098518077284097,0.4078731536865234,0.000270197255304,0.5745640397071838,0.0042192339897155,0.0069835595786571,0.4137966930866241,0.000436472473666,0.5591627955436707,0.0126161333173513,0.0236318670213222,0.4036539196968078,0.0009352981578558,0.5556918382644653,0.0059443395584821,0.0110573032870888,0.4267246127128601,0.0005819633370265,0.5711762309074402,0.0052376696839928,0.0099349450320005,0.4132978618144989,0.0003533348790369,0.5597447752952576,0.0092698438093066,0.0201193038374185,0.4099307954311371,0.0009352981578558,0.5701993703842163,0.0062768901698291,0.0123459361493587,0.4107829630374908,0.0003949036763515,0.5570220351219177,0.0063808122649788,0.0128239775076508,0.4231081008911133,0.0006651009316556,0.568287193775177,0.0055494359694421,0.0129071148112416,0.4126535654067993,0.0006027477211318,0.5661671757698059,0.0105169080197811,0.0204726383090019,0.4021574258804321,0.0006858853157609,0.554174542427063,0.0081267021596431,0.0167314447462558,0.4201982915401459,0.0007690229685977,0.5684326887130737,0.0066302251070737,0.013052606023848,0.4111986458301544,0.0006858853157609,0.5816099643707275,0.0130318216979503,0.0236318670213222,0.3808949887752533,0.0008313761791214,0.5784507393836975,0.010558477602899,0.0189969446510076,0.3911832571029663,0.0008105917368084,0.5727766156196594,0.0070251286961138,0.0134475091472268,0.4061064720153808,0.0006443165475502,0.5581859350204468,0.0058612017892301,0.010558477602899,0.424833208322525,0.0005611788947135,0.5711554288864136,0.0089165093377232,0.0171887017786502,0.401866465806961,0.0008729449473321,0.572485625743866,0.0061313994228839,0.0110365189611911,0.4097645282745361,0.0005819633370265,0.5643173456192017,0.007232972420752,0.015193399041891,0.4126119911670685,0.0006443165475502,0.5803005695343018,0.004343940410763,0.0087294494733214,0.4060856997966766,0.0005403945106081,0.5602436065673828,0.0056533580645918,0.010870243422687,0.4227963387966156,0.000436472473666,0.5734624862670898,0.0036372707691043,0.0073161101900041,0.4151684641838074,0.0004156880895607,0.5652942061424255,0.006754931528121233,0.01240828912705183,0.41483592987060547,0.0007066697580739856
121,0.907197654247284,0.0,0.0,0.0928023606538772,0.0,0.9073016047477722,0.0,0.0,0.0926984399557113,0.0,0.907260000705719,0.0,0.0,0.0927400141954422,0.0,0.9072808027267456,0.0,0.0,0.0927192270755767,0.0,0.9072808027267456,0.0,0.0,0.0927192270755767,0.0,0.9072808027267456,0.0,0.0,0.0927192270755767,0.0,0.9073016047477722,0.0,0.0,0.0926984399557113,0.0,0.9073639512062072,0.0,0.0,0.0926360860466957,0.0,0.9070937633514404,0.0,0.0,0.0929062888026237,0.0,0.907260000705719,0.0,0.0,0.0927400141954422,0.0,0.9073224067687988,0.0,0.0,0.0926776602864265,0.0,0.9072808027267456,0.0,0.0,0.0927192270755767,0.0,0.9072184562683104,0.0,0.0,0.0927815809845924,0.0,0.9072808027267456,0.0,0.0,0.0927192270755767,0.0,0.9073016047477722,0.0,0.0,0.0926984399557113,0.0,0.9073431491851808,0.0,0.0,0.0926568731665611,0.0,0.9072808027267456,0.0,0.0,0.0927192270755767,0.0,0.9072184562683104,0.0,0.0,0.0927815809845924,0.0,0.9073431491851808,0.0,0.0,0.0926568731665611,0.0,0.9073016047477722,0.0,0.0,0.0926984399557113,0.0,0.9073016047477722,0.0,0.0,0.0926984399557113,0.0,0.9072808027267456,0.0,0.0,0.0927192270755767,0.0,0.9073016047477722,0.0,0.0,0.0926984399557113,0.0,0.9073431491851808,0.0,0.0,0.0926568731665611,0.0,0.9070937633514404,0.0,0.0,0.0929062888026237,0.0,0.9072392582893372,0.0,0.0,0.092760793864727,0.0,0.907260000705719,0.0,0.0,0.0927400141954422,0.0,0.9073224067687988,0.0,0.0,0.0926776602864265,0.0,0.9073431491851808,0.0,0.0,0.0926568731665611,0.0,0.907260000705719,0.0,0.0,0.0927400141954422,0.0,0.5820256471633911,0.0068172845058143,0.0159832071512937,0.394197016954422,0.0009768670424818,0.5656268000602722,0.0061313994228839,0.0153388902544975,0.412321001291275,0.0005819633370265,0.5500384569168091,0.0057157110422849,0.0175836067646741,0.4257685244083404,0.0008937293896451,0.5736079812049866,0.0029513854533433,0.0069835595786571,0.4161868989467621,0.000270197255304,0.5461517572402954,0.0061729680746793,0.0168353673070669,0.429987758398056,0.0008521605632267,0.5688899159431458,0.0055286516435444,0.0141541790217161,0.4107621908187866,0.0006651009316556,0.5820256471633911,0.0042192339897155,0.0110365189611911,0.4022198021411896,0.0004988256841897,0.574938178062439,0.0043647247366607,0.009831023402512,0.4105958938598633,0.000270197255304,0.5733377933502197,0.0031384450849145,0.0072121880948543,0.4158751368522644,0.000436472473666,0.5565024018287659,0.0093114133924245,0.0244216751307249,0.4088292419910431,0.0009352981578558,0.5541121959686279,0.0039282524958252,0.0113690691068768,0.4300085306167602,0.0005819633370265,0.5697628855705261,0.0039282524958252,0.0098518077284097,0.4161037802696228,0.0003533348790369,0.5578118562698364,0.0072953258641064,0.0193710643798112,0.4145865142345428,0.0009352981578558,0.5681624412536621,0.0051129632629454,0.0120549546554684,0.4142747521400451,0.0003949036763515,0.5554216504096985,0.0048219817690551,0.012636917643249,0.4264543950557709,0.0006651009316556,0.5666036605834961,0.0045517846010625,0.0117847574874758,0.4164571166038513,0.0006027477211318,0.5640471577644348,0.0076694451272487,0.0201400872319936,0.4074574708938598,0.0006858853157609,0.552366316318512,0.0062976744957268,0.0160039905458688,0.4245630204677582,0.0007690229685977,0.5668115019798279,0.0051753167062997,0.0120965233072638,0.4152308106422424,0.0006858853157609,0.5792197585105896,0.0096647478640079,0.0233201012015342,0.3869640231132507,0.0008313761791214,0.57674640417099,0.0072953258641064,0.01976596750319,0.3953817188739776,0.0008105917368084,0.5710514783859253,0.0048843347467482,0.0138424132019281,0.4095566868782043,0.0006651009316556,0.5563361644744873,0.0050921789370477,0.0101220048964023,0.4278885126113891,0.0005611788947135,0.5690562129020691,0.0069627752527594,0.0170639958232641,0.4060441255569458,0.0008729449473321,0.5706981420516968,0.0044062938541173,0.0122420135885477,0.4120715856552124,0.0005819633370265,0.5626961588859558,0.005798848811537,0.01481928024441,0.4160414040088653,0.0006443165475502,0.5788872241973877,0.0033047201577574,0.0085216052830219,0.4087460935115814,0.0005403945106081,0.5585808753967285,0.0044894311577081,0.0107663217931985,0.4257269501686096,0.000436472473666,0.5720699429512024,0.0026604037266224,0.007648660801351,0.4172053337097168,0.0004156880895607,0.5635899305343628,0.005133747588843107,0.012512211687862873,0.41805750131607056,0.0007066697580739856
122,0.9059298038482666,0.0,0.0,0.0940702110528945,0.0,0.9060337543487548,0.0,0.0,0.0939662903547287,0.0,0.9059921503067015,0.0,0.0,0.0940078571438789,0.0,0.9060129523277284,0.0,0.0,0.0939870774745941,0.0,0.9060129523277284,0.0,0.0,0.0939870774745941,0.0,0.9060129523277284,0.0,0.0,0.0939870774745941,0.0,0.9060337543487548,0.0,0.0,0.0939662903547287,0.0,0.90609610080719,0.0,0.0,0.093903936445713,0.0,0.9058259129524232,0.0,0.0,0.0941741317510604,0.0,0.9059921503067015,0.0,0.0,0.0940078571438789,0.0,0.9060545563697816,0.0,0.0,0.0939455032348632,0.0,0.9060129523277284,0.0,0.0,0.0939870774745941,0.0,0.9059506058692932,0.0,0.0,0.0940494313836097,0.0,0.9060129523277284,0.0,0.0,0.0939870774745941,0.0,0.9060337543487548,0.0,0.0,0.0939662903547287,0.0,0.9060752987861632,0.0,0.0,0.0939247235655784,0.0,0.9060129523277284,0.0,0.0,0.0939870774745941,0.0,0.9059506058692932,0.0,0.0,0.0940494313836097,0.0,0.9060752987861632,0.0,0.0,0.0939247235655784,0.0,0.9060337543487548,0.0,0.0,0.0939662903547287,0.0,0.9060337543487548,0.0,0.0,0.0939662903547287,0.0,0.9060129523277284,0.0,0.0,0.0939870774745941,0.0,0.9060337543487548,0.0,0.0,0.0939662903547287,0.0,0.9060752987861632,0.0,0.0,0.0939247235655784,0.0,0.9058259129524232,0.0,0.0,0.0941741317510604,0.0,0.9059714078903198,0.0,0.0,0.0940286442637443,0.0,0.9059921503067015,0.0,0.0,0.0940078571438789,0.0,0.9060545563697816,0.0,0.0,0.0939455032348632,0.0,0.9060752987861632,0.0,0.0,0.0939247235655784,0.0,0.9059921503067015,0.0,0.0,0.0940078571438789,0.0,0.5798225402832031,0.0053000231273472,0.0150686930865049,0.3988319337368011,0.0009768670424818,0.563132643699646,0.0049259038642048,0.0148608488962054,0.4164986610412597,0.0005819633370265,0.5473157167434692,0.0048011974431574,0.0162118356674909,0.4307775497436523,0.0008937293896451,0.5716750621795654,0.0023070687893778,0.0068796379491686,0.4188680946826935,0.000270197255304,0.5436992049217224,0.0046141375787556,0.0160871297121047,0.4347473680973053,0.0008521605632267,0.5664789080619812,0.004343940410763,0.0136553533375263,0.4148567020893097,0.0006651009316556,0.5798225402832031,0.0034709954634308,0.0102467108517885,0.4059609770774841,0.0004988256841897,0.573192298412323,0.0030968762002885,0.009415335021913,0.4140253365039825,0.000270197255304,0.5716126561164856,0.0019329495262354,0.0076278764754533,0.4183900654315948,0.000436472473666,0.553717315196991,0.0069835595786571,0.0234655924141407,0.4148982763290405,0.0009352981578558,0.5519921779632568,0.0029929541051387,0.0109741650521755,0.4334587454795837,0.0005819633370265,0.5676636695861816,0.0027851101476699,0.0098725920543074,0.4193253517150879,0.0003533348790369,0.5553385019302368,0.0053623761050403,0.0185604728758335,0.4198033809661865,0.0009352981578558,0.5661879777908325,0.003699623979628,0.0117224035784602,0.4179951548576355,0.0003949036763515,0.5534055233001709,0.0032007982954382,0.0122835831716656,0.4304450154304504,0.0006651009316556,0.5645251870155334,0.0033878579270094,0.0113482847809791,0.4201359450817108,0.0006027477211318,0.5616154074668884,0.0055702202953398,0.0195996928960084,0.4125288426876068,0.0006858853157609,0.5500800609588623,0.0047180596739053,0.0149855557829141,0.4294473528861999,0.0007690229685977,0.5647538304328918,0.0039490368217229,0.0117847574874758,0.4188265204429626,0.0006858853157609,0.5766009092330933,0.0064639495685696,0.0226342156529426,0.3934695422649383,0.0008313761791214,0.5740444660186768,0.0049259038642048,0.0204726383090019,0.3997464478015899,0.0008105917368084,0.568744421005249,0.0040737432427704,0.0134475091472268,0.4130692481994629,0.0006651009316556,0.5545071363449097,0.0033462890423834,0.0102882804349064,0.4312971830368042,0.0005611788947135,0.5668322443962097,0.0048427660949528,0.0166067387908697,0.4108453094959259,0.0008729449473321,0.5685989260673523,0.0034086422529071,0.0116184819489717,0.4157920181751251,0.0005819633370265,0.5605345964431763,0.004032174590975,0.0147984959185123,0.4199904501438141,0.0006443165475502,0.5771205425262451,0.0023486376740038,0.008376115001738,0.411614328622818,0.0005403945106081,0.5565440058708191,0.0034294265788048,0.0103506334125995,0.4292395114898681,0.000436472473666,0.5704072117805481,0.0022655001375824,0.0071706194430589,0.4197410345077514,0.0004156880895607,0.5612828135490417,0.004073743242770433,0.011847110465168953,0.42208966612815857,0.0007066697580739856
123,0.9028537273406982,0.0,0.0,0.0971463024616241,0.0,0.9029576778411864,0.0,0.0,0.0970423817634582,0.0,0.9029160737991332,0.0,0.0,0.0970839485526084,0.0,0.90293687582016,0.0,0.0,0.0970631688833236,0.0,0.90293687582016,0.0,0.0,0.0970631688833236,0.0,0.90293687582016,0.0,0.0,0.0970631688833236,0.0,0.9029576778411864,0.0,0.0,0.0970423817634582,0.0,0.9030200242996216,0.0,0.0,0.0969800278544426,0.0,0.9027498364448548,0.0,0.0,0.09725022315979,0.0,0.9029160737991332,0.0,0.0,0.0970839485526084,0.0,0.9029784202575684,0.0,0.0,0.0970216020941734,0.0,0.90293687582016,0.0,0.0,0.0970631688833236,0.0,0.9028745293617249,0.0,0.0,0.0971255227923393,0.0,0.90293687582016,0.0,0.0,0.0970631688833236,0.0,0.9029576778411864,0.0,0.0,0.0970423817634582,0.0,0.902999222278595,0.0,0.0,0.097000814974308,0.0,0.90293687582016,0.0,0.0,0.0970631688833236,0.0,0.9028745293617249,0.0,0.0,0.0971255227923393,0.0,0.902999222278595,0.0,0.0,0.097000814974308,0.0,0.9029576778411864,0.0,0.0,0.0970423817634582,0.0,0.9029576778411864,0.0,0.0,0.0970423817634582,0.0,0.90293687582016,0.0,0.0,0.0970631688833236,0.0,0.9029576778411864,0.0,0.0,0.0970423817634582,0.0,0.902999222278595,0.0,0.0,0.097000814974308,0.0,0.9027498364448548,0.0,0.0,0.09725022315979,0.0,0.9028952717781068,0.0,0.0,0.0971047356724739,0.0,0.9029160737991332,0.0,0.0,0.0970839485526084,0.0,0.9029784202575684,0.0,0.0,0.0970216020941734,0.0,0.902999222278595,0.0,0.0,0.097000814974308,0.0,0.9029160737991332,0.0,0.0,0.0970839485526084,0.0,0.5761021375656128,0.0044062938541173,0.0133435875177383,0.4051711857318878,0.0009768670424818,0.5590173602104187,0.0047596283257007,0.0131773119792342,0.4224638044834137,0.0005819633370265,0.5434498190879822,0.0043855090625584,0.014091826044023,0.4371791481971741,0.0008937293896451,0.5681208968162537,0.002244715578854,0.0062976744957268,0.4230665564537048,0.000270197255304,0.5395839214324951,0.0042192339897155,0.0138008445501327,0.4415438771247864,0.0008521605632267,0.5628416538238525,0.0034086422529071,0.012013386003673,0.4210712313652038,0.0006651009316556,0.5761852264404297,0.0031384450849145,0.0090204309672117,0.4111570715904236,0.0004988256841897,0.569451093673706,0.002535697305575,0.0083137620240449,0.4194292724132538,0.000270197255304,0.568100094795227,0.0018705963157117,0.0065470873378217,0.4230457544326782,0.000436472473666,0.5492278933525085,0.0062561058439314,0.0200153812766075,0.4235653579235077,0.0009352981578558,0.5482094287872314,0.0028682476840913,0.009831023402512,0.4385093450546264,0.0005819633370265,0.5640056133270264,0.0027019726112484,0.008272192440927,0.4246669411659241,0.0003533348790369,0.5507867336273193,0.00507139461115,0.0152973216027021,0.4279093146324157,0.0009352981578558,0.5621973276138306,0.0035333486739546,0.0101843578740954,0.4236900806427002,0.0003949036763515,0.5496019721031189,0.0030968762002885,0.0107871061190962,0.4358489513397217,0.0006651009316556,0.5607216358184814,0.0033670733682811,0.0091243535280227,0.4261634349822998,0.0006235321052372,0.5571467280387878,0.0051129632629454,0.0171679183840751,0.4198657572269439,0.0007066697580739,0.5462349057197571,0.0040945275686681,0.0128655461594462,0.4360152184963226,0.000789807352703,0.5606177449226379,0.0038035458419471,0.0105792619287967,0.4243136048316955,0.0006858853157609,0.5717997550964355,0.0062768901698291,0.0198906753212213,0.4012013673782348,0.0008313761791214,0.5695757865905762,0.0047804131172597,0.01768752746284,0.4071456789970398,0.0008105917368084,0.5647122859954834,0.004011389799416,0.0116184819489717,0.4189720153808594,0.0006858853157609,0.5508074760437012,0.0031384450849145,0.0094984723255038,0.4359944462776184,0.0005611788947135,0.5625299215316772,0.0045933532528579,0.0147984959185123,0.4172053337097168,0.0008729449473321,0.564483642578125,0.0034709954634308,0.0103922020643949,0.4210712313652038,0.0005819633370265,0.5564400553703308,0.0038658990524709,0.0127616245299577,0.4262881278991699,0.0006443165475502,0.5734832882881165,0.0023902065586298,0.0071914037689566,0.4163947403430938,0.0005403945106081,0.5528859496116638,0.0030760918743908,0.008791803382337,0.4347889423370361,0.0004572568868752,0.5668946504592896,0.0019745184108614,0.0062353210523724,0.4244798719882965,0.0004156880895607,0.5573130249977112,0.003824330400675535,0.010018082335591316,0.42811715602874756,0.0007274541421793401
124,0.8991125226020813,0.0,0.0,0.1008874997496604,0.0,0.8992164731025696,0.0,0.0,0.1007835790514946,0.0,0.8991748690605164,0.0,0.0,0.1008251458406448,0.0,0.899195671081543,0.0,0.0,0.1008043587207794,0.0,0.899195671081543,0.0,0.0,0.1008043587207794,0.0,0.899195671081543,0.0,0.0,0.1008043587207794,0.0,0.8992164731025696,0.0,0.0,0.1007835790514946,0.0,0.8992788195610046,0.0,0.0,0.1007212251424789,0.0,0.8990086317062378,0.0,0.0,0.1009914204478263,0.0,0.8991748690605164,0.0,0.0,0.1008251458406448,0.0,0.8992372155189514,0.0,0.0,0.1007627919316291,0.0,0.899195671081543,0.0,0.0,0.1008043587207794,0.0,0.8991333246231079,0.0,0.0,0.100866712629795,0.0,0.899195671081543,0.0,0.0,0.1008043587207794,0.0,0.8992164731025696,0.0,0.0,0.1007835790514946,0.0,0.899258017539978,0.0,0.0,0.1007420048117637,0.0,0.899195671081543,0.0,0.0,0.1008043587207794,0.0,0.8991333246231079,0.0,0.0,0.100866712629795,0.0,0.899258017539978,0.0,0.0,0.1007420048117637,0.0,0.8992164731025696,0.0,0.0,0.1007835790514946,0.0,0.8992164731025696,0.0,0.0,0.1007835790514946,0.0,0.899195671081543,0.0,0.0,0.1008043587207794,0.0,0.8992164731025696,0.0,0.0,0.1007835790514946,0.0,0.899258017539978,0.0,0.0,0.1007420048117637,0.0,0.8990086317062378,0.0,0.0,0.1009914204478263,0.0,0.8991541266441345,0.0,0.0,0.1008459255099296,0.0,0.8991748690605164,0.0,0.0,0.1008251458406448,0.0,0.8992372155189514,0.0,0.0,0.1007627919316291,0.0,0.899258017539978,0.0,0.0,0.1007420048117637,0.0,0.8991748690605164,0.0,0.0,0.1008251458406448,0.0,0.5713009238243103,0.0038243304006755,0.0114522064104676,0.4124249219894409,0.0009976513683795,0.5546526312828064,0.0040529589168727,0.0106623992323875,0.4300293326377868,0.0006027477211318,0.5390019416809082,0.0037827615160495,0.0120341703295707,0.4442874193191528,0.0008937293896451,0.5639224648475647,0.0022031469270586,0.0052792388014495,0.4283249974250793,0.000270197255304,0.535011351108551,0.0039906054735183,0.0117224035784602,0.4484235048294067,0.0008521605632267,0.5582067370414734,0.0033670733682811,0.0101843578740954,0.4275767505168915,0.0006651009316556,0.5719867944717407,0.0028058944735676,0.0073576788417994,0.4173508286476135,0.0004988256841897,0.5649201273918152,0.0024941284209489,0.0074823852628469,0.424833208322525,0.000270197255304,0.5636730194091797,0.0019537340849637,0.0056741423904895,0.4282626509666443,0.000436472473666,0.5440733432769775,0.0061521837487816,0.0171263497322797,0.4317128658294678,0.0009352981578558,0.5438239574432373,0.002930600894615,0.0080227795988321,0.4446407556533813,0.0005819633370265,0.5596200823783875,0.0026188348419964,0.0073161101900041,0.4300916790962219,0.0003533348790369,0.546359658241272,0.0044478625059127,0.0126992706209421,0.4355579614639282,0.0009352981578558,0.5577495098114014,0.0035125643480569,0.008791803382337,0.4295512735843658,0.0003949036763515,0.5450918078422546,0.0029929541051387,0.0091451378539204,0.4421050548553467,0.0006651009316556,0.5563985109329224,0.0029513854533433,0.0078565049916505,0.4321701228618622,0.0006235321052372,0.5523871183395386,0.0048427660949528,0.0145906517282128,0.4274520576000213,0.0007274541421793,0.541724681854248,0.0035125643480569,0.0111612249165773,0.4428117275238037,0.000789807352703,0.5563361644744873,0.0031592294108122,0.0093114133924245,0.4305073618888855,0.0006858853157609,0.5664997100830078,0.0061729680746793,0.0171887017786502,0.4093072712421417,0.0008313761791214,0.5645459890365601,0.0049674725160002,0.0146737890318036,0.4150021970272064,0.0008105917368084,0.5601189136505127,0.0037204083055257,0.0099972980096936,0.425477534532547,0.0006858853157609,0.5464427471160889,0.0028058944735676,0.0079396422952413,0.4422505497932434,0.0005611788947135,0.5581028461456299,0.0041153118945658,0.013052606023848,0.4238563477993011,0.0008729449473321,0.5600773096084595,0.0034709954634308,0.0086463121697306,0.4272234141826629,0.0005819633370265,0.5518467426300049,0.0035333486739546,0.0102467108517885,0.4337289333343506,0.0006443165475502,0.5692848563194275,0.0020784405060112,0.0062768901698291,0.4217987060546875,0.0005611788947135,0.5485420227050781,0.0027643258217722,0.0078980736434459,0.4403383731842041,0.0004572568868752,0.5627169609069824,0.001808243105188,0.0047180596739053,0.4303410947322845,0.0004156880895607,0.5531145334243774,0.003242366947233677,0.009062000550329685,0.4338536560535431,0.0007274541421793401
125,0.8958494067192078,0.0,0.0,0.1041506454348564,0.0,0.8959532976150513,0.0,0.0,0.1040467247366905,0.0,0.8959117531776428,0.0,0.0,0.1040882989764213,0.0,0.8959324955940247,0.0,0.0,0.1040675118565559,0.0,0.8959324955940247,0.0,0.0,0.1040675118565559,0.0,0.8959324955940247,0.0,0.0,0.1040675118565559,0.0,0.8959532976150513,0.0,0.0,0.1040467247366905,0.0,0.8960156440734863,0.0,0.0,0.1039843708276748,0.0,0.8957454562187195,0.0,0.0,0.1042545735836029,0.0,0.8959117531776428,0.0,0.0,0.1040882989764213,0.0,0.8959740996360779,0.0,0.0,0.1040259450674057,0.0,0.8959324955940247,0.0,0.0,0.1040675118565559,0.0,0.8958701491355896,0.0,0.0,0.1041298657655716,0.0,0.8959324955940247,0.0,0.0,0.1040675118565559,0.0,0.8959532976150513,0.0,0.0,0.1040467247366905,0.0,0.8959949016571045,0.0,0.0,0.1040051579475402,0.0,0.8959324955940247,0.0,0.0,0.1040675118565559,0.0,0.8958701491355896,0.0,0.0,0.1041298657655716,0.0,0.8959949016571045,0.0,0.0,0.1040051579475402,0.0,0.8959532976150513,0.0,0.0,0.1040467247366905,0.0,0.8959532976150513,0.0,0.0,0.1040467247366905,0.0,0.8959324955940247,0.0,0.0,0.1040675118565559,0.0,0.8959532976150513,0.0,0.0,0.1040467247366905,0.0,0.8959949016571045,0.0,0.0,0.1040051579475402,0.0,0.8957454562187195,0.0,0.0,0.1042545735836029,0.0,0.8958909511566162,0.0,0.0,0.1041090786457061,0.0,0.8959117531776428,0.0,0.0,0.1040882989764213,0.0,0.8959740996360779,0.0,0.0,0.1040259450674057,0.0,0.8959949016571045,0.0,0.0,0.1040051579475402,0.0,0.8959117531776428,0.0,0.0,0.1040882989764213,0.0,0.5671648383140564,0.0035125643480569,0.0096231792122125,0.4187018275260925,0.0009976513683795,0.5506619811058044,0.003616486210376,0.0087710181251168,0.4363477826118469,0.0006027477211318,0.5352399945259094,0.0034502111375331,0.0089580779895186,0.4514580368995666,0.0008937293896451,0.5604722499847412,0.0017874587792903,0.0043023717589676,0.4331677556037903,0.000270197255304,0.5310831069946289,0.0037204083055257,0.0090412162244319,0.4553031623363495,0.0008521605632267,0.5541538000106812,0.0033878579270094,0.0078980736434459,0.4338952302932739,0.0006651009316556,0.5683287382125854,0.0023486376740038,0.0062976744957268,0.4225261509418487,0.0004988256841897,0.5611789226531982,0.0024109908845275,0.0062145367264747,0.4299254119396209,0.000270197255304,0.5601604580879211,0.001829027547501,0.0045933532528579,0.4329807162284851,0.000436472473666,0.5400619506835938,0.0050921789370477,0.0144243761897087,0.4394446611404419,0.0009768670424818,0.5400204062461853,0.0027435412630438,0.0066717937588691,0.4499823451042175,0.0005819633370265,0.5556294918060303,0.0027851101476699,0.005798848811537,0.4354332685470581,0.0003533348790369,0.5424313545227051,0.004032174590975,0.0103506334125995,0.4422505497932434,0.0009352981578558,0.5539875030517578,0.0028266790322959,0.0074616009369492,0.4353293478488922,0.0003949036763515,0.5413506031036377,0.0027227569371461,0.0071290507912635,0.4481325447559356,0.0006651009316556,0.5526365041732788,0.0026188348419964,0.0063808122649788,0.4377403259277344,0.0006235321052372,0.5482717752456665,0.004427078180015,0.0117847574874758,0.4347889423370361,0.0007274541421793,0.5376925468444824,0.0033255047164857,0.0090827848762273,0.4491094052791595,0.000789807352703,0.5525533556938171,0.0029098165687173,0.0073992479592561,0.4364517033100128,0.0006858853157609,0.5623012781143188,0.0055702202953398,0.0145698674023151,0.4167273044586181,0.0008313761791214,0.5602228045463562,0.0051753167062997,0.0114106377586722,0.422380656003952,0.0008105917368084,0.5562945604324341,0.0034086422529071,0.0078980736434459,0.4317128658294678,0.0006858853157609,0.5427431464195251,0.002244715578854,0.0068588531576097,0.4475921392440796,0.0005611788947135,0.5540083050727844,0.003699623979628,0.0101635735481977,0.4312556087970733,0.0008729449473321,0.5560451745986938,0.0033047201577574,0.0070666973479092,0.4329807162284851,0.0006027477211318,0.548167884349823,0.0031800137367099,0.0080019952729344,0.4400058388710022,0.0006443165475502,0.5657098889350891,0.001829027547501,0.0049051195383071,0.4269948005676269,0.0005611788947135,0.5447384715080261,0.0024941284209489,0.0064639495685696,0.4458462595939636,0.0004572568868752,0.5592667460441589,0.0014549082843586,0.0041776653379201,0.4346850216388702,0.0004156880895607,0.5495604276657104,0.002681188052520156,0.007607091683894396,0.4394238591194153,0.0007274541421793401
126,0.8930435180664062,0.0,0.0,0.1069565415382385,0.0,0.8931474089622498,0.0,0.0,0.1068526208400726,0.0,0.8931058645248413,0.0,0.0,0.1068941876292228,0.0,0.8931266069412231,0.0,0.0,0.106873407959938,0.0,0.8931266069412231,0.0,0.0,0.106873407959938,0.0,0.8931266069412231,0.0,0.0,0.106873407959938,0.0,0.8931474089622498,0.0,0.0,0.1068526208400726,0.0,0.8932097554206848,0.0,0.0,0.1067902669310569,0.0,0.892939567565918,0.0,0.0,0.1070604622364044,0.0,0.8931058645248413,0.0,0.0,0.1068941876292228,0.0,0.8931682109832764,0.0,0.0,0.1068318337202072,0.0,0.8931266069412231,0.0,0.0,0.106873407959938,0.0,0.8930642604827881,0.0,0.0,0.1069357618689537,0.0,0.8931266069412231,0.0,0.0,0.106873407959938,0.0,0.8931474089622498,0.0,0.0,0.1068526208400726,0.0,0.8931889533996582,0.0,0.0,0.1068110540509224,0.0,0.8931266069412231,0.0,0.0,0.106873407959938,0.0,0.8930642604827881,0.0,0.0,0.1069357618689537,0.0,0.8931889533996582,0.0,0.0,0.1068110540509224,0.0,0.8931474089622498,0.0,0.0,0.1068526208400726,0.0,0.8931474089622498,0.0,0.0,0.1068526208400726,0.0,0.8931266069412231,0.0,0.0,0.106873407959938,0.0,0.8931474089622498,0.0,0.0,0.1068526208400726,0.0,0.8931889533996582,0.0,0.0,0.1068110540509224,0.0,0.892939567565918,0.0,0.0,0.1070604622364044,0.0,0.8930850625038147,0.0,0.0,0.1069149747490882,0.0,0.8931058645248413,0.0,0.0,0.1068941876292228,0.0,0.8931682109832764,0.0,0.0,0.1068318337202072,0.0,0.8931889533996582,0.0,0.0,0.1068110540509224,0.0,0.8931058645248413,0.0,0.0,0.1068941876292228,0.0,0.562737762928009,0.0041984496638178,0.0077525828965008,0.4243136048316955,0.0009976513683795,0.5462141633033752,0.004032174590975,0.0073576788417994,0.441793292760849,0.0006027477211318,0.5312493443489075,0.0031800137367099,0.0071706194430589,0.4575062990188598,0.0008937293896451,0.5568141937255859,0.0019745184108614,0.003616486210376,0.4373246431350708,0.000270197255304,0.5270717144012451,0.0037411926314234,0.0073576788417994,0.4609565138816833,0.0008729449473321,0.5501839518547058,0.0034086422529071,0.0066717937588691,0.4390705227851867,0.0006651009316556,0.5646498799324036,0.0022862844634801,0.005154532380402,0.4273897111415863,0.0005196101265028,0.5571675300598145,0.0031384450849145,0.0048427660949528,0.4345603287220001,0.0002909816685132,0.5567933917045593,0.0019329495262354,0.0035957018844783,0.4372414946556091,0.000436472473666,0.5353646874427795,0.00546629820019,0.0108286747708916,0.4473635256290436,0.0009768670424818,0.5364246964454651,0.0026811880525201,0.0047804131172597,0.4555317759513855,0.0005819633370265,0.5520337820053101,0.0027435412630438,0.0047596283257007,0.4401097595691681,0.0003533348790369,0.5381497740745544,0.0043023717589676,0.0085008209571242,0.448111742734909,0.0009352981578558,0.5502671003341675,0.0030345229897648,0.0058196331374347,0.4404838681221008,0.0003949036763515,0.5372560620307922,0.003263151505962,0.0055702202953398,0.4532247185707092,0.0006858853157609,0.5488329529762268,0.0028058944735676,0.0053623761050403,0.4423544704914093,0.0006443165475502,0.5440941452980042,0.0046349219046533,0.0088333720341324,0.4417101442813873,0.0007274541421793,0.5340968370437622,0.0030968762002885,0.0073161101900041,0.4546796381473541,0.0008105917368084,0.5489577054977417,0.0029098165687173,0.0059651238843798,0.4414815306663513,0.0006858853157609,0.5576663613319397,0.0060482616536319,0.0110157346352934,0.424438327550888,0.0008313761791214,0.5560035705566406,0.005154532380402,0.0087294494733214,0.4293018579483032,0.0008105917368084,0.5523455142974854,0.0035125643480569,0.0059235552325844,0.4375324845314026,0.0006858853157609,0.5389811396598816,0.0026396194007247,0.0056533580645918,0.4521647095680237,0.0005611788947135,0.5498722195625305,0.0040737432427704,0.0079188579693436,0.4372622966766357,0.0008729449473321,0.5522000193595886,0.0035125643480569,0.0052376696839928,0.4384469985961914,0.0006027477211318,0.5441772937774658,0.0034709954634308,0.0066925780847668,0.4449940919876098,0.0006651009316556,0.5624675154685974,0.0017666743369773,0.0038035458419471,0.4314011037349701,0.0005611788947135,0.540955662727356,0.0027019726112484,0.0052584540098905,0.4506266713142395,0.0004572568868752,0.5558996796607971,0.0016211834736168,0.0030553073156625,0.4390081763267517,0.0004156880895607,0.5456529855728149,0.0027435412630438805,0.006172968074679375,0.4447031021118164,0.0007274541421793401
127,0.8899258375167847,0.0,0.0,0.1100742071866989,0.0,0.8900297284126282,0.0,0.0,0.1099702790379524,0.0,0.8899881839752197,0.0,0.0,0.1100118532776832,0.0,0.8900089859962463,0.0,0.0,0.1099910661578178,0.0,0.8900089859962463,0.0,0.0,0.1099910661578178,0.0,0.8900089859962463,0.0,0.0,0.1099910661578178,0.0,0.8900297284126282,0.0,0.0,0.1099702790379524,0.0,0.890092134475708,0.0,0.0,0.1099079325795173,0.0,0.8898218870162964,0.0,0.0,0.1101781278848648,0.0,0.8899881839752197,0.0,0.0,0.1100118532776832,0.0,0.8900505304336548,0.0,0.0,0.1099494993686676,0.0,0.8900089859962463,0.0,0.0,0.1099910661578178,0.0,0.8899466395378113,0.0,0.0,0.1100534200668335,0.0,0.8900089859962463,0.0,0.0,0.1099910661578178,0.0,0.8900297284126282,0.0,0.0,0.1099702790379524,0.0,0.8900713324546814,0.0,0.0,0.1099287122488021,0.0,0.8900089859962463,0.0,0.0,0.1099910661578178,0.0,0.8899466395378113,0.0,0.0,0.1100534200668335,0.0,0.8900713324546814,0.0,0.0,0.1099287122488021,0.0,0.8900297284126282,0.0,0.0,0.1099702790379524,0.0,0.8900297284126282,0.0,0.0,0.1099702790379524,0.0,0.8900089859962463,0.0,0.0,0.1099910661578178,0.0,0.8900297284126282,0.0,0.0,0.1099702790379524,0.0,0.8900713324546814,0.0,0.0,0.1099287122488021,0.0,0.8898218870162964,0.0,0.0,0.1101781278848648,0.0,0.8899673819541931,0.0,0.0,0.110032632946968,0.0,0.8899881839752197,0.0,0.0,0.1100118532776832,0.0,0.8900505304336548,0.0,0.0,0.1099494993686676,0.0,0.8900713324546814,0.0,0.0,0.1099287122488021,0.0,0.8899881839752197,0.0,0.0,0.1100118532776832,0.0,0.5582482814788818,0.0049259038642048,0.0059443395584821,0.4298838376998901,0.0009976513683795,0.5421404242515564,0.0039490368217229,0.0059651238843798,0.4473427236080169,0.0006027477211318,0.5272172093391418,0.0033047201577574,0.0055910046212375,0.4629933834075928,0.0008937293896451,0.5532184839248657,0.0019745184108614,0.0027851101476699,0.4417517185211181,0.000270197255304,0.5225822925567627,0.0040737432427704,0.0056533580645918,0.466817706823349,0.0008729449473321,0.54571533203125,0.0041984496638178,0.0049051195383071,0.4445160627365112,0.0006651009316556,0.5606384873390198,0.0026188348419964,0.004032174590975,0.4321908950805664,0.0005196101265028,0.5531769394874573,0.0033462890423834,0.0037619771901518,0.4394238591194153,0.0002909816685132,0.5529898405075073,0.0021823623683303,0.0023694219999015,0.4420219361782074,0.000436472473666,0.5303556323051453,0.0059443395584821,0.0083968993276357,0.454305499792099,0.0009976513683795,0.5323925018310547,0.0028890322428196,0.003699623979628,0.4604369103908539,0.0005819633370265,0.5480639338493347,0.0030137386638671,0.0033670733682811,0.4452019333839416,0.0003533348790369,0.5338473916053772,0.004011389799416,0.006838068831712,0.454367846250534,0.0009352981578558,0.5465258955955505,0.0027435412630438,0.0046141375787556,0.4457007646560669,0.0004156880895607,0.5336188077926636,0.0030553073156625,0.0039282524958252,0.4587118029594421,0.0006858853157609,0.5450294017791748,0.0027643258217722,0.0041153118945658,0.4474466443061828,0.0006443165475502,0.5395839214324951,0.0046349219046533,0.0069627752527594,0.4480909705162048,0.0007274541421793,0.5301477909088135,0.0031592294108122,0.0054870825260877,0.460395336151123,0.0008105917368084,0.5449047088623047,0.0027851101476699,0.0050090411677956,0.4465944766998291,0.0007066697580739,0.5529066920280457,0.0059651238843798,0.0081890551373362,0.4321077764034271,0.0008313761791214,0.5515349507331848,0.0051129632629454,0.0063184588216245,0.4362230598926544,0.0008105917368084,0.5483965277671814,0.0033878579270094,0.0050298259593546,0.442499965429306,0.0006858853157609,0.5352607369422913,0.0026188348419964,0.0039698211476206,0.4575894474983215,0.0005611788947135,0.5454243421554565,0.0041776653379201,0.0060690459795296,0.4434560537338257,0.0008729449473321,0.5480223894119263,0.0035333486739546,0.0044478625059127,0.443372905254364,0.0006235321052372,0.5402074456214905,0.0033047201577574,0.0050506102852523,0.4507513642311096,0.0006858853157609,0.5584145784378052,0.0021407937165349,0.0029098165687173,0.4359528720378876,0.0005819633370265,0.5372560620307922,0.0027019726112484,0.004011389799416,0.4555733501911163,0.0004572568868752,0.5523455142974854,0.0016211834736168,0.0027019726112484,0.4429156482219696,0.0004156880895607,0.5414544939994812,0.002930600894615054,0.004967472516000271,0.44989919662475586,0.0007482385262846947
128,0.8887826800346375,0.0,0.0,0.1112173497676849,0.0,0.8888866305351257,0.0,0.0,0.1111134216189384,0.0,0.8888450264930725,0.0,0.0,0.1111549958586692,0.0,0.8888658285140991,0.0,0.0,0.1111342087388038,0.0,0.8888658285140991,0.0,0.0,0.1111342087388038,0.0,0.8888658285140991,0.0,0.0,0.1111342087388038,0.0,0.8888866305351257,0.0,0.0,0.1111134216189384,0.0,0.8889489769935608,0.0,0.0,0.1110510677099227,0.0,0.888678789138794,0.0,0.0,0.1113212704658508,0.0,0.8888450264930725,0.0,0.0,0.1111549958586692,0.0,0.8889073729515076,0.0,0.0,0.1110926419496536,0.0,0.8888658285140991,0.0,0.0,0.1111342087388038,0.0,0.8888034820556641,0.0,0.0,0.1111965626478195,0.0,0.8888658285140991,0.0,0.0,0.1111342087388038,0.0,0.8888866305351257,0.0,0.0,0.1111134216189384,0.0,0.8889281749725342,0.0,0.0,0.1110718548297882,0.0,0.8888658285140991,0.0,0.0,0.1111342087388038,0.0,0.8888034820556641,0.0,0.0,0.1111965626478195,0.0,0.8889281749725342,0.0,0.0,0.1110718548297882,0.0,0.8888866305351257,0.0,0.0,0.1111134216189384,0.0,0.8888866305351257,0.0,0.0,0.1111134216189384,0.0,0.8888658285140991,0.0,0.0,0.1111342087388038,0.0,0.8888866305351257,0.0,0.0,0.1111134216189384,0.0,0.8889281749725342,0.0,0.0,0.1110718548297882,0.0,0.888678789138794,0.0,0.0,0.1113212704658508,0.0,0.8888242840766907,0.0,0.0,0.1111757755279541,0.0,0.8888450264930725,0.0,0.0,0.1111549958586692,0.0,0.8889073729515076,0.0,0.0,0.1110926419496536,0.0,0.8889281749725342,0.0,0.0,0.1110718548297882,0.0,0.8888450264930725,0.0,0.0,0.1111549958586692,0.0,0.5561490654945374,0.0048219817690551,0.00546629820019,0.4325650036334991,0.0009976513683795,0.5402489900588989,0.0040737432427704,0.0053831608965992,0.4496913552284241,0.0006027477211318,0.5252010822296143,0.0034709954634308,0.0050921789370477,0.4653420150279999,0.0008937293896451,0.5519090890884399,0.0016835366841405,0.0027019726112484,0.4434352517127991,0.000270197255304,0.5204830765724182,0.0041984496638178,0.0050506102852523,0.4693949818611145,0.0008729449473321,0.5438239574432373,0.0040529589168727,0.0043023717589676,0.4471556842327118,0.0006651009316556,0.558934211730957,0.0027227569371461,0.0035957018844783,0.4342277646064758,0.0005196101265028,0.5509529709815979,0.0036372707691043,0.0033255047164857,0.441793292760849,0.0002909816685132,0.5514934062957764,0.001849811989814,0.0025564816314727,0.4436638951301574,0.000436472473666,0.5279238820075989,0.0058196331374347,0.0076694451272487,0.4575894474983215,0.0009976513683795,0.5302932858467102,0.0032007982954382,0.0035125643480569,0.4624114334583282,0.0005819633370265,0.546422004699707,0.0028682476840913,0.0033462890423834,0.447010189294815,0.0003533348790369,0.5317897796630859,0.0042400183156132,0.0057572801597416,0.4572568833827972,0.0009560826001688,0.5447176694869995,0.0027019726112484,0.0042400183156132,0.4479247033596039,0.0004156880895607,0.5315195918083191,0.0032423669472336,0.0038658990524709,0.4606863260269165,0.0006858853157609,0.5431172847747803,0.0029513854533433,0.0039490368217229,0.4493380188941955,0.0006443165475502,0.5371937155723572,0.0048635504208505,0.0061313994228839,0.4510839283466339,0.0007274541421793,0.5280901193618774,0.0033047201577574,0.0048635504208505,0.4629310369491577,0.0008105917368084,0.5428262948989868,0.0031800137367099,0.004343940410763,0.448922336101532,0.0007274541421793,0.5505372881889343,0.0056325737386941,0.0078357206657528,0.4351630806922912,0.0008313761791214,0.5489577054977417,0.0052584540098905,0.0060690459795296,0.4389042556285858,0.0008105917368084,0.5463804006576538,0.0034086422529071,0.0048635504208505,0.4446199834346771,0.0007274541421793,0.5336811542510986,0.0024317752104252,0.0037619771901518,0.4595639705657959,0.0005611788947135,0.5434913635253906,0.0042815874330699,0.0052792388014495,0.4460748732089996,0.0008729449473321,0.5462141633033752,0.0035333486739546,0.0041360962204635,0.4454929232597351,0.0006235321052372,0.5383784174919128,0.0031384450849145,0.0047180596739053,0.4530792236328125,0.0006858853157609,0.5568349957466125,0.0021200091578066,0.0028474633581936,0.4376156330108642,0.0005819633370265,0.5355725288391113,0.0026396194007247,0.0036788394208997,0.4576517939567566,0.0004572568868752,0.5507451295852661,0.0016419679159298,0.0024109908845275,0.4447862505912781,0.0004156880895607,0.5396047234535217,0.0031800137367099524,0.004281587433069944,0.4521854817867279,0.0007482385262846947
129,0.8857066035270691,0.0,0.0,0.1142934411764144,0.0,0.8858104944229126,0.0,0.0,0.114189513027668,0.0,0.8857689499855042,0.0,0.0,0.1142310872673988,0.0,0.8857897520065308,0.0,0.0,0.1142103001475334,0.0,0.8857897520065308,0.0,0.0,0.1142103001475334,0.0,0.8857897520065308,0.0,0.0,0.1142103001475334,0.0,0.8858104944229126,0.0,0.0,0.114189513027668,0.0,0.8858729004859924,0.0,0.0,0.1141271665692329,0.0,0.8856026530265808,0.0,0.0,0.1143973618745803,0.0,0.8857689499855042,0.0,0.0,0.1142310872673988,0.0,0.8858312964439392,0.0,0.0,0.1141687333583831,0.0,0.8857897520065308,0.0,0.0,0.1142103001475334,0.0,0.8857274055480957,0.0,0.0,0.114272654056549,0.0,0.8857897520065308,0.0,0.0,0.1142103001475334,0.0,0.8858104944229126,0.0,0.0,0.114189513027668,0.0,0.8858520984649658,0.0,0.0,0.1141479462385177,0.0,0.8857897520065308,0.0,0.0,0.1142103001475334,0.0,0.8857274055480957,0.0,0.0,0.114272654056549,0.0,0.8858520984649658,0.0,0.0,0.1141479462385177,0.0,0.8858104944229126,0.0,0.0,0.114189513027668,0.0,0.8858104944229126,0.0,0.0,0.114189513027668,0.0,0.8857897520065308,0.0,0.0,0.1142103001475334,0.0,0.8858104944229126,0.0,0.0,0.114189513027668,0.0,0.8858520984649658,0.0,0.0,0.1141479462385177,0.0,0.8856026530265808,0.0,0.0,0.1143973618745803,0.0,0.8857481479644775,0.0,0.0,0.1142518669366836,0.0,0.8857689499855042,0.0,0.0,0.1142310872673988,0.0,0.8858312964439392,0.0,0.0,0.1141687333583831,0.0,0.8858520984649658,0.0,0.0,0.1141479462385177,0.0,0.8857689499855042,0.0,0.0,0.1142310872673988,0.0,0.5519506335258484,0.00507139461115,0.0046972753480076,0.4372622966766357,0.0010184358106926,0.5365701913833618,0.0039490368217229,0.0047804131172597,0.454076886177063,0.0006235321052372,0.521397590637207,0.003699623979628,0.0042815874330699,0.4697275459766388,0.0008937293896451,0.5481262803077698,0.0022031469270586,0.0023902065586298,0.447010189294815,0.000270197255304,0.5167210698127747,0.0042192339897155,0.0046557066962122,0.4735310673713684,0.0008729449473321,0.539854109287262,0.0041568810120224,0.0041568810120224,0.4511670470237732,0.0006651009316556,0.5551514625549316,0.0030345229897648,0.0032007982954382,0.4380936622619629,0.0005196101265028,0.5473365187644958,0.003699623979628,0.002972169779241,0.4457007646560669,0.0002909816685132,0.5480847358703613,0.0019329495262354,0.0022031469270586,0.4473427236080169,0.000436472473666,0.523787796497345,0.0061313994228839,0.0069004222750663,0.4621827900409698,0.0009976513683795,0.5269262194633484,0.0029513854533433,0.0034709954634308,0.4660694897174835,0.0005819633370265,0.5429301857948303,0.0025564816314727,0.0033462890423834,0.4508137106895447,0.0003533348790369,0.5278407335281372,0.0044478625059127,0.0051129632629454,0.4616008400917053,0.0009976513683795,0.540955662727356,0.0028890322428196,0.004011389799416,0.4517282247543335,0.0004156880895607,0.5278822779655457,0.0033255047164857,0.0034709954634308,0.4646353423595428,0.0006858853157609,0.5394384264945984,0.0030553073156625,0.0034502111375331,0.4533909857273102,0.0006651009316556,0.5331407785415649,0.0049882568418979,0.0056949267163872,0.4554486572742462,0.0007274541421793,0.524307370185852,0.0032423669472336,0.0042815874330699,0.4673165380954742,0.0008521605632267,0.5390642881393433,0.0033462890423834,0.0036788394208997,0.4531831443309784,0.0007274541421793,0.5457984805107117,0.0063600274734199,0.0071082659997045,0.4399019181728363,0.0008313761791214,0.5450502038002014,0.0050298259593546,0.0060274773277342,0.4430819153785705,0.0008105917368084,0.5424106121063232,0.0037411926314234,0.0042815874330699,0.4488392174243927,0.0007274541421793,0.5301477909088135,0.0024525597691535,0.0032423669472336,0.4635961353778839,0.0005611788947135,0.5396047234535217,0.0042608026415109,0.0049466881901025,0.4503149092197418,0.0008729449473321,0.5424106121063232,0.0034917797893285,0.0042400183156132,0.4492340981960296,0.0006235321052372,0.534699559211731,0.0033255047164857,0.0039490368217229,0.4573400318622589,0.0006858853157609,0.5532600283622742,0.0023070687893778,0.0023902065586298,0.4414607286453247,0.0005819633370265,0.5318936705589294,0.0027019726112484,0.0033047201577574,0.4616424143314361,0.0004572568868752,0.5471494197845459,0.0019745184108614,0.0019953027367591,0.4484650790691376,0.0004156880895607,0.5358427166938782,0.003574917558580637,0.003533348673954606,0.4563007950782776,0.0007482385262846947
130,0.8832124471664429,0.0,0.0,0.1167875677347183,0.0,0.8833163976669312,0.0,0.0,0.1166836470365524,0.0,0.8832747936248779,0.0,0.0,0.1167252138257026,0.0,0.8832955956459045,0.0,0.0,0.1167044267058372,0.0,0.8832955956459045,0.0,0.0,0.1167044267058372,0.0,0.8832955956459045,0.0,0.0,0.1167044267058372,0.0,0.8833163976669312,0.0,0.0,0.1166836470365524,0.0,0.8833787441253662,0.0,0.0,0.1166212931275367,0.0,0.8831085562705994,0.0,0.0,0.1168914884328842,0.0,0.8832747936248779,0.0,0.0,0.1167252138257026,0.0,0.8833371996879578,0.0,0.0,0.116662859916687,0.0,0.8832955956459045,0.0,0.0,0.1167044267058372,0.0,0.8832332491874695,0.0,0.0,0.1167667806148529,0.0,0.8832955956459045,0.0,0.0,0.1167044267058372,0.0,0.8833163976669312,0.0,0.0,0.1166836470365524,0.0,0.8833579421043396,0.0,0.0,0.1166420727968216,0.0,0.8832955956459045,0.0,0.0,0.1167044267058372,0.0,0.8832332491874695,0.0,0.0,0.1167667806148529,0.0,0.8833579421043396,0.0,0.0,0.1166420727968216,0.0,0.8833163976669312,0.0,0.0,0.1166836470365524,0.0,0.8833163976669312,0.0,0.0,0.1166836470365524,0.0,0.8832955956459045,0.0,0.0,0.1167044267058372,0.0,0.8833163976669312,0.0,0.0,0.1166836470365524,0.0,0.8833579421043396,0.0,0.0,0.1166420727968216,0.0,0.8831085562705994,0.0,0.0,0.1168914884328842,0.0,0.8832540512084961,0.0,0.0,0.116746000945568,0.0,0.8832747936248779,0.0,0.0,0.1167252138257026,0.0,0.8833371996879578,0.0,0.0,0.116662859916687,0.0,0.8833579421043396,0.0,0.0,0.1166420727968216,0.0,0.8832747936248779,0.0,0.0,0.1167252138257026,0.0,0.5487082600593567,0.0041984496638178,0.0051337475888431,0.4409411251544952,0.0010184358106926,0.5331615209579468,0.0032215826213359,0.0052584540098905,0.4577349424362182,0.0006235321052372,0.5181759595870972,0.0032423669472336,0.0046349219046533,0.4730322659015655,0.0009145137737505,0.5448008179664612,0.0021823623683303,0.0026396194007247,0.45010706782341,0.000270197255304,0.5137488842010498,0.0034917797893285,0.0049259038642048,0.4769605100154876,0.0008729449473321,0.5365493893623352,0.0038035458419471,0.0045517846010625,0.4544302225112915,0.0006651009316556,0.5521792769432068,0.0026396194007247,0.0032215826213359,0.4414399564266205,0.0005196101265028,0.5442603826522827,0.0030760918743908,0.003616486210376,0.4487352967262268,0.0003117660526186,0.545008659362793,0.0019537340849637,0.0023902065586298,0.4502109885215759,0.000436472473666,0.5201920866966248,0.0053415917791426,0.0069835595786571,0.4664851725101471,0.0009976513683795,0.5236214995384216,0.002972169779241,0.0035333486739546,0.4692910611629486,0.0005819633370265,0.539854109287262,0.0023486376740038,0.0035749175585806,0.4538690447807312,0.0003533348790369,0.5244320631027222,0.0038866836111992,0.0055078673176467,0.4651757478713989,0.0009976513683795,0.5378795862197876,0.0025564816314727,0.0037411926314234,0.4554070830345154,0.0004156880895607,0.524951696395874,0.0024733440950512,0.004011389799416,0.4678777158260345,0.0006858853157609,0.5364038944244385,0.0025980505160987,0.003616486210376,0.4567165076732635,0.0006651009316556,0.5296905636787415,0.0045725689269602,0.005798848811537,0.4592106342315674,0.0007274541421793,0.5212520956993103,0.0030137386638671,0.0041153118945658,0.4707667529582977,0.0008521605632267,0.5359258651733398,0.0032007982954382,0.003699623979628,0.4564462900161743,0.0007274541421793,0.5418909788131714,0.0059443395584821,0.0073992479592561,0.4439133107662201,0.0008521605632267,0.5415168404579163,0.0046557066962122,0.0065886559896171,0.4464282095432281,0.0008105917368084,0.5391890406608582,0.0033255047164857,0.0045517846010625,0.4522062838077545,0.0007274541421793,0.5272587537765503,0.0018913807580247,0.0032007982954382,0.4670879244804382,0.0005611788947135,0.5362583994865417,0.0037827615160495,0.0050298259593546,0.4540560841560364,0.0008729449473321,0.53920978307724,0.0031592294108122,0.004343940410763,0.4526427388191223,0.0006443165475502,0.5313948392868042,0.0029513854533433,0.0043647247366607,0.4606031775474548,0.0006858853157609,0.550225555896759,0.0024109908845275,0.0022655001375824,0.4445160627365112,0.0005819633370265,0.5289215445518494,0.0022031469270586,0.0034709954634308,0.4649471342563629,0.0004572568868752,0.544426679611206,0.0016419679159298,0.0020160872954875,0.4514996111392975,0.0004156880895607,0.5327250361442566,0.003096876200288534,0.0037827615160495043,0.4596470892429352,0.0007482385262846947
131,0.8803442120552063,0.0,0.0,0.119655817747116,0.0,0.8804481625556946,0.0,0.0,0.1195518895983696,0.0,0.8804065585136414,0.0,0.0,0.1195934638381004,0.0,0.880427360534668,0.0,0.0,0.119572676718235,0.0,0.880427360534668,0.0,0.0,0.119572676718235,0.0,0.880427360534668,0.0,0.0,0.119572676718235,0.0,0.8804481625556946,0.0,0.0,0.1195518895983696,0.0,0.8805105090141296,0.0,0.0,0.1194895356893539,0.0,0.8802403211593628,0.0,0.0,0.1197597384452819,0.0,0.8804065585136414,0.0,0.0,0.1195934638381004,0.0,0.8804689049720764,0.0,0.0,0.1195311099290847,0.0,0.880427360534668,0.0,0.0,0.119572676718235,0.0,0.8803650140762329,0.0,0.0,0.1196350306272506,0.0,0.880427360534668,0.0,0.0,0.119572676718235,0.0,0.8804481625556946,0.0,0.0,0.1195518895983696,0.0,0.880489706993103,0.0,0.0,0.1195103228092193,0.0,0.880427360534668,0.0,0.0,0.119572676718235,0.0,0.8803650140762329,0.0,0.0,0.1196350306272506,0.0,0.880489706993103,0.0,0.0,0.1195103228092193,0.0,0.8804481625556946,0.0,0.0,0.1195518895983696,0.0,0.8804481625556946,0.0,0.0,0.1195518895983696,0.0,0.880427360534668,0.0,0.0,0.119572676718235,0.0,0.8804481625556946,0.0,0.0,0.1195518895983696,0.0,0.880489706993103,0.0,0.0,0.1195103228092193,0.0,0.8802403211593628,0.0,0.0,0.1197597384452819,0.0,0.8803858160972595,0.0,0.0,0.1196142435073852,0.0,0.8804065585136414,0.0,0.0,0.1195934638381004,0.0,0.8804689049720764,0.0,0.0,0.1195311099290847,0.0,0.880489706993103,0.0,0.0,0.1195103228092193,0.0,0.8804065585136414,0.0,0.0,0.1195934638381004,0.0,0.5449463129043579,0.0037204083055257,0.0055702202953398,0.444723904132843,0.0010392202530056,0.5294411182403564,0.0031176605261862,0.0049882568418979,0.4618294537067413,0.0006235321052372,0.5147050023078918,0.002930600894615,0.0040945275686681,0.4773346185684204,0.0009352981578558,0.5415792465209961,0.0020576559472829,0.0024525597691535,0.4536404013633728,0.000270197255304,0.5101531744003296,0.0028474633581936,0.0051129632629454,0.4809926748275757,0.0008937293896451,0.5329952836036682,0.0031384450849145,0.0047596283257007,0.4584416151046753,0.0006651009316556,0.54856276512146,0.0024941284209489,0.0031800137367099,0.4452435076236725,0.0005196101265028,0.5409141182899475,0.0026811880525201,0.004011389799416,0.452081561088562,0.0003117660526186,0.5415792465209961,0.001829027547501,0.0026188348419964,0.4535157084465027,0.0004572568868752,0.5160351991653442,0.004738843999803,0.0073576788417994,0.4708706736564636,0.0009976513683795,0.5203167796134949,0.0024941284209489,0.0035957018844783,0.4730114638805389,0.0005819633370265,0.5363830924034119,0.0020992248319089,0.0035957018844783,0.4575686454772949,0.0003533348790369,0.5209611058235168,0.0033047201577574,0.0054870825260877,0.4692494869232178,0.0009976513683795,0.5342215299606323,0.0027227569371461,0.003658055095002,0.458981990814209,0.0004156880895607,0.5212312936782837,0.0028058944735676,0.0037827615160495,0.471494197845459,0.0006858853157609,0.532953679561615,0.0024941284209489,0.0034917797893285,0.460395336151123,0.0006651009316556,0.5259701013565063,0.004032174590975,0.0060274773277342,0.4632427990436554,0.0007274541421793,0.5177810788154602,0.0027851101476699,0.0039282524958252,0.474653422832489,0.0008521605632267,0.5324341058731079,0.0028890322428196,0.0038451147265732,0.4601043462753296,0.0007274541421793,0.5377964377403259,0.0055286516435444,0.0076902294531464,0.4481325447559356,0.0008521605632267,0.5375678539276123,0.0043855090625584,0.0065055186860263,0.4507305920124054,0.0008105917368084,0.5355517268180847,0.003263151505962,0.004343940410763,0.4561137557029724,0.0007274541421793,0.5239540338516235,0.0017251055687665,0.0032423669472336,0.4705173373222351,0.0005611788947135,0.5321431159973145,0.003699623979628,0.0054039452224969,0.457880437374115,0.0008729449473321,0.535655677318573,0.0027851101476699,0.0045725689269602,0.4563423693180084,0.0006443165475502,0.5280277729034424,0.0025980505160987,0.0043231560848653,0.464365154504776,0.0006858853157609,0.5470247268676758,0.001808243105188,0.0027019726112484,0.447883129119873,0.0005819633370265,0.5255336761474609,0.0021407937165349,0.0032839358318597,0.4685843884944916,0.0004572568868752,0.5412466526031494,0.0015172614948824,0.0020576559472829,0.4547627568244934,0.0004156880895607,0.5289630889892578,0.0029098165687173605,0.003824330400675535,0.4635545611381531,0.0007482385262846947
132,0.8799285292625427,0.0,0.0,0.1200715005397796,0.0,0.880032479763031,0.0,0.0,0.1199675798416137,0.0,0.8799908757209778,0.0,0.0,0.120009146630764,0.0,0.8800116777420044,0.0,0.0,0.1199883669614791,0.0,0.8800116777420044,0.0,0.0,0.1199883669614791,0.0,0.8800116777420044,0.0,0.0,0.1199883669614791,0.0,0.880032479763031,0.0,0.0,0.1199675798416137,0.0,0.8800948262214661,0.0,0.0,0.1199052259325981,0.0,0.8798246383666992,0.0,0.0,0.1201754212379455,0.0,0.8799908757209778,0.0,0.0,0.120009146630764,0.0,0.8800532221794128,0.0,0.0,0.1199467927217483,0.0,0.8800116777420044,0.0,0.0,0.1199883669614791,0.0,0.8799493312835693,0.0,0.0,0.1200507208704948,0.0,0.8800116777420044,0.0,0.0,0.1199883669614791,0.0,0.880032479763031,0.0,0.0,0.1199675798416137,0.0,0.8800740242004395,0.0,0.0,0.1199260130524635,0.0,0.8800116777420044,0.0,0.0,0.1199883669614791,0.0,0.8799493312835693,0.0,0.0,0.1200507208704948,0.0,0.8800740242004395,0.0,0.0,0.1199260130524635,0.0,0.880032479763031,0.0,0.0,0.1199675798416137,0.0,0.880032479763031,0.0,0.0,0.1199675798416137,0.0,0.8800116777420044,0.0,0.0,0.1199883669614791,0.0,0.880032479763031,0.0,0.0,0.1199675798416137,0.0,0.8800740242004395,0.0,0.0,0.1199260130524635,0.0,0.8798246383666992,0.0,0.0,0.1201754212379455,0.0,0.8799700736999512,0.0,0.0,0.1200299337506294,0.0,0.8799908757209778,0.0,0.0,0.120009146630764,0.0,0.8800532221794128,0.0,0.0,0.1199467927217483,0.0,0.8800740242004395,0.0,0.0,0.1199260130524635,0.0,0.8799908757209778,0.0,0.0,0.120009146630764,0.0,0.5434082746505737,0.0038866836111992,0.005881986580789,0.4457839131355285,0.0010392202530056,0.5280070304870605,0.0033878579270094,0.0046972753480076,0.4632843732833862,0.0006235321052372,0.5135618448257446,0.0027851101476699,0.0041776653379201,0.4785401225090027,0.0009352981578558,0.5408101677894592,0.002244715578854,0.0021407937165349,0.4545341432094574,0.000270197255304,0.5091139674186707,0.0025149129796773,0.0050298259593546,0.4824475944042206,0.0008937293896451,0.5318936705589294,0.0030760918743908,0.0049466881901025,0.4594184756278991,0.0006651009316556,0.5474404096603394,0.0026396194007247,0.0031800137367099,0.4462203681468963,0.0005196101265028,0.5398333072662354,0.0022655001375824,0.004427078180015,0.4531623721122741,0.0003117660526186,0.5407478213310242,0.0018913807580247,0.002535697305575,0.454367846250534,0.0004572568868752,0.5147673487663269,0.0043023717589676,0.007232972420752,0.4726997017860412,0.0009976513683795,0.519402265548706,0.0020368716213852,0.0038451147265732,0.4741338193416595,0.0005819633370265,0.535406231880188,0.0021615780424326,0.0035125643480569,0.4585455358028412,0.0003741192631423,0.5198594927787781,0.0030760918743908,0.0049259038642048,0.4711408615112304,0.0009976513683795,0.5330991744995117,0.0027643258217722,0.0034086422529071,0.4603121876716614,0.0004156880895607,0.5202544331550598,0.0024109908845275,0.004011389799416,0.4726373553276062,0.0006858853157609,0.5319352746009827,0.0023278533481061,0.0035333486739546,0.4615384638309479,0.0006651009316556,0.5247023105621338,0.0036372707691043,0.005881986580789,0.4650510549545288,0.0007274541421793,0.5166171193122864,0.0026188348419964,0.0040737432427704,0.475838154554367,0.0008521605632267,0.531145453453064,0.0028266790322959,0.0037204083055257,0.4615800380706787,0.0007274541421793,0.535468578338623,0.0062145367264747,0.0071914037689566,0.450273334980011,0.0008521605632267,0.5361960530281067,0.0039074681699275,0.0065470873378217,0.4525388181209564,0.0008105917368084,0.5346788167953491,0.0028474633581936,0.0042608026415109,0.4574855268001556,0.0007274541421793,0.5228524804115295,0.0019745184108614,0.0030553073156625,0.4715565741062164,0.0005611788947135,0.5310831069946289,0.0035541329998522,0.0049674725160002,0.459522396326065,0.0008729449473321,0.534699559211731,0.0026604037266224,0.0041984496638178,0.4577972888946533,0.0006443165475502,0.5267391800880432,0.0027851101476699,0.0039906054735183,0.4657992720603943,0.0006858853157609,0.5461310148239136,0.001849811989814,0.002577266190201,0.4488599896430969,0.0005819633370265,0.5246607065200806,0.0020576559472829,0.0032423669472336,0.469582051038742,0.0004572568868752,0.5405399799346924,0.0013509863056242,0.0020784405060112,0.4556149244308471,0.0004156880895607,0.5279654264450073,0.0027851101476699114,0.0036372707691043615,0.46486398577690125,0.0007482385262846947
133,0.8796583414077759,0.0,0.0,0.1203417032957077,0.0,0.8797622323036194,0.0,0.0,0.1202377751469612,0.0,0.8797206878662109,0.0,0.0,0.120279349386692,0.0,0.8797414898872375,0.0,0.0,0.1202585622668266,0.0,0.8797414898872375,0.0,0.0,0.1202585622668266,0.0,0.8797414898872375,0.0,0.0,0.1202585622668266,0.0,0.8797622323036194,0.0,0.0,0.1202377751469612,0.0,0.8798246383666992,0.0,0.0,0.1201754212379455,0.0,0.8795543909072876,0.0,0.0,0.1204456239938736,0.0,0.8797206878662109,0.0,0.0,0.120279349386692,0.0,0.879783034324646,0.0,0.0,0.1202169954776763,0.0,0.8797414898872375,0.0,0.0,0.1202585622668266,0.0,0.8796791434288025,0.0,0.0,0.1203209161758422,0.0,0.8797414898872375,0.0,0.0,0.1202585622668266,0.0,0.8797622323036194,0.0,0.0,0.1202377751469612,0.0,0.8798038363456726,0.0,0.0,0.1201962083578109,0.0,0.8797414898872375,0.0,0.0,0.1202585622668266,0.0,0.8796791434288025,0.0,0.0,0.1203209161758422,0.0,0.8798038363456726,0.0,0.0,0.1201962083578109,0.0,0.8797622323036194,0.0,0.0,0.1202377751469612,0.0,0.8797622323036194,0.0,0.0,0.1202377751469612,0.0,0.8797414898872375,0.0,0.0,0.1202585622668266,0.0,0.8797622323036194,0.0,0.0,0.1202377751469612,0.0,0.8798038363456726,0.0,0.0,0.1201962083578109,0.0,0.8795543909072876,0.0,0.0,0.1204456239938736,0.0,0.8796998858451843,0.0,0.0,0.1203001290559768,0.0,0.8797206878662109,0.0,0.0,0.120279349386692,0.0,0.879783034324646,0.0,0.0,0.1202169954776763,0.0,0.8798038363456726,0.0,0.0,0.1201962083578109,0.0,0.8797206878662109,0.0,0.0,0.120279349386692,0.0,0.5420364737510681,0.0038658990524709,0.0059443395584821,0.4471141099929809,0.0010392202530056,0.5270093679428101,0.0035125643480569,0.0046764910221099,0.4641780853271484,0.0006235321052372,0.5124602913856506,0.0028890322428196,0.0041984496638178,0.4795169830322265,0.0009352981578558,0.5401866436004639,0.0018913807580247,0.0023902065586298,0.4552615880966186,0.000270197255304,0.5077214241027832,0.0029513854533433,0.0048843347467482,0.4835491478443146,0.0008937293896451,0.5307089686393738,0.0030968762002885,0.0049466881901025,0.4605824053287506,0.0006651009316556,0.5464427471160889,0.0026604037266224,0.0034294265788048,0.4469478130340576,0.0005196101265028,0.5388357043266296,0.0024525597691535,0.0041776653379201,0.4542223811149597,0.0003117660526186,0.5400827527046204,0.0019537340849637,0.0021823623683303,0.4553239345550537,0.0004572568868752,0.5131253600120544,0.0046141375787556,0.0068796379491686,0.4743832349777221,0.0009976513683795,0.5184046030044556,0.0024733440950512,0.0034917797893285,0.4750483334064483,0.0005819633370265,0.5346580147743225,0.0022239312529563,0.0032839358318597,0.45946004986763,0.0003741192631423,0.5183422565460205,0.0034502111375331,0.0051129632629454,0.4720969498157501,0.0009976513683795,0.5321638584136963,0.0027435412630438,0.0033878579270094,0.4612890779972076,0.0004156880895607,0.5196101069450378,0.0022239312529563,0.0038035458419471,0.4736765623092651,0.0006858853157609,0.5313324928283691,0.0020576559472829,0.0035541329998522,0.4623906314373016,0.0006651009316556,0.52353835105896,0.0035541329998522,0.0058404174633324,0.4663396775722503,0.0007274541421793,0.5157234072685242,0.002535697305575,0.004011389799416,0.476877361536026,0.0008521605632267,0.530106246471405,0.0029098165687173,0.0038658990524709,0.4623906314373016,0.0007274541421793,0.5333278179168701,0.0064223809167742,0.0072953258641064,0.4521023631095886,0.0008521605632267,0.5346788167953491,0.0043231560848653,0.0060898303054273,0.4540976583957672,0.0008105917368084,0.5334733128547668,0.0028890322428196,0.0043023717589676,0.4586078822612762,0.0007274541421793,0.5220834612846375,0.0020160872954875,0.0028890322428196,0.4724502861499786,0.0005611788947135,0.5294827222824097,0.0040737432427704,0.0050921789370477,0.4604784846305847,0.0008729449473321,0.533203125,0.0031592294108122,0.0042608026415109,0.4587325751781463,0.0006443165475502,0.5256168246269226,0.0030345229897648,0.0037411926314234,0.4669216275215149,0.0006858853157609,0.5453411936759949,0.0018705963157117,0.0026188348419964,0.4495874345302582,0.0005819633370265,0.523787796497345,0.0020576559472829,0.0032423669472336,0.4704549908638,0.0004572568868752,0.5400411486625671,0.0010600045789033,0.0021615780424326,0.4563215970993042,0.0004156880895607,0.5270093679428101,0.0027851101476699114,0.0038658990524709225,0.4655914306640625,0.0007482385262846947
134,0.877974808216095,0.0,0.0,0.1220252364873886,0.0,0.8780786991119385,0.0,0.0,0.1219213157892227,0.0,0.87803715467453,0.0,0.0,0.1219628825783729,0.0,0.8780579566955566,0.0,0.0,0.1219420954585075,0.0,0.8780579566955566,0.0,0.0,0.1219420954585075,0.0,0.8780579566955566,0.0,0.0,0.1219420954585075,0.0,0.8780786991119385,0.0,0.0,0.1219213157892227,0.0,0.8781410455703735,0.0,0.0,0.121858961880207,0.0,0.8778708577156067,0.0,0.0,0.1221291571855545,0.0,0.87803715467453,0.0,0.0,0.1219628825783729,0.0,0.8780995011329651,0.0,0.0,0.1219005286693573,0.0,0.8780579566955566,0.0,0.0,0.1219420954585075,0.0,0.8779956102371216,0.0,0.0,0.1220044493675232,0.0,0.8780579566955566,0.0,0.0,0.1219420954585075,0.0,0.8780786991119385,0.0,0.0,0.1219213157892227,0.0,0.8781203031539917,0.0,0.0,0.1218797490000724,0.0,0.8780579566955566,0.0,0.0,0.1219420954585075,0.0,0.8779956102371216,0.0,0.0,0.1220044493675232,0.0,0.8781203031539917,0.0,0.0,0.1218797490000724,0.0,0.8780786991119385,0.0,0.0,0.1219213157892227,0.0,0.8780786991119385,0.0,0.0,0.1219213157892227,0.0,0.8780579566955566,0.0,0.0,0.1219420954585075,0.0,0.8780786991119385,0.0,0.0,0.1219213157892227,0.0,0.8781203031539917,0.0,0.0,0.1218797490000724,0.0,0.8778708577156067,0.0,0.0,0.1221291571855545,0.0,0.8780163526535034,0.0,0.0,0.1219836696982383,0.0,0.87803715467453,0.0,0.0,0.1219628825783729,0.0,0.8780995011329651,0.0,0.0,0.1219005286693573,0.0,0.8781203031539917,0.0,0.0,0.1218797490000724,0.0,0.87803715467453,0.0,0.0,0.1219628825783729,0.0,0.539459228515625,0.004011389799416,0.0058196331374347,0.4496498107910156,0.0010600045789033,0.5245152115821838,0.0034086422529071,0.0048635504208505,0.4665682911872864,0.0006443165475502,0.5101116299629211,0.0028266790322959,0.004427078180015,0.4816993474960327,0.0009352981578558,0.5381497740745544,0.0014133395161479,0.0030345229897648,0.4571321904659271,0.000270197255304,0.5053312182426453,0.0031800137367099,0.0046972753480076,0.485897809267044,0.0008937293896451,0.5278199315071106,0.0034917797893285,0.0049674725160002,0.4630557298660278,0.0006651009316556,0.5441772937774658,0.0027643258217722,0.0035125643480569,0.4490262567996979,0.0005196101265028,0.5362168550491333,0.0028058944735676,0.0042815874330699,0.4563839435577392,0.0003117660526186,0.5375054478645325,0.0022655001375824,0.0025149129796773,0.4572568833827972,0.0004572568868752,0.5102779269218445,0.0046764910221099,0.007232972420752,0.4768150150775909,0.0009976513683795,0.5157234072685242,0.0026604037266224,0.0037619771901518,0.4772722721099853,0.0005819633370265,0.5321015119552612,0.0025149129796773,0.0031384450849145,0.4618710279464721,0.0003741192631423,0.5159728527069092,0.0032215826213359,0.0053623761050403,0.4744455814361572,0.0009976513683795,0.5301269888877869,0.0025149129796773,0.0034709954634308,0.4634506404399872,0.000436472473666,0.517282247543335,0.0024317752104252,0.0037619771901518,0.475838154554367,0.0006858853157609,0.5290462374687195,0.0021200091578066,0.0035957018844783,0.4645729959011078,0.0006651009316556,0.5203375816345215,0.0041153118945658,0.0059443395584821,0.468875378370285,0.0007274541421793,0.5133748054504395,0.0026396194007247,0.0038035458419471,0.4793091416358948,0.0008729449473321,0.5278822779655457,0.0028058944735676,0.0039906054735183,0.4645937979221344,0.0007274541421793,0.5305219292640686,0.0061313994228839,0.0077733672223985,0.4547211825847626,0.0008521605632267,0.5321015119552612,0.0041776653379201,0.0060690459795296,0.4568412005901336,0.0008105917368084,0.5306881666183472,0.003263151505962,0.0044686468318104,0.4608525931835174,0.0007274541421793,0.5199010968208313,0.0021200091578066,0.0028474633581936,0.4745703041553497,0.0005611788947135,0.5268222689628601,0.0041984496638178,0.0051129632629454,0.4629933834075928,0.0008729449473321,0.5309168100357056,0.0030553073156625,0.0041984496638178,0.4611851572990417,0.0006443165475502,0.5229979753494263,0.0031592294108122,0.0041360962204635,0.4690208733081817,0.0006858853157609,0.5430549383163452,0.0019329495262354,0.0028474633581936,0.4515411853790283,0.0006235321052372,0.5215846300125122,0.0020992248319089,0.0031800137367099,0.472678929567337,0.0004572568868752,0.5380250811576843,0.001163926674053,0.0022031469270586,0.4581921994686126,0.0004156880895607,0.5247230529785156,0.0027643258217722178,0.0041984496638178825,0.46756595373153687,0.0007482385262846947
135,0.876228928565979,0.0,0.0,0.1237711235880851,0.0,0.8763328194618225,0.0,0.0,0.1236672028899192,0.0,0.8762912750244141,0.0,0.0,0.1237087696790695,0.0,0.8763120174407959,0.0,0.0,0.1236879900097847,0.0,0.8763120174407959,0.0,0.0,0.1236879900097847,0.0,0.8763120174407959,0.0,0.0,0.1236879900097847,0.0,0.8763328194618225,0.0,0.0,0.1236672028899192,0.0,0.8763951659202576,0.0,0.0,0.1236048489809036,0.0,0.8761249780654907,0.0,0.0,0.1238750517368316,0.0,0.8762912750244141,0.0,0.0,0.1237087696790695,0.0,0.8763536214828491,0.0,0.0,0.1236464232206344,0.0,0.8763120174407959,0.0,0.0,0.1236879900097847,0.0,0.8762496709823608,0.0,0.0,0.1237503439188003,0.0,0.8763120174407959,0.0,0.0,0.1236879900097847,0.0,0.8763328194618225,0.0,0.0,0.1236672028899192,0.0,0.8763744235038757,0.0,0.0,0.123625636100769,0.0,0.8763120174407959,0.0,0.0,0.1236879900097847,0.0,0.8762496709823608,0.0,0.0,0.1237503439188003,0.0,0.8763744235038757,0.0,0.0,0.123625636100769,0.0,0.8763328194618225,0.0,0.0,0.1236672028899192,0.0,0.8763328194618225,0.0,0.0,0.1236672028899192,0.0,0.8763120174407959,0.0,0.0,0.1236879900097847,0.0,0.8763328194618225,0.0,0.0,0.1236672028899192,0.0,0.8763744235038757,0.0,0.0,0.123625636100769,0.0,0.8761249780654907,0.0,0.0,0.1238750517368316,0.0,0.8762704730033875,0.0,0.0,0.1237295567989349,0.0,0.8762912750244141,0.0,0.0,0.1237087696790695,0.0,0.8763536214828491,0.0,0.0,0.1236464232206344,0.0,0.8763744235038757,0.0,0.0,0.123625636100769,0.0,0.8762912750244141,0.0,0.0,0.1237087696790695,0.0,0.5368611812591553,0.0039698211476206,0.0050921789370477,0.4530168771743774,0.0010600045789033,0.522187352180481,0.0031384450849145,0.0040737432427704,0.4699561595916748,0.0006443165475502,0.5075967311859131,0.0029929541051387,0.0038451147265732,0.4846299588680267,0.0009352981578558,0.5360921621322632,0.0013717706315219,0.002535697305575,0.4597302377223968,0.000270197255304,0.5030033588409424,0.0030345229897648,0.0042192339897155,0.4888491928577423,0.0008937293896451,0.5254713296890259,0.0034086422529071,0.0044894311577081,0.4659655690193176,0.0006651009316556,0.5420572757720947,0.0023902065586298,0.0033878579270094,0.4516451060771942,0.0005196101265028,0.5337019562721252,0.0030968762002885,0.0035541329998522,0.4593353271484375,0.0003117660526186,0.5353023409843445,0.0021615780424326,0.0025149129796773,0.4595639705657959,0.0004572568868752,0.5073888897895813,0.0045310002751648,0.0066302251070737,0.480452299118042,0.0009976513683795,0.5131669640541077,0.0030345229897648,0.0034086422529071,0.4797871708869934,0.0006027477211318,0.5296074151992798,0.0026604037266224,0.0029513854533433,0.4644067287445068,0.0003741192631423,0.513146162033081,0.003699623979628,0.0044894311577081,0.4776671826839447,0.0009976513683795,0.5278199315071106,0.0022862844634801,0.0033462890423834,0.4661110341548919,0.000436472473666,0.5147465467453003,0.0023694219999015,0.0033255047164857,0.4788726568222046,0.0006858853157609,0.5266767740249634,0.0021615780424326,0.0031800137367099,0.4673165380954742,0.0006651009316556,0.5174277424812317,0.004427078180015,0.0054247295483946,0.4719930291175842,0.0007274541421793,0.5110469460487366,0.0026188348419964,0.003616486210376,0.4818240702152252,0.0008937293896451,0.5254297256469727,0.0028890322428196,0.0038243304006755,0.4671294689178467,0.0007274541421793,0.5272379517555237,0.0064431652426719,0.0071706194430589,0.4582961201667785,0.0008521605632267,0.5292748212814331,0.0041776653379201,0.0057364953681826,0.4599796533584595,0.0008313761791214,0.5283603072166443,0.0030760918743908,0.0040945275686681,0.4637416303157806,0.0007274541421793,0.5176147818565369,0.0022239312529563,0.0023278533481061,0.4772722721099853,0.0005611788947135,0.5244736671447754,0.0035541329998522,0.0050298259593546,0.4660486876964569,0.0008937293896451,0.5284227132797241,0.0031176605261862,0.0038451147265732,0.4639494717121124,0.0006651009316556,0.5203167796134949,0.0035957018844783,0.0034502111375331,0.4719514548778534,0.0006858853157609,0.5407062768936157,0.0022031469270586,0.0027435412630438,0.4537235498428345,0.0006235321052372,0.5192775726318359,0.0021407937165349,0.0027227569371461,0.4754016697406769,0.0004572568868752,0.5356972217559814,0.0014341238420456,0.0019537340849637,0.4604992568492889,0.0004156880895607,0.5222081542015076,0.0026396194007247686,0.003990605473518372,0.470392644405365,0.0007690229685977101
136,0.8730280995368958,0.0,0.0,0.1269719302654266,0.0,0.873132050037384,0.0,0.0,0.1268680095672607,0.0,0.8730904459953308,0.0,0.0,0.1269095689058303,0.0,0.8731112480163574,0.0,0.0,0.1268887817859649,0.0,0.8731112480163574,0.0,0.0,0.1268887817859649,0.0,0.8731112480163574,0.0,0.0,0.1268887817859649,0.0,0.873132050037384,0.0,0.0,0.1268680095672607,0.0,0.8731943964958191,0.0,0.0,0.1268056482076645,0.0,0.8729242086410522,0.0,0.0,0.1270758509635925,0.0,0.8730904459953308,0.0,0.0,0.1269095689058303,0.0,0.8731527924537659,0.0,0.0,0.1268472224473953,0.0,0.8731112480163574,0.0,0.0,0.1268887817859649,0.0,0.8730489015579224,0.0,0.0,0.1269511431455612,0.0,0.8731112480163574,0.0,0.0,0.1268887817859649,0.0,0.873132050037384,0.0,0.0,0.1268680095672607,0.0,0.8731735944747925,0.0,0.0,0.1268264353275299,0.0,0.8731112480163574,0.0,0.0,0.1268887817859649,0.0,0.8730489015579224,0.0,0.0,0.1269511431455612,0.0,0.8731735944747925,0.0,0.0,0.1268264353275299,0.0,0.873132050037384,0.0,0.0,0.1268680095672607,0.0,0.873132050037384,0.0,0.0,0.1268680095672607,0.0,0.8731112480163574,0.0,0.0,0.1268887817859649,0.0,0.873132050037384,0.0,0.0,0.1268680095672607,0.0,0.8731735944747925,0.0,0.0,0.1268264353275299,0.0,0.8729242086410522,0.0,0.0,0.1270758509635925,0.0,0.873069703578949,0.0,0.0,0.1269303560256958,0.0,0.8730904459953308,0.0,0.0,0.1269095689058303,0.0,0.8731527924537659,0.0,0.0,0.1268472224473953,0.0,0.8731735944747925,0.0,0.0,0.1268264353275299,0.0,0.8730904459953308,0.0,0.0,0.1269095689058303,0.0,0.5325796008110046,0.0039282524958252,0.0048427660949528,0.4575894474983215,0.0010600045789033,0.5182799100875854,0.0028266790322959,0.0041360962204635,0.4741130471229553,0.0006443165475502,0.5034398436546326,0.0032215826213359,0.003658055095002,0.4887452721595764,0.0009352981578558,0.5326211452484131,0.0012886330951005,0.0024109908845275,0.4633882939815521,0.0002909816685132,0.499282956123352,0.002930600894615,0.0034709954634308,0.4934217631816864,0.0008937293896451,0.5213559865951538,0.0036372707691043,0.0038243304006755,0.4705173373222351,0.0006651009316556,0.5383992195129395,0.0021407937165349,0.0032007982954382,0.455718845129013,0.0005403945106081,0.5301477909088135,0.0027851101476699,0.0033462890423834,0.4633882939815521,0.0003325504658278,0.531602680683136,0.002244715578854,0.002244715578854,0.4634506404399872,0.0004572568868752,0.5029410123825073,0.0049259038642048,0.0055910046212375,0.4855444729328155,0.0009976513683795,0.5096959471702576,0.0028058944735676,0.0029929541051387,0.4839024841785431,0.0006027477211318,0.5258870124816895,0.0026188348419964,0.0026604037266224,0.4684596955776214,0.0003741192631423,0.5092179179191589,0.0037411926314234,0.0039906054735183,0.4820526838302612,0.0009976513683795,0.5240787267684937,0.0021200091578066,0.0034294265788048,0.4699353873729706,0.000436472473666,0.5109221935272217,0.0024317752104252,0.0033670733682811,0.4825930893421173,0.0006858853157609,0.522499144077301,0.002535697305575,0.0030968762002885,0.4712032377719879,0.0006651009316556,0.5133540034294128,0.0044478625059127,0.0048843347467482,0.4765863716602325,0.0007274541421793,0.5073680877685547,0.0023486376740038,0.0035333486739546,0.4858562350273132,0.0008937293896451,0.5214806795120239,0.0027643258217722,0.0037619771901518,0.471265584230423,0.0007274541421793,0.5226861834526062,0.005881986580789,0.0074408166110515,0.4631388783454895,0.0008521605632267,0.5249308943748474,0.0043647247366607,0.0053415917791426,0.4645314216613769,0.0008313761791214,0.5248477458953857,0.002930600894615,0.0037204083055257,0.4677737951278686,0.0007274541421793,0.5142061710357666,0.0017458898946642,0.0024109908845275,0.4810758233070373,0.0005611788947135,0.5204830765724182,0.003699623979628,0.004343940410763,0.4705796837806701,0.0008937293896451,0.524307370185852,0.0034917797893285,0.0033255047164857,0.4682102799415588,0.0006651009316556,0.5160767436027527,0.0037619771901518,0.0034709954634308,0.476004421710968,0.0006858853157609,0.537152111530304,0.0020784405060112,0.0022862844634801,0.4578596353530884,0.0006235321052372,0.5154116749763489,0.0023486376740038,0.0025980505160987,0.4791844487190246,0.0004572568868752,0.5322886109352112,0.0013509863056242,0.001808243105188,0.46413654088974,0.0004156880895607,0.5185085535049438,0.002556481631472707,0.003491779789328575,0.4746742248535156,0.0007690229685977101
137,0.8697025775909424,0.0,0.0,0.1302974224090576,0.0,0.8698065280914307,0.0,0.0,0.1301935017108917,0.0,0.8697649836540222,0.0,0.0,0.1302350759506225,0.0,0.869785726070404,0.0,0.0,0.1302142888307571,0.0,0.869785726070404,0.0,0.0,0.1302142888307571,0.0,0.869785726070404,0.0,0.0,0.1302142888307571,0.0,0.8698065280914307,0.0,0.0,0.1301935017108917,0.0,0.8698688745498657,0.0,0.0,0.1301311552524566,0.0,0.8695986866950989,0.0,0.0,0.1304013580083847,0.0,0.8697649836540222,0.0,0.0,0.1302350759506225,0.0,0.8698273301124573,0.0,0.0,0.1301727294921875,0.0,0.869785726070404,0.0,0.0,0.1302142888307571,0.0,0.869723379611969,0.0,0.0,0.1302766501903534,0.0,0.869785726070404,0.0,0.0,0.1302142888307571,0.0,0.8698065280914307,0.0,0.0,0.1301935017108917,0.0,0.8698480725288391,0.0,0.0,0.130151942372322,0.0,0.869785726070404,0.0,0.0,0.1302142888307571,0.0,0.869723379611969,0.0,0.0,0.1302766501903534,0.0,0.8698480725288391,0.0,0.0,0.130151942372322,0.0,0.8698065280914307,0.0,0.0,0.1301935017108917,0.0,0.8698065280914307,0.0,0.0,0.1301935017108917,0.0,0.869785726070404,0.0,0.0,0.1302142888307571,0.0,0.8698065280914307,0.0,0.0,0.1301935017108917,0.0,0.8698480725288391,0.0,0.0,0.130151942372322,0.0,0.8695986866950989,0.0,0.0,0.1304013580083847,0.0,0.8697441816329956,0.0,0.0,0.1302558630704879,0.0,0.8697649836540222,0.0,0.0,0.1302350759506225,0.0,0.8698273301124573,0.0,0.0,0.1301727294921875,0.0,0.8698480725288391,0.0,0.0,0.130151942372322,0.0,0.8697649836540222,0.0,0.0,0.1302350759506225,0.0,0.528505802154541,0.0035749175585806,0.0049882568418979,0.4618710279464721,0.0010600045789033,0.5139567255973816,0.0030968762002885,0.0041153118945658,0.4781867861747741,0.0006443165475502,0.4994284510612488,0.0030760918743908,0.003616486210376,0.4929229319095611,0.0009560826001688,0.5290254354476929,0.0012054954422637,0.0025980505160987,0.4668800830841064,0.0002909816685132,0.4950844943523407,0.0026811880525201,0.0036372707691043,0.497703343629837,0.0008937293896451,0.5171159505844116,0.0036372707691043,0.0039906054735183,0.4745495021343231,0.0007066697580739,0.5341799855232239,0.0023070687893778,0.0033670733682811,0.4596055150032043,0.0005403945106081,0.5263858437538147,0.0024941284209489,0.0029929541051387,0.4677945971488952,0.0003325504658278,0.5278615355491638,0.0022655001375824,0.0022862844634801,0.4671294689178467,0.0004572568868752,0.4987425506114959,0.004427078180015,0.0056741423904895,0.4901585876941681,0.0009976513683795,0.5059131979942322,0.002535697305575,0.0027643258217722,0.4881840944290161,0.0006027477211318,0.5218132734298706,0.0028890322428196,0.0026396194007247,0.4722840189933777,0.0003741192631423,0.5052688717842102,0.0031176605261862,0.0043231560848653,0.4862719178199768,0.0010184358106926,0.5198594927787781,0.0023486376740038,0.0034294265788048,0.4739052057266235,0.0004572568868752,0.5068069100379944,0.0028474633581936,0.0027851101476699,0.4868538677692413,0.0007066697580739,0.5187163949012756,0.0026604037266224,0.0026604037266224,0.475297749042511,0.0006651009316556,0.508573591709137,0.0050090411677956,0.0045310002751648,0.4811589419841766,0.0007274541421793,0.5036268830299377,0.0021407937165349,0.0032423669472336,0.490096241235733,0.0008937293896451,0.5176771283149719,0.0024733440950512,0.0035957018844783,0.4755263924598694,0.0007274541421793,0.5178434252738953,0.0055286516435444,0.0080851335078477,0.467690646648407,0.0008521605632267,0.5205454230308533,0.0041776653379201,0.005154532380402,0.4692910611629486,0.0008313761791214,0.5210234522819519,0.0024941284209489,0.0037827615160495,0.47197225689888,0.0007274541421793,0.5107143521308899,0.0014133395161479,0.0024733440950512,0.4848169982433319,0.0005819633370265,0.5163053870201111,0.0032215826213359,0.0048843347467482,0.4746742248535156,0.0009145137737505,0.5203167796134949,0.002930600894615,0.0038866836111992,0.472200870513916,0.0006651009316556,0.5122731924057007,0.0033878579270094,0.0036372707691043,0.4800158143043518,0.0006858853157609,0.5334525108337402,0.0019329495262354,0.0023694219999015,0.4616216123104095,0.0006235321052372,0.5116496682167053,0.0021823623683303,0.0026604037266224,0.4830503463745117,0.0004572568868752,0.5287344455718994,0.0013509863056242,0.0015796147054061,0.4678777158260345,0.0004572568868752,0.5146218538284302,0.0024317752104252577,0.0034709954634308815,0.4786856174468994,0.0007898073527030647
138,0.8626774549484253,0.0,0.0,0.1373225599527359,0.0,0.8627814054489136,0.0,0.0,0.13721863925457,0.0,0.8627398014068604,0.0,0.0,0.1372601985931396,0.0,0.862760603427887,0.0,0.0,0.1372394263744354,0.0,0.862760603427887,0.0,0.0,0.1372394263744354,0.0,0.862760603427887,0.0,0.0,0.1372394263744354,0.0,0.8627814054489136,0.0,0.0,0.13721863925457,0.0,0.8628437519073486,0.0,0.0,0.1371562778949737,0.0,0.8625735640525818,0.0,0.0,0.1374264806509018,0.0,0.8627398014068604,0.0,0.0,0.1372601985931396,0.0,0.8628022074699402,0.0,0.0,0.1371978521347046,0.0,0.862760603427887,0.0,0.0,0.1372394263744354,0.0,0.8626982569694519,0.0,0.0,0.1373017728328704,0.0,0.862760603427887,0.0,0.0,0.1372394263744354,0.0,0.8627814054489136,0.0,0.0,0.13721863925457,0.0,0.862822949886322,0.0,0.0,0.1371770650148391,0.0,0.862760603427887,0.0,0.0,0.1372394263744354,0.0,0.8626982569694519,0.0,0.0,0.1373017728328704,0.0,0.862822949886322,0.0,0.0,0.1371770650148391,0.0,0.8627814054489136,0.0,0.0,0.13721863925457,0.0,0.8627814054489136,0.0,0.0,0.13721863925457,0.0,0.862760603427887,0.0,0.0,0.1372394263744354,0.0,0.8627814054489136,0.0,0.0,0.13721863925457,0.0,0.862822949886322,0.0,0.0,0.1371770650148391,0.0,0.8625735640525818,0.0,0.0,0.1374264806509018,0.0,0.8627190589904785,0.0,0.0,0.137280985713005,0.0,0.8627398014068604,0.0,0.0,0.1372601985931396,0.0,0.8628022074699402,0.0,0.0,0.1371978521347046,0.0,0.862822949886322,0.0,0.0,0.1371770650148391,0.0,0.8627398014068604,0.0,0.0,0.1372601985931396,0.0,0.5206077694892883,0.0035541329998522,0.0047596283257007,0.4700185060501098,0.0010600045789033,0.5061417818069458,0.0030760918743908,0.0043231560848653,0.4858146607875824,0.0006443165475502,0.4920291900634765,0.0027851101476699,0.0035541329998522,0.5006754994392395,0.0009560826001688,0.5216261744499207,0.0012262798845767,0.002244715578854,0.4745703041553497,0.0003325504658278,0.4870409369468689,0.0029929541051387,0.003658055095002,0.5053935647010803,0.0009145137737505,0.5095504522323608,0.002972169779241,0.0043023717589676,0.4824683666229248,0.0007066697580739,0.5263650417327881,0.0025149129796773,0.0032423669472336,0.4673373401165008,0.0005403945106081,0.5187994837760925,0.0021200091578066,0.0033878579270094,0.475360095500946,0.0003325504658278,0.5203999280929565,0.001808243105188,0.0028474633581936,0.474487155675888,0.0004572568868752,0.4904703795909881,0.0045102154836058,0.0057780644856393,0.4982437491416931,0.0009976513683795,0.498410016298294,0.0020160872954875,0.0034709954634308,0.4955002069473266,0.0006027477211318,0.5141022205352783,0.0027019726112484,0.0030968762002885,0.4797248244285583,0.0003741192631423,0.4976201951503753,0.0030553073156625,0.0041360962204635,0.4941699802875519,0.0010184358106926,0.512190043926239,0.0026396194007247,0.0030968762002885,0.4815746545791626,0.0004988256841897,0.4994700253009796,0.0025149129796773,0.0028682476840913,0.4944401979446411,0.0007066697580739,0.5112963318824768,0.0024525597691535,0.0026604037266224,0.4829256236553192,0.0006651009316556,0.5003429651260376,0.0046972753480076,0.00507139461115,0.4891193807125091,0.0007690229685977,0.4959158897399902,0.0021615780424326,0.0032007982954382,0.4978280365467071,0.0008937293896451,0.5099661350250244,0.0026188348419964,0.0034502111375331,0.4832373857498169,0.0007274541421793,0.5095712542533875,0.0056533580645918,0.0075447387062013,0.4763577580451965,0.0008729449473321,0.5124810338020325,0.0043231560848653,0.0052168853580951,0.4771060049533844,0.0008729449473321,0.5133540034294128,0.0020368716213852,0.0039906054735183,0.4798911213874817,0.0007274541421793,0.5033358931541443,0.0012678486527875,0.0025149129796773,0.4922994077205658,0.0005819633370265,0.508573591709137,0.0029513854533433,0.0050506102852523,0.4825099408626556,0.0009145137737505,0.5125018358230591,0.0031176605261862,0.0037619771901518,0.4799534678459167,0.0006651009316556,0.5046868920326233,0.0030137386638671,0.0039698211476206,0.48764368891716,0.0006858853157609,0.5260948538780212,0.0016627523582428,0.0024733440950512,0.4691455662250519,0.0006235321052372,0.504188060760498,0.0020992248319089,0.002577266190201,0.4906574189662933,0.0004780413000844,0.5215222835540771,0.0012054954422637,0.0013925550738349,0.4754016697406769,0.0004780413000844,0.5070562958717346,0.002369421999901533,0.0033878579270094633,0.4863966107368469,0.0007898073527030647
139,0.86236572265625,0.0,0.0,0.1376343220472335,0.0,0.8624696135520935,0.0,0.0,0.1375304013490677,0.0,0.8624280691146851,0.0,0.0,0.1375719755887985,0.0,0.8624488711357117,0.0,0.0,0.1375511884689331,0.0,0.8624488711357117,0.0,0.0,0.1375511884689331,0.0,0.8624488711357117,0.0,0.0,0.1375511884689331,0.0,0.8624696135520935,0.0,0.0,0.1375304013490677,0.0,0.8625319600105286,0.0,0.0,0.1374680548906326,0.0,0.8622617721557617,0.0,0.0,0.1377382427453994,0.0,0.8624280691146851,0.0,0.0,0.1375719755887985,0.0,0.8624904155731201,0.0,0.0,0.1375096142292022,0.0,0.8624488711357117,0.0,0.0,0.1375511884689331,0.0,0.8623865246772766,0.0,0.0,0.1376135349273681,0.0,0.8624488711357117,0.0,0.0,0.1375511884689331,0.0,0.8624696135520935,0.0,0.0,0.1375304013490677,0.0,0.8625112175941467,0.0,0.0,0.1374888271093368,0.0,0.8624488711357117,0.0,0.0,0.1375511884689331,0.0,0.8623865246772766,0.0,0.0,0.1376135349273681,0.0,0.8625112175941467,0.0,0.0,0.1374888271093368,0.0,0.8624696135520935,0.0,0.0,0.1375304013490677,0.0,0.8624696135520935,0.0,0.0,0.1375304013490677,0.0,0.8624488711357117,0.0,0.0,0.1375511884689331,0.0,0.8624696135520935,0.0,0.0,0.1375304013490677,0.0,0.8625112175941467,0.0,0.0,0.1374888271093368,0.0,0.8622617721557617,0.0,0.0,0.1377382427453994,0.0,0.8624072670936584,0.0,0.0,0.1375927478075027,0.0,0.8624280691146851,0.0,0.0,0.1375719755887985,0.0,0.8624904155731201,0.0,0.0,0.1375096142292022,0.0,0.8625112175941467,0.0,0.0,0.1374888271093368,0.0,0.8624280691146851,0.0,0.0,0.1375719755887985,0.0,0.5196309089660645,0.0033670733682811,0.0048635504208505,0.4710785150527954,0.0010600045789033,0.5051233768463135,0.0032007982954382,0.0039906054735183,0.4870409369468689,0.0006443165475502,0.4910315573215484,0.0027019726112484,0.0035957018844783,0.5017147064208984,0.0009560826001688,0.5210649967193604,0.001163926674053,0.0017251055687665,0.4757134318351745,0.0003325504658278,0.4860017299652099,0.0031384450849145,0.0037619771901518,0.506183385848999,0.0009145137737505,0.5087814331054688,0.0028266790322959,0.0040945275686681,0.4835907220840454,0.0007066697580739,0.5254505276679993,0.0027435412630438,0.0031384450849145,0.4681271314620971,0.0005403945106081,0.5178018808364868,0.0020368716213852,0.0035749175585806,0.4762538373470306,0.0003325504658278,0.5196309089660645,0.001808243105188,0.0027227569371461,0.4753808975219726,0.0004572568868752,0.489389568567276,0.0041360962204635,0.0058196331374347,0.4996570646762848,0.0009976513683795,0.4975578486919403,0.0017458898946642,0.0034709954634308,0.4966225624084472,0.0006027477211318,0.5132708549499512,0.0024733440950512,0.003263151505962,0.4806185662746429,0.0003741192631423,0.496830403804779,0.0024525597691535,0.0043023717589676,0.4953962862491607,0.0010184358106926,0.5112755298614502,0.0026811880525201,0.0030760918743908,0.4824683666229248,0.0004988256841897,0.4986386299133301,0.002244715578854,0.0032215826213359,0.4951884150505066,0.0007066697580739,0.5106104612350464,0.0022031469270586,0.0027435412630438,0.483777791261673,0.0006651009316556,0.4990958869457245,0.0044686468318104,0.0052792388014495,0.4903872311115265,0.0007690229685977,0.4950013756752014,0.0021823623683303,0.0032215826213359,0.4987010061740875,0.0008937293896451,0.5092386603355408,0.0023278533481061,0.0035125643480569,0.4841934740543365,0.0007274541421793,0.5075551271438599,0.0058196331374347,0.0076694451272487,0.4780828654766083,0.0008729449473321,0.5111300945281982,0.0042815874330699,0.0052584540098905,0.478456974029541,0.0008729449473321,0.5125849843025208,0.0019121652003377,0.0038451147265732,0.4809303283691406,0.0007274541421793,0.5024421811103821,0.0013094174209982,0.0026604037266224,0.4930060803890228,0.0005819633370265,0.5071810483932495,0.0034294265788048,0.0048011974431574,0.4836738705635071,0.0009145137737505,0.5116496682167053,0.0029098165687173,0.0038035458419471,0.4809719026088714,0.0006651009316556,0.5036268830299377,0.0028266790322959,0.0040945275686681,0.4887660443782806,0.0006858853157609,0.5252010822296143,0.0016419679159298,0.002535697305575,0.4699977338314056,0.0006235321052372,0.5035645365715027,0.001849811989814,0.0026604037266224,0.491447240114212,0.0004780413000844,0.5208987593650818,0.0009352981578558,0.0017458898946642,0.4759420752525329,0.0004780413000844,0.5059963464736938,0.0023486376740038395,0.003533348673954606,0.48733192682266235,0.0007898073527030647
140,0.862116277217865,0.0,0.0,0.1378837376832962,0.0,0.8622202277183533,0.0,0.0,0.1377798169851303,0.0,0.8621786236763,0.0,0.0,0.1378213763236999,0.0,0.8621994256973267,0.0,0.0,0.1378006041049957,0.0,0.8621994256973267,0.0,0.0,0.1378006041049957,0.0,0.8621994256973267,0.0,0.0,0.1378006041049957,0.0,0.8622202277183533,0.0,0.0,0.1377798169851303,0.0,0.8622825741767883,0.0,0.0,0.137717455625534,0.0,0.8620123863220215,0.0,0.0,0.1379876583814621,0.0,0.8621786236763,0.0,0.0,0.1378213763236999,0.0,0.8622410297393799,0.0,0.0,0.1377590298652649,0.0,0.8621994256973267,0.0,0.0,0.1378006041049957,0.0,0.8621370792388916,0.0,0.0,0.1378629505634308,0.0,0.8621994256973267,0.0,0.0,0.1378006041049957,0.0,0.8622202277183533,0.0,0.0,0.1377798169851303,0.0,0.8622617721557617,0.0,0.0,0.1377382427453994,0.0,0.8621994256973267,0.0,0.0,0.1378006041049957,0.0,0.8621370792388916,0.0,0.0,0.1378629505634308,0.0,0.8622617721557617,0.0,0.0,0.1377382427453994,0.0,0.8622202277183533,0.0,0.0,0.1377798169851303,0.0,0.8622202277183533,0.0,0.0,0.1377798169851303,0.0,0.8621994256973267,0.0,0.0,0.1378006041049957,0.0,0.8622202277183533,0.0,0.0,0.1377798169851303,0.0,0.8622617721557617,0.0,0.0,0.1377382427453994,0.0,0.8620123863220215,0.0,0.0,0.1379876583814621,0.0,0.8621578812599182,0.0,0.0,0.1378421634435653,0.0,0.8621786236763,0.0,0.0,0.1378213763236999,0.0,0.8622410297393799,0.0,0.0,0.1377590298652649,0.0,0.8622617721557617,0.0,0.0,0.1377382427453994,0.0,0.8621786236763,0.0,0.0,0.1378213763236999,0.0,0.5187787413597107,0.0028890322428196,0.0050506102852523,0.4722216725349426,0.0010600045789033,0.5043959021568298,0.002972169779241,0.0038451147265732,0.4881425201892853,0.0006443165475502,0.4901793897151947,0.0023486376740038,0.0039490368217229,0.5025668740272522,0.0009560826001688,0.5205454230308533,0.001163926674053,0.0016419679159298,0.4763161838054657,0.0003325504658278,0.4852950572967529,0.0030760918743908,0.0035541329998522,0.5071602463722229,0.0009145137737505,0.5077422261238098,0.0027019726112484,0.0043231560848653,0.4845260381698608,0.0007066697580739,0.5247853994369507,0.0027019726112484,0.0028474633581936,0.4691247940063476,0.0005403945106081,0.5169081091880798,0.0023278533481061,0.0034502111375331,0.4769812822341919,0.0003325504658278,0.5189449787139893,0.0017458898946642,0.0026604037266224,0.4761914908885956,0.0004572568868752,0.4885997772216797,0.0034294265788048,0.0057780644856393,0.5011951327323914,0.0009976513683795,0.4969135224819183,0.0018705963157117,0.0033047201577574,0.4973084330558777,0.0006027477211318,0.5123355388641357,0.0026396194007247,0.0031800137367099,0.4814707338809967,0.0003741192631423,0.4959158897399902,0.0023902065586298,0.004427078180015,0.4962484240531921,0.0010184358106926,0.5104857683181763,0.0026811880525201,0.0028266790322959,0.4835076034069061,0.0004988256841897,0.497869610786438,0.0021407937165349,0.0029929541051387,0.496289998292923,0.0007066697580739,0.5099037885665894,0.0016835366841405,0.0031384450849145,0.4846091568470001,0.0006651009316556,0.4980151057243347,0.004427078180015,0.0053000231273472,0.4914888143539428,0.0007690229685977,0.4942947030067444,0.0021615780424326,0.0030968762002885,0.4995531439781189,0.0008937293896451,0.5084904432296753,0.0020784405060112,0.0036372707691043,0.4850664138793945,0.0007274541421793,0.5063080787658691,0.00546629820019,0.0077941515482962,0.4795585572719574,0.0008729449473321,0.5098206400871277,0.0041984496638178,0.0053208074532449,0.4797871708869934,0.0008729449473321,0.5117536187171936,0.0021823623683303,0.0033878579270094,0.4819487631320953,0.0007274541421793,0.5018186569213867,0.0014756927266716,0.0024317752104252,0.4936919510364532,0.0005819633370265,0.5061417818069458,0.0034294265788048,0.004343940410763,0.4851703345775604,0.0009145137737505,0.5105896592140198,0.0028058944735676,0.004032174590975,0.4819071888923645,0.0006651009316556,0.5026708245277405,0.0024941284209489,0.0046349219046533,0.4895142912864685,0.0006858853157609,0.524307370185852,0.0019329495262354,0.0025564816314727,0.4705796837806701,0.0006235321052372,0.5026292204856873,0.0018705963157117,0.0028058944735676,0.4922162592411041,0.0004780413000844,0.5205038189888,0.0008729449473321,0.0016419679159298,0.4765032529830932,0.0004780413000844,0.5053104162216187,0.002286284463480115,0.003138445084914565,0.4884750545024872,0.0007898073527030647
141,0.860619843006134,0.0,0.0,0.1393802165985107,0.0,0.8607237339019775,0.0,0.0,0.1392762959003448,0.0,0.8606821894645691,0.0,0.0,0.1393178552389145,0.0,0.8607029318809509,0.0,0.0,0.1392970830202102,0.0,0.8607029318809509,0.0,0.0,0.1392970830202102,0.0,0.8607029318809509,0.0,0.0,0.1392970830202102,0.0,0.8607237339019775,0.0,0.0,0.1392762959003448,0.0,0.8607860803604126,0.0,0.0,0.1392139345407486,0.0,0.8605158925056458,0.0,0.0,0.1394841372966766,0.0,0.8606821894645691,0.0,0.0,0.1393178552389145,0.0,0.8607445359230042,0.0,0.0,0.1392555087804794,0.0,0.8607029318809509,0.0,0.0,0.1392970830202102,0.0,0.8606405854225159,0.0,0.0,0.1393594294786453,0.0,0.8607029318809509,0.0,0.0,0.1392970830202102,0.0,0.8607237339019775,0.0,0.0,0.1392762959003448,0.0,0.8607653379440308,0.0,0.0,0.139234721660614,0.0,0.8607029318809509,0.0,0.0,0.1392970830202102,0.0,0.8606405854225159,0.0,0.0,0.1393594294786453,0.0,0.8607653379440308,0.0,0.0,0.139234721660614,0.0,0.8607237339019775,0.0,0.0,0.1392762959003448,0.0,0.8607237339019775,0.0,0.0,0.1392762959003448,0.0,0.8607029318809509,0.0,0.0,0.1392970830202102,0.0,0.8607237339019775,0.0,0.0,0.1392762959003448,0.0,0.8607653379440308,0.0,0.0,0.139234721660614,0.0,0.8605158925056458,0.0,0.0,0.1394841372966766,0.0,0.8606613874435425,0.0,0.0,0.1393386423587799,0.0,0.8606821894645691,0.0,0.0,0.1393178552389145,0.0,0.8607445359230042,0.0,0.0,0.1392555087804794,0.0,0.8607653379440308,0.0,0.0,0.139234721660614,0.0,0.8606821894645691,0.0,0.0,0.1393178552389145,0.0,0.5164924263954163,0.002930600894615,0.0046764910221099,0.4748404920101166,0.0010600045789033,0.5021511912345886,0.0027227569371461,0.0038243304006755,0.4906574189662933,0.0006443165475502,0.48764368891716,0.0027019726112484,0.0039074681699275,0.5047908425331116,0.0009560826001688,0.5187994837760925,0.00114314223174,0.0015588302630931,0.4781660139560699,0.0003325504658278,0.4831542670726776,0.0028474633581936,0.0038035458419471,0.509280264377594,0.0009145137737505,0.5055806040763855,0.0024525597691535,0.0045517846010625,0.486708402633667,0.0007066697580739,0.5227485299110413,0.0023486376740038,0.0030345229897648,0.471327930688858,0.0005403945106081,0.514892041683197,0.0024109908845275,0.0032215826213359,0.4791428744792938,0.0003325504658278,0.5171990990638733,0.0015796147054061,0.0026604037266224,0.4781036376953125,0.0004572568868752,0.4862511456012726,0.0034086422529071,0.005798848811537,0.5035229921340942,0.0010184358106926,0.4948558807373047,0.0019745184108614,0.003263151505962,0.4993037283420563,0.0006027477211318,0.5102155804634094,0.0025149129796773,0.0033670733682811,0.4835283756256103,0.0003741192631423,0.4940452873706817,0.0021407937165349,0.0043647247366607,0.4984307885169983,0.0010184358106926,0.508635938167572,0.0021407937165349,0.0030137386638671,0.4857107400894165,0.0004988256841897,0.4960821568965912,0.0016419679159298,0.0032215826213359,0.498347669839859,0.0007066697580739,0.5078669190406799,0.0017666743369773,0.0029929541051387,0.486708402633667,0.0006651009316556,0.4955625534057617,0.0039282524958252,0.0059027709066867,0.49383744597435,0.0007690229685977,0.4923409521579742,0.0022031469270586,0.0027643258217722,0.5017978549003601,0.0008937293896451,0.5066198706626892,0.0019745184108614,0.0032423669472336,0.4874358475208282,0.0007274541421793,0.503668487071991,0.0050921789370477,0.0073992479592561,0.48296719789505,0.0008729449473321,0.5077837705612183,0.0036788394208997,0.0054247295483946,0.4822189509868622,0.0008937293896451,0.5097167491912842,0.0022239312529563,0.0034294265788048,0.4839024841785431,0.0007274541421793,0.4997194409370422,0.0019121652003377,0.0019121652003377,0.4958743155002594,0.0005819633370265,0.5037931799888611,0.0034294265788048,0.0045517846010625,0.4873111248016357,0.0009145137737505,0.5084280967712402,0.0028058944735676,0.0041568810120224,0.4839440584182739,0.0006651009316556,0.5000727772712708,0.0031176605261862,0.0042400183156132,0.4918629229068756,0.0007066697580739,0.5223536491394043,0.0020160872954875,0.0024525597691535,0.4725542068481445,0.0006235321052372,0.5006963014602661,0.0018705963157117,0.0027851101476699,0.4941699802875519,0.0004780413000844,0.5187787413597107,0.0008729449473321,0.0015796147054061,0.47829070687294,0.0004780413000844,0.5033151507377625,0.0022239312529563904,0.003117660526186228,0.49055349826812744,0.0007898073527030647
142,0.8590818047523499,0.0,0.0,0.1409182548522949,0.0,0.8591856956481934,0.0,0.0,0.140814334154129,0.0,0.8591441512107849,0.0,0.0,0.1408559083938598,0.0,0.8591648936271667,0.0,0.0,0.1408351212739944,0.0,0.8591648936271667,0.0,0.0,0.1408351212739944,0.0,0.8591648936271667,0.0,0.0,0.1408351212739944,0.0,0.8591856956481934,0.0,0.0,0.140814334154129,0.0,0.8592480421066284,0.0,0.0,0.1407519876956939,0.0,0.8589778542518616,0.0,0.0,0.1410221755504608,0.0,0.8591441512107849,0.0,0.0,0.1408559083938598,0.0,0.85920649766922,0.0,0.0,0.1407935470342636,0.0,0.8591648936271667,0.0,0.0,0.1408351212739944,0.0,0.8591025471687317,0.0,0.0,0.1408974826335907,0.0,0.8591648936271667,0.0,0.0,0.1408351212739944,0.0,0.8591856956481934,0.0,0.0,0.140814334154129,0.0,0.8592272400856018,0.0,0.0,0.1407727748155594,0.0,0.8591648936271667,0.0,0.0,0.1408351212739944,0.0,0.8591025471687317,0.0,0.0,0.1408974826335907,0.0,0.8592272400856018,0.0,0.0,0.1407727748155594,0.0,0.8591856956481934,0.0,0.0,0.140814334154129,0.0,0.8591856956481934,0.0,0.0,0.140814334154129,0.0,0.8591648936271667,0.0,0.0,0.1408351212739944,0.0,0.8591856956481934,0.0,0.0,0.140814334154129,0.0,0.8592272400856018,0.0,0.0,0.1407727748155594,0.0,0.8589778542518616,0.0,0.0,0.1410221755504608,0.0,0.8591233491897583,0.0,0.0,0.1408766955137252,0.0,0.8591441512107849,0.0,0.0,0.1408559083938598,0.0,0.85920649766922,0.0,0.0,0.1407935470342636,0.0,0.8592272400856018,0.0,0.0,0.1407727748155594,0.0,0.8591441512107849,0.0,0.0,0.1408559083938598,0.0,0.5144555568695068,0.0025564816314727,0.0044478625059127,0.4774801135063171,0.0010600045789033,0.5000311732292175,0.0025149129796773,0.0038866836111992,0.4929229319095611,0.0006443165475502,0.4854405522346496,0.0029929541051387,0.0034502111375331,0.5071394443511963,0.0009768670424818,0.5170744061470032,0.0009560826001688,0.0015796147054061,0.4800573885440826,0.0003325504658278,0.4811797440052032,0.0022655001375824,0.003699623979628,0.5119406580924988,0.0009145137737505,0.5036268830299377,0.0023278533481061,0.0041776653379201,0.48916095495224,0.0007066697580739,0.5207532644271851,0.0020160872954875,0.0030968762002885,0.4735934436321258,0.0005403945106081,0.5128551721572876,0.0023486376740038,0.0030553073156625,0.4814083576202392,0.0003325504658278,0.5153077244758606,0.0014964770525693,0.0027019726112484,0.480036586523056,0.0004572568868752,0.4839648604393005,0.0029098165687173,0.0056741423904895,0.5064327716827393,0.0010184358106926,0.4930060803890228,0.001808243105188,0.0030137386638671,0.5015692114830017,0.0006027477211318,0.5080747604370117,0.0024317752104252,0.0035749175585806,0.4855444729328155,0.0003741192631423,0.4919252693653106,0.0020992248319089,0.0037411926314234,0.501215934753418,0.0010184358106926,0.506640613079071,0.0019537340849637,0.0029929541051387,0.4878931045532226,0.0005196101265028,0.494066059589386,0.001808243105188,0.0031592294108122,0.5002598166465759,0.0007066697580739,0.5054975152015686,0.0022031469270586,0.0030553073156625,0.4885582029819488,0.0006858853157609,0.4930060803890228,0.0037411926314234,0.0062145367264747,0.4962484240531921,0.000789807352703,0.4904495775699615,0.0018705963157117,0.0028266790322959,0.5039594173431396,0.0008937293896451,0.5046660900115967,0.0017043211264535,0.0031592294108122,0.4897429049015045,0.0007274541421793,0.5005092620849609,0.00546629820019,0.0067757158540189,0.4863758385181427,0.0008729449473321,0.5057053565979004,0.0031800137367099,0.0052168853580951,0.4850040674209595,0.0008937293896451,0.5079708099365234,0.0017874587792903,0.0031384450849145,0.4863758385181427,0.0007274541421793,0.4977864921092987,0.0019537340849637,0.0017666743369773,0.4979111850261688,0.0005819633370265,0.5018394589424133,0.0031384450849145,0.0039282524958252,0.4901793897151947,0.0009145137737505,0.5064120292663574,0.0024941284209489,0.0037204083055257,0.486708402633667,0.0006651009316556,0.4980774521827698,0.0030137386638671,0.0039490368217229,0.4942323565483093,0.0007274541421793,0.5205869674682617,0.0019121652003377,0.0022655001375824,0.4746118783950805,0.0006235321052372,0.4987010061740875,0.0018913807580247,0.0026188348419964,0.4963108003139496,0.0004780413000844,0.516887366771698,0.0010392202530056,0.0015380459371954,0.4800573885440826,0.0004780413000844,0.5011951327323914,0.0022655001375824213,0.002972169779241085,0.4927566647529602,0.0008105917368084192
143,0.8549664616584778,0.0,0.0,0.1450335681438446,0.0,0.8550704121589661,0.0,0.0,0.1449296474456787,0.0,0.8550288081169128,0.0,0.0,0.1449712216854095,0.0,0.8550496101379395,0.0,0.0,0.1449504345655441,0.0,0.8550496101379395,0.0,0.0,0.1449504345655441,0.0,0.8550496101379395,0.0,0.0,0.1449504345655441,0.0,0.8550704121589661,0.0,0.0,0.1449296474456787,0.0,0.8551327586174011,0.0,0.0,0.1448673009872436,0.0,0.8548625707626343,0.0,0.0,0.1451374888420105,0.0,0.8550288081169128,0.0,0.0,0.1449712216854095,0.0,0.8550911545753479,0.0,0.0,0.1449088603258133,0.0,0.8550496101379395,0.0,0.0,0.1449504345655441,0.0,0.8549872636795044,0.0,0.0,0.1450127810239792,0.0,0.8550496101379395,0.0,0.0,0.1449504345655441,0.0,0.8550704121589661,0.0,0.0,0.1449296474456787,0.0,0.8551119565963745,0.0,0.0,0.144888088107109,0.0,0.8550496101379395,0.0,0.0,0.1449504345655441,0.0,0.8549872636795044,0.0,0.0,0.1450127810239792,0.0,0.8551119565963745,0.0,0.0,0.144888088107109,0.0,0.8550704121589661,0.0,0.0,0.1449296474456787,0.0,0.8550704121589661,0.0,0.0,0.1449296474456787,0.0,0.8550496101379395,0.0,0.0,0.1449504345655441,0.0,0.8550704121589661,0.0,0.0,0.1449296474456787,0.0,0.8551119565963745,0.0,0.0,0.144888088107109,0.0,0.8548625707626343,0.0,0.0,0.1451374888420105,0.0,0.8550080060958862,0.0,0.0,0.1449920088052749,0.0,0.8550288081169128,0.0,0.0,0.1449712216854095,0.0,0.8550911545753479,0.0,0.0,0.1449088603258133,0.0,0.8551119565963745,0.0,0.0,0.144888088107109,0.0,0.8550288081169128,0.0,0.0,0.1449712216854095,0.0,0.5098829865455627,0.0023486376740038,0.0042192339897155,0.4824891686439514,0.0010600045789033,0.4953962862491607,0.0023278533481061,0.0037827615160495,0.4978488385677337,0.0006443165475502,0.4809511005878448,0.0026811880525201,0.0034709954634308,0.5119198560714722,0.0009768670424818,0.5127512216567993,0.0009145137737505,0.0014756927266716,0.4845260381698608,0.0003325504658278,0.47664874792099,0.0019537340849637,0.0037204083055257,0.5167626142501831,0.0009145137737505,0.4987841248512268,0.0025980505160987,0.0034294265788048,0.4944817721843719,0.0007066697580739,0.5164092779159546,0.0016419679159298,0.0031176605261862,0.47829070687294,0.0005403945106081,0.5084072947502136,0.0019953027367591,0.0028058944735676,0.4864381849765777,0.0003533348790369,0.5107143521308899,0.0015172614948824,0.0022655001375824,0.4850456416606903,0.0004572568868752,0.4791220724582672,0.0028682476840913,0.0052792388014495,0.5117120146751404,0.0010184358106926,0.488516628742218,0.0016419679159298,0.0025564816314727,0.5066822171211243,0.0006027477211318,0.5031280517578125,0.0027435412630438,0.0032215826213359,0.4905327260494232,0.0003741192631423,0.4872487783432007,0.0021823623683303,0.0035333486739546,0.5060170888900757,0.0010184358106926,0.5021511912345886,0.0017251055687665,0.0032423669472336,0.4923617541790008,0.0005196101265028,0.4895142912864685,0.0017251055687665,0.0030345229897648,0.5049986839294434,0.0007274541421793,0.5005923509597778,0.0026188348419964,0.0028266790322959,0.4932762682437897,0.0006858853157609,0.4882464408874511,0.0034502111375331,0.0056325737386941,0.5018602013587952,0.0008105917368084,0.4857938885688782,0.001808243105188,0.0027643258217722,0.5087398886680603,0.0008937293896451,0.5001351237297058,0.0017043211264535,0.0030345229897648,0.4943986237049103,0.0007274541421793,0.4956041276454925,0.0045517846010625,0.0073576788417994,0.491613507270813,0.0008729449473321,0.5007794499397278,0.0029513854533433,0.0053623761050403,0.4900131225585937,0.0008937293896451,0.5035229921340942,0.0016627523582428,0.0024941284209489,0.4915927350521087,0.0007274541421793,0.4934217631816864,0.0016211834736168,0.001849811989814,0.5025253295898438,0.0005819633370265,0.4972460865974426,0.002535697305575,0.004032174590975,0.4952715635299682,0.0009145137737505,0.50167316198349,0.002577266190201,0.003658055095002,0.4914264380931854,0.0006651009316556,0.4935048818588257,0.0027227569371461,0.0037619771901518,0.499282956123352,0.0007274541421793,0.5162014365196228,0.0016003991477191,0.002244715578854,0.479329913854599,0.0006235321052372,0.4943154752254486,0.001849811989814,0.0024109908845275,0.5009456872940063,0.0004780413000844,0.5126681327819824,0.0008313761791214,0.0015172614948824,0.48448446393013,0.0004988256841897,0.4965601861476898,0.0020368716213852167,0.003117660526186228,0.49747470021247864,0.0008105917368084192
144,0.8531166315078735,0.0,0.0,0.1468833833932876,0.0,0.8532205820083618,0.0,0.0,0.1467794626951217,0.0,0.8531789779663086,0.0,0.0,0.1468210369348526,0.0,0.8531997799873352,0.0,0.0,0.1468002498149871,0.0,0.8531997799873352,0.0,0.0,0.1468002498149871,0.0,0.8531997799873352,0.0,0.0,0.1468002498149871,0.0,0.8532205820083618,0.0,0.0,0.1467794626951217,0.0,0.8532829284667969,0.0,0.0,0.1467171013355255,0.0,0.85301274061203,0.0,0.0,0.1469873040914535,0.0,0.8531789779663086,0.0,0.0,0.1468210369348526,0.0,0.8532413840293884,0.0,0.0,0.1467586755752563,0.0,0.8531997799873352,0.0,0.0,0.1468002498149871,0.0,0.8531374335289001,0.0,0.0,0.1468625962734222,0.0,0.8531997799873352,0.0,0.0,0.1468002498149871,0.0,0.8532205820083618,0.0,0.0,0.1467794626951217,0.0,0.8532621264457703,0.0,0.0,0.1467378884553909,0.0,0.8531997799873352,0.0,0.0,0.1468002498149871,0.0,0.8531374335289001,0.0,0.0,0.1468625962734222,0.0,0.8532621264457703,0.0,0.0,0.1467378884553909,0.0,0.8532205820083618,0.0,0.0,0.1467794626951217,0.0,0.8532205820083618,0.0,0.0,0.1467794626951217,0.0,0.8531997799873352,0.0,0.0,0.1468002498149871,0.0,0.8532205820083618,0.0,0.0,0.1467794626951217,0.0,0.8532621264457703,0.0,0.0,0.1467378884553909,0.0,0.85301274061203,0.0,0.0,0.1469873040914535,0.0,0.8531582355499268,0.0,0.0,0.1468418091535568,0.0,0.8531789779663086,0.0,0.0,0.1468210369348526,0.0,0.8532413840293884,0.0,0.0,0.1467586755752563,0.0,0.8532621264457703,0.0,0.0,0.1467378884553909,0.0,0.8531789779663086,0.0,0.0,0.1468210369348526,0.0,0.5076590776443481,0.0021200091578066,0.0039698211476206,0.485191136598587,0.0010600045789033,0.492964506149292,0.0024317752104252,0.0036788394208997,0.5002806186676025,0.0006443165475502,0.4784985482692718,0.0026811880525201,0.0033047201577574,0.5145387053489685,0.0009768670424818,0.5107559561729431,0.000789807352703,0.0014341238420456,0.4866876006126404,0.0003325504658278,0.4742793142795563,0.0020160872954875,0.0035957018844783,0.5191944241523743,0.0009145137737505,0.4964562654495239,0.0022862844634801,0.003616486210376,0.4969343245029449,0.0007066697580739,0.5140606760978699,0.0017251055687665,0.0031592294108122,0.4804938435554504,0.0005611788947135,0.5062457323074341,0.0016627523582428,0.0026811880525201,0.4890362322330475,0.0003741192631423,0.5087398886680603,0.0012054954422637,0.002244715578854,0.4873526990413666,0.0004572568868752,0.4766279458999634,0.002972169779241,0.0046764910221099,0.5147050023078918,0.0010184358106926,0.486292690038681,0.0016211834736168,0.0021407937165349,0.509342610836029,0.0006027477211318,0.5007586479187012,0.002577266190201,0.0031592294108122,0.4931307733058929,0.0003741192631423,0.4850872159004211,0.001829027547501,0.0031176605261862,0.5089477300643921,0.0010184358106926,0.4997402131557464,0.0017458898946642,0.0032215826213359,0.494772732257843,0.0005196101265028,0.4873735010623932,0.0014964770525693,0.0027643258217722,0.5076382756233215,0.0007274541421793,0.4983060956001282,0.0025980505160987,0.0026604037266224,0.4957495927810669,0.0006858853157609,0.4857523143291473,0.003263151505962,0.0053000231273472,0.5048739314079285,0.0008105917368084,0.4835907220840454,0.0017043211264535,0.0026396194007247,0.5111716389656067,0.0008937293896451,0.497869610786438,0.0016211834736168,0.0028266790322959,0.4969550967216491,0.0007274541421793,0.4930060803890228,0.0043023717589676,0.0068172845058143,0.4950013756752014,0.0008729449473321,0.4979527592658996,0.0028682476840913,0.0053415917791426,0.4929437041282654,0.0008937293896451,0.5012990236282349,0.0014549082843586,0.0024941284209489,0.4940245151519775,0.0007274541421793,0.4914888143539428,0.0013302018633112,0.0016835366841405,0.5049155354499817,0.0005819633370265,0.4947311580181122,0.0024109908845275,0.0042192339897155,0.497703343629837,0.0009352981578558,0.4991374611854553,0.0024525597691535,0.0037204083055257,0.4940245151519775,0.0006651009316556,0.4912185966968536,0.0024525597691535,0.0035333486739546,0.502068042755127,0.0007274541421793,0.5141438245773315,0.001163926674053,0.0022862844634801,0.4817824959754944,0.0006235321052372,0.4920707643032074,0.0015588302630931,0.002535697305575,0.5033566951751709,0.0004780413000844,0.5105481147766113,0.0009560826001688,0.0010807890212163,0.4868954420089721,0.0005196101265028,0.4945233166217804,0.0017874587792903185,0.0027851101476699114,0.5000935196876526,0.0008105917368084192
145,0.8474217057228088,0.0,0.0,0.1525783091783523,0.0,0.8475256562232971,0.0,0.0,0.1524743884801864,0.0,0.8474840521812439,0.0,0.0,0.1525159627199173,0.0,0.8475048542022705,0.0,0.0,0.1524951756000518,0.0,0.8475048542022705,0.0,0.0,0.1524951756000518,0.0,0.8475048542022705,0.0,0.0,0.1524951756000518,0.0,0.8475256562232971,0.0,0.0,0.1524743884801864,0.0,0.8475880026817322,0.0,0.0,0.1524120420217514,0.0,0.8473178148269653,0.0,0.0,0.1526822298765182,0.0,0.8474840521812439,0.0,0.0,0.1525159627199173,0.0,0.8475464582443237,0.0,0.0,0.152453601360321,0.0,0.8475048542022705,0.0,0.0,0.1524951756000518,0.0,0.8474425077438354,0.0,0.0,0.1525575220584869,0.0,0.8475048542022705,0.0,0.0,0.1524951756000518,0.0,0.8475256562232971,0.0,0.0,0.1524743884801864,0.0,0.8475672006607056,0.0,0.0,0.1524328142404556,0.0,0.8475048542022705,0.0,0.0,0.1524951756000518,0.0,0.8474425077438354,0.0,0.0,0.1525575220584869,0.0,0.8475672006607056,0.0,0.0,0.1524328142404556,0.0,0.8475256562232971,0.0,0.0,0.1524743884801864,0.0,0.8475256562232971,0.0,0.0,0.1524743884801864,0.0,0.8475048542022705,0.0,0.0,0.1524951756000518,0.0,0.8475256562232971,0.0,0.0,0.1524743884801864,0.0,0.8475672006607056,0.0,0.0,0.1524328142404556,0.0,0.8473178148269653,0.0,0.0,0.1526822298765182,0.0,0.8474633097648621,0.0,0.0,0.1525367349386215,0.0,0.8474840521812439,0.0,0.0,0.1525159627199173,0.0,0.8475464582443237,0.0,0.0,0.152453601360321,0.0,0.8475672006607056,0.0,0.0,0.1524328142404556,0.0,0.8474840521812439,0.0,0.0,0.1525159627199173,0.0,0.5013821721076965,0.0019121652003377,0.0036788394208997,0.4919668436050415,0.0010600045789033,0.4866668283939361,0.0022862844634801,0.0037204083055257,0.5066822171211243,0.0006443165475502,0.4720761775970459,0.0023694219999015,0.0033878579270094,0.5211896896362305,0.0009768670424818,0.504770040512085,0.0008313761791214,0.0014133395161479,0.4926527440547943,0.0003325504658278,0.4681271314620971,0.001829027547501,0.0037204083055257,0.525408923625946,0.0009145137737505,0.4901793897151947,0.0022031469270586,0.0033670733682811,0.5035021901130676,0.0007482385262846,0.5080124139785767,0.0015380459371954,0.0032423669472336,0.4866460263729095,0.0005611788947135,0.500322163105011,0.0013717706315219,0.0028474633581936,0.4950844943523407,0.0003741192631423,0.502837061882019,0.001163926674053,0.0019953027367591,0.4935464560985565,0.0004572568868752,0.4703718423843384,0.0026811880525201,0.0042815874330699,0.5216469764709473,0.0010184358106926,0.4802652299404144,0.0013925550738349,0.0024317752104252,0.515286922454834,0.0006235321052372,0.4942739009857178,0.0027435412630438,0.003263151505962,0.4993453025817871,0.0003741192631423,0.4790181517601013,0.001829027547501,0.0027643258217722,0.5153700709342957,0.0010184358106926,0.4936503767967224,0.0017874587792903,0.0030345229897648,0.5010080337524414,0.0005196101265028,0.4813668131828308,0.0015172614948824,0.0024317752104252,0.5139567255973816,0.0007274541421793,0.4921331107616424,0.002535697305575,0.0022239312529563,0.5024213790893555,0.0006858853157609,0.4794130623340606,0.0029513854533433,0.0053831608965992,0.5114418268203735,0.0008105917368084,0.4775008857250213,0.0016419679159298,0.0026188348419964,0.51734459400177,0.0008937293896451,0.4918213486671448,0.0016003991477191,0.0024525597691535,0.5033982396125793,0.0007274541421793,0.4867915213108063,0.0036788394208997,0.0066094403155148,0.5020056962966919,0.0009145137737505,0.4916343092918396,0.0029513854533433,0.004738843999803,0.4997817873954773,0.0008937293896451,0.4953131377696991,0.0012054954422637,0.0027227569371461,0.5000311732292175,0.0007274541421793,0.4856275916099548,0.0008937293896451,0.0020784405060112,0.5108183026313782,0.0005819633370265,0.4883711338043213,0.0022239312529563,0.0042815874330699,0.504188060760498,0.0009352981578558,0.4930891990661621,0.0021407937165349,0.0034709954634308,0.500633955001831,0.0006651009316556,0.4850872159004211,0.0017874587792903,0.0035957018844783,0.5087814331054688,0.0007482385262846,0.5080955624580383,0.0010600045789033,0.0023902065586298,0.4878307580947876,0.0006235321052372,0.4862303435802459,0.0012678486527875,0.0023070687893778,0.5097167491912842,0.0004780413000844,0.5045206546783447,0.0010600045789033,0.0011015734635293,0.4927982091903686,0.0005196101265028,0.48835036158561707,0.001766674336977303,0.0027851101476699114,0.5062665343284607,0.0008313761791214347
146,0.8444079756736755,0.0,0.0,0.1555920541286468,0.0,0.8445119261741638,0.0,0.0,0.1554881334304809,0.0,0.8444703221321106,0.0,0.0,0.1555296927690506,0.0,0.8444911241531372,0.0,0.0,0.1555089056491851,0.0,0.8444911241531372,0.0,0.0,0.1555089056491851,0.0,0.8444911241531372,0.0,0.0,0.1555089056491851,0.0,0.8445119261741638,0.0,0.0,0.1554881334304809,0.0,0.8445742726325989,0.0,0.0,0.1554257720708847,0.0,0.844304084777832,0.0,0.0,0.1556959748268127,0.0,0.8444703221321106,0.0,0.0,0.1555296927690506,0.0,0.8445326685905457,0.0,0.0,0.1554673463106155,0.0,0.8444911241531372,0.0,0.0,0.1555089056491851,0.0,0.8444287776947021,0.0,0.0,0.1555712670087814,0.0,0.8444911241531372,0.0,0.0,0.1555089056491851,0.0,0.8445119261741638,0.0,0.0,0.1554881334304809,0.0,0.8445534706115723,0.0,0.0,0.1554465591907501,0.0,0.8444911241531372,0.0,0.0,0.1555089056491851,0.0,0.8444287776947021,0.0,0.0,0.1555712670087814,0.0,0.8445534706115723,0.0,0.0,0.1554465591907501,0.0,0.8445119261741638,0.0,0.0,0.1554881334304809,0.0,0.8445119261741638,0.0,0.0,0.1554881334304809,0.0,0.8444911241531372,0.0,0.0,0.1555089056491851,0.0,0.8445119261741638,0.0,0.0,0.1554881334304809,0.0,0.8445534706115723,0.0,0.0,0.1554465591907501,0.0,0.844304084777832,0.0,0.0,0.1556959748268127,0.0,0.8444495797157288,0.0,0.0,0.155550479888916,0.0,0.8444703221321106,0.0,0.0,0.1555296927690506,0.0,0.8445326685905457,0.0,0.0,0.1554673463106155,0.0,0.8445534706115723,0.0,0.0,0.1554465591907501,0.0,0.8444703221321106,0.0,0.0,0.1555296927690506,0.0,0.4978488385677337,0.0019329495262354,0.0034294265788048,0.4957288205623626,0.0010600045789033,0.4830503463745117,0.0023070687893778,0.0033047201577574,0.5106936097145081,0.0006443165475502,0.4687091112136841,0.0020576559472829,0.0033670733682811,0.524889349937439,0.0009768670424818,0.5014861226081848,0.0009145137737505,0.0013302018633112,0.4959366619586944,0.0003325504658278,0.4646353423595428,0.0018705963157117,0.0032839358318597,0.5292748212814331,0.0009352981578558,0.4867499470710754,0.0022031469270586,0.0028682476840913,0.5074304342269897,0.0007482385262846,0.5043959021568298,0.0016835366841405,0.0028058944735676,0.4905534982681274,0.0005611788947135,0.4969550967216491,0.0012262798845767,0.0029098165687173,0.4985347092151642,0.0003741192631423,0.4996362924575805,0.0009976513683795,0.0019329495262354,0.4969758987426758,0.0004572568868752,0.4670255482196808,0.0022655001375824,0.0041568810120224,0.5255336761474609,0.0010184358106926,0.4769605100154876,0.0013717706315219,0.0022862844634801,0.5187579393386841,0.0006235321052372,0.49080291390419,0.0025980505160987,0.0031176605261862,0.5031073093414307,0.0003741192631423,0.4755679368972778,0.0016835366841405,0.0027227569371461,0.5189865827560425,0.0010392202530056,0.4901793897151947,0.0017874587792903,0.0025980505160987,0.5049155354499817,0.0005196101265028,0.4779789447784424,0.0014133395161479,0.0021200091578066,0.5177602767944336,0.0007274541421793,0.4886413514614105,0.0021823623683303,0.0025980505160987,0.5058923959732056,0.0006858853157609,0.4756095111370086,0.0027227569371461,0.0049466881901025,0.5158897042274475,0.0008313761791214,0.4740298986434936,0.0017458898946642,0.0025564816314727,0.5207740068435669,0.0008937293896451,0.4884542822837829,0.0015380459371954,0.0023902065586298,0.506890058517456,0.0007274541421793,0.482904851436615,0.002930600894615,0.0067133624106645,0.5065367221832275,0.0009145137737505,0.4881425201892853,0.0028890322428196,0.0042192339897155,0.5038555264472961,0.0008937293896451,0.4918421506881714,0.0014549082843586,0.0024317752104252,0.5035437345504761,0.0007274541421793,0.4823644459247589,0.0007482385262846,0.0023070687893778,0.5139983296394348,0.0005819633370265,0.4846091568470001,0.0025564816314727,0.0038451147265732,0.5080539584159851,0.0009352981578558,0.4894727170467376,0.0022655001375824,0.0032839358318597,0.5043127536773682,0.0006651009316556,0.4815954267978668,0.001808243105188,0.0035749175585806,0.5122731924057007,0.0007482385262846,0.5048947334289551,0.0010184358106926,0.002244715578854,0.4912185966968536,0.0006235321052372,0.4830087721347809,0.0010184358106926,0.0023278533481061,0.5131669640541077,0.0004780413000844,0.5013406276702881,0.0008729449473321,0.0012262798845767,0.4960405826568603,0.0005196101265028,0.4850248396396637,0.0014964770525693893,0.002805894473567605,0.5098414421081543,0.0008313761791214347
147,0.844304084777832,0.0,0.0,0.1556959748268127,0.0,0.8444079756736755,0.0,0.0,0.1555920541286468,0.0,0.8443664312362671,0.0,0.0,0.1556336134672165,0.0,0.8443871736526489,0.0,0.0,0.155612826347351,0.0,0.8443871736526489,0.0,0.0,0.155612826347351,0.0,0.8443871736526489,0.0,0.0,0.155612826347351,0.0,0.8444079756736755,0.0,0.0,0.1555920541286468,0.0,0.8444703221321106,0.0,0.0,0.1555296927690506,0.0,0.8442001342773438,0.0,0.0,0.1557998955249786,0.0,0.8443664312362671,0.0,0.0,0.1556336134672165,0.0,0.8444287776947021,0.0,0.0,0.1555712670087814,0.0,0.8443871736526489,0.0,0.0,0.155612826347351,0.0,0.8443248271942139,0.0,0.0,0.1556751877069473,0.0,0.8443871736526489,0.0,0.0,0.155612826347351,0.0,0.8444079756736755,0.0,0.0,0.1555920541286468,0.0,0.8444495797157288,0.0,0.0,0.155550479888916,0.0,0.8443871736526489,0.0,0.0,0.155612826347351,0.0,0.8443248271942139,0.0,0.0,0.1556751877069473,0.0,0.8444495797157288,0.0,0.0,0.155550479888916,0.0,0.8444079756736755,0.0,0.0,0.1555920541286468,0.0,0.8444079756736755,0.0,0.0,0.1555920541286468,0.0,0.8443871736526489,0.0,0.0,0.155612826347351,0.0,0.8444079756736755,0.0,0.0,0.1555920541286468,0.0,0.8444495797157288,0.0,0.0,0.155550479888916,0.0,0.8442001342773438,0.0,0.0,0.1557998955249786,0.0,0.8443456292152405,0.0,0.0,0.1556544005870819,0.0,0.8443664312362671,0.0,0.0,0.1556336134672165,0.0,0.8444287776947021,0.0,0.0,0.1555712670087814,0.0,0.8444495797157288,0.0,0.0,0.155550479888916,0.0,0.8443664312362671,0.0,0.0,0.1556336134672165,0.0,0.4969135224819183,0.0023070687893778,0.0030137386638671,0.4967056810855865,0.0010600045789033,0.4823020994663238,0.0024317752104252,0.0030345229897648,0.5115873217582703,0.0006443165475502,0.4680439829826355,0.002244715578854,0.0033670733682811,0.5253673791885376,0.0009768670424818,0.5009456872940063,0.00114314223174,0.001163926674053,0.4964147210121155,0.0003325504658278,0.4637416303157806,0.002244715578854,0.0026811880525201,0.5303972363471985,0.0009352981578558,0.4859601557254791,0.0021615780424326,0.0030553073156625,0.5080747604370117,0.0007482385262846,0.5037931799888611,0.0019537340849637,0.002244715578854,0.491447240114212,0.0005611788947135,0.4963108003139496,0.0014341238420456,0.0026811880525201,0.4991998076438904,0.0003741192631423,0.499282956123352,0.0007690229685977,0.0019745184108614,0.4975162744522095,0.0004572568868752,0.4660902619361877,0.0023694219999015,0.0036372707691043,0.5268846154212952,0.0010184358106926,0.4763993322849273,0.0014549082843586,0.0021823623683303,0.519339919090271,0.0006235321052372,0.4900131225585937,0.0024525597691535,0.003263151505962,0.5038970708847046,0.0003741192631423,0.4748820662498474,0.0017043211264535,0.0026604037266224,0.5197139978408813,0.0010392202530056,0.4895766377449035,0.0019121652003377,0.0023278533481061,0.5056637525558472,0.0005196101265028,0.4772722721099853,0.0015796147054061,0.002244715578854,0.5181759595870972,0.0007274541421793,0.4881217181682586,0.001808243105188,0.0029929541051387,0.5063912272453308,0.0006858853157609,0.4748404920101166,0.0027435412630438,0.0043855090625584,0.5171990990638733,0.0008313761791214,0.4732401072978973,0.0018913807580247,0.0024109908845275,0.5215638279914856,0.0008937293896451,0.4881009459495544,0.0013717706315219,0.0021200091578066,0.5076798796653748,0.0007274541421793,0.4811589419841766,0.0037827615160495,0.0062561058439314,0.5078877210617065,0.0009145137737505,0.4873735010623932,0.0027435412630438,0.0039906054735183,0.5049986839294434,0.0008937293896451,0.4911146759986877,0.0017458898946642,0.0021200091578066,0.5042920112609863,0.0007274541421793,0.4818656146526336,0.0008937293896451,0.0022031469270586,0.5144555568695068,0.0005819633370265,0.4839856326580047,0.0025980505160987,0.003616486210376,0.5088645815849304,0.0009352981578558,0.4886828958988189,0.0023278533481061,0.0031176605261862,0.5052065253257751,0.0006651009316556,0.4809095561504364,0.0019329495262354,0.0034709954634308,0.5129383206367493,0.0007482385262846,0.5044998526573181,0.0010392202530056,0.0021823623683303,0.4916550815105438,0.0006235321052372,0.4824683666229248,0.0011847109999507,0.0021615780424326,0.5137073397636414,0.0004780413000844,0.5009041428565979,0.0011015734635293,0.00114314223174,0.4963315725326538,0.0005196101265028,0.48450523614883423,0.0013925550738349557,0.0027851101476699114,0.5104857683181763,0.0008313761791214347
148,0.8427867889404297,0.0,0.0,0.1572132259607315,0.0,0.842890739440918,0.0,0.0,0.1571093052625656,0.0,0.8428491353988647,0.0,0.0,0.1571508795022964,0.0,0.8428699374198914,0.0,0.0,0.157130092382431,0.0,0.8428699374198914,0.0,0.0,0.157130092382431,0.0,0.8428699374198914,0.0,0.0,0.157130092382431,0.0,0.842890739440918,0.0,0.0,0.1571093052625656,0.0,0.842953085899353,0.0,0.0,0.1570469588041305,0.0,0.8426828980445862,0.0,0.0,0.1573171615600586,0.0,0.8428491353988647,0.0,0.0,0.1571508795022964,0.0,0.8429114818572998,0.0,0.0,0.1570885330438614,0.0,0.8428699374198914,0.0,0.0,0.157130092382431,0.0,0.8428075909614563,0.0,0.0,0.1571924537420272,0.0,0.8428699374198914,0.0,0.0,0.157130092382431,0.0,0.842890739440918,0.0,0.0,0.1571093052625656,0.0,0.8429322838783264,0.0,0.0,0.1570677459239959,0.0,0.8428699374198914,0.0,0.0,0.157130092382431,0.0,0.8428075909614563,0.0,0.0,0.1571924537420272,0.0,0.8429322838783264,0.0,0.0,0.1570677459239959,0.0,0.842890739440918,0.0,0.0,0.1571093052625656,0.0,0.842890739440918,0.0,0.0,0.1571093052625656,0.0,0.8428699374198914,0.0,0.0,0.157130092382431,0.0,0.842890739440918,0.0,0.0,0.1571093052625656,0.0,0.8429322838783264,0.0,0.0,0.1570677459239959,0.0,0.8426828980445862,0.0,0.0,0.1573171615600586,0.0,0.8428283929824829,0.0,0.0,0.1571716666221618,0.0,0.8428491353988647,0.0,0.0,0.1571508795022964,0.0,0.8429114818572998,0.0,0.0,0.1570885330438614,0.0,0.8429322838783264,0.0,0.0,0.1570677459239959,0.0,0.8428491353988647,0.0,0.0,0.1571508795022964,0.0,0.4949182271957397,0.0024109908845275,0.0027227569371461,0.4988880455493927,0.0010600045789033,0.4799326658248901,0.0027019726112484,0.0029098165687173,0.5138112306594849,0.0006443165475502,0.4655498564243316,0.0026188348419964,0.0032839358318597,0.5275705456733704,0.0009768670424818,0.4993661046028137,0.0010600045789033,0.0010600045789033,0.4981397986412048,0.0003741192631423,0.4619333744049072,0.0020160872954875,0.0024733440950512,0.5326419472694397,0.0009352981578558,0.4840895533561706,0.0020368716213852,0.0030760918743908,0.5100492835044861,0.0007482385262846,0.5019018054008484,0.001829027547501,0.0021407937165349,0.4935672581195831,0.0005611788947135,0.4942947030067444,0.0016211834736168,0.0023070687893778,0.5014029741287231,0.0003741192631423,0.4973707795143127,0.0010392202530056,0.0016419679159298,0.4994907975196838,0.0004572568868752,0.4641573131084442,0.0021407937165349,0.0035125643480569,0.5291709303855896,0.0010184358106926,0.4747157990932464,0.0012470642104744,0.0020160872954875,0.521397590637207,0.0006235321052372,0.4879762530326843,0.0024525597691535,0.003263151505962,0.505933940410614,0.0003741192631423,0.4728867709636688,0.0018705963157117,0.0024941284209489,0.5217093229293823,0.0010392202530056,0.4875189960002899,0.0018913807580247,0.0022862844634801,0.5077837705612183,0.0005196101265028,0.4754848182201385,0.0015588302630931,0.0020160872954875,0.5202128291130066,0.0007274541421793,0.4856483936309814,0.0023278533481061,0.0030553073156625,0.5082826018333435,0.0006858853157609,0.4725957810878753,0.0028266790322959,0.0040945275686681,0.5196516513824463,0.0008313761791214,0.471265584230423,0.0019953027367591,0.0021615780424326,0.5236838459968567,0.0008937293896451,0.4863550662994385,0.0011847109999507,0.0021200091578066,0.5096127986907959,0.0007274541421793,0.4784362018108368,0.0042400183156132,0.0053000231273472,0.5111092925071716,0.0009145137737505,0.4848793745040893,0.0027435412630438,0.0039282524958252,0.5075551271438599,0.0008937293896451,0.4891193807125091,0.001849811989814,0.0020368716213852,0.5062665343284607,0.0007274541421793,0.4799742400646209,0.0011847109999507,0.0017043211264535,0.5165547728538513,0.0005819633370265,0.4815746545791626,0.0028266790322959,0.0032007982954382,0.5114626288414001,0.0009352981578558,0.486708402633667,0.0020992248319089,0.003263151505962,0.5072641372680664,0.0006651009316556,0.4786648154258728,0.0022239312529563,0.0031592294108122,0.5152038335800171,0.0007482385262846,0.5026500225067139,0.001163926674053,0.001808243105188,0.4937542974948883,0.0006235321052372,0.4808264076709747,0.0009145137737505,0.002244715578854,0.515536367893219,0.0004780413000844,0.4991374611854553,0.0010807890212163,0.0011015734635293,0.4981606006622314,0.0005196101265028,0.48275935649871826,0.0014341238420456648,0.0022239312529563904,0.5127512216567993,0.0008313761791214347
149,0.8408122658729553,0.0,0.0,0.1591877490282058,0.0,0.8409162163734436,0.0,0.0,0.1590838283300399,0.0,0.8408746123313904,0.0,0.0,0.1591254025697708,0.0,0.840895414352417,0.0,0.0,0.1591046154499054,0.0,0.840895414352417,0.0,0.0,0.1591046154499054,0.0,0.840895414352417,0.0,0.0,0.1591046154499054,0.0,0.8409162163734436,0.0,0.0,0.1590838283300399,0.0,0.8409785628318787,0.0,0.0,0.1590214818716049,0.0,0.8407083749771118,0.0,0.0,0.1592916697263717,0.0,0.8408746123313904,0.0,0.0,0.1591254025697708,0.0,0.8409370183944702,0.0,0.0,0.1590630412101745,0.0,0.840895414352417,0.0,0.0,0.1591046154499054,0.0,0.8408330678939819,0.0,0.0,0.1591669619083404,0.0,0.840895414352417,0.0,0.0,0.1591046154499054,0.0,0.8409162163734436,0.0,0.0,0.1590838283300399,0.0,0.840957760810852,0.0,0.0,0.1590422540903091,0.0,0.840895414352417,0.0,0.0,0.1591046154499054,0.0,0.8408330678939819,0.0,0.0,0.1591669619083404,0.0,0.840957760810852,0.0,0.0,0.1590422540903091,0.0,0.8409162163734436,0.0,0.0,0.1590838283300399,0.0,0.8409162163734436,0.0,0.0,0.1590838283300399,0.0,0.840895414352417,0.0,0.0,0.1591046154499054,0.0,0.8409162163734436,0.0,0.0,0.1590838283300399,0.0,0.840957760810852,0.0,0.0,0.1590422540903091,0.0,0.8407083749771118,0.0,0.0,0.1592916697263717,0.0,0.8408538699150085,0.0,0.0,0.1591461896896362,0.0,0.8408746123313904,0.0,0.0,0.1591254025697708,0.0,0.8409370183944702,0.0,0.0,0.1590630412101745,0.0,0.840957760810852,0.0,0.0,0.1590422540903091,0.0,0.8408746123313904,0.0,0.0,0.1591254025697708,0.0,0.4924033284187317,0.0023694219999015,0.0027019726112484,0.5014445185661316,0.0010807890212163,0.4772930443286896,0.0027643258217722,0.0030345229897648,0.5162638425827026,0.0006443165475502,0.4629726111888885,0.0024941284209489,0.0034086422529071,0.5301477909088135,0.0009768670424818,0.4973500072956085,0.0008105917368084,0.0010807890212163,0.500384509563446,0.0003741192631423,0.4594808220863342,0.0020368716213852,0.0024733440950512,0.5350736975669861,0.0009352981578558,0.4817616939544678,0.001808243105188,0.0028682476840913,0.5128136277198792,0.0007482385262846,0.4994907975196838,0.0019121652003377,0.0020784405060112,0.4959366619586944,0.0005819633370265,0.4921331107616424,0.0015796147054061,0.0018913807580247,0.5040218234062195,0.0003741192631423,0.4951260685920715,0.0011015734635293,0.0014133395161479,0.5019018054008484,0.0004572568868752,0.4617671072483063,0.0019953027367591,0.0035333486739546,0.5316858291625977,0.0010184358106926,0.4723671376705169,0.0012886330951005,0.0019537340849637,0.5237669944763184,0.0006235321052372,0.4854405522346496,0.0022239312529563,0.0033670733682811,0.5085943937301636,0.0003741192631423,0.4705173373222351,0.0018913807580247,0.0022031469270586,0.5243489742279053,0.0010392202530056,0.485191136598587,0.001849811989814,0.0021407937165349,0.5102986693382263,0.0005196101265028,0.4732401072978973,0.0015172614948824,0.001808243105188,0.5227069854736328,0.0007274541421793,0.4827593564987182,0.0027643258217722,0.0030760918743908,0.5107143521308899,0.0006858853157609,0.4699977338314056,0.0028058944735676,0.0039074681699275,0.522436797618866,0.0008521605632267,0.4690832197666168,0.001808243105188,0.0020992248319089,0.5261155962944031,0.0008937293896451,0.4838193655014038,0.0013925550738349,0.0019745184108614,0.5120861530303955,0.0007274541421793,0.4755887389183044,0.0045933532528579,0.0048219817690551,0.5140606760978699,0.0009352981578558,0.4818864166736603,0.0031384450849145,0.0034917797893285,0.5105896592140198,0.0008937293896451,0.4868746697902679,0.001829027547501,0.0017458898946642,0.5088229775428772,0.0007274541421793,0.477750301361084,0.0012678486527875,0.0014964770525693,0.5189034342765808,0.0005819633370265,0.4792467951774597,0.0025149129796773,0.0030760918743908,0.5142269134521484,0.0009352981578558,0.4843597412109375,0.0021200091578066,0.0028058944735676,0.5100492835044861,0.0006651009316556,0.4761499166488647,0.0023278533481061,0.0028890322428196,0.5178849697113037,0.0007482385262846,0.5004884600639343,0.0009976513683795,0.0015172614948824,0.4963731467723846,0.0006235321052372,0.4785816967487335,0.0010392202530056,0.0017043211264535,0.5181967616081238,0.0004780413000844,0.49699667096138,0.0009145137737505,0.0012886330951005,0.5002806186676025,0.0005196101265028,0.48028600215911865,0.0014549082843586802,0.0022655001375824213,0.5151622295379639,0.0008313761791214347
150,0.8228545784950256,0.0,0.0,0.1771454811096191,0.0,0.8229584693908691,0.0,0.0,0.1770415604114532,0.0,0.8229169249534607,0.0,0.0,0.1770831197500229,0.0,0.8229376673698425,0.0,0.0,0.1770623326301574,0.0,0.8229376673698425,0.0,0.0,0.1770623326301574,0.0,0.8229376673698425,0.0,0.0,0.1770623326301574,0.0,0.8229584693908691,0.0,0.0,0.1770415604114532,0.0,0.8230208158493042,0.0,0.0,0.176979199051857,0.0,0.8227506279945374,0.0,0.0,0.177249401807785,0.0,0.8229169249534607,0.0,0.0,0.1770831197500229,0.0,0.8229792714118958,0.0,0.0,0.1770207732915878,0.0,0.8229376673698425,0.0,0.0,0.1770623326301574,0.0,0.8228753209114075,0.0,0.0,0.1771246939897537,0.0,0.8229376673698425,0.0,0.0,0.1770623326301574,0.0,0.8229584693908691,0.0,0.0,0.1770415604114532,0.0,0.8230000734329224,0.0,0.0,0.1769999861717224,0.0,0.8229376673698425,0.0,0.0,0.1770623326301574,0.0,0.8228753209114075,0.0,0.0,0.1771246939897537,0.0,0.8230000734329224,0.0,0.0,0.1769999861717224,0.0,0.8229584693908691,0.0,0.0,0.1770415604114532,0.0,0.8229584693908691,0.0,0.0,0.1770415604114532,0.0,0.8229376673698425,0.0,0.0,0.1770623326301574,0.0,0.8229584693908691,0.0,0.0,0.1770415604114532,0.0,0.8230000734329224,0.0,0.0,0.1769999861717224,0.0,0.8227506279945374,0.0,0.0,0.177249401807785,0.0,0.8228961229324341,0.0,0.0,0.1771039068698883,0.0,0.8229169249534607,0.0,0.0,0.1770831197500229,0.0,0.8229792714118958,0.0,0.0,0.1770207732915878,0.0,0.8230000734329224,0.0,0.0,0.1769999861717224,0.0,0.8229169249534607,0.0,0.0,0.1770831197500229,0.0,0.4741130471229553,0.0021823623683303,0.0024317752104252,0.5201504826545715,0.001122357789427,0.4587325751781463,0.0027643258217722,0.0028890322428196,0.5349282026290894,0.0006858853157609,0.4445576071739197,0.0025980505160987,0.0027227569371461,0.5491239428520203,0.0009976513683795,0.4792052209377289,0.0007274541421793,0.0011015734635293,0.5185916423797607,0.0003741192631423,0.4412113428115845,0.0018705963157117,0.0023070687893778,0.5536757707595825,0.0009352981578558,0.4629102349281311,0.0022862844634801,0.0026188348419964,0.5314364433288574,0.0007482385262846,0.4812213182449341,0.0016211834736168,0.0021407937165349,0.5143932104110718,0.0006235321052372,0.4739052057266235,0.0014964770525693,0.0017251055687665,0.522499144077301,0.0003741192631423,0.4768981635570526,0.0011847109999507,0.0013509863056242,0.5200673341751099,0.0004988256841897,0.4432897567749023,0.0021823623683303,0.0030137386638671,0.5504749417304993,0.0010392202530056,0.4541600048542022,0.0012470642104744,0.0016835366841405,0.5422858595848083,0.0006235321052372,0.4670047760009765,0.002244715578854,0.0032007982954382,0.5271132588386536,0.000436472473666,0.4522270560264587,0.0017874587792903,0.0022655001375824,0.5426599979400635,0.0010600045789033,0.4669424295425415,0.0016835366841405,0.002244715578854,0.5285889506340027,0.0005403945106081,0.4549082517623901,0.0015172614948824,0.0018913807580247,0.540955662727356,0.0007274541421793,0.4643859267234802,0.0027019726112484,0.0030137386638671,0.529212474822998,0.0006858853157609,0.4514788389205932,0.002577266190201,0.0037411926314234,0.5413506031036377,0.0008521605632267,0.4506058692932129,0.0018705963157117,0.0020992248319089,0.5444890260696411,0.0009352981578558,0.4654251635074615,0.0014756927266716,0.0019537340849637,0.5303972363471985,0.0007482385262846,0.4568619728088379,0.0044894311577081,0.0045517846010625,0.5331199765205383,0.0009768670424818,0.463325947523117,0.003263151505962,0.0034294265788048,0.5290462374687195,0.0009352981578558,0.4687714576721191,0.0015172614948824,0.0016627523582428,0.5273003578186035,0.0007482385262846,0.4593145549297333,0.0014964770525693,0.00114314223174,0.5374431014060974,0.0006027477211318,0.4607070982456207,0.0023486376740038,0.002972169779241,0.53301602602005,0.0009560826001688,0.4659031927585602,0.0020160872954875,0.0027435412630438,0.5286512970924377,0.0006858853157609,0.4576933681964874,0.0023486376740038,0.0022655001375824,0.5369442701339722,0.0007482385262846,0.4821773767471313,0.001163926674053,0.0012470642104744,0.5147881507873535,0.0006235321052372,0.4603121876716614,0.00114314223174,0.0014756927266716,0.5365909337997437,0.0004780413000844,0.4788311123847961,0.0009560826001688,0.0012262798845767,0.5184669494628906,0.0005196101265028,0.46205809712409973,0.0014133395161479712,0.0020784405060112476,0.5335772037506104,0.0008729449473321438
151,0.8200278878211975,0.0,0.0,0.179972156882286,0.0,0.820131778717041,0.0,0.0,0.1798682361841201,0.0,0.8200902342796326,0.0,0.0,0.1799097955226898,0.0,0.8201110363006592,0.0,0.0,0.1798890233039856,0.0,0.8201110363006592,0.0,0.0,0.1798890233039856,0.0,0.8201110363006592,0.0,0.0,0.1798890233039856,0.0,0.820131778717041,0.0,0.0,0.1798682361841201,0.0,0.8201941847801208,0.0,0.0,0.1798058748245239,0.0,0.8199239373207092,0.0,0.0,0.1800760775804519,0.0,0.8200902342796326,0.0,0.0,0.1799097955226898,0.0,0.8201525807380676,0.0,0.0,0.1798474490642547,0.0,0.8201110363006592,0.0,0.0,0.1798890233039856,0.0,0.8200486898422241,0.0,0.0,0.1799513697624206,0.0,0.8201110363006592,0.0,0.0,0.1798890233039856,0.0,0.820131778717041,0.0,0.0,0.1798682361841201,0.0,0.8201733827590942,0.0,0.0,0.1798266619443893,0.0,0.8201110363006592,0.0,0.0,0.1798890233039856,0.0,0.8200486898422241,0.0,0.0,0.1799513697624206,0.0,0.8201733827590942,0.0,0.0,0.1798266619443893,0.0,0.820131778717041,0.0,0.0,0.1798682361841201,0.0,0.820131778717041,0.0,0.0,0.1798682361841201,0.0,0.8201110363006592,0.0,0.0,0.1798890233039856,0.0,0.820131778717041,0.0,0.0,0.1798682361841201,0.0,0.8201733827590942,0.0,0.0,0.1798266619443893,0.0,0.8199239373207092,0.0,0.0,0.1800760775804519,0.0,0.820069432258606,0.0,0.0,0.1799305826425552,0.0,0.8200902342796326,0.0,0.0,0.1799097955226898,0.0,0.8201525807380676,0.0,0.0,0.1798474490642547,0.0,0.8201733827590942,0.0,0.0,0.1798266619443893,0.0,0.8200902342796326,0.0,0.0,0.1799097955226898,0.0,0.4708499014377594,0.0017874587792903,0.0027643258217722,0.5234760046005249,0.001122357789427,0.4554694294929504,0.0025564816314727,0.0029513854533433,0.5383368730545044,0.0006858853157609,0.4412736892700195,0.0024941284209489,0.0026188348419964,0.552615761756897,0.0009976513683795,0.4762746095657348,0.0003949036763515,0.0013509863056242,0.5215846300125122,0.0003949036763515,0.4380728900432586,0.0013925550738349,0.0026604037266224,0.556938886642456,0.0009352981578558,0.4596678912639618,0.0020160872954875,0.0028890322428196,0.5346788167953491,0.0007482385262846,0.4782075583934784,0.0013094174209982,0.0021823623683303,0.5176771283149719,0.0006235321052372,0.4707667529582977,0.0012678486527875,0.0017666743369773,0.5258246660232544,0.0003741192631423,0.4739052057266235,0.0011015734635293,0.0012470642104744,0.5232473611831665,0.0004988256841897,0.4400681853294372,0.0017458898946642,0.0030968762002885,0.5540498495101929,0.0010392202530056,0.4510631263256073,0.0010600045789033,0.001829027547501,0.5454243421554565,0.0006235321052372,0.463720828294754,0.0020160872954875,0.0032839358318597,0.5305426716804504,0.000436472473666,0.4491301774978637,0.0014756927266716,0.0022655001375824,0.5460686683654785,0.0010600045789033,0.4637832045555115,0.0015172614948824,0.0022862844634801,0.5318729281425476,0.0005403945106081,0.4517906010150909,0.0012054954422637,0.0020160872954875,0.5442396402359009,0.0007482385262846,0.4609772861003876,0.0028682476840913,0.0025980505160987,0.5328705310821533,0.0006858853157609,0.4480909705162048,0.0024733440950512,0.0033878579270094,0.5451956987380981,0.0008521605632267,0.4475089907646179,0.0014549082843586,0.0024317752104252,0.5476690530776978,0.0009352981578558,0.4623075127601623,0.0015172614948824,0.0017874587792903,0.5336188077926636,0.0007690229685977,0.4535572528839111,0.0033255047164857,0.0045725689269602,0.5375470519065857,0.0009976513683795,0.4598341584205627,0.003263151505962,0.0035541329998522,0.5324133038520813,0.0009352981578558,0.4657369256019592,0.0011015734635293,0.0020784405060112,0.5303348302841187,0.0007482385262846,0.4562176764011383,0.0013717706315219,0.00114314223174,0.5406647324562073,0.0006027477211318,0.4575271010398865,0.0021823623683303,0.0030760918743908,0.5362583994865417,0.0009560826001688,0.4624737799167633,0.0019329495262354,0.0029513854533433,0.5319560170173645,0.0006858853157609,0.4546380639076233,0.0019953027367591,0.0023902065586298,0.5402282476425171,0.0007482385262846,0.479101300239563,0.001122357789427,0.0013094174209982,0.5178434252738953,0.0006235321052372,0.457236111164093,0.0009560826001688,0.0014549082843586,0.5398749113082886,0.0004780413000844,0.4756718873977661,0.0009560826001688,0.0012054954422637,0.5216469764709473,0.0005196101265028,0.4590859115123749,0.0011431422317400575,0.0019121652003377676,0.5369858741760254,0.0008729449473321438
152,0.814582347869873,0.0,0.0,0.1854176670312881,0.0,0.8146862983703613,0.0,0.0,0.1853137463331222,0.0,0.8146446943283081,0.0,0.0,0.1853553205728531,0.0,0.8146654963493347,0.0,0.0,0.1853345334529876,0.0,0.8146654963493347,0.0,0.0,0.1853345334529876,0.0,0.8146654963493347,0.0,0.0,0.1853345334529876,0.0,0.8146862983703613,0.0,0.0,0.1853137463331222,0.0,0.8147486448287964,0.0,0.0,0.1852513998746872,0.0,0.8144784569740295,0.0,0.0,0.185521587729454,0.0,0.8146446943283081,0.0,0.0,0.1853553205728531,0.0,0.8147071003913879,0.0,0.0,0.1852929592132568,0.0,0.8146654963493347,0.0,0.0,0.1853345334529876,0.0,0.8146031498908997,0.0,0.0,0.1853968799114227,0.0,0.8146654963493347,0.0,0.0,0.1853345334529876,0.0,0.8146862983703613,0.0,0.0,0.1853137463331222,0.0,0.8147278428077698,0.0,0.0,0.1852721720933914,0.0,0.8146654963493347,0.0,0.0,0.1853345334529876,0.0,0.8146031498908997,0.0,0.0,0.1853968799114227,0.0,0.8147278428077698,0.0,0.0,0.1852721720933914,0.0,0.8146862983703613,0.0,0.0,0.1853137463331222,0.0,0.8146862983703613,0.0,0.0,0.1853137463331222,0.0,0.8146654963493347,0.0,0.0,0.1853345334529876,0.0,0.8146862983703613,0.0,0.0,0.1853137463331222,0.0,0.8147278428077698,0.0,0.0,0.1852721720933914,0.0,0.8144784569740295,0.0,0.0,0.185521587729454,0.0,0.8146239519119263,0.0,0.0,0.1853761076927185,0.0,0.8146446943283081,0.0,0.0,0.1853553205728531,0.0,0.8147071003913879,0.0,0.0,0.1852929592132568,0.0,0.8147278428077698,0.0,0.0,0.1852721720933914,0.0,0.8146446943283081,0.0,0.0,0.1853553205728531,0.0,0.4646977186203003,0.0020160872954875,0.0027851101476699,0.5293787717819214,0.001122357789427,0.449629008769989,0.0020992248319089,0.0032839358318597,0.5443019866943359,0.0006858853157609,0.4353085458278656,0.0020368716213852,0.0032215826213359,0.5584353804588318,0.0009976513683795,0.4706420600414276,0.0005196101265028,0.0012054954422637,0.5272379517555237,0.0003949036763515,0.4321285486221313,0.0016003991477191,0.002535697305575,0.5628001093864441,0.0009352981578558,0.4538066685199737,0.0020784405060112,0.0025149129796773,0.5408517718315125,0.0007482385262846,0.4723463654518127,0.0013509863056242,0.0023278533481061,0.5233513116836548,0.0006235321052372,0.4651134014129638,0.0009768670424818,0.0019329495262354,0.5315611362457275,0.0004156880895607,0.468231052160263,0.0009352981578558,0.001163926674053,0.5291709303855896,0.0004988256841897,0.4343316853046417,0.0016211834736168,0.0027851101476699,0.5602228045463562,0.0010392202530056,0.4454929232597351,0.0010184358106926,0.0016211834736168,0.5512439608573914,0.0006235321052372,0.4576725661754608,0.0020992248319089,0.002972169779241,0.536819577217102,0.000436472473666,0.4434768259525299,0.0012054954422637,0.0021823623683303,0.5520753264427185,0.0010600045789033,0.4575894474983215,0.0017251055687665,0.0024525597691535,0.5376925468444824,0.0005403945106081,0.4460956752300262,0.0011847109999507,0.001849811989814,0.5501216053962708,0.0007482385262846,0.4552200138568878,0.0022239312529563,0.0027643258217722,0.5391058921813965,0.0006858853157609,0.4422089755535126,0.0021823623683303,0.0034709954634308,0.551264762878418,0.0008729449473321,0.4416477978229522,0.0014133395161479,0.0023486376740038,0.5536549687385559,0.0009352981578558,0.4566749334335327,0.0014756927266716,0.0016003991477191,0.5394799709320068,0.0007690229685977,0.4474466443061828,0.0027851101476699,0.0049882568418979,0.5437823534011841,0.0009976513683795,0.4538898169994354,0.0027851101476699,0.0037204083055257,0.5386694073677063,0.0009352981578558,0.4598341584205627,0.0010807890212163,0.0022239312529563,0.536112904548645,0.0007482385262846,0.4506058692932129,0.001163926674053,0.0012678486527875,0.546359658241272,0.0006027477211318,0.4517074525356293,0.0016627523582428,0.0034917797893285,0.5421819686889648,0.0009560826001688,0.4566333591938019,0.0018705963157117,0.0027851101476699,0.5380250811576843,0.0006858853157609,0.4488599896430969,0.0016003991477191,0.0026604037266224,0.5461310148239136,0.0007482385262846,0.4733232259750366,0.001122357789427,0.0013717706315219,0.5235591530799866,0.0006235321052372,0.4516451060771942,0.0009768670424818,0.0013094174209982,0.5455905795097351,0.0004780413000844,0.4701016545295715,0.0008313761791214,0.0013509863056242,0.5271964073181152,0.0005196101265028,0.45322471857070923,0.0013302018633112311,0.0016211834736168385,0.5429301857948303,0.0008937293896451592
153,0.813418447971344,0.0,0.0,0.1865815967321396,0.0,0.8135223388671875,0.0,0.0,0.1864776760339737,0.0,0.813480794429779,0.0,0.0,0.1865192353725433,0.0,0.8135015964508057,0.0,0.0,0.1864984631538391,0.0,0.8135015964508057,0.0,0.0,0.1864984631538391,0.0,0.8135015964508057,0.0,0.0,0.1864984631538391,0.0,0.8135223388671875,0.0,0.0,0.1864776760339737,0.0,0.8135846853256226,0.0,0.0,0.1864153146743774,0.0,0.8133144974708557,0.0,0.0,0.1866855174303054,0.0,0.813480794429779,0.0,0.0,0.1865192353725433,0.0,0.8135431408882141,0.0,0.0,0.1864568889141082,0.0,0.8135015964508057,0.0,0.0,0.1864984631538391,0.0,0.8134392499923706,0.0,0.0,0.1865608096122741,0.0,0.8135015964508057,0.0,0.0,0.1864984631538391,0.0,0.8135223388671875,0.0,0.0,0.1864776760339737,0.0,0.8135639429092407,0.0,0.0,0.1864361017942428,0.0,0.8135015964508057,0.0,0.0,0.1864984631538391,0.0,0.8134392499923706,0.0,0.0,0.1865608096122741,0.0,0.8135639429092407,0.0,0.0,0.1864361017942428,0.0,0.8135223388671875,0.0,0.0,0.1864776760339737,0.0,0.8135223388671875,0.0,0.0,0.1864776760339737,0.0,0.8135015964508057,0.0,0.0,0.1864984631538391,0.0,0.8135223388671875,0.0,0.0,0.1864776760339737,0.0,0.8135639429092407,0.0,0.0,0.1864361017942428,0.0,0.8133144974708557,0.0,0.0,0.1866855174303054,0.0,0.8134599924087524,0.0,0.0,0.1865400224924087,0.0,0.813480794429779,0.0,0.0,0.1865192353725433,0.0,0.8135431408882141,0.0,0.0,0.1864568889141082,0.0,0.8135639429092407,0.0,0.0,0.1864361017942428,0.0,0.813480794429779,0.0,0.0,0.1865192353725433,0.0,0.4630557298660278,0.0019537340849637,0.0029513854533433,0.5309168100357056,0.001122357789427,0.4481533169746399,0.0017458898946642,0.0033670733682811,0.5460478663444519,0.0006858853157609,0.4338328540325165,0.0017458898946642,0.0032215826213359,0.5602020621299744,0.0009976513683795,0.4692910611629486,0.0006651009316556,0.0011015734635293,0.5285474061965942,0.0003949036763515,0.4306736290454864,0.0014133395161479,0.0024941284209489,0.564483642578125,0.0009352981578558,0.4522270560264587,0.0021407937165349,0.0023902065586298,0.5424937605857849,0.0007482385262846,0.4707667529582977,0.0013302018633112,0.0022655001375824,0.5250140428543091,0.0006235321052372,0.4637000560760498,0.0010392202530056,0.001808243105188,0.5330368280410767,0.0004156880895607,0.4668800830841064,0.0008521605632267,0.0013094174209982,0.5304387807846069,0.0005196101265028,0.4328144192695617,0.0015588302630931,0.0025564816314727,0.562031090259552,0.0010392202530056,0.4441419243812561,0.0008313761791214,0.0016211834736168,0.5527819991111755,0.0006235321052372,0.4559890329837799,0.0020576559472829,0.0030137386638671,0.538503110408783,0.000436472473666,0.4417309463024139,0.0013925550738349,0.0022655001375824,0.5535510182380676,0.0010600045789033,0.4560721814632416,0.0017251055687665,0.002244715578854,0.5394176244735718,0.0005403945106081,0.4445784091949463,0.0012678486527875,0.001829027547501,0.5515557527542114,0.0007690229685977,0.4535780549049377,0.0017874587792903,0.0032423669472336,0.5407062768936157,0.0006858853157609,0.4405670166015625,0.0020368716213852,0.0034502111375331,0.5530521869659424,0.0008937293896451,0.4401097595691681,0.0015796147054061,0.0022031469270586,0.5551722049713135,0.0009352981578558,0.4552823603153229,0.00114314223174,0.0017458898946642,0.5410596132278442,0.0007690229685977,0.4457423388957977,0.0024525597691535,0.0051129632629454,0.5456945300102234,0.0009976513683795,0.4523725509643554,0.0021200091578066,0.0037619771901518,0.5408101677894592,0.0009352981578558,0.4584416151046753,0.0010392202530056,0.0021200091578066,0.5376509428024292,0.0007482385262846,0.4491094052791595,0.0012470642104744,0.0014341238420456,0.5476067066192627,0.0006027477211318,0.4502525329589844,0.0016003991477191,0.0031800137367099,0.5440109968185425,0.0009560826001688,0.4550329446792602,0.0019329495262354,0.0024733440950512,0.5398749113082886,0.0006858853157609,0.4474466443061828,0.0013094174209982,0.0027643258217722,0.5477313995361328,0.0007482385262846,0.47197225689888,0.001122357789427,0.0013509863056242,0.5249308943748474,0.0006235321052372,0.450273334980011,0.0009145137737505,0.0011847109999507,0.5471494197845459,0.0004780413000844,0.4687298834323883,0.0008729449473321,0.0012470642104744,0.5286305546760559,0.0005196101265028,0.4517282247543335,0.001163926674053073,0.0019329495262354612,0.5442811846733093,0.0008937293896451592
154,0.8130027651786804,0.0,0.0,0.1869972795248031,0.0,0.8131066560745239,0.0,0.0,0.1868933588266372,0.0,0.8130651116371155,0.0,0.0,0.1869349330663681,0.0,0.8130859136581421,0.0,0.0,0.1869141459465026,0.0,0.8130859136581421,0.0,0.0,0.1869141459465026,0.0,0.8130859136581421,0.0,0.0,0.1869141459465026,0.0,0.8131066560745239,0.0,0.0,0.1868933588266372,0.0,0.813169002532959,0.0,0.0,0.1868310123682022,0.0,0.8128988146781921,0.0,0.0,0.187101200222969,0.0,0.8130651116371155,0.0,0.0,0.1869349330663681,0.0,0.8131274580955505,0.0,0.0,0.1868725717067718,0.0,0.8130859136581421,0.0,0.0,0.1869141459465026,0.0,0.8130235075950623,0.0,0.0,0.1869764924049377,0.0,0.8130859136581421,0.0,0.0,0.1869141459465026,0.0,0.8131066560745239,0.0,0.0,0.1868933588266372,0.0,0.8131482601165771,0.0,0.0,0.1868517994880676,0.0,0.8130859136581421,0.0,0.0,0.1869141459465026,0.0,0.8130235075950623,0.0,0.0,0.1869764924049377,0.0,0.8131482601165771,0.0,0.0,0.1868517994880676,0.0,0.8131066560745239,0.0,0.0,0.1868933588266372,0.0,0.8131066560745239,0.0,0.0,0.1868933588266372,0.0,0.8130859136581421,0.0,0.0,0.1869141459465026,0.0,0.8131066560745239,0.0,0.0,0.1868933588266372,0.0,0.8131482601165771,0.0,0.0,0.1868517994880676,0.0,0.8128988146781921,0.0,0.0,0.187101200222969,0.0,0.8130443096160889,0.0,0.0,0.1869557201862335,0.0,0.8130651116371155,0.0,0.0,0.1869349330663681,0.0,0.8131274580955505,0.0,0.0,0.1868725717067718,0.0,0.8131482601165771,0.0,0.0,0.1868517994880676,0.0,0.8130651116371155,0.0,0.0,0.1869349330663681,0.0,0.4620996713638305,0.0021615780424326,0.0027019726112484,0.531914472579956,0.001122357789427,0.4466984272003174,0.0021823623683303,0.0033670733682811,0.5470662713050842,0.0006858853157609,0.4328767955303192,0.001829027547501,0.0029513854533433,0.5613451600074768,0.0009976513683795,0.4683557748794555,0.0009976513683795,0.0009976513683795,0.5292540788650513,0.0003949036763515,0.4297175407409668,0.0016419679159298,0.0023486376740038,0.5653565526008606,0.0009352981578558,0.4512501955032348,0.001808243105188,0.0027019726112484,0.5434913635253906,0.0007482385262846,0.4698522388935089,0.0015172614948824,0.0022239312529563,0.5257830619812012,0.0006235321052372,0.4629310369491577,0.001122357789427,0.001849811989814,0.5336811542510986,0.0004156880895607,0.4660279154777527,0.0010184358106926,0.0013717706315219,0.5310623049736023,0.0005196101265028,0.4320869743824005,0.0013509863056242,0.0025149129796773,0.5630079507827759,0.0010392202530056,0.4433937072753906,0.0009145137737505,0.0015380459371954,0.5535302758216858,0.0006235321052372,0.4550745189189911,0.0020784405060112,0.0027019726112484,0.5397086143493652,0.000436472473666,0.4408787786960602,0.0014964770525693,0.0022239312529563,0.5543408393859863,0.0010600045789033,0.4549082517623901,0.0021823623683303,0.0021407937165349,0.5402282476425171,0.0005403945106081,0.4439964294433594,0.0010600045789033,0.0018913807580247,0.5522831678390503,0.0007690229685977,0.4523933529853821,0.0021407937165349,0.0031800137367099,0.5415999889373779,0.0006858853157609,0.4393199384212494,0.0023070687893778,0.0033670733682811,0.5541121959686279,0.0008937293896451,0.4392160177230835,0.0015380459371954,0.0023278533481061,0.5559828281402588,0.0009352981578558,0.4545549154281616,0.0010184358106926,0.001829027547501,0.5418286323547363,0.0007690229685977,0.4442666471004486,0.0027435412630438,0.0053623761050403,0.5466298460960388,0.0009976513683795,0.4508760869503021,0.0025980505160987,0.0037411926314234,0.5418494343757629,0.0009352981578558,0.4575894474983215,0.0013302018633112,0.0019745184108614,0.5383576154708862,0.0007482385262846,0.4484443068504333,0.0010184358106926,0.0017458898946642,0.5481886863708496,0.0006027477211318,0.4488807618618011,0.0019745184108614,0.0030968762002885,0.5450918078422546,0.0009560826001688,0.4539313912391662,0.0021200091578066,0.0026188348419964,0.5406439304351807,0.0006858853157609,0.4464905560016632,0.0013509863056242,0.0028266790322959,0.5485835671424866,0.0007482385262846,0.4707667529582977,0.0015588302630931,0.0013509863056242,0.5256999135017395,0.0006235321052372,0.4493795931339264,0.0010807890212163,0.0013509863056242,0.5477105975151062,0.0004780413000844,0.4679608643054962,0.0010184358106926,0.001122357789427,0.5293787717819214,0.0005196101265028,0.45089685916900635,0.0013094174209982157,0.001725105568766594,0.5451748967170715,0.0008937293896451592
155,0.810778796672821,0.0,0.0,0.1892212182283401,0.0,0.8108827471733093,0.0,0.0,0.1891172975301742,0.0,0.8108412027359009,0.0,0.0,0.1891588568687439,0.0,0.8108619451522827,0.0,0.0,0.1891380846500396,0.0,0.8108619451522827,0.0,0.0,0.1891380846500396,0.0,0.8108619451522827,0.0,0.0,0.1891380846500396,0.0,0.8108827471733093,0.0,0.0,0.1891172975301742,0.0,0.8109450936317444,0.0,0.0,0.189054936170578,0.0,0.8106749057769775,0.0,0.0,0.189325138926506,0.0,0.8108412027359009,0.0,0.0,0.1891588568687439,0.0,0.8109035491943359,0.0,0.0,0.1890965104103088,0.0,0.8108619451522827,0.0,0.0,0.1891380846500396,0.0,0.8107995986938477,0.0,0.0,0.1892004311084747,0.0,0.8108619451522827,0.0,0.0,0.1891380846500396,0.0,0.8108827471733093,0.0,0.0,0.1891172975301742,0.0,0.8109242916107178,0.0,0.0,0.1890757232904434,0.0,0.8108619451522827,0.0,0.0,0.1891380846500396,0.0,0.8107995986938477,0.0,0.0,0.1892004311084747,0.0,0.8109242916107178,0.0,0.0,0.1890757232904434,0.0,0.8108827471733093,0.0,0.0,0.1891172975301742,0.0,0.8108827471733093,0.0,0.0,0.1891172975301742,0.0,0.8108619451522827,0.0,0.0,0.1891380846500396,0.0,0.8108827471733093,0.0,0.0,0.1891172975301742,0.0,0.8109242916107178,0.0,0.0,0.1890757232904434,0.0,0.8106749057769775,0.0,0.0,0.189325138926506,0.0,0.8108204007148743,0.0,0.0,0.1891796439886093,0.0,0.8108412027359009,0.0,0.0,0.1891588568687439,0.0,0.8109035491943359,0.0,0.0,0.1890965104103088,0.0,0.8109242916107178,0.0,0.0,0.1890757232904434,0.0,0.8108412027359009,0.0,0.0,0.1891588568687439,0.0,0.4595015943050384,0.0020992248319089,0.0026188348419964,0.5346580147743225,0.001122357789427,0.4439133107662201,0.0023070687893778,0.0032007982954382,0.5498929619789124,0.0006858853157609,0.4301955997943878,0.001829027547501,0.0030553073156625,0.5639224648475647,0.0009976513683795,0.465944766998291,0.0010807890212163,0.0008313761791214,0.5317481756210327,0.0003949036763515,0.4272442162036896,0.0015796147054061,0.0021823623683303,0.5680585503578186,0.0009352981578558,0.4485689997673034,0.001849811989814,0.0027019726112484,0.5461310148239136,0.0007482385262846,0.4673165380954742,0.0016419679159298,0.001808243105188,0.5286097526550293,0.0006235321052372,0.4603121876716614,0.0012054954422637,0.001808243105188,0.5362583994865417,0.0004156880895607,0.4635753631591797,0.0010807890212163,0.0013509863056242,0.5334733128547668,0.0005196101265028,0.4293226599693298,0.0014964770525693,0.002577266190201,0.5655643939971924,0.0010392202530056,0.4409619271755218,0.0008521605632267,0.0015172614948824,0.5560451745986938,0.0006235321052372,0.4522062838077545,0.0022655001375824,0.0027019726112484,0.54236900806427,0.0004572568868752,0.4382807314395904,0.0016003991477191,0.0020576559472829,0.5570012331008911,0.0010600045789033,0.4523309767246246,0.0022031469270586,0.0020160872954875,0.5429094433784485,0.0005403945106081,0.4411697685718536,0.0013717706315219,0.001808243105188,0.55488121509552,0.0007690229685977,0.449462741613388,0.0022655001375824,0.0032839358318597,0.5443019866943359,0.0006858853157609,0.4364309310913086,0.0024109908845275,0.0031384450849145,0.5571259260177612,0.0008937293896451,0.4363893568515777,0.0018705963157117,0.0021407937165349,0.5586432218551636,0.0009560826001688,0.4519360959529876,0.001122357789427,0.0017666743369773,0.5444058775901794,0.0007690229685977,0.4409826993942261,0.0033255047164857,0.0049674725160002,0.5497267246246338,0.0009976513683795,0.4478623270988464,0.0027227569371461,0.0039282524958252,0.5445513725280762,0.0009352981578558,0.4550953209400177,0.0013925550738349,0.0017251055687665,0.5410388112068176,0.0007482385262846,0.4457007646560669,0.0012678486527875,0.0017666743369773,0.5506619811058044,0.0006027477211318,0.4460956752300262,0.0021823623683303,0.0027019726112484,0.5480639338493347,0.0009560826001688,0.451208621263504,0.0020160872954875,0.0026188348419964,0.5434706211090088,0.0006858853157609,0.4433521330356598,0.0020368716213852,0.002577266190201,0.5512855052947998,0.0007482385262846,0.4683349728584289,0.0015172614948824,0.0014133395161479,0.528110921382904,0.0006235321052372,0.4469270408153534,0.0010600045789033,0.0013925550738349,0.5501424074172974,0.0004780413000844,0.4651965200901031,0.0012262798845767,0.0012886330951005,0.5317689776420593,0.0005196101265028,0.4483611583709717,0.0014756927266716957,0.001558830263093114,0.5477105975151062,0.0008937293896451592
156,0.8096980452537537,0.0,0.0,0.1903019994497299,0.0,0.8098019361495972,0.0,0.0,0.190198078751564,0.0,0.8097603917121887,0.0,0.0,0.1902396529912948,0.0,0.8097811937332153,0.0,0.0,0.1902188658714294,0.0,0.8097811937332153,0.0,0.0,0.1902188658714294,0.0,0.8097811937332153,0.0,0.0,0.1902188658714294,0.0,0.8098019361495972,0.0,0.0,0.190198078751564,0.0,0.8098642826080322,0.0,0.0,0.1901357322931289,0.0,0.8095940947532654,0.0,0.0,0.1904059201478958,0.0,0.8097603917121887,0.0,0.0,0.1902396529912948,0.0,0.8098227381706238,0.0,0.0,0.1901772916316986,0.0,0.8097811937332153,0.0,0.0,0.1902188658714294,0.0,0.8097187876701355,0.0,0.0,0.1902812123298645,0.0,0.8097811937332153,0.0,0.0,0.1902188658714294,0.0,0.8098019361495972,0.0,0.0,0.190198078751564,0.0,0.8098435401916504,0.0,0.0,0.1901565194129943,0.0,0.8097811937332153,0.0,0.0,0.1902188658714294,0.0,0.8097187876701355,0.0,0.0,0.1902812123298645,0.0,0.8098435401916504,0.0,0.0,0.1901565194129943,0.0,0.8098019361495972,0.0,0.0,0.190198078751564,0.0,0.8098019361495972,0.0,0.0,0.190198078751564,0.0,0.8097811937332153,0.0,0.0,0.1902188658714294,0.0,0.8098019361495972,0.0,0.0,0.190198078751564,0.0,0.8098435401916504,0.0,0.0,0.1901565194129943,0.0,0.8095940947532654,0.0,0.0,0.1904059201478958,0.0,0.8097395896911621,0.0,0.0,0.1902604401111602,0.0,0.8097603917121887,0.0,0.0,0.1902396529912948,0.0,0.8098227381706238,0.0,0.0,0.1901772916316986,0.0,0.8098435401916504,0.0,0.0,0.1901565194129943,0.0,0.8097603917121887,0.0,0.0,0.1902396529912948,0.0,0.45794278383255,0.0018705963157117,0.0024941284209489,0.5365701913833618,0.001122357789427,0.4419179856777191,0.0028266790322959,0.0029513854533433,0.5516180992126465,0.0006858853157609,0.428408145904541,0.0020160872954875,0.0030137386638671,0.5655643939971924,0.0009976513683795,0.4647600650787353,0.0009976513683795,0.0005819633370265,0.5332654714584351,0.0003949036763515,0.4257269501686096,0.0015172614948824,0.0018913807580247,0.5699291229248047,0.0009352981578558,0.4469478130340576,0.0019745184108614,0.0024317752104252,0.5478768944740295,0.0007690229685977,0.4659863412380218,0.0014756927266716,0.0017251055687665,0.5301893353462219,0.0006235321052372,0.4587325751781463,0.0014964770525693,0.0014756927266716,0.5378795862197876,0.0004156880895607,0.4620996713638305,0.0012470642104744,0.0013302018633112,0.5348035097122192,0.0005196101265028,0.4277845919132232,0.0016627523582428,0.0020368716213852,0.5674765706062317,0.0010392202530056,0.4397564232349396,0.0008521605632267,0.0011847109999507,0.557583212852478,0.0006235321052372,0.4506474435329437,0.0021407937165349,0.0026188348419964,0.5441356897354126,0.0004572568868752,0.4369921088218689,0.0016003991477191,0.0016835366841405,0.5586640238761902,0.0010600045789033,0.4507097899913788,0.0019953027367591,0.0022655001375824,0.5444890260696411,0.0005403945106081,0.4398811161518097,0.0013302018633112,0.0014549082843586,0.5565647482872009,0.0007690229685977,0.4475921392440796,0.0027435412630438,0.0031800137367099,0.5457984805107117,0.0006858853157609,0.4348305165767669,0.0024941284209489,0.0029098165687173,0.558871865272522,0.0008937293896451,0.4350383579730987,0.0017251055687665,0.0018705963157117,0.5604099035263062,0.0009560826001688,0.4503980278968811,0.0013925550738349,0.0017043211264535,0.5457360744476318,0.0007690229685977,0.4390705227851867,0.0034917797893285,0.0039906054735183,0.5524494647979736,0.0009976513683795,0.4460956752300262,0.0029098165687173,0.0037619771901518,0.5462972521781921,0.0009352981578558,0.4538274705410003,0.001122357789427,0.0015588302630931,0.5427431464195251,0.0007482385262846,0.4441834986209869,0.0015380459371954,0.0015380459371954,0.5521376729011536,0.0006027477211318,0.4443705677986145,0.0024525597691535,0.0025564816314727,0.5496643781661987,0.0009560826001688,0.449629008769989,0.0021200091578066,0.0023278533481061,0.5452373027801514,0.0006858853157609,0.4417725205421448,0.0022031469270586,0.0023278533481061,0.5529482960700989,0.0007482385262846,0.4669840037822723,0.0014549082843586,0.0014549082843586,0.5294827222824097,0.0006235321052372,0.4457007646560669,0.0010600045789033,0.0011015734635293,0.5516596436500549,0.0004780413000844,0.4639494717121124,0.0012678486527875,0.0010807890212163,0.5331823229789734,0.0005196101265028,0.44696861505508423,0.0013717706315219402,0.001558830263093114,0.5492070913314819,0.0008937293896451592
157,0.806975245475769,0.0,0.0,0.1930247545242309,0.0,0.8070791959762573,0.0,0.0,0.192920833826065,0.0,0.8070376515388489,0.0,0.0,0.1929624080657959,0.0,0.8070583939552307,0.0,0.0,0.1929416209459304,0.0,0.8070583939552307,0.0,0.0,0.1929416209459304,0.0,0.8070583939552307,0.0,0.0,0.1929416209459304,0.0,0.8070791959762573,0.0,0.0,0.192920833826065,0.0,0.8071415424346924,0.0,0.0,0.19285848736763,0.0,0.8068713545799255,0.0,0.0,0.193128690123558,0.0,0.8070376515388489,0.0,0.0,0.1929624080657959,0.0,0.8070999979972839,0.0,0.0,0.1929000616073608,0.0,0.8070583939552307,0.0,0.0,0.1929416209459304,0.0,0.8069960474967957,0.0,0.0,0.1930039823055267,0.0,0.8070583939552307,0.0,0.0,0.1929416209459304,0.0,0.8070791959762573,0.0,0.0,0.192920833826065,0.0,0.8071207404136658,0.0,0.0,0.1928792744874954,0.0,0.8070583939552307,0.0,0.0,0.1929416209459304,0.0,0.8069960474967957,0.0,0.0,0.1930039823055267,0.0,0.8071207404136658,0.0,0.0,0.1928792744874954,0.0,0.8070791959762573,0.0,0.0,0.192920833826065,0.0,0.8070791959762573,0.0,0.0,0.192920833826065,0.0,0.8070583939552307,0.0,0.0,0.1929416209459304,0.0,0.8070791959762573,0.0,0.0,0.192920833826065,0.0,0.8071207404136658,0.0,0.0,0.1928792744874954,0.0,0.8068713545799255,0.0,0.0,0.193128690123558,0.0,0.8070168495178223,0.0,0.0,0.1929831951856613,0.0,0.8070376515388489,0.0,0.0,0.1929624080657959,0.0,0.8070999979972839,0.0,0.0,0.1929000616073608,0.0,0.8071207404136658,0.0,0.0,0.1928792744874954,0.0,0.8070376515388489,0.0,0.0,0.1929624080657959,0.0,0.4547004103660583,0.0019121652003377,0.0024941284209489,0.5397709608078003,0.001122357789427,0.4388419091701507,0.0028682476840913,0.0024109908845275,0.5551930069923401,0.0006858853157609,0.4251657724380493,0.0022239312529563,0.0023486376740038,0.5692432522773743,0.0010184358106926,0.4618710279464721,0.0009768670424818,0.0007066697580739,0.53605055809021,0.0003949036763515,0.4227963387966156,0.0014341238420456,0.0018913807580247,0.5729429125785828,0.0009352981578558,0.4437262415885925,0.0020576559472829,0.0024941284209489,0.5509529709815979,0.0007690229685977,0.4630349576473236,0.0012886330951005,0.0017666743369773,0.5332862138748169,0.0006235321052372,0.4557811915874481,0.0014756927266716,0.0012262798845767,0.5411011576652527,0.0004156880895607,0.4589612185955047,0.0014756927266716,0.001122357789427,0.5379211902618408,0.0005196101265028,0.4244798719882965,0.0018913807580247,0.0019745184108614,0.5706150531768799,0.0010392202530056,0.4368466138839721,0.0008521605632267,0.0012054954422637,0.5604722499847412,0.0006235321052372,0.4475297927856445,0.0020160872954875,0.0026188348419964,0.5473780632019043,0.0004572568868752,0.4338952302932739,0.0013925550738349,0.0017874587792903,0.5618647933006287,0.0010600045789033,0.4472803771495819,0.0023486376740038,0.0020784405060112,0.5477522015571594,0.0005403945106081,0.436888188123703,0.0012470642104744,0.0015380459371954,0.5595577359199524,0.0007690229685977,0.4443497657775879,0.0027851101476699,0.0027019726112484,0.5494772791862488,0.0006858853157609,0.4316089451313019,0.0025149129796773,0.0026604037266224,0.5623012781143188,0.0009145137737505,0.4320246279239654,0.0016419679159298,0.0017874587792903,0.5635899305343628,0.0009560826001688,0.4473427236080169,0.0014964770525693,0.0017043211264535,0.5486874580383301,0.0007690229685977,0.4359528720378876,0.0033462890423834,0.0033255047164857,0.5563569068908691,0.0010184358106926,0.442666232585907,0.003263151505962,0.0031384450849145,0.5499969124794006,0.0009352981578558,0.4509592056274414,0.0010392202530056,0.0013094174209982,0.5459439158439636,0.0007482385262846,0.441148966550827,0.0015172614948824,0.0014964770525693,0.5552345514297485,0.0006027477211318,0.4413360357284546,0.0024733440950512,0.0019537340849637,0.5532808303833008,0.0009560826001688,0.446532130241394,0.0020576559472829,0.0023070687893778,0.5484172701835632,0.0006858853157609,0.4386132657527923,0.0023902065586298,0.001849811989814,0.5563985109329224,0.0007482385262846,0.4640326201915741,0.0014964770525693,0.0013094174209982,0.5325379967689514,0.0006235321052372,0.4428324997425079,0.0009976513683795,0.0011847109999507,0.5545071363449097,0.0004780413000844,0.4610188603401184,0.0012678486527875,0.0010392202530056,0.5361545085906982,0.0005196101265028,0.4439964294433594,0.001288633095100522,0.0016627523582428694,0.5521584749221802,0.0008937293896451592
158,0.8057698011398315,0.0,0.0,0.1942302584648132,0.0,0.805873692035675,0.0,0.0,0.1941263377666473,0.0,0.8058321475982666,0.0,0.0,0.1941678971052169,0.0,0.8058528900146484,0.0,0.0,0.1941471248865127,0.0,0.8058528900146484,0.0,0.0,0.1941471248865127,0.0,0.8058528900146484,0.0,0.0,0.1941471248865127,0.0,0.805873692035675,0.0,0.0,0.1941263377666473,0.0,0.8059360384941101,0.0,0.0,0.1940639764070511,0.0,0.8056658506393433,0.0,0.0,0.1943341791629791,0.0,0.8058321475982666,0.0,0.0,0.1941678971052169,0.0,0.8058944940567017,0.0,0.0,0.1941055506467819,0.0,0.8058528900146484,0.0,0.0,0.1941471248865127,0.0,0.8057905435562134,0.0,0.0,0.1942094713449478,0.0,0.8058528900146484,0.0,0.0,0.1941471248865127,0.0,0.805873692035675,0.0,0.0,0.1941263377666473,0.0,0.8059152960777283,0.0,0.0,0.1940847635269165,0.0,0.8058528900146484,0.0,0.0,0.1941471248865127,0.0,0.8057905435562134,0.0,0.0,0.1942094713449478,0.0,0.8059152960777283,0.0,0.0,0.1940847635269165,0.0,0.805873692035675,0.0,0.0,0.1941263377666473,0.0,0.805873692035675,0.0,0.0,0.1941263377666473,0.0,0.8058528900146484,0.0,0.0,0.1941471248865127,0.0,0.805873692035675,0.0,0.0,0.1941263377666473,0.0,0.8059152960777283,0.0,0.0,0.1940847635269165,0.0,0.8056658506393433,0.0,0.0,0.1943341791629791,0.0,0.80581134557724,0.0,0.0,0.1941886842250824,0.0,0.8058321475982666,0.0,0.0,0.1941678971052169,0.0,0.8058944940567017,0.0,0.0,0.1941055506467819,0.0,0.8059152960777283,0.0,0.0,0.1940847635269165,0.0,0.8058321475982666,0.0,0.0,0.1941678971052169,0.0,0.4531623721122741,0.0017043211264535,0.0024941284209489,0.5414960980415344,0.00114314223174,0.436888188123703,0.002577266190201,0.0027851101476699,0.5570635795593262,0.0006858853157609,0.4236069321632385,0.0020368716213852,0.0022862844634801,0.5710514783859253,0.0010184358106926,0.460561603307724,0.0005611788947135,0.0011847109999507,0.5372976064682007,0.0003949036763515,0.4212375283241272,0.0012470642104744,0.0019537340849637,0.5746264457702637,0.0009352981578558,0.4422089755535126,0.001808243105188,0.0027019726112484,0.5525118112564087,0.0007690229685977,0.4616216123104095,0.0009976513683795,0.001829027547501,0.5349282026290894,0.0006235321052372,0.454305499792099,0.0013925550738349,0.0013925550738349,0.5424937605857849,0.0004156880895607,0.4575271010398865,0.0012678486527875,0.0012886330951005,0.5393968820571899,0.0005196101265028,0.423087328672409,0.0017666743369773,0.0018705963157117,0.5722362399101257,0.0010392202530056,0.4354956150054931,0.0006651009316556,0.001163926674053,0.5620518326759338,0.0006235321052372,0.4457215368747711,0.0021200091578066,0.0025564816314727,0.5491447448730469,0.0004572568868752,0.4323363900184631,0.0013094174209982,0.001829027547501,0.5634651780128479,0.0010600045789033,0.4454929232597351,0.0021823623683303,0.0024733440950512,0.5492902398109436,0.0005611788947135,0.4352877736091614,0.0014756927266716,0.0014341238420456,0.5610334277153015,0.0007690229685977,0.4427078068256378,0.0024525597691535,0.0025564816314727,0.5515972971916199,0.0006858853157609,0.4297383427619934,0.0023486376740038,0.0028682476840913,0.5641303062438965,0.0009145137737505,0.4302579462528229,0.0017251055687665,0.0020576559472829,0.5650032162666321,0.0009560826001688,0.4459293782711029,0.0013925550738349,0.0014549082843586,0.5504541397094727,0.0007690229685977,0.433957576751709,0.0030760918743908,0.0035125643480569,0.5584353804588318,0.0010184358106926,0.44075408577919,0.0028890322428196,0.0032007982954382,0.5522000193595886,0.0009560826001688,0.4492964744567871,0.0010600045789033,0.0014756927266716,0.5474196076393127,0.0007482385262846,0.4398395717144012,0.0013717706315219,0.0014964770525693,0.5566895008087158,0.0006027477211318,0.439569354057312,0.0020784405060112,0.0025564816314727,0.5548396706581116,0.0009560826001688,0.4448901712894439,0.001808243105188,0.0026188348419964,0.5499969124794006,0.0006858853157609,0.4371583759784698,0.0020992248319089,0.001849811989814,0.5581443905830383,0.0007482385262846,0.4625361263751983,0.0009976513683795,0.0019121652003377,0.5339305400848389,0.0006235321052372,0.4414607286453247,0.0006858853157609,0.0013925550738349,0.5559828281402588,0.0004780413000844,0.4596263170242309,0.0011015734635293,0.0012262798845767,0.5375262498855591,0.0005196101265028,0.4425831139087677,0.001080789021216333,0.0015796147054061294,0.5538628101348877,0.0008937293896451592
159,0.8032132983207703,0.0,0.0,0.1967867314815521,0.0,0.8033171892166138,0.0,0.0,0.1966828107833862,0.0,0.8032756447792053,0.0,0.0,0.196724385023117,0.0,0.8032964468002319,0.0,0.0,0.1967035979032516,0.0,0.8032964468002319,0.0,0.0,0.1967035979032516,0.0,0.8032964468002319,0.0,0.0,0.1967035979032516,0.0,0.8033171892166138,0.0,0.0,0.1966828107833862,0.0,0.8033795952796936,0.0,0.0,0.1966204643249511,0.0,0.803109347820282,0.0,0.0,0.1968906670808792,0.0,0.8032756447792053,0.0,0.0,0.196724385023117,0.0,0.8033379912376404,0.0,0.0,0.196662038564682,0.0,0.8032964468002319,0.0,0.0,0.1967035979032516,0.0,0.8032341003417969,0.0,0.0,0.1967659592628479,0.0,0.8032964468002319,0.0,0.0,0.1967035979032516,0.0,0.8033171892166138,0.0,0.0,0.1966828107833862,0.0,0.803358793258667,0.0,0.0,0.1966412514448166,0.0,0.8032964468002319,0.0,0.0,0.1967035979032516,0.0,0.8032341003417969,0.0,0.0,0.1967659592628479,0.0,0.803358793258667,0.0,0.0,0.1966412514448166,0.0,0.8033171892166138,0.0,0.0,0.1966828107833862,0.0,0.8033171892166138,0.0,0.0,0.1966828107833862,0.0,0.8032964468002319,0.0,0.0,0.1967035979032516,0.0,0.8033171892166138,0.0,0.0,0.1966828107833862,0.0,0.803358793258667,0.0,0.0,0.1966412514448166,0.0,0.803109347820282,0.0,0.0,0.1968906670808792,0.0,0.8032548427581787,0.0,0.0,0.1967451721429824,0.0,0.8032756447792053,0.0,0.0,0.196724385023117,0.0,0.8033379912376404,0.0,0.0,0.196662038564682,0.0,0.803358793258667,0.0,0.0,0.1966412514448166,0.0,0.8032756447792053,0.0,0.0,0.196724385023117,0.0,0.4500031471252441,0.0019329495262354,0.002535697305575,0.5443851351737976,0.00114314223174,0.433791309595108,0.0025564816314727,0.0027435412630438,0.5602020621299744,0.0007066697580739,0.4206139743328094,0.0020160872954875,0.0022862844634801,0.5740652680397034,0.0010184358106926,0.4579012095928192,0.0004780413000844,0.0011847109999507,0.5400411486625671,0.0003949036763515,0.4182029962539673,0.0014756927266716,0.0018913807580247,0.5774946808815002,0.0009352981578558,0.4386548399925232,0.0023486376740038,0.0022655001375824,0.5559412240982056,0.000789807352703,0.458815723657608,0.0009352981578558,0.001829027547501,0.5377964377403259,0.0006235321052372,0.4514372646808624,0.0013094174209982,0.0015172614948824,0.5453203916549683,0.0004156880895607,0.4546172618865967,0.0013925550738349,0.0012470642104744,0.5422235131263733,0.0005196101265028,0.4201151728630066,0.0016419679159298,0.0018913807580247,0.5752915143966675,0.0010600045789033,0.4328975677490234,0.0004988256841897,0.001122357789427,0.5648577213287354,0.0006235321052372,0.4427701532840729,0.0018705963157117,0.0027227569371461,0.5521792769432068,0.0004572568868752,0.4294889271259308,0.0012262798845767,0.0018705963157117,0.5663126707077026,0.0011015734635293,0.4423752427101135,0.0023902065586298,0.002535697305575,0.5521376729011536,0.0005611788947135,0.432440310716629,0.001163926674053,0.0016627523582428,0.5639432072639465,0.000789807352703,0.4397356510162353,0.0021615780424326,0.0028474633581936,0.5545694828033447,0.0006858853157609,0.4267453849315643,0.0021200091578066,0.002972169779241,0.5672479867935181,0.0009145137737505,0.4272234141826629,0.0016003991477191,0.0021407937165349,0.5680793523788452,0.0009560826001688,0.4432274103164673,0.00114314223174,0.0014133395161479,0.5534471273422241,0.0007690229685977,0.4308191239833832,0.0025980505160987,0.0038035458419471,0.5617609024047852,0.0010184358106926,0.4372414946556091,0.0030553073156625,0.0033878579270094,0.5553385019302368,0.0009768670424818,0.446532130241394,0.0009976513683795,0.0016003991477191,0.5501216053962708,0.0007482385262846,0.4369713068008423,0.001163926674053,0.0015380459371954,0.559723973274231,0.0006027477211318,0.4366803169250488,0.001849811989814,0.002535697305575,0.557978093624115,0.0009560826001688,0.4419179856777191,0.0017251055687665,0.0026188348419964,0.5530521869659424,0.0006858853157609,0.434186190366745,0.0016003991477191,0.0022655001375824,0.5611997246742249,0.0007482385262846,0.4597094357013702,0.0010600045789033,0.0017666743369773,0.5368403792381287,0.0006235321052372,0.4386548399925232,0.0007066697580739,0.0013094174209982,0.5588510632514954,0.0004780413000844,0.4567788541316986,0.0008521605632267,0.0015588302630931,0.5402905941009521,0.0005196101265028,0.4395901560783386,0.001205495442263782,0.0016211834736168385,0.5566895008087158,0.0008937293896451592
160,0.80296391248703,0.0,0.0,0.1970361471176147,0.0,0.8030678033828735,0.0,0.0,0.1969322264194488,0.0,0.8030262589454651,0.0,0.0,0.1969738006591797,0.0,0.8030470013618469,0.0,0.0,0.1969530135393142,0.0,0.8030470013618469,0.0,0.0,0.1969530135393142,0.0,0.8030470013618469,0.0,0.0,0.1969530135393142,0.0,0.8030678033828735,0.0,0.0,0.1969322264194488,0.0,0.8031301498413086,0.0,0.0,0.1968698799610138,0.0,0.8028599619865417,0.0,0.0,0.1971400678157806,0.0,0.8030262589454651,0.0,0.0,0.1969738006591797,0.0,0.8030886054039001,0.0,0.0,0.1969114392995834,0.0,0.8030470013618469,0.0,0.0,0.1969530135393142,0.0,0.8029846549034119,0.0,0.0,0.1970153599977493,0.0,0.8030470013618469,0.0,0.0,0.1969530135393142,0.0,0.8030678033828735,0.0,0.0,0.1969322264194488,0.0,0.803109347820282,0.0,0.0,0.1968906670808792,0.0,0.8030470013618469,0.0,0.0,0.1969530135393142,0.0,0.8029846549034119,0.0,0.0,0.1970153599977493,0.0,0.803109347820282,0.0,0.0,0.1968906670808792,0.0,0.8030678033828735,0.0,0.0,0.1969322264194488,0.0,0.8030678033828735,0.0,0.0,0.1969322264194488,0.0,0.8030470013618469,0.0,0.0,0.1969530135393142,0.0,0.8030678033828735,0.0,0.0,0.1969322264194488,0.0,0.803109347820282,0.0,0.0,0.1968906670808792,0.0,0.8028599619865417,0.0,0.0,0.1971400678157806,0.0,0.8030054569244385,0.0,0.0,0.1969945877790451,0.0,0.8030262589454651,0.0,0.0,0.1969738006591797,0.0,0.8030886054039001,0.0,0.0,0.1969114392995834,0.0,0.803109347820282,0.0,0.0,0.1968906670808792,0.0,0.8030262589454651,0.0,0.0,0.1969738006591797,0.0,0.4491717517375946,0.0020368716213852,0.002577266190201,0.545071005821228,0.00114314223174,0.4331054091453552,0.0020784405060112,0.0032215826213359,0.5608879327774048,0.0007066697580739,0.4200527966022491,0.0016211834736168,0.002535697305575,0.5747719407081604,0.0010184358106926,0.4572984576225281,0.0007274541421793,0.0011847109999507,0.5403944849967957,0.0003949036763515,0.4174963235855102,0.0014964770525693,0.0020160872954875,0.5780558586120605,0.0009352981578558,0.4379273951053619,0.0022862844634801,0.0023902065586298,0.5566063523292542,0.000789807352703,0.4582337439060211,0.0010184358106926,0.0018913807580247,0.5382329225540161,0.0006235321052372,0.450980007648468,0.0010184358106926,0.0017043211264535,0.5458815693855286,0.0004156880895607,0.4542431533336639,0.001122357789427,0.0014756927266716,0.5426391959190369,0.0005196101265028,0.4195747673511505,0.0014756927266716,0.0019537340849637,0.5759358406066895,0.0010600045789033,0.4325858056545257,0.000436472473666,0.0009768670424818,0.5653773546218872,0.0006235321052372,0.4420011341571808,0.0019121652003377,0.0027435412630438,0.5528859496116638,0.0004572568868752,0.4289693236351013,0.0012886330951005,0.001808243105188,0.5668322443962097,0.0011015734635293,0.4417101442813873,0.0022655001375824,0.0027435412630438,0.5527196526527405,0.0005611788947135,0.4318167865276336,0.0013302018633112,0.0015796147054061,0.564483642578125,0.000789807352703,0.4390705227851867,0.0017874587792903,0.0030553073156625,0.5554008483886719,0.0006858853157609,0.4259763658046722,0.0021200091578066,0.002930600894615,0.5680585503578186,0.0009145137737505,0.4267869591712951,0.0015172614948824,0.0021407937165349,0.5685989260673523,0.0009560826001688,0.4428533017635345,0.0008105917368084,0.0015796147054061,0.5539875030517578,0.0007690229685977,0.4298214912414551,0.0025149129796773,0.0041568810120224,0.562488317489624,0.0010184358106926,0.4361815154552459,0.0031800137367099,0.0034086422529071,0.5562530159950256,0.0009768670424818,0.4461164474487304,0.0009768670424818,0.0015796147054061,0.5505788922309875,0.0007482385262846,0.4362854361534118,0.001163926674053,0.0017043211264535,0.5602436065673828,0.0006027477211318,0.4358489513397217,0.0017874587792903,0.0028266790322959,0.5585808753967285,0.0009560826001688,0.4410034716129303,0.0018913807580247,0.0025149129796773,0.5539043545722961,0.0006858853157609,0.4336458146572113,0.0013925550738349,0.002535697305575,0.5616777539253235,0.0007482385262846,0.4588988721370697,0.0013509863056242,0.0017874587792903,0.5373392105102539,0.0006235321052372,0.4382599592208862,0.0007066697580739,0.0012054954422637,0.5593498945236206,0.0004780413000844,0.4562384486198425,0.0009768670424818,0.0013925550738349,0.5408725738525391,0.0005196101265028,0.4389874041080475,0.0012470642104744911,0.0017874587792903185,0.5570843815803528,0.0008937293896451592
161,0.8028807640075684,0.0,0.0,0.1971192955970764,0.0,0.8029846549034119,0.0,0.0,0.1970153599977493,0.0,0.8029431104660034,0.0,0.0,0.1970569342374801,0.0,0.80296391248703,0.0,0.0,0.1970361471176147,0.0,0.80296391248703,0.0,0.0,0.1970361471176147,0.0,0.80296391248703,0.0,0.0,0.1970361471176147,0.0,0.8029846549034119,0.0,0.0,0.1970153599977493,0.0,0.8030470013618469,0.0,0.0,0.1969530135393142,0.0,0.8027768135070801,0.0,0.0,0.1972232162952423,0.0,0.8029431104660034,0.0,0.0,0.1970569342374801,0.0,0.8030054569244385,0.0,0.0,0.1969945877790451,0.0,0.80296391248703,0.0,0.0,0.1970361471176147,0.0,0.8029015064239502,0.0,0.0,0.197098508477211,0.0,0.80296391248703,0.0,0.0,0.1970361471176147,0.0,0.8029846549034119,0.0,0.0,0.1970153599977493,0.0,0.8030262589454651,0.0,0.0,0.1969738006591797,0.0,0.80296391248703,0.0,0.0,0.1970361471176147,0.0,0.8029015064239502,0.0,0.0,0.197098508477211,0.0,0.8030262589454651,0.0,0.0,0.1969738006591797,0.0,0.8029846549034119,0.0,0.0,0.1970153599977493,0.0,0.8029846549034119,0.0,0.0,0.1970153599977493,0.0,0.80296391248703,0.0,0.0,0.1970361471176147,0.0,0.8029846549034119,0.0,0.0,0.1970153599977493,0.0,0.8030262589454651,0.0,0.0,0.1969738006591797,0.0,0.8027768135070801,0.0,0.0,0.1972232162952423,0.0,0.8029223084449768,0.0,0.0,0.1970777213573455,0.0,0.8029431104660034,0.0,0.0,0.1970569342374801,0.0,0.8030054569244385,0.0,0.0,0.1969945877790451,0.0,0.8030262589454651,0.0,0.0,0.1969738006591797,0.0,0.8029431104660034,0.0,0.0,0.1970569342374801,0.0,0.4487352967262268,0.0018705963157117,0.0023902065586298,0.5458608269691467,0.00114314223174,0.4325234591960907,0.0022239312529563,0.0031800137367099,0.5613659620285034,0.0007066697580739,0.4194708466529846,0.0016003991477191,0.002535697305575,0.5753746628761292,0.0010184358106926,0.457069844007492,0.0007066697580739,0.001163926674053,0.5406647324562073,0.0003949036763515,0.4172053337097168,0.0014964770525693,0.0017251055687665,0.5786170363426208,0.0009560826001688,0.4374701380729675,0.0021615780424326,0.0024733440950512,0.5571051836013794,0.000789807352703,0.4580259025096893,0.0009145137737505,0.0017043211264535,0.5387317538261414,0.0006235321052372,0.4507929384708404,0.0008937293896451,0.0017251055687665,0.546172559261322,0.0004156880895607,0.4538898169994354,0.0009768670424818,0.0016627523582428,0.5429509878158569,0.0005196101265028,0.4192006587982178,0.0011847109999507,0.002244715578854,0.5763099789619446,0.0010600045789033,0.4322948157787323,0.0004572568868752,0.0010392202530056,0.565585196018219,0.0006235321052372,0.441627025604248,0.001808243105188,0.002535697305575,0.5535718202590942,0.0004572568868752,0.4286575615406036,0.00114314223174,0.0019745184108614,0.5671232342720032,0.0011015734635293,0.4413568079471588,0.001829027547501,0.0027019726112484,0.5535510182380676,0.0005611788947135,0.4314634501934051,0.0013302018633112,0.0016003991477191,0.5648161768913269,0.000789807352703,0.4384469985961914,0.001808243105188,0.003263151505962,0.5557957291603088,0.0006858853157609,0.4255606830120086,0.0019537340849637,0.0029929541051387,0.5685781836509705,0.0009145137737505,0.4263297021389007,0.0016003991477191,0.0020160872954875,0.5690977573394775,0.0009560826001688,0.4424376189708709,0.0008105917368084,0.0017251055687665,0.5542576909065247,0.0007690229685977,0.4293226599693298,0.002535697305575,0.0038866836111992,0.5632365942001343,0.0010184358106926,0.4353916943073272,0.0031800137367099,0.003616486210376,0.5568349957466125,0.0009768670424818,0.445825457572937,0.0010392202530056,0.0012678486527875,0.5511192679405212,0.0007482385262846,0.4358905255794525,0.001163926674053,0.001849811989814,0.5604930520057678,0.0006027477211318,0.4354332685470581,0.001808243105188,0.0027643258217722,0.5590381026268005,0.0009560826001688,0.4408164322376251,0.0016211834736168,0.0024941284209489,0.5543823838233948,0.0006858853157609,0.433084636926651,0.0014341238420456,0.0026396194007247,0.5620934367179871,0.0007482385262846,0.4583792388439178,0.0015588302630931,0.0016835366841405,0.5377548933029175,0.0006235321052372,0.4380936622619629,0.0006443165475502,0.0012054954422637,0.559578537940979,0.0004780413000844,0.4560098350048065,0.0009145137737505,0.0014756927266716,0.5410804152488708,0.0005196101265028,0.4386548399925232,0.0012470642104744911,0.0016211834736168385,0.557583212852478,0.0008937293896451592
162,0.8017791509628296,0.0,0.0,0.1982208639383316,0.0,0.8018831014633179,0.0,0.0,0.1981169432401657,0.0,0.8018414974212646,0.0,0.0,0.1981585025787353,0.0,0.8018622994422913,0.0,0.0,0.1981377303600311,0.0,0.8018622994422913,0.0,0.0,0.1981377303600311,0.0,0.8018622994422913,0.0,0.0,0.1981377303600311,0.0,0.8018831014633179,0.0,0.0,0.1981169432401657,0.0,0.8019454479217529,0.0,0.0,0.1980545818805694,0.0,0.8016752600669861,0.0,0.0,0.1983247846364975,0.0,0.8018414974212646,0.0,0.0,0.1981585025787353,0.0,0.8019039034843445,0.0,0.0,0.1980961561203003,0.0,0.8018622994422913,0.0,0.0,0.1981377303600311,0.0,0.8017999529838562,0.0,0.0,0.1982000768184662,0.0,0.8018622994422913,0.0,0.0,0.1981377303600311,0.0,0.8018831014633179,0.0,0.0,0.1981169432401657,0.0,0.8019246459007263,0.0,0.0,0.1980753690004348,0.0,0.8018622994422913,0.0,0.0,0.1981377303600311,0.0,0.8017999529838562,0.0,0.0,0.1982000768184662,0.0,0.8019246459007263,0.0,0.0,0.1980753690004348,0.0,0.8018831014633179,0.0,0.0,0.1981169432401657,0.0,0.8018831014633179,0.0,0.0,0.1981169432401657,0.0,0.8018622994422913,0.0,0.0,0.1981377303600311,0.0,0.8018831014633179,0.0,0.0,0.1981169432401657,0.0,0.8019246459007263,0.0,0.0,0.1980753690004348,0.0,0.8016752600669861,0.0,0.0,0.1983247846364975,0.0,0.8018207550048828,0.0,0.0,0.1981792896986007,0.0,0.8018414974212646,0.0,0.0,0.1981585025787353,0.0,0.8019039034843445,0.0,0.0,0.1980961561203003,0.0,0.8019246459007263,0.0,0.0,0.1980753690004348,0.0,0.8018414974212646,0.0,0.0,0.1981585025787353,0.0,0.4474466443061828,0.0017251055687665,0.002244715578854,0.5474404096603394,0.00114314223174,0.43108931183815,0.001808243105188,0.003616486210376,0.5627793073654175,0.0007066697580739,0.4180990755558014,0.0015172614948824,0.002577266190201,0.5767880082130432,0.0010184358106926,0.4558227658271789,0.0007482385262846,0.0010807890212163,0.5419533252716064,0.0003949036763515,0.4159582853317261,0.0012886330951005,0.0017874587792903,0.5800095796585083,0.0009560826001688,0.4359320998191833,0.0022862844634801,0.0023694219999015,0.558622419834137,0.000789807352703,0.4566957056522369,0.0009352981578558,0.0014964770525693,0.5402489900588989,0.0006235321052372,0.4495043158531189,0.0008105917368084,0.0017458898946642,0.547523558139801,0.0004156880895607,0.4525388181209564,0.0009976513683795,0.0017043211264535,0.5442396402359009,0.0005196101265028,0.4177665114402771,0.0013302018633112,0.0020784405060112,0.5777648687362671,0.0010600045789033,0.4311101138591766,0.0003949036763515,0.0009976513683795,0.5668738484382629,0.0006235321052372,0.4403383731842041,0.0013925550738349,0.0026188348419964,0.5551930069923401,0.0004572568868752,0.4274104833602905,0.0009352981578558,0.0017458898946642,0.5688067674636841,0.0011015734635293,0.4400681853294372,0.0014341238420456,0.002930600894615,0.5550059676170349,0.0005611788947135,0.4300916790962219,0.0012054954422637,0.0016419679159298,0.5662710666656494,0.000789807352703,0.436950534582138,0.0017666743369773,0.0032215826213359,0.5573753714561462,0.0006858853157609,0.4239186942577362,0.001829027547501,0.0031800137367099,0.5701577663421631,0.0009145137737505,0.4249995052814483,0.0012678486527875,0.0022031469270586,0.5705734491348267,0.0009560826001688,0.4412113428115845,0.0007274541421793,0.0017043211264535,0.555587887763977,0.0007690229685977,0.4278261661529541,0.0021407937165349,0.0041360962204635,0.564878523349762,0.0010184358106926,0.433791309595108,0.002972169779241,0.0039698211476206,0.5582898855209351,0.0009768670424818,0.4444952607154846,0.0008105917368084,0.0014964770525693,0.5524494647979736,0.0007482385262846,0.4345811009407043,0.0012678486527875,0.0016211834736168,0.5619271397590637,0.0006027477211318,0.434019923210144,0.0015588302630931,0.0030345229897648,0.560430645942688,0.0009560826001688,0.4392575919628143,0.0016419679159298,0.0024941284209489,0.5559204816818237,0.0006858853157609,0.431795984506607,0.0013717706315219,0.0026396194007247,0.5634444355964661,0.0007482385262846,0.4570490419864654,0.0014964770525693,0.0017874587792903,0.5390435457229614,0.0006235321052372,0.436950534582138,0.0005196101265028,0.001163926674053,0.5608879327774048,0.0004780413000844,0.4545964896678924,0.0010392202530056,0.0014549082843586,0.5423898100852966,0.0005196101265028,0.4374493658542633,0.0011431422317400575,0.0014964770525693893,0.5590173602104187,0.0008937293896451592
163,0.7996799349784851,0.0,0.0,0.2003200799226761,0.0,0.7997838854789734,0.0,0.0,0.2002161592245102,0.0,0.7997422814369202,0.0,0.0,0.200257733464241,0.0,0.7997630834579468,0.0,0.0,0.2002369463443756,0.0,0.7997630834579468,0.0,0.0,0.2002369463443756,0.0,0.7997630834579468,0.0,0.0,0.2002369463443756,0.0,0.7997838854789734,0.0,0.0,0.2002161592245102,0.0,0.7998462319374084,0.0,0.0,0.2001538127660751,0.0,0.7995760440826416,0.0,0.0,0.2004240155220031,0.0,0.7997422814369202,0.0,0.0,0.200257733464241,0.0,0.7998046278953552,0.0,0.0,0.2001953870058059,0.0,0.7997630834579468,0.0,0.0,0.2002369463443756,0.0,0.7997007369995117,0.0,0.0,0.2002993077039718,0.0,0.7997630834579468,0.0,0.0,0.2002369463443756,0.0,0.7997838854789734,0.0,0.0,0.2002161592245102,0.0,0.7998254299163818,0.0,0.0,0.2001745998859405,0.0,0.7997630834579468,0.0,0.0,0.2002369463443756,0.0,0.7997007369995117,0.0,0.0,0.2002993077039718,0.0,0.7998254299163818,0.0,0.0,0.2001745998859405,0.0,0.7997838854789734,0.0,0.0,0.2002161592245102,0.0,0.7997838854789734,0.0,0.0,0.2002161592245102,0.0,0.7997630834579468,0.0,0.0,0.2002369463443756,0.0,0.7997838854789734,0.0,0.0,0.2002161592245102,0.0,0.7998254299163818,0.0,0.0,0.2001745998859405,0.0,0.7995760440826416,0.0,0.0,0.2004240155220031,0.0,0.7997215390205383,0.0,0.0,0.2002785205841064,0.0,0.7997422814369202,0.0,0.0,0.200257733464241,0.0,0.7998046278953552,0.0,0.0,0.2001953870058059,0.0,0.7998254299163818,0.0,0.0,0.2001745998859405,0.0,0.7997422814369202,0.0,0.0,0.200257733464241,0.0,0.4450564384460449,0.0014133395161479,0.0023070687893778,0.5500800609588623,0.00114314223174,0.4283249974250793,0.0019329495262354,0.0031176605261862,0.5659177303314209,0.0007066697580739,0.4156880676746368,0.0013925550738349,0.0024733440950512,0.5794275999069214,0.0010184358106926,0.4535157084465027,0.0008521605632267,0.0006651009316556,0.5445721745491028,0.0003949036763515,0.4136304259300232,0.0010392202530056,0.0017251055687665,0.5826491713523865,0.0009560826001688,0.4334379732608795,0.0016835366841405,0.0028058944735676,0.5612828135490417,0.000789807352703,0.4544717669486999,0.0008105917368084,0.0012470642104744,0.5428262948989868,0.0006443165475502,0.4471972286701202,0.0007066697580739,0.0017043211264535,0.549976110458374,0.0004156880895607,0.4502941071987152,0.000789807352703,0.0016211834736168,0.5467753410339355,0.0005196101265028,0.415480226278305,0.0011015734635293,0.0021823623683303,0.5801758766174316,0.0010600045789033,0.4289277493953705,0.000436472473666,0.0007066697580739,0.5693055987358093,0.0006235321052372,0.4378650486469269,0.0013717706315219,0.0025149129796773,0.5577910542488098,0.0004572568868752,0.4249995052814483,0.0009560826001688,0.0016003991477191,0.5713424682617188,0.0011015734635293,0.4375948309898376,0.0012470642104744,0.0027435412630438,0.5578534007072449,0.0005611788947135,0.4278053939342499,0.0011015734635293,0.0017666743369773,0.5685365796089172,0.000789807352703,0.4343940317630768,0.001808243105188,0.0028682476840913,0.5602436065673828,0.0006858853157609,0.4215492904186249,0.0016627523582428,0.0027851101476699,0.5730883479118347,0.0009145137737505,0.4226716458797455,0.0010184358106926,0.0022031469270586,0.5731507539749146,0.0009560826001688,0.4389666020870209,0.0007274541421793,0.0015380459371954,0.5579988956451416,0.0007690229685977,0.425248920917511,0.0020368716213852,0.003658055095002,0.568037748336792,0.0010184358106926,0.4311101138591766,0.0025980505160987,0.0038451147265732,0.5614699125289917,0.0009768670424818,0.4422089755535126,0.000789807352703,0.0012678486527875,0.5549851655960083,0.0007482385262846,0.4321701228618622,0.0012678486527875,0.0016835366841405,0.5642758011817932,0.0006027477211318,0.4315881431102752,0.0015588302630931,0.0024109908845275,0.5634651780128479,0.0009768670424818,0.4369089603424072,0.0014756927266716,0.0022239312529563,0.5587055683135986,0.0006858853157609,0.429114818572998,0.0015380459371954,0.0025149129796773,0.5660840272903442,0.0007482385262846,0.4546380639076233,0.0015380459371954,0.0012678486527875,0.5419325232505798,0.0006235321052372,0.4347681701183319,0.0003533348790369,0.0009352981578558,0.5634651780128479,0.0004780413000844,0.4522270560264587,0.0010184358106926,0.0013925550738349,0.5448423624038696,0.0005196101265028,0.4352877736091614,0.0007690229685977101,0.0015172614948824048,0.5615322589874268,0.0008937293896451592
164,0.7965623140335083,0.0,0.0,0.2034377455711364,0.0,0.7966662049293518,0.0,0.0,0.2033338248729705,0.0,0.7966246604919434,0.0,0.0,0.2033753991127014,0.0,0.7966454029083252,0.0,0.0,0.203354611992836,0.0,0.7966454029083252,0.0,0.0,0.203354611992836,0.0,0.7966454029083252,0.0,0.0,0.203354611992836,0.0,0.7966662049293518,0.0,0.0,0.2033338248729705,0.0,0.7967285513877869,0.0,0.0,0.2032714784145355,0.0,0.79645836353302,0.0,0.0,0.2035416662693023,0.0,0.7966246604919434,0.0,0.0,0.2033753991127014,0.0,0.7966870069503784,0.0,0.0,0.2033130377531051,0.0,0.7966454029083252,0.0,0.0,0.203354611992836,0.0,0.7965830564498901,0.0,0.0,0.203416958451271,0.0,0.7966454029083252,0.0,0.0,0.203354611992836,0.0,0.7966662049293518,0.0,0.0,0.2033338248729705,0.0,0.7967077493667603,0.0,0.0,0.2032922506332397,0.0,0.7966454029083252,0.0,0.0,0.203354611992836,0.0,0.7965830564498901,0.0,0.0,0.203416958451271,0.0,0.7967077493667603,0.0,0.0,0.2032922506332397,0.0,0.7966662049293518,0.0,0.0,0.2033338248729705,0.0,0.7966662049293518,0.0,0.0,0.2033338248729705,0.0,0.7966454029083252,0.0,0.0,0.203354611992836,0.0,0.7966662049293518,0.0,0.0,0.2033338248729705,0.0,0.7967077493667603,0.0,0.0,0.2032922506332397,0.0,0.79645836353302,0.0,0.0,0.2035416662693023,0.0,0.7966038584709167,0.0,0.0,0.2033961713314056,0.0,0.7966246604919434,0.0,0.0,0.2033753991127014,0.0,0.7966870069503784,0.0,0.0,0.2033130377531051,0.0,0.7967077493667603,0.0,0.0,0.2032922506332397,0.0,0.7966246604919434,0.0,0.0,0.2033753991127014,0.0,0.4415854513645172,0.0011847109999507,0.0025149129796773,0.5535718202590942,0.00114314223174,0.4247708618640899,0.0019329495262354,0.0029929541051387,0.5695965886116028,0.0007066697580739,0.4124457240104675,0.0012054954422637,0.0023278533481061,0.583002507686615,0.0010184358106926,0.4502525329589844,0.0006443165475502,0.0008313761791214,0.5478768944740295,0.0003949036763515,0.4102010130882263,0.0008937293896451,0.0019329495262354,0.5860162973403931,0.0009560826001688,0.4300293326377868,0.0014964770525693,0.0028266790322959,0.5648577213287354,0.000789807352703,0.4512294232845306,0.0006027477211318,0.0012678486527875,0.5462557077407837,0.0006443165475502,0.4439548850059509,0.0006235321052372,0.0015172614948824,0.5534886717796326,0.0004156880895607,0.4469893872737884,0.0008521605632267,0.0015172614948824,0.5501008033752441,0.0005403945106081,0.4121963083744049,0.0009768670424818,0.0019329495262354,0.5838339328765869,0.0010600045789033,0.4256438016891479,0.0005403945106081,0.0005611788947135,0.5726103186607361,0.0006443165475502,0.4343316853046417,0.0012678486527875,0.0023902065586298,0.5615322589874268,0.0004780413000844,0.4217155575752258,0.0008521605632267,0.0014964770525693,0.5748134851455688,0.001122357789427,0.434019923210144,0.0012886330951005,0.0028058944735676,0.561324417591095,0.0005611788947135,0.4245422482490539,0.0008729449473321,0.0015380459371954,0.5722569823265076,0.000789807352703,0.4310477674007416,0.0016211834736168,0.002577266190201,0.5640679597854614,0.0006858853157609,0.4180159270763397,0.0015588302630931,0.0026396194007247,0.5768711566925049,0.0009145137737505,0.4189304411411285,0.0014549082843586,0.0017874587792903,0.5768711566925049,0.0009560826001688,0.4356618821620941,0.000789807352703,0.0012678486527875,0.5615114569664001,0.0007690229685977,0.4217155575752258,0.0017043211264535,0.0033462890423834,0.5722154378890991,0.0010184358106926,0.4274520576000213,0.0023278533481061,0.0038658990524709,0.5653773546218872,0.0009768670424818,0.4390081763267517,0.0007066697580739,0.001163926674053,0.5583730340003967,0.0007482385262846,0.4286991059780121,0.0011847109999507,0.0016003991477191,0.5679130554199219,0.0006027477211318,0.4281171560287475,0.0013302018633112,0.0024317752104252,0.5671440362930298,0.0009768670424818,0.4334587454795837,0.00114314223174,0.0023902065586298,0.5623220801353455,0.0006858853157609,0.4257892966270447,0.0014549082843586,0.0018913807580247,0.5701162219047546,0.0007482385262846,0.4512294232845306,0.0012678486527875,0.0016211834736168,0.5452580451965332,0.0006235321052372,0.431505024433136,0.0003533348790369,0.0008521605632267,0.5668115019798279,0.0004780413000844,0.4489015638828277,0.0009352981578558,0.00114314223174,0.5485004186630249,0.0005196101265028,0.43200382590293884,0.0005819633370265365,0.001558830263093114,0.5649616718292236,0.0008937293896451592
165,0.7941721081733704,0.0,0.0,0.2058279514312744,0.0,0.7942759990692139,0.0,0.0,0.2057240307331085,0.0,0.7942344546318054,0.0,0.0,0.2057656049728393,0.0,0.7942551970481873,0.0,0.0,0.2057448178529739,0.0,0.7942551970481873,0.0,0.0,0.2057448178529739,0.0,0.7942551970481873,0.0,0.0,0.2057448178529739,0.0,0.7942759990692139,0.0,0.0,0.2057240307331085,0.0,0.7943383455276489,0.0,0.0,0.2056616842746734,0.0,0.7940681576728821,0.0,0.0,0.2059318721294403,0.0,0.7942344546318054,0.0,0.0,0.2057656049728393,0.0,0.7942968010902405,0.0,0.0,0.2057032436132431,0.0,0.7942551970481873,0.0,0.0,0.2057448178529739,0.0,0.7941928505897522,0.0,0.0,0.205807164311409,0.0,0.7942551970481873,0.0,0.0,0.2057448178529739,0.0,0.7942759990692139,0.0,0.0,0.2057240307331085,0.0,0.7943175435066223,0.0,0.0,0.2056824564933776,0.0,0.7942551970481873,0.0,0.0,0.2057448178529739,0.0,0.7941928505897522,0.0,0.0,0.205807164311409,0.0,0.7943175435066223,0.0,0.0,0.2056824564933776,0.0,0.7942759990692139,0.0,0.0,0.2057240307331085,0.0,0.7942759990692139,0.0,0.0,0.2057240307331085,0.0,0.7942551970481873,0.0,0.0,0.2057448178529739,0.0,0.7942759990692139,0.0,0.0,0.2057240307331085,0.0,0.7943175435066223,0.0,0.0,0.2056824564933776,0.0,0.7940681576728821,0.0,0.0,0.2059318721294403,0.0,0.7942136526107788,0.0,0.0,0.2057863920927047,0.0,0.7942344546318054,0.0,0.0,0.2057656049728393,0.0,0.7942968010902405,0.0,0.0,0.2057032436132431,0.0,0.7943175435066223,0.0,0.0,0.2056824564933776,0.0,0.7942344546318054,0.0,0.0,0.2057656049728393,0.0,0.4390289783477783,0.0009976513683795,0.0023902065586298,0.5564400553703308,0.00114314223174,0.4220688939094543,0.0017458898946642,0.002577266190201,0.5729013085365295,0.0007066697580739,0.4098268747329712,0.0009352981578558,0.0021200091578066,0.58609938621521,0.0010184358106926,0.4476544857025146,0.0007066697580739,0.0008729449473321,0.550370991230011,0.0003949036763515,0.407644510269165,0.0008521605632267,0.0017043211264535,0.5888429284095764,0.0009560826001688,0.4273273348808288,0.0014341238420456,0.0026604037266224,0.5677883625030518,0.000789807352703,0.4486521482467651,0.0006651009316556,0.00114314223174,0.5488952994346619,0.0006443165475502,0.4414191842079162,0.0006651009316556,0.001122357789427,0.5563777089118958,0.0004156880895607,0.4444536864757538,0.0007274541421793,0.0013925550738349,0.5528859496116638,0.0005403945106081,0.4095774590969085,0.0009145137737505,0.0017666743369773,0.5866605639457703,0.0010807890212163,0.4231496751308441,0.000436472473666,0.0006443165475502,0.5751252174377441,0.0006443165475502,0.4311724603176117,0.0017458898946642,0.0022031469270586,0.5644004940986633,0.0004780413000844,0.4191590845584869,0.000789807352703,0.0015172614948824,0.5774115324020386,0.001122357789427,0.4312348067760467,0.0014133395161479,0.002535697305575,0.56423419713974,0.0005819633370265,0.4220273196697235,0.0007274541421793,0.0016003991477191,0.5748550295829773,0.000789807352703,0.4283665716648102,0.0013717706315219,0.0023278533481061,0.5672479867935181,0.0006858853157609,0.4153347611427307,0.0015172614948824,0.0024525597691535,0.5797601938247681,0.0009352981578558,0.416124552488327,0.0014964770525693,0.0018913807580247,0.5795315504074097,0.0009560826001688,0.4331054091453552,0.0006235321052372,0.00114314223174,0.5643589496612549,0.0007690229685977,0.4189304411411285,0.0016835366841405,0.002930600894615,0.5754370093345642,0.0010184358106926,0.4246877431869507,0.0019953027367591,0.0038866836111992,0.5684534311294556,0.0009768670424818,0.436410129070282,0.0007066697580739,0.0011847109999507,0.5609502792358398,0.0007482385262846,0.4261426329612732,0.0010392202530056,0.0014756927266716,0.57073974609375,0.0006027477211318,0.4254151880741119,0.0013094174209982,0.0021200091578066,0.5701785683631897,0.0009768670424818,0.430694431066513,0.0014133395161479,0.0019953027367591,0.5652110576629639,0.0006858853157609,0.4231704771518707,0.0012054954422637,0.0018705963157117,0.5730052590370178,0.0007482385262846,0.4486313760280609,0.0010392202530056,0.0017874587792903,0.547918438911438,0.0006235321052372,0.4289900958538055,0.0003949036763515,0.000789807352703,0.5693472027778625,0.0004780413000844,0.446303516626358,0.0009976513683795,0.001122357789427,0.5510569214820862,0.0005196101265028,0.4294057786464691,0.0005403945106081665,0.0014964770525693893,0.5676636695861816,0.0008937293896451592
166,0.7911375761032104,0.0,0.0,0.2088624835014343,0.0,0.791241466999054,0.0,0.0,0.2087585479021072,0.0,0.7911999225616455,0.0,0.0,0.208800122141838,0.0,0.7912207245826721,0.0,0.0,0.2087793350219726,0.0,0.7912207245826721,0.0,0.0,0.2087793350219726,0.0,0.7912207245826721,0.0,0.0,0.2087793350219726,0.0,0.791241466999054,0.0,0.0,0.2087585479021072,0.0,0.791303813457489,0.0,0.0,0.2086962014436721,0.0,0.7910336256027222,0.0,0.0,0.2089664041996002,0.0,0.7911999225616455,0.0,0.0,0.208800122141838,0.0,0.7912622690200806,0.0,0.0,0.208737775683403,0.0,0.7912207245826721,0.0,0.0,0.2087793350219726,0.0,0.7911583185195923,0.0,0.0,0.2088416963815689,0.0,0.7912207245826721,0.0,0.0,0.2087793350219726,0.0,0.791241466999054,0.0,0.0,0.2087585479021072,0.0,0.7912830710411072,0.0,0.0,0.2087169885635376,0.0,0.7912207245826721,0.0,0.0,0.2087793350219726,0.0,0.7911583185195923,0.0,0.0,0.2088416963815689,0.0,0.7912830710411072,0.0,0.0,0.2087169885635376,0.0,0.791241466999054,0.0,0.0,0.2087585479021072,0.0,0.791241466999054,0.0,0.0,0.2087585479021072,0.0,0.7912207245826721,0.0,0.0,0.2087793350219726,0.0,0.791241466999054,0.0,0.0,0.2087585479021072,0.0,0.7912830710411072,0.0,0.0,0.2087169885635376,0.0,0.7910336256027222,0.0,0.0,0.2089664041996002,0.0,0.7911791205406189,0.0,0.0,0.2088209092617035,0.0,0.7911999225616455,0.0,0.0,0.208800122141838,0.0,0.7912622690200806,0.0,0.0,0.208737775683403,0.0,0.7912830710411072,0.0,0.0,0.2087169885635376,0.0,0.7911999225616455,0.0,0.0,0.208800122141838,0.0,0.4357866048812866,0.0010184358106926,0.0020576559472829,0.5599942207336426,0.00114314223174,0.4188680946826935,0.0015796147054061,0.0025564816314727,0.5762683749198914,0.0007274541421793,0.4066053032875061,0.0008521605632267,0.0018705963157117,0.5896535515785217,0.0010184358106926,0.4444952607154846,0.0006858853157609,0.0008521605632267,0.5535718202590942,0.0003949036763515,0.404485285282135,0.0008313761791214,0.0016419679159298,0.5920853018760681,0.0009560826001688,0.4240018427371979,0.0012886330951005,0.0025980505160987,0.5713217258453369,0.000789807352703,0.4453474283218384,0.0007066697580739,0.00114314223174,0.5521584749221802,0.0006443165475502,0.4381975829601288,0.0006651009316556,0.0010807890212163,0.5596408843994141,0.0004156880895607,0.4412736892700195,0.0006235321052372,0.0012262798845767,0.5563361644744873,0.0005403945106081,0.4063350856304168,0.000789807352703,0.0015172614948824,0.5902770757675171,0.0010807890212163,0.4199696779251098,0.0004988256841897,0.0005403945106081,0.578346848487854,0.0006443165475502,0.4276598989963531,0.0020368716213852,0.0019953027367591,0.5678299069404602,0.0004780413000844,0.4160829782485962,0.0006858853157609,0.0012886330951005,0.5808201432228088,0.001122357789427,0.4278677403926849,0.0015588302630931,0.0020160872954875,0.5679754018783569,0.0005819633370265,0.4188473224639892,0.0006027477211318,0.0016003991477191,0.578159749507904,0.000789807352703,0.4251657724380493,0.00114314223174,0.0022031469270586,0.5708020925521851,0.0006858853157609,0.4118845462799072,0.0013925550738349,0.0024941284209489,0.5832934975624084,0.0009352981578558,0.4129445552825928,0.0014133395161479,0.001829027547501,0.582857072353363,0.0009560826001688,0.4300293326377868,0.0005403945106081,0.0009352981578558,0.5677260160446167,0.0007690229685977,0.4154594540596008,0.0017251055687665,0.002930600894615,0.5788664221763611,0.0010184358106926,0.4210504591464996,0.0020992248319089,0.0036788394208997,0.5721946358680725,0.0009768670424818,0.4332509040832519,0.0006027477211318,0.0012678486527875,0.5641303062438965,0.0007482385262846,0.4229210615158081,0.0010184358106926,0.0013717706315219,0.5740860104560852,0.0006027477211318,0.4219649732112884,0.0014133395161479,0.0021200091578066,0.5735248327255249,0.0009768670424818,0.4273897111415863,0.0012262798845767,0.0020784405060112,0.5686197280883789,0.0006858853157609,0.4198449552059173,0.0013094174209982,0.0016211834736168,0.5764762163162231,0.0007482385262846,0.4452435076236725,0.001163926674053,0.0017874587792903,0.5511608123779297,0.0006443165475502,0.4258724451065063,0.000436472473666,0.0006858853157609,0.5725064277648926,0.0004988256841897,0.4430195689201355,0.0009352981578558,0.0012262798845767,0.5542784929275513,0.0005403945106081,0.4261426329612732,0.0006651009316556156,0.0013509863056242466,0.5709475874900818,0.0008937293896451592
167,0.7904516458511353,0.0,0.0,0.2095483690500259,0.0,0.7905555963516235,0.0,0.0,0.2094444334506988,0.0,0.7905140519142151,0.0,0.0,0.2094860076904297,0.0,0.7905347943305969,0.0,0.0,0.2094652205705642,0.0,0.7905347943305969,0.0,0.0,0.2094652205705642,0.0,0.7905347943305969,0.0,0.0,0.2094652205705642,0.0,0.7905555963516235,0.0,0.0,0.2094444334506988,0.0,0.7906179428100586,0.0,0.0,0.2093820869922638,0.0,0.7903477549552917,0.0,0.0,0.2096522897481918,0.0,0.7905140519142151,0.0,0.0,0.2094860076904297,0.0,0.7905763983726501,0.0,0.0,0.2094236612319946,0.0,0.7905347943305969,0.0,0.0,0.2094652205705642,0.0,0.7904724478721619,0.0,0.0,0.2095275819301605,0.0,0.7905347943305969,0.0,0.0,0.2094652205705642,0.0,0.7905555963516235,0.0,0.0,0.2094444334506988,0.0,0.790597140789032,0.0,0.0,0.2094028741121292,0.0,0.7905347943305969,0.0,0.0,0.2094652205705642,0.0,0.7904724478721619,0.0,0.0,0.2095275819301605,0.0,0.790597140789032,0.0,0.0,0.2094028741121292,0.0,0.7905555963516235,0.0,0.0,0.2094444334506988,0.0,0.7905555963516235,0.0,0.0,0.2094444334506988,0.0,0.7905347943305969,0.0,0.0,0.2094652205705642,0.0,0.7905555963516235,0.0,0.0,0.2094444334506988,0.0,0.790597140789032,0.0,0.0,0.2094028741121292,0.0,0.7903477549552917,0.0,0.0,0.2096522897481918,0.0,0.7904932498931885,0.0,0.0,0.2095067948102951,0.0,0.7905140519142151,0.0,0.0,0.2094860076904297,0.0,0.7905763983726501,0.0,0.0,0.2094236612319946,0.0,0.790597140789032,0.0,0.0,0.2094028741121292,0.0,0.7905140519142151,0.0,0.0,0.2094860076904297,0.0,0.4348720908164978,0.0009560826001688,0.0020160872954875,0.5610126256942749,0.00114314223174,0.4178288877010345,0.0012678486527875,0.0024733440950512,0.577702522277832,0.0007274541421793,0.4056699872016907,0.000789807352703,0.001829027547501,0.5906927585601807,0.0010184358106926,0.4437054693698883,0.0005819633370265,0.0009560826001688,0.5543616414070129,0.0003949036763515,0.403612345457077,0.000789807352703,0.0015172614948824,0.5931245684623718,0.0009560826001688,0.4231081008911133,0.0011015734635293,0.0026811880525201,0.5723193287849426,0.000789807352703,0.4443082213401794,0.0009352981578558,0.0010600045789033,0.5530521869659424,0.0006443165475502,0.4374077916145324,0.0005611788947135,0.0010184358106926,0.5605969429016113,0.0004156880895607,0.4404215216636657,0.0006443165475502,0.00114314223174,0.5572506785392761,0.0005403945106081,0.4055037200450897,0.0007482385262846,0.0015172614948824,0.5911500453948975,0.0010807890212163,0.4192006587982178,0.0004988256841897,0.0004780413000844,0.5791782140731812,0.0006443165475502,0.426890879869461,0.0017458898946642,0.0017666743369773,0.5691185593605042,0.0004780413000844,0.415189266204834,0.0005819633370265,0.0012470642104744,0.5818594098091125,0.001122357789427,0.427057147026062,0.0013094174209982,0.001808243105188,0.5692432522773743,0.0005819633370265,0.4181198477745056,0.0004572568868752,0.0013925550738349,0.5792405605316162,0.000789807352703,0.4242304861545563,0.0009352981578558,0.0022239312529563,0.5719244480133057,0.0006858853157609,0.4110115766525268,0.0013094174209982,0.0020992248319089,0.5846444964408875,0.0009352981578558,0.4120508134365082,0.0013925550738349,0.0014964770525693,0.5841041207313538,0.0009560826001688,0.4293018579483032,0.000436472473666,0.0008729449473321,0.5686197280883789,0.0007690229685977,0.4145657122135162,0.0014549082843586,0.0026188348419964,0.5803421139717102,0.0010184358106926,0.4198241829872131,0.0020576559472829,0.0035541329998522,0.57358717918396,0.0009768670424818,0.4324195384979248,0.0005611788947135,0.0009976513683795,0.5652734637260437,0.0007482385262846,0.4220481216907501,0.0008937293896451,0.0015796147054061,0.5748758316040039,0.0006027477211318,0.4210088849067688,0.0013509863056242,0.0018913807580247,0.5747719407081604,0.0009768670424818,0.4263920485973358,0.0012886330951005,0.0018913807580247,0.5697420835494995,0.0006858853157609,0.4190759360790252,0.0008105917368084,0.0019537340849637,0.5774115324020386,0.0007482385262846,0.4442874193191528,0.001122357789427,0.001808243105188,0.5521376729011536,0.0006443165475502,0.4249787032604217,0.0005611788947135,0.0006027477211318,0.5733585953712463,0.0004988256841897,0.4420427083969116,0.0009560826001688,0.0013094174209982,0.5551514625549316,0.0005403945106081,0.42533203959465027,0.0007274541421793401,0.001205495442263782,0.571841299533844,0.0008937293896451592
168,0.7903269529342651,0.0,0.0,0.209673061966896,0.0,0.7904309034347534,0.0,0.0,0.2095691412687301,0.0,0.7903892993927002,0.0,0.0,0.209610715508461,0.0,0.7904101014137268,0.0,0.0,0.2095899283885955,0.0,0.7904101014137268,0.0,0.0,0.2095899283885955,0.0,0.7904101014137268,0.0,0.0,0.2095899283885955,0.0,0.7904309034347534,0.0,0.0,0.2095691412687301,0.0,0.7904932498931885,0.0,0.0,0.2095067948102951,0.0,0.7902230620384216,0.0,0.0,0.2097769975662231,0.0,0.7903892993927002,0.0,0.0,0.209610715508461,0.0,0.7904516458511353,0.0,0.0,0.2095483690500259,0.0,0.7904101014137268,0.0,0.0,0.2095899283885955,0.0,0.7903477549552917,0.0,0.0,0.2096522897481918,0.0,0.7904101014137268,0.0,0.0,0.2095899283885955,0.0,0.7904309034347534,0.0,0.0,0.2095691412687301,0.0,0.7904724478721619,0.0,0.0,0.2095275819301605,0.0,0.7904101014137268,0.0,0.0,0.2095899283885955,0.0,0.7903477549552917,0.0,0.0,0.2096522897481918,0.0,0.7904724478721619,0.0,0.0,0.2095275819301605,0.0,0.7904309034347534,0.0,0.0,0.2095691412687301,0.0,0.7904309034347534,0.0,0.0,0.2095691412687301,0.0,0.7904101014137268,0.0,0.0,0.2095899283885955,0.0,0.7904309034347534,0.0,0.0,0.2095691412687301,0.0,0.7904724478721619,0.0,0.0,0.2095275819301605,0.0,0.7902230620384216,0.0,0.0,0.2097769975662231,0.0,0.7903685569763184,0.0,0.0,0.2096315026283264,0.0,0.7903892993927002,0.0,0.0,0.209610715508461,0.0,0.7904516458511353,0.0,0.0,0.2095483690500259,0.0,0.7904724478721619,0.0,0.0,0.2095275819301605,0.0,0.7903892993927002,0.0,0.0,0.209610715508461,0.0,0.4345811009407043,0.0007690229685977,0.0017666743369773,0.5617401003837585,0.00114314223174,0.4175170958042145,0.0010184358106926,0.0023694219999015,0.5783675909042358,0.0007274541421793,0.4052751064300537,0.0009352981578558,0.0015172614948824,0.591253936290741,0.0010184358106926,0.4434976279735565,0.0005196101265028,0.0009976513683795,0.5545902252197266,0.0003949036763515,0.4033837020397186,0.0005819633370265,0.0013509863056242,0.5937272906303406,0.0009560826001688,0.422858715057373,0.0009352981578558,0.0019745184108614,0.5734416842460632,0.000789807352703,0.4441003501415252,0.0008937293896451,0.0009352981578558,0.5534263253211975,0.0006443165475502,0.4371999502182007,0.0005196101265028,0.0008313761791214,0.5610334277153015,0.0004156880895607,0.440213680267334,0.0005403945106081,0.0009768670424818,0.5577287077903748,0.0005403945106081,0.4052751064300537,0.0006858853157609,0.0012678486527875,0.5916904211044312,0.0010807890212163,0.419055163860321,0.0003533348790369,0.0006027477211318,0.5793444514274597,0.0006443165475502,0.4265791177749634,0.0015172614948824,0.0017874587792903,0.569638192653656,0.0004780413000844,0.4148359298706054,0.0006443165475502,0.001122357789427,0.5822750926017761,0.001122357789427,0.4267661571502685,0.0010184358106926,0.0017043211264535,0.5699291229248047,0.0005819633370265,0.4178288877010345,0.0004780413000844,0.0012470642104744,0.5796562433242798,0.000789807352703,0.4240018427371979,0.0008105917368084,0.0020368716213852,0.5724648237228394,0.0006858853157609,0.4105335474014282,0.0012470642104744,0.0020784405060112,0.5852056741714478,0.0009352981578558,0.4117390513420105,0.0009560826001688,0.0016419679159298,0.5847068428993225,0.0009560826001688,0.4290732443332672,0.0003533348790369,0.0009145137737505,0.5688899159431458,0.0007690229685977,0.4141500294208526,0.0013302018633112,0.0024525597691535,0.5810487866401672,0.0010184358106926,0.4191175103187561,0.0020992248319089,0.0031384450849145,0.5746679902076721,0.0009768670424818,0.4321285486221313,0.0006443165475502,0.0008729449473321,0.5656059980392456,0.0007482385262846,0.4216947853565216,0.0007690229685977,0.0016211834736168,0.5753123164176941,0.0006027477211318,0.4205932021141052,0.0012886330951005,0.0019121652003377,0.5752291679382324,0.0009768670424818,0.4260595142841339,0.001163926674053,0.001808243105188,0.5702824592590332,0.0006858853157609,0.4187641739845276,0.000789807352703,0.0017458898946642,0.5779519081115723,0.0007482385262846,0.4440380036830902,0.0009560826001688,0.001829027547501,0.5525326132774353,0.0006443165475502,0.4248124361038208,0.0004572568868752,0.0004988256841897,0.5737326741218567,0.0004988256841897,0.4418140649795532,0.0008521605632267,0.0012262798845767,0.5555671453475952,0.0005403945106081,0.4250618517398834,0.0007066697580739856,0.0009352981578558683,0.5724024772644043,0.0008937293896451592
169,0.789038360118866,0.0,0.0,0.2109616994857788,0.0,0.7891422510147095,0.0,0.0,0.2108577787876129,0.0,0.789100706577301,0.0,0.0,0.2108993530273437,0.0,0.7891214489936829,0.0,0.0,0.2108785659074783,0.0,0.7891214489936829,0.0,0.0,0.2108785659074783,0.0,0.7891214489936829,0.0,0.0,0.2108785659074783,0.0,0.7891422510147095,0.0,0.0,0.2108577787876129,0.0,0.7892045974731445,0.0,0.0,0.2107954323291778,0.0,0.7889344096183777,0.0,0.0,0.2110656201839447,0.0,0.789100706577301,0.0,0.0,0.2108993530273437,0.0,0.7891630530357361,0.0,0.0,0.2108369916677475,0.0,0.7891214489936829,0.0,0.0,0.2108785659074783,0.0,0.7890591025352478,0.0,0.0,0.2109409123659134,0.0,0.7891214489936829,0.0,0.0,0.2108785659074783,0.0,0.7891422510147095,0.0,0.0,0.2108577787876129,0.0,0.7891837954521179,0.0,0.0,0.210816204547882,0.0,0.7891214489936829,0.0,0.0,0.2108785659074783,0.0,0.7890591025352478,0.0,0.0,0.2109409123659134,0.0,0.7891837954521179,0.0,0.0,0.210816204547882,0.0,0.7891422510147095,0.0,0.0,0.2108577787876129,0.0,0.7891422510147095,0.0,0.0,0.2108577787876129,0.0,0.7891214489936829,0.0,0.0,0.2108785659074783,0.0,0.7891422510147095,0.0,0.0,0.2108577787876129,0.0,0.7891837954521179,0.0,0.0,0.210816204547882,0.0,0.7889344096183777,0.0,0.0,0.2110656201839447,0.0,0.7890799045562744,0.0,0.0,0.2109201401472091,0.0,0.789100706577301,0.0,0.0,0.2108993530273437,0.0,0.7891630530357361,0.0,0.0,0.2108369916677475,0.0,0.7891837954521179,0.0,0.0,0.210816204547882,0.0,0.789100706577301,0.0,0.0,0.2108993530273437,0.0,0.4330430626869201,0.0008521605632267,0.0013509863056242,0.5636106729507446,0.00114314223174,0.4160414040088653,0.0008937293896451,0.002244715578854,0.58009272813797,0.0007274541421793,0.4037994146347046,0.0008937293896451,0.0014341238420456,0.5928543210029602,0.0010184358106926,0.4421258568763733,0.0003949036763515,0.0008521605632267,0.556232213973999,0.0003949036763515,0.4018872380256653,0.0006235321052372,0.0010600045789033,0.5954731702804565,0.0009560826001688,0.4212998747825622,0.0008937293896451,0.001808243105188,0.5752083659172058,0.000789807352703,0.4427493810653686,0.0007690229685977,0.000789807352703,0.5550475120544434,0.0006443165475502,0.4358281791210174,0.0004572568868752,0.0007690229685977,0.5625299215316772,0.0004156880895607,0.438862681388855,0.0004572568868752,0.0009976513683795,0.5591420531272888,0.0005403945106081,0.4038825333118438,0.0005611788947135,0.0012054954422637,0.5932700037956238,0.0010807890212163,0.417704164981842,0.0003117660526186,0.0006443165475502,0.5806954503059387,0.0006443165475502,0.4250618517398834,0.0009768670424818,0.0020368716213852,0.571446418762207,0.0004780413000844,0.4134849309921264,0.0005403945106081,0.0010184358106926,0.5838339328765869,0.001122357789427,0.4252073466777801,0.0008937293896451,0.0016835366841405,0.5716334581375122,0.0005819633370265,0.4164571166038513,0.000436472473666,0.0009976513683795,0.5813189744949341,0.000789807352703,0.4225677251815796,0.0006651009316556,0.0019121652003377,0.5741691589355469,0.0006858853157609,0.4089123606681824,0.0012886330951005,0.001849811989814,0.5870139002799988,0.0009352981578558,0.4102841317653656,0.0007066697580739,0.0018705963157117,0.5861825346946716,0.0009560826001688,0.427763819694519,0.0002078440447803,0.0009560826001688,0.5703032612800598,0.0007690229685977,0.4126535654067993,0.00114314223174,0.0020992248319089,0.5830856561660767,0.0010184358106926,0.4173300564289093,0.0022239312529563,0.0027019726112484,0.57674640417099,0.0009976513683795,0.4307567775249481,0.0005196101265028,0.0009145137737505,0.5670608878135681,0.0007482385262846,0.4202398657798767,0.0007690229685977,0.0013509863056242,0.5770373940467834,0.0006027477211318,0.4190759360790252,0.0012054954422637,0.0016419679159298,0.5770997405052185,0.0009768670424818,0.424604594707489,0.0009560826001688,0.0015172614948824,0.5722362399101257,0.0006858853157609,0.4172261357307434,0.0008105917368084,0.0016835366841405,0.5795315504074097,0.0007482385262846,0.4425415396690368,0.0009560826001688,0.0014756927266716,0.5543823838233948,0.0006443165475502,0.4235030114650726,0.0003533348790369,0.0004780413000844,0.5751668214797974,0.0004988256841897,0.4403383731842041,0.0008313761791214,0.00114314223174,0.5571467280387878,0.0005403945106081,0.4237108528614044,0.000561178894713521,0.0007898073527030647,0.5740444660186768,0.0008937293896451592
170,0.7866065502166748,0.0,0.0,0.2133934795856475,0.0,0.7867105007171631,0.0,0.0,0.2132895588874817,0.0,0.7866688966751099,0.0,0.0,0.2133311182260513,0.0,0.7866896986961365,0.0,0.0,0.2133103460073471,0.0,0.7866896986961365,0.0,0.0,0.2133103460073471,0.0,0.7866896986961365,0.0,0.0,0.2133103460073471,0.0,0.7867105007171631,0.0,0.0,0.2132895588874817,0.0,0.7867728471755981,0.0,0.0,0.2132271975278854,0.0,0.7865026593208313,0.0,0.0,0.2134974002838134,0.0,0.7866688966751099,0.0,0.0,0.2133311182260513,0.0,0.7867312431335449,0.0,0.0,0.2132687717676162,0.0,0.7866896986961365,0.0,0.0,0.2133103460073471,0.0,0.7866273522377014,0.0,0.0,0.2133726924657821,0.0,0.7866896986961365,0.0,0.0,0.2133103460073471,0.0,0.7867105007171631,0.0,0.0,0.2132895588874817,0.0,0.7867520451545715,0.0,0.0,0.2132479846477508,0.0,0.7866896986961365,0.0,0.0,0.2133103460073471,0.0,0.7866273522377014,0.0,0.0,0.2133726924657821,0.0,0.7867520451545715,0.0,0.0,0.2132479846477508,0.0,0.7867105007171631,0.0,0.0,0.2132895588874817,0.0,0.7867105007171631,0.0,0.0,0.2132895588874817,0.0,0.7866896986961365,0.0,0.0,0.2133103460073471,0.0,0.7867105007171631,0.0,0.0,0.2132895588874817,0.0,0.7867520451545715,0.0,0.0,0.2132479846477508,0.0,0.7865026593208313,0.0,0.0,0.2134974002838134,0.0,0.786648154258728,0.0,0.0,0.2133519053459167,0.0,0.7866688966751099,0.0,0.0,0.2133311182260513,0.0,0.7867312431335449,0.0,0.0,0.2132687717676162,0.0,0.7867520451545715,0.0,0.0,0.2132479846477508,0.0,0.7866688966751099,0.0,0.0,0.2133311182260513,0.0,0.4305073618888855,0.0007482385262846,0.0012054954422637,0.5663958191871643,0.00114314223174,0.4134433567523956,0.0008937293896451,0.0019121652003377,0.5830233097076416,0.0007274541421793,0.4012221395969391,0.0008521605632267,0.001122357789427,0.5957849621772766,0.0010184358106926,0.4396109282970428,0.0003533348790369,0.0008313761791214,0.5588095188140869,0.0003949036763515,0.3992891907691955,0.0006651009316556,0.0009768670424818,0.5981128215789795,0.0009560826001688,0.4186186790466308,0.0008521605632267,0.0017251055687665,0.5780142545700073,0.000789807352703,0.4401929080486297,0.0006235321052372,0.0009352981578558,0.5576040148735046,0.0006443165475502,0.4332924783229828,0.0003741192631423,0.0008521605632267,0.5650656223297119,0.0004156880895607,0.4363685548305511,0.0003741192631423,0.0008729449473321,0.561843991279602,0.0005403945106081,0.4011805653572082,0.0006235321052372,0.001122357789427,0.5959928035736084,0.0010807890212163,0.4151476919651031,0.0002909816685132,0.0005819633370265,0.5833351016044617,0.0006443165475502,0.4224014580249786,0.0007274541421793,0.0022239312529563,0.5741691589355469,0.0004780413000844,0.4109284579753876,0.0006235321052372,0.0008313761791214,0.5864943265914917,0.001122357789427,0.4225677251815796,0.0007690229685977,0.0017458898946642,0.5743354558944702,0.0005819633370265,0.4138590693473816,0.0004572568868752,0.0008729449473321,0.5840209722518921,0.000789807352703,0.4198865294456482,0.0007482385262846,0.0015380459371954,0.5771413445472717,0.0006858853157609,0.4061896204948425,0.001163926674053,0.0019329495262354,0.5897782444953918,0.0009352981578558,0.4076860845088959,0.0007274541421793,0.0016419679159298,0.5889884233474731,0.0009560826001688,0.425248920917511,0.0002494128420948,0.0006651009316556,0.5730676054954529,0.0007690229685977,0.4098892211914062,0.0010392202530056,0.0021200091578066,0.5859331488609314,0.0010184358106926,0.4145657122135162,0.0019537340849637,0.0025980505160987,0.5798848867416382,0.0009976513683795,0.4282210767269134,0.0004988256841897,0.0008313761791214,0.5697005391120911,0.0007482385262846,0.417641818523407,0.0007482385262846,0.0012262798845767,0.5797809362411499,0.0006027477211318,0.4164363145828247,0.0009976513683795,0.0017251055687665,0.5798640847206116,0.0009768670424818,0.4219233989715576,0.0009352981578558,0.0016835366841405,0.5747719407081604,0.0006858853157609,0.4146904349327087,0.0006235321052372,0.0014964770525693,0.5824413299560547,0.0007482385262846,0.440047413110733,0.0006651009316556,0.0013925550738349,0.5572506785392761,0.0006443165475502,0.4209881126880646,0.0003533348790369,0.0004780413000844,0.5776817202568054,0.0004988256841897,0.4376364052295685,0.0008521605632267,0.0012470642104744,0.559723973274231,0.0005403945106081,0.42117515206336975,0.0004364724736660719,0.0007690229685977101,0.5767256617546082,0.0008937293896451592
171,0.7830939888954163,0.0,0.0,0.2169060409069061,0.0,0.7831979393959045,0.0,0.0,0.2168021202087402,0.0,0.7831563353538513,0.0,0.0,0.216843694448471,0.0,0.7831771373748779,0.0,0.0,0.2168229073286056,0.0,0.7831771373748779,0.0,0.0,0.2168229073286056,0.0,0.7831771373748779,0.0,0.0,0.2168229073286056,0.0,0.7831979393959045,0.0,0.0,0.2168021202087402,0.0,0.7832602858543396,0.0,0.0,0.2167397588491439,0.0,0.7829900979995728,0.0,0.0,0.217009961605072,0.0,0.7831563353538513,0.0,0.0,0.216843694448471,0.0,0.7832186818122864,0.0,0.0,0.2167813330888748,0.0,0.7831771373748779,0.0,0.0,0.2168229073286056,0.0,0.7831147909164429,0.0,0.0,0.2168852537870407,0.0,0.7831771373748779,0.0,0.0,0.2168229073286056,0.0,0.7831979393959045,0.0,0.0,0.2168021202087402,0.0,0.783239483833313,0.0,0.0,0.2167605459690094,0.0,0.7831771373748779,0.0,0.0,0.2168229073286056,0.0,0.7831147909164429,0.0,0.0,0.2168852537870407,0.0,0.783239483833313,0.0,0.0,0.2167605459690094,0.0,0.7831979393959045,0.0,0.0,0.2168021202087402,0.0,0.7831979393959045,0.0,0.0,0.2168021202087402,0.0,0.7831771373748779,0.0,0.0,0.2168229073286056,0.0,0.7831979393959045,0.0,0.0,0.2168021202087402,0.0,0.783239483833313,0.0,0.0,0.2167605459690094,0.0,0.7829900979995728,0.0,0.0,0.217009961605072,0.0,0.7831355333328247,0.0,0.0,0.2168644666671753,0.0,0.7831563353538513,0.0,0.0,0.216843694448471,0.0,0.7832186818122864,0.0,0.0,0.2167813330888748,0.0,0.783239483833313,0.0,0.0,0.2167605459690094,0.0,0.7831563353538513,0.0,0.0,0.216843694448471,0.0,0.4269116520881653,0.0006027477211318,0.0012470642104744,0.570095419883728,0.00114314223174,0.4097229540348053,0.0007482385262846,0.0019329495262354,0.586868405342102,0.0007274541421793,0.3976264297962188,0.0006858853157609,0.0011015734635293,0.599567711353302,0.0010184358106926,0.4360152184963226,0.0003325504658278,0.000789807352703,0.5624675154685974,0.0003949036763515,0.3956311345100403,0.0006235321052372,0.0010184358106926,0.6017708778381348,0.0009560826001688,0.4150229692459106,0.0007274541421793,0.0014964770525693,0.581963300704956,0.000789807352703,0.4365763962268829,0.0003741192631423,0.0010600045789033,0.5613451600074768,0.0006443165475502,0.4296136200428009,0.000436472473666,0.0007690229685977,0.5687652230262756,0.0004156880895607,0.4327728748321533,0.0002909816685132,0.000789807352703,0.5656059980392456,0.0005403945106081,0.3975640833377838,0.0005819633370265,0.0009352981578558,0.5998170971870422,0.0011015734635293,0.411614328622818,0.0002286284434376,0.0005819633370265,0.5869308114051819,0.0006443165475502,0.4186394810676574,0.0008937293896451,0.0021200091578066,0.5778687596321106,0.0004780413000844,0.4073535501956939,0.0004780413000844,0.0008937293896451,0.590152382850647,0.001122357789427,0.4188680946826935,0.0008313761791214,0.0016835366841405,0.5780350565910339,0.0005819633370265,0.4102633595466614,0.0004988256841897,0.0006443165475502,0.5878037214279175,0.000789807352703,0.4163323938846588,0.0005403945106081,0.0013925550738349,0.5810487866401672,0.0006858853157609,0.4024899899959564,0.001163926674053,0.0015796147054061,0.5938311815261841,0.0009352981578558,0.4041111767292022,0.0005819633370265,0.0016211834736168,0.5927088260650635,0.0009768670424818,0.4217155575752258,0.0002286284434376,0.0005819633370265,0.5767048597335815,0.0007690229685977,0.4061688184738159,0.0010392202530056,0.0019329495262354,0.5898405909538269,0.0010184358106926,0.4106790423393249,0.0017874587792903,0.0026396194007247,0.583896279335022,0.0009976513683795,0.4245630204677582,0.0004988256841897,0.0007482385262846,0.5734416842460632,0.0007482385262846,0.4140253365039825,0.0006651009316556,0.0012054954422637,0.5835013389587402,0.0006027477211318,0.412799060344696,0.0008521605632267,0.0016835366841405,0.5836884379386902,0.0009768670424818,0.4182029962539673,0.0008313761791214,0.0015380459371954,0.578741729259491,0.0006858853157609,0.4110115766525268,0.0007066697580739,0.0013925550738349,0.5861409902572632,0.0007482385262846,0.4363062083721161,0.0006235321052372,0.0014341238420456,0.5609918236732483,0.0006443165475502,0.4174339771270752,0.0001870596315711,0.0006443165475502,0.5812358856201172,0.0004988256841897,0.4339991509914398,0.0006858853157609,0.0012262798845767,0.5635483264923096,0.0005403945106081,0.41749632358551025,0.0004780413000844419,0.0007898073527030647,0.5803421139717102,0.0008937293896451592
172,0.7814728021621704,0.0,0.0,0.2185272276401519,0.0,0.7815767526626587,0.0,0.0,0.218423306941986,0.0,0.7815351486206055,0.0,0.0,0.2184648662805557,0.0,0.7815559506416321,0.0,0.0,0.2184440940618515,0.0,0.7815559506416321,0.0,0.0,0.2184440940618515,0.0,0.7815559506416321,0.0,0.0,0.2184440940618515,0.0,0.7815767526626587,0.0,0.0,0.218423306941986,0.0,0.7816390991210938,0.0,0.0,0.2183609455823898,0.0,0.7813689112663269,0.0,0.0,0.2186311483383178,0.0,0.7815351486206055,0.0,0.0,0.2184648662805557,0.0,0.7815974950790405,0.0,0.0,0.2184025198221206,0.0,0.7815559506416321,0.0,0.0,0.2184440940618515,0.0,0.781493604183197,0.0,0.0,0.2185064405202865,0.0,0.7815559506416321,0.0,0.0,0.2184440940618515,0.0,0.7815767526626587,0.0,0.0,0.218423306941986,0.0,0.7816182971000671,0.0,0.0,0.2183817327022552,0.0,0.7815559506416321,0.0,0.0,0.2184440940618515,0.0,0.781493604183197,0.0,0.0,0.2185064405202865,0.0,0.7816182971000671,0.0,0.0,0.2183817327022552,0.0,0.7815767526626587,0.0,0.0,0.218423306941986,0.0,0.7815767526626587,0.0,0.0,0.218423306941986,0.0,0.7815559506416321,0.0,0.0,0.2184440940618515,0.0,0.7815767526626587,0.0,0.0,0.218423306941986,0.0,0.7816182971000671,0.0,0.0,0.2183817327022552,0.0,0.7813689112663269,0.0,0.0,0.2186311483383178,0.0,0.7815144062042236,0.0,0.0,0.2184856534004211,0.0,0.7815351486206055,0.0,0.0,0.2184648662805557,0.0,0.7815974950790405,0.0,0.0,0.2184025198221206,0.0,0.7816182971000671,0.0,0.0,0.2183817327022552,0.0,0.7815351486206055,0.0,0.0,0.2184648662805557,0.0,0.4251034259796142,0.0006235321052372,0.001122357789427,0.5720075964927673,0.00114314223174,0.4079770743846893,0.0006858853157609,0.0014549082843586,0.5891547203063965,0.0007274541421793,0.3958597481250763,0.0005611788947135,0.0010600045789033,0.6015006303787231,0.0010184358106926,0.4342485666275024,0.0003949036763515,0.0006651009316556,0.564296543598175,0.0003949036763515,0.3939476013183594,0.0005819633370265,0.0008937293896451,0.6036206483840942,0.0009560826001688,0.413193941116333,0.0008105917368084,0.0012262798845767,0.5839794278144836,0.000789807352703,0.4348097443580627,0.000436472473666,0.0010184358106926,0.5630910992622375,0.0006443165475502,0.42793008685112,0.0004156880895607,0.0006443165475502,0.5705942511558533,0.0004156880895607,0.4310685396194458,0.0002909816685132,0.0007274541421793,0.5673726797103882,0.0005403945106081,0.3959013223648071,0.0005196101265028,0.0008521605632267,0.601625382900238,0.0011015734635293,0.4098892211914062,0.0003117660526186,0.0005196101265028,0.5886350870132446,0.0006443165475502,0.4167480766773224,0.0009768670424818,0.0019329495262354,0.5798640847206116,0.0004780413000844,0.4056284427642822,0.0003533348790369,0.0008105917368084,0.5920853018760681,0.001122357789427,0.4170182943344116,0.0008937293896451,0.0014756927266716,0.5800303816795349,0.0005819633370265,0.4085798263549804,0.0003949036763515,0.0006235321052372,0.5896119475364685,0.000789807352703,0.4145865142345428,0.0005611788947135,0.0010392202530056,0.5831272602081299,0.0006858853157609,0.4006193876266479,0.0010600045789033,0.0016627523582428,0.5957226157188416,0.0009352981578558,0.402261346578598,0.0006235321052372,0.0015796147054061,0.5945586562156677,0.0009768670424818,0.4200320243835449,0.0001870596315711,0.0005403945106081,0.5784715414047241,0.0007690229685977,0.4041942954063415,0.0011015734635293,0.0017458898946642,0.5919398069381714,0.0010184358106926,0.4087253212928772,0.0015380459371954,0.0026396194007247,0.58609938621521,0.0009976513683795,0.4228171408176422,0.0004572568868752,0.0007274541421793,0.575249969959259,0.0007482385262846,0.4123002290725708,0.0005403945106081,0.001122357789427,0.5854343175888062,0.0006027477211318,0.4110115766525268,0.0007274541421793,0.0016419679159298,0.5856421589851379,0.0009768670424818,0.4164363145828247,0.0007690229685977,0.0014964770525693,0.580612301826477,0.0006858853157609,0.4092864990234375,0.0006235321052372,0.0009976513683795,0.588344156742096,0.0007482385262846,0.4344771802425384,0.0007066697580739,0.0012470642104744,0.5629248023033142,0.0006443165475502,0.4157504439353943,0.0002078440447803,0.0006027477211318,0.5829401612281799,0.0004988256841897,0.4321493208408355,0.0008105917368084,0.0010600045789033,0.5654189586639404,0.0005611788947135,0.41570886969566345,0.0004988256841897964,0.0008729449473321438,0.5820256471633911,0.0008937293896451592
173,0.7799763083457947,0.0,0.0,0.2200237065553665,0.0,0.780080258846283,0.0,0.0,0.2199197858572006,0.0,0.7800387144088745,0.0,0.0,0.2199613451957702,0.0,0.7800594568252563,0.0,0.0,0.2199405580759048,0.0,0.7800594568252563,0.0,0.0,0.2199405580759048,0.0,0.7800594568252563,0.0,0.0,0.2199405580759048,0.0,0.780080258846283,0.0,0.0,0.2199197858572006,0.0,0.780142605304718,0.0,0.0,0.2198574244976043,0.0,0.7798724174499512,0.0,0.0,0.2201276272535324,0.0,0.7800387144088745,0.0,0.0,0.2199613451957702,0.0,0.7801010608673096,0.0,0.0,0.2198989987373352,0.0,0.7800594568252563,0.0,0.0,0.2199405580759048,0.0,0.7799971103668213,0.0,0.0,0.2200029194355011,0.0,0.7800594568252563,0.0,0.0,0.2199405580759048,0.0,0.780080258846283,0.0,0.0,0.2199197858572006,0.0,0.7801218032836914,0.0,0.0,0.2198782116174698,0.0,0.7800594568252563,0.0,0.0,0.2199405580759048,0.0,0.7799971103668213,0.0,0.0,0.2200029194355011,0.0,0.7801218032836914,0.0,0.0,0.2198782116174698,0.0,0.780080258846283,0.0,0.0,0.2199197858572006,0.0,0.780080258846283,0.0,0.0,0.2199197858572006,0.0,0.7800594568252563,0.0,0.0,0.2199405580759048,0.0,0.780080258846283,0.0,0.0,0.2199197858572006,0.0,0.7801218032836914,0.0,0.0,0.2198782116174698,0.0,0.7798724174499512,0.0,0.0,0.2201276272535324,0.0,0.7800179123878479,0.0,0.0,0.2199821323156356,0.0,0.7800387144088745,0.0,0.0,0.2199613451957702,0.0,0.7801010608673096,0.0,0.0,0.2198989987373352,0.0,0.7801218032836914,0.0,0.0,0.2198782116174698,0.0,0.7800387144088745,0.0,0.0,0.2199613451957702,0.0,0.4234822392463684,0.0004988256841897,0.0010184358106926,0.5738574266433716,0.00114314223174,0.4063350856304168,0.0006443165475502,0.0012054954422637,0.5910668969154358,0.0007482385262846,0.394197016954422,0.0005403945106081,0.001122357789427,0.603121817111969,0.0010184358106926,0.4325026571750641,0.0005611788947135,0.0006027477211318,0.5659177303314209,0.0004156880895607,0.3922848403453827,0.0005403945106081,0.000789807352703,0.60542893409729,0.0009560826001688,0.4115104079246521,0.0007274541421793,0.0012054954422637,0.5857668519020081,0.000789807352703,0.4331054091453552,0.0005819633370265,0.0009560826001688,0.5647122859954834,0.0006443165475502,0.4263920485973358,0.0003741192631423,0.0006027477211318,0.5722154378890991,0.0004156880895607,0.4294889271259308,0.0003117660526186,0.0006027477211318,0.5690562129020691,0.0005403945106081,0.3942801356315613,0.0005403945106081,0.000789807352703,0.6032673120498657,0.001122357789427,0.4083096086978912,0.0003325504658278,0.0004156880895607,0.5902770757675171,0.0006651009316556,0.4149814248085022,0.0010184358106926,0.0017458898946642,0.5817762613296509,0.0004780413000844,0.4039656817913055,0.0004572568868752,0.0007066697580739,0.5937480926513672,0.001122357789427,0.4152723848819732,0.0008729449473321,0.0012886330951005,0.5819841027259827,0.0005819633370265,0.4070209860801697,0.0003741192631423,0.0005611788947135,0.591253936290741,0.000789807352703,0.4129860997200012,0.0005196101265028,0.0009560826001688,0.5848523378372192,0.0006858853157609,0.3989150822162628,0.0009352981578558,0.0015796147054061,0.5976347327232361,0.0009352981578558,0.400681734085083,0.0005403945106081,0.001122357789427,0.5966786742210388,0.0009768670424818,0.4185147583484649,0.0001870596315711,0.0003741192631423,0.580155074596405,0.0007690229685977,0.4025315642356872,0.0010600045789033,0.0015380459371954,0.5938519835472107,0.0010184358106926,0.4069170653820038,0.0013509863056242,0.0025980505160987,0.5881362557411194,0.0009976513683795,0.4212790727615356,0.0004156880895607,0.0007274541421793,0.5768295526504517,0.0007482385262846,0.4107206165790558,0.0004572568868752,0.0009352981578558,0.5872841477394104,0.0006027477211318,0.4092864990234375,0.0007274541421793,0.0015172614948824,0.5874919891357422,0.0009768670424818,0.4145865142345428,0.0009560826001688,0.0013302018633112,0.5824413299560547,0.0006858853157609,0.40758216381073,0.0005819633370265,0.0010392202530056,0.5900484323501587,0.0007482385262846,0.4327936470508575,0.0006858853157609,0.001163926674053,0.5647122859954834,0.0006443165475502,0.4142123758792877,0.0002286284434376,0.0004780413000844,0.5845821499824524,0.0004988256841897,0.4304242134094238,0.0008521605632267,0.0010392202530056,0.5671232342720032,0.0005611788947135,0.41412925720214844,0.0005196101265028119,0.0007690229685977101,0.5836676359176636,0.0009145137737505138
174,0.7796437740325928,0.0,0.0,0.2203562557697296,0.0,0.779747724533081,0.0,0.0,0.2202523350715637,0.0,0.7797061204910278,0.0,0.0,0.2202938944101333,0.0,0.7797269225120544,0.0,0.0,0.2202731221914291,0.0,0.7797269225120544,0.0,0.0,0.2202731221914291,0.0,0.7797269225120544,0.0,0.0,0.2202731221914291,0.0,0.779747724533081,0.0,0.0,0.2202523350715637,0.0,0.7798100709915161,0.0,0.0,0.2201899737119674,0.0,0.7795398831367493,0.0,0.0,0.2204601764678955,0.0,0.7797061204910278,0.0,0.0,0.2202938944101333,0.0,0.7797684669494629,0.0,0.0,0.2202315479516983,0.0,0.7797269225120544,0.0,0.0,0.2202731221914291,0.0,0.7796645760536194,0.0,0.0,0.2203354686498642,0.0,0.7797269225120544,0.0,0.0,0.2202731221914291,0.0,0.779747724533081,0.0,0.0,0.2202523350715637,0.0,0.7797892689704895,0.0,0.0,0.2202107608318328,0.0,0.7797269225120544,0.0,0.0,0.2202731221914291,0.0,0.7796645760536194,0.0,0.0,0.2203354686498642,0.0,0.7797892689704895,0.0,0.0,0.2202107608318328,0.0,0.779747724533081,0.0,0.0,0.2202523350715637,0.0,0.779747724533081,0.0,0.0,0.2202523350715637,0.0,0.7797269225120544,0.0,0.0,0.2202731221914291,0.0,0.779747724533081,0.0,0.0,0.2202523350715637,0.0,0.7797892689704895,0.0,0.0,0.2202107608318328,0.0,0.7795398831367493,0.0,0.0,0.2204601764678955,0.0,0.779685378074646,0.0,0.0,0.2203146815299987,0.0,0.7797061204910278,0.0,0.0,0.2202938944101333,0.0,0.7797684669494629,0.0,0.0,0.2202315479516983,0.0,0.7797892689704895,0.0,0.0,0.2202107608318328,0.0,0.7797061204910278,0.0,0.0,0.2202938944101333,0.0,0.423024982213974,0.0005196101265028,0.0009560826001688,0.574356198310852,0.00114314223174,0.4058570563793182,0.0006235321052372,0.0010600045789033,0.5917112231254578,0.0007482385262846,0.3936981856822967,0.0005611788947135,0.0010392202530056,0.6036829948425293,0.0010184358106926,0.4320662021636963,0.0005819633370265,0.0004780413000844,0.5664581656455994,0.0004156880895607,0.3917444348335266,0.0005819633370265,0.000789807352703,0.6059277057647705,0.0009560826001688,0.4110531508922577,0.0006027477211318,0.00114314223174,0.58641117811203,0.000789807352703,0.4326689541339874,0.0005611788947135,0.0008937293896451,0.5652318596839905,0.0006443165475502,0.4259763658046722,0.0003533348790369,0.0005611788947135,0.5726934671401978,0.0004156880895607,0.4290316700935364,0.0003741192631423,0.0005196101265028,0.5695342421531677,0.0005403945106081,0.3938644528388977,0.0003533348790369,0.0008313761791214,0.603828489780426,0.001122357789427,0.4079770743846893,0.0002078440447803,0.000436472473666,0.5907135605812073,0.0006651009316556,0.4144825935363769,0.0009560826001688,0.0012054954422637,0.5828778147697449,0.0004780413000844,0.4035707712173462,0.0003949036763515,0.0006651009316556,0.5942469239234924,0.001122357789427,0.414773553609848,0.0008313761791214,0.0011015734635293,0.5827115774154663,0.0005819633370265,0.4065845012664795,0.0003117660526186,0.0006027477211318,0.5917112231254578,0.000789807352703,0.4124664962291717,0.0004572568868752,0.0009145137737505,0.5854758620262146,0.0006858853157609,0.3984162509441376,0.0008105917368084,0.0015796147054061,0.5982583165168762,0.0009352981578558,0.4001829028129577,0.0005403945106081,0.0008729449473321,0.5974268913269043,0.0009768670424818,0.4181406497955322,0.0001454908342566,0.0002909816685132,0.5806539058685303,0.0007690229685977,0.4020119309425354,0.0009145137737505,0.0014756927266716,0.5945794582366943,0.0010184358106926,0.4063143134117126,0.0012886330951005,0.0025564816314727,0.5888429284095764,0.0009976513683795,0.4209049642086029,0.0003533348790369,0.0006235321052372,0.5773699879646301,0.0007482385262846,0.4103257060050964,0.0003533348790369,0.0009352981578558,0.5877829194068909,0.0006027477211318,0.4087876677513122,0.0006858853157609,0.0014133395161479,0.5881362557411194,0.0009768670424818,0.4141292572021484,0.0008313761791214,0.0012054954422637,0.5831480026245117,0.0006858853157609,0.4070625603199005,0.0006651009316556,0.0009145137737505,0.590609610080719,0.0007482385262846,0.4322948157787323,0.000789807352703,0.0010184358106926,0.5652526617050171,0.0006443165475502,0.413838267326355,0.0001870596315711,0.000436472473666,0.5850393772125244,0.0004988256841897,0.4299254119396209,0.0007482385262846,0.0011015734635293,0.5676636695861816,0.0005611788947135,0.4136304259300232,0.0005819633370265365,0.0006651009316556156,0.5842080116271973,0.0009145137737505138
175,0.7795814275741577,0.0,0.0,0.2204186022281646,0.0,0.779685378074646,0.0,0.0,0.2203146815299987,0.0,0.7796437740325928,0.0,0.0,0.2203562557697296,0.0,0.7796645760536194,0.0,0.0,0.2203354686498642,0.0,0.7796645760536194,0.0,0.0,0.2203354686498642,0.0,0.7796645760536194,0.0,0.0,0.2203354686498642,0.0,0.779685378074646,0.0,0.0,0.2203146815299987,0.0,0.779747724533081,0.0,0.0,0.2202523350715637,0.0,0.7794775366783142,0.0,0.0,0.2205225229263305,0.0,0.7796437740325928,0.0,0.0,0.2203562557697296,0.0,0.7797061204910278,0.0,0.0,0.2202938944101333,0.0,0.7796645760536194,0.0,0.0,0.2203354686498642,0.0,0.7796022295951843,0.0,0.0,0.2203978151082992,0.0,0.7796645760536194,0.0,0.0,0.2203354686498642,0.0,0.779685378074646,0.0,0.0,0.2203146815299987,0.0,0.7797269225120544,0.0,0.0,0.2202731221914291,0.0,0.7796645760536194,0.0,0.0,0.2203354686498642,0.0,0.7796022295951843,0.0,0.0,0.2203978151082992,0.0,0.7797269225120544,0.0,0.0,0.2202731221914291,0.0,0.779685378074646,0.0,0.0,0.2203146815299987,0.0,0.779685378074646,0.0,0.0,0.2203146815299987,0.0,0.7796645760536194,0.0,0.0,0.2203354686498642,0.0,0.779685378074646,0.0,0.0,0.2203146815299987,0.0,0.7797269225120544,0.0,0.0,0.2202731221914291,0.0,0.7794775366783142,0.0,0.0,0.2205225229263305,0.0,0.7796229720115662,0.0,0.0,0.220377042889595,0.0,0.7796437740325928,0.0,0.0,0.2203562557697296,0.0,0.7797061204910278,0.0,0.0,0.2202938944101333,0.0,0.7797269225120544,0.0,0.0,0.2202731221914291,0.0,0.7796437740325928,0.0,0.0,0.2203562557697296,0.0,0.4229002594947815,0.0004988256841897,0.0008313761791214,0.5746264457702637,0.00114314223174,0.4057323634624481,0.0004780413000844,0.0011015734635293,0.5919398069381714,0.0007482385262846,0.3936150372028351,0.0004988256841897,0.0009352981578558,0.6039324402809143,0.0010184358106926,0.4319622814655304,0.0005403945106081,0.000436472473666,0.5666452050209045,0.0004156880895607,0.3916405141353607,0.0004780413000844,0.0008105917368084,0.6061148047447205,0.0009560826001688,0.4109076559543609,0.0006027477211318,0.0009352981578558,0.5867645144462585,0.000789807352703,0.4325858056545257,0.0004780413000844,0.0007274541421793,0.5655643939971924,0.0006443165475502,0.4259140193462372,0.0001870596315711,0.0005403945106081,0.5729429125785828,0.0004156880895607,0.4289485216140747,0.0003117660526186,0.0004572568868752,0.5697420835494995,0.0005403945106081,0.3937605321407318,0.0002909816685132,0.0007274541421793,0.6040986776351929,0.001122357789427,0.4078939259052276,0.0002078440447803,0.0003117660526186,0.5909214019775391,0.0006651009316556,0.4143578708171844,0.0007690229685977,0.0009768670424818,0.5834182500839233,0.0004780413000844,0.4034460783004761,0.0003949036763515,0.0006858853157609,0.5943508148193359,0.001122357789427,0.4146904349327087,0.0006651009316556,0.0009560826001688,0.5831064581871033,0.0005819633370265,0.4064805805683136,0.000270197255304,0.0005403945106081,0.5919190645217896,0.000789807352703,0.4123418033123016,0.0004780413000844,0.000789807352703,0.585704505443573,0.0006858853157609,0.39822918176651,0.0007482385262846,0.0013509863056242,0.5987363457679749,0.0009352981578558,0.4000166356563568,0.0005819633370265,0.000789807352703,0.5976347327232361,0.0009768670424818,0.4180783033370971,0.0001247064210474,0.000270197255304,0.5807577967643738,0.0007690229685977,0.4018456637859344,0.0008105917368084,0.0012470642104744,0.5950782895088196,0.0010184358106926,0.4061480462551117,0.0010184358106926,0.0023278533481061,0.589508056640625,0.0009976513683795,0.4207594692707062,0.0002909816685132,0.0006443165475502,0.5775570273399353,0.0007482385262846,0.4102425575256347,0.000270197255304,0.0008521605632267,0.5880323648452759,0.0006027477211318,0.4086213707923889,0.0006651009316556,0.001122357789427,0.5886143445968628,0.0009768670424818,0.4140461087226867,0.0006443165475502,0.00114314223174,0.5834805965423584,0.0006858853157609,0.406937837600708,0.0005611788947135,0.000789807352703,0.5909629464149475,0.0007482385262846,0.432211697101593,0.0005819633370265,0.0008937293896451,0.5656683444976807,0.0006443165475502,0.4137551188468933,0.0001662752329139,0.0003949036763515,0.5851848721504211,0.0004988256841897,0.4296344220638275,0.0008521605632267,0.0009768670424818,0.5679754018783569,0.0005611788947135,0.4135057330131531,0.0004780413000844419,0.000602747721131891,0.5844990015029907,0.0009145137737505138
176,0.7793527841567993,0.0,0.0,0.2206472307443618,0.0,0.7794567346572876,0.0,0.0,0.2205433100461959,0.0,0.7794151306152344,0.0,0.0,0.2205848842859268,0.0,0.779435932636261,0.0,0.0,0.2205640971660614,0.0,0.779435932636261,0.0,0.0,0.2205640971660614,0.0,0.779435932636261,0.0,0.0,0.2205640971660614,0.0,0.7794567346572876,0.0,0.0,0.2205433100461959,0.0,0.7795190811157227,0.0,0.0,0.2204809635877609,0.0,0.7792488932609558,0.0,0.0,0.2207511514425277,0.0,0.7794151306152344,0.0,0.0,0.2205848842859268,0.0,0.7794775366783142,0.0,0.0,0.2205225229263305,0.0,0.779435932636261,0.0,0.0,0.2205640971660614,0.0,0.7793735861778259,0.0,0.0,0.2206264436244964,0.0,0.779435932636261,0.0,0.0,0.2205640971660614,0.0,0.7794567346572876,0.0,0.0,0.2205433100461959,0.0,0.779498279094696,0.0,0.0,0.2205017358064651,0.0,0.779435932636261,0.0,0.0,0.2205640971660614,0.0,0.7793735861778259,0.0,0.0,0.2206264436244964,0.0,0.779498279094696,0.0,0.0,0.2205017358064651,0.0,0.7794567346572876,0.0,0.0,0.2205433100461959,0.0,0.7794567346572876,0.0,0.0,0.2205433100461959,0.0,0.779435932636261,0.0,0.0,0.2205640971660614,0.0,0.7794567346572876,0.0,0.0,0.2205433100461959,0.0,0.779498279094696,0.0,0.0,0.2205017358064651,0.0,0.7792488932609558,0.0,0.0,0.2207511514425277,0.0,0.7793943881988525,0.0,0.0,0.2206056714057922,0.0,0.7794151306152344,0.0,0.0,0.2205848842859268,0.0,0.7794775366783142,0.0,0.0,0.2205225229263305,0.0,0.779498279094696,0.0,0.0,0.2205017358064651,0.0,0.7794151306152344,0.0,0.0,0.2205848842859268,0.0,0.4225884974002838,0.0003949036763515,0.000789807352703,0.5750836730003357,0.00114314223174,0.4054621458053589,0.0003949036763515,0.0008729449473321,0.5925217866897583,0.0007482385262846,0.393324077129364,0.0004156880895607,0.0008313761791214,0.6044104695320129,0.0010184358106926,0.431733638048172,0.0003949036763515,0.0004780413000844,0.5669777393341064,0.0004156880895607,0.391328752040863,0.0004988256841897,0.0006858853157609,0.606530487537384,0.0009560826001688,0.4106374680995941,0.000436472473666,0.0009352981578558,0.5872009992599487,0.000789807352703,0.4322948157787323,0.0003949036763515,0.0005196101265028,0.5661463737487793,0.0006443165475502,0.4256438016891479,0.0001662752329139,0.0004988256841897,0.5732754468917847,0.0004156880895607,0.4286575615406036,0.0002909816685132,0.0003741192631423,0.5701369643211365,0.0005403945106081,0.3934695422649383,0.0003117660526186,0.0006235321052372,0.604472815990448,0.001122357789427,0.407644510269165,0.0001247064210474,0.0003325504658278,0.5912331342697144,0.0006651009316556,0.4140669107437134,0.0005611788947135,0.001163926674053,0.5837299823760986,0.0004780413000844,0.4031343162059784,0.0003741192631423,0.0005819633370265,0.5947872996330261,0.001122357789427,0.4143994450569153,0.0004988256841897,0.0010600045789033,0.5834597945213318,0.0005819633370265,0.406231164932251,0.0002286284434376,0.0005611788947135,0.5921892523765564,0.000789807352703,0.4120300412178039,0.000436472473666,0.0006651009316556,0.5861825346946716,0.0006858853157609,0.3978966176509857,0.0006027477211318,0.0014133395161479,0.5991520285606384,0.0009352981578558,0.3997048735618591,0.000436472473666,0.0008105917368084,0.5980712175369263,0.0009768670424818,0.4178288877010345,8.313761645695195e-05,0.0002909816685132,0.5810280442237854,0.0007690229685977,0.4015754759311676,0.0004988256841897,0.0013925550738349,0.5955147743225098,0.0010184358106926,0.4057947099208832,0.0008105917368084,0.0021200091578066,0.5902770757675171,0.0009976513683795,0.4205100536346435,0.0001870596315711,0.0006235321052372,0.5779311656951904,0.0007482385262846,0.4099723696708679,0.0002078440447803,0.0007690229685977,0.5884480476379395,0.0006027477211318,0.4083719849586487,0.0005196101265028,0.0010184358106926,0.589113175868988,0.0009768670424818,0.4137759208679199,0.0005403945106081,0.0009768670424818,0.5840209722518921,0.0006858853157609,0.4066468775272369,0.0005196101265028,0.0008105917368084,0.5912747383117676,0.0007482385262846,0.4318999052047729,0.0004572568868752,0.0008313761791214,0.5661671757698059,0.0006443165475502,0.4135265052318573,0.0001039220223901,0.0002494128420948,0.5856213569641113,0.0004988256841897,0.4293850064277649,0.0006443165475502,0.0009145137737505,0.5684950351715088,0.0005611788947135,0.4132770895957947,0.0003117660526186228,0.000644316547550261,0.5848523378372192,0.0009145137737505138
177,0.7779186964035034,0.0,0.0,0.2220813632011413,0.0,0.7780225872993469,0.0,0.0,0.2219774425029754,0.0,0.7779810428619385,0.0,0.0,0.2220190018415451,0.0,0.7780017852783203,0.0,0.0,0.2219982147216797,0.0,0.7780017852783203,0.0,0.0,0.2219982147216797,0.0,0.7780017852783203,0.0,0.0,0.2219982147216797,0.0,0.7780225872993469,0.0,0.0,0.2219774425029754,0.0,0.778084933757782,0.0,0.0,0.2219150811433792,0.0,0.7778147459030151,0.0,0.0,0.2221852838993072,0.0,0.7779810428619385,0.0,0.0,0.2220190018415451,0.0,0.7780433893203735,0.0,0.0,0.22195665538311,0.0,0.7780017852783203,0.0,0.0,0.2219982147216797,0.0,0.7779394388198853,0.0,0.0,0.2220605760812759,0.0,0.7780017852783203,0.0,0.0,0.2219982147216797,0.0,0.7780225872993469,0.0,0.0,0.2219774425029754,0.0,0.7780641913414001,0.0,0.0,0.2219358682632446,0.0,0.7780017852783203,0.0,0.0,0.2219982147216797,0.0,0.7779394388198853,0.0,0.0,0.2220605760812759,0.0,0.7780641913414001,0.0,0.0,0.2219358682632446,0.0,0.7780225872993469,0.0,0.0,0.2219774425029754,0.0,0.7780225872993469,0.0,0.0,0.2219774425029754,0.0,0.7780017852783203,0.0,0.0,0.2219982147216797,0.0,0.7780225872993469,0.0,0.0,0.2219774425029754,0.0,0.7780641913414001,0.0,0.0,0.2219358682632446,0.0,0.7778147459030151,0.0,0.0,0.2221852838993072,0.0,0.7779602408409119,0.0,0.0,0.2220397889614105,0.0,0.7779810428619385,0.0,0.0,0.2220190018415451,0.0,0.7780433893203735,0.0,0.0,0.22195665538311,0.0,0.7780641913414001,0.0,0.0,0.2219358682632446,0.0,0.7779810428619385,0.0,0.0,0.2220190018415451,0.0,0.4210504591464996,0.0003741192631423,0.0007482385262846,0.5766840577125549,0.00114314223174,0.4039864540100097,0.0002909816685132,0.0008313761791214,0.5941429734230042,0.0007482385262846,0.3917860090732574,0.0003533348790369,0.0007274541421793,0.6061148047447205,0.0010184358106926,0.4302579462528229,0.0001870596315711,0.0006443165475502,0.5684950351715088,0.0004156880895607,0.3898530602455139,0.0003741192631423,0.0007482385262846,0.6080685257911682,0.0009560826001688,0.4091202020645141,0.0003325504658278,0.0009976513683795,0.5887598395347595,0.000789807352703,0.4308399260044098,0.0002078440447803,0.0006443165475502,0.5676636695861816,0.0006443165475502,0.424126535654068,0.0002078440447803,0.0004572568868752,0.5747926831245422,0.0004156880895607,0.4272234141826629,0.0002078440447803,0.0003741192631423,0.5716542601585388,0.0005403945106081,0.3920146524906158,0.0002078440447803,0.0006443165475502,0.6060108542442322,0.001122357789427,0.4062103927135467,4.156880822847597e-05,0.0003949036763515,0.5926880836486816,0.0006651009316556,0.4125496447086334,0.0003741192631423,0.0012470642104744,0.5853511691093445,0.0004780413000844,0.4016793966293335,0.0002286284434376,0.0005196101265028,0.5964500308036804,0.001122357789427,0.4128614068031311,0.0003533348790369,0.00114314223174,0.585060179233551,0.0005819633370265,0.4047762751579284,0.0001870596315711,0.0004572568868752,0.5937896370887756,0.000789807352703,0.4105543196201324,0.0003741192631423,0.0006651009316556,0.5877205729484558,0.0006858853157609,0.3963793814182281,0.0004780413000844,0.0012678486527875,0.6009394526481628,0.0009352981578558,0.39822918176651,0.0003949036763515,0.0007066697580739,0.5996924042701721,0.0009768670424818,0.4163947403430938,6.235321052372456e-05,0.0002078440447803,0.5825660824775696,0.0007690229685977,0.4000789821147918,0.0003949036763515,0.0012678486527875,0.5972190499305725,0.0010392202530056,0.4043397903442383,0.0005196101265028,0.001849811989814,0.5922931432723999,0.0009976513683795,0.4189304411411285,0.0002909816685132,0.0004988256841897,0.5795315504074097,0.0007482385262846,0.4084551036357879,0.0002078440447803,0.0006235321052372,0.5901107788085938,0.0006027477211318,0.4068547189235687,0.0003741192631423,0.0009560826001688,0.5908382534980774,0.0009768670424818,0.4122586548328399,0.000270197255304,0.001122357789427,0.5856629610061646,0.0006858853157609,0.4051711857318878,0.0003533348790369,0.0008313761791214,0.5928959250450134,0.0007482385262846,0.4303202927112579,0.0004156880895607,0.0008937293896451,0.5677260160446167,0.0006443165475502,0.4120508134365082,0.0001039220223901,0.0002494128420948,0.5870970487594604,0.0004988256841897,0.4279093146324157,0.0004572568868752,0.0010392202530056,0.570033073425293,0.0005611788947135,0.41178062558174133,0.00029098166851326823,0.0005819633370265365,0.5864319801330566,0.0009145137737505138
178,0.7770665287971497,0.0,0.0,0.2229335159063339,0.0,0.7771704196929932,0.0,0.0,0.222829595208168,0.0,0.7771288752555847,0.0,0.0,0.2228711694478988,0.0,0.7771496772766113,0.0,0.0,0.2228503823280334,0.0,0.7771496772766113,0.0,0.0,0.2228503823280334,0.0,0.7771496772766113,0.0,0.0,0.2228503823280334,0.0,0.7771704196929932,0.0,0.0,0.222829595208168,0.0,0.7772327661514282,0.0,0.0,0.2227672487497329,0.0,0.7769625782966614,0.0,0.0,0.2230374366044998,0.0,0.7771288752555847,0.0,0.0,0.2228711694478988,0.0,0.7771912217140198,0.0,0.0,0.2228088080883026,0.0,0.7771496772766113,0.0,0.0,0.2228503823280334,0.0,0.7770873308181763,0.0,0.0,0.2229127287864685,0.0,0.7771496772766113,0.0,0.0,0.2228503823280334,0.0,0.7771704196929932,0.0,0.0,0.222829595208168,0.0,0.7772120237350464,0.0,0.0,0.2227880209684372,0.0,0.7771496772766113,0.0,0.0,0.2228503823280334,0.0,0.7770873308181763,0.0,0.0,0.2229127287864685,0.0,0.7772120237350464,0.0,0.0,0.2227880209684372,0.0,0.7771704196929932,0.0,0.0,0.222829595208168,0.0,0.7771704196929932,0.0,0.0,0.222829595208168,0.0,0.7771496772766113,0.0,0.0,0.2228503823280334,0.0,0.7771704196929932,0.0,0.0,0.222829595208168,0.0,0.7772120237350464,0.0,0.0,0.2227880209684372,0.0,0.7769625782966614,0.0,0.0,0.2230374366044998,0.0,0.7771080732345581,0.0,0.0,0.2228919565677642,0.0,0.7771288752555847,0.0,0.0,0.2228711694478988,0.0,0.7771912217140198,0.0,0.0,0.2228088080883026,0.0,0.7772120237350464,0.0,0.0,0.2227880209684372,0.0,0.7771288752555847,0.0,0.0,0.2228711694478988,0.0,0.4201359450817108,0.0003117660526186,0.0006235321052372,0.5777856707572937,0.00114314223174,0.4030511677265167,0.0002286284434376,0.000789807352703,0.5951821804046631,0.0007482385262846,0.3908922970294952,0.0002286284434376,0.0007066697580739,0.6071540117263794,0.0010184358106926,0.4293018579483032,0.0001870596315711,0.0006651009316556,0.5694302916526794,0.0004156880895607,0.3889177739620209,0.0002494128420948,0.0007482385262846,0.6091285347938538,0.0009560826001688,0.4082264900207519,0.0002494128420948,0.0008521605632267,0.5898821949958801,0.000789807352703,0.4299461841583252,0.0001454908342566,0.0006858853157609,0.5685781836509705,0.0006443165475502,0.4232120513916015,0.0001870596315711,0.0004572568868752,0.5757279992103577,0.0004156880895607,0.4262881278991699,0.0001662752329139,0.000436472473666,0.5725687742233276,0.0005403945106081,0.3910585641860962,0.0002286284434376,0.0006235321052372,0.6069669723510742,0.001122357789427,0.4053374528884887,6.235321052372456e-05,0.0003325504658278,0.5936025977134705,0.0006651009316556,0.4115104079246521,0.0003949036763515,0.0011847109999507,0.5864319801330566,0.0004780413000844,0.4008272290229797,0.0001662752329139,0.0005196101265028,0.5973438024520874,0.00114314223174,0.4119468927383423,0.0002494128420948,0.0010392202530056,0.5861825346946716,0.0005819633370265,0.403840959072113,0.0001662752329139,0.0004780413000844,0.5947249531745911,0.000789807352703,0.409639835357666,0.0002494128420948,0.0007066697580739,0.5887182354927063,0.0006858853157609,0.3955064117908478,0.0003325504658278,0.0011015734635293,0.6021242141723633,0.0009352981578558,0.3973354399204254,0.000270197255304,0.0007066697580739,0.6007108688354492,0.0009768670424818,0.4155426025390625,2.0784404114237987e-05,0.0002286284434376,0.5834389925003052,0.0007690229685977,0.3991852700710296,0.0002494128420948,0.0012470642104744,0.5982790589332581,0.0010392202530056,0.4032590091228485,0.0004780413000844,0.0016211834736168,0.5936441421508789,0.0009976513683795,0.4180367290973663,0.0002909816685132,0.0004572568868752,0.5804668664932251,0.0007482385262846,0.4075405895709991,0.0002078440447803,0.0005196101265028,0.5911292433738708,0.0006027477211318,0.4060025513172149,0.0002078440447803,0.0008937293896451,0.5919190645217896,0.0009768670424818,0.4112402200698852,0.0003117660526186,0.0010807890212163,0.5866813659667969,0.0006858853157609,0.4042150974273681,0.000270197255304,0.0007690229685977,0.5939974784851074,0.0007482385262846,0.4293226599693298,0.0003949036763515,0.0008521605632267,0.5687860250473022,0.0006443165475502,0.4111986458301544,6.235321052372456e-05,0.000270197255304,0.5879700183868408,0.0004988256841897,0.4270363748073578,0.0003117660526186,0.0010184358106926,0.5710722804069519,0.0005611788947135,0.4108661115169525,0.00018705963157117367,0.0006858853157609701,0.5873464941978455,0.0009145137737505138
179,0.7765676975250244,0.0,0.0,0.2234323471784591,0.0,0.7766715884208679,0.0,0.0,0.2233284264802932,0.0,0.7766300439834595,0.0,0.0,0.2233699858188629,0.0,0.7766508460044861,0.0,0.0,0.2233492136001587,0.0,0.7766508460044861,0.0,0.0,0.2233492136001587,0.0,0.7766508460044861,0.0,0.0,0.2233492136001587,0.0,0.7766715884208679,0.0,0.0,0.2233284264802932,0.0,0.7767339944839478,0.0,0.0,0.223266065120697,0.0,0.7764637470245361,0.0,0.0,0.223536267876625,0.0,0.7766300439834595,0.0,0.0,0.2233699858188629,0.0,0.7766923904418945,0.0,0.0,0.2233076393604278,0.0,0.7766508460044861,0.0,0.0,0.2233492136001587,0.0,0.776588499546051,0.0,0.0,0.2234115600585937,0.0,0.7766508460044861,0.0,0.0,0.2233492136001587,0.0,0.7766715884208679,0.0,0.0,0.2233284264802932,0.0,0.7767131924629211,0.0,0.0,0.2232868522405624,0.0,0.7766508460044861,0.0,0.0,0.2233492136001587,0.0,0.776588499546051,0.0,0.0,0.2234115600585937,0.0,0.7767131924629211,0.0,0.0,0.2232868522405624,0.0,0.7766715884208679,0.0,0.0,0.2233284264802932,0.0,0.7766715884208679,0.0,0.0,0.2233284264802932,0.0,0.7766508460044861,0.0,0.0,0.2233492136001587,0.0,0.7766715884208679,0.0,0.0,0.2233284264802932,0.0,0.7767131924629211,0.0,0.0,0.2232868522405624,0.0,0.7764637470245361,0.0,0.0,0.223536267876625,0.0,0.7766092419624329,0.0,0.0,0.2233907729387283,0.0,0.7766300439834595,0.0,0.0,0.2233699858188629,0.0,0.7766923904418945,0.0,0.0,0.2233076393604278,0.0,0.7767131924629211,0.0,0.0,0.2232868522405624,0.0,0.7766300439834595,0.0,0.0,0.2233699858188629,0.0,0.4196163415908813,0.000270197255304,0.0005819633370265,0.5783883929252625,0.00114314223174,0.4025107622146606,0.0002078440447803,0.0006858853157609,0.5958473086357117,0.0007482385262846,0.3903518915176391,0.0002494128420948,0.0005819633370265,0.6077983379364014,0.0010184358106926,0.4287822544574737,0.0001662752329139,0.0006235321052372,0.5700122714042664,0.0004156880895607,0.3883565962314605,0.000270197255304,0.0006235321052372,0.6097936034202576,0.0009560826001688,0.4077276587486267,0.0001662752329139,0.0006858853157609,0.5906304121017456,0.000789807352703,0.4294473528861999,0.0001247064210474,0.0005819633370265,0.5692017078399658,0.0006443165475502,0.4226300716400146,0.000270197255304,0.0003533348790369,0.5763307213783264,0.0004156880895607,0.4257892966270447,0.0001454908342566,0.0003949036763515,0.5731299519538879,0.0005403945106081,0.3904973864555359,0.0002494128420948,0.0003949036763515,0.6077359914779663,0.001122357789427,0.4047762751579284,0.0001039220223901,0.0002286284434376,0.5942261219024658,0.0006651009316556,0.4109700322151184,0.0003741192631423,0.0010184358106926,0.5871593952178955,0.0004780413000844,0.4002452790737152,0.0001870596315711,0.0004572568868752,0.5979673266410828,0.00114314223174,0.4113649129867553,0.0003117660526186,0.0008521605632267,0.5868892073631287,0.0005819633370265,0.4033005833625793,0.0001662752329139,0.0003533348790369,0.5953900218009949,0.000789807352703,0.4090786278247833,0.0002494128420948,0.0005196101265028,0.5894665122032166,0.0006858853157609,0.3949868083000183,0.0002286284434376,0.0009352981578558,0.6029139757156372,0.0009352981578558,0.3968158364295959,0.0001870596315711,0.0006443165475502,0.601375937461853,0.0009768670424818,0.4150021970272064,6.235321052372456e-05,0.0001454908342566,0.5840209722518921,0.0007690229685977,0.3985409438610077,0.0002909816685132,0.0010184358106926,0.5991104245185852,0.0010392202530056,0.4027186036109924,0.0004156880895607,0.0013925550738349,0.594475507736206,0.0009976513683795,0.4175378978252411,0.0002078440447803,0.000436472473666,0.5810695886611938,0.0007482385262846,0.4069794118404388,0.0002494128420948,0.0003741192631423,0.5917943120002747,0.0006027477211318,0.4054829478263855,0.0001247064210474,0.000789807352703,0.5926257371902466,0.0009768670424818,0.4106582701206207,0.0003741192631423,0.0008521605632267,0.5874296426773071,0.0006858853157609,0.4036954939365387,0.0002286284434376,0.0007274541421793,0.594600260257721,0.0007482385262846,0.4286783337593078,0.0005196101265028,0.0008105917368084,0.5693472027778625,0.0006443165475502,0.4106998145580292,4.156880822847597e-05,0.0002078440447803,0.5885519981384277,0.0004988256841897,0.4264751970767975,0.0001454908342566,0.0009768670424818,0.571841299533844,0.0005611788947135,0.4102841317653656,0.00020784404478035867,0.000644316547550261,0.5879492163658142,0.0009145137737505138
180,0.775881826877594,0.0,0.0,0.2241182327270507,0.0,0.7759857177734375,0.0,0.0,0.2240143120288849,0.0,0.775944173336029,0.0,0.0,0.2240558713674545,0.0,0.7759649157524109,0.0,0.0,0.2240350991487503,0.0,0.7759649157524109,0.0,0.0,0.2240350991487503,0.0,0.7759649157524109,0.0,0.0,0.2240350991487503,0.0,0.7759857177734375,0.0,0.0,0.2240143120288849,0.0,0.7760480642318726,0.0,0.0,0.2239519506692886,0.0,0.7757778763771057,0.0,0.0,0.2242221534252166,0.0,0.775944173336029,0.0,0.0,0.2240558713674545,0.0,0.7760065197944641,0.0,0.0,0.2239935249090194,0.0,0.7759649157524109,0.0,0.0,0.2240350991487503,0.0,0.7759025692939758,0.0,0.0,0.2240974456071853,0.0,0.7759649157524109,0.0,0.0,0.2240350991487503,0.0,0.7759857177734375,0.0,0.0,0.2240143120288849,0.0,0.7760273218154907,0.0,0.0,0.223972737789154,0.0,0.7759649157524109,0.0,0.0,0.2240350991487503,0.0,0.7759025692939758,0.0,0.0,0.2240974456071853,0.0,0.7760273218154907,0.0,0.0,0.223972737789154,0.0,0.7759857177734375,0.0,0.0,0.2240143120288849,0.0,0.7759857177734375,0.0,0.0,0.2240143120288849,0.0,0.7759649157524109,0.0,0.0,0.2240350991487503,0.0,0.7759857177734375,0.0,0.0,0.2240143120288849,0.0,0.7760273218154907,0.0,0.0,0.223972737789154,0.0,0.7757778763771057,0.0,0.0,0.2242221534252166,0.0,0.7759233713150024,0.0,0.0,0.2240766584873199,0.0,0.775944173336029,0.0,0.0,0.2240558713674545,0.0,0.7760065197944641,0.0,0.0,0.2239935249090194,0.0,0.7760273218154907,0.0,0.0,0.223972737789154,0.0,0.775944173336029,0.0,0.0,0.2240558713674545,0.0,0.4188888669013977,0.0002286284434376,0.0005819633370265,0.5791574120521545,0.00114314223174,0.4018040895462036,0.0001870596315711,0.0005196101265028,0.5967410206794739,0.0007482385262846,0.3896660208702087,0.0001870596315711,0.0005611788947135,0.6085673570632935,0.0010184358106926,0.4279924631118774,0.000270197255304,0.0005403945106081,0.5707812905311584,0.0004156880895607,0.3876291513442993,0.0002286284434376,0.0005611788947135,0.6106250286102295,0.0009560826001688,0.4070417582988739,0.0001247064210474,0.0006443165475502,0.5913994312286377,0.000789807352703,0.4287199079990387,0.0001039220223901,0.0005403945106081,0.5699914693832397,0.0006443165475502,0.4219442009925842,0.0002286284434376,0.0002286284434376,0.5771828889846802,0.0004156880895607,0.4250410497188568,0.0001454908342566,0.0003741192631423,0.57389897108078,0.0005403945106081,0.3897907137870788,0.0002078440447803,0.0003533348790369,0.608525812625885,0.001122357789427,0.4040903747081756,8.313761645695195e-05,0.0002286284434376,0.5949327945709229,0.0006651009316556,0.4102633595466614,0.0003325504658278,0.0008313761791214,0.5880947113037109,0.0004780413000844,0.3995178043842315,0.0001454908342566,0.0004780413000844,0.5987155437469482,0.00114314223174,0.4105958938598633,0.0003325504658278,0.0007274541421793,0.587762176990509,0.0005819633370265,0.4025523364543915,0.0002078440447803,0.0002909816685132,0.596159040927887,0.000789807352703,0.4083719849586487,0.0001870596315711,0.0005611788947135,0.5901939272880554,0.0006858853157609,0.3942801356315613,0.0001454908342566,0.0008521605632267,0.6037869453430176,0.0009352981578558,0.3961091637611389,0.0001247064210474,0.0006651009316556,0.6021242141723633,0.0009768670424818,0.414316326379776,4.156880822847597e-05,0.0001454908342566,0.5847276449203491,0.0007690229685977,0.3977303504943847,0.0003741192631423,0.0008521605632267,0.6000041961669922,0.0010392202530056,0.4019911587238312,0.0003325504658278,0.00114314223174,0.5955355167388916,0.0009976513683795,0.416768878698349,0.000270197255304,0.0003117660526186,0.581900954246521,0.0007482385262846,0.4062727391719818,0.0002286284434376,0.0003117660526186,0.5925841331481934,0.0006027477211318,0.4047347009181976,0.0001662752329139,0.0006858853157609,0.5934363007545471,0.0009768670424818,0.4099723696708679,0.0003325504658278,0.0006858853157609,0.5883233547210693,0.0006858853157609,0.4029472470283508,0.0002286284434376,0.0006235321052372,0.5954523682594299,0.0007482385262846,0.4279093146324157,0.0005196101265028,0.0006651009316556,0.5702617168426514,0.0006443165475502,0.4100139439105987,4.156880822847597e-05,0.0001662752329139,0.5892794132232666,0.0004988256841897,0.4257269501686096,0.0001870596315711,0.0008729449473321,0.5726519227027893,0.0005611788947135,0.40957745909690857,0.00022862844343762845,0.0004780413000844419,0.588801383972168,0.0009145137737505138
181,0.7756531834602356,0.0,0.0,0.2243468612432479,0.0,0.7757570743560791,0.0,0.0,0.2242429405450821,0.0,0.7757155299186707,0.0,0.0,0.2242844998836517,0.0,0.7757363319396973,0.0,0.0,0.2242637276649475,0.0,0.7757363319396973,0.0,0.0,0.2242637276649475,0.0,0.7757363319396973,0.0,0.0,0.2242637276649475,0.0,0.7757570743560791,0.0,0.0,0.2242429405450821,0.0,0.7758194804191589,0.0,0.0,0.2241805791854858,0.0,0.7755492329597473,0.0,0.0,0.2244507819414138,0.0,0.7757155299186707,0.0,0.0,0.2242844998836517,0.0,0.7757778763771057,0.0,0.0,0.2242221534252166,0.0,0.7757363319396973,0.0,0.0,0.2242637276649475,0.0,0.7756739854812622,0.0,0.0,0.2243260741233825,0.0,0.7757363319396973,0.0,0.0,0.2242637276649475,0.0,0.7757570743560791,0.0,0.0,0.2242429405450821,0.0,0.7757986783981323,0.0,0.0,0.2242013663053512,0.0,0.7757363319396973,0.0,0.0,0.2242637276649475,0.0,0.7756739854812622,0.0,0.0,0.2243260741233825,0.0,0.7757986783981323,0.0,0.0,0.2242013663053512,0.0,0.7757570743560791,0.0,0.0,0.2242429405450821,0.0,0.7757570743560791,0.0,0.0,0.2242429405450821,0.0,0.7757363319396973,0.0,0.0,0.2242637276649475,0.0,0.7757570743560791,0.0,0.0,0.2242429405450821,0.0,0.7757986783981323,0.0,0.0,0.2242013663053512,0.0,0.7755492329597473,0.0,0.0,0.2244507819414138,0.0,0.775694727897644,0.0,0.0,0.2243052870035171,0.0,0.7757155299186707,0.0,0.0,0.2242844998836517,0.0,0.7757778763771057,0.0,0.0,0.2242221534252166,0.0,0.7757986783981323,0.0,0.0,0.2242013663053512,0.0,0.7757155299186707,0.0,0.0,0.2242844998836517,0.0,0.4186602532863617,0.0001247064210474,0.0004988256841897,0.5795730948448181,0.00114314223174,0.401554673910141,0.0001662752329139,0.000436472473666,0.5970943570137024,0.0007482385262846,0.3894373774528503,8.313761645695195e-05,0.0005196101265028,0.6089414954185486,0.0010184358106926,0.4276806712150574,0.0003117660526186,0.000436472473666,0.5711554288864136,0.0004156880895607,0.387296587228775,0.0002909816685132,0.0005403945106081,0.610916018486023,0.0009560826001688,0.406709223985672,0.0001454908342566,0.0005196101265028,0.5918359160423279,0.000789807352703,0.4284497201442718,0.0001247064210474,0.0004156880895607,0.5703656077384949,0.0006443165475502,0.4216947853565216,0.0001662752329139,0.0002494128420948,0.5774738788604736,0.0004156880895607,0.4247708618640899,0.0001870596315711,0.0002909816685132,0.5742107033729553,0.0005403945106081,0.3895621001720428,0.0001870596315711,0.0003325504658278,0.6087960004806519,0.001122357789427,0.4038617610931396,8.313761645695195e-05,0.0001247064210474,0.5952653288841248,0.0006651009316556,0.4099723696708679,0.0003117660526186,0.0006443165475502,0.5885935425758362,0.0004780413000844,0.3992476165294647,0.0001662752329139,0.0003949036763515,0.5990480780601501,0.00114314223174,0.4103257060050964,0.000270197255304,0.0006027477211318,0.588219404220581,0.0005819633370265,0.4023237228393554,0.0001870596315711,0.0002494128420948,0.5964500308036804,0.000789807352703,0.4080394208431244,0.0002494128420948,0.0004780413000844,0.5905472636222839,0.0006858853157609,0.3940099477767944,0.0001039220223901,0.0006858853157609,0.6042649745941162,0.0009352981578558,0.3958182036876678,0.0001454908342566,0.0004780413000844,0.6025814414024353,0.0009768670424818,0.4140669107437134,6.235321052372456e-05,8.313761645695195e-05,0.5850186347961426,0.0007690229685977,0.3974185883998871,0.0003949036763515,0.0005611788947135,0.6005861163139343,0.0010392202530056,0.4016378223896026,0.000436472473666,0.0008313761791214,0.5960966944694519,0.0009976513683795,0.4164986610412597,0.0001662752329139,0.0003325504658278,0.5822542905807495,0.0007482385262846,0.4060233235359192,0.0001662752329139,0.0002909816685132,0.5929166674613953,0.0006027477211318,0.4044229388236999,0.0001662752329139,0.0006027477211318,0.5938311815261841,0.0009768670424818,0.4096190333366394,0.0003741192631423,0.0006235321052372,0.5886974334716797,0.0006858853157609,0.4027186036109924,0.0001870596315711,0.0005611788947135,0.5957849621772766,0.0007482385262846,0.4276391267776489,0.0004156880895607,0.0006027477211318,0.5706981420516968,0.0006443165475502,0.4097645282745361,2.0784404114237987e-05,0.0001454908342566,0.5895704030990601,0.0004988256841897,0.4254983067512512,0.0001454908342566,0.0006858853157609,0.5731091499328613,0.0005611788947135,0.40932804346084595,0.00018705963157117367,0.00037411926314234734,0.5891962647438049,0.0009145137737505138
