t,susceptible_0_x,exposed_0_x,infected_0_x,recovered_0_x,dead_0_x,susceptible_1_x,exposed_1_x,infected_1_x,recovered_1_x,dead_1_x,susceptible_2_x,exposed_2_x,infected_2_x,recovered_2_x,dead_2_x,susceptible_3_x,exposed_3_x,infected_3_x,recovered_3_x,dead_3_x,susceptible_4_x,exposed_4_x,infected_4_x,recovered_4_x,dead_4_x,susceptible_5_x,exposed_5_x,infected_5_x,recovered_5_x,dead_5_x,susceptible_6_x,exposed_6_x,infected_6_x,recovered_6_x,dead_6_x,susceptible_7_x,exposed_7_x,infected_7_x,recovered_7_x,dead_7_x,susceptible_8_x,exposed_8_x,infected_8_x,recovered_8_x,dead_8_x,susceptible_9_x,exposed_9_x,infected_9_x,recovered_9_x,dead_9_x,susceptible_10_x,exposed_10_x,infected_10_x,recovered_10_x,dead_10_x,susceptible_11_x,exposed_11_x,infected_11_x,recovered_11_x,dead_11_x,susceptible_12_x,exposed_12_x,infected_12_x,recovered_12_x,dead_12_x,susceptible_13_x,exposed_13_x,infected_13_x,recovered_13_x,dead_13_x,susceptible_14_x,exposed_14_x,infected_14_x,recovered_14_x,dead_14_x,susceptible_15_x,exposed_15_x,infected_15_x,recovered_15_x,dead_15_x,susceptible_16_x,exposed_16_x,infected_16_x,recovered_16_x,dead_16_x,susceptible_17_x,exposed_17_x,infected_17_x,recovered_17_x,dead_17_x,susceptible_18_x,exposed_18_x,infected_18_x,recovered_18_x,dead_18_x,susceptible_19_x,exposed_19_x,infected_19_x,recovered_19_x,dead_19_x,susceptible_20_x,exposed_20_x,infected_20_x,recovered_20_x,dead_20_x,susceptible_21_x,exposed_21_x,infected_21_x,recovered_21_x,dead_21_x,susceptible_22_x,exposed_22_x,infected_22_x,recovered_22_x,dead_22_x,susceptible_23_x,exposed_23_x,infected_23_x,recovered_23_x,dead_23_x,susceptible_24_x,exposed_24_x,infected_24_x,recovered_24_x,dead_24_x,susceptible_25_x,exposed_25_x,infected_25_x,recovered_25_x,dead_25_x,susceptible_26_x,exposed_26_x,infected_26_x,recovered_26_x,dead_26_x,susceptible_27_x,exposed_27_x,infected_27_x,recovered_27_x,dead_27_x,susceptible_28_x,exposed_28_x,infected_28_x,recovered_28_x,dead_28_x,susceptible_29_x,exposed_29_x,infected_29_x,recovered_29_x,dead_29_x,susceptible_0_y,exposed_0_y,infected_0_y,recovered_0_y,dead_0_y,susceptible_1_y,exposed_1_y,infected_1_y,recovered_1_y,dead_1_y,susceptible_2_y,exposed_2_y,infected_2_y,recovered_2_y,dead_2_y,susceptible_3_y,exposed_3_y,infected_3_y,recovered_3_y,dead_3_y,susceptible_4_y,exposed_4_y,infected_4_y,recovered_4_y,dead_4_y,susceptible_5_y,exposed_5_y,infected_5_y,recovered_5_y,dead_5_y,susceptible_6_y,exposed_6_y,infected_6_y,recovered_6_y,dead_6_y,susceptible_7_y,exposed_7_y,infected_7_y,recovered_7_y,dead_7_y,susceptible_8_y,exposed_8_y,infected_8_y,recovered_8_y,dead_8_y,susceptible_9_y,exposed_9_y,infected_9_y,recovered_9_y,dead_9_y,susceptible_10_y,exposed_10_y,infected_10_y,recovered_10_y,dead_10_y,susceptible_11_y,exposed_11_y,infected_11_y,recovered_11_y,dead_11_y,susceptible_12_y,exposed_12_y,infected_12_y,recovered_12_y,dead_12_y,susceptible_13_y,exposed_13_y,infected_13_y,recovered_13_y,dead_13_y,susceptible_14_y,exposed_14_y,infected_14_y,recovered_14_y,dead_14_y,susceptible_15_y,exposed_15_y,infected_15_y,recovered_15_y,dead_15_y,susceptible_16_y,exposed_16_y,infected_16_y,recovered_16_y,dead_16_y,susceptible_17_y,exposed_17_y,infected_17_y,recovered_17_y,dead_17_y,susceptible_18_y,exposed_18_y,infected_18_y,recovered_18_y,dead_18_y,susceptible_19_y,exposed_19_y,infected_19_y,recovered_19_y,dead_19_y,susceptible_20_y,exposed_20_y,infected_20_y,recovered_20_y,dead_20_y,susceptible_21_y,exposed_21_y,infected_21_y,recovered_21_y,dead_21_y,susceptible_22_y,exposed_22_y,infected_22_y,recovered_22_y,dead_22_y,susceptible_23_y,exposed_23_y,infected_23_y,recovered_23_y,dead_23_y,susceptible_24_y,exposed_24_y,infected_24_y,recovered_24_y,dead_24_y,susceptible_25_y,exposed_25_y,infected_25_y,recovered_25_y,dead_25_y,susceptible_26_y,exposed_26_y,infected_26_y,recovered_26_y,dead_26_y,susceptible_27_y,exposed_27_y,infected_27_y,recovered_27_y,dead_27_y,susceptible_28_y,exposed_28_y,infected_28_y,recovered_28_y,dead_28_y,susceptible_29_y,exposed_29_y,infected_29_y,recovered_29_y,dead_29_y
0,0.9994596242904664,0.0,0.0005403945106081,0.0,0.0,0.9997298121452332,0.0,0.000270197255304,0.0,0.0,0.9997090697288512,0.0,0.0002909816685132,0.0,0.0,0.9997506141662598,0.0,0.0002494128420948,0.0,0.0,0.9996882677078248,0.0,0.0003117660526186,0.0,0.0,0.9997506141662598,0.0,0.0002494128420948,0.0,0.0,0.9997714161872864,0.0,0.0002286284434376,0.0,0.0,0.9997298121452332,0.0,0.000270197255304,0.0,0.0,0.9997714161872864,0.0,0.0002286284434376,0.0,0.0,0.9998337626457214,0.0,0.0001662752329139,0.0,0.0,0.999792218208313,0.0,0.0002078440447803,0.0,0.0,0.9997714161872864,0.0,0.0002286284434376,0.0,0.0,0.9997714161872864,0.0,0.0002286284434376,0.0,0.0,0.9997506141662598,0.0,0.0002494128420948,0.0,0.0,0.9998129606246948,0.0,0.0001870596315711,0.0,0.0,0.9997506141662598,0.0,0.0002494128420948,0.0,0.0,0.9997714161872864,0.0,0.0002286284434376,0.0,0.0,0.9997298121452332,0.0,0.000270197255304,0.0,0.0,0.9997298121452332,0.0,0.000270197255304,0.0,0.0,0.9998337626457214,0.0,0.0001662752329139,0.0,0.0,0.999792218208313,0.0,0.0002078440447803,0.0,0.0,0.9997090697288512,0.0,0.0002909816685132,0.0,0.0,0.9997090697288512,0.0,0.0002909816685132,0.0,0.0,0.9997714161872864,0.0,0.0002286284434376,0.0,0.0,0.999854564666748,0.0,0.0001454908342566,0.0,0.0,0.9996467232704164,0.0,0.0003533348790369,0.0,0.0,0.9997298121452332,0.0,0.000270197255304,0.0,0.0,0.9996882677078248,0.0,0.0003117660526186,0.0,0.0,0.9998129606246948,0.0,0.0001870596315711,0.0,0.0,0.9997298121452332,0.0,0.000270197255304,0.0,0.0,0.999667465686798,2.0784404114237987e-05,0.0003117660526186,0.0,0.0,0.9996467232704164,4.156880822847597e-05,0.0003117660526186,0.0,0.0,0.9995843768119812,2.0784404114237987e-05,0.0003949036763515,0.0,0.0,0.9997090697288512,4.156880822847597e-05,0.0002494128420948,0.0,0.0,0.9997714161872864,4.156880822847597e-05,0.0001870596315711,0.0,0.0,0.9997506141662598,2.0784404114237987e-05,0.0002286284434376,0.0,0.0,0.9997090697288512,0.0,0.0002909816685132,0.0,0.0,0.999542772769928,0.0,0.0004572568868752,0.0,0.0,0.9996882677078248,0.0,0.0003117660526186,0.0,0.0,0.9997506141662598,2.0784404114237987e-05,0.0002286284434376,0.0,0.0,0.9995843768119812,6.235321052372456e-05,0.0003533348790369,0.0,0.0,0.9998129606246948,2.0784404114237987e-05,0.0001662752329139,0.0,0.0,0.9996259212493896,2.0784404114237987e-05,0.0003533348790369,0.0,0.0,0.9997298121452332,0.0,0.000270197255304,0.0,0.0,0.9995635747909546,2.0784404114237987e-05,0.0004156880895607,0.0,0.0,0.9996467232704164,2.0784404114237987e-05,0.0003325504658278,0.0,0.0,0.9995843768119812,8.313761645695195e-05,0.0003325504658278,0.0,0.0,0.999667465686798,2.0784404114237987e-05,0.0003117660526186,0.0,0.0,0.999542772769928,6.235321052372456e-05,0.0003949036763515,0.0,0.0,0.9996259212493896,4.156880822847597e-05,0.0003325504658278,0.0,0.0,0.9996259212493896,4.156880822847597e-05,0.0003325504658278,0.0,0.0,0.999605119228363,6.235321052372456e-05,0.0003325504658278,0.0,0.0,0.9995843768119812,4.156880822847597e-05,0.0003741192631423,0.0,0.0,0.999667465686798,0.0,0.0003325504658278,0.0,0.0,0.9996467232704164,2.0784404114237987e-05,0.0003325504658278,0.0,0.0,0.9996882677078248,4.156880822847597e-05,0.000270197255304,0.0,0.0,0.9996467232704164,2.0784404114237987e-05,0.0003325504658278,0.0,0.0,0.9995012283325196,8.313761645695195e-05,0.0004156880895607,0.0,0.0,0.9997090697288512,2.0784404114237987e-05,0.000270197255304,0.0,0.0,0.9998129606246948,2.0784404114237987e-05,0.0001662752329139039,0.0,0.0
1,0.9994596242904664,0.0,0.0005403945106081,0.0,0.0,0.9997298121452332,0.0,0.000270197255304,0.0,0.0,0.9997090697288512,0.0,0.0002909816685132,0.0,0.0,0.9997506141662598,0.0,0.0002494128420948,0.0,0.0,0.9996882677078248,0.0,0.0003117660526186,0.0,0.0,0.9997506141662598,0.0,0.0002494128420948,0.0,0.0,0.9997714161872864,0.0,0.0002286284434376,0.0,0.0,0.9997298121452332,0.0,0.000270197255304,0.0,0.0,0.9997714161872864,0.0,0.0002286284434376,0.0,0.0,0.9998337626457214,0.0,0.0001662752329139,0.0,0.0,0.999792218208313,0.0,0.0002078440447803,0.0,0.0,0.9997714161872864,0.0,0.0002286284434376,0.0,0.0,0.9997714161872864,0.0,0.0002286284434376,0.0,0.0,0.9997506141662598,0.0,0.0002494128420948,0.0,0.0,0.9998129606246948,0.0,0.0001870596315711,0.0,0.0,0.9997506141662598,0.0,0.0002494128420948,0.0,0.0,0.9997714161872864,0.0,0.0002286284434376,0.0,0.0,0.9997298121452332,0.0,0.000270197255304,0.0,0.0,0.9997298121452332,0.0,0.000270197255304,0.0,0.0,0.9998337626457214,0.0,0.0001662752329139,0.0,0.0,0.999792218208313,0.0,0.0002078440447803,0.0,0.0,0.9997090697288512,0.0,0.0002909816685132,0.0,0.0,0.9997090697288512,0.0,0.0002909816685132,0.0,0.0,0.9997714161872864,0.0,0.0002286284434376,0.0,0.0,0.999854564666748,0.0,0.0001454908342566,0.0,0.0,0.9996467232704164,0.0,0.0003533348790369,0.0,0.0,0.9997298121452332,0.0,0.000270197255304,0.0,0.0,0.9996882677078248,0.0,0.0003117660526186,0.0,0.0,0.9998129606246948,0.0,0.0001870596315711,0.0,0.0,0.9997298121452332,0.0,0.000270197255304,0.0,0.0,0.999542772769928,0.0001454908342566,0.0003117660526186,0.0,0.0,0.999605119228363,8.313761645695195e-05,0.0003117660526186,0.0,0.0,0.999418079853058,0.0001870596315711,0.0003949036763515,0.0,0.0,0.999667465686798,8.313761645695195e-05,0.0002494128420948,0.0,0.0,0.9996882677078248,0.0001247064210474,0.0001870596315711,0.0,0.0,0.9997298121452332,4.156880822847597e-05,0.0002286284434376,0.0,0.0,0.9996882677078248,2.0784404114237987e-05,0.0002909816685132,0.0,0.0,0.9994596242904664,8.313761645695195e-05,0.0004572568868752,0.0,0.0,0.999542772769928,0.0001454908342566,0.0003117660526186,0.0,0.0,0.999667465686798,0.0001039220223901,0.0002286284434376,0.0,0.0,0.9995012283325196,0.0001454908342566,0.0003533348790369,0.0,0.0,0.9997506141662598,8.313761645695195e-05,0.0001662752329139,0.0,0.0,0.9994804263114928,0.0001662752329139,0.0003533348790369,0.0,0.0,0.999667465686798,6.235321052372456e-05,0.000270197255304,0.0,0.0,0.9994596242904664,0.0001247064210474,0.0004156880895607,0.0,0.0,0.9995843768119812,8.313761645695195e-05,0.0003325504658278,0.0,0.0,0.9994388818740844,0.0002286284434376,0.0003325504658278,0.0,0.0,0.999605119228363,8.313761645695195e-05,0.0003117660526186,0.0,0.0,0.9993764758110046,0.0002286284434376,0.0003949036763515,0.0,0.0,0.9995635747909546,0.0001039220223901,0.0003325504658278,0.0,0.0,0.999542772769928,0.0001247064210474,0.0003325504658278,0.0,0.0,0.999542772769928,0.0001247064210474,0.0003325504658278,0.0,0.0,0.9994804263114928,0.0001454908342566,0.0003741192631423,0.0,0.0,0.9996467232704164,2.0784404114237987e-05,0.0003325504658278,0.0,0.0,0.9995843768119812,8.313761645695195e-05,0.0003325504658278,0.0,0.0,0.9996259212493896,0.0001039220223901,0.000270197255304,0.0,0.0,0.999418079853058,0.0002494128420948,0.0003325504658278,0.0,0.0,0.9993349313735962,0.0002494128420948,0.0004156880895607,0.0,0.0,0.999605119228363,0.0001247064210474,0.000270197255304,0.0,0.0,0.9997506141662598,8.313761645695195e-05,0.0001662752329139039,0.0,0.0
2,0.9994596242904664,0.0,0.0005403945106081,0.0,0.0,0.9997298121452332,0.0,0.000270197255304,0.0,0.0,0.9997090697288512,0.0,0.0002909816685132,0.0,0.0,0.9997506141662598,0.0,0.0002494128420948,0.0,0.0,0.9996882677078248,0.0,0.0003117660526186,0.0,0.0,0.9997506141662598,0.0,0.0002494128420948,0.0,0.0,0.9997714161872864,0.0,0.0002286284434376,0.0,0.0,0.9997298121452332,0.0,0.000270197255304,0.0,0.0,0.9997714161872864,0.0,0.0002286284434376,0.0,0.0,0.9998337626457214,0.0,0.0001662752329139,0.0,0.0,0.999792218208313,0.0,0.0002078440447803,0.0,0.0,0.9997714161872864,0.0,0.0002286284434376,0.0,0.0,0.9997714161872864,0.0,0.0002286284434376,0.0,0.0,0.9997506141662598,0.0,0.0002494128420948,0.0,0.0,0.9998129606246948,0.0,0.0001870596315711,0.0,0.0,0.9997506141662598,0.0,0.0002494128420948,0.0,0.0,0.9997714161872864,0.0,0.0002286284434376,0.0,0.0,0.9997298121452332,0.0,0.000270197255304,0.0,0.0,0.9997298121452332,0.0,0.000270197255304,0.0,0.0,0.9998337626457214,0.0,0.0001662752329139,0.0,0.0,0.999792218208313,0.0,0.0002078440447803,0.0,0.0,0.9997090697288512,0.0,0.0002909816685132,0.0,0.0,0.9997090697288512,0.0,0.0002909816685132,0.0,0.0,0.9997714161872864,0.0,0.0002286284434376,0.0,0.0,0.999854564666748,0.0,0.0001454908342566,0.0,0.0,0.9996467232704164,0.0,0.0003533348790369,0.0,0.0,0.9997298121452332,0.0,0.000270197255304,0.0,0.0,0.9996882677078248,0.0,0.0003117660526186,0.0,0.0,0.9998129606246948,0.0,0.0001870596315711,0.0,0.0,0.9997298121452332,0.0,0.000270197255304,0.0,0.0,0.9994596242904664,0.0002286284434376,0.0003117660526186,0.0,0.0,0.9995012283325196,0.0001870596315711,0.0003117660526186,0.0,0.0,0.9992310404777528,0.0003741192631423,0.0003949036763515,0.0,0.0,0.999542772769928,0.0002078440447803,0.0002494128420948,0.0,0.0,0.9995219707489014,0.0002909816685132,0.0001870596315711,0.0,0.0,0.9996467232704164,0.0001247064210474,0.0002286284434376,0.0,0.0,0.9995012283325196,0.0002078440447803,0.0002909816685132,0.0,0.0,0.9992310404777528,0.0003117660526186,0.0004572568868752,0.0,0.0,0.9993349313735962,0.0003533348790369,0.0003117660526186,0.0,0.0,0.9995635747909546,0.0002078440447803,0.0002286284434376,0.0,0.0,0.9993349313735962,0.0003117660526186,0.0003533348790369,0.0,0.0,0.9996882677078248,0.0001454908342566,0.0001662752329139,0.0,0.0,0.9993764758110046,0.000270197255304,0.0003533348790369,0.0,0.0,0.999542772769928,0.0001870596315711,0.000270197255304,0.0,0.0,0.9992725849151612,0.0003117660526186,0.0004156880895607,0.0,0.0,0.9994388818740844,0.0002286284434376,0.0003325504658278,0.0,0.0,0.9992725849151612,0.0003949036763515,0.0003325504658278,0.0,0.0,0.9994388818740844,0.0002494128420948,0.0003117660526186,0.0,0.0,0.9992725849151612,0.0003325504658278,0.0003949036763515,0.0,0.0,0.9993972778320312,0.000270197255304,0.0003325504658278,0.0,0.0,0.9993557333946228,0.0003117660526186,0.0003325504658278,0.0,0.0,0.9993764758110046,0.0002909816685132,0.0003325504658278,0.0,0.0,0.9992933869361876,0.0003325504658278,0.0003741192631423,0.0,0.0,0.999418079853058,0.0002494128420948,0.0003325504658278,0.0,0.0,0.9994388818740844,0.0002286284434376,0.0003325504658278,0.0,0.0,0.999418079853058,0.0003117660526186,0.000270197255304,0.0,0.0,0.9992310404777528,0.000436472473666,0.0003325504658278,0.0,0.0,0.999210238456726,0.0003741192631423,0.0004156880895607,0.0,0.0,0.9995012283325196,0.0002286284434376,0.000270197255304,0.0,0.0,0.9996674656867981,0.0001662752329139039,0.0001662752329139039,0.0,0.0
3,0.9994596242904664,0.0,0.0005403945106081,0.0,0.0,0.9997298121452332,0.0,0.000270197255304,0.0,0.0,0.9997090697288512,0.0,0.0002909816685132,0.0,0.0,0.9997506141662598,0.0,0.0002494128420948,0.0,0.0,0.9996882677078248,0.0,0.0003117660526186,0.0,0.0,0.9997506141662598,0.0,0.0002494128420948,0.0,0.0,0.9997714161872864,0.0,0.0002286284434376,0.0,0.0,0.9997298121452332,0.0,0.000270197255304,0.0,0.0,0.9997714161872864,0.0,0.0002286284434376,0.0,0.0,0.9998337626457214,0.0,0.0001662752329139,0.0,0.0,0.999792218208313,0.0,0.0002078440447803,0.0,0.0,0.9997714161872864,0.0,0.0002286284434376,0.0,0.0,0.9997714161872864,0.0,0.0002286284434376,0.0,0.0,0.9997506141662598,0.0,0.0002494128420948,0.0,0.0,0.9998129606246948,0.0,0.0001870596315711,0.0,0.0,0.9997506141662598,0.0,0.0002494128420948,0.0,0.0,0.9997714161872864,0.0,0.0002286284434376,0.0,0.0,0.9997298121452332,0.0,0.000270197255304,0.0,0.0,0.9997298121452332,0.0,0.000270197255304,0.0,0.0,0.9998337626457214,0.0,0.0001662752329139,0.0,0.0,0.999792218208313,0.0,0.0002078440447803,0.0,0.0,0.9997090697288512,0.0,0.0002909816685132,0.0,0.0,0.9997090697288512,0.0,0.0002909816685132,0.0,0.0,0.9997714161872864,0.0,0.0002286284434376,0.0,0.0,0.999854564666748,0.0,0.0001454908342566,0.0,0.0,0.9996467232704164,0.0,0.0003533348790369,0.0,0.0,0.9997298121452332,0.0,0.000270197255304,0.0,0.0,0.9996882677078248,0.0,0.0003117660526186,0.0,0.0,0.9998129606246948,0.0,0.0001870596315711,0.0,0.0,0.9997298121452332,0.0,0.000270197255304,0.0,0.0,0.9993141293525696,0.0003741192631423,0.0003117660526186,0.0,0.0,0.9992517828941344,0.000436472473666,0.0003117660526186,0.0,0.0,0.9991062879562378,0.0004988256841897,0.0003949036763515,0.0,0.0,0.999418079853058,0.0003325504658278,0.0002494128420948,0.0,0.0,0.9994804263114928,0.0003325504658278,0.0001870596315711,0.0,0.0,0.9995219707489014,0.0002494128420948,0.0002286284434376,0.0,0.0,0.9993764758110046,0.0003325504658278,0.0002909816685132,0.0,0.0,0.9989400506019592,0.0006027477211318,0.0004572568868752,0.0,0.0,0.9992310404777528,0.0004572568868752,0.0003117660526186,0.0,0.0,0.9994388818740844,0.0003325504658278,0.0002286284434376,0.0,0.0,0.9991894364356996,0.0004572568868752,0.0003533348790369,0.0,0.0,0.9995219707489014,0.0003117660526186,0.0001662752329139,0.0,0.0,0.9993141293525696,0.0003325504658278,0.0003533348790369,0.0,0.0,0.9992725849151612,0.0004572568868752,0.000270197255304,0.0,0.0,0.999023139476776,0.0005611788947135,0.0004156880895607,0.0,0.0,0.9993557333946228,0.0003117660526186,0.0003325504658278,0.0,0.0,0.9991894364356996,0.0004780413000844,0.0003325504658278,0.0,0.0,0.999418079853058,0.000270197255304,0.0003117660526186,0.0,0.0,0.9989815950393676,0.0006235321052372,0.0003949036763515,0.0,0.0,0.9991894364356996,0.0004780413000844,0.0003325504658278,0.0,0.0,0.999147891998291,0.0005196101265028,0.0003325504658278,0.0,0.0,0.9991062879562378,0.0005611788947135,0.0003325504658278,0.0,0.0,0.9991062879562378,0.0005196101265028,0.0003741192631423,0.0,0.0,0.9992725849151612,0.0003949036763515,0.0003325504658278,0.0,0.0,0.9992310404777528,0.000436472473666,0.0003325504658278,0.0,0.0,0.9992933869361876,0.000436472473666,0.000270197255304,0.0,0.0,0.9991686344146729,0.0004988256841897,0.0003325504658278,0.0,0.0,0.9990439414978028,0.0005403945106081,0.0004156880895607,0.0,0.0,0.9993141293525696,0.0004156880895607,0.000270197255304,0.0,0.0,0.9995012283325195,0.0003325504658278078,0.0001662752329139039,0.0,0.0
4,0.9994596242904664,0.0,0.0005403945106081,0.0,0.0,0.9997298121452332,0.0,0.000270197255304,0.0,0.0,0.9997090697288512,0.0,0.0002909816685132,0.0,0.0,0.9997506141662598,0.0,0.0002494128420948,0.0,0.0,0.9996882677078248,0.0,0.0003117660526186,0.0,0.0,0.9997506141662598,0.0,0.0002494128420948,0.0,0.0,0.9997714161872864,0.0,0.0002286284434376,0.0,0.0,0.9997298121452332,0.0,0.000270197255304,0.0,0.0,0.9997714161872864,0.0,0.0002286284434376,0.0,0.0,0.9998337626457214,0.0,0.0001662752329139,0.0,0.0,0.999792218208313,0.0,0.0002078440447803,0.0,0.0,0.9997714161872864,0.0,0.0002286284434376,0.0,0.0,0.9997714161872864,0.0,0.0002286284434376,0.0,0.0,0.9997506141662598,0.0,0.0002494128420948,0.0,0.0,0.9998129606246948,0.0,0.0001870596315711,0.0,0.0,0.9997506141662598,0.0,0.0002494128420948,0.0,0.0,0.9997714161872864,0.0,0.0002286284434376,0.0,0.0,0.9997298121452332,0.0,0.000270197255304,0.0,0.0,0.9997298121452332,0.0,0.000270197255304,0.0,0.0,0.9998337626457214,0.0,0.0001662752329139,0.0,0.0,0.999792218208313,0.0,0.0002078440447803,0.0,0.0,0.9997090697288512,0.0,0.0002909816685132,0.0,0.0,0.9997090697288512,0.0,0.0002909816685132,0.0,0.0,0.9997714161872864,0.0,0.0002286284434376,0.0,0.0,0.999854564666748,0.0,0.0001454908342566,0.0,0.0,0.9996467232704164,0.0,0.0003533348790369,0.0,0.0,0.9997298121452332,0.0,0.000270197255304,0.0,0.0,0.9996882677078248,0.0,0.0003117660526186,0.0,0.0,0.9998129606246948,0.0,0.0001870596315711,0.0,0.0,0.9997298121452332,0.0,0.000270197255304,0.0,0.0,0.9991270899772644,0.0005403945106081,0.0003325504658278,0.0,0.0,0.999147891998291,0.0004988256841897,0.0003533348790369,0.0,0.0,0.9990023970603944,0.0005819633370265,0.0004156880895607,0.0,0.0,0.9991686344146729,0.0005403945106081,0.0002909816685132,0.0,0.0,0.9993141293525696,0.0004572568868752,0.0002286284434376,0.0,0.0,0.999418079853058,0.0003325504658278,0.0002494128420948,0.0,0.0,0.9992933869361876,0.0004156880895607,0.0002909816685132,0.0,0.0,0.9987322092056274,0.0008105917368084,0.0004572568868752,0.0,0.0,0.9989607930183412,0.0007274541421793,0.0003117660526186,0.0,0.0,0.9993557333946228,0.0003949036763515,0.0002494128420948,0.0,0.0,0.9990439414978028,0.0005403945106081,0.0004156880895607,0.0,0.0,0.9994388818740844,0.0003741192631423,0.0001870596315711,0.0,0.0,0.9990647435188292,0.0005611788947135,0.0003741192631423,0.0,0.0,0.9991894364356996,0.0005403945106081,0.000270197255304,0.0,0.0,0.9988777041435242,0.0006858853157609,0.000436472473666,0.0,0.0,0.9992517828941344,0.0003949036763515,0.0003533348790369,0.0,0.0,0.9989815950393676,0.0006027477211318,0.0004156880895607,0.0,0.0,0.9993349313735962,0.0003325504658278,0.0003325504658278,0.0,0.0,0.9985451102256776,0.0009976513683795,0.0004572568868752,0.0,0.0,0.9990439414978028,0.0005819633370265,0.0003741192631423,0.0,0.0,0.999023139476776,0.0006027477211318,0.0003741192631423,0.0,0.0,0.9989815950393676,0.0006235321052372,0.0003949036763515,0.0,0.0,0.999023139476776,0.0005611788947135,0.0004156880895607,0.0,0.0,0.9991270899772644,0.0005403945106081,0.0003325504658278,0.0,0.0,0.9991270899772644,0.0005196101265028,0.0003533348790369,0.0,0.0,0.999085545539856,0.0006027477211318,0.0003117660526186,0.0,0.0,0.9989607930183412,0.0006858853157609,0.0003533348790369,0.0,0.0,0.998836100101471,0.0006651009316556,0.0004988256841897,0.0,0.0,0.9992933869361876,0.0004156880895607,0.0002909816685132,0.0,0.0,0.9994180798530579,0.00039490367635153234,0.00018705963157117367,0.0,0.0
5,0.9994596242904664,0.0,0.0,0.0005403945106081,0.0,0.9997298121452332,0.0,0.0,0.000270197255304,0.0,0.9997090697288512,0.0,0.0,0.0002909816685132,0.0,0.9997506141662598,0.0,0.0,0.0002494128420948,0.0,0.9996882677078248,0.0,0.0,0.0003117660526186,0.0,0.9997506141662598,0.0,0.0,0.0002494128420948,0.0,0.9997714161872864,0.0,0.0,0.0002286284434376,0.0,0.9997298121452332,0.0,0.0,0.000270197255304,0.0,0.9997714161872864,0.0,0.0,0.0002286284434376,0.0,0.9998337626457214,0.0,0.0,0.0001662752329139,0.0,0.999792218208313,0.0,0.0,0.0002078440447803,0.0,0.9997714161872864,0.0,0.0,0.0002286284434376,0.0,0.9997714161872864,0.0,0.0,0.0002286284434376,0.0,0.9997506141662598,0.0,0.0,0.0002494128420948,0.0,0.9998129606246948,0.0,0.0,0.0001870596315711,0.0,0.9997506141662598,0.0,0.0,0.0002494128420948,0.0,0.9997714161872864,0.0,0.0,0.0002286284434376,0.0,0.9997298121452332,0.0,0.0,0.000270197255304,0.0,0.9997298121452332,0.0,0.0,0.000270197255304,0.0,0.9998337626457214,0.0,0.0,0.0001662752329139,0.0,0.999792218208313,0.0,0.0,0.0002078440447803,0.0,0.9997090697288512,0.0,0.0,0.0002909816685132,0.0,0.9997090697288512,0.0,0.0,0.0002909816685132,0.0,0.9997714161872864,0.0,0.0,0.0002286284434376,0.0,0.999854564666748,0.0,0.0,0.0001454908342566,0.0,0.9996467232704164,0.0,0.0,0.0003533348790369,0.0,0.9997298121452332,0.0,0.0,0.000270197255304,0.0,0.9996882677078248,0.0,0.0,0.0003117660526186,0.0,0.9998129606246948,0.0,0.0,0.0001870596315711,0.0,0.9997298121452332,0.0,0.0,0.000270197255304,0.0,0.999023139476776,0.0005196101265028,0.0001454908342566,0.0003117660526186,0.0,0.999023139476776,0.0005819633370265,8.313761645695195e-05,0.0003117660526186,0.0,0.9988152980804444,0.0006027477211318,0.0001870596315711,0.0003949036763515,0.0,0.9991062879562378,0.0005611788947135,8.313761645695195e-05,0.0002494128420948,0.0,0.999210238456726,0.0004780413000844,0.0001247064210474,0.0001870596315711,0.0,0.9993349313735962,0.0003949036763515,4.156880822847597e-05,0.0002286284434376,0.0,0.9992310404777528,0.0004572568868752,2.0784404114237987e-05,0.0002909816685132,0.0,0.9985867142677308,0.0008729449473321,8.313761645695195e-05,0.0004572568868752,0.0,0.9989192485809326,0.0006235321052372,0.0001454908342566,0.0003117660526186,0.0,0.9992725849151612,0.0003949036763515,0.0001039220223901,0.0002286284434376,0.0,0.9988569021224976,0.0006443165475502,0.0001454908342566,0.0003533348790369,0.0,0.9993972778320312,0.0003533348790369,8.313761645695195e-05,0.0001662752329139,0.0,0.998898446559906,0.0005819633370265,0.0001662752329139,0.0003533348790369,0.0,0.9990023970603944,0.0006651009316556,6.235321052372456e-05,0.000270197255304,0.0,0.998836100101471,0.0006235321052372,0.0001247064210474,0.0004156880895607,0.0,0.9991686344146729,0.0004156880895607,8.313761645695195e-05,0.0003325504658278,0.0,0.9988569021224976,0.0005819633370265,0.0002286284434376,0.0003325504658278,0.0,0.9992517828941344,0.0003533348790369,8.313761645695195e-05,0.0003117660526186,0.0,0.9984204173088074,0.0009560826001688,0.0002286284434376,0.0003949036763515,0.0,0.9989400506019592,0.0006235321052372,0.0001039220223901,0.0003325504658278,0.0,0.998898446559906,0.0006443165475502,0.0001247064210474,0.0003325504658278,0.0,0.9987322092056274,0.0008105917368084,0.0001247064210474,0.0003325504658278,0.0,0.9988569021224976,0.0006235321052372,0.0001454908342566,0.0003741192631423,0.0,0.9990439414978028,0.0006027477211318,2.0784404114237987e-05,0.0003325504658278,0.0,0.9990023970603944,0.0005819633370265,8.313761645695195e-05,0.0003325504658278,0.0,0.9988152980804444,0.0008105917368084,0.0001039220223901,0.000270197255304,0.0,0.9987114071846008,0.0007066697580739,0.0002494128420948,0.0003325504658278,0.0,0.9987529516220092,0.0005819633370265,0.0002494128420948,0.0004156880895607,0.0,0.9991686344146729,0.000436472473666,0.0001247064210474,0.000270197255304,0.0,0.9993141293525696,0.0004364724736660719,8.313761645695195e-05,0.0001662752329139039,0.0
6,0.9994596242904664,0.0,0.0,0.0005403945106081,0.0,0.9997298121452332,0.0,0.0,0.000270197255304,0.0,0.9997090697288512,0.0,0.0,0.0002909816685132,0.0,0.9997506141662598,0.0,0.0,0.0002494128420948,0.0,0.9996882677078248,0.0,0.0,0.0003117660526186,0.0,0.9997506141662598,0.0,0.0,0.0002494128420948,0.0,0.9997714161872864,0.0,0.0,0.0002286284434376,0.0,0.9997298121452332,0.0,0.0,0.000270197255304,0.0,0.9997714161872864,0.0,0.0,0.0002286284434376,0.0,0.9998337626457214,0.0,0.0,0.0001662752329139,0.0,0.999792218208313,0.0,0.0,0.0002078440447803,0.0,0.9997714161872864,0.0,0.0,0.0002286284434376,0.0,0.9997714161872864,0.0,0.0,0.0002286284434376,0.0,0.9997506141662598,0.0,0.0,0.0002494128420948,0.0,0.9998129606246948,0.0,0.0,0.0001870596315711,0.0,0.9997506141662598,0.0,0.0,0.0002494128420948,0.0,0.9997714161872864,0.0,0.0,0.0002286284434376,0.0,0.9997298121452332,0.0,0.0,0.000270197255304,0.0,0.9997298121452332,0.0,0.0,0.000270197255304,0.0,0.9998337626457214,0.0,0.0,0.0001662752329139,0.0,0.999792218208313,0.0,0.0,0.0002078440447803,0.0,0.9997090697288512,0.0,0.0,0.0002909816685132,0.0,0.9997090697288512,0.0,0.0,0.0002909816685132,0.0,0.9997714161872864,0.0,0.0,0.0002286284434376,0.0,0.999854564666748,0.0,0.0,0.0001454908342566,0.0,0.9996467232704164,0.0,0.0,0.0003533348790369,0.0,0.9997298121452332,0.0,0.0,0.000270197255304,0.0,0.9996882677078248,0.0,0.0,0.0003117660526186,0.0,0.9998129606246948,0.0,0.0,0.0001870596315711,0.0,0.9997298121452332,0.0,0.0,0.000270197255304,0.0,0.999023139476776,0.000436472473666,0.0002286284434376,0.0003117660526186,0.0,0.9989815950393676,0.0005196101265028,0.0001870596315711,0.0003117660526186,0.0,0.998773753643036,0.0004572568868752,0.0003741192631423,0.0003949036763515,0.0,0.9991062879562378,0.000436472473666,0.0002078440447803,0.0002494128420948,0.0,0.9991686344146729,0.0003533348790369,0.0002909816685132,0.0001870596315711,0.0,0.9992933869361876,0.0003533348790369,0.0001247064210474,0.0002286284434376,0.0,0.999210238456726,0.0002909816685132,0.0002078440447803,0.0002909816685132,0.0,0.9984204173088074,0.0008105917368084,0.0003117660526186,0.0004572568868752,0.0,0.9988569021224976,0.0004780413000844,0.0003533348790369,0.0003117660526186,0.0,0.9991686344146729,0.0003949036763515,0.0002078440447803,0.0002286284434376,0.0,0.9987114071846008,0.0006235321052372,0.0003117660526186,0.0003533348790369,0.0,0.9992310404777528,0.0004572568868752,0.0001454908342566,0.0001662752329139,0.0,0.9987529516220092,0.0006235321052372,0.000270197255304,0.0003533348790369,0.0,0.9989400506019592,0.0006027477211318,0.0001870596315711,0.000270197255304,0.0,0.998773753643036,0.0004988256841897,0.0003117660526186,0.0004156880895607,0.0,0.9990439414978028,0.0003949036763515,0.0002286284434376,0.0003325504658278,0.0,0.9986490607261658,0.0006235321052372,0.0003949036763515,0.0003325504658278,0.0,0.999147891998291,0.0002909816685132,0.0002494128420948,0.0003117660526186,0.0,0.9983996152877808,0.0008729449473321,0.0003325504658278,0.0003949036763515,0.0,0.9988777041435242,0.0005196101265028,0.000270197255304,0.0003325504658278,0.0,0.9987945556640624,0.0005611788947135,0.0003117660526186,0.0003325504658278,0.0,0.9986074566841124,0.0007690229685977,0.0002909816685132,0.0003325504658278,0.0,0.9986282587051392,0.0006651009316556,0.0003325504658278,0.0003741192631423,0.0,0.9989815950393676,0.000436472473666,0.0002494128420948,0.0003325504658278,0.0,0.9989192485809326,0.0005196101265028,0.0002286284434376,0.0003325504658278,0.0,0.9987322092056274,0.0006858853157609,0.0003117660526186,0.000270197255304,0.0,0.9985243678092957,0.0007066697580739,0.000436472473666,0.0003325504658278,0.0,0.9986074566841124,0.0006027477211318,0.0003741192631423,0.0004156880895607,0.0,0.999147891998291,0.0003533348790369,0.0002286284434376,0.000270197255304,0.0,0.9992725849151611,0.00039490367635153234,0.0001662752329139039,0.0001662752329139039,0.0
7,0.9994596242904664,0.0,0.0,0.0005403945106081,0.0,0.9997298121452332,0.0,0.0,0.000270197255304,0.0,0.9997090697288512,0.0,0.0,0.0002909816685132,0.0,0.9997506141662598,0.0,0.0,0.0002494128420948,0.0,0.9996882677078248,0.0,0.0,0.0003117660526186,0.0,0.9997506141662598,0.0,0.0,0.0002494128420948,0.0,0.9997714161872864,0.0,0.0,0.0002286284434376,0.0,0.9997298121452332,0.0,0.0,0.000270197255304,0.0,0.9997714161872864,0.0,0.0,0.0002286284434376,0.0,0.9998337626457214,0.0,0.0,0.0001662752329139,0.0,0.999792218208313,0.0,0.0,0.0002078440447803,0.0,0.9997714161872864,0.0,0.0,0.0002286284434376,0.0,0.9997714161872864,0.0,0.0,0.0002286284434376,0.0,0.9997506141662598,0.0,0.0,0.0002494128420948,0.0,0.9998129606246948,0.0,0.0,0.0001870596315711,0.0,0.9997506141662598,0.0,0.0,0.0002494128420948,0.0,0.9997714161872864,0.0,0.0,0.0002286284434376,0.0,0.9997298121452332,0.0,0.0,0.000270197255304,0.0,0.9997298121452332,0.0,0.0,0.000270197255304,0.0,0.9998337626457214,0.0,0.0,0.0001662752329139,0.0,0.999792218208313,0.0,0.0,0.0002078440447803,0.0,0.9997090697288512,0.0,0.0,0.0002909816685132,0.0,0.9997090697288512,0.0,0.0,0.0002909816685132,0.0,0.9997714161872864,0.0,0.0,0.0002286284434376,0.0,0.999854564666748,0.0,0.0,0.0001454908342566,0.0,0.9996467232704164,0.0,0.0,0.0003533348790369,0.0,0.9997298121452332,0.0,0.0,0.000270197255304,0.0,0.9996882677078248,0.0,0.0,0.0003117660526186,0.0,0.9998129606246948,0.0,0.0,0.0001870596315711,0.0,0.9997298121452332,0.0,0.0,0.000270197255304,0.0,0.9989815950393676,0.0003325504658278,0.0003741192631423,0.0003117660526186,0.0,0.9988777041435242,0.0003741192631423,0.000436472473666,0.0003117660526186,0.0,0.9986282587051392,0.0004780413000844,0.0004988256841897,0.0003949036763515,0.0,0.999023139476776,0.0003949036763515,0.0003325504658278,0.0002494128420948,0.0,0.9989815950393676,0.0004988256841897,0.0003325504658278,0.0001870596315711,0.0,0.9992310404777528,0.0002909816685132,0.0002494128420948,0.0002286284434376,0.0,0.9991270899772644,0.0002494128420948,0.0003325504658278,0.0002909816685132,0.0,0.9980670809745787,0.0008729449473321,0.0006027477211318,0.0004572568868752,0.0,0.9986282587051392,0.0006027477211318,0.0004572568868752,0.0003117660526186,0.0,0.9991062879562378,0.0003325504658278,0.0003325504658278,0.0002286284434376,0.0,0.9986282587051392,0.0005611788947135,0.0004572568868752,0.0003533348790369,0.0,0.9991270899772644,0.0003949036763515,0.0003117660526186,0.0001662752329139,0.0,0.9986282587051392,0.0006858853157609,0.0003325504658278,0.0003533348790369,0.0,0.9987945556640624,0.0004780413000844,0.0004572568868752,0.000270197255304,0.0,0.9984619617462158,0.0005611788947135,0.0005611788947135,0.0004156880895607,0.0,0.9990023970603944,0.0003533348790369,0.0003117660526186,0.0003325504658278,0.0,0.9983788728713988,0.0008105917368084,0.0004780413000844,0.0003325504658278,0.0,0.9990023970603944,0.0004156880895607,0.000270197255304,0.0003117660526186,0.0,0.9981502294540404,0.0008313761791214,0.0006235321052372,0.0003949036763515,0.0,0.9987114071846008,0.0004780413000844,0.0004780413000844,0.0003325504658278,0.0,0.9985867142677308,0.0005611788947135,0.0005196101265028,0.0003325504658278,0.0,0.9983580708503724,0.0007482385262846,0.0005611788947135,0.0003325504658278,0.0,0.998441219329834,0.0006651009316556,0.0005196101265028,0.0003741192631423,0.0,0.9988777041435242,0.0003949036763515,0.0003949036763515,0.0003325504658278,0.0,0.998836100101471,0.0003949036763515,0.000436472473666,0.0003325504658278,0.0,0.9985451102256776,0.0007482385262846,0.000436472473666,0.000270197255304,0.0,0.998191773891449,0.0009768670424818,0.0004988256841897,0.0003325504658278,0.0,0.9984204173088074,0.0006235321052372,0.0005403945106081,0.0004156880895607,0.0,0.9989607930183412,0.0003533348790369,0.0004156880895607,0.000270197255304,0.0,0.9991894364356995,0.0003117660526186228,0.0003325504658278078,0.0001662752329139039,0.0
8,0.9994596242904664,0.0,0.0,0.0005403945106081,0.0,0.9997298121452332,0.0,0.0,0.000270197255304,0.0,0.9997090697288512,0.0,0.0,0.0002909816685132,0.0,0.9997506141662598,0.0,0.0,0.0002494128420948,0.0,0.9996882677078248,0.0,0.0,0.0003117660526186,0.0,0.9997506141662598,0.0,0.0,0.0002494128420948,0.0,0.9997714161872864,0.0,0.0,0.0002286284434376,0.0,0.9997298121452332,0.0,0.0,0.000270197255304,0.0,0.9997714161872864,0.0,0.0,0.0002286284434376,0.0,0.9998337626457214,0.0,0.0,0.0001662752329139,0.0,0.999792218208313,0.0,0.0,0.0002078440447803,0.0,0.9997714161872864,0.0,0.0,0.0002286284434376,0.0,0.9997714161872864,0.0,0.0,0.0002286284434376,0.0,0.9997506141662598,0.0,0.0,0.0002494128420948,0.0,0.9998129606246948,0.0,0.0,0.0001870596315711,0.0,0.9997506141662598,0.0,0.0,0.0002494128420948,0.0,0.9997714161872864,0.0,0.0,0.0002286284434376,0.0,0.9997298121452332,0.0,0.0,0.000270197255304,0.0,0.9997298121452332,0.0,0.0,0.000270197255304,0.0,0.9998337626457214,0.0,0.0,0.0001662752329139,0.0,0.999792218208313,0.0,0.0,0.0002078440447803,0.0,0.9997090697288512,0.0,0.0,0.0002909816685132,0.0,0.9997090697288512,0.0,0.0,0.0002909816685132,0.0,0.9997714161872864,0.0,0.0,0.0002286284434376,0.0,0.999854564666748,0.0,0.0,0.0001454908342566,0.0,0.9996467232704164,0.0,0.0,0.0003533348790369,0.0,0.9997298121452332,0.0,0.0,0.000270197255304,0.0,0.9996882677078248,0.0,0.0,0.0003117660526186,0.0,0.9998129606246948,0.0,0.0,0.0001870596315711,0.0,0.9997298121452332,0.0,0.0,0.000270197255304,0.0,0.9988777041435242,0.0002494128420948,0.0005611788947135,0.0003117660526186,0.0,0.9986490607261658,0.0004988256841897,0.0005403945106081,0.0003117660526186,0.0,0.9982749223709106,0.0007274541421793,0.0006027477211318,0.0003949036763515,0.0,0.9987945556640624,0.0003741192631423,0.0005819633370265,0.0002494128420948,0.0,0.998565912246704,0.0007482385262846,0.0004988256841897,0.0001870596315711,0.0,0.999023139476776,0.0003949036763515,0.0003533348790369,0.0002286284434376,0.0,0.9990023970603944,0.0002909816685132,0.0004156880895607,0.0002909816685132,0.0,0.997672200202942,0.0010600045789033,0.0008105917368084,0.0004572568868752,0.0,0.9983996152877808,0.0005611788947135,0.0007274541421793,0.0003117660526186,0.0,0.9989192485809326,0.000436472473666,0.0004156880895607,0.0002286284434376,0.0,0.9983788728713988,0.0006651009316556,0.0006027477211318,0.0003533348790369,0.0,0.9988777041435242,0.0005611788947135,0.0003949036763515,0.0001662752329139,0.0,0.998441219329834,0.0006235321052372,0.0005819633370265,0.0003533348790369,0.0,0.9985867142677308,0.0006027477211318,0.0005403945106081,0.000270197255304,0.0,0.998191773891449,0.0006858853157609,0.0007066697580739,0.0004156880895607,0.0,0.9988152980804444,0.000436472473666,0.0004156880895607,0.0003325504658278,0.0,0.998191773891449,0.000789807352703,0.0006858853157609,0.0003325504658278,0.0,0.998836100101471,0.0004988256841897,0.0003533348790369,0.0003117660526186,0.0,0.9977760910987854,0.0007690229685977,0.0010600045789033,0.0003949036763515,0.0,0.9983580708503724,0.0006858853157609,0.0006235321052372,0.0003325504658278,0.0,0.9983580708503724,0.0006651009316556,0.0006443165475502,0.0003325504658278,0.0,0.9979631900787354,0.0010184358106926,0.0006858853157609,0.0003325504658278,0.0,0.9981710314750672,0.0008521605632267,0.0006027477211318,0.0003741192631423,0.0,0.9987114071846008,0.0004156880895607,0.0005403945106081,0.0003325504658278,0.0,0.9985451102256776,0.0005819633370265,0.0005403945106081,0.0003325504658278,0.0,0.998254120349884,0.0008313761791214,0.0006443165475502,0.000270197255304,0.0,0.9976929426193236,0.0012678486527875,0.0007066697580739,0.0003325504658278,0.0,0.9979631900787354,0.0008729449473321,0.0007482385262846,0.0004156880895607,0.0,0.998836100101471,0.0004572568868752,0.000436472473666,0.000270197255304,0.0,0.9990439414978027,0.00037411926314234734,0.00041568808956071734,0.0001662752329139039,0.0
9,0.9994596242904664,0.0,0.0,0.0005403945106081,0.0,0.9997298121452332,0.0,0.0,0.000270197255304,0.0,0.9997090697288512,0.0,0.0,0.0002909816685132,0.0,0.9997506141662598,0.0,0.0,0.0002494128420948,0.0,0.9996882677078248,0.0,0.0,0.0003117660526186,0.0,0.9997506141662598,0.0,0.0,0.0002494128420948,0.0,0.9997714161872864,0.0,0.0,0.0002286284434376,0.0,0.9997298121452332,0.0,0.0,0.000270197255304,0.0,0.9997714161872864,0.0,0.0,0.0002286284434376,0.0,0.9998337626457214,0.0,0.0,0.0001662752329139,0.0,0.999792218208313,0.0,0.0,0.0002078440447803,0.0,0.9997714161872864,0.0,0.0,0.0002286284434376,0.0,0.9997714161872864,0.0,0.0,0.0002286284434376,0.0,0.9997506141662598,0.0,0.0,0.0002494128420948,0.0,0.9998129606246948,0.0,0.0,0.0001870596315711,0.0,0.9997506141662598,0.0,0.0,0.0002494128420948,0.0,0.9997714161872864,0.0,0.0,0.0002286284434376,0.0,0.9997298121452332,0.0,0.0,0.000270197255304,0.0,0.9997298121452332,0.0,0.0,0.000270197255304,0.0,0.9998337626457214,0.0,0.0,0.0001662752329139,0.0,0.999792218208313,0.0,0.0,0.0002078440447803,0.0,0.9997090697288512,0.0,0.0,0.0002909816685132,0.0,0.9997090697288512,0.0,0.0,0.0002909816685132,0.0,0.9997714161872864,0.0,0.0,0.0002286284434376,0.0,0.999854564666748,0.0,0.0,0.0001454908342566,0.0,0.9996467232704164,0.0,0.0,0.0003533348790369,0.0,0.9997298121452332,0.0,0.0,0.000270197255304,0.0,0.9996882677078248,0.0,0.0,0.0003117660526186,0.0,0.9998129606246948,0.0,0.0,0.0001870596315711,0.0,0.9997298121452332,0.0,0.0,0.000270197255304,0.0,0.9986698627471924,0.0003533348790369,0.0006443165475502,0.0003325504658278,0.0,0.9983580708503724,0.0006651009316556,0.0006235321052372,0.0003533348790369,0.0,0.9979631900787354,0.0008521605632267,0.0007690229685977,0.0004156880895607,0.0,0.998565912246704,0.0005403945106081,0.0006027477211318,0.0002909816685132,0.0,0.9983580708503724,0.0008521605632267,0.0005611788947135,0.0002286284434376,0.0,0.9986906051635742,0.0006443165475502,0.0004156880895607,0.0002494128420948,0.0,0.9987322092056274,0.0004988256841897,0.0004780413000844,0.0002909816685132,0.0,0.9973188638687134,0.0012678486527875,0.0009560826001688,0.0004572568868752,0.0,0.9980255365371704,0.0008937293896451,0.0007690229685977,0.0003117660526186,0.0,0.998773753643036,0.0004988256841897,0.0004780413000844,0.0002494128420948,0.0,0.9982333779335022,0.0006235321052372,0.0007274541421793,0.0004156880895607,0.0,0.9988152980804444,0.0005819633370265,0.0004156880895607,0.0001870596315711,0.0,0.998129427433014,0.0007690229685977,0.0007274541421793,0.0003741192631423,0.0,0.9983788728713988,0.0006235321052372,0.0007274541421793,0.000270197255304,0.0,0.9977760910987854,0.0010600045789033,0.0007274541421793,0.000436472473666,0.0,0.9986074566841124,0.0005611788947135,0.0004780413000844,0.0003533348790369,0.0,0.9978176951408386,0.0010392202530056,0.0007274541421793,0.0004156880895607,0.0,0.9987114071846008,0.0005403945106081,0.0004156880895607,0.0003325504658278,0.0,0.9969655275344848,0.0014549082843586,0.001122357789427,0.0004572568868752,0.0,0.9978800415992736,0.0010600045789033,0.0006858853157609,0.0003741192631423,0.0,0.9980878829956056,0.0008105917368084,0.0007274541421793,0.0003741192631423,0.0,0.9974435567855836,0.0012886330951005,0.0008729449473321,0.0003949036763515,0.0,0.997921586036682,0.0009352981578558,0.0007274541421793,0.0004156880895607,0.0,0.998503565788269,0.0005403945106081,0.0006235321052372,0.0003325504658278,0.0,0.9984204173088074,0.0005819633370265,0.0006443165475502,0.0003533348790369,0.0,0.997921586036682,0.0008937293896451,0.0008729449473321,0.0003117660526186,0.0,0.9971110224723816,0.0016003991477191,0.0009352981578558,0.0003533348790369,0.0,0.9976513981819152,0.0011015734635293,0.0007482385262846,0.0004988256841897,0.0,0.9986282587051392,0.0005403945106081,0.0005403945106081,0.0002909816685132,0.0,0.9989192485809326,0.00039490367635153234,0.0004988256841897964,0.00018705963157117367,0.0
10,0.9994596242904664,0.0,0.0,0.0005403945106081,0.0,0.9997298121452332,0.0,0.0,0.000270197255304,0.0,0.9997090697288512,0.0,0.0,0.0002909816685132,0.0,0.9997506141662598,0.0,0.0,0.0002494128420948,0.0,0.9996882677078248,0.0,0.0,0.0003117660526186,0.0,0.9997506141662598,0.0,0.0,0.0002494128420948,0.0,0.9997714161872864,0.0,0.0,0.0002286284434376,0.0,0.9997298121452332,0.0,0.0,0.000270197255304,0.0,0.9997714161872864,0.0,0.0,0.0002286284434376,0.0,0.9998337626457214,0.0,0.0,0.0001662752329139,0.0,0.999792218208313,0.0,0.0,0.0002078440447803,0.0,0.9997714161872864,0.0,0.0,0.0002286284434376,0.0,0.9997714161872864,0.0,0.0,0.0002286284434376,0.0,0.9997506141662598,0.0,0.0,0.0002494128420948,0.0,0.9998129606246948,0.0,0.0,0.0001870596315711,0.0,0.9997506141662598,0.0,0.0,0.0002494128420948,0.0,0.9997714161872864,0.0,0.0,0.0002286284434376,0.0,0.9997298121452332,0.0,0.0,0.000270197255304,0.0,0.9997298121452332,0.0,0.0,0.000270197255304,0.0,0.9998337626457214,0.0,0.0,0.0001662752329139,0.0,0.999792218208313,0.0,0.0,0.0002078440447803,0.0,0.9997090697288512,0.0,0.0,0.0002909816685132,0.0,0.9997090697288512,0.0,0.0,0.0002909816685132,0.0,0.9997714161872864,0.0,0.0,0.0002286284434376,0.0,0.999854564666748,0.0,0.0,0.0001454908342566,0.0,0.9996467232704164,0.0,0.0,0.0003533348790369,0.0,0.9997298121452332,0.0,0.0,0.000270197255304,0.0,0.9996882677078248,0.0,0.0,0.0003117660526186,0.0,0.9998129606246948,0.0,0.0,0.0001870596315711,0.0,0.9997298121452332,0.0,0.0,0.000270197255304,0.0,0.9983788728713988,0.0006443165475502,0.0005196101265028,0.0004572568868752,0.0,0.9980462789535522,0.0009352981578558,0.0006235321052372,0.0003949036763515,0.0,0.9977553486824036,0.0010184358106926,0.0006443165475502,0.0005819633370265,0.0,0.9982749223709106,0.0008313761791214,0.0005611788947135,0.0003325504658278,0.0,0.9980255365371704,0.00114314223174,0.0005196101265028,0.0003117660526186,0.0,0.998441219329834,0.0008521605632267,0.000436472473666,0.000270197255304,0.0,0.9985451102256776,0.0006651009316556,0.0004780413000844,0.0003117660526186,0.0,0.9967784285545348,0.0016419679159298,0.0010392202530056,0.0005403945106081,0.0,0.9975682497024536,0.0012886330951005,0.0006858853157609,0.0004572568868752,0.0,0.9986698627471924,0.0004988256841897,0.0004988256841897,0.0003325504658278,0.0,0.9980047345161438,0.0007066697580739,0.000789807352703,0.0004988256841897,0.0,0.9984619617462158,0.0007690229685977,0.0005196101265028,0.0002494128420948,0.0,0.997796893119812,0.0009560826001688,0.0007274541421793,0.0005196101265028,0.0,0.9980878829956056,0.0008521605632267,0.0007274541421793,0.0003325504658278,0.0,0.99746435880661,0.0013094174209982,0.0006858853157609,0.0005403945106081,0.0,0.9985451102256776,0.0004988256841897,0.0005403945106081,0.0004156880895607,0.0,0.9975059032440186,0.00114314223174,0.000789807352703,0.0005611788947135,0.0,0.9985243678092957,0.0006235321052372,0.0004572568868752,0.0003949036763515,0.0,0.9964250922203064,0.0019745184108614,0.0009768670424818,0.0006235321052372,0.0,0.9976098537445068,0.0012678486527875,0.0006858853157609,0.000436472473666,0.0,0.9978384375572203,0.0009560826001688,0.0007482385262846,0.0004572568868752,0.0,0.9972772598266602,0.0013302018633112,0.0009352981578558,0.0004572568868752,0.0,0.9977760910987854,0.0008521605632267,0.0008521605632267,0.0005196101265028,0.0,0.998316526412964,0.0006651009316556,0.0006651009316556,0.0003533348790369,0.0,0.9981502294540404,0.0007690229685977,0.0006651009316556,0.0004156880895607,0.0,0.9976305961608888,0.0011015734635293,0.0008937293896451,0.0003741192631423,0.0,0.9967576861381532,0.0017666743369773,0.0008937293896451,0.0005819633370265,0.0,0.9970486760139464,0.0015588302630931,0.0007274541421793,0.0006651009316556,0.0,0.998441219329834,0.0007066697580739,0.0004572568868752,0.0003949036763515,0.0,0.9985243678092957,0.0007482385262846947,0.0004780413000844419,0.0002494128420948982,0.0
11,0.9994596242904664,0.0,0.0,0.0005403945106081,0.0,0.9997298121452332,0.0,0.0,0.000270197255304,0.0,0.9997090697288512,0.0,0.0,0.0002909816685132,0.0,0.9997506141662598,0.0,0.0,0.0002494128420948,0.0,0.9996882677078248,0.0,0.0,0.0003117660526186,0.0,0.9997506141662598,0.0,0.0,0.0002494128420948,0.0,0.9997714161872864,0.0,0.0,0.0002286284434376,0.0,0.9997298121452332,0.0,0.0,0.000270197255304,0.0,0.9997714161872864,0.0,0.0,0.0002286284434376,0.0,0.9998337626457214,0.0,0.0,0.0001662752329139,0.0,0.999792218208313,0.0,0.0,0.0002078440447803,0.0,0.9997714161872864,0.0,0.0,0.0002286284434376,0.0,0.9997714161872864,0.0,0.0,0.0002286284434376,0.0,0.9997506141662598,0.0,0.0,0.0002494128420948,0.0,0.9998129606246948,0.0,0.0,0.0001870596315711,0.0,0.9997506141662598,0.0,0.0,0.0002494128420948,0.0,0.9997714161872864,0.0,0.0,0.0002286284434376,0.0,0.9997298121452332,0.0,0.0,0.000270197255304,0.0,0.9997298121452332,0.0,0.0,0.000270197255304,0.0,0.9998337626457214,0.0,0.0,0.0001662752329139,0.0,0.999792218208313,0.0,0.0,0.0002078440447803,0.0,0.9997090697288512,0.0,0.0,0.0002909816685132,0.0,0.9997090697288512,0.0,0.0,0.0002909816685132,0.0,0.9997714161872864,0.0,0.0,0.0002286284434376,0.0,0.999854564666748,0.0,0.0,0.0001454908342566,0.0,0.9996467232704164,0.0,0.0,0.0003533348790369,0.0,0.9997298121452332,0.0,0.0,0.000270197255304,0.0,0.9996882677078248,0.0,0.0,0.0003117660526186,0.0,0.9998129606246948,0.0,0.0,0.0001870596315711,0.0,0.9997298121452332,0.0,0.0,0.000270197255304,0.0,0.998254120349884,0.0007274541421793,0.0004780413000844,0.0005403945106081,0.0,0.9975890517234802,0.0012886330951005,0.0006235321052372,0.0004988256841897,0.0,0.9976305961608888,0.0009976513683795,0.0006027477211318,0.0007690229685977,0.0,0.9980878829956056,0.0009352981578558,0.0005196101265028,0.0004572568868752,0.0,0.9978800415992736,0.0011015734635293,0.0005403945106081,0.0004780413000844,0.0,0.9980878829956056,0.00114314223174,0.0004156880895607,0.0003533348790369,0.0,0.9983372688293456,0.000789807352703,0.0003741192631423,0.0004988256841897,0.0,0.9963627457618712,0.0017043211264535,0.001163926674053,0.0007690229685977,0.0,0.9971941113471984,0.0014341238420456,0.0007066697580739,0.0006651009316556,0.0,0.9983996152877808,0.0007066697580739,0.0004572568868752,0.000436472473666,0.0,0.9975890517234802,0.0010392202530056,0.0007066697580739,0.0006651009316556,0.0,0.9982125759124756,0.0009145137737505,0.0005611788947135,0.0003117660526186,0.0,0.9973812103271484,0.0012470642104744,0.0007482385262846,0.0006235321052372,0.0,0.997796893119812,0.0009976513683795,0.0007482385262846,0.0004572568868752,0.0,0.99715256690979,0.0013094174209982,0.0008105917368084,0.0007274541421793,0.0,0.9983372688293456,0.0006651009316556,0.000436472473666,0.0005611788947135,0.0,0.9971733689308168,0.0012054954422637,0.0008937293896451,0.0007274541421793,0.0,0.998316526412964,0.0006858853157609,0.000436472473666,0.0005611788947135,0.0,0.9962172508239746,0.0019329495262354,0.001122357789427,0.0007274541421793,0.0,0.9973396062850952,0.0013717706315219,0.0006858853157609,0.0006027477211318,0.0,0.9975267052650452,0.0010600045789033,0.0007690229685977,0.0006443165475502,0.0,0.9967992305755616,0.0015588302630931,0.0010184358106926,0.0006235321052372,0.0,0.9973396062850952,0.0011015734635293,0.0008521605632267,0.0007066697580739,0.0,0.9981086254119872,0.0007690229685977,0.0005403945106081,0.0005819633370265,0.0,0.9977760910987854,0.0010600045789033,0.0006027477211318,0.0005611788947135,0.0,0.9968823790550232,0.0016627523582428,0.0008729449473321,0.0005819633370265,0.0,0.9962380528450012,0.0019537340849637,0.0010392202530056,0.0007690229685977,0.0,0.996695339679718,0.0017251055687665,0.000789807352703,0.000789807352703,0.0,0.9983580708503724,0.0006027477211318,0.0005403945106081,0.0004988256841897,0.0,0.9983580708503723,0.0008313761791214347,0.0004780413000844419,0.0003325504658278078,0.0
12,0.9994596242904664,0.0,0.0,0.0005403945106081,0.0,0.9997298121452332,0.0,0.0,0.000270197255304,0.0,0.9997090697288512,0.0,0.0,0.0002909816685132,0.0,0.9997506141662598,0.0,0.0,0.0002494128420948,0.0,0.9996882677078248,0.0,0.0,0.0003117660526186,0.0,0.9997506141662598,0.0,0.0,0.0002494128420948,0.0,0.9997714161872864,0.0,0.0,0.0002286284434376,0.0,0.9997298121452332,0.0,0.0,0.000270197255304,0.0,0.9997714161872864,0.0,0.0,0.0002286284434376,0.0,0.9998337626457214,0.0,0.0,0.0001662752329139,0.0,0.999792218208313,0.0,0.0,0.0002078440447803,0.0,0.9997714161872864,0.0,0.0,0.0002286284434376,0.0,0.9997714161872864,0.0,0.0,0.0002286284434376,0.0,0.9997506141662598,0.0,0.0,0.0002494128420948,0.0,0.9998129606246948,0.0,0.0,0.0001870596315711,0.0,0.9997506141662598,0.0,0.0,0.0002494128420948,0.0,0.9997714161872864,0.0,0.0,0.0002286284434376,0.0,0.9997298121452332,0.0,0.0,0.000270197255304,0.0,0.9997298121452332,0.0,0.0,0.000270197255304,0.0,0.9998337626457214,0.0,0.0,0.0001662752329139,0.0,0.999792218208313,0.0,0.0,0.0002078440447803,0.0,0.9997090697288512,0.0,0.0,0.0002909816685132,0.0,0.9997090697288512,0.0,0.0,0.0002909816685132,0.0,0.9997714161872864,0.0,0.0,0.0002286284434376,0.0,0.999854564666748,0.0,0.0,0.0001454908342566,0.0,0.9996467232704164,0.0,0.0,0.0003533348790369,0.0,0.9997298121452332,0.0,0.0,0.000270197255304,0.0,0.9996882677078248,0.0,0.0,0.0003117660526186,0.0,0.9998129606246948,0.0,0.0,0.0001870596315711,0.0,0.9997298121452332,0.0,0.0,0.000270197255304,0.0,0.998129427433014,0.0007482385262846,0.000436472473666,0.0006858853157609,0.0,0.9971941113471984,0.0014549082843586,0.0006027477211318,0.0007482385262846,0.0,0.9972772598266602,0.0009976513683795,0.0008313761791214,0.0008937293896451,0.0,0.997734546661377,0.0010600045789033,0.0006235321052372,0.0005819633370265,0.0,0.9974435567855836,0.001122357789427,0.0009145137737505,0.0005196101265028,0.0,0.9978176951408386,0.0012054954422637,0.0004988256841897,0.0004780413000844,0.0,0.9980462789535522,0.0009560826001688,0.0003741192631423,0.0006235321052372,0.0,0.9958431720733644,0.001829027547501,0.0012678486527875,0.0010600045789033,0.0,0.9965705871582032,0.001829027547501,0.0008313761791214,0.0007690229685977,0.0,0.9982333779335022,0.0006858853157609,0.0005196101265028,0.0005611788947135,0.0,0.9971317648887634,0.0012470642104744,0.0008105917368084,0.0008105917368084,0.0,0.9978176951408386,0.0010600045789033,0.0006443165475502,0.0004780413000844,0.0,0.99702787399292,0.0014133395161479,0.0008729449473321,0.0006858853157609,0.0,0.997402012348175,0.0011847109999507,0.0006858853157609,0.0007274541421793,0.0,0.9965498447418212,0.0016419679159298,0.0008313761791214,0.0009768670424818,0.0,0.998191773891449,0.0006235321052372,0.0005403945106081,0.0006443165475502,0.0,0.9966745376586914,0.0015172614948824,0.0009976513683795,0.0008105917368084,0.0,0.9981502294540404,0.0006858853157609,0.0005819633370265,0.0005819633370265,0.0,0.9958223700523376,0.0019537340849637,0.0012054954422637,0.0010184358106926,0.0,0.9970486760139464,0.0013094174209982,0.0008313761791214,0.0008105917368084,0.0,0.9971941113471984,0.001163926674053,0.000789807352703,0.0008521605632267,0.0,0.9963420033454896,0.0016211834736168,0.00114314223174,0.0008937293896451,0.0,0.9969447255134584,0.0012262798845767,0.0009352981578558,0.0008937293896451,0.0,0.997672200202942,0.0010392202530056,0.0005611788947135,0.0007274541421793,0.0,0.9974435567855836,0.0011015734635293,0.0006858853157609,0.0007690229685977,0.0,0.996508240699768,0.0017458898946642,0.0010392202530056,0.0007066697580739,0.0,0.9956768751144408,0.0020160872954875,0.0014756927266716,0.0008313761791214,0.0,0.9963212013244628,0.0016419679159298,0.0010807890212163,0.0009560826001688,0.0,0.998129427433014,0.0007066697580739,0.0004780413000844,0.0006858853157609,0.0,0.9982749223709106,0.0007690229685977101,0.0004572568868752569,0.0004988256841897964,0.0
13,0.9994596242904664,0.0,0.0,0.0005403945106081,0.0,0.9997298121452332,0.0,0.0,0.000270197255304,0.0,0.9997090697288512,0.0,0.0,0.0002909816685132,0.0,0.9997506141662598,0.0,0.0,0.0002494128420948,0.0,0.9996882677078248,0.0,0.0,0.0003117660526186,0.0,0.9997506141662598,0.0,0.0,0.0002494128420948,0.0,0.9997714161872864,0.0,0.0,0.0002286284434376,0.0,0.9997298121452332,0.0,0.0,0.000270197255304,0.0,0.9997714161872864,0.0,0.0,0.0002286284434376,0.0,0.9998337626457214,0.0,0.0,0.0001662752329139,0.0,0.999792218208313,0.0,0.0,0.0002078440447803,0.0,0.9997714161872864,0.0,0.0,0.0002286284434376,0.0,0.9997714161872864,0.0,0.0,0.0002286284434376,0.0,0.9997506141662598,0.0,0.0,0.0002494128420948,0.0,0.9998129606246948,0.0,0.0,0.0001870596315711,0.0,0.9997506141662598,0.0,0.0,0.0002494128420948,0.0,0.9997714161872864,0.0,0.0,0.0002286284434376,0.0,0.9997298121452332,0.0,0.0,0.000270197255304,0.0,0.9997298121452332,0.0,0.0,0.000270197255304,0.0,0.9998337626457214,0.0,0.0,0.0001662752329139,0.0,0.999792218208313,0.0,0.0,0.0002078440447803,0.0,0.9997090697288512,0.0,0.0,0.0002909816685132,0.0,0.9997090697288512,0.0,0.0,0.0002909816685132,0.0,0.9997714161872864,0.0,0.0,0.0002286284434376,0.0,0.999854564666748,0.0,0.0,0.0001454908342566,0.0,0.9996467232704164,0.0,0.0,0.0003533348790369,0.0,0.9997298121452332,0.0,0.0,0.000270197255304,0.0,0.9996882677078248,0.0,0.0,0.0003117660526186,0.0,0.9998129606246948,0.0,0.0,0.0001870596315711,0.0,0.9997298121452332,0.0,0.0,0.000270197255304,0.0,0.9980255365371704,0.0006443165475502,0.0004572568868752,0.0008729449473321,0.0,0.9969447255134584,0.0014133395161479,0.000789807352703,0.0008521605632267,0.0,0.9969031810760498,0.0010600045789033,0.0010392202530056,0.0009976513683795,0.0,0.9973812103271484,0.0011847109999507,0.0006027477211318,0.0008313761791214,0.0,0.9970486760139464,0.0013094174209982,0.0009560826001688,0.0006858853157609,0.0,0.9975059032440186,0.0011847109999507,0.0007274541421793,0.0005819633370265,0.0,0.9978176951408386,0.0009145137737505,0.0005611788947135,0.0007066697580739,0.0,0.9951988458633424,0.0021200091578066,0.0014133395161479,0.0012678486527875,0.0,0.9962172508239746,0.001808243105188,0.0009352981578558,0.0010392202530056,0.0,0.9978384375572203,0.0009352981578558,0.0005819633370265,0.0006443165475502,0.0,0.996695339679718,0.0015380459371954,0.0008105917368084,0.0009560826001688,0.0,0.9976098537445068,0.0012054954422637,0.0006235321052372,0.0005611788947135,0.0,0.9967992305755616,0.0013302018633112,0.0009352981578558,0.0009352981578558,0.0,0.9971317648887634,0.0012470642104744,0.0008105917368084,0.0008105917368084,0.0,0.9960302114486694,0.0017458898946642,0.0011015734635293,0.001122357789427,0.0,0.9978176951408386,0.000789807352703,0.0006443165475502,0.0007482385262846,0.0,0.9961549043655396,0.0016627523582428,0.001163926674053,0.0010184358106926,0.0,0.997796893119812,0.0009145137737505,0.0006235321052372,0.0006651009316556,0.0,0.9952196478843688,0.0017458898946642,0.0015796147054061,0.0014549082843586,0.0,0.9966121912002563,0.0012678486527875,0.001163926674053,0.0009560826001688,0.0,0.9969031810760498,0.0011847109999507,0.0009352981578558,0.0009768670424818,0.0,0.9956976771354676,0.0017458898946642,0.0015380459371954,0.0010184358106926,0.0,0.9965705871582032,0.0013509863056242,0.0011015734635293,0.0009768670424818,0.0,0.9973812103271484,0.001122357789427,0.0006235321052372,0.0008729449473321,0.0,0.99715256690979,0.0012678486527875,0.0007066697580739,0.0008729449473321,0.0,0.9961549043655396,0.0017666743369773,0.001163926674053,0.0009145137737505,0.0,0.9948870539665222,0.0022239312529563,0.001849811989814,0.0010392202530056,0.0,0.995739221572876,0.0019121652003377,0.0011847109999507,0.001163926674053,0.0,0.9979007840156556,0.0007274541421793,0.0006651009316556,0.0007066697580739,0.0,0.9979423880577087,0.0009768670424818993,0.0004988256841897964,0.0005819633370265365,0.0
14,0.9994596242904664,0.0,0.0,0.0005403945106081,0.0,0.9997298121452332,0.0,0.0,0.000270197255304,0.0,0.9997090697288512,0.0,0.0,0.0002909816685132,0.0,0.9997506141662598,0.0,0.0,0.0002494128420948,0.0,0.9996882677078248,0.0,0.0,0.0003117660526186,0.0,0.9997506141662598,0.0,0.0,0.0002494128420948,0.0,0.9997714161872864,0.0,0.0,0.0002286284434376,0.0,0.9997298121452332,0.0,0.0,0.000270197255304,0.0,0.9997714161872864,0.0,0.0,0.0002286284434376,0.0,0.9998337626457214,0.0,0.0,0.0001662752329139,0.0,0.999792218208313,0.0,0.0,0.0002078440447803,0.0,0.9997714161872864,0.0,0.0,0.0002286284434376,0.0,0.9997714161872864,0.0,0.0,0.0002286284434376,0.0,0.9997506141662598,0.0,0.0,0.0002494128420948,0.0,0.9998129606246948,0.0,0.0,0.0001870596315711,0.0,0.9997506141662598,0.0,0.0,0.0002494128420948,0.0,0.9997714161872864,0.0,0.0,0.0002286284434376,0.0,0.9997298121452332,0.0,0.0,0.000270197255304,0.0,0.9997298121452332,0.0,0.0,0.000270197255304,0.0,0.9998337626457214,0.0,0.0,0.0001662752329139,0.0,0.999792218208313,0.0,0.0,0.0002078440447803,0.0,0.9997090697288512,0.0,0.0,0.0002909816685132,0.0,0.9997090697288512,0.0,0.0,0.0002909816685132,0.0,0.9997714161872864,0.0,0.0,0.0002286284434376,0.0,0.999854564666748,0.0,0.0,0.0001454908342566,0.0,0.9996467232704164,0.0,0.0,0.0003533348790369,0.0,0.9997298121452332,0.0,0.0,0.000270197255304,0.0,0.9996882677078248,0.0,0.0,0.0003117660526186,0.0,0.9998129606246948,0.0,0.0,0.0001870596315711,0.0,0.9997298121452332,0.0,0.0,0.000270197255304,0.0,0.9977760910987854,0.0006027477211318,0.0006443165475502,0.0009768670424818,0.0,0.9965290427207948,0.0015172614948824,0.0009768670424818,0.0009768670424818,0.0,0.9958847165107728,0.0018705963157117,0.0010600045789033,0.0011847109999507,0.0,0.9970694184303284,0.0012054954422637,0.0008313761791214,0.0008937293896451,0.0,0.9965913891792296,0.0014341238420456,0.0011847109999507,0.000789807352703,0.0,0.997090220451355,0.0013509863056242,0.0008937293896451,0.0006651009316556,0.0,0.99746435880661,0.0010807890212163,0.0006858853157609,0.0007690229685977,0.0,0.9945545196533204,0.0022239312529563,0.001808243105188,0.0014133395161479,0.0,0.9953027367591858,0.0022655001375824,0.0013509863056242,0.0010807890212163,0.0,0.9977137446403505,0.0009560826001688,0.0006027477211318,0.0007274541421793,0.0,0.9962172508239746,0.0017874587792903,0.0008521605632267,0.00114314223174,0.0,0.99715256690979,0.0013094174209982,0.0009352981578558,0.0006027477211318,0.0,0.9961965084075928,0.0016003991477191,0.0011015734635293,0.0011015734635293,0.0,0.9966745376586914,0.0014133395161479,0.0009145137737505,0.0009976513683795,0.0,0.9954898357391356,0.0019745184108614,0.0013717706315219,0.001163926674053,0.0,0.99746435880661,0.0010807890212163,0.0006235321052372,0.0008313761791214,0.0,0.9953858852386476,0.0021200091578066,0.0013509863056242,0.00114314223174,0.0,0.9972980618476868,0.0012262798845767,0.0007274541421793,0.0007482385262846,0.0,0.9943466782569884,0.0020784405060112,0.0019953027367591,0.0015796147054061,0.0,0.9955729842185974,0.0020368716213852,0.0013302018633112,0.0010600045789033,0.0,0.996508240699768,0.0013302018633112,0.0010600045789033,0.0011015734635293,0.0,0.9948663115501404,0.0024109908845275,0.0014549082843586,0.0012678486527875,0.0,0.9958223700523376,0.0019537340849637,0.0010807890212163,0.00114314223174,0.0,0.9970070719718932,0.0013094174209982,0.0007274541421793,0.0009560826001688,0.0,0.9967784285545348,0.0013717706315219,0.0008521605632267,0.0009976513683795,0.0,0.9955521821975708,0.0020784405060112,0.0011847109999507,0.0011847109999507,0.0,0.99368155002594,0.0030760918743908,0.0019537340849637,0.0012886330951005,0.0,0.9948870539665222,0.0021615780424326,0.0017043211264535,0.0012470642104744,0.0,0.9972565174102784,0.0011847109999507,0.0007274541421793,0.0008313761791214,0.0,0.9976722002029419,0.0008521605632267892,0.0007898073527030647,0.0006858853157609701,0.0
15,0.9994596242904664,0.0,0.0,0.0005403945106081,0.0,0.9997298121452332,0.0,0.0,0.000270197255304,0.0,0.9997090697288512,0.0,0.0,0.0002909816685132,0.0,0.9997506141662598,0.0,0.0,0.0002494128420948,0.0,0.9996882677078248,0.0,0.0,0.0003117660526186,0.0,0.9997506141662598,0.0,0.0,0.0002494128420948,0.0,0.9997714161872864,0.0,0.0,0.0002286284434376,0.0,0.9997298121452332,0.0,0.0,0.000270197255304,0.0,0.9997714161872864,0.0,0.0,0.0002286284434376,0.0,0.9998337626457214,0.0,0.0,0.0001662752329139,0.0,0.999792218208313,0.0,0.0,0.0002078440447803,0.0,0.9997714161872864,0.0,0.0,0.0002286284434376,0.0,0.9997714161872864,0.0,0.0,0.0002286284434376,0.0,0.9997506141662598,0.0,0.0,0.0002494128420948,0.0,0.9998129606246948,0.0,0.0,0.0001870596315711,0.0,0.9997506141662598,0.0,0.0,0.0002494128420948,0.0,0.9997714161872864,0.0,0.0,0.0002286284434376,0.0,0.9997298121452332,0.0,0.0,0.000270197255304,0.0,0.9997298121452332,0.0,0.0,0.000270197255304,0.0,0.9998337626457214,0.0,0.0,0.0001662752329139,0.0,0.999792218208313,0.0,0.0,0.0002078440447803,0.0,0.9997090697288512,0.0,0.0,0.0002909816685132,0.0,0.9997090697288512,0.0,0.0,0.0002909816685132,0.0,0.9997714161872864,0.0,0.0,0.0002286284434376,0.0,0.999854564666748,0.0,0.0,0.0001454908342566,0.0,0.9996467232704164,0.0,0.0,0.0003533348790369,0.0,0.9997298121452332,0.0,0.0,0.000270197255304,0.0,0.9996882677078248,0.0,0.0,0.0003117660526186,0.0,0.9998129606246948,0.0,0.0,0.0001870596315711,0.0,0.9997298121452332,0.0,0.0,0.000270197255304,0.0,0.9973604083061218,0.0008937293896451,0.0007690229685977,0.0009768670424818,0.0,0.9959055185317992,0.0016835366841405,0.0013925550738349,0.0010184358106926,0.0,0.9953027367591858,0.0023278533481061,0.00114314223174,0.0012262798845767,0.0,0.9964666962623596,0.0016211834736168,0.0010184358106926,0.0008937293896451,0.0,0.9957808256149292,0.0020992248319089,0.0012886330951005,0.0008313761791214,0.0,0.9964874982833862,0.0016003991477191,0.0012054954422637,0.0007066697580739,0.0,0.9969655275344848,0.0013717706315219,0.0008729449473321,0.000789807352703,0.0,0.9934529662132264,0.0029098165687173,0.0020576559472829,0.0015796147054061,0.0,0.9944713711738586,0.0027227569371461,0.0016627523582428,0.00114314223174,0.0,0.9972772598266602,0.001122357789427,0.0007690229685977,0.0008313761791214,0.0,0.995614528656006,0.0019745184108614,0.001122357789427,0.0012886330951005,0.0,0.996695339679718,0.0015172614948824,0.0010184358106926,0.0007690229685977,0.0,0.9955521821975708,0.001829027547501,0.0013717706315219,0.0012470642104744,0.0,0.995739221572876,0.0020576559472829,0.00114314223174,0.0010600045789033,0.0,0.9944298267364502,0.0027227569371461,0.0016211834736168,0.0012262798845767,0.0,0.99715256690979,0.0011847109999507,0.0007066697580739,0.0009560826001688,0.0,0.9945753216743468,0.0025980505160987,0.0014756927266716,0.0013509863056242,0.0,0.9969239234924316,0.0013925550738349,0.0008313761791214,0.0008521605632267,0.0,0.993016481399536,0.0032007982954382,0.0021823623683303,0.0016003991477191,0.0,0.9942843317985536,0.0030553073156625,0.0015380459371954,0.001122357789427,0.0,0.9959470629692078,0.0015796147054061,0.0012678486527875,0.0012054954422637,0.0,0.9942843317985536,0.0025149129796773,0.001808243105188,0.0013925550738349,0.0,0.9951156973838806,0.0022239312529563,0.0012886330951005,0.0013717706315219,0.0,0.9964874982833862,0.0016211834736168,0.0008729449473321,0.0010184358106926,0.0,0.9961757063865662,0.0016003991477191,0.00114314223174,0.0010807890212163,0.0,0.994700014591217,0.0021823623683303,0.001849811989814,0.0012678486527875,0.0,0.9924968481063844,0.0037411926314234,0.0022862844634801,0.0014756927266716,0.0,0.9938893914222716,0.0028058944735676,0.0019121652003377,0.0013925550738349,0.0,0.9966537356376648,0.0017043211264535,0.000789807352703,0.0008521605632267,0.0,0.9971317648887634,0.0012262798845767975,0.0009145137737505138,0.0007274541421793401,0.0
16,0.9994596242904664,0.0,0.0,0.0005403945106081,0.0,0.9997298121452332,0.0,0.0,0.000270197255304,0.0,0.9997090697288512,0.0,0.0,0.0002909816685132,0.0,0.9997506141662598,0.0,0.0,0.0002494128420948,0.0,0.9996882677078248,0.0,0.0,0.0003117660526186,0.0,0.9997506141662598,0.0,0.0,0.0002494128420948,0.0,0.9997714161872864,0.0,0.0,0.0002286284434376,0.0,0.9997298121452332,0.0,0.0,0.000270197255304,0.0,0.9997714161872864,0.0,0.0,0.0002286284434376,0.0,0.9998337626457214,0.0,0.0,0.0001662752329139,0.0,0.999792218208313,0.0,0.0,0.0002078440447803,0.0,0.9997714161872864,0.0,0.0,0.0002286284434376,0.0,0.9997714161872864,0.0,0.0,0.0002286284434376,0.0,0.9997506141662598,0.0,0.0,0.0002494128420948,0.0,0.9998129606246948,0.0,0.0,0.0001870596315711,0.0,0.9997506141662598,0.0,0.0,0.0002494128420948,0.0,0.9997714161872864,0.0,0.0,0.0002286284434376,0.0,0.9997298121452332,0.0,0.0,0.000270197255304,0.0,0.9997298121452332,0.0,0.0,0.000270197255304,0.0,0.9998337626457214,0.0,0.0,0.0001662752329139,0.0,0.999792218208313,0.0,0.0,0.0002078440447803,0.0,0.9997090697288512,0.0,0.0,0.0002909816685132,0.0,0.9997090697288512,0.0,0.0,0.0002909816685132,0.0,0.9997714161872864,0.0,0.0,0.0002286284434376,0.0,0.999854564666748,0.0,0.0,0.0001454908342566,0.0,0.9996467232704164,0.0,0.0,0.0003533348790369,0.0,0.9997298121452332,0.0,0.0,0.000270197255304,0.0,0.9996882677078248,0.0,0.0,0.0003117660526186,0.0,0.9998129606246948,0.0,0.0,0.0001870596315711,0.0,0.9997298121452332,0.0,0.0,0.000270197255304,0.0,0.9969239234924316,0.0012054954422637,0.0008521605632267,0.0010184358106926,0.0,0.9953858852386476,0.001808243105188,0.0016835366841405,0.001122357789427,0.0,0.9946168661117554,0.0026604037266224,0.0013509863056242,0.0013717706315219,0.0,0.9957808256149292,0.0019537340849637,0.0012886330951005,0.0009768670424818,0.0,0.9948247075080872,0.0026188348419964,0.0015380459371954,0.0010184358106926,0.0,0.995863914489746,0.0019537340849637,0.0014133395161479,0.0007690229685977,0.0,0.9964250922203064,0.0016211834736168,0.0010807890212163,0.0008729449473321,0.0,0.9917486310005188,0.0040945275686681,0.0022239312529563,0.0019329495262354,0.0,0.9934737086296082,0.0030968762002885,0.0020576559472829,0.0013717706315219,0.0,0.9969655275344848,0.0012678486527875,0.0008729449473321,0.0008937293896451,0.0,0.9946792125701904,0.0024525597691535,0.0014964770525693,0.0013717706315219,0.0,0.9959678649902344,0.001849811989814,0.0013094174209982,0.0008729449473321,0.0,0.9945545196533204,0.0024733440950512,0.0016003991477191,0.0013717706315219,0.0,0.9950118064880372,0.0023902065586298,0.0013925550738349,0.0012054954422637,0.0,0.9934945106506348,0.0030553073156625,0.0019121652003377,0.0015380459371954,0.0,0.9967576861381532,0.0014341238420456,0.0008105917368084,0.0009976513683795,0.0,0.993349015712738,0.0033255047164857,0.0017043211264535,0.0016211834736168,0.0,0.9964874982833862,0.0016627523582428,0.0008521605632267,0.0009976513683795,0.0,0.9920811653137208,0.0037411926314234,0.0023278533481061,0.001849811989814,0.0,0.9929748773574828,0.0040737432427704,0.0016627523582428,0.0012886330951005,0.0,0.9952611923217772,0.0019329495262354,0.0013925550738349,0.0014133395161479,0.0,0.9930372834205629,0.0033047201577574,0.0020160872954875,0.0016419679159298,0.0,0.9943674802780152,0.002577266190201,0.0014964770525693,0.0015588302630931,0.0,0.995988667011261,0.0016835366841405,0.0012054954422637,0.001122357789427,0.0,0.9955105781555176,0.0019329495262354,0.0013925550738349,0.001163926674053,0.0,0.9934321641921996,0.0030760918743908,0.0020368716213852,0.0014549082843586,0.0,0.9911043047904968,0.0045725689269602,0.0025149129796773,0.001808243105188,0.0,0.9927462935447692,0.0035749175585806,0.0020992248319089,0.0015796147054061,0.0,0.996071755886078,0.0020576559472829,0.0008313761791214,0.0010392202530056,0.0,0.9965082406997681,0.001766674336977303,0.0009145137737505138,0.0008105917368084192,0.0
17,0.9994596242904664,0.0,0.0,0.0005403945106081,0.0,0.9997298121452332,0.0,0.0,0.000270197255304,0.0,0.9997090697288512,0.0,0.0,0.0002909816685132,0.0,0.9997506141662598,0.0,0.0,0.0002494128420948,0.0,0.9996882677078248,0.0,0.0,0.0003117660526186,0.0,0.9997506141662598,0.0,0.0,0.0002494128420948,0.0,0.9997714161872864,0.0,0.0,0.0002286284434376,0.0,0.9997298121452332,0.0,0.0,0.000270197255304,0.0,0.9997714161872864,0.0,0.0,0.0002286284434376,0.0,0.9998337626457214,0.0,0.0,0.0001662752329139,0.0,0.999792218208313,0.0,0.0,0.0002078440447803,0.0,0.9997714161872864,0.0,0.0,0.0002286284434376,0.0,0.9997714161872864,0.0,0.0,0.0002286284434376,0.0,0.9997506141662598,0.0,0.0,0.0002494128420948,0.0,0.9998129606246948,0.0,0.0,0.0001870596315711,0.0,0.9997506141662598,0.0,0.0,0.0002494128420948,0.0,0.9997714161872864,0.0,0.0,0.0002286284434376,0.0,0.9997298121452332,0.0,0.0,0.000270197255304,0.0,0.9997298121452332,0.0,0.0,0.000270197255304,0.0,0.9998337626457214,0.0,0.0,0.0001662752329139,0.0,0.999792218208313,0.0,0.0,0.0002078440447803,0.0,0.9997090697288512,0.0,0.0,0.0002909816685132,0.0,0.9997090697288512,0.0,0.0,0.0002909816685132,0.0,0.9997714161872864,0.0,0.0,0.0002286284434376,0.0,0.999854564666748,0.0,0.0,0.0001454908342566,0.0,0.9996467232704164,0.0,0.0,0.0003533348790369,0.0,0.9997298121452332,0.0,0.0,0.000270197255304,0.0,0.9996882677078248,0.0,0.0,0.0003117660526186,0.0,0.9998129606246948,0.0,0.0,0.0001870596315711,0.0,0.9997298121452332,0.0,0.0,0.000270197255304,0.0,0.9964874982833862,0.0015380459371954,0.0008521605632267,0.001122357789427,0.0,0.9943466782569884,0.0025980505160987,0.0017043211264535,0.0013509863056242,0.0,0.9937023520469666,0.0032007982954382,0.0013717706315219,0.0017251055687665,0.0,0.9950741529464722,0.0023070687893778,0.0014133395161479,0.0012054954422637,0.0,0.9940141439437866,0.0030345229897648,0.0015172614948824,0.0014341238420456,0.0,0.9952196478843688,0.0022862844634801,0.0015172614948824,0.0009768670424818,0.0,0.9954690337181092,0.0023486376740038,0.0011847109999507,0.0009976513683795,0.0,0.9902313947677612,0.0049674725160002,0.0024733440950512,0.0023278533481061,0.0,0.992060363292694,0.0041568810120224,0.0021823623683303,0.0016003991477191,0.0,0.9965913891792296,0.0012470642104744,0.0010807890212163,0.0010807890212163,0.0,0.9935568571090698,0.0031384450849145,0.0016835366841405,0.0016211834736168,0.0,0.9951364994049072,0.0024733440950512,0.0012678486527875,0.001122357789427,0.0,0.9938270449638368,0.002972169779241,0.0016419679159298,0.0015588302630931,0.0,0.9941596388816832,0.002972169779241,0.0014549082843586,0.0014133395161479,0.0,0.9921435117721558,0.0038866836111992,0.0021615780424326,0.001808243105188,0.0,0.996445894241333,0.0013717706315219,0.0009976513683795,0.0011847109999507,0.0,0.9922058582305908,0.0039490368217229,0.0020368716213852,0.001808243105188,0.0,0.9957184195518494,0.0020784405060112,0.0010392202530056,0.001163926674053,0.0,0.9908133149147034,0.0044062938541173,0.0025564816314727,0.0022239312529563,0.0,0.9918525218963624,0.0047596283257007,0.0017458898946642,0.0016419679159298,0.0,0.9943466782569884,0.0025564816314727,0.0014549082843586,0.0016419679159298,0.0,0.9917486310005188,0.0039490368217229,0.0022655001375824,0.0020368716213852,0.0,0.9932658672332764,0.0033047201577574,0.0016003991477191,0.001829027547501,0.0,0.9952403903007508,0.0021407937165349,0.0013302018633112,0.0012886330951005,0.0,0.994637668132782,0.0025149129796773,0.0013925550738349,0.0014549082843586,0.0,0.9925591945648192,0.0035957018844783,0.0020992248319089,0.0017458898946642,0.0,0.9895247220993042,0.0053623761050403,0.0028058944735676,0.0023070687893778,0.0,0.9914368391036988,0.0043023717589676,0.0022239312529563,0.0020368716213852,0.0,0.9957808256149292,0.0021200091578066,0.0009352981578558,0.001163926674053,0.0,0.9960094094276428,0.0019329495262354612,0.0011015734635293484,0.0009560826001688838,0.0
18,0.9994596242904664,0.0,0.0,0.0005403945106081,0.0,0.9997298121452332,0.0,0.0,0.000270197255304,0.0,0.9997090697288512,0.0,0.0,0.0002909816685132,0.0,0.9997506141662598,0.0,0.0,0.0002494128420948,0.0,0.9996882677078248,0.0,0.0,0.0003117660526186,0.0,0.9997506141662598,0.0,0.0,0.0002494128420948,0.0,0.9997714161872864,0.0,0.0,0.0002286284434376,0.0,0.9997298121452332,0.0,0.0,0.000270197255304,0.0,0.9997714161872864,0.0,0.0,0.0002286284434376,0.0,0.9998337626457214,0.0,0.0,0.0001662752329139,0.0,0.999792218208313,0.0,0.0,0.0002078440447803,0.0,0.9997714161872864,0.0,0.0,0.0002286284434376,0.0,0.9997714161872864,0.0,0.0,0.0002286284434376,0.0,0.9997506141662598,0.0,0.0,0.0002494128420948,0.0,0.9998129606246948,0.0,0.0,0.0001870596315711,0.0,0.9997506141662598,0.0,0.0,0.0002494128420948,0.0,0.9997714161872864,0.0,0.0,0.0002286284434376,0.0,0.9997298121452332,0.0,0.0,0.000270197255304,0.0,0.9997298121452332,0.0,0.0,0.000270197255304,0.0,0.9998337626457214,0.0,0.0,0.0001662752329139,0.0,0.999792218208313,0.0,0.0,0.0002078440447803,0.0,0.9997090697288512,0.0,0.0,0.0002909816685132,0.0,0.9997090697288512,0.0,0.0,0.0002909816685132,0.0,0.9997714161872864,0.0,0.0,0.0002286284434376,0.0,0.999854564666748,0.0,0.0,0.0001454908342566,0.0,0.9996467232704164,0.0,0.0,0.0003533348790369,0.0,0.9997298121452332,0.0,0.0,0.000270197255304,0.0,0.9996882677078248,0.0,0.0,0.0003117660526186,0.0,0.9998129606246948,0.0,0.0,0.0001870596315711,0.0,0.9997298121452332,0.0,0.0,0.000270197255304,0.0,0.9961549043655396,0.0016211834736168,0.0008937293896451,0.0013302018633112,0.0,0.993224322795868,0.0033047201577574,0.001829027547501,0.0016419679159298,0.0,0.992829442024231,0.0030553073156625,0.0020784405060112,0.0020368716213852,0.0,0.9944298267364502,0.0026396194007247,0.0014964770525693,0.0014341238420456,0.0,0.9931411743164062,0.0034502111375331,0.0017666743369773,0.0016419679159298,0.0,0.9944921731948853,0.0025980505160987,0.0016003991477191,0.0013094174209982,0.0,0.994762361049652,0.0027019726112484,0.0012678486527875,0.0012678486527875,0.0,0.9888803958892822,0.0056741423904895,0.0027643258217722,0.0026811880525201,0.0,0.9904184341430664,0.0048843347467482,0.0027227569371461,0.0019745184108614,0.0,0.9959678649902344,0.0017458898946642,0.0010600045789033,0.0012262798845767,0.0,0.9924761056900024,0.0037411926314234,0.0020160872954875,0.0017666743369773,0.0,0.9942635297775269,0.0028890322428196,0.0016627523582428,0.0011847109999507,0.0,0.9927254915237428,0.0034709954634308,0.0019329495262354,0.0018705963157117,0.0,0.9927878379821776,0.0038866836111992,0.0017043211264535,0.0016211834736168,0.0,0.9908756613731384,0.0046141375787556,0.0022862844634801,0.0022239312529563,0.0,0.9960094094276428,0.0014549082843586,0.00114314223174,0.0013925550738349,0.0,0.99052232503891,0.0048635504208505,0.0024317752104252,0.0021823623683303,0.0,0.9950118064880372,0.0022862844634801,0.0014133395161479,0.0012886330951005,0.0,0.9896078109741212,0.004738843999803,0.0026188348419964,0.0030345229897648,0.0,0.9905639290809632,0.0050090411677956,0.0023070687893778,0.0021200091578066,0.0,0.9934113621711732,0.0030968762002885,0.0015796147054061,0.0019121652003377,0.0,0.990501582622528,0.0043647247366607,0.002577266190201,0.0025564816314727,0.0,0.9922890067100524,0.0035333486739546,0.0020992248319089,0.0020784405060112,0.0,0.9942843317985536,0.0027227569371461,0.0014964770525693,0.0014964770525693,0.0,0.9939725399017334,0.0028058944735676,0.0016419679159298,0.0015796147054061,0.0,0.9910211563110352,0.0045310002751648,0.0023694219999015,0.0020784405060112,0.0,0.9877164363861084,0.0059651238843798,0.0034294265788048,0.0028890322428196,0.0,0.9899611473083496,0.0049259038642048,0.0027643258217722,0.0023486376740038,0.0,0.9948870539665222,0.0023694219999015,0.0013717706315219,0.0013717706315219,0.0,0.995281994342804,0.0023902065586298704,0.0012470642104744911,0.001080789021216333,0.0
19,0.9994596242904664,0.0,0.0,0.0005403945106081,0.0,0.9997298121452332,0.0,0.0,0.000270197255304,0.0,0.9997090697288512,0.0,0.0,0.0002909816685132,0.0,0.9997506141662598,0.0,0.0,0.0002494128420948,0.0,0.9996882677078248,0.0,0.0,0.0003117660526186,0.0,0.9997506141662598,0.0,0.0,0.0002494128420948,0.0,0.9997714161872864,0.0,0.0,0.0002286284434376,0.0,0.9997298121452332,0.0,0.0,0.000270197255304,0.0,0.9997714161872864,0.0,0.0,0.0002286284434376,0.0,0.9998337626457214,0.0,0.0,0.0001662752329139,0.0,0.999792218208313,0.0,0.0,0.0002078440447803,0.0,0.9997714161872864,0.0,0.0,0.0002286284434376,0.0,0.9997714161872864,0.0,0.0,0.0002286284434376,0.0,0.9997506141662598,0.0,0.0,0.0002494128420948,0.0,0.9998129606246948,0.0,0.0,0.0001870596315711,0.0,0.9997506141662598,0.0,0.0,0.0002494128420948,0.0,0.9997714161872864,0.0,0.0,0.0002286284434376,0.0,0.9997298121452332,0.0,0.0,0.000270197255304,0.0,0.9997298121452332,0.0,0.0,0.000270197255304,0.0,0.9998337626457214,0.0,0.0,0.0001662752329139,0.0,0.999792218208313,0.0,0.0,0.0002078440447803,0.0,0.9997090697288512,0.0,0.0,0.0002909816685132,0.0,0.9997090697288512,0.0,0.0,0.0002909816685132,0.0,0.9997714161872864,0.0,0.0,0.0002286284434376,0.0,0.999854564666748,0.0,0.0,0.0001454908342566,0.0,0.9996467232704164,0.0,0.0,0.0003533348790369,0.0,0.9997298121452332,0.0,0.0,0.000270197255304,0.0,0.9996882677078248,0.0,0.0,0.0003117660526186,0.0,0.9998129606246948,0.0,0.0,0.0001870596315711,0.0,0.9997298121452332,0.0,0.0,0.000270197255304,0.0,0.995801568031311,0.0015588302630931,0.0010184358106926,0.0016211834736168,0.0,0.991914927959442,0.0039906054735183,0.0021407937165349,0.0019537340849637,0.0,0.9915199875831604,0.0037827615160495,0.0024525597691535,0.002244715578854,0.0,0.9932658672332764,0.0032007982954382,0.001808243105188,0.0017251055687665,0.0,0.9917278289794922,0.0040529589168727,0.002244715578854,0.0019745184108614,0.0,0.9933906197547911,0.0030968762002885,0.0019537340849637,0.0015588302630931,0.0,0.993660807609558,0.0033047201577574,0.0015796147054061,0.0014549082843586,0.0,0.9868850708007812,0.0065678716637194,0.0033255047164857,0.0032215826213359,0.0,0.9884647130966188,0.0060066930018365,0.0030968762002885,0.0024317752104252,0.0,0.9953027367591858,0.0019745184108614,0.0013925550738349,0.0013302018633112,0.0,0.9910835027694702,0.0045310002751648,0.0023902065586298,0.0019953027367591,0.0,0.992891788482666,0.0038035458419471,0.0017666743369773,0.0015380459371954,0.0,0.9916239380836488,0.0039282524958252,0.002244715578854,0.0022031469270586,0.0,0.991540789604187,0.0041984496638178,0.0023486376740038,0.0019121652003377,0.0,0.9894415736198424,0.0049882568418979,0.0030345229897648,0.002535697305575,0.0,0.9950741529464722,0.0020784405060112,0.0013925550738349,0.0014549082843586,0.0,0.9886517524719238,0.0059235552325844,0.002930600894615,0.0024941284209489,0.0,0.9940348863601683,0.0028890322428196,0.0016003991477191,0.0014756927266716,0.0,0.9876748919487,0.0053415917791426,0.0034086422529071,0.0035749175585806,0.0,0.9886102080345154,0.0056741423904895,0.0033255047164857,0.0023902065586298,0.0,0.9923513531684875,0.0035957018844783,0.0018913807580247,0.0021615780424326,0.0,0.9885478019714355,0.0057364953681826,0.0029929541051387,0.0027227569371461,0.0,0.9908133149147034,0.0043023717589676,0.0026604037266224,0.0022239312529563,0.0,0.9931411743164062,0.0033462890423834,0.001829027547501,0.0016835366841405,0.0,0.9927462935447692,0.0034294265788048,0.0019745184108614,0.001849811989814,0.0,0.9896701574325562,0.0050298259593546,0.002930600894615,0.0023694219999015,0.0,0.985617220401764,0.0068796379491686,0.0042608026415109,0.0032423669472336,0.0,0.9880490303039552,0.0058404174633324,0.0031592294108122,0.0029513854533433,0.0,0.9938478469848632,0.0028058944735676,0.0017874587792903,0.0015588302630931,0.0,0.9941388368606567,0.0029929541051387787,0.0013925550738349557,0.0014756927266716957,0.0
20,0.9994596242904664,0.0,0.0,0.0005403945106081,0.0,0.9997298121452332,0.0,0.0,0.000270197255304,0.0,0.9997090697288512,0.0,0.0,0.0002909816685132,0.0,0.9997506141662598,0.0,0.0,0.0002494128420948,0.0,0.9996882677078248,0.0,0.0,0.0003117660526186,0.0,0.9997506141662598,0.0,0.0,0.0002494128420948,0.0,0.9997714161872864,0.0,0.0,0.0002286284434376,0.0,0.9997298121452332,0.0,0.0,0.000270197255304,0.0,0.9997714161872864,0.0,0.0,0.0002286284434376,0.0,0.9998337626457214,0.0,0.0,0.0001662752329139,0.0,0.999792218208313,0.0,0.0,0.0002078440447803,0.0,0.9997714161872864,0.0,0.0,0.0002286284434376,0.0,0.9997714161872864,0.0,0.0,0.0002286284434376,0.0,0.9997506141662598,0.0,0.0,0.0002494128420948,0.0,0.9998129606246948,0.0,0.0,0.0001870596315711,0.0,0.9997506141662598,0.0,0.0,0.0002494128420948,0.0,0.9997714161872864,0.0,0.0,0.0002286284434376,0.0,0.9997298121452332,0.0,0.0,0.000270197255304,0.0,0.9997298121452332,0.0,0.0,0.000270197255304,0.0,0.9998337626457214,0.0,0.0,0.0001662752329139,0.0,0.999792218208313,0.0,0.0,0.0002078440447803,0.0,0.9997090697288512,0.0,0.0,0.0002909816685132,0.0,0.9997090697288512,0.0,0.0,0.0002909816685132,0.0,0.9997714161872864,0.0,0.0,0.0002286284434376,0.0,0.999854564666748,0.0,0.0,0.0001454908342566,0.0,0.9996467232704164,0.0,0.0,0.0003533348790369,0.0,0.9997298121452332,0.0,0.0,0.000270197255304,0.0,0.9996882677078248,0.0,0.0,0.0003117660526186,0.0,0.9998129606246948,0.0,0.0,0.0001870596315711,0.0,0.9997298121452332,0.0,0.0,0.000270197255304,0.0,0.9953235387802124,0.0016003991477191,0.0013302018633112,0.0017458898946642,0.0,0.9907717704772948,0.0046141375787556,0.0022031469270586,0.0024109908845275,0.0,0.9900027513504028,0.0046141375787556,0.0030137386638671,0.0023694219999015,0.0,0.992060363292694,0.0037204083055257,0.0023070687893778,0.0019121652003377,0.0,0.990065097808838,0.0047596283257007,0.0030553073156625,0.0021200091578066,0.0,0.9922266602516174,0.0036372707691043,0.0022239312529563,0.0019121652003377,0.0,0.9927462935447692,0.0036788394208997,0.0019121652003377,0.0016627523582428,0.0,0.9842662215232848,0.0074823852628469,0.0046141375787556,0.0036372707691043,0.0,0.9863030910491944,0.0071706194430589,0.0037204083055257,0.0028058944735676,0.0,0.9943466782569884,0.0026188348419964,0.0014341238420456,0.0016003991477191,0.0,0.9894415736198424,0.0052376696839928,0.0029098165687173,0.0024109908845275,0.0,0.9917486310005188,0.0042192339897155,0.002244715578854,0.0017874587792903,0.0,0.9904599785804749,0.0040945275686681,0.0028266790322959,0.0026188348419964,0.0,0.9899404048919678,0.00507139461115,0.0027851101476699,0.0022031469270586,0.0,0.9875293970108032,0.0059651238843798,0.003658055095002,0.0028474633581936,0.0,0.9944506287574768,0.0023070687893778,0.0015796147054061,0.0016627523582428,0.0,0.986698031425476,0.0066510094329714,0.0038243304006755,0.0028266790322959,0.0,0.9933698177337646,0.0031176605261862,0.001829027547501,0.0016835366841405,0.0,0.9859705567359924,0.006110614631325,0.0041360962204635,0.0037827615160495,0.0,0.986573338508606,0.0064015965908765,0.0043647247366607,0.0026604037266224,0.0,0.9910419583320618,0.0042192339897155,0.0022655001375824,0.0024733440950512,0.0,0.9864693880081176,0.0065678716637194,0.0037619771901518,0.0032007982954382,0.0,0.9886309504508972,0.0057364953681826,0.002972169779241,0.0026604037266224,0.0,0.9920811653137208,0.0039074681699275,0.0021200091578066,0.0018913807580247,0.0,0.991540789604187,0.0039698211476206,0.0022655001375824,0.0022239312529563,0.0,0.9879242777824402,0.0055078673176467,0.0034502111375331,0.0031176605261862,0.0,0.9832062125205994,0.0078980736434459,0.0051337475888431,0.0037619771901518,0.0,0.9857211709022522,0.0070251286961138,0.0039490368217229,0.0033047201577574,0.0,0.9924345016479492,0.0036372707691043,0.0022862844634801,0.0016419679159298,0.0,0.9932035207748413,0.0033047201577574015,0.001849811989814043,0.001641967915929854,0.0
21,0.9994596242904664,0.0,0.0,0.0005403945106081,0.0,0.9997298121452332,0.0,0.0,0.000270197255304,0.0,0.9997090697288512,0.0,0.0,0.0002909816685132,0.0,0.9997506141662598,0.0,0.0,0.0002494128420948,0.0,0.9996882677078248,0.0,0.0,0.0003117660526186,0.0,0.9997506141662598,0.0,0.0,0.0002494128420948,0.0,0.9997714161872864,0.0,0.0,0.0002286284434376,0.0,0.9997298121452332,0.0,0.0,0.000270197255304,0.0,0.9997714161872864,0.0,0.0,0.0002286284434376,0.0,0.9998337626457214,0.0,0.0,0.0001662752329139,0.0,0.999792218208313,0.0,0.0,0.0002078440447803,0.0,0.9997714161872864,0.0,0.0,0.0002286284434376,0.0,0.9997714161872864,0.0,0.0,0.0002286284434376,0.0,0.9997506141662598,0.0,0.0,0.0002494128420948,0.0,0.9998129606246948,0.0,0.0,0.0001870596315711,0.0,0.9997506141662598,0.0,0.0,0.0002494128420948,0.0,0.9997714161872864,0.0,0.0,0.0002286284434376,0.0,0.9997298121452332,0.0,0.0,0.000270197255304,0.0,0.9997298121452332,0.0,0.0,0.000270197255304,0.0,0.9998337626457214,0.0,0.0,0.0001662752329139,0.0,0.999792218208313,0.0,0.0,0.0002078440447803,0.0,0.9997090697288512,0.0,0.0,0.0002909816685132,0.0,0.9997090697288512,0.0,0.0,0.0002909816685132,0.0,0.9997714161872864,0.0,0.0,0.0002286284434376,0.0,0.999854564666748,0.0,0.0,0.0001454908342566,0.0,0.9996467232704164,0.0,0.0,0.0003533348790369,0.0,0.9997298121452332,0.0,0.0,0.000270197255304,0.0,0.9996882677078248,0.0,0.0,0.0003117660526186,0.0,0.9998129606246948,0.0,0.0,0.0001870596315711,0.0,0.9997298121452332,0.0,0.0,0.000270197255304,0.0,0.994700014591217,0.0017874587792903,0.0016419679159298,0.0018705963157117,0.0,0.9896909594535828,0.0046557066962122,0.0028474633581936,0.0028058944735676,0.0,0.9886932969093324,0.0050090411677956,0.0035749175585806,0.0027227569371461,0.0,0.9906886219978333,0.0043855090625584,0.0026604037266224,0.0022655001375824,0.0,0.9885894060134888,0.0054247295483946,0.0034294265788048,0.0025564816314727,0.0,0.991166651248932,0.0040529589168727,0.0025980505160987,0.0021823623683303,0.0,0.9918733239173888,0.0035957018844783,0.002577266190201,0.0019537340849637,0.0,0.9819591641426086,0.008272192440927,0.0056117889471352,0.0041568810120224,0.0,0.983996033668518,0.00806434918195,0.0045102154836058,0.0034294265788048,0.0,0.9938893914222716,0.0027019726112484,0.0016419679159298,0.0017666743369773,0.0,0.9882152676582336,0.0053415917791426,0.0035749175585806,0.0028682476840913,0.0,0.9904184341430664,0.0047180596739053,0.0026811880525201,0.0021823623683303,0.0,0.989483118057251,0.004343940410763,0.0032007982954382,0.002972169779241,0.0,0.9886725544929504,0.0054870825260877,0.0032423669472336,0.0025980505160987,0.0,0.9853885769844056,0.0067549315281212,0.0044062938541173,0.0034502111375331,0.0,0.9937023520469666,0.0027435412630438,0.0017458898946642,0.001808243105188,0.0,0.9848273992538452,0.0073784636333584,0.0044686468318104,0.0033255047164857,0.0,0.992579996585846,0.0031384450849145,0.0024317752104252,0.001849811989814,0.0,0.9841623306274414,0.0066510094329714,0.0050090411677956,0.0041776653379201,0.0,0.9844325184822084,0.0074200322851538,0.0051961010321974,0.0029513854533433,0.0,0.9897741079330444,0.0045725689269602,0.0028474633581936,0.0028058944735676,0.0,0.9843701720237732,0.0073784636333584,0.0045933532528579,0.003658055095002,0.0,0.9870097637176514,0.0062561058439314,0.0036788394208997,0.0030553073156625,0.0,0.9907717704772948,0.0044686468318104,0.0024317752104252,0.0023278533481061,0.0,0.9902313947677612,0.0044062938541173,0.0028058944735676,0.0025564816314727,0.0,0.9862823486328124,0.0062768901698291,0.0039490368217229,0.0034917797893285,0.0,0.9805458188056946,0.0089788623154163,0.0061521837487816,0.0043231560848653,0.0,0.9831854701042176,0.0082514081150293,0.0048843347467482,0.0036788394208997,0.0,0.9915199875831604,0.0042608026415109,0.0023486376740038,0.0018705963157117,0.0,0.992247462272644,0.0037619771901518106,0.0022655001375824213,0.001725105568766594,0.0
22,0.9994596242904664,0.0,0.0,0.0005403945106081,0.0,0.9997298121452332,0.0,0.0,0.000270197255304,0.0,0.9997090697288512,0.0,0.0,0.0002909816685132,0.0,0.9997506141662598,0.0,0.0,0.0002494128420948,0.0,0.9996882677078248,0.0,0.0,0.0003117660526186,0.0,0.9997506141662598,0.0,0.0,0.0002494128420948,0.0,0.9997714161872864,0.0,0.0,0.0002286284434376,0.0,0.9997298121452332,0.0,0.0,0.000270197255304,0.0,0.9997714161872864,0.0,0.0,0.0002286284434376,0.0,0.9998337626457214,0.0,0.0,0.0001662752329139,0.0,0.999792218208313,0.0,0.0,0.0002078440447803,0.0,0.9997714161872864,0.0,0.0,0.0002286284434376,0.0,0.9997714161872864,0.0,0.0,0.0002286284434376,0.0,0.9997506141662598,0.0,0.0,0.0002494128420948,0.0,0.9998129606246948,0.0,0.0,0.0001870596315711,0.0,0.9997506141662598,0.0,0.0,0.0002494128420948,0.0,0.9997714161872864,0.0,0.0,0.0002286284434376,0.0,0.9997298121452332,0.0,0.0,0.000270197255304,0.0,0.9997298121452332,0.0,0.0,0.000270197255304,0.0,0.9998337626457214,0.0,0.0,0.0001662752329139,0.0,0.999792218208313,0.0,0.0,0.0002078440447803,0.0,0.9997090697288512,0.0,0.0,0.0002909816685132,0.0,0.9997090697288512,0.0,0.0,0.0002909816685132,0.0,0.9997714161872864,0.0,0.0,0.0002286284434376,0.0,0.999854564666748,0.0,0.0,0.0001454908342566,0.0,0.9996467232704164,0.0,0.0,0.0003533348790369,0.0,0.9997298121452332,0.0,0.0,0.000270197255304,0.0,0.9996882677078248,0.0,0.0,0.0003117660526186,0.0,0.9998129606246948,0.0,0.0,0.0001870596315711,0.0,0.9997298121452332,0.0,0.0,0.000270197255304,0.0,0.9941803812980652,0.0019745184108614,0.0018705963157117,0.0019745184108614,0.0,0.988381564617157,0.0048427660949528,0.0037204083055257,0.0030553073156625,0.0,0.9872384071350098,0.0055910046212375,0.0040737432427704,0.0030968762002885,0.0,0.9892752766609192,0.005154532380402,0.0029513854533433,0.0026188348419964,0.0,0.9866564273834229,0.0064847338944673,0.0039074681699275,0.0029513854533433,0.0,0.9898780584335328,0.0046141375787556,0.0030137386638671,0.0024941284209489,0.0,0.9905639290809632,0.0041984496638178,0.0030553073156625,0.0021823623683303,0.0,0.9791532754898072,0.009727100841701,0.0063184588216245,0.0048011974431574,0.0,0.9815434813499452,0.0088749406859278,0.005798848811537,0.0037827615160495,0.0,0.9930996298789978,0.0028682476840913,0.0018705963157117,0.0021615780424326,0.0,0.986718773841858,0.0057572801597416,0.0042192339897155,0.0033047201577574,0.0,0.988901138305664,0.0053623761050403,0.0033462890423834,0.0023902065586298,0.0,0.988007426261902,0.0047180596739053,0.0040737432427704,0.0032007982954382,0.0,0.9873839020729064,0.0054039452224969,0.004343940410763,0.0028682476840913,0.0,0.9835803508758544,0.0072953258641064,0.005154532380402,0.0039698211476206,0.0,0.9928709864616394,0.0031384450849145,0.001808243105188,0.0021823623683303,0.0,0.982707381248474,0.0078149363398551,0.0056325737386941,0.0038451147265732,0.0,0.9914368391036988,0.0035749175585806,0.0027851101476699,0.0022031469270586,0.0,0.98179292678833,0.0078149363398551,0.0056117889471352,0.0047804131172597,0.0,0.9822086095809937,0.0083553306758403,0.0060482616536319,0.0033878579270094,0.0,0.9883399605751038,0.00507139461115,0.0034917797893285,0.0030968762002885,0.0,0.9820631146430968,0.0084384679794311,0.0051961010321974,0.0043023717589676,0.0,0.9851391911506652,0.0071498351171612,0.0042815874330699,0.0034294265788048,0.0,0.989420771598816,0.0048635504208505,0.0030968762002885,0.0026188348419964,0.0,0.9885686039924622,0.0054039452224969,0.0031800137367099,0.0028474633581936,0.0,0.9840791821479796,0.0069419909268617,0.0051337475888431,0.0038451147265732,0.0,0.9778438806533812,0.0098725920543074,0.0071706194430589,0.0051129632629454,0.0,0.9810446500778198,0.0089165093377232,0.0057780644856393,0.0042608026415109,0.0,0.9904599785804749,0.004427078180015,0.0030137386638671,0.0020992248319089,0.0,0.9913329482078552,0.003949036821722984,0.0026604037266224623,0.0020576559472829103,0.0
23,0.9994596242904664,0.0,0.0,0.0005403945106081,0.0,0.9997298121452332,0.0,0.0,0.000270197255304,0.0,0.9997090697288512,0.0,0.0,0.0002909816685132,0.0,0.9997506141662598,0.0,0.0,0.0002494128420948,0.0,0.9996882677078248,0.0,0.0,0.0003117660526186,0.0,0.9997506141662598,0.0,0.0,0.0002494128420948,0.0,0.9997714161872864,0.0,0.0,0.0002286284434376,0.0,0.9997298121452332,0.0,0.0,0.000270197255304,0.0,0.9997714161872864,0.0,0.0,0.0002286284434376,0.0,0.9998337626457214,0.0,0.0,0.0001662752329139,0.0,0.999792218208313,0.0,0.0,0.0002078440447803,0.0,0.9997714161872864,0.0,0.0,0.0002286284434376,0.0,0.9997714161872864,0.0,0.0,0.0002286284434376,0.0,0.9997506141662598,0.0,0.0,0.0002494128420948,0.0,0.9998129606246948,0.0,0.0,0.0001870596315711,0.0,0.9997506141662598,0.0,0.0,0.0002494128420948,0.0,0.9997714161872864,0.0,0.0,0.0002286284434376,0.0,0.9997298121452332,0.0,0.0,0.000270197255304,0.0,0.9997298121452332,0.0,0.0,0.000270197255304,0.0,0.9998337626457214,0.0,0.0,0.0001662752329139,0.0,0.999792218208313,0.0,0.0,0.0002078440447803,0.0,0.9997090697288512,0.0,0.0,0.0002909816685132,0.0,0.9997090697288512,0.0,0.0,0.0002909816685132,0.0,0.9997714161872864,0.0,0.0,0.0002286284434376,0.0,0.999854564666748,0.0,0.0,0.0001454908342566,0.0,0.9996467232704164,0.0,0.0,0.0003533348790369,0.0,0.9997298121452332,0.0,0.0,0.000270197255304,0.0,0.9996882677078248,0.0,0.0,0.0003117660526186,0.0,0.9998129606246948,0.0,0.0,0.0001870596315711,0.0,0.9997298121452332,0.0,0.0,0.000270197255304,0.0,0.9933282136917114,0.0024733440950512,0.0019745184108614,0.0022239312529563,0.0,0.9864485859870912,0.00546629820019,0.0046141375787556,0.0034709954634308,0.0,0.9853885769844056,0.0061313994228839,0.0043647247366607,0.0041153118945658,0.0,0.9879035353660583,0.0053623761050403,0.0038035458419471,0.002930600894615,0.0,0.9840999841690063,0.0076278764754533,0.0048635504208505,0.0034086422529071,0.0,0.9882568717002868,0.0051337475888431,0.003699623979628,0.0029098165687173,0.0,0.9889219403266908,0.004738843999803,0.0038035458419471,0.002535697305575,0.0,0.9763681888580322,0.0105169080197811,0.0076694451272487,0.0054455138742923,0.0,0.9785505533218384,0.0099141607061028,0.006838068831712,0.0046972753480076,0.0,0.9924553036689758,0.0028474633581936,0.0024109908845275,0.0022862844634801,0.0,0.9847235083580016,0.0063600274734199,0.0051337475888431,0.0037827615160495,0.0,0.9872384071350098,0.0056533580645918,0.0042608026415109,0.0028474633581936,0.0,0.9862823486328124,0.0053415917791426,0.0045725689269602,0.0038035458419471,0.0,0.9853054881095886,0.0062353210523724,0.0051337475888431,0.0033255047164857,0.0,0.9811277985572816,0.0083137620240449,0.0060482616536319,0.0045102154836058,0.0,0.991914927959442,0.0031592294108122,0.0023902065586298,0.002535697305575,0.0,0.9798184037208556,0.0088333720341324,0.0067341467365622,0.0046141375787556,0.0,0.9903560876846312,0.0036788394208997,0.003263151505962,0.0027019726112484,0.0,0.9793403148651124,0.0083345463499426,0.0066717937588691,0.0056533580645918,0.0,0.979090929031372,0.0095192566514015,0.0069627752527594,0.004427078180015,0.0,0.9865940809249878,0.0057572801597416,0.0041568810120224,0.0034917797893285,0.0,0.9796521067619324,0.0088957250118255,0.0063184588216245,0.0051337475888431,0.0,0.983289361000061,0.0075239543803036,0.0050090411677956,0.0041776653379201,0.0,0.9875293970108032,0.0056117889471352,0.0038658990524709,0.0029929541051387,0.0,0.9871345162391664,0.0056117889471352,0.004032174590975,0.0032215826213359,0.0,0.9817097783088684,0.007960426621139,0.005881986580789,0.0044478625059127,0.0,0.9748924970626832,0.0107247522100806,0.00806434918195,0.0063184588216245,0.0,0.9784881472587584,0.0095608262345194,0.006838068831712,0.0051129632629454,0.0,0.9889427423477172,0.0049051195383071,0.0034086422529071,0.0027435412630438,0.0,0.9899196028709412,0.004219233989715576,0.003533348673954606,0.002327853348106146,0.0
24,0.9994596242904664,0.0,0.0,0.0005403945106081,0.0,0.9997298121452332,0.0,0.0,0.000270197255304,0.0,0.9997090697288512,0.0,0.0,0.0002909816685132,0.0,0.9997506141662598,0.0,0.0,0.0002494128420948,0.0,0.9996882677078248,0.0,0.0,0.0003117660526186,0.0,0.9997506141662598,0.0,0.0,0.0002494128420948,0.0,0.9997714161872864,0.0,0.0,0.0002286284434376,0.0,0.9997298121452332,0.0,0.0,0.000270197255304,0.0,0.9997714161872864,0.0,0.0,0.0002286284434376,0.0,0.9998337626457214,0.0,0.0,0.0001662752329139,0.0,0.999792218208313,0.0,0.0,0.0002078440447803,0.0,0.9997714161872864,0.0,0.0,0.0002286284434376,0.0,0.9997714161872864,0.0,0.0,0.0002286284434376,0.0,0.9997506141662598,0.0,0.0,0.0002494128420948,0.0,0.9998129606246948,0.0,0.0,0.0001870596315711,0.0,0.9997506141662598,0.0,0.0,0.0002494128420948,0.0,0.9997714161872864,0.0,0.0,0.0002286284434376,0.0,0.9997298121452332,0.0,0.0,0.000270197255304,0.0,0.9997298121452332,0.0,0.0,0.000270197255304,0.0,0.9998337626457214,0.0,0.0,0.0001662752329139,0.0,0.999792218208313,0.0,0.0,0.0002078440447803,0.0,0.9997090697288512,0.0,0.0,0.0002909816685132,0.0,0.9997090697288512,0.0,0.0,0.0002909816685132,0.0,0.9997714161872864,0.0,0.0,0.0002286284434376,0.0,0.999854564666748,0.0,0.0,0.0001454908342566,0.0,0.9996467232704164,0.0,0.0,0.0003533348790369,0.0,0.9997298121452332,0.0,0.0,0.000270197255304,0.0,0.9996882677078248,0.0,0.0,0.0003117660526186,0.0,0.9998129606246948,0.0,0.0,0.0001870596315711,0.0,0.9997298121452332,0.0,0.0,0.000270197255304,0.0,0.9924345016479492,0.0028890322428196,0.0020368716213852,0.0026396194007247,0.0,0.9840168356895448,0.0067549315281212,0.0051337475888431,0.0040945275686681,0.0,0.983538806438446,0.0064639495685696,0.0053000231273472,0.0046972753480076,0.0,0.9858666658401488,0.006193752400577,0.0044062938541173,0.0035333486739546,0.0,0.9813979864120485,0.0086670964956283,0.0057157110422849,0.0042192339897155,0.0,0.986905872821808,0.0053208074532449,0.0042608026415109,0.0035125643480569,0.0,0.9871137142181396,0.0056325737386941,0.0042192339897155,0.0030345229897648,0.0,0.972523033618927,0.0117431879043579,0.0091867065057158,0.0065470873378217,0.0,0.97516268491745,0.0111404405906796,0.0081682708114385,0.0055286516435444,0.0,0.9915615916252136,0.0027851101476699,0.002930600894615,0.0027227569371461,0.0,0.9824371933937072,0.0070043443702161,0.0061729680746793,0.0043855090625584,0.0,0.9851391911506652,0.0066094403155148,0.0049466881901025,0.0033047201577574,0.0,0.9842870235443116,0.0061729680746793,0.0050921789370477,0.0044478625059127,0.0,0.9824371933937072,0.0075031700544059,0.005798848811537,0.0042608026415109,0.0,0.97801011800766,0.0095192566514015,0.0069004222750663,0.0055702202953398,0.0,0.9906678199768066,0.0037827615160495,0.0027019726112484,0.0028474633581936,0.0,0.9770540595054626,0.0096439635381102,0.0078772893175482,0.0054247295483946,0.0,0.9886309504508972,0.004738843999803,0.0035541329998522,0.0030760918743908,0.0,0.9764928817749025,0.0094776879996061,0.0070459130220115,0.0069835595786571,0.0,0.9755783677101136,0.0109949493780732,0.0077110137790441,0.0057157110422849,0.0,0.984578013420105,0.0064639495685696,0.0049051195383071,0.0040529589168727,0.0,0.9765552282333374,0.0099141607061028,0.0078149363398551,0.0057157110422849,0.0,0.9802340865135192,0.0083968993276357,0.0064847338944673,0.0048843347467482,0.0,0.986053705215454,0.0060274773277342,0.0044062938541173,0.0035125643480569,0.0,0.9851183891296388,0.0064223809167742,0.0046349219046533,0.0038243304006755,0.0,0.9793611168861388,0.0085631748661398,0.0067757158540189,0.0053000231273472,0.0,0.9712551832199096,0.0119510320946574,0.0092906290665268,0.0075031700544059,0.0,0.9752458333969116,0.0104753393679857,0.0081682708114385,0.006110614631325,0.0,0.9873007535934448,0.0051337475888431,0.0042192339897155,0.0033462890423834,0.0,0.9882568717002869,0.004946688190102577,0.003928252495825291,0.0028682476840913296,0.0
25,0.9994596242904664,0.0,0.0,0.0005403945106081,0.0,0.9997298121452332,0.0,0.0,0.000270197255304,0.0,0.9997090697288512,0.0,0.0,0.0002909816685132,0.0,0.9997506141662598,0.0,0.0,0.0002494128420948,0.0,0.9996882677078248,0.0,0.0,0.0003117660526186,0.0,0.9997506141662598,0.0,0.0,0.0002494128420948,0.0,0.9997714161872864,0.0,0.0,0.0002286284434376,0.0,0.9997298121452332,0.0,0.0,0.000270197255304,0.0,0.9997714161872864,0.0,0.0,0.0002286284434376,0.0,0.9998337626457214,0.0,0.0,0.0001662752329139,0.0,0.999792218208313,0.0,0.0,0.0002078440447803,0.0,0.9997714161872864,0.0,0.0,0.0002286284434376,0.0,0.9997714161872864,0.0,0.0,0.0002286284434376,0.0,0.9997506141662598,0.0,0.0,0.0002494128420948,0.0,0.9998129606246948,0.0,0.0,0.0001870596315711,0.0,0.9997506141662598,0.0,0.0,0.0002494128420948,0.0,0.9997714161872864,0.0,0.0,0.0002286284434376,0.0,0.9997298121452332,0.0,0.0,0.000270197255304,0.0,0.9997298121452332,0.0,0.0,0.000270197255304,0.0,0.9998337626457214,0.0,0.0,0.0001662752329139,0.0,0.999792218208313,0.0,0.0,0.0002078440447803,0.0,0.9997090697288512,0.0,0.0,0.0002909816685132,0.0,0.9997090697288512,0.0,0.0,0.0002909816685132,0.0,0.9997714161872864,0.0,0.0,0.0002286284434376,0.0,0.999854564666748,0.0,0.0,0.0001454908342566,0.0,0.9996467232704164,0.0,0.0,0.0003533348790369,0.0,0.9997298121452332,0.0,0.0,0.000270197255304,0.0,0.9996882677078248,0.0,0.0,0.0003117660526186,0.0,0.9998129606246948,0.0,0.0,0.0001870596315711,0.0,0.9997298121452332,0.0,0.0,0.000270197255304,0.0,0.9912082552909852,0.0034917797893285,0.0022239312529563,0.0030760918743908,0.0,0.9817305207252502,0.007960426621139,0.0056949267163872,0.0046141375787556,0.0,0.9810654520988464,0.0076278764754533,0.0059235552325844,0.0053831608965992,0.0,0.9835803508758544,0.0071082659997045,0.0050921789370477,0.0042192339897155,0.0,0.978654444217682,0.0099349450320005,0.0062353210523724,0.0051753167062997,0.0,0.9847858548164368,0.0063808122649788,0.0046972753480076,0.0041360962204635,0.0,0.9854925274848938,0.0063808122649788,0.0045517846010625,0.0035749175585806,0.0,0.967867374420166,0.014091826044023,0.0097894547507166,0.0082514081150293,0.0,0.9710889458656312,0.0129071148112416,0.0094776879996061,0.006526303011924,0.0,0.9900858998298644,0.0038035458419471,0.0030760918743908,0.0030345229897648,0.0,0.9793819189071656,0.0088333720341324,0.0064639495685696,0.0053208074532449,0.0,0.9832686185836792,0.0071498351171612,0.0055494359694421,0.004032174590975,0.0,0.9820423126220704,0.0074408166110515,0.00507139461115,0.0054455138742923,0.0,0.9791532754898072,0.0095192566514015,0.0063392431475222,0.0049882568418979,0.0,0.9746846556663512,0.0107039678841829,0.0081059178337454,0.0065055186860263,0.0,0.989794909954071,0.0039074681699275,0.0030553073156625,0.0032423669472336,0.0,0.973229706287384,0.011597697623074,0.0085216052830219,0.0066510094329714,0.0,0.9872384071350098,0.0053415917791426,0.0039074681699275,0.0035125643480569,0.0,0.9736453890800476,0.0105169080197811,0.0079188579693436,0.0079188579693436,0.0,0.9722528457641602,0.0121796606108546,0.0085423905402421,0.0070251286961138,0.0,0.9825411438941956,0.007232972420752,0.0054870825260877,0.004738843999803,0.0,0.9728556275367736,0.0115145603194832,0.0086670964956283,0.0069627752527594,0.0,0.9774905443191528,0.0095192566514015,0.0073576788417994,0.0056325737386941,0.0,0.9837258458137512,0.0070459130220115,0.0052168853580951,0.004011389799416,0.0,0.9832686185836792,0.0069627752527594,0.0052792388014495,0.0044894311577081,0.0,0.9762850403785706,0.0099972980096936,0.0071498351171612,0.0065678716637194,0.0,0.9669528603553772,0.0135930003598332,0.010558477602899,0.0088957250118255,0.0,0.9713175296783448,0.0118678947910666,0.0095608262345194,0.007253757212311,0.0,0.9854509234428406,0.0060690459795296,0.0045517846010625,0.0039282524958252,0.0,0.9862823486328125,0.005965123884379864,0.0042608026415109634,0.003491779789328575,0.0
26,0.9994596242904664,0.0,0.0,0.0005403945106081,0.0,0.9997298121452332,0.0,0.0,0.000270197255304,0.0,0.9997090697288512,0.0,0.0,0.0002909816685132,0.0,0.9997506141662598,0.0,0.0,0.0002494128420948,0.0,0.9996882677078248,0.0,0.0,0.0003117660526186,0.0,0.9997506141662598,0.0,0.0,0.0002494128420948,0.0,0.9997714161872864,0.0,0.0,0.0002286284434376,0.0,0.9997298121452332,0.0,0.0,0.000270197255304,0.0,0.9997714161872864,0.0,0.0,0.0002286284434376,0.0,0.9998337626457214,0.0,0.0,0.0001662752329139,0.0,0.999792218208313,0.0,0.0,0.0002078440447803,0.0,0.9997714161872864,0.0,0.0,0.0002286284434376,0.0,0.9997714161872864,0.0,0.0,0.0002286284434376,0.0,0.9997506141662598,0.0,0.0,0.0002494128420948,0.0,0.9998129606246948,0.0,0.0,0.0001870596315711,0.0,0.9997506141662598,0.0,0.0,0.0002494128420948,0.0,0.9997714161872864,0.0,0.0,0.0002286284434376,0.0,0.9997298121452332,0.0,0.0,0.000270197255304,0.0,0.9997298121452332,0.0,0.0,0.000270197255304,0.0,0.9998337626457214,0.0,0.0,0.0001662752329139,0.0,0.999792218208313,0.0,0.0,0.0002078440447803,0.0,0.9997090697288512,0.0,0.0,0.0002909816685132,0.0,0.9997090697288512,0.0,0.0,0.0002909816685132,0.0,0.9997714161872864,0.0,0.0,0.0002286284434376,0.0,0.999854564666748,0.0,0.0,0.0001454908342566,0.0,0.9996467232704164,0.0,0.0,0.0003533348790369,0.0,0.9997298121452332,0.0,0.0,0.000270197255304,0.0,0.9996882677078248,0.0,0.0,0.0003117660526186,0.0,0.9998129606246948,0.0,0.0,0.0001870596315711,0.0,0.9997298121452332,0.0,0.0,0.000270197255304,0.0,0.990065097808838,0.0041153118945658,0.0023070687893778,0.0035125643480569,0.0,0.9795689582824708,0.0088125877082347,0.0059651238843798,0.0056533580645918,0.0,0.977677583694458,0.0095608262345194,0.0064639495685696,0.0062976744957268,0.0,0.9812732934951782,0.0080019952729344,0.005798848811537,0.0049259038642048,0.0,0.9754120707511902,0.0112443622201681,0.0073576788417994,0.0059859082102775,0.0,0.982520341873169,0.0073576788417994,0.0053415917791426,0.0047804131172597,0.0,0.9830191731452942,0.0075447387062013,0.0049051195383071,0.0045310002751648,0.0,0.9630038142204284,0.0161494817584753,0.0110780876129865,0.0097686694934964,0.0,0.967243790626526,0.0142996702343225,0.0105169080197811,0.0079396422952413,0.0,0.9886309504508972,0.0044686468318104,0.0034917797893285,0.0034086422529071,0.0,0.9765344262123108,0.0101843578740954,0.006838068831712,0.0064431652426719,0.0,0.9805250763893129,0.008376115001738,0.0062353210523724,0.0048635504208505,0.0,0.979735255241394,0.008272192440927,0.0058196331374347,0.0061729680746793,0.0,0.975619912147522,0.0117639731615781,0.0067757158540189,0.0058404174633324,0.0,0.9708187580108644,0.0127616245299577,0.0085631748661398,0.0078565049916505,0.0,0.9882152676582336,0.0046557066962122,0.0035749175585806,0.0035541329998522,0.0,0.9694677591323853,0.0132396649569273,0.0094984723255038,0.0077941515482962,0.0,0.985741913318634,0.0056949267163872,0.0042815874330699,0.0042815874330699,0.0,0.970195174217224,0.011597697623074,0.0090204309672117,0.0091867065057158,0.0,0.967888116836548,0.0143204545602202,0.0096439635381102,0.0081474864855408,0.0,0.9796936511993408,0.0086463121697306,0.0060066930018365,0.0056533580645918,0.0,0.968262255191803,0.0138008445501327,0.0096855321899056,0.0082514081150293,0.0,0.9739363789558412,0.0112027935683727,0.0081267021596431,0.0067341467365622,0.0,0.9810031056404114,0.0084176836535334,0.0058196331374347,0.0047596283257007,0.0,0.9806497693061828,0.0079188579693436,0.0060690459795296,0.0053623761050403,0.0,0.972647786140442,0.0114314220845699,0.0084800366312265,0.0074408166110515,0.0,0.9622971415519714,0.015546734444797,0.0116808349266648,0.0104753393679857,0.0,0.9666410684585572,0.014403591863811,0.0103922020643949,0.0085631748661398,0.0,0.983476459980011,0.0069835595786571,0.0053208074532449,0.0042192339897155,0.0,0.9841623306274414,0.007170619443058968,0.004676491022109985,0.003990605473518372,0.0
27,0.9994596242904664,0.0,0.0,0.0005403945106081,0.0,0.9997298121452332,0.0,0.0,0.000270197255304,0.0,0.9997090697288512,0.0,0.0,0.0002909816685132,0.0,0.9997506141662598,0.0,0.0,0.0002494128420948,0.0,0.9996882677078248,0.0,0.0,0.0003117660526186,0.0,0.9997506141662598,0.0,0.0,0.0002494128420948,0.0,0.9997714161872864,0.0,0.0,0.0002286284434376,0.0,0.9997298121452332,0.0,0.0,0.000270197255304,0.0,0.9997714161872864,0.0,0.0,0.0002286284434376,0.0,0.9998337626457214,0.0,0.0,0.0001662752329139,0.0,0.999792218208313,0.0,0.0,0.0002078440447803,0.0,0.9997714161872864,0.0,0.0,0.0002286284434376,0.0,0.9997714161872864,0.0,0.0,0.0002286284434376,0.0,0.9997506141662598,0.0,0.0,0.0002494128420948,0.0,0.9998129606246948,0.0,0.0,0.0001870596315711,0.0,0.9997506141662598,0.0,0.0,0.0002494128420948,0.0,0.9997714161872864,0.0,0.0,0.0002286284434376,0.0,0.9997298121452332,0.0,0.0,0.000270197255304,0.0,0.9997298121452332,0.0,0.0,0.000270197255304,0.0,0.9998337626457214,0.0,0.0,0.0001662752329139,0.0,0.999792218208313,0.0,0.0,0.0002078440447803,0.0,0.9997090697288512,0.0,0.0,0.0002909816685132,0.0,0.9997090697288512,0.0,0.0,0.0002909816685132,0.0,0.9997714161872864,0.0,0.0,0.0002286284434376,0.0,0.999854564666748,0.0,0.0,0.0001454908342566,0.0,0.9996467232704164,0.0,0.0,0.0003533348790369,0.0,0.9997298121452332,0.0,0.0,0.000270197255304,0.0,0.9996882677078248,0.0,0.0,0.0003117660526186,0.0,0.9998129606246948,0.0,0.0,0.0001870596315711,0.0,0.9997298121452332,0.0,0.0,0.000270197255304,0.0,0.9886725544929504,0.0046557066962122,0.0028266790322959,0.0038451147265732,0.0,0.9769501090049744,0.0094984723255038,0.0067757158540189,0.0067757158540189,0.0,0.9747470021247864,0.0106416149064898,0.0074408166110515,0.0071706194430589,0.0,0.9787167906761168,0.0091867065057158,0.006526303011924,0.0055702202953398,0.0,0.9716708660125732,0.0124290734529495,0.0090412162244319,0.0068588531576097,0.0,0.9796521067619324,0.0086047435179352,0.0062353210523724,0.0055078673176467,0.0,0.9807536602020264,0.0081682708114385,0.0058404174633324,0.0052376696839928,0.0,0.9579739570617676,0.0183941982686519,0.0125122116878628,0.0111196562647819,0.0,0.9628167152404784,0.0157337933778762,0.0118678947910666,0.0095816105604171,0.0,0.9868850708007812,0.0055702202953398,0.0035125643480569,0.004032174590975,0.0,0.9734583497047424,0.0112651474773883,0.0077525828965008,0.0075239543803036,0.0,0.9777607321739196,0.0094776879996061,0.0070251286961138,0.0057364953681826,0.0,0.9764512777328492,0.009831023402512,0.0064431652426719,0.0072745415382087,0.0,0.9723775386810304,0.0129278991371393,0.0074823852628469,0.0072121880948543,0.0,0.9663916826248168,0.0147361429408192,0.0097478851675987,0.0091243535280227,0.0,0.986386239528656,0.0055286516435444,0.0040945275686681,0.0039906054735183,0.0,0.965290069580078,0.0145282987505197,0.0107039678841829,0.0094776879996061,0.0,0.9836426973342896,0.0067133624106645,0.0046557066962122,0.0049882568418979,0.0,0.9660383462905884,0.0133020188659429,0.0102674951776862,0.0103922020643949,0.0,0.9627336263656616,0.0163573268800973,0.0114729907363653,0.0094361193478107,0.0,0.9764928817749025,0.0101012205705046,0.0068172845058143,0.0065886559896171,0.0,0.964063823223114,0.0155883030965924,0.0108494590967893,0.0094984723255038,0.0,0.9697587490081788,0.0135306473821401,0.008999646641314,0.0077110137790441,0.0,0.9785089492797852,0.0090204309672117,0.0067549315281212,0.0057157110422849,0.0,0.977989375591278,0.0091451378539204,0.006838068831712,0.0060274773277342,0.0,0.9693222641944884,0.0123875048011541,0.0093114133924245,0.0089788623154163,0.0,0.9567061066627502,0.0181863531470298,0.0128239775076508,0.0122835831716656,0.0,0.962068498134613,0.0164196789264678,0.0114729907363653,0.0100388675928115,0.0,0.9808784127235411,0.00806434918195,0.0059443395584821,0.0051129632629454,0.0,0.9820838570594788,0.007835720665752888,0.005362376105040312,0.004718059673905373,0.0
28,0.9994596242904664,0.0,0.0,0.0005403945106081,0.0,0.9997298121452332,0.0,0.0,0.000270197255304,0.0,0.9997090697288512,0.0,0.0,0.0002909816685132,0.0,0.9997506141662598,0.0,0.0,0.0002494128420948,0.0,0.9996882677078248,0.0,0.0,0.0003117660526186,0.0,0.9997506141662598,0.0,0.0,0.0002494128420948,0.0,0.9997714161872864,0.0,0.0,0.0002286284434376,0.0,0.9997298121452332,0.0,0.0,0.000270197255304,0.0,0.9997714161872864,0.0,0.0,0.0002286284434376,0.0,0.9998337626457214,0.0,0.0,0.0001662752329139,0.0,0.999792218208313,0.0,0.0,0.0002078440447803,0.0,0.9997714161872864,0.0,0.0,0.0002286284434376,0.0,0.9997714161872864,0.0,0.0,0.0002286284434376,0.0,0.9997506141662598,0.0,0.0,0.0002494128420948,0.0,0.9998129606246948,0.0,0.0,0.0001870596315711,0.0,0.9997506141662598,0.0,0.0,0.0002494128420948,0.0,0.9997714161872864,0.0,0.0,0.0002286284434376,0.0,0.9997298121452332,0.0,0.0,0.000270197255304,0.0,0.9997298121452332,0.0,0.0,0.000270197255304,0.0,0.9998337626457214,0.0,0.0,0.0001662752329139,0.0,0.999792218208313,0.0,0.0,0.0002078440447803,0.0,0.9997090697288512,0.0,0.0,0.0002909816685132,0.0,0.9997090697288512,0.0,0.0,0.0002909816685132,0.0,0.9997714161872864,0.0,0.0,0.0002286284434376,0.0,0.999854564666748,0.0,0.0,0.0001454908342566,0.0,0.9996467232704164,0.0,0.0,0.0003533348790369,0.0,0.9997298121452332,0.0,0.0,0.000270197255304,0.0,0.9996882677078248,0.0,0.0,0.0003117660526186,0.0,0.9998129606246948,0.0,0.0,0.0001870596315711,0.0,0.9997298121452332,0.0,0.0,0.000270197255304,0.0,0.9880905747413636,0.004343940410763,0.0033670733682811,0.0041984496638178,0.0,0.9757862091064452,0.0082306237891316,0.0078980736434459,0.0080851335078477,0.0,0.9730218648910522,0.0105169080197811,0.0079812109470367,0.0084800366312265,0.0,0.977365791797638,0.0085008209571242,0.0073992479592561,0.0067341467365622,0.0,0.9699249863624572,0.0114729907363653,0.0103298490867018,0.008272192440927,0.0,0.97832190990448,0.0085839591920375,0.0064847338944673,0.0066094403155148,0.0,0.9793403148651124,0.0077733672223985,0.0065470873378217,0.0063392431475222,0.0,0.9557915925979614,0.0167314447462558,0.0143620232120156,0.0131149590015411,0.0,0.960197925567627,0.0149647705256938,0.0133020188659429,0.0115353446453809,0.0,0.9862823486328124,0.0052792388014495,0.0037411926314234,0.0046972753480076,0.0,0.97200345993042,0.0104337707161903,0.0086463121697306,0.0089165093377232,0.0,0.9760355949401855,0.009103569202125,0.0077525828965008,0.0071082659997045,0.0,0.9750587344169616,0.0092282751575112,0.0073368945159018,0.008376115001738,0.0,0.9708811044692992,0.0115561289712786,0.009103569202125,0.0084592523053288,0.0,0.9640430212020874,0.0139671191573143,0.0114314220845699,0.010558477602899,0.0,0.9856380224227904,0.0050298259593546,0.0044062938541173,0.0049259038642048,0.0,0.96308696269989,0.0139671191573143,0.011597697623074,0.0113482847809791,0.0,0.9825411438941956,0.0060898303054273,0.0054039452224969,0.0059651238843798,0.0,0.9639390707015992,0.0125537803396582,0.011182009242475,0.012325151823461,0.0,0.9604057669639589,0.0151726147159934,0.0130318216979503,0.0113898534327745,0.0,0.97516268491745,0.009415335021913,0.0077733672223985,0.007648660801351,0.0,0.9620476961135864,0.014507514424622,0.0119926007464528,0.0114522064104676,0.0,0.9674724340438844,0.0127616245299577,0.0105792619287967,0.0091867065057158,0.0,0.9773242473602296,0.0087294494733214,0.0070874816738069,0.0068588531576097,0.0,0.9767422676086426,0.008376115001738,0.0076278764754533,0.007253757212311,0.0,0.9671398997306824,0.01222122926265,0.0103090647608041,0.0103298490867018,0.0,0.954648494720459,0.0166067387908697,0.0143620232120156,0.0143828075379133,0.0,0.9596367478370668,0.0156090874224901,0.0128031931817531,0.0119510320946574,0.0,0.9797144532203674,0.0075863073579967,0.0065470873378217,0.0061521837487816,0.0,0.9811069965362549,0.007149835117161274,0.005881986580789089,0.005861201789230108,0.0
29,0.9994596242904664,0.0,0.0,0.0005403945106081,0.0,0.9997298121452332,0.0,0.0,0.000270197255304,0.0,0.9997090697288512,0.0,0.0,0.0002909816685132,0.0,0.9997506141662598,0.0,0.0,0.0002494128420948,0.0,0.9996882677078248,0.0,0.0,0.0003117660526186,0.0,0.9997506141662598,0.0,0.0,0.0002494128420948,0.0,0.9997714161872864,0.0,0.0,0.0002286284434376,0.0,0.9997298121452332,0.0,0.0,0.000270197255304,0.0,0.9997714161872864,0.0,0.0,0.0002286284434376,0.0,0.9998337626457214,0.0,0.0,0.0001662752329139,0.0,0.999792218208313,0.0,0.0,0.0002078440447803,0.0,0.9997714161872864,0.0,0.0,0.0002286284434376,0.0,0.9997714161872864,0.0,0.0,0.0002286284434376,0.0,0.9997506141662598,0.0,0.0,0.0002494128420948,0.0,0.9998129606246948,0.0,0.0,0.0001870596315711,0.0,0.9997506141662598,0.0,0.0,0.0002494128420948,0.0,0.9997714161872864,0.0,0.0,0.0002286284434376,0.0,0.9997298121452332,0.0,0.0,0.000270197255304,0.0,0.9997298121452332,0.0,0.0,0.000270197255304,0.0,0.9998337626457214,0.0,0.0,0.0001662752329139,0.0,0.999792218208313,0.0,0.0,0.0002078440447803,0.0,0.9997090697288512,0.0,0.0,0.0002909816685132,0.0,0.9997090697288512,0.0,0.0,0.0002909816685132,0.0,0.9997714161872864,0.0,0.0,0.0002286284434376,0.0,0.999854564666748,0.0,0.0,0.0001454908342566,0.0,0.9996467232704164,0.0,0.0,0.0003533348790369,0.0,0.9997298121452332,0.0,0.0,0.000270197255304,0.0,0.9996882677078248,0.0,0.0,0.0003117660526186,0.0,0.9998129606246948,0.0,0.0,0.0001870596315711,0.0,0.9997298121452332,0.0,0.0,0.000270197255304,0.0,0.9874670505523682,0.0037411926314234,0.0041153118945658,0.0046764910221099,0.0,0.9742273688316344,0.0075031700544059,0.0090412162244319,0.0092282751575112,0.0,0.9711096882820128,0.0099557293578982,0.0089372936636209,0.0099972980096936,0.0,0.9759732484817504,0.0076070916838943,0.0084800366312265,0.0079396422952413,0.0,0.9678049683570862,0.0108494590967893,0.0114106377586722,0.0099349450320005,0.0,0.976700723171234,0.0080851335078477,0.0074408166110515,0.0077733672223985,0.0,0.9780309200286864,0.0074616009369492,0.007253757212311,0.007253757212311,0.0,0.9523829817771912,0.0154843814671039,0.0163988955318927,0.0157337933778762,0.0,0.9574543833732604,0.0136345690116286,0.0152141833677887,0.0136969219893217,0.0,0.9853470325469972,0.004738843999803,0.0042608026415109,0.0056533580645918,0.0,0.9701536297798156,0.0092282751575112,0.0100596519187092,0.010558477602899,0.0,0.9747053980827332,0.0085631748661398,0.0084800366312265,0.0082514081150293,0.0,0.973167359828949,0.0088749406859278,0.0084176836535334,0.0095400419086217,0.0,0.9689897298812866,0.0101635735481977,0.0107871061190962,0.0100596519187092,0.0,0.9618398547172546,0.0128447618335485,0.0128447618335485,0.0124706421047449,0.0,0.9849105477333068,0.0048843347467482,0.0046557066962122,0.0055494359694421,0.0,0.9607591032981871,0.0124706421047449,0.0134682934731245,0.0133020188659429,0.0,0.9816681742668152,0.0055702202953398,0.0061313994228839,0.0066302251070737,0.0,0.9623178839683532,0.0113275004550814,0.012325151823461,0.0140294730663299,0.0,0.9583480954170228,0.0139047661796212,0.0143204545602202,0.0134267248213291,0.0,0.9736038446426392,0.0089372936636209,0.0085008209571242,0.0089580779895186,0.0,0.9590755701065063,0.013780060224235,0.0136137846857309,0.0135306473821401,0.0,0.965477168560028,0.012013386003673,0.0111404405906796,0.0113690691068768,0.0,0.9760563969612122,0.0076694451272487,0.0083553306758403,0.0079188579693436,0.0,0.9753081798553468,0.007960426621139,0.008272192440927,0.0084592523053288,0.0,0.964832842350006,0.0114522064104676,0.0116392662748694,0.0120757389813661,0.0,0.9518633484840392,0.0150894774124026,0.0162534043192863,0.0167937986552715,0.0,0.9569970965385436,0.0143204545602202,0.014403591863811,0.0142788859084248,0.0,0.9785712957382202,0.0068796379491686,0.0069835595786571,0.007565523032099,0.0,0.9797144532203674,0.006567871663719416,0.006921206600964069,0.00679650017991662,0.0
30,0.9994596242904664,0.0,0.0,0.0005403945106081,0.0,0.9997298121452332,0.0,0.0,0.000270197255304,0.0,0.9997090697288512,0.0,0.0,0.0002909816685132,0.0,0.9997506141662598,0.0,0.0,0.0002494128420948,0.0,0.9996882677078248,0.0,0.0,0.0003117660526186,0.0,0.9997506141662598,0.0,0.0,0.0002494128420948,0.0,0.9997714161872864,0.0,0.0,0.0002286284434376,0.0,0.9997298121452332,0.0,0.0,0.000270197255304,0.0,0.9997714161872864,0.0,0.0,0.0002286284434376,0.0,0.9998337626457214,0.0,0.0,0.0001662752329139,0.0,0.999792218208313,0.0,0.0,0.0002078440447803,0.0,0.9997714161872864,0.0,0.0,0.0002286284434376,0.0,0.9997714161872864,0.0,0.0,0.0002286284434376,0.0,0.9997506141662598,0.0,0.0,0.0002494128420948,0.0,0.9998129606246948,0.0,0.0,0.0001870596315711,0.0,0.9997506141662598,0.0,0.0,0.0002494128420948,0.0,0.9997714161872864,0.0,0.0,0.0002286284434376,0.0,0.9997298121452332,0.0,0.0,0.000270197255304,0.0,0.9997298121452332,0.0,0.0,0.000270197255304,0.0,0.9998337626457214,0.0,0.0,0.0001662752329139,0.0,0.999792218208313,0.0,0.0,0.0002078440447803,0.0,0.9997090697288512,0.0,0.0,0.0002909816685132,0.0,0.9997090697288512,0.0,0.0,0.0002909816685132,0.0,0.9997714161872864,0.0,0.0,0.0002286284434376,0.0,0.999854564666748,0.0,0.0,0.0001454908342566,0.0,0.9996467232704164,0.0,0.0,0.0003533348790369,0.0,0.9997298121452332,0.0,0.0,0.000270197255304,0.0,0.9996882677078248,0.0,0.0,0.0003117660526186,0.0,0.9998129606246948,0.0,0.0,0.0001870596315711,0.0,0.9997298121452332,0.0,0.0,0.000270197255304,0.0,0.9866564273834229,0.0034086422529071,0.0046349219046533,0.0053000231273472,0.0,0.9726269841194152,0.0069419909268617,0.0101220048964023,0.0103090647608041,0.0,0.9693430662155152,0.0083345463499426,0.0110157346352934,0.0113067161291837,0.0,0.9746638536453248,0.0066094403155148,0.009415335021913,0.0093114133924245,0.0,0.9657889008522034,0.0096231792122125,0.0131773119792342,0.0114106377586722,0.0,0.9753497242927552,0.0071706194430589,0.0086463121697306,0.0088333720341324,0.0,0.9767422676086426,0.0062768901698291,0.0088541563600301,0.0081267021596431,0.0,0.949182152748108,0.0138216288760304,0.0189553759992122,0.0180408619344234,0.0,0.9546068906784058,0.012636917643249,0.0167522300034761,0.0160039905458688,0.0,0.9844740629196168,0.0041568810120224,0.0052584540098905,0.006110614631325,0.0,0.9684077501296996,0.0081267021596431,0.0116808349266648,0.0117847574874758,0.0,0.9731465578079224,0.0073784636333584,0.0098933763802051,0.0095816105604171,0.0,0.9715877771377563,0.0081474864855408,0.0097478851675987,0.0105169080197811,0.0,0.9667034149169922,0.0089165093377232,0.013052606023848,0.0113275004550814,0.0,0.9593249559402466,0.011493775062263,0.0145698674023151,0.0146114360541105,0.0,0.9840583801269532,0.0041568810120224,0.0054870825260877,0.0062976744957268,0.0,0.9586182832717896,0.0108494590967893,0.0153596745803952,0.0151726147159934,0.0,0.9806913137435912,0.0050506102852523,0.006838068831712,0.0074200322851538,0.0,0.9601771235466005,0.0100180823355913,0.0139671191573143,0.0158377159386873,0.0,0.9558539390563964,0.0120341703295707,0.016544384881854,0.0155675187706947,0.0,0.971795618534088,0.0078980736434459,0.0100804362446069,0.0102259265258908,0.0,0.9565398693084716,0.0117224035784602,0.0161079131066799,0.0156298726797103,0.0,0.9636688828468324,0.0102674951776862,0.0130733903497457,0.0129902521148324,0.0,0.974206566810608,0.0067965001799166,0.0097686694934964,0.0092282751575112,0.0,0.973874032497406,0.0067757158540189,0.0095816105604171,0.0097686694934964,0.0,0.9628167152404784,0.009831023402512,0.0136345690116286,0.0137177063152194,0.0,0.9489327669143676,0.013364371843636,0.0182487070560455,0.019454201683402,0.0,0.9543782472610474,0.0122627988457679,0.016544384881854,0.0168145820498466,0.0,0.9769917130470276,0.0064847338944673,0.0080435648560523,0.0084800366312265,0.0,0.9786544442176819,0.005507867317646742,0.008085133507847786,0.007752582896500826,0.0
31,0.9994596242904664,0.0,0.0,0.0005403945106081,0.0,0.9997298121452332,0.0,0.0,0.000270197255304,0.0,0.9997090697288512,0.0,0.0,0.0002909816685132,0.0,0.9997506141662598,0.0,0.0,0.0002494128420948,0.0,0.9996882677078248,0.0,0.0,0.0003117660526186,0.0,0.9997506141662598,0.0,0.0,0.0002494128420948,0.0,0.9997714161872864,0.0,0.0,0.0002286284434376,0.0,0.9997298121452332,0.0,0.0,0.000270197255304,0.0,0.9997714161872864,0.0,0.0,0.0002286284434376,0.0,0.9998337626457214,0.0,0.0,0.0001662752329139,0.0,0.999792218208313,0.0,0.0,0.0002078440447803,0.0,0.9997714161872864,0.0,0.0,0.0002286284434376,0.0,0.9997714161872864,0.0,0.0,0.0002286284434376,0.0,0.9997506141662598,0.0,0.0,0.0002494128420948,0.0,0.9998129606246948,0.0,0.0,0.0001870596315711,0.0,0.9997506141662598,0.0,0.0,0.0002494128420948,0.0,0.9997714161872864,0.0,0.0,0.0002286284434376,0.0,0.9997298121452332,0.0,0.0,0.000270197255304,0.0,0.9997298121452332,0.0,0.0,0.000270197255304,0.0,0.9998337626457214,0.0,0.0,0.0001662752329139,0.0,0.999792218208313,0.0,0.0,0.0002078440447803,0.0,0.9997090697288512,0.0,0.0,0.0002909816685132,0.0,0.9997090697288512,0.0,0.0,0.0002909816685132,0.0,0.9997714161872864,0.0,0.0,0.0002286284434376,0.0,0.999854564666748,0.0,0.0,0.0001454908342566,0.0,0.9996467232704164,0.0,0.0,0.0003533348790369,0.0,0.9997298121452332,0.0,0.0,0.000270197255304,0.0,0.9996882677078248,0.0,0.0,0.0003117660526186,0.0,0.9998129606246948,0.0,0.0,0.0001870596315711,0.0,0.9997298121452332,0.0,0.0,0.000270197255304,0.0,0.9858874082565308,0.0027851101476699,0.0055078673176467,0.0058196331374347,0.0,0.9704654216766356,0.0064847338944673,0.0114314220845699,0.0116184819489717,0.0,0.966786563396454,0.007960426621139,0.0124914264306426,0.0127616245299577,0.0,0.9729595184326172,0.0057572801597416,0.010558477602899,0.0107247522100806,0.0,0.9635233879089355,0.0081474864855408,0.0149855557829141,0.0133435875177383,0.0,0.9733128547668456,0.0063392431475222,0.0102259265258908,0.0101220048964023,0.0,0.9750795364379884,0.0056741423904895,0.0098102390766143,0.0094361193478107,0.0,0.9456280469894408,0.0123459361493587,0.0211793072521686,0.0208467580378055,0.0,0.950928032398224,0.0118886791169643,0.018726747483015,0.0184565503150224,0.0,0.9831646680831908,0.0037204083055257,0.0062145367264747,0.0069004222750663,0.0,0.9661214351654052,0.0073368945159018,0.0132604502141475,0.0132812345400452,0.0,0.9708187580108644,0.0069419909268617,0.0111404405906796,0.0110988719388842,0.0,0.9692806601524352,0.0071706194430589,0.0115561289712786,0.0119926007464528,0.0,0.9643132090568542,0.00806434918195,0.0150063401088118,0.0126161333173513,0.0,0.9560617804527284,0.0103298490867018,0.0171887017786502,0.0164196789264678,0.0,0.9829360246658324,0.0034502111375331,0.0064847338944673,0.0071290507912635,0.0,0.9553135633468628,0.0099765136837959,0.0174173302948474,0.0172926243394613,0.0,0.9795066118240356,0.0041360962204635,0.0077941515482962,0.0085631748661398,0.0,0.9573919773101808,0.0086463121697306,0.0157545786350965,0.0182071384042501,0.0,0.9520296454429626,0.0107039678841829,0.0194749869406223,0.0177914500236511,0.0,0.9697587490081788,0.0067341467365622,0.0118471104651689,0.0116600506007671,0.0,0.9535468816757202,0.0105169080197811,0.017999293282628,0.0179369412362575,0.0,0.9609461426734924,0.0088125877082347,0.0153804589062929,0.0148608488962054,0.0,0.9723359942436218,0.0061729680746793,0.0109118120744824,0.0105792619287967,0.0,0.9714422821998596,0.0065470873378217,0.0105792619287967,0.0114314220845699,0.0,0.9595327973365784,0.0097894547507166,0.0147569272667169,0.0159208532422781,0.0,0.945752739906311,0.0109533807262778,0.0211377386003732,0.0221561752259731,0.0,0.9508241415023804,0.0112443622201681,0.0189761612564325,0.0189553759992122,0.0,0.9752042293548584,0.0056741423904895,0.0095816105604171,0.0095400419086217,0.0,0.9768462181091309,0.005237669683992863,0.009249059483408928,0.008667096495628357,0.0
32,0.9994596242904664,0.0,0.0,0.0005403945106081,0.0,0.9997298121452332,0.0,0.0,0.000270197255304,0.0,0.9997090697288512,0.0,0.0,0.0002909816685132,0.0,0.9997506141662598,0.0,0.0,0.0002494128420948,0.0,0.9996882677078248,0.0,0.0,0.0003117660526186,0.0,0.9997506141662598,0.0,0.0,0.0002494128420948,0.0,0.9997714161872864,0.0,0.0,0.0002286284434376,0.0,0.9997298121452332,0.0,0.0,0.000270197255304,0.0,0.9997714161872864,0.0,0.0,0.0002286284434376,0.0,0.9998337626457214,0.0,0.0,0.0001662752329139,0.0,0.999792218208313,0.0,0.0,0.0002078440447803,0.0,0.9997714161872864,0.0,0.0,0.0002286284434376,0.0,0.9997714161872864,0.0,0.0,0.0002286284434376,0.0,0.9997506141662598,0.0,0.0,0.0002494128420948,0.0,0.9998129606246948,0.0,0.0,0.0001870596315711,0.0,0.9997506141662598,0.0,0.0,0.0002494128420948,0.0,0.9997714161872864,0.0,0.0,0.0002286284434376,0.0,0.9997298121452332,0.0,0.0,0.000270197255304,0.0,0.9997298121452332,0.0,0.0,0.000270197255304,0.0,0.9998337626457214,0.0,0.0,0.0001662752329139,0.0,0.999792218208313,0.0,0.0,0.0002078440447803,0.0,0.9997090697288512,0.0,0.0,0.0002909816685132,0.0,0.9997090697288512,0.0,0.0,0.0002909816685132,0.0,0.9997714161872864,0.0,0.0,0.0002286284434376,0.0,0.999854564666748,0.0,0.0,0.0001454908342566,0.0,0.9996467232704164,0.0,0.0,0.0003533348790369,0.0,0.9997298121452332,0.0,0.0,0.000270197255304,0.0,0.9996882677078248,0.0,0.0,0.0003117660526186,0.0,0.9998129606246948,0.0,0.0,0.0001870596315711,0.0,0.9997298121452332,0.0,0.0,0.000270197255304,0.0,0.9846819043159484,0.0034086422529071,0.0052376696839928,0.0066717937588691,0.0,0.968199908733368,0.0075863073579967,0.0106623992323875,0.0135514317080378,0.0,0.9642508625984192,0.0087710181251168,0.0123667204752564,0.0146114360541105,0.0,0.970403015613556,0.0069627752527594,0.0105376932770013,0.0120965233072638,0.0,0.9604057669639589,0.0095192566514015,0.0141749633476138,0.0159000698477029,0.0,0.9713799357414246,0.0069419909268617,0.0099349450320005,0.0117431879043579,0.0,0.9734583497047424,0.005881986580789,0.0095816105604171,0.0110780876129865,0.0,0.941949188709259,0.0138424132019281,0.0205765608698129,0.0236318670213222,0.0,0.9471660852432252,0.0130318216979503,0.0183526296168565,0.0214495044201612,0.0,0.9820423126220704,0.0042400183156132,0.0061729680746793,0.0075447387062013,0.0,0.9633155465126038,0.008687880821526,0.0127200549468398,0.0152765372768044,0.0,0.9683661460876464,0.0076694451272487,0.0112027935683727,0.0127616245299577,0.0,0.9673685431480408,0.0076902294531464,0.0112235778942704,0.0137177063152194,0.0,0.9611124396324158,0.0097686694934964,0.0144243761897087,0.0146945733577013,0.0,0.9524661302566528,0.0115769132971763,0.0170847810804843,0.0188722386956214,0.0,0.9816681742668152,0.0039698211476206,0.0062768901698291,0.0080851335078477,0.0,0.9518218040466307,0.0112651474773883,0.0167314447462558,0.020181655883789,0.0,0.9781556129455566,0.0043855090625584,0.0078149363398551,0.0096439635381102,0.0,0.9542120099067688,0.009727100841701,0.0154012432321906,0.0206596981734037,0.0,0.9483092427253724,0.0120965233072638,0.0186851788312196,0.020909110084176,0.0,0.967680275440216,0.0074823852628469,0.0114314220845699,0.0134059404954314,0.0,0.9494523406028748,0.0125953489914536,0.0176043901592493,0.0203479323536157,0.0,0.9580363035202026,0.0094361193478107,0.015816930681467,0.0167106613516807,0.0,0.9697587490081788,0.007565523032099,0.0102051421999931,0.0124706421047449,0.0,0.9697587490081788,0.0069835595786571,0.0103922020643949,0.0128655461594462,0.0,0.9572880864143372,0.0098518077284097,0.0145698674023151,0.0182902757078409,0.0,0.941949188709259,0.0126992706209421,0.0202440097928047,0.0251075606793165,0.0,0.94679194688797,0.0128447618335485,0.0188514553010463,0.0215118583291769,0.0,0.9735206961631776,0.006193752400577,0.0092282751575112,0.0110573032870888,0.0,0.9751003384590149,0.006006693001836538,0.008812587708234787,0.010080436244606972,0.0
33,0.9994596242904664,0.0,0.0,0.0005403945106081,0.0,0.9997298121452332,0.0,0.0,0.000270197255304,0.0,0.9997090697288512,0.0,0.0,0.0002909816685132,0.0,0.9997506141662598,0.0,0.0,0.0002494128420948,0.0,0.9996882677078248,0.0,0.0,0.0003117660526186,0.0,0.9997506141662598,0.0,0.0,0.0002494128420948,0.0,0.9997714161872864,0.0,0.0,0.0002286284434376,0.0,0.9997298121452332,0.0,0.0,0.000270197255304,0.0,0.9997714161872864,0.0,0.0,0.0002286284434376,0.0,0.9998337626457214,0.0,0.0,0.0001662752329139,0.0,0.999792218208313,0.0,0.0,0.0002078440447803,0.0,0.9997714161872864,0.0,0.0,0.0002286284434376,0.0,0.9997714161872864,0.0,0.0,0.0002286284434376,0.0,0.9997506141662598,0.0,0.0,0.0002494128420948,0.0,0.9998129606246948,0.0,0.0,0.0001870596315711,0.0,0.9997506141662598,0.0,0.0,0.0002494128420948,0.0,0.9997714161872864,0.0,0.0,0.0002286284434376,0.0,0.9997298121452332,0.0,0.0,0.000270197255304,0.0,0.9997298121452332,0.0,0.0,0.000270197255304,0.0,0.9998337626457214,0.0,0.0,0.0001662752329139,0.0,0.999792218208313,0.0,0.0,0.0002078440447803,0.0,0.9997090697288512,0.0,0.0,0.0002909816685132,0.0,0.9997090697288512,0.0,0.0,0.0002909816685132,0.0,0.9997714161872864,0.0,0.0,0.0002286284434376,0.0,0.999854564666748,0.0,0.0,0.0001454908342566,0.0,0.9996467232704164,0.0,0.0,0.0003533348790369,0.0,0.9997298121452332,0.0,0.0,0.000270197255304,0.0,0.9996882677078248,0.0,0.0,0.0003117660526186,0.0,0.9998129606246948,0.0,0.0,0.0001870596315711,0.0,0.9997298121452332,0.0,0.0,0.000270197255304,0.0,0.9832062125205994,0.0042608026415109,0.0049674725160002,0.007565523032099,0.0,0.9664747714996338,0.0077525828965008,0.0097894547507166,0.0159832071512937,0.0,0.9615281224250792,0.0095816105604171,0.0124290734529495,0.0164612475782632,0.0,0.9683037996292114,0.0076694451272487,0.0098933763802051,0.0141333946958184,0.0,0.9574751257896424,0.0103298490867018,0.0135930003598332,0.0186020415276289,0.0,0.969301462173462,0.0073992479592561,0.0102051421999931,0.0130941746756434,0.0,0.9719203114509584,0.006110614631325,0.0090827848762273,0.0128863304853439,0.0,0.9375221133232116,0.0148608488962054,0.0201400872319936,0.0274769831448793,0.0,0.9439029097557068,0.0135514317080378,0.0177083127200603,0.0248373635113239,0.0,0.9809199571609496,0.004427078180015,0.0062145367264747,0.0084384679794311,0.0,0.9605720043182372,0.0095816105604171,0.0122835831716656,0.0175628215074539,0.0,0.9666826128959656,0.0080227795988321,0.0104337707161903,0.0148608488962054,0.0,0.9650198817253112,0.0081474864855408,0.0111196562647819,0.0157130099833011,0.0,0.9584935903549194,0.0104961236938834,0.0134475091472268,0.0175628215074539,0.0,0.9488288164138794,0.0130110373720526,0.0161702670156955,0.0219898987561464,0.0,0.9805458188056946,0.0043647247366607,0.0057572801597416,0.0093321977183222,0.0,0.9483715891838074,0.0123875048011541,0.0162949729710817,0.0229459814727306,0.0,0.9768046140670776,0.0048635504208505,0.0069627752527594,0.0113690691068768,0.0,0.9516139626502992,0.0107039678841829,0.0141749633476138,0.023507161065936,0.0,0.944526433944702,0.0138216288760304,0.0172302704304456,0.0244216751307249,0.0,0.9656018614768982,0.0080019952729344,0.0109741650521755,0.0154220275580883,0.0,0.9460645318031312,0.0130110373720526,0.0174796842038631,0.0234448071569204,0.0,0.9549394249916076,0.0105376932770013,0.0147569272667169,0.01976596750319,0.0,0.9673477411270142,0.0087086651474237,0.0099972980096936,0.0139463348314166,0.0,0.9683037996292114,0.0070043443702161,0.0098102390766143,0.0148816332221031,0.0,0.954274356365204,0.010558477602899,0.0145282987505197,0.0206389129161834,0.0,0.9378546476364136,0.0140086887404322,0.0193918496370315,0.0287448316812515,0.0,0.9433625340461732,0.0136345690116286,0.0182487070560455,0.0247542262077331,0.0,0.9716293215751648,0.0069419909268617,0.0087294494733214,0.0126992706209421,0.0,0.9735623002052307,0.006152183748781681,0.008542390540242195,0.01174318790435791,0.0
34,0.9994596242904664,0.0,0.0,0.0005403945106081,0.0,0.9997298121452332,0.0,0.0,0.000270197255304,0.0,0.9997090697288512,0.0,0.0,0.0002909816685132,0.0,0.9997506141662598,0.0,0.0,0.0002494128420948,0.0,0.9996882677078248,0.0,0.0,0.0003117660526186,0.0,0.9997506141662598,0.0,0.0,0.0002494128420948,0.0,0.9997714161872864,0.0,0.0,0.0002286284434376,0.0,0.9997298121452332,0.0,0.0,0.000270197255304,0.0,0.9997714161872864,0.0,0.0,0.0002286284434376,0.0,0.9998337626457214,0.0,0.0,0.0001662752329139,0.0,0.999792218208313,0.0,0.0,0.0002078440447803,0.0,0.9997714161872864,0.0,0.0,0.0002286284434376,0.0,0.9997714161872864,0.0,0.0,0.0002286284434376,0.0,0.9997506141662598,0.0,0.0,0.0002494128420948,0.0,0.9998129606246948,0.0,0.0,0.0001870596315711,0.0,0.9997506141662598,0.0,0.0,0.0002494128420948,0.0,0.9997714161872864,0.0,0.0,0.0002286284434376,0.0,0.9997298121452332,0.0,0.0,0.000270197255304,0.0,0.9997298121452332,0.0,0.0,0.000270197255304,0.0,0.9998337626457214,0.0,0.0,0.0001662752329139,0.0,0.999792218208313,0.0,0.0,0.0002078440447803,0.0,0.9997090697288512,0.0,0.0,0.0002909816685132,0.0,0.9997090697288512,0.0,0.0,0.0002909816685132,0.0,0.9997714161872864,0.0,0.0,0.0002286284434376,0.0,0.999854564666748,0.0,0.0,0.0001454908342566,0.0,0.9996467232704164,0.0,0.0,0.0003533348790369,0.0,0.9997298121452332,0.0,0.0,0.000270197255304,0.0,0.9996882677078248,0.0,0.0,0.0003117660526186,0.0,0.9998129606246948,0.0,0.0,0.0001870596315711,0.0,0.9997298121452332,0.0,0.0,0.000270197255304,0.0,0.9823125004768372,0.004343940410763,0.0045517846010625,0.008791803382337,0.0,0.964832842350006,0.0077941515482962,0.009103569202125,0.0182694904506206,0.0,0.95917946100235,0.0101635735481977,0.0117224035784602,0.0189345926046371,0.0,0.9664332270622252,0.0082306237891316,0.0089165093377232,0.0164196789264678,0.0,0.954710841178894,0.0110780876129865,0.0128655461594462,0.0213455837219953,0.0,0.9674516320228576,0.0078980736434459,0.0094361193478107,0.0152141833677887,0.0,0.9699665904045104,0.0067757158540189,0.0087502337992191,0.014507514424622,0.0,0.9339680075645448,0.0152141833677887,0.0186851788312196,0.032132688909769,0.0,0.94047349691391,0.0141333946958184,0.0164820328354835,0.028911106288433,0.0,0.9797767996788024,0.0046972753480076,0.0056117889471352,0.0099141607061028,0.0,0.9583688974380492,0.0100388675928115,0.0109741650521755,0.0206181295216083,0.0,0.9643755555152892,0.0087710181251168,0.0101220048964023,0.0167314447462558,0.0,0.9628375172615052,0.0087502337992191,0.010454555042088,0.0179577246308326,0.0,0.9560202360153198,0.0106831835582852,0.0124498577788472,0.0208467580378055,0.0,0.9458774328231812,0.0134475091472268,0.0153596745803952,0.0253154039382934,0.0,0.9793611168861388,0.0046972753480076,0.0057364953681826,0.0102051421999931,0.0,0.9451500177383424,0.0134682934731245,0.0146114360541105,0.0267703123390674,0.0,0.9754120707511902,0.0052792388014495,0.0065470873378217,0.0127616245299577,0.0,0.9486625790596008,0.0115145603194832,0.0134682934731245,0.0263546239584684,0.0,0.9415335059165956,0.0143204545602202,0.0163988955318927,0.0277471803128719,0.0,0.9634818434715272,0.0083137620240449,0.0107455365359783,0.0174588989466428,0.0,0.942967653274536,0.0135722160339355,0.0163157563656568,0.027144432067871,0.0,0.9515931606292723,0.0120757389813661,0.0138216288760304,0.0225095096975564,0.0,0.9652692675590516,0.0089372936636209,0.0095192566514015,0.0162741877138614,0.0,0.9667449593544006,0.0071290507912635,0.0093945506960153,0.0167314447462558,0.0,0.951676309108734,0.0111404405906796,0.0134682934731245,0.023715004324913,0.0,0.9342173933982848,0.0147153576835989,0.0180200785398483,0.0330472029745578,0.0,0.9401825070381165,0.0141957476735115,0.0169392898678779,0.0286824777722358,0.0,0.9697794914245604,0.0072121880948543,0.0084592523053288,0.0145490830764174,0.0,0.9717332720756531,0.006921206600964069,0.007627876475453377,0.013717706315219402,0.0
35,0.9994596242904664,0.0,0.0,0.0005403945106081,0.0,0.9997298121452332,0.0,0.0,0.000270197255304,0.0,0.9997090697288512,0.0,0.0,0.0002909816685132,0.0,0.9997506141662598,0.0,0.0,0.0002494128420948,0.0,0.9996882677078248,0.0,0.0,0.0003117660526186,0.0,0.9997506141662598,0.0,0.0,0.0002494128420948,0.0,0.9997714161872864,0.0,0.0,0.0002286284434376,0.0,0.9997298121452332,0.0,0.0,0.000270197255304,0.0,0.9997714161872864,0.0,0.0,0.0002286284434376,0.0,0.9998337626457214,0.0,0.0,0.0001662752329139,0.0,0.999792218208313,0.0,0.0,0.0002078440447803,0.0,0.9997714161872864,0.0,0.0,0.0002286284434376,0.0,0.9997714161872864,0.0,0.0,0.0002286284434376,0.0,0.9997506141662598,0.0,0.0,0.0002494128420948,0.0,0.9998129606246948,0.0,0.0,0.0001870596315711,0.0,0.9997506141662598,0.0,0.0,0.0002494128420948,0.0,0.9997714161872864,0.0,0.0,0.0002286284434376,0.0,0.9997298121452332,0.0,0.0,0.000270197255304,0.0,0.9997298121452332,0.0,0.0,0.000270197255304,0.0,0.9998337626457214,0.0,0.0,0.0001662752329139,0.0,0.999792218208313,0.0,0.0,0.0002078440447803,0.0,0.9997090697288512,0.0,0.0,0.0002909816685132,0.0,0.9997090697288512,0.0,0.0,0.0002909816685132,0.0,0.9997714161872864,0.0,0.0,0.0002286284434376,0.0,0.999854564666748,0.0,0.0,0.0001454908342566,0.0,0.9996467232704164,0.0,0.0,0.0003533348790369,0.0,0.9997298121452332,0.0,0.0,0.000270197255304,0.0,0.9996882677078248,0.0,0.0,0.0003117660526186,0.0,0.9998129606246948,0.0,0.0,0.0001870596315711,0.0,0.9997298121452332,0.0,0.0,0.000270197255304,0.0,0.9810031056404114,0.0048843347467482,0.0041776653379201,0.0099349450320005,0.0,0.9619230031967164,0.0085423905402421,0.009103569202125,0.0204310696572065,0.0,0.9553967118263244,0.0113898534327745,0.0108910277485847,0.0223224498331546,0.0,0.9632740020751952,0.0096855321899056,0.0083137620240449,0.018726747483015,0.0,0.9510111808776855,0.0125122116878628,0.0118886791169643,0.0245879497379064,0.0,0.9642093181610109,0.009103569202125,0.0092074908316135,0.0174796842038631,0.0,0.967223048210144,0.0078565049916505,0.0079396422952413,0.0169808585196733,0.0,0.92796128988266,0.0176667440682649,0.0173757616430521,0.0369962379336357,0.0,0.9356099367141724,0.0153181059285998,0.0163157563656568,0.032756220549345,0.0,0.9782595634460448,0.0049051195383071,0.00546629820019,0.0113690691068768,0.0,0.9546900391578674,0.0114314220845699,0.0104129863902926,0.0234655924141407,0.0,0.9613202810287476,0.0094984723255038,0.0097063165158033,0.0194749869406223,0.0,0.9602186679840088,0.0090620005503296,0.010454555042088,0.0202647931873798,0.0,0.9518425464630128,0.0124706421047449,0.0113067161291837,0.0243801064789295,0.0,0.9410554766654968,0.0150063401088118,0.0147569272667169,0.0291813034564256,0.0,0.9775944352149964,0.0053415917791426,0.0052792388014495,0.0117847574874758,0.0,0.9404526948928832,0.0148608488962054,0.0141541790217161,0.0305322892963886,0.0,0.9730218648910522,0.0064847338944673,0.0062353210523724,0.0142581015825271,0.0,0.944588840007782,0.0128031931817531,0.0128031931817531,0.0298048350960016,0.0,0.9367738962173462,0.0152557529509067,0.0158585011959075,0.0321119055151939,0.0,0.960073173046112,0.0096855321899056,0.0099349450320005,0.0203063637018203,0.0,0.9380624890327454,0.0154843814671039,0.0147153576835989,0.0317377857863903,0.0,0.9470205903053284,0.0139255505055189,0.0129902521148324,0.0260636433959007,0.0,0.9624218344688416,0.0099141607061028,0.0086670964956283,0.0189969446510076,0.0,0.9634818434715272,0.007960426621139,0.0092074908316135,0.0193502809852361,0.0,0.9472284317016602,0.0123043674975633,0.0131149590015411,0.027352275326848,0.0,0.9297903180122375,0.0159624218940734,0.016544384881854,0.0377029106020927,0.0,0.9354852437973022,0.0153388902544975,0.015816930681467,0.0333589687943458,0.0,0.966973602771759,0.0082306237891316,0.008272192440927,0.0165236014872789,0.0,0.9693222641944885,0.007523954380303621,0.00731611019000411,0.015837715938687325,0.0
36,0.9994596242904664,0.0,0.0,0.0005403945106081,0.0,0.9997298121452332,0.0,0.0,0.000270197255304,0.0,0.9997090697288512,0.0,0.0,0.0002909816685132,0.0,0.9997506141662598,0.0,0.0,0.0002494128420948,0.0,0.9996882677078248,0.0,0.0,0.0003117660526186,0.0,0.9997506141662598,0.0,0.0,0.0002494128420948,0.0,0.9997714161872864,0.0,0.0,0.0002286284434376,0.0,0.9997298121452332,0.0,0.0,0.000270197255304,0.0,0.9997714161872864,0.0,0.0,0.0002286284434376,0.0,0.9998337626457214,0.0,0.0,0.0001662752329139,0.0,0.999792218208313,0.0,0.0,0.0002078440447803,0.0,0.9997714161872864,0.0,0.0,0.0002286284434376,0.0,0.9997714161872864,0.0,0.0,0.0002286284434376,0.0,0.9997506141662598,0.0,0.0,0.0002494128420948,0.0,0.9998129606246948,0.0,0.0,0.0001870596315711,0.0,0.9997506141662598,0.0,0.0,0.0002494128420948,0.0,0.9997714161872864,0.0,0.0,0.0002286284434376,0.0,0.9997298121452332,0.0,0.0,0.000270197255304,0.0,0.9997298121452332,0.0,0.0,0.000270197255304,0.0,0.9998337626457214,0.0,0.0,0.0001662752329139,0.0,0.999792218208313,0.0,0.0,0.0002078440447803,0.0,0.9997090697288512,0.0,0.0,0.0002909816685132,0.0,0.9997090697288512,0.0,0.0,0.0002909816685132,0.0,0.9997714161872864,0.0,0.0,0.0002286284434376,0.0,0.999854564666748,0.0,0.0,0.0001454908342566,0.0,0.9996467232704164,0.0,0.0,0.0003533348790369,0.0,0.9997298121452332,0.0,0.0,0.000270197255304,0.0,0.9996882677078248,0.0,0.0,0.0003117660526186,0.0,0.9998129606246948,0.0,0.0,0.0001870596315711,0.0,0.9997298121452332,0.0,0.0,0.000270197255304,0.0,0.9799014925956726,0.0047804131172597,0.0039906054735183,0.0113275004550814,0.0,0.9589508175849916,0.0092490594834089,0.0087502337992191,0.0230499040335416,0.0,0.9522166848182678,0.0120341703295707,0.0104961236938834,0.0252530518919229,0.0,0.9608629941940308,0.0095400419086217,0.0083137620240449,0.0212832298129796,0.0,0.9471868872642516,0.0132188806310296,0.0112651474773883,0.0283291433006525,0.0,0.9608214497566224,0.010558477602899,0.008272192440927,0.0203479323536157,0.0,0.9646873474121094,0.0087710181251168,0.0072953258641064,0.0192463584244251,0.0,0.92189222574234,0.0200569499284029,0.0160247758030891,0.0420260652899742,0.0,0.9302060008049012,0.016960073262453,0.0156506560742855,0.0371832996606826,0.0,0.9761810898780824,0.0058612017892301,0.0048427660949528,0.0131149590015411,0.0,0.9509904384613036,0.012325151823461,0.0101427892223,0.0265416838228702,0.0,0.9581817984580994,0.0101843578740954,0.0093945506960153,0.0222393125295639,0.0,0.9567269086837769,0.0106416149064898,0.0090827848762273,0.0235487297177314,0.0,0.9480389952659608,0.0130733903497457,0.0112651474773883,0.0276224724948406,0.0,0.9367115497589112,0.0157545786350965,0.0139255505055189,0.0336083807051181,0.0,0.9763058423995972,0.0053623761050403,0.0047180596739053,0.0136137846857309,0.0,0.9361503720283508,0.0156714413315057,0.0134682934731245,0.0347099564969539,0.0,0.9705485105514526,0.0076070916838943,0.0054870825260877,0.0163573268800973,0.0,0.9403696060180664,0.0138424132019281,0.0118263261392712,0.0339617170393466,0.0,0.932533860206604,0.0157753620296716,0.0144243761897087,0.0372664369642734,0.0,0.9575998783111572,0.0100804362446069,0.0088125877082347,0.023507161065936,0.0,0.9336562156677246,0.0157961472868919,0.0146114360541105,0.0359362363815307,0.0,0.9433417320251464,0.0146945733577013,0.0117224035784602,0.0302413087338209,0.0,0.959366500377655,0.0103922020643949,0.0087502337992191,0.0214910730719566,0.0,0.9607798457145692,0.0089788623154163,0.0082306237891316,0.0220106840133667,0.0,0.942967653274536,0.0143204545602202,0.0120341703295707,0.030677780508995,0.0,0.9248852133750916,0.0170639958232641,0.0147569272667169,0.0432939119637012,0.0,0.9309334754943848,0.0158585011959075,0.0152765372768044,0.0379315391182899,0.0,0.9639390707015992,0.0095816105604171,0.0073576788417994,0.0191216524690389,0.0,0.9669320583343506,0.00816827081143856,0.00698355957865715,0.017916155979037285,0.0
37,0.9994596242904664,0.0,0.0,0.0005403945106081,0.0,0.9997298121452332,0.0,0.0,0.000270197255304,0.0,0.9997090697288512,0.0,0.0,0.0002909816685132,0.0,0.9997506141662598,0.0,0.0,0.0002494128420948,0.0,0.9996882677078248,0.0,0.0,0.0003117660526186,0.0,0.9997506141662598,0.0,0.0,0.0002494128420948,0.0,0.9997714161872864,0.0,0.0,0.0002286284434376,0.0,0.9997298121452332,0.0,0.0,0.000270197255304,0.0,0.9997714161872864,0.0,0.0,0.0002286284434376,0.0,0.9998337626457214,0.0,0.0,0.0001662752329139,0.0,0.999792218208313,0.0,0.0,0.0002078440447803,0.0,0.9997714161872864,0.0,0.0,0.0002286284434376,0.0,0.9997714161872864,0.0,0.0,0.0002286284434376,0.0,0.9997506141662598,0.0,0.0,0.0002494128420948,0.0,0.9998129606246948,0.0,0.0,0.0001870596315711,0.0,0.9997506141662598,0.0,0.0,0.0002494128420948,0.0,0.9997714161872864,0.0,0.0,0.0002286284434376,0.0,0.9997298121452332,0.0,0.0,0.000270197255304,0.0,0.9997298121452332,0.0,0.0,0.000270197255304,0.0,0.9998337626457214,0.0,0.0,0.0001662752329139,0.0,0.999792218208313,0.0,0.0,0.0002078440447803,0.0,0.9997090697288512,0.0,0.0,0.0002909816685132,0.0,0.9997090697288512,0.0,0.0,0.0002909816685132,0.0,0.9997714161872864,0.0,0.0,0.0002286284434376,0.0,0.999854564666748,0.0,0.0,0.0001454908342566,0.0,0.9996467232704164,0.0,0.0,0.0003533348790369,0.0,0.9997298121452332,0.0,0.0,0.000270197255304,0.0,0.9996882677078248,0.0,0.0,0.0003117660526186,0.0,0.9998129606246948,0.0,0.0,0.0001870596315711,0.0,0.9997298121452332,0.0,0.0,0.000270197255304,0.0,0.978384256362915,0.0048219817690551,0.0048843347467482,0.011909463442862,0.0,0.9553967118263244,0.0110780876129865,0.0093114133924245,0.0242138300091028,0.0,0.9484339356422424,0.0130941746756434,0.011493775062263,0.0269781574606895,0.0,0.9577245712280272,0.0105792619287967,0.0090620005503296,0.0226342156529426,0.0,0.9440276622772216,0.0134475091472268,0.0124498577788472,0.0300750322639942,0.0,0.9580571055412292,0.0112443622201681,0.0090204309672117,0.0216781329363584,0.0,0.9622347950935364,0.0096855321899056,0.0074200322851538,0.0206596981734037,0.0,0.9161141514778136,0.0214079357683658,0.0182694904506206,0.04420842602849,0.0,0.924282431602478,0.0196204781532287,0.0162949729710817,0.0398021340370178,0.0,0.9745391607284546,0.0063808122649788,0.0053623761050403,0.0137177063152194,0.0,0.9473115801811218,0.0132604502141475,0.0114314220845699,0.0279965922236442,0.0,0.9552096724510192,0.0114729907363653,0.0093529820442199,0.0239644180983304,0.0,0.9537963271141052,0.0112235778942704,0.0100388675928115,0.0249412842094898,0.0,0.9438197612762452,0.0146737890318036,0.0123875048011541,0.02911894954741,0.0,0.9319726824760436,0.0168561525642871,0.0152141833677887,0.0359570197761058,0.0,0.9742897152900696,0.0062561058439314,0.0050921789370477,0.0143620232120156,0.0,0.9319726824760436,0.0163988955318927,0.0147153576835989,0.0369131006300449,0.0,0.9692599177360536,0.0075447387062013,0.0057364953681826,0.0174588989466428,0.0,0.936732292175293,0.0148816332221031,0.012325151823461,0.0360609404742717,0.0,0.9282938241958618,0.016232619062066,0.0158792845904827,0.0395942889153957,0.0,0.9545653462409972,0.0110365189611911,0.0095608262345194,0.0248373635113239,0.0,0.9285848140716552,0.0174796842038631,0.0159832071512937,0.037952322512865,0.0,0.9394550919532776,0.0154843814671039,0.0125329960137605,0.0325275920331478,0.0,0.956851601600647,0.0104961236938834,0.0099765136837959,0.022675784304738,0.0,0.9581402540206908,0.0101635735481977,0.0084384679794311,0.0232577472925186,0.0,0.9390601515769958,0.0152141833677887,0.0128655461594462,0.0328601412475109,0.0,0.9199177026748656,0.0179369412362575,0.0167937986552715,0.045351568609476,0.0,0.9266102910041808,0.0167522300034761,0.0162741877138614,0.0403633117675781,0.0,0.961486518383026,0.0101427892223,0.0080851335078477,0.0202855784446001,0.0,0.9648328423500061,0.008729449473321438,0.007544738706201315,0.01889302395284176,0.0
38,0.9994596242904664,0.0,0.0,0.0005403945106081,0.0,0.9997298121452332,0.0,0.0,0.000270197255304,0.0,0.9997090697288512,0.0,0.0,0.0002909816685132,0.0,0.9997506141662598,0.0,0.0,0.0002494128420948,0.0,0.9996882677078248,0.0,0.0,0.0003117660526186,0.0,0.9997506141662598,0.0,0.0,0.0002494128420948,0.0,0.9997714161872864,0.0,0.0,0.0002286284434376,0.0,0.9997298121452332,0.0,0.0,0.000270197255304,0.0,0.9997714161872864,0.0,0.0,0.0002286284434376,0.0,0.9998337626457214,0.0,0.0,0.0001662752329139,0.0,0.999792218208313,0.0,0.0,0.0002078440447803,0.0,0.9997714161872864,0.0,0.0,0.0002286284434376,0.0,0.9997714161872864,0.0,0.0,0.0002286284434376,0.0,0.9997506141662598,0.0,0.0,0.0002494128420948,0.0,0.9998129606246948,0.0,0.0,0.0001870596315711,0.0,0.9997506141662598,0.0,0.0,0.0002494128420948,0.0,0.9997714161872864,0.0,0.0,0.0002286284434376,0.0,0.9997298121452332,0.0,0.0,0.000270197255304,0.0,0.9997298121452332,0.0,0.0,0.000270197255304,0.0,0.9998337626457214,0.0,0.0,0.0001662752329139,0.0,0.999792218208313,0.0,0.0,0.0002078440447803,0.0,0.9997090697288512,0.0,0.0,0.0002909816685132,0.0,0.9997090697288512,0.0,0.0,0.0002909816685132,0.0,0.9997714161872864,0.0,0.0,0.0002286284434376,0.0,0.999854564666748,0.0,0.0,0.0001454908342566,0.0,0.9996467232704164,0.0,0.0,0.0003533348790369,0.0,0.9997298121452332,0.0,0.0,0.000270197255304,0.0,0.9996882677078248,0.0,0.0,0.0003117660526186,0.0,0.9998129606246948,0.0,0.0,0.0001870596315711,0.0,0.9997298121452332,0.0,0.0,0.000270197255304,0.0,0.9764928817749025,0.0058196331374347,0.005154532380402,0.0125329960137605,0.0,0.9525076746940612,0.012325151823461,0.0093945506960153,0.0257726609706878,0.0,0.9453162550926208,0.0138631975278258,0.0119302477687597,0.0288903210312128,0.0,0.9544405937194824,0.0119926007464528,0.0095400419086217,0.0240267720073461,0.0,0.9391433000564576,0.0155675187706947,0.0130941746756434,0.0321950428187847,0.0,0.955043375492096,0.0124082891270518,0.0092490594834089,0.0232993178069591,0.0,0.9601771235466005,0.0097894547507166,0.00806434918195,0.0219691153615713,0.0,0.9100866913795472,0.0238812807947397,0.018414981663227,0.047617070376873,0.0,0.9189616441726683,0.0215118583291769,0.0169808585196733,0.0425456762313842,0.0,0.972772479057312,0.0070043443702161,0.0055702202953398,0.0146530047059059,0.0,0.9432793855667114,0.0150894774124026,0.0117847574874758,0.029846403747797,0.0,0.9514892101287842,0.0128863304853439,0.0103298490867018,0.0252946205437183,0.0,0.9505539536476136,0.0122835831716656,0.0103298490867018,0.0268326662480831,0.0,0.939953863620758,0.0160663444548845,0.0129694677889347,0.0310103315860033,0.0,0.9273585677146912,0.0185189042240381,0.0159624218940734,0.0381601676344871,0.0,0.9722736477851868,0.0070874816738069,0.0055494359694421,0.0150894774124026,0.0,0.9270883202552797,0.0180616471916437,0.0156090874224901,0.0392409563064575,0.0,0.9674932360649108,0.0079188579693436,0.0062561058439314,0.0183318443596363,0.0,0.9325546622276306,0.0161079131066799,0.0136553533375263,0.0376821234822273,0.0,0.9233055710792542,0.0182279217988252,0.0168145820498466,0.0416519455611705,0.0,0.9510527849197388,0.0124290734529495,0.0101220048964023,0.0263961926102638,0.0,0.9227859973907472,0.020181655883789,0.0161079131066799,0.0409244932234287,0.0,0.9354020953178406,0.0161910504102706,0.0138839818537235,0.034522894769907,0.0,0.9532143473625184,0.0120549546554684,0.0107871061190962,0.0239436328411102,0.0,0.9551888704299928,0.0115561289712786,0.0085631748661398,0.0246918722987175,0.0,0.9352982044219972,0.0163781102746725,0.0131565276533365,0.0351672135293483,0.0,0.9152620434761048,0.0189553759992122,0.0176459588110446,0.048136681318283,0.0,0.9211440086364746,0.019038513302803,0.0168145820498466,0.0430029332637786,0.0,0.9587014317512512,0.0110780876129865,0.008791803382337,0.0214287210255861,0.0,0.9625049829483032,0.009228275157511234,0.007981210947036743,0.020285578444600105,0.0
39,0.9994596242904664,0.0,0.0,0.0005403945106081,0.0,0.9997298121452332,0.0,0.0,0.000270197255304,0.0,0.9997090697288512,0.0,0.0,0.0002909816685132,0.0,0.9997506141662598,0.0,0.0,0.0002494128420948,0.0,0.9996882677078248,0.0,0.0,0.0003117660526186,0.0,0.9997506141662598,0.0,0.0,0.0002494128420948,0.0,0.9997714161872864,0.0,0.0,0.0002286284434376,0.0,0.9997298121452332,0.0,0.0,0.000270197255304,0.0,0.9997714161872864,0.0,0.0,0.0002286284434376,0.0,0.9998337626457214,0.0,0.0,0.0001662752329139,0.0,0.999792218208313,0.0,0.0,0.0002078440447803,0.0,0.9997714161872864,0.0,0.0,0.0002286284434376,0.0,0.9997714161872864,0.0,0.0,0.0002286284434376,0.0,0.9997506141662598,0.0,0.0,0.0002494128420948,0.0,0.9998129606246948,0.0,0.0,0.0001870596315711,0.0,0.9997506141662598,0.0,0.0,0.0002494128420948,0.0,0.9997714161872864,0.0,0.0,0.0002286284434376,0.0,0.9997298121452332,0.0,0.0,0.000270197255304,0.0,0.9997298121452332,0.0,0.0,0.000270197255304,0.0,0.9998337626457214,0.0,0.0,0.0001662752329139,0.0,0.999792218208313,0.0,0.0,0.0002078440447803,0.0,0.9997090697288512,0.0,0.0,0.0002909816685132,0.0,0.9997090697288512,0.0,0.0,0.0002909816685132,0.0,0.9997714161872864,0.0,0.0,0.0002286284434376,0.0,0.999854564666748,0.0,0.0,0.0001454908342566,0.0,0.9996467232704164,0.0,0.0,0.0003533348790369,0.0,0.9997298121452332,0.0,0.0,0.000270197255304,0.0,0.9996882677078248,0.0,0.0,0.0003117660526186,0.0,0.9998129606246948,0.0,0.0,0.0001870596315711,0.0,0.9997298121452332,0.0,0.0,0.000270197255304,0.0,0.9747885465621948,0.0062145367264747,0.0056533580645918,0.0133435875177383,0.0,0.9494107961654664,0.0125122116878628,0.0107039678841829,0.0273730605840683,0.0,0.941554307937622,0.0138424132019281,0.0139463348314166,0.0306569952517747,0.0,0.9511151313781738,0.0121588762849569,0.0113898534327745,0.0253361891955137,0.0,0.9348825216293336,0.0161286983639001,0.0147777115926146,0.034211128950119,0.0,0.9515931606292723,0.0126161333173513,0.0111404405906796,0.0246503036469221,0.0,0.957890808582306,0.0093321977183222,0.0095192566514015,0.0232577472925186,0.0,0.9043294191360474,0.0236318670213222,0.021220875903964,0.0508178696036338,0.0,0.9131627678871156,0.0224471557885408,0.0189969446510076,0.0453931391239166,0.0,0.970777153968811,0.0074823852628469,0.0062145367264747,0.0155259501188993,0.0,0.9398499727249146,0.0148400645703077,0.0137177063152194,0.0315922945737838,0.0,0.9480182528495787,0.0133020188659429,0.0118263261392712,0.0268534496426582,0.0,0.9471868872642516,0.0130318216979503,0.0113690691068768,0.0284122806042432,0.0,0.9355267882347108,0.0163157563656568,0.0148608488962054,0.0332966148853302,0.0,0.9218506813049316,0.0192047897726297,0.0182694904506206,0.0406750775873661,0.0,0.970257580280304,0.0073368945159018,0.0064639495685696,0.0159416384994983,0.0,0.92207932472229,0.0183734130114316,0.0181655697524547,0.0413817502558231,0.0,0.9653524160385132,0.0076694451272487,0.0076694451272487,0.0193087123334407,0.0,0.9276494979858398,0.0169392898678779,0.0155883030965924,0.0398229174315929,0.0,0.9180679321289062,0.0187059640884399,0.0190800838172435,0.0441460758447647,0.0,0.9478519558906556,0.01222122926265,0.0117224035784602,0.0282044354826211,0.0,0.9174651503562928,0.020597344264388,0.0184773355722427,0.043460190296173,0.0,0.9305593371391296,0.0164612475782632,0.0166483074426651,0.0363311395049095,0.0,0.9496394395828248,0.0127824088558554,0.0117847574874758,0.0257934462279081,0.0,0.9521958827972412,0.011285931803286,0.0103922020643949,0.0261259954422712,0.0,0.9313491582870485,0.0158792845904827,0.0155883030965924,0.0371832996606826,0.0,0.9090890288352966,0.0207012668251991,0.019142435863614,0.0510672815144062,0.0,0.916737735271454,0.0187475327402353,0.0188930239528417,0.0456217676401138,0.0,0.9561657309532166,0.0108078904449939,0.0100180823355913,0.0230083353817462,0.0,0.9597406387329102,0.009581610560417175,0.009332197718322277,0.021345583721995354,0.0
40,0.9994596242904664,0.0,0.0,0.0005403945106081,0.0,0.9997298121452332,0.0,0.0,0.000270197255304,0.0,0.9997090697288512,0.0,0.0,0.0002909816685132,0.0,0.9997506141662598,0.0,0.0,0.0002494128420948,0.0,0.9996882677078248,0.0,0.0,0.0003117660526186,0.0,0.9997506141662598,0.0,0.0,0.0002494128420948,0.0,0.9997714161872864,0.0,0.0,0.0002286284434376,0.0,0.9997298121452332,0.0,0.0,0.000270197255304,0.0,0.9997714161872864,0.0,0.0,0.0002286284434376,0.0,0.9998337626457214,0.0,0.0,0.0001662752329139,0.0,0.999792218208313,0.0,0.0,0.0002078440447803,0.0,0.9997714161872864,0.0,0.0,0.0002286284434376,0.0,0.9997714161872864,0.0,0.0,0.0002286284434376,0.0,0.9997506141662598,0.0,0.0,0.0002494128420948,0.0,0.9998129606246948,0.0,0.0,0.0001870596315711,0.0,0.9997506141662598,0.0,0.0,0.0002494128420948,0.0,0.9997714161872864,0.0,0.0,0.0002286284434376,0.0,0.9997298121452332,0.0,0.0,0.000270197255304,0.0,0.9997298121452332,0.0,0.0,0.000270197255304,0.0,0.9998337626457214,0.0,0.0,0.0001662752329139,0.0,0.999792218208313,0.0,0.0,0.0002078440447803,0.0,0.9997090697288512,0.0,0.0,0.0002909816685132,0.0,0.9997090697288512,0.0,0.0,0.0002909816685132,0.0,0.9997714161872864,0.0,0.0,0.0002286284434376,0.0,0.999854564666748,0.0,0.0,0.0001454908342566,0.0,0.9996467232704164,0.0,0.0,0.0003533348790369,0.0,0.9997298121452332,0.0,0.0,0.000270197255304,0.0,0.9996882677078248,0.0,0.0,0.0003117660526186,0.0,0.9998129606246948,0.0,0.0,0.0001870596315711,0.0,0.9997298121452332,0.0,0.0,0.000270197255304,0.0,0.9730426669120787,0.0068588531576097,0.0059859082102775,0.0141126103699207,0.0,0.9457735419273376,0.0131773119792342,0.0115145603194832,0.029534637928009,0.0,0.9369193911552428,0.0152973216027021,0.0145698674023151,0.0332134775817394,0.0,0.9475817680358888,0.0132812345400452,0.0120965233072638,0.02704050950706,0.0,0.9289381504058838,0.0182487070560455,0.0163365416228771,0.0364766307175159,0.0,0.9476025700569152,0.0132188806310296,0.0124914264306426,0.0266871750354766,0.0,0.9545029997825624,0.0101843578740954,0.0103922020643949,0.0249205008149147,0.0,0.8985721468925476,0.0233201012015342,0.0237357895821332,0.0543720014393329,0.0,0.907509446144104,0.0226965695619583,0.0207220502197742,0.049071978777647,0.0,0.9684492945671082,0.0077317981049418,0.0069835595786571,0.0168353673070669,0.0,0.9351111054420472,0.0158792845904827,0.015131046064198,0.0338785797357559,0.0,0.9439029097557068,0.0142788859084248,0.012636917643249,0.0291813034564256,0.0,0.9431962370872498,0.0135306473821401,0.0125537803396582,0.0307193491607904,0.0,0.9303099513053894,0.0177290961146354,0.0162741877138614,0.0356868207454681,0.0,0.9159894585609436,0.0207220502197742,0.0193502809852361,0.0439382307231426,0.0,0.9678465723991394,0.0084592523053288,0.0066302251070737,0.0170639958232641,0.0,0.9157400727272034,0.0204102843999862,0.0191632211208343,0.0446864701807498,0.0,0.9626712203025818,0.0078772893175482,0.0089580779895186,0.020493421703577,0.0,0.9229314923286438,0.0174381155520677,0.0170224271714687,0.0426080301403999,0.0,0.9121028184890748,0.0204310696572065,0.0194957703351974,0.0479704029858112,0.0,0.9441730976104736,0.0134267248213291,0.0121588762849569,0.0302413087338209,0.0,0.9109804034233092,0.022675784304738,0.0198906753212213,0.0464531444013118,0.0,0.9252177476882936,0.0181240011006593,0.0176043901592493,0.0390538945794105,0.0,0.945440948009491,0.0139255505055189,0.0129694677889347,0.027664041146636,0.0,0.9486209750175476,0.0121588762849569,0.0106623992323875,0.0285577718168497,0.0,0.9257997274398804,0.0171679183840751,0.0165651701390743,0.0404672361910343,0.0,0.9036850929260254,0.0212000925093889,0.0208675414323806,0.0542472936213016,0.0,0.911125898361206,0.0198075380176305,0.0198906753212213,0.0491758994758129,0.0,0.9529233574867249,0.0110157346352934,0.0112651474773883,0.0247957948595285,0.0,0.95645672082901,0.010475339367985725,0.009914160706102848,0.023153826594352722,0.0
41,0.9994596242904664,0.0,0.0,0.0005403945106081,0.0,0.9997298121452332,0.0,0.0,0.000270197255304,0.0,0.9997090697288512,0.0,0.0,0.0002909816685132,0.0,0.9997506141662598,0.0,0.0,0.0002494128420948,0.0,0.9996882677078248,0.0,0.0,0.0003117660526186,0.0,0.9997506141662598,0.0,0.0,0.0002494128420948,0.0,0.9997714161872864,0.0,0.0,0.0002286284434376,0.0,0.9997298121452332,0.0,0.0,0.000270197255304,0.0,0.9997714161872864,0.0,0.0,0.0002286284434376,0.0,0.9998337626457214,0.0,0.0,0.0001662752329139,0.0,0.999792218208313,0.0,0.0,0.0002078440447803,0.0,0.9997714161872864,0.0,0.0,0.0002286284434376,0.0,0.9997714161872864,0.0,0.0,0.0002286284434376,0.0,0.9997506141662598,0.0,0.0,0.0002494128420948,0.0,0.9998129606246948,0.0,0.0,0.0001870596315711,0.0,0.9997506141662598,0.0,0.0,0.0002494128420948,0.0,0.9997714161872864,0.0,0.0,0.0002286284434376,0.0,0.9997298121452332,0.0,0.0,0.000270197255304,0.0,0.9997298121452332,0.0,0.0,0.000270197255304,0.0,0.9998337626457214,0.0,0.0,0.0001662752329139,0.0,0.999792218208313,0.0,0.0,0.0002078440447803,0.0,0.9997090697288512,0.0,0.0,0.0002909816685132,0.0,0.9997090697288512,0.0,0.0,0.0002909816685132,0.0,0.9997714161872864,0.0,0.0,0.0002286284434376,0.0,0.999854564666748,0.0,0.0,0.0001454908342566,0.0,0.9996467232704164,0.0,0.0,0.0003533348790369,0.0,0.9997298121452332,0.0,0.0,0.000270197255304,0.0,0.9996882677078248,0.0,0.0,0.0003117660526186,0.0,0.9998129606246948,0.0,0.0,0.0001870596315711,0.0,0.9997298121452332,0.0,0.0,0.000270197255304,0.0,0.9709226489067078,0.0074616009369492,0.0062976744957268,0.0153181059285998,0.0,0.9421362280845642,0.0132604502141475,0.0128031931817531,0.0318001396954059,0.0,0.9315778017044068,0.0168561525642871,0.015816930681467,0.0357491746544837,0.0,0.9434456825256348,0.0142788859084248,0.0126784862950444,0.0295969918370246,0.0,0.9234095215797424,0.0206181295216083,0.0163781102746725,0.0395942889153957,0.0,0.9432793855667114,0.0147777115926146,0.0133228031918406,0.0286201238632202,0.0,0.9509696364402772,0.0112651474773883,0.0112235778942704,0.0265416838228702,0.0,0.8914430737495422,0.0246710870414972,0.0258350148797035,0.0580508410930633,0.0,0.9002764821052551,0.0240059867501258,0.0228836294263601,0.0528339557349681,0.0,0.9662877321243286,0.0082514081150293,0.0075031700544059,0.0179577246308326,0.0,0.9301228523254396,0.0171887017786502,0.0160039905458688,0.0366844721138477,0.0,0.939891517162323,0.0153181059285998,0.0131565276533365,0.0316338613629341,0.0,0.9389770030975342,0.01481928024441,0.0135722160339355,0.0326315127313137,0.0,0.924220085144043,0.0195996928960084,0.0172926243394613,0.038887619972229,0.0,0.9097333550453186,0.0222393125295639,0.020493421703577,0.0475339330732822,0.0,0.965477168560028,0.0088125877082347,0.0073784636333584,0.0183318443596363,0.0,0.9096294641494752,0.0223432350903749,0.0198491066694259,0.0481782481074333,0.0,0.9591171145439148,0.0101427892223,0.0088957250118255,0.0218444094061851,0.0,0.9166545867919922,0.0200777351856231,0.0174796842038631,0.0457880422472953,0.0,0.9059090614318848,0.0223848037421703,0.0200153812766075,0.0516908131539821,0.0,0.9397252798080444,0.0148400645703077,0.0131149590015411,0.0323197469115257,0.0,0.9050152897834778,0.0235695149749517,0.0208675414323806,0.0505476705729961,0.0,0.9196059703826904,0.0198491066694259,0.0185812581330537,0.0419637113809585,0.0,0.9414711594581604,0.0153804589062929,0.0129071148112416,0.0302413087338209,0.0,0.9446303844451904,0.0135098630562424,0.0116184819489717,0.0302413087338209,0.0,0.9203126430511476,0.0187475327402353,0.0182279217988252,0.0427119508385658,0.0,0.8970964550971985,0.0228212755173444,0.0220314692705869,0.0580508410930633,0.0,0.904869794845581,0.0217404868453741,0.020181655883789,0.0532080754637718,0.0,0.9491406083106996,0.0123459361493587,0.0120341703295707,0.0264793299138546,0.0,0.9529233574867249,0.011909463442862034,0.010267495177686214,0.024899715557694435,0.0
42,0.9994596242904664,0.0,0.0,0.0005403945106081,0.0,0.9997298121452332,0.0,0.0,0.000270197255304,0.0,0.9997090697288512,0.0,0.0,0.0002909816685132,0.0,0.9997506141662598,0.0,0.0,0.0002494128420948,0.0,0.9996882677078248,0.0,0.0,0.0003117660526186,0.0,0.9997506141662598,0.0,0.0,0.0002494128420948,0.0,0.9997714161872864,0.0,0.0,0.0002286284434376,0.0,0.9997298121452332,0.0,0.0,0.000270197255304,0.0,0.9997714161872864,0.0,0.0,0.0002286284434376,0.0,0.9998337626457214,0.0,0.0,0.0001662752329139,0.0,0.999792218208313,0.0,0.0,0.0002078440447803,0.0,0.9997714161872864,0.0,0.0,0.0002286284434376,0.0,0.9997714161872864,0.0,0.0,0.0002286284434376,0.0,0.9997506141662598,0.0,0.0,0.0002494128420948,0.0,0.9998129606246948,0.0,0.0,0.0001870596315711,0.0,0.9997506141662598,0.0,0.0,0.0002494128420948,0.0,0.9997714161872864,0.0,0.0,0.0002286284434376,0.0,0.9997298121452332,0.0,0.0,0.000270197255304,0.0,0.9997298121452332,0.0,0.0,0.000270197255304,0.0,0.9998337626457214,0.0,0.0,0.0001662752329139,0.0,0.999792218208313,0.0,0.0,0.0002078440447803,0.0,0.9997090697288512,0.0,0.0,0.0002909816685132,0.0,0.9997090697288512,0.0,0.0,0.0002909816685132,0.0,0.9997714161872864,0.0,0.0,0.0002286284434376,0.0,0.999854564666748,0.0,0.0,0.0001454908342566,0.0,0.9996467232704164,0.0,0.0,0.0003533348790369,0.0,0.9997298121452332,0.0,0.0,0.000270197255304,0.0,0.9996882677078248,0.0,0.0,0.0003117660526186,0.0,0.9998129606246948,0.0,0.0,0.0001870596315711,0.0,0.9997298121452332,0.0,0.0,0.000270197255304,0.0,0.969737946987152,0.0067549315281212,0.0067133624106645,0.0167937986552715,0.0,0.9399746656417848,0.0125329960137605,0.0139671191573143,0.0335252434015274,0.0,0.9288342595100404,0.0164820328354835,0.0162118356674909,0.0384719334542751,0.0,0.9410554766654968,0.0133851561695337,0.0138631975278258,0.0316962152719497,0.0,0.9207491278648376,0.0183941982686519,0.0183318443596363,0.0425248891115188,0.0,0.9413256645202636,0.0137177063152194,0.0142581015825271,0.0306985657662153,0.0,0.9495147466659546,0.0106623992323875,0.0117431879043579,0.028079729527235,0.0,0.88739013671875,0.0226965695619583,0.0274354126304388,0.062477920204401,0.0,0.8962858319282532,0.022675784304738,0.0249412842094898,0.0560971051454544,0.0,0.9648743867874146,0.0078980736434459,0.0081474864855408,0.0190800838172435,0.0,0.9277949929237366,0.0154843814671039,0.0172926243394613,0.0394280143082141,0.0,0.9375221133232116,0.0139671191573143,0.015193399041891,0.0333173982799053,0.0,0.936732292175293,0.0138216288760304,0.014465944841504,0.0349801518023014,0.0,0.9218714833259584,0.0180824324488639,0.0185396876186132,0.0415064543485641,0.0,0.9060752987861632,0.0212832298129796,0.0214702896773815,0.0511712022125721,0.0,0.9642508625984192,0.0080227795988321,0.008272192440927,0.019454201683402,0.0,0.9061376452445984,0.0209506787359714,0.0212832298129796,0.0516284592449665,0.0,0.9575167298316956,0.0099765136837959,0.0093114133924245,0.0231953952461481,0.0,0.9133082628250122,0.0192463584244251,0.0190592985600233,0.0483860932290554,0.0,0.9028745293617249,0.0204310696572065,0.021220875903964,0.0554735735058784,0.0,0.9372934699058532,0.0137592758983373,0.0145490830764174,0.0343981869518756,0.0,0.9011493921279908,0.021636564284563,0.0232785325497388,0.0539355278015136,0.0,0.9165090918540956,0.0188930239528417,0.0195373389869928,0.0450605899095535,0.0,0.9395589828491212,0.0136553533375263,0.0141333946958184,0.0326522998511791,0.0,0.9423233270645142,0.0128655461594462,0.0131149590015411,0.0316962152719497,0.0,0.9171534180641174,0.0181447844952344,0.0189761612564325,0.0457256883382797,0.0,0.8935215473175049,0.0217404868453741,0.0225926470011472,0.0621453672647476,0.0,0.9015443325042723,0.0195996928960084,0.0222185272723436,0.0566374994814395,0.0,0.9469582438468932,0.0117431879043579,0.0129278991371393,0.0283707119524478,0.0,0.9507617950439453,0.01174318790435791,0.011057303287088871,0.02643776126205921,0.0
43,0.9994596242904664,0.0,0.0,0.0005403945106081,0.0,0.9997298121452332,0.0,0.0,0.000270197255304,0.0,0.9997090697288512,0.0,0.0,0.0002909816685132,0.0,0.9997506141662598,0.0,0.0,0.0002494128420948,0.0,0.9996882677078248,0.0,0.0,0.0003117660526186,0.0,0.9997506141662598,0.0,0.0,0.0002494128420948,0.0,0.9997714161872864,0.0,0.0,0.0002286284434376,0.0,0.9997298121452332,0.0,0.0,0.000270197255304,0.0,0.9997714161872864,0.0,0.0,0.0002286284434376,0.0,0.9998337626457214,0.0,0.0,0.0001662752329139,0.0,0.999792218208313,0.0,0.0,0.0002078440447803,0.0,0.9997714161872864,0.0,0.0,0.0002286284434376,0.0,0.9997714161872864,0.0,0.0,0.0002286284434376,0.0,0.9997506141662598,0.0,0.0,0.0002494128420948,0.0,0.9998129606246948,0.0,0.0,0.0001870596315711,0.0,0.9997506141662598,0.0,0.0,0.0002494128420948,0.0,0.9997714161872864,0.0,0.0,0.0002286284434376,0.0,0.9997298121452332,0.0,0.0,0.000270197255304,0.0,0.9997298121452332,0.0,0.0,0.000270197255304,0.0,0.9998337626457214,0.0,0.0,0.0001662752329139,0.0,0.999792218208313,0.0,0.0,0.0002078440447803,0.0,0.9997090697288512,0.0,0.0,0.0002909816685132,0.0,0.9997090697288512,0.0,0.0,0.0002909816685132,0.0,0.9997714161872864,0.0,0.0,0.0002286284434376,0.0,0.999854564666748,0.0,0.0,0.0001454908342566,0.0,0.9996467232704164,0.0,0.0,0.0003533348790369,0.0,0.9997298121452332,0.0,0.0,0.000270197255304,0.0,0.9996882677078248,0.0,0.0,0.0003117660526186,0.0,0.9998129606246948,0.0,0.0,0.0001870596315711,0.0,0.9997298121452332,0.0,0.0,0.000270197255304,0.0,0.9683869481086732,0.0064015965908765,0.0075239543803036,0.01768752746284,0.0,0.9370648860931396,0.0123459361493587,0.0154220275580883,0.0351672135293483,0.0,0.9259659647941588,0.0155883030965924,0.0176251754164695,0.0408205687999725,0.0,0.9384989738464355,0.0126161333173513,0.0153181059285998,0.0335668139159679,0.0,0.9177561402320862,0.0171263497322797,0.0198283214122056,0.0452892184257507,0.0,0.9384781718254088,0.0131149590015411,0.0158585011959075,0.0325483754277229,0.0,0.9477064609527588,0.0101843578740954,0.0120757389813661,0.0300334636121988,0.0,0.8825265765190125,0.0218028407543897,0.02963856048882,0.0660320520401001,0.0,0.8924407362937927,0.0207220502197742,0.0273107066750526,0.0595265328884124,0.0,0.9633155465126038,0.0074616009369492,0.008999646641314,0.0202232245355844,0.0,0.9249475598335266,0.0149024175480008,0.0185189042240381,0.0416311621665954,0.0,0.9349448680877686,0.0130733903497457,0.0163573268800973,0.0356244668364524,0.0,0.9342173933982848,0.0129694677889347,0.0156506560742855,0.0371625162661075,0.0,0.91892009973526,0.0166067387908697,0.020493421703577,0.0439797975122928,0.0,0.901897668838501,0.0199530273675918,0.0240267720073461,0.0541225895285606,0.0,0.9624426364898682,0.0078149363398551,0.009103569202125,0.0206389129161834,0.0,0.9025835394859314,0.0194957703351974,0.0230706892907619,0.0548500418663024,0.0,0.955750048160553,0.0096023948863148,0.0100596519187092,0.0245879497379064,0.0,0.9097126126289368,0.0179369412362575,0.0210130326449871,0.0513374768197536,0.0,0.8992788195610046,0.0187891013920307,0.0234655924141407,0.0584665276110172,0.0,0.93459153175354,0.0132604502141475,0.0156298726797103,0.0365181975066661,0.0,0.89674311876297,0.0207220502197742,0.0255024638026952,0.0570324063301086,0.0,0.9132251739501952,0.0173341929912567,0.0210338160395622,0.0484068766236305,0.0,0.9365244507789612,0.0131149590015411,0.0156298726797103,0.034730739891529,0.0,0.9397668242454528,0.0124290734529495,0.0145490830764174,0.0332550480961799,0.0,0.9135369062423706,0.0178122334182262,0.0203271470963954,0.0483237393200397,0.0,0.889198362827301,0.0198906753212213,0.0251283440738916,0.0657826364040374,0.0,0.8983019590377808,0.0184357669204473,0.0234448071569204,0.0598175153136253,0.0,0.9450876116752625,0.0110780876129865,0.0136137846857309,0.0302205234766006,0.0,0.9486625790596008,0.011078087612986565,0.011992600746452808,0.02826678939163685,0.0
44,0.9994596242904664,0.0,0.0,0.0005403945106081,0.0,0.9997298121452332,0.0,0.0,0.000270197255304,0.0,0.9997090697288512,0.0,0.0,0.0002909816685132,0.0,0.9997506141662598,0.0,0.0,0.0002494128420948,0.0,0.9996882677078248,0.0,0.0,0.0003117660526186,0.0,0.9997506141662598,0.0,0.0,0.0002494128420948,0.0,0.9997714161872864,0.0,0.0,0.0002286284434376,0.0,0.9997298121452332,0.0,0.0,0.000270197255304,0.0,0.9997714161872864,0.0,0.0,0.0002286284434376,0.0,0.9998337626457214,0.0,0.0,0.0001662752329139,0.0,0.999792218208313,0.0,0.0,0.0002078440447803,0.0,0.9997714161872864,0.0,0.0,0.0002286284434376,0.0,0.9997714161872864,0.0,0.0,0.0002286284434376,0.0,0.9997506141662598,0.0,0.0,0.0002494128420948,0.0,0.9998129606246948,0.0,0.0,0.0001870596315711,0.0,0.9997506141662598,0.0,0.0,0.0002494128420948,0.0,0.9997714161872864,0.0,0.0,0.0002286284434376,0.0,0.9997298121452332,0.0,0.0,0.000270197255304,0.0,0.9997298121452332,0.0,0.0,0.000270197255304,0.0,0.9998337626457214,0.0,0.0,0.0001662752329139,0.0,0.999792218208313,0.0,0.0,0.0002078440447803,0.0,0.9997090697288512,0.0,0.0,0.0002909816685132,0.0,0.9997090697288512,0.0,0.0,0.0002909816685132,0.0,0.9997714161872864,0.0,0.0,0.0002286284434376,0.0,0.999854564666748,0.0,0.0,0.0001454908342566,0.0,0.9996467232704164,0.0,0.0,0.0003533348790369,0.0,0.9997298121452332,0.0,0.0,0.000270197255304,0.0,0.9996882677078248,0.0,0.0,0.0003117660526186,0.0,0.9998129606246948,0.0,0.0,0.0001870596315711,0.0,0.9997298121452332,0.0,0.0,0.000270197255304,0.0,0.966911256313324,0.0061313994228839,0.007960426621139,0.0189969446510076,0.0,0.9341135025024414,0.0116600506007671,0.0161494817584753,0.038077026605606,0.0,0.9229314923286438,0.0139879044145345,0.0184773355722427,0.0446033328771591,0.0,0.9356099367141724,0.0119718164205551,0.0156922247260808,0.0367260426282882,0.0,0.9140565395355223,0.0148816332221031,0.0220730379223823,0.0489888414740562,0.0,0.935381293296814,0.01222122926265,0.0166067387908697,0.0357907451689243,0.0,0.9451292157173156,0.0093737663701176,0.0127200549468398,0.0327770039439201,0.0,0.8778293132781982,0.0207428354769945,0.0293891467154026,0.072038747370243,0.0,0.8880136609077454,0.0194957703351974,0.0281005147844553,0.0643900856375694,0.0,0.9616528153419496,0.0067965001799166,0.0098102390766143,0.0217404868453741,0.0,0.9214765429496764,0.0136345690116286,0.0195789095014333,0.0453100018203258,0.0,0.9323468208312988,0.0115561289712786,0.0174173302948474,0.0386797748506069,0.0,0.9317856431007384,0.0114106377586722,0.0170224271714687,0.0397813506424427,0.0,0.9149502515792848,0.0153596745803952,0.0215326435863971,0.0481574647128582,0.0,0.8980733156204224,0.0179161559790372,0.0250659920275211,0.058944571763277,0.0,0.9606343507766724,0.0072121880948543,0.0097478851675987,0.0224055871367454,0.0,0.898800790309906,0.0169392898678779,0.0247126556932926,0.0595473162829875,0.0,0.9541080594062804,0.0085631748661398,0.0103506334125995,0.0269781574606895,0.0,0.9055972695350648,0.0173341929912567,0.0216573495417833,0.0554112195968627,0.0,0.8953505754470825,0.0167522300034761,0.0246710870414972,0.0632261559367179,0.0,0.9311413168907166,0.0130318216979503,0.0159000698477029,0.0399268418550491,0.0,0.8926277756690979,0.0183526296168565,0.0270820781588554,0.0619375258684158,0.0,0.9097333550453186,0.0154843814671039,0.0218028407543897,0.0529794469475746,0.0,0.9339264035224916,0.0115145603194832,0.0169808585196733,0.0375782027840614,0.0,0.936981737613678,0.0116392662748694,0.0148608488962054,0.0365181975066661,0.0,0.9092761278152466,0.0165236014872789,0.0214287210255861,0.0527716018259525,0.0,0.8845842480659485,0.0191008672118186,0.0261052120476961,0.0702097192406654,0.0,0.8942489624023438,0.0168769359588623,0.0243593212217092,0.0645147934556007,0.0,0.9426143169403076,0.0103090647608041,0.0140502573922276,0.0330264195799827,0.0,0.9462100267410278,0.01024671085178852,0.01286554615944624,0.030677780508995056,0.0
45,0.9994596242904664,0.0,0.0,0.0005403945106081,0.0,0.9997298121452332,0.0,0.0,0.000270197255304,0.0,0.9997090697288512,0.0,0.0,0.0002909816685132,0.0,0.9997506141662598,0.0,0.0,0.0002494128420948,0.0,0.9996882677078248,0.0,0.0,0.0003117660526186,0.0,0.9997506141662598,0.0,0.0,0.0002494128420948,0.0,0.9997714161872864,0.0,0.0,0.0002286284434376,0.0,0.9997298121452332,0.0,0.0,0.000270197255304,0.0,0.9997714161872864,0.0,0.0,0.0002286284434376,0.0,0.9998337626457214,0.0,0.0,0.0001662752329139,0.0,0.999792218208313,0.0,0.0,0.0002078440447803,0.0,0.9997714161872864,0.0,0.0,0.0002286284434376,0.0,0.9997714161872864,0.0,0.0,0.0002286284434376,0.0,0.9997506141662598,0.0,0.0,0.0002494128420948,0.0,0.9998129606246948,0.0,0.0,0.0001870596315711,0.0,0.9997506141662598,0.0,0.0,0.0002494128420948,0.0,0.9997714161872864,0.0,0.0,0.0002286284434376,0.0,0.9997298121452332,0.0,0.0,0.000270197255304,0.0,0.9997298121452332,0.0,0.0,0.000270197255304,0.0,0.9998337626457214,0.0,0.0,0.0001662752329139,0.0,0.999792218208313,0.0,0.0,0.0002078440447803,0.0,0.9997090697288512,0.0,0.0,0.0002909816685132,0.0,0.9997090697288512,0.0,0.0,0.0002909816685132,0.0,0.9997714161872864,0.0,0.0,0.0002286284434376,0.0,0.999854564666748,0.0,0.0,0.0001454908342566,0.0,0.9996467232704164,0.0,0.0,0.0003533348790369,0.0,0.9997298121452332,0.0,0.0,0.000270197255304,0.0,0.9996882677078248,0.0,0.0,0.0003117660526186,0.0,0.9998129606246948,0.0,0.0,0.0001870596315711,0.0,0.9997298121452332,0.0,0.0,0.000270197255304,0.0,0.9659135937690736,0.0050090411677956,0.0089788623154163,0.0200985185801982,0.0,0.9320350289344788,0.0101012205705046,0.0168145820498466,0.0410491973161697,0.0,0.9209361672401428,0.0106416149064898,0.0206389129161834,0.0477833449840545,0.0,0.9335938692092896,0.0098518077284097,0.0174173302948474,0.0391370318830013,0.0,0.911770224571228,0.0116392662748694,0.0237773582339286,0.052813172340393,0.0,0.9332197308540344,0.0100596519187092,0.0175420362502336,0.0391786023974418,0.0,0.9437366724014282,0.007232972420752,0.0137177063152194,0.0353127010166645,0.0,0.8750442266464233,0.0163988955318927,0.0304491519927978,0.0781077891588211,0.0,0.8846050500869751,0.0156714413315057,0.0299295410513877,0.0697940289974212,0.0,0.960592806339264,0.0056949267163872,0.0098933763802051,0.023818926885724,0.0,0.9190031886100768,0.0111196562647819,0.0208675414323806,0.0490096248686313,0.0,0.930725634098053,0.0091659221798181,0.0182902757078409,0.0418182201683521,0.0,0.9296240210533142,0.0093529820442199,0.0177498813718557,0.0432731285691261,0.0,0.9123522043228148,0.0118678947910666,0.023818926885724,0.0519610084593296,0.0,0.8955584168434143,0.0141749633476138,0.0269781574606895,0.0632885098457336,0.0,0.9591586589813232,0.0063184588216245,0.0108286747708916,0.0236942209303379,0.0,0.895703911781311,0.0139255505055189,0.0265209004282951,0.0638496875762939,0.0,0.952777862548828,0.0063392431475222,0.0114314220845699,0.0294515006244182,0.0,0.9032902121543884,0.013364371843636,0.023715004324913,0.0596304535865783,0.0,0.8920458555221558,0.0138631975278258,0.026624821126461,0.0674661770462989,0.0,0.9290004968643188,0.0107247522100806,0.0178745873272418,0.0424001850187778,0.0,0.8896556496620178,0.0153596745803952,0.0286409091204404,0.0663438215851783,0.0,0.9070521593093872,0.0125537803396582,0.0237357895821332,0.056658286601305,0.0,0.9318479895591736,0.0096231792122125,0.0178953725844621,0.0406335107982158,0.0,0.9352150559425354,0.009415335021913,0.0161494817584753,0.0392201691865921,0.0,0.9071561098098756,0.0131565276533365,0.0226550009101629,0.0570324063301086,0.0,0.8820069432258606,0.0150894774124026,0.0277887489646673,0.0751148387789726,0.0,0.8913391828536987,0.0135306473821401,0.0260636433959007,0.0690665766596794,0.0,0.9410762786865234,0.00806434918195,0.0147984959185123,0.0360609404742717,0.0,0.9443601965904236,0.008563174866139889,0.014008688740432262,0.033067986369132996,0.0
46,0.9994596242904664,0.0,0.0,0.0005403945106081,0.0,0.9997298121452332,0.0,0.0,0.000270197255304,0.0,0.9997090697288512,0.0,0.0,0.0002909816685132,0.0,0.9997506141662598,0.0,0.0,0.0002494128420948,0.0,0.9996882677078248,0.0,0.0,0.0003117660526186,0.0,0.9997506141662598,0.0,0.0,0.0002494128420948,0.0,0.9997714161872864,0.0,0.0,0.0002286284434376,0.0,0.9997298121452332,0.0,0.0,0.000270197255304,0.0,0.9997714161872864,0.0,0.0,0.0002286284434376,0.0,0.9998337626457214,0.0,0.0,0.0001662752329139,0.0,0.999792218208313,0.0,0.0,0.0002078440447803,0.0,0.9997714161872864,0.0,0.0,0.0002286284434376,0.0,0.9997714161872864,0.0,0.0,0.0002286284434376,0.0,0.9997506141662598,0.0,0.0,0.0002494128420948,0.0,0.9998129606246948,0.0,0.0,0.0001870596315711,0.0,0.9997506141662598,0.0,0.0,0.0002494128420948,0.0,0.9997714161872864,0.0,0.0,0.0002286284434376,0.0,0.9997298121452332,0.0,0.0,0.000270197255304,0.0,0.9997298121452332,0.0,0.0,0.000270197255304,0.0,0.9998337626457214,0.0,0.0,0.0001662752329139,0.0,0.999792218208313,0.0,0.0,0.0002078440447803,0.0,0.9997090697288512,0.0,0.0,0.0002909816685132,0.0,0.9997090697288512,0.0,0.0,0.0002909816685132,0.0,0.9997714161872864,0.0,0.0,0.0002286284434376,0.0,0.999854564666748,0.0,0.0,0.0001454908342566,0.0,0.9996467232704164,0.0,0.0,0.0003533348790369,0.0,0.9997298121452332,0.0,0.0,0.000270197255304,0.0,0.9996882677078248,0.0,0.0,0.0003117660526186,0.0,0.9998129606246948,0.0,0.0,0.0001870596315711,0.0,0.9997298121452332,0.0,0.0,0.000270197255304,0.0,0.9645418524742126,0.0051961010321974,0.0086463121697306,0.0216157808899879,0.0,0.9297903180122375,0.0101843578740954,0.0154220275580883,0.0446033328771591,0.0,0.9185251593589784,0.0103090647608041,0.0195996928960084,0.0515661053359508,0.0,0.93112051486969,0.0099349450320005,0.0166690926998853,0.0422754772007465,0.0,0.908735692501068,0.012013386003673,0.0232785325497388,0.0559724010527133,0.0,0.9310581684112548,0.0102674951776862,0.0167314447462558,0.0419429279863834,0.0,0.9418244957923888,0.0076902294531464,0.0127200549468398,0.0377652607858181,0.0,0.8714900612831116,0.0159000698477029,0.0287240464240312,0.0838858559727668,0.0,0.8810716867446899,0.0152141833677887,0.0279965922236442,0.0757175832986831,0.0,0.9594081044197084,0.00546629820019,0.0096647478640079,0.0254608951508998,0.0,0.9158024191856384,0.0119926007464528,0.0195165555924177,0.0526884645223617,0.0,0.9281691312789916,0.0093529820442199,0.01768752746284,0.0447903908789157,0.0,0.9274209141731262,0.0093114133924245,0.0170639958232641,0.0462037287652492,0.0,0.9096086621284484,0.0122627988457679,0.021948330104351,0.0561802461743354,0.0,0.892295241355896,0.013780060224235,0.025897366926074,0.0680273547768592,0.0,0.9576206207275392,0.0066302251070737,0.0100388675928115,0.0257103070616722,0.0,0.8921913504600525,0.0139463348314166,0.0258350148797035,0.0680273547768592,0.0,0.9514476656913756,0.0060690459795296,0.0117431879043579,0.0307401344180107,0.0,0.9001101851463318,0.0131980963051319,0.0234240237623453,0.0632677227258682,0.0,0.8884709477424622,0.014403591863811,0.0254193264991045,0.0717061907052993,0.0,0.9266102910041808,0.0106831835582852,0.017271839082241,0.0454347059130668,0.0,0.8864756226539612,0.0146737890318036,0.0274354126304388,0.0714152157306671,0.0,0.904225528240204,0.0122835831716656,0.0229459814727306,0.0605449676513671,0.0,0.9292706847190856,0.0102882804349064,0.0172926243394613,0.0431484244763851,0.0,0.9328871965408324,0.0094361193478107,0.015816930681467,0.0418597906827926,0.0,0.9042047262191772,0.012948683463037,0.0219067614525556,0.0609398745000362,0.0,0.8789308667182922,0.0145906517282128,0.0263961926102638,0.0800823122262954,0.0,0.8882838487625122,0.0132604502141475,0.0250659920275211,0.0733897313475608,0.0,0.9392056465148926,0.0077525828965008,0.0145282987505197,0.0385135002434253,0.0,0.9424064755439758,0.008355330675840378,0.014071041718125343,0.03516721352934837,0.0
47,0.9994596242904664,0.0,0.0,0.0005403945106081,0.0,0.9997298121452332,0.0,0.0,0.000270197255304,0.0,0.9997090697288512,0.0,0.0,0.0002909816685132,0.0,0.9997506141662598,0.0,0.0,0.0002494128420948,0.0,0.9996882677078248,0.0,0.0,0.0003117660526186,0.0,0.9997506141662598,0.0,0.0,0.0002494128420948,0.0,0.9997714161872864,0.0,0.0,0.0002286284434376,0.0,0.9997298121452332,0.0,0.0,0.000270197255304,0.0,0.9997714161872864,0.0,0.0,0.0002286284434376,0.0,0.9998337626457214,0.0,0.0,0.0001662752329139,0.0,0.999792218208313,0.0,0.0,0.0002078440447803,0.0,0.9997714161872864,0.0,0.0,0.0002286284434376,0.0,0.9997714161872864,0.0,0.0,0.0002286284434376,0.0,0.9997506141662598,0.0,0.0,0.0002494128420948,0.0,0.9998129606246948,0.0,0.0,0.0001870596315711,0.0,0.9997506141662598,0.0,0.0,0.0002494128420948,0.0,0.9997714161872864,0.0,0.0,0.0002286284434376,0.0,0.9997298121452332,0.0,0.0,0.000270197255304,0.0,0.9997298121452332,0.0,0.0,0.000270197255304,0.0,0.9998337626457214,0.0,0.0,0.0001662752329139,0.0,0.999792218208313,0.0,0.0,0.0002078440447803,0.0,0.9997090697288512,0.0,0.0,0.0002909816685132,0.0,0.9997090697288512,0.0,0.0,0.0002909816685132,0.0,0.9997714161872864,0.0,0.0,0.0002286284434376,0.0,0.999854564666748,0.0,0.0,0.0001454908342566,0.0,0.9996467232704164,0.0,0.0,0.0003533348790369,0.0,0.9997298121452332,0.0,0.0,0.000270197255304,0.0,0.9996882677078248,0.0,0.0,0.0003117660526186,0.0,0.9998129606246948,0.0,0.0,0.0001870596315711,0.0,0.9997298121452332,0.0,0.0,0.000270197255304,0.0,0.9625465273857116,0.0058404174633324,0.0081059178337454,0.023507161065936,0.0,0.9270259737968444,0.0100388675928115,0.0154428118839859,0.0474923625588417,0.0,0.915241241455078,0.0107247522100806,0.0193502809852361,0.0546837672591209,0.0,0.9283769726753236,0.0101220048964023,0.0159416384994983,0.0455594137310981,0.0,0.904994547367096,0.0127616245299577,0.0213871523737907,0.0608567334711551,0.0,0.9278989434242249,0.0105792619287967,0.0165651701390743,0.0449566654860973,0.0,0.9398499727249146,0.0078565049916505,0.0124706421047449,0.0398229174315929,0.0,0.8669174909591675,0.0156090874224901,0.0275601204484701,0.0899133309721946,0.0,0.876686155796051,0.0157545786350965,0.0265209004282951,0.0810383930802345,0.0,0.9572049379348756,0.006110614631325,0.0094569036737084,0.0272275693714618,0.0,0.9121443629264832,0.0128031931817531,0.0183318443596363,0.0567206405103206,0.0,0.92505145072937,0.0098933763802051,0.016544384881854,0.0485108010470867,0.0,0.9246773719787598,0.0095400419086217,0.0163365416228771,0.0494460985064506,0.0,0.90622079372406,0.0126992706209421,0.0210338160395622,0.0600461438298225,0.0,0.888741135597229,0.0131565276533365,0.0254608951508998,0.0726414918899536,0.0,0.9559578895568848,0.0064847338944673,0.009831023402512,0.0277263950556516,0.0,0.8886164426803589,0.0139671191573143,0.0245048124343156,0.072911687195301,0.0,0.949182152748108,0.0065678716637194,0.0117431879043579,0.0325068086385726,0.0,0.8966391682624817,0.0130733903497457,0.0228420607745647,0.0674453899264335,0.0,0.8842101097106934,0.0150686930865049,0.0240267720073461,0.0766944512724876,0.0,0.9232224225997924,0.0113690691068768,0.0164612475782632,0.0489472709596157,0.0,0.8821316957473755,0.0146114360541105,0.0260428581386804,0.0772140622138977,0.0,0.9007129073143005,0.0125122116878628,0.0221769586205482,0.0645979270339012,0.0,0.926734983921051,0.0097894547507166,0.0166898760944604,0.0467856936156749,0.0,0.9302891492843628,0.0094776879996061,0.0154220275580883,0.0448111742734909,0.0,0.9010870456695556,0.0124498577788472,0.0217612702399492,0.0647018477320671,0.0,0.8744829893112183,0.0147153576835989,0.0260636433959007,0.08473801612854,0.0,0.8847089409828186,0.0135930003598332,0.0228420607745647,0.0788560286164283,0.0,0.9363997578620912,0.008687880821526,0.0136137846857309,0.041298609226942,0.0,0.9399123191833496,0.008750233799219131,0.013842413201928139,0.03749506548047066,0.0
48,0.9994596242904664,0.0,0.0,0.0005403945106081,0.0,0.9997298121452332,0.0,0.0,0.000270197255304,0.0,0.9997090697288512,0.0,0.0,0.0002909816685132,0.0,0.9997506141662598,0.0,0.0,0.0002494128420948,0.0,0.9996882677078248,0.0,0.0,0.0003117660526186,0.0,0.9997506141662598,0.0,0.0,0.0002494128420948,0.0,0.9997714161872864,0.0,0.0,0.0002286284434376,0.0,0.9997298121452332,0.0,0.0,0.000270197255304,0.0,0.9997714161872864,0.0,0.0,0.0002286284434376,0.0,0.9998337626457214,0.0,0.0,0.0001662752329139,0.0,0.999792218208313,0.0,0.0,0.0002078440447803,0.0,0.9997714161872864,0.0,0.0,0.0002286284434376,0.0,0.9997714161872864,0.0,0.0,0.0002286284434376,0.0,0.9997506141662598,0.0,0.0,0.0002494128420948,0.0,0.9998129606246948,0.0,0.0,0.0001870596315711,0.0,0.9997506141662598,0.0,0.0,0.0002494128420948,0.0,0.9997714161872864,0.0,0.0,0.0002286284434376,0.0,0.9997298121452332,0.0,0.0,0.000270197255304,0.0,0.9997298121452332,0.0,0.0,0.000270197255304,0.0,0.9998337626457214,0.0,0.0,0.0001662752329139,0.0,0.999792218208313,0.0,0.0,0.0002078440447803,0.0,0.9997090697288512,0.0,0.0,0.0002909816685132,0.0,0.9997090697288512,0.0,0.0,0.0002909816685132,0.0,0.9997714161872864,0.0,0.0,0.0002286284434376,0.0,0.999854564666748,0.0,0.0,0.0001454908342566,0.0,0.9996467232704164,0.0,0.0,0.0003533348790369,0.0,0.9997298121452332,0.0,0.0,0.000270197255304,0.0,0.9996882677078248,0.0,0.0,0.0003117660526186,0.0,0.9998129606246948,0.0,0.0,0.0001870596315711,0.0,0.9997298121452332,0.0,0.0,0.000270197255304,0.0,0.9610916376113892,0.0058196331374347,0.0078772893175482,0.0252114813774824,0.0,0.9240538477897644,0.0100596519187092,0.0152973216027021,0.0505892410874366,0.0,0.9125600457191468,0.0103714177384972,0.0186228267848491,0.0584457442164421,0.0,0.9257997274398804,0.0098102390766143,0.0155051657930016,0.0488849170506,0.0,0.9020847082138062,0.0119718164205551,0.0208259727805852,0.0651175379753112,0.0,0.9249267578125,0.010454555042088,0.0162118356674909,0.0484068766236305,0.0,0.9377923011779784,0.0073368945159018,0.0127616245299577,0.0421092025935649,0.0,0.8626151084899902,0.0152141833677887,0.0265001151710748,0.095670610666275,0.0,0.8725708723068237,0.0154428118839859,0.0251491293311119,0.0868372395634651,0.0,0.9557084441184998,0.0059443395584821,0.0091243535280227,0.029222872108221,0.0,0.9091721773147584,0.0123043674975633,0.0183734130114316,0.0601500645279884,0.0,0.9226197004318236,0.009727100841701,0.0156714413315057,0.051981795579195,0.0,0.922100067138672,0.0096855321899056,0.0154012432321906,0.052813172340393,0.0,0.9029160737991332,0.0120341703295707,0.0205765608698129,0.0644732192158699,0.0,0.8847712874412537,0.0133020188659429,0.0237773582339286,0.0781493559479713,0.0,0.9546276926994324,0.0060066930018365,0.0096231792122125,0.0297424830496311,0.0,0.8851662278175354,0.0136345690116286,0.0232785325497388,0.0779207274317741,0.0,0.9471660852432252,0.0069419909268617,0.0112443622201681,0.0346476025879383,0.0,0.8935215473175049,0.0120757389813661,0.022052252665162,0.0723505094647407,0.0,0.8802610635757446,0.0150894774124026,0.0227173529565334,0.0819321200251579,0.0,0.9205828309059144,0.010558477602899,0.0167106613516807,0.0521480701863765,0.0,0.8788061738014221,0.0138216288760304,0.0248373635113239,0.082534871995449,0.0,0.8976576328277588,0.0120757389813661,0.0208259727805852,0.0694406926631927,0.0,0.9236797094345092,0.0102467108517885,0.0157130099833011,0.0503606125712394,0.0,0.9273585677146912,0.0096231792122125,0.0152141833677887,0.0478041283786296,0.0,0.898156464099884,0.0111196562647819,0.0220730379223823,0.0686508864164352,0.0,0.8707418441772461,0.0138424132019281,0.0245048124343156,0.0909109860658645,0.0,0.881591260433197,0.0126577019691467,0.0224887244403362,0.0832623243331909,0.0,0.9337393641471864,0.0088749406859278,0.0135514317080378,0.0438343100249767,0.0,0.9379794001579285,0.008230623789131641,0.01353064738214016,0.04025939106941223,0.0
49,0.9994596242904664,0.0,0.0,0.0005403945106081,0.0,0.9997298121452332,0.0,0.0,0.000270197255304,0.0,0.9997090697288512,0.0,0.0,0.0002909816685132,0.0,0.9997506141662598,0.0,0.0,0.0002494128420948,0.0,0.9996882677078248,0.0,0.0,0.0003117660526186,0.0,0.9997506141662598,0.0,0.0,0.0002494128420948,0.0,0.9997714161872864,0.0,0.0,0.0002286284434376,0.0,0.9997298121452332,0.0,0.0,0.000270197255304,0.0,0.9997714161872864,0.0,0.0,0.0002286284434376,0.0,0.9998337626457214,0.0,0.0,0.0001662752329139,0.0,0.999792218208313,0.0,0.0,0.0002078440447803,0.0,0.9997714161872864,0.0,0.0,0.0002286284434376,0.0,0.9997714161872864,0.0,0.0,0.0002286284434376,0.0,0.9997506141662598,0.0,0.0,0.0002494128420948,0.0,0.9998129606246948,0.0,0.0,0.0001870596315711,0.0,0.9997506141662598,0.0,0.0,0.0002494128420948,0.0,0.9997714161872864,0.0,0.0,0.0002286284434376,0.0,0.9997298121452332,0.0,0.0,0.000270197255304,0.0,0.9997298121452332,0.0,0.0,0.000270197255304,0.0,0.9998337626457214,0.0,0.0,0.0001662752329139,0.0,0.999792218208313,0.0,0.0,0.0002078440447803,0.0,0.9997090697288512,0.0,0.0,0.0002909816685132,0.0,0.9997090697288512,0.0,0.0,0.0002909816685132,0.0,0.9997714161872864,0.0,0.0,0.0002286284434376,0.0,0.999854564666748,0.0,0.0,0.0001454908342566,0.0,0.9996467232704164,0.0,0.0,0.0003533348790369,0.0,0.9997298121452332,0.0,0.0,0.000270197255304,0.0,0.9996882677078248,0.0,0.0,0.0003117660526186,0.0,0.9998129606246948,0.0,0.0,0.0001870596315711,0.0,0.9997298121452332,0.0,0.0,0.000270197255304,0.0,0.958846926689148,0.0070666973479092,0.0071290507912635,0.0269573722034692,0.0,0.9209361672401428,0.0110988719388842,0.0137384915724396,0.0542265102267265,0.0,0.9087149500846864,0.01222122926265,0.0159832071512937,0.0630806684494018,0.0,0.9226820468902588,0.0109118120744824,0.0139879044145345,0.052418265491724,0.0,0.8978239297866821,0.0139463348314166,0.0171679183840751,0.0710618793964386,0.0,0.9216636419296264,0.0115561289712786,0.0143828075379133,0.0523974820971488,0.0,0.9351319074630736,0.0086047435179352,0.0107663217931985,0.0454970598220825,0.0,0.8581880331039429,0.0168561525642871,0.0235279463231563,0.1014278903603553,0.0,0.8680398464202881,0.0165651701390743,0.0229044128209352,0.0924905985593795,0.0,0.9535260796546936,0.0070666973479092,0.0078565049916505,0.0315507240593433,0.0,0.9060752987861632,0.0129278991371393,0.0161079131066799,0.064888909459114,0.0,0.9194812774658204,0.0112443622201681,0.0131773119792342,0.0560971051454544,0.0,0.9194396734237672,0.0101843578740954,0.0135722160339355,0.0568037778139114,0.0,0.8990709781646729,0.0132812345400452,0.0179577246308326,0.0696901082992553,0.0,0.8800116777420044,0.015546734444797,0.0204310696572065,0.0840105637907981,0.0,0.9531727433204652,0.0059859082102775,0.008687880821526,0.0321534723043441,0.0,0.8802403211593628,0.0154635962098836,0.0200361646711826,0.0842599719762802,0.0,0.944651186466217,0.0081267021596431,0.0098933763802051,0.0373287908732891,0.0,0.8889281749725342,0.0143620232120156,0.0196412615478038,0.0770685672760009,0.0,0.8757508397102356,0.0162949729710817,0.0200569499284029,0.0878972485661506,0.0,0.917194962501526,0.0118055418133735,0.0151726147159934,0.0558269098401069,0.0,0.8748987317085266,0.0147569272667169,0.021324798464775,0.0890196040272712,0.0,0.8935422897338867,0.0135098630562424,0.0181655697524547,0.0747822895646095,0.0,0.9204373359680176,0.0114106377586722,0.0135930003598332,0.0545590594410896,0.0,0.9244279265403748,0.0107871061190962,0.0134059404954314,0.0513790473341941,0.0,0.8946854472160339,0.0124706421047449,0.0186436101794242,0.0742003247141838,0.0,0.8661276698112488,0.0158792845904827,0.0216781329363584,0.0963149294257164,0.0,0.8771226406097412,0.0142165319994091,0.0197867527604103,0.0888741090893745,0.0,0.9313075542449952,0.0097686694934964,0.0118471104651689,0.0470766760408878,0.0,0.9350903630256653,0.009269843809306622,0.012096523307263851,0.04354332759976387,0.0
50,0.9994596242904664,0.0,0.0,0.0005403945106081,0.0,0.9997298121452332,0.0,0.0,0.000270197255304,0.0,0.9997090697288512,0.0,0.0,0.0002909816685132,0.0,0.9997506141662598,0.0,0.0,0.0002494128420948,0.0,0.9996882677078248,0.0,0.0,0.0003117660526186,0.0,0.9997506141662598,0.0,0.0,0.0002494128420948,0.0,0.9997714161872864,0.0,0.0,0.0002286284434376,0.0,0.9997298121452332,0.0,0.0,0.000270197255304,0.0,0.9997714161872864,0.0,0.0,0.0002286284434376,0.0,0.9998337626457214,0.0,0.0,0.0001662752329139,0.0,0.999792218208313,0.0,0.0,0.0002078440447803,0.0,0.9997714161872864,0.0,0.0,0.0002286284434376,0.0,0.9997714161872864,0.0,0.0,0.0002286284434376,0.0,0.9997506141662598,0.0,0.0,0.0002494128420948,0.0,0.9998129606246948,0.0,0.0,0.0001870596315711,0.0,0.9997506141662598,0.0,0.0,0.0002494128420948,0.0,0.9997714161872864,0.0,0.0,0.0002286284434376,0.0,0.9997298121452332,0.0,0.0,0.000270197255304,0.0,0.9997298121452332,0.0,0.0,0.000270197255304,0.0,0.9998337626457214,0.0,0.0,0.0001662752329139,0.0,0.999792218208313,0.0,0.0,0.0002078440447803,0.0,0.9997090697288512,0.0,0.0,0.0002909816685132,0.0,0.9997090697288512,0.0,0.0,0.0002909816685132,0.0,0.9997714161872864,0.0,0.0,0.0002286284434376,0.0,0.999854564666748,0.0,0.0,0.0001454908342566,0.0,0.9996467232704164,0.0,0.0,0.0003533348790369,0.0,0.9997298121452332,0.0,0.0,0.000270197255304,0.0,0.9996882677078248,0.0,0.0,0.0003117660526186,0.0,0.9998129606246948,0.0,0.0,0.0001870596315711,0.0,0.9997298121452332,0.0,0.0,0.000270197255304,0.0,0.9573296308517456,0.0072121880948543,0.0063808122649788,0.0290773808956146,0.0,0.9181094765663148,0.0116808349266648,0.0123459361493587,0.0578637793660163,0.0,0.905327081680298,0.0131980963051319,0.013052606023848,0.068422257900238,0.0,0.9194188714027404,0.0117016192525625,0.012325151823461,0.0565543621778488,0.0,0.8948309421539307,0.0139047661796212,0.0146737890318036,0.0765905305743217,0.0,0.9186914563179016,0.0123667204752564,0.01222122926265,0.0567206405103206,0.0,0.932866394519806,0.0089580779895186,0.0091451378539204,0.0490304082632064,0.0,0.8539064526557922,0.0175836067646741,0.0199530273675918,0.1085569411516189,0.0,0.8639869093894958,0.0170847810804843,0.0192047897726297,0.099723570048809,0.0,0.9520919919013976,0.0073161101900041,0.0068796379491686,0.0337123051285743,0.0,0.9024588465690612,0.0133435875177383,0.0143204545602202,0.0698771700263023,0.0,0.9167792797088624,0.0113898534327745,0.0117224035784602,0.0601084977388381,0.0,0.916862428188324,0.010558477602899,0.0115561289712786,0.061023011803627,0.0,0.8955168128013611,0.014091826044023,0.0146114360541105,0.0757799372076988,0.0,0.8767485022544861,0.015546734444797,0.0174381155520677,0.0902666673064231,0.0,0.9509696364402772,0.0066510094329714,0.0078565049916505,0.034522894769907,0.0,0.8767485022544861,0.0154428118839859,0.0174381155520677,0.090370588004589,0.0,0.9422609806060792,0.0091867065057158,0.0076694451272487,0.0408829227089881,0.0,0.8850207328796387,0.0150894774124026,0.016544384881854,0.0833454579114914,0.0,0.8715732097625732,0.0168977212160825,0.0174381155520677,0.09409099817276,0.0,0.914409875869751,0.0122004449367523,0.0131149590015411,0.0602747723460197,0.0,0.8714485168457031,0.0150271244347095,0.0185396876186132,0.0949847251176834,0.0,0.8900089859962463,0.0142165319994091,0.0153804589062929,0.0803940743207931,0.0,0.9177145957946776,0.0115561289712786,0.0122004449367523,0.0585288815200328,0.0,0.9221416711807252,0.0107455365359783,0.0117431879043579,0.0553696528077125,0.0,0.8913391828536987,0.0128655461594462,0.0161079131066799,0.0796874016523361,0.0,0.8618045449256897,0.0171263497322797,0.0181655697524547,0.1029035821557045,0.0,0.8737347722053528,0.0145490830764174,0.0165859553962945,0.0951302200555801,0.0,0.9292083382606506,0.0099972980096936,0.0099349450320005,0.0508594363927841,0.0,0.9326793551445007,0.00972710084170103,0.010516908019781113,0.04707667604088783,0.0
51,0.9994596242904664,0.0,0.0,0.0005403945106081,0.0,0.9997298121452332,0.0,0.0,0.000270197255304,0.0,0.9997090697288512,0.0,0.0,0.0002909816685132,0.0,0.9997506141662598,0.0,0.0,0.0002494128420948,0.0,0.9996882677078248,0.0,0.0,0.0003117660526186,0.0,0.9997506141662598,0.0,0.0,0.0002494128420948,0.0,0.9997714161872864,0.0,0.0,0.0002286284434376,0.0,0.9997298121452332,0.0,0.0,0.000270197255304,0.0,0.9997714161872864,0.0,0.0,0.0002286284434376,0.0,0.9998337626457214,0.0,0.0,0.0001662752329139,0.0,0.999792218208313,0.0,0.0,0.0002078440447803,0.0,0.9997714161872864,0.0,0.0,0.0002286284434376,0.0,0.9997714161872864,0.0,0.0,0.0002286284434376,0.0,0.9997506141662598,0.0,0.0,0.0002494128420948,0.0,0.9998129606246948,0.0,0.0,0.0001870596315711,0.0,0.9997506141662598,0.0,0.0,0.0002494128420948,0.0,0.9997714161872864,0.0,0.0,0.0002286284434376,0.0,0.9997298121452332,0.0,0.0,0.000270197255304,0.0,0.9997298121452332,0.0,0.0,0.000270197255304,0.0,0.9998337626457214,0.0,0.0,0.0001662752329139,0.0,0.999792218208313,0.0,0.0,0.0002078440447803,0.0,0.9997090697288512,0.0,0.0,0.0002909816685132,0.0,0.9997090697288512,0.0,0.0,0.0002909816685132,0.0,0.9997714161872864,0.0,0.0,0.0002286284434376,0.0,0.999854564666748,0.0,0.0,0.0001454908342566,0.0,0.9996467232704164,0.0,0.0,0.0003533348790369,0.0,0.9997298121452332,0.0,0.0,0.000270197255304,0.0,0.9996882677078248,0.0,0.0,0.0003117660526186,0.0,0.9998129606246948,0.0,0.0,0.0001870596315711,0.0,0.9997298121452332,0.0,0.0,0.000270197255304,0.0,0.9556460976600648,0.0069004222750663,0.0071914037689566,0.030262092128396,0.0,0.9151788949966432,0.0118471104651689,0.012948683463037,0.0600253604352474,0.0,0.902604341506958,0.012636917643249,0.0135930003598332,0.0711658000946044,0.0,0.9169663190841676,0.0114106377586722,0.0126784862950444,0.058944571763277,0.0,0.8920250535011292,0.0129694677889347,0.0157545786350965,0.0792509317398071,0.0,0.9158439636230468,0.0120549546554684,0.0134267248213291,0.0586743727326393,0.0,0.9309958219528198,0.0088541563600301,0.0096647478640079,0.0504853166639804,0.0,0.8503938913345337,0.0165236014872789,0.0204726383090019,0.1126099005341529,0.0,0.8606821894645691,0.0160039905458688,0.0195996928960084,0.1037141755223274,0.0,0.9504500031471252,0.0067549315281212,0.0076694451272487,0.0351256430149078,0.0,0.8998607993125916,0.0122835831716656,0.0156506560742855,0.0722050219774246,0.0,0.914472222328186,0.0105792619287967,0.0124706421047449,0.062477920204401,0.0,0.9147008657455444,0.0099765136837959,0.0120549546554684,0.0632677227258682,0.0,0.8922744393348694,0.0139463348314166,0.0156506560742855,0.0781285762786865,0.0,0.8735477328300476,0.015193399041891,0.0173341929912567,0.0939247235655784,0.0,0.9495354890823364,0.0064223809167742,0.0082929776981472,0.0357491746544837,0.0,0.8730072975158691,0.0156090874224901,0.0175212528556585,0.0938623696565628,0.0,0.9404942989349364,0.008687880821526,0.0083345463499426,0.0424833223223686,0.0,0.8818199038505554,0.01481928024441,0.0166690926998853,0.0866917520761489,0.0,0.8685386776924133,0.0156714413315057,0.0186643954366445,0.0971255227923393,0.0,0.9117910265922546,0.0114314220845699,0.0140710417181253,0.0627065449953079,0.0,0.8677904605865479,0.0143412388861179,0.0190177299082279,0.0988506227731704,0.0,0.8870159983634949,0.0136969219893217,0.0157961472868919,0.0834909528493881,0.0,0.9154698848724364,0.0112651474773883,0.0128239775076508,0.0604410469532012,0.0,0.9197514653205872,0.0105376932770013,0.0120341703295707,0.0576767213642597,0.0,0.8884709477424622,0.0126161333173513,0.0160663444548845,0.0828466340899467,0.0,0.8578970432281494,0.0165859553962945,0.019038513302803,0.1064785048365593,0.0,0.8701598644256592,0.0145490830764174,0.0168353673070669,0.0984557196497917,0.0,0.9272961616516112,0.009103569202125,0.010558477602899,0.0530418008565902,0.0,0.9303306937217712,0.009581610560417175,0.01084945909678936,0.04923825338482857,0.0
52,0.9994596242904664,0.0,0.0,0.0005403945106081,0.0,0.9997298121452332,0.0,0.0,0.000270197255304,0.0,0.9997090697288512,0.0,0.0,0.0002909816685132,0.0,0.9997506141662598,0.0,0.0,0.0002494128420948,0.0,0.9996882677078248,0.0,0.0,0.0003117660526186,0.0,0.9997506141662598,0.0,0.0,0.0002494128420948,0.0,0.9997714161872864,0.0,0.0,0.0002286284434376,0.0,0.9997298121452332,0.0,0.0,0.000270197255304,0.0,0.9997714161872864,0.0,0.0,0.0002286284434376,0.0,0.9998337626457214,0.0,0.0,0.0001662752329139,0.0,0.999792218208313,0.0,0.0,0.0002078440447803,0.0,0.9997714161872864,0.0,0.0,0.0002286284434376,0.0,0.9997714161872864,0.0,0.0,0.0002286284434376,0.0,0.9997506141662598,0.0,0.0,0.0002494128420948,0.0,0.9998129606246948,0.0,0.0,0.0001870596315711,0.0,0.9997506141662598,0.0,0.0,0.0002494128420948,0.0,0.9997714161872864,0.0,0.0,0.0002286284434376,0.0,0.9997298121452332,0.0,0.0,0.000270197255304,0.0,0.9997298121452332,0.0,0.0,0.000270197255304,0.0,0.9998337626457214,0.0,0.0,0.0001662752329139,0.0,0.999792218208313,0.0,0.0,0.0002078440447803,0.0,0.9997090697288512,0.0,0.0,0.0002909816685132,0.0,0.9997090697288512,0.0,0.0,0.0002909816685132,0.0,0.9997714161872864,0.0,0.0,0.0002286284434376,0.0,0.999854564666748,0.0,0.0,0.0001454908342566,0.0,0.9996467232704164,0.0,0.0,0.0003533348790369,0.0,0.9997298121452332,0.0,0.0,0.000270197255304,0.0,0.9996882677078248,0.0,0.0,0.0003117660526186,0.0,0.9998129606246948,0.0,0.0,0.0001870596315711,0.0,0.9997298121452332,0.0,0.0,0.000270197255304,0.0,0.9538378715515136,0.007253757212311,0.0072953258641064,0.0316130779683589,0.0,0.91272634267807,0.0113275004550814,0.0130110373720526,0.0629351735115051,0.0,0.899445116519928,0.0131149590015411,0.0134059404954314,0.0740340501070022,0.0,0.9147632122039796,0.0110365189611911,0.0126992706209421,0.0615010522305965,0.0,0.8889489769935608,0.0131357433274388,0.0156714413315057,0.0822438895702362,0.0,0.913183569908142,0.0117431879043579,0.0135514317080378,0.0615218356251716,0.0,0.928979754447937,0.0088125877082347,0.0099141607061028,0.052293561398983,0.0,0.8463409543037415,0.0162741877138614,0.0199114587157964,0.1174734532833099,0.0,0.8568370342254639,0.0157337933778762,0.019869890064001,0.1075592935085296,0.0,0.9486833214759828,0.0070251286961138,0.0076070916838943,0.0366844721138477,0.0,0.8967223167419434,0.0124498577788472,0.0157753620296716,0.0750524848699569,0.0,0.9112713932991028,0.0113482847809791,0.012325151823461,0.0650551840662956,0.0,0.91228985786438,0.0098102390766143,0.0121173076331615,0.0657826364040374,0.0,0.8887618780136108,0.0141541790217161,0.0160039905458688,0.0810799598693847,0.0,0.8706170916557312,0.0141541790217161,0.0171263497322797,0.0981023907661438,0.0,0.9472492337226868,0.0073784636333584,0.0078149363398551,0.0375574193894863,0.0,0.8693076968193054,0.0158585011959075,0.0174173302948474,0.0974165052175521,0.0,0.9386236667633056,0.0085423905402421,0.0085839591920375,0.0442499965429306,0.0,0.8780579566955566,0.0154635962098836,0.0161910504102706,0.0902874544262886,0.0,0.864568829536438,0.0156922247260808,0.0190177299082279,0.1007212251424789,0.0,0.9083616137504578,0.01222122926265,0.0140086887404322,0.0654085204005241,0.0,0.864818274974823,0.0139879044145345,0.0179369412362575,0.103256918489933,0.0,0.8838152289390564,0.0138424132019281,0.0155675187706947,0.0867748856544494,0.0,0.9125600457191468,0.0111196562647819,0.0128447618335485,0.0634755715727806,0.0,0.9174028038978576,0.0099557293578982,0.0124082891270518,0.0602332018315792,0.0,0.8851038217544556,0.013052606023848,0.0153804589062929,0.0864631235599517,0.0,0.8548417687416077,0.0159000698477029,0.0184565503150224,0.1108016595244407,0.0,0.866875946521759,0.0147153576835989,0.0167106613516807,0.1016980856657028,0.0,0.9246357679367064,0.009103569202125,0.0113482847809791,0.0549123957753181,0.0,0.9281275868415833,0.009851807728409767,0.010683183558285236,0.05133747681975365,0.0
53,0.9994596242904664,0.0,0.0,0.0005403945106081,0.0,0.9997298121452332,0.0,0.0,0.000270197255304,0.0,0.9997090697288512,0.0,0.0,0.0002909816685132,0.0,0.9997506141662598,0.0,0.0,0.0002494128420948,0.0,0.9996882677078248,0.0,0.0,0.0003117660526186,0.0,0.9997506141662598,0.0,0.0,0.0002494128420948,0.0,0.9997714161872864,0.0,0.0,0.0002286284434376,0.0,0.9997298121452332,0.0,0.0,0.000270197255304,0.0,0.9997714161872864,0.0,0.0,0.0002286284434376,0.0,0.9998337626457214,0.0,0.0,0.0001662752329139,0.0,0.999792218208313,0.0,0.0,0.0002078440447803,0.0,0.9997714161872864,0.0,0.0,0.0002286284434376,0.0,0.9997714161872864,0.0,0.0,0.0002286284434376,0.0,0.9997506141662598,0.0,0.0,0.0002494128420948,0.0,0.9998129606246948,0.0,0.0,0.0001870596315711,0.0,0.9997506141662598,0.0,0.0,0.0002494128420948,0.0,0.9997714161872864,0.0,0.0,0.0002286284434376,0.0,0.9997298121452332,0.0,0.0,0.000270197255304,0.0,0.9997298121452332,0.0,0.0,0.000270197255304,0.0,0.9998337626457214,0.0,0.0,0.0001662752329139,0.0,0.999792218208313,0.0,0.0,0.0002078440447803,0.0,0.9997090697288512,0.0,0.0,0.0002909816685132,0.0,0.9997090697288512,0.0,0.0,0.0002909816685132,0.0,0.9997714161872864,0.0,0.0,0.0002286284434376,0.0,0.999854564666748,0.0,0.0,0.0001454908342566,0.0,0.9996467232704164,0.0,0.0,0.0003533348790369,0.0,0.9997298121452332,0.0,0.0,0.000270197255304,0.0,0.9996882677078248,0.0,0.0,0.0003117660526186,0.0,0.9998129606246948,0.0,0.0,0.0001870596315711,0.0,0.9997298121452332,0.0,0.0,0.000270197255304,0.0,0.9517178535461426,0.0071290507912635,0.00806434918195,0.0330887697637081,0.0,0.909899652004242,0.0110365189611911,0.0131773119792342,0.0658865645527839,0.0,0.8960156440734863,0.0126992706209421,0.0142165319994091,0.0770685672760009,0.0,0.9121235609054564,0.010558477602899,0.0129278991371393,0.0643900856375694,0.0,0.8859352469444275,0.0118886791169643,0.016232619062066,0.0859435126185417,0.0,0.9106478691101074,0.0110157346352934,0.0137177063152194,0.0646187141537666,0.0,0.9274209141731262,0.0077110137790441,0.0099972980096936,0.0548708252608776,0.0,0.8426620960235596,0.0155259501188993,0.0196412615478038,0.1221707239747047,0.0,0.8533037304878235,0.0147361429408192,0.0199738126248121,0.111986368894577,0.0,0.9470829367637634,0.0064431652426719,0.0081267021596431,0.0383472256362438,0.0,0.8938540816307068,0.01222122926265,0.0154012432321906,0.0785234794020652,0.0,0.9084239602088928,0.0110573032870888,0.0128655461594462,0.0676532387733459,0.0,0.9098373055458068,0.0096023948863148,0.0123459361493587,0.0682144165039062,0.0,0.8852909207344055,0.013780060224235,0.0158792845904827,0.0850497782230377,0.0,0.867520272731781,0.0124914264306426,0.0180616471916437,0.1019267141819,0.0,0.9456487894058228,0.0075239543803036,0.0074616009369492,0.0393656603991985,0.0,0.8664186596870422,0.0138216288760304,0.0185604728758335,0.1011992618441581,0.0,0.9363166093826294,0.0083345463499426,0.0094569036737084,0.0458919629454612,0.0,0.8749818205833435,0.0139463348314166,0.0166690926998853,0.0944027602672576,0.0,0.8607445359230042,0.0150063401088118,0.0195996928960084,0.1046494767069816,0.0,0.9053062796592712,0.0118886791169643,0.0139463348314166,0.068858727812767,0.0,0.8616382479667664,0.0132604502141475,0.0177290961146354,0.1073722317814827,0.0,0.880427360534668,0.0131149590015411,0.0161910504102706,0.0902666673064231,0.0,0.909961998462677,0.0104753393679857,0.0134890787303447,0.0660736188292503,0.0,0.9148879051208496,0.0095400419086217,0.0125537803396582,0.0630183145403862,0.0,0.8822148442268372,0.0124706421047449,0.0145906517282128,0.0907239243388176,0.0,0.851204514503479,0.0149232018738985,0.0184565503150224,0.1154157966375351,0.0,0.8633217811584473,0.0138008445501327,0.0171263497322797,0.1057510450482368,0.0,0.9224950075149536,0.0088125877082347,0.0113067161291837,0.0573857389390468,0.0,0.9251554012298584,0.009934945032000542,0.011119656264781952,0.05379003658890724,0.0
54,0.9994596242904664,0.0,0.0,0.0005403945106081,0.0,0.9997298121452332,0.0,0.0,0.000270197255304,0.0,0.9997090697288512,0.0,0.0,0.0002909816685132,0.0,0.9997506141662598,0.0,0.0,0.0002494128420948,0.0,0.9996882677078248,0.0,0.0,0.0003117660526186,0.0,0.9997506141662598,0.0,0.0,0.0002494128420948,0.0,0.9997714161872864,0.0,0.0,0.0002286284434376,0.0,0.9997298121452332,0.0,0.0,0.000270197255304,0.0,0.9997714161872864,0.0,0.0,0.0002286284434376,0.0,0.9998337626457214,0.0,0.0,0.0001662752329139,0.0,0.999792218208313,0.0,0.0,0.0002078440447803,0.0,0.9997714161872864,0.0,0.0,0.0002286284434376,0.0,0.9997714161872864,0.0,0.0,0.0002286284434376,0.0,0.9997506141662598,0.0,0.0,0.0002494128420948,0.0,0.9998129606246948,0.0,0.0,0.0001870596315711,0.0,0.9997506141662598,0.0,0.0,0.0002494128420948,0.0,0.9997714161872864,0.0,0.0,0.0002286284434376,0.0,0.9997298121452332,0.0,0.0,0.000270197255304,0.0,0.9997298121452332,0.0,0.0,0.000270197255304,0.0,0.9998337626457214,0.0,0.0,0.0001662752329139,0.0,0.999792218208313,0.0,0.0,0.0002078440447803,0.0,0.9997090697288512,0.0,0.0,0.0002909816685132,0.0,0.9997090697288512,0.0,0.0,0.0002909816685132,0.0,0.9997714161872864,0.0,0.0,0.0002286284434376,0.0,0.999854564666748,0.0,0.0,0.0001454908342566,0.0,0.9996467232704164,0.0,0.0,0.0003533348790369,0.0,0.9997298121452332,0.0,0.0,0.000270197255304,0.0,0.9996882677078248,0.0,0.0,0.0003117660526186,0.0,0.9998129606246948,0.0,0.0,0.0001870596315711,0.0,0.9997298121452332,0.0,0.0,0.000270197255304,0.0,0.9493276476860046,0.0080019952729344,0.0085839591920375,0.0340864211320877,0.0,0.9063454866409302,0.0117639731615781,0.0139255505055189,0.0679650008678436,0.0,0.8922744393348694,0.013052606023848,0.0156090874224901,0.0790638700127601,0.0,0.9089019894599916,0.0105169080197811,0.0141749633476138,0.0664061680436134,0.0,0.8826720714569092,0.0121588762849569,0.0169392898678779,0.0882297977805137,0.0,0.9071353077888488,0.0115561289712786,0.0145282987505197,0.0667802914977073,0.0,0.9249891042709352,0.0078772893175482,0.010870243422687,0.0562633834779262,0.0,0.8381726741790771,0.0157337933778762,0.0211377386003732,0.124955840408802,0.0,0.8487727046012878,0.0152141833677887,0.0206181295216083,0.1153950095176696,0.0,0.945046067237854,0.0070459130220115,0.0085008209571242,0.039407230913639,0.0,0.8900505304336548,0.0124082891270518,0.016544384881854,0.0809968262910842,0.0,0.9047659039497375,0.012013386003673,0.0139463348314166,0.0692744180560112,0.0,0.906865119934082,0.0099972980096936,0.0127616245299577,0.0703759938478469,0.0,0.8813626766204834,0.0141541790217161,0.0168353673070669,0.087647832930088,0.0,0.8633425831794739,0.0134059404954314,0.0188098866492509,0.1044416278600692,0.0,0.9439237117767334,0.0070459130220115,0.0081890551373362,0.0408413559198379,0.0,0.8624072670936584,0.0143412388861179,0.0189553759992122,0.1042961403727531,0.0,0.93415504693985,0.0081059178337454,0.0105169080197811,0.0472221672534942,0.0,0.8706586956977844,0.0143620232120156,0.0182694904506206,0.0967098325490951,0.0,0.8556107878684998,0.0159624218940734,0.0204726383090019,0.1079541966319084,0.0,0.9012741446495056,0.0131357433274388,0.0145906517282128,0.0709995254874229,0.0,0.8572319746017456,0.0142165319994091,0.0182071384042501,0.1103444024920463,0.0,0.8769979476928711,0.0130110373720526,0.0170432105660438,0.0929478555917739,0.0,0.9062623977661132,0.0114522064104676,0.0141333946958184,0.0681520625948906,0.0,0.9119365215301514,0.0102051421999931,0.0130733903497457,0.0647849887609481,0.0,0.878681480884552,0.0126577019691467,0.015816930681467,0.0928439348936081,0.0,0.8467358350753784,0.0150686930865049,0.0202024411410093,0.11799306422472,0.0,0.8592480421066284,0.0144867300987243,0.0176043901592493,0.1086608618497848,0.0,0.9195228219032288,0.0096855321899056,0.0118678947910666,0.0589237846434116,0.0,0.9220585227012634,0.010620830580592155,0.01168083492666483,0.05563984811306,0.0
55,0.9994596242904664,0.0,0.0,0.0005403945106081,0.0,0.9997298121452332,0.0,0.0,0.000270197255304,0.0,0.9997090697288512,0.0,0.0,0.0002909816685132,0.0,0.9997506141662598,0.0,0.0,0.0002494128420948,0.0,0.9996882677078248,0.0,0.0,0.0003117660526186,0.0,0.9997506141662598,0.0,0.0,0.0002494128420948,0.0,0.9997714161872864,0.0,0.0,0.0002286284434376,0.0,0.9997298121452332,0.0,0.0,0.000270197255304,0.0,0.9997714161872864,0.0,0.0,0.0002286284434376,0.0,0.9998337626457214,0.0,0.0,0.0001662752329139,0.0,0.999792218208313,0.0,0.0,0.0002078440447803,0.0,0.9997714161872864,0.0,0.0,0.0002286284434376,0.0,0.9997714161872864,0.0,0.0,0.0002286284434376,0.0,0.9997506141662598,0.0,0.0,0.0002494128420948,0.0,0.9998129606246948,0.0,0.0,0.0001870596315711,0.0,0.9997506141662598,0.0,0.0,0.0002494128420948,0.0,0.9997714161872864,0.0,0.0,0.0002286284434376,0.0,0.9997298121452332,0.0,0.0,0.000270197255304,0.0,0.9997298121452332,0.0,0.0,0.000270197255304,0.0,0.9998337626457214,0.0,0.0,0.0001662752329139,0.0,0.999792218208313,0.0,0.0,0.0002078440447803,0.0,0.9997090697288512,0.0,0.0,0.0002909816685132,0.0,0.9997090697288512,0.0,0.0,0.0002909816685132,0.0,0.9997714161872864,0.0,0.0,0.0002286284434376,0.0,0.999854564666748,0.0,0.0,0.0001454908342566,0.0,0.9996467232704164,0.0,0.0,0.0003533348790369,0.0,0.9997298121452332,0.0,0.0,0.000270197255304,0.0,0.9996882677078248,0.0,0.0,0.0003117660526186,0.0,0.9998129606246948,0.0,0.0,0.0001870596315711,0.0,0.9997298121452332,0.0,0.0,0.000270197255304,0.0,0.9471868872642516,0.0084592523053288,0.0088957250118255,0.0354581922292709,0.0,0.9024380445480348,0.0127408392727375,0.0146114360541105,0.0702097192406654,0.0,0.8885332942008972,0.0140710417181253,0.0159208532422781,0.0814748629927635,0.0,0.9052439332008362,0.0117224035784602,0.0141541790217161,0.0688795149326324,0.0,0.879076361656189,0.012948683463037,0.0167106613516807,0.0912643149495124,0.0,0.9033525586128236,0.0124914264306426,0.0152141833677887,0.0689418688416481,0.0,0.9225157499313354,0.0084800366312265,0.0108286747708916,0.0581755489110946,0.0,0.8333091139793396,0.0170847810804843,0.0210961699485778,0.1285099685192108,0.0,0.8446574211120605,0.0160247758030891,0.0203895010054111,0.1189283579587936,0.0,0.9429260492324828,0.0075239543803036,0.0089580779895186,0.0405919402837753,0.0,0.8868081569671631,0.013052606023848,0.0159416384994983,0.0841976180672645,0.0,0.9022094011306764,0.0122627988457679,0.0136969219893217,0.0718308985233306,0.0,0.9038929343223572,0.0108078904449939,0.0127200549468398,0.0725791379809379,0.0,0.8776630163192749,0.0146114360541105,0.0173341929912567,0.0903913751244545,0.0,0.8595390319824219,0.0140086887404322,0.0187475327402353,0.1077047809958458,0.0,0.9419699907302856,0.007565523032099,0.0080851335078477,0.0423794016242027,0.0,0.8578346967697144,0.0151726147159934,0.0191840045154094,0.1078087016940116,0.0,0.9313283562660216,0.0091659221798181,0.0109533807262778,0.0485523678362369,0.0,0.8670214414596558,0.0147984959185123,0.0182902757078409,0.0998898446559906,0.0,0.851661741733551,0.0168769359588623,0.0199322439730167,0.1115291118621826,0.0,0.8979694247245789,0.0138216288760304,0.01481928024441,0.0733897313475608,0.0,0.8534907698631287,0.0142996702343225,0.0186851788312196,0.1135244145989418,0.0,0.8732982873916626,0.0137177063152194,0.0172094870358705,0.0957745313644409,0.0,0.9034357070922852,0.0120341703295707,0.0138008445501327,0.0707293301820755,0.0,0.9089643359184264,0.0107871061190962,0.0131357433274388,0.0671128407120704,0.0,0.8752936124801636,0.0131773119792342,0.0157337933778762,0.0957953184843063,0.0,0.8428283929824829,0.0150686930865049,0.0210338160395622,0.1210691556334495,0.0,0.8552574515342712,0.0149024175480008,0.0181240011006593,0.1117161735892295,0.0,0.916737735271454,0.010558477602899,0.011909463442862,0.0607943832874298,0.0,0.9193357825279236,0.010994949378073215,0.012075738981366158,0.057593584060668945,0.0
56,0.9994596242904664,0.0,0.0,0.0005403945106081,0.0,0.9997298121452332,0.0,0.0,0.000270197255304,0.0,0.9997090697288512,0.0,0.0,0.0002909816685132,0.0,0.9997506141662598,0.0,0.0,0.0002494128420948,0.0,0.9996882677078248,0.0,0.0,0.0003117660526186,0.0,0.9997506141662598,0.0,0.0,0.0002494128420948,0.0,0.9997714161872864,0.0,0.0,0.0002286284434376,0.0,0.9997298121452332,0.0,0.0,0.000270197255304,0.0,0.9997714161872864,0.0,0.0,0.0002286284434376,0.0,0.9998337626457214,0.0,0.0,0.0001662752329139,0.0,0.999792218208313,0.0,0.0,0.0002078440447803,0.0,0.9997714161872864,0.0,0.0,0.0002286284434376,0.0,0.9997714161872864,0.0,0.0,0.0002286284434376,0.0,0.9997506141662598,0.0,0.0,0.0002494128420948,0.0,0.9998129606246948,0.0,0.0,0.0001870596315711,0.0,0.9997506141662598,0.0,0.0,0.0002494128420948,0.0,0.9997714161872864,0.0,0.0,0.0002286284434376,0.0,0.9997298121452332,0.0,0.0,0.000270197255304,0.0,0.9997298121452332,0.0,0.0,0.000270197255304,0.0,0.9998337626457214,0.0,0.0,0.0001662752329139,0.0,0.999792218208313,0.0,0.0,0.0002078440447803,0.0,0.9997090697288512,0.0,0.0,0.0002909816685132,0.0,0.9997090697288512,0.0,0.0,0.0002909816685132,0.0,0.9997714161872864,0.0,0.0,0.0002286284434376,0.0,0.999854564666748,0.0,0.0,0.0001454908342566,0.0,0.9996467232704164,0.0,0.0,0.0003533348790369,0.0,0.9997298121452332,0.0,0.0,0.000270197255304,0.0,0.9996882677078248,0.0,0.0,0.0003117660526186,0.0,0.9998129606246948,0.0,0.0,0.0001870596315711,0.0,0.9997298121452332,0.0,0.0,0.000270197255304,0.0,0.944734275341034,0.009103569202125,0.0087086651474237,0.0374534949660301,0.0,0.8984266519546509,0.0142996702343225,0.0142996702343225,0.0729740411043167,0.0,0.8840646147727966,0.0153804589062929,0.0157961472868919,0.0847588032484054,0.0,0.9021678566932678,0.0125953489914536,0.0136137846857309,0.0716230571269989,0.0,0.8749818205833435,0.0139671191573143,0.0160455591976642,0.0950055122375488,0.0,0.899507462978363,0.013676137663424,0.0147153576835989,0.0721011012792587,0.0,0.9194604754447936,0.0095192566514015,0.010870243422687,0.0601500645279884,0.0,0.8284247517585754,0.0179161559790372,0.0205765608698129,0.1330825388431549,0.0,0.8406044244766235,0.016232619062066,0.0198491066694259,0.1233138665556907,0.0,0.9402448534965516,0.0084384679794311,0.0085216052830219,0.0427950881421566,0.0,0.8833579421043396,0.013364371843636,0.0154220275580883,0.0878556743264198,0.0,0.8987799882888794,0.0124914264306426,0.013780060224235,0.074948564171791,0.0,0.9004427194595337,0.0118471104651689,0.0123875048011541,0.0753226801753044,0.0,0.8729242086410522,0.0158377159386873,0.0174588989466428,0.0937792286276817,0.0,0.8550080060958862,0.0156090874224901,0.0181240011006593,0.1112589165568351,0.0,0.9398707747459412,0.0073784636333584,0.0087086651474237,0.0440421514213085,0.0,0.8535739183425903,0.0157337933778762,0.0193087123334407,0.1113836243748664,0.0,0.9279404878616332,0.0106831835582852,0.010558477602899,0.0508178696036338,0.0,0.8622617721557617,0.0157961472868919,0.0185812581330537,0.1033608391880989,0.0,0.8470268249511719,0.0175420362502336,0.0196412615478038,0.1157899126410484,0.0,0.8939580321311951,0.014403591863811,0.0148608488962054,0.0767775923013687,0.0,0.8495209217071533,0.0152973216027021,0.0173134077340364,0.1178683564066886,0.0,0.8690375089645386,0.0147777115926146,0.0168977212160825,0.09928710013628,0.0,0.8999438881874084,0.0126161333173513,0.0141749633476138,0.0732650235295295,0.0,0.905451774597168,0.0119510320946574,0.0128863304853439,0.0697108879685401,0.0,0.871781051158905,0.0133228031918406,0.0159832071512937,0.0989129766821861,0.0,0.8381310701370239,0.0167106613516807,0.0196412615478038,0.1255170106887817,0.0,0.8514123558998108,0.0154635962098836,0.0178330186754465,0.1152910888195037,0.0,0.9142020344734192,0.0104337707161903,0.0117639731615781,0.0636002793908119,0.0,0.9160934090614319,0.01203417032957077,0.011784757487475872,0.06008771061897278,0.0
57,0.9994596242904664,0.0,0.0,0.0005403945106081,0.0,0.9997298121452332,0.0,0.0,0.000270197255304,0.0,0.9997090697288512,0.0,0.0,0.0002909816685132,0.0,0.9997506141662598,0.0,0.0,0.0002494128420948,0.0,0.9996882677078248,0.0,0.0,0.0003117660526186,0.0,0.9997506141662598,0.0,0.0,0.0002494128420948,0.0,0.9997714161872864,0.0,0.0,0.0002286284434376,0.0,0.9997298121452332,0.0,0.0,0.000270197255304,0.0,0.9997714161872864,0.0,0.0,0.0002286284434376,0.0,0.9998337626457214,0.0,0.0,0.0001662752329139,0.0,0.999792218208313,0.0,0.0,0.0002078440447803,0.0,0.9997714161872864,0.0,0.0,0.0002286284434376,0.0,0.9997714161872864,0.0,0.0,0.0002286284434376,0.0,0.9997506141662598,0.0,0.0,0.0002494128420948,0.0,0.9998129606246948,0.0,0.0,0.0001870596315711,0.0,0.9997506141662598,0.0,0.0,0.0002494128420948,0.0,0.9997714161872864,0.0,0.0,0.0002286284434376,0.0,0.9997298121452332,0.0,0.0,0.000270197255304,0.0,0.9997298121452332,0.0,0.0,0.000270197255304,0.0,0.9998337626457214,0.0,0.0,0.0001662752329139,0.0,0.999792218208313,0.0,0.0,0.0002078440447803,0.0,0.9997090697288512,0.0,0.0,0.0002909816685132,0.0,0.9997090697288512,0.0,0.0,0.0002909816685132,0.0,0.9997714161872864,0.0,0.0,0.0002286284434376,0.0,0.999854564666748,0.0,0.0,0.0001454908342566,0.0,0.9996467232704164,0.0,0.0,0.0003533348790369,0.0,0.9997298121452332,0.0,0.0,0.000270197255304,0.0,0.9996882677078248,0.0,0.0,0.0003117660526186,0.0,0.9998129606246948,0.0,0.0,0.0001870596315711,0.0,0.9997298121452332,0.0,0.0,0.000270197255304,0.0,0.942593514919281,0.0091243535280227,0.0093737663701176,0.0389084033668041,0.0,0.8949764370918274,0.0149232018738985,0.0141541790217161,0.0759462118148803,0.0,0.8800948262214661,0.0159208532422781,0.016544384881854,0.0874399915337562,0.0,0.898738443851471,0.0133851561695337,0.013676137663424,0.0742003247141838,0.0,0.8712198734283447,0.0147153576835989,0.0161494817584753,0.0979153290390968,0.0,0.8961195945739746,0.0145282987505197,0.0142788859084248,0.0750732645392417,0.0,0.9166753888130188,0.0107455365359783,0.0103714177384972,0.0622077211737632,0.0,0.8231455683708191,0.0195165555924177,0.0199530273675918,0.1373849064111709,0.0,0.8361150026321411,0.0171887017786502,0.0192671418190002,0.127429187297821,0.0,0.9379169940948486,0.0091659221798181,0.0086255278438329,0.0442915633320808,0.0,0.879388153553009,0.014465944841504,0.0153181059285998,0.0908278450369834,0.0,0.8950179815292358,0.0134059404954314,0.0141957476735115,0.0773803368210792,0.0,0.89674311876297,0.0130941746756434,0.0122627988457679,0.0778999477624893,0.0,0.8686010241508484,0.0166898760944604,0.0176251754164695,0.0970839485526084,0.0,0.8506640791893005,0.0168561525642871,0.0172510556876659,0.1152287349104881,0.0,0.9372727274894714,0.008376115001738,0.0089788623154163,0.0453723557293415,0.0,0.8491883873939514,0.0172302704304456,0.0187475327402353,0.1148338317871093,0.0,0.9249267578125,0.0113898534327745,0.0108494590967893,0.0528339557349681,0.0,0.8580217957496643,0.016960073262453,0.0185396876186132,0.1064785048365593,0.0,0.8421632647514343,0.0185812581330537,0.0195165555924177,0.1197389513254165,0.0,0.8899050354957581,0.0154012432321906,0.0152765372768044,0.0794172063469886,0.0,0.8457381725311279,0.0159000698477029,0.0171679183840751,0.1211938634514808,0.0,0.8652547597885132,0.0151726147159934,0.0172302704304456,0.1023424044251442,0.0,0.8958078026771545,0.0141541790217161,0.0137177063152194,0.0763203352689743,0.0,0.901772916316986,0.0131149590015411,0.0124706421047449,0.0726414918899536,0.0,0.8678320050239563,0.0143828075379133,0.0159416384994983,0.1018435806035995,0.0,0.8336416482925415,0.0175628215074539,0.0195373389869928,0.1292582154273986,0.0,0.847151517868042,0.0161702670156955,0.0182694904506206,0.1184087470173835,0.0,0.9118533730506896,0.0106416149064898,0.0112443622201681,0.0662606805562973,0.0,0.9130796790122986,0.012075738981366158,0.012823977507650852,0.06202066317200661,0.0
58,0.9994596242904664,0.0,0.0,0.0005403945106081,0.0,0.9997298121452332,0.0,0.0,0.000270197255304,0.0,0.9997090697288512,0.0,0.0,0.0002909816685132,0.0,0.9997506141662598,0.0,0.0,0.0002494128420948,0.0,0.9996882677078248,0.0,0.0,0.0003117660526186,0.0,0.9997506141662598,0.0,0.0,0.0002494128420948,0.0,0.9997714161872864,0.0,0.0,0.0002286284434376,0.0,0.9997298121452332,0.0,0.0,0.000270197255304,0.0,0.9997714161872864,0.0,0.0,0.0002286284434376,0.0,0.9998337626457214,0.0,0.0,0.0001662752329139,0.0,0.999792218208313,0.0,0.0,0.0002078440447803,0.0,0.9997714161872864,0.0,0.0,0.0002286284434376,0.0,0.9997714161872864,0.0,0.0,0.0002286284434376,0.0,0.9997506141662598,0.0,0.0,0.0002494128420948,0.0,0.9998129606246948,0.0,0.0,0.0001870596315711,0.0,0.9997506141662598,0.0,0.0,0.0002494128420948,0.0,0.9997714161872864,0.0,0.0,0.0002286284434376,0.0,0.9997298121452332,0.0,0.0,0.000270197255304,0.0,0.9997298121452332,0.0,0.0,0.000270197255304,0.0,0.9998337626457214,0.0,0.0,0.0001662752329139,0.0,0.999792218208313,0.0,0.0,0.0002078440447803,0.0,0.9997090697288512,0.0,0.0,0.0002909816685132,0.0,0.9997090697288512,0.0,0.0,0.0002909816685132,0.0,0.9997714161872864,0.0,0.0,0.0002286284434376,0.0,0.999854564666748,0.0,0.0,0.0001454908342566,0.0,0.9996467232704164,0.0,0.0,0.0003533348790369,0.0,0.9997298121452332,0.0,0.0,0.000270197255304,0.0,0.9996882677078248,0.0,0.0,0.0003117660526186,0.0,0.9998129606246948,0.0,0.0,0.0001870596315711,0.0,0.9997298121452332,0.0,0.0,0.000270197255304,0.0,0.939953863620758,0.0093737663701176,0.0095192566514015,0.0411531217396259,0.0,0.8908195495605469,0.0155259501188993,0.0145906517282128,0.0790638700127601,0.0,0.8763951659202576,0.0158792845904827,0.0164404641836881,0.0912851020693779,0.0,0.8952466249465942,0.0136553533375263,0.013780060224235,0.0773179829120636,0.0,0.8676449656486511,0.0150271244347095,0.0151518303900957,0.1021761298179626,0.0,0.8926693797111511,0.014465944841504,0.0145282987505197,0.0783364176750183,0.0,0.914472222328186,0.0105169080197811,0.0101427892223,0.0648681223392486,0.0,0.8188223838806152,0.0193502809852361,0.0200153812766075,0.1418119966983795,0.0,0.8316255807876587,0.0171471331268548,0.0192671418190002,0.1319601833820343,0.0,0.9356722831726074,0.0093737663701176,0.0084800366312265,0.0464739277958869,0.0,0.8755014538764954,0.0145490830764174,0.0160247758030891,0.0939247235655784,0.0,0.8912144899368286,0.0135514317080378,0.0147153576835989,0.0805187821388244,0.0,0.8934175968170166,0.0134475091472268,0.0125745646655559,0.0805603489279747,0.0,0.8641531467437744,0.0172094870358705,0.0177083127200603,0.1009290665388107,0.0,0.8464656472206116,0.0168769359588623,0.0166690926998853,0.1199883669614791,0.0,0.9348825216293336,0.0090412162244319,0.0092490594834089,0.0468272641301155,0.0,0.8448029160499573,0.0176043901592493,0.0178330186754465,0.1197597384452819,0.0,0.9221832156181335,0.0119718164205551,0.0104961236938834,0.0553488694131374,0.0,0.8537817597389221,0.0168769359588623,0.0182694904506206,0.1110718548297882,0.0,0.8378816843032837,0.0177290961146354,0.0201400872319936,0.124249167740345,0.0,0.8858312964439392,0.0154428118839859,0.0159208532422781,0.0828050673007965,0.0,0.8419346213340759,0.0152973216027021,0.0176667440682649,0.1251013278961181,0.0,0.8612849116325378,0.0157130099833011,0.016544384881854,0.1064577177166938,0.0,0.8924615383148193,0.0138008445501327,0.0141749633476138,0.0795627012848854,0.0,0.8986760377883911,0.0132604502141475,0.0124914264306426,0.075572095811367,0.0,0.8636127710342407,0.0150686930865049,0.0160039905458688,0.1053145751357078,0.0,0.8289028406143188,0.0178330186754465,0.0193918496370315,0.1338723450899124,0.0,0.8432232737541199,0.0160247758030891,0.0178745873272418,0.1228773966431617,0.0,0.9084655046463012,0.0110573032870888,0.0117847574874758,0.0686924532055854,0.0,0.9094008207321167,0.012657701969146729,0.013031821697950363,0.06490969657897949,0.0
59,0.9994596242904664,0.0,0.0,0.0005403945106081,0.0,0.9997298121452332,0.0,0.0,0.000270197255304,0.0,0.9997090697288512,0.0,0.0,0.0002909816685132,0.0,0.9997506141662598,0.0,0.0,0.0002494128420948,0.0,0.9996882677078248,0.0,0.0,0.0003117660526186,0.0,0.9997506141662598,0.0,0.0,0.0002494128420948,0.0,0.9997714161872864,0.0,0.0,0.0002286284434376,0.0,0.9997298121452332,0.0,0.0,0.000270197255304,0.0,0.9997714161872864,0.0,0.0,0.0002286284434376,0.0,0.9998337626457214,0.0,0.0,0.0001662752329139,0.0,0.999792218208313,0.0,0.0,0.0002078440447803,0.0,0.9997714161872864,0.0,0.0,0.0002286284434376,0.0,0.9997714161872864,0.0,0.0,0.0002286284434376,0.0,0.9997506141662598,0.0,0.0,0.0002494128420948,0.0,0.9998129606246948,0.0,0.0,0.0001870596315711,0.0,0.9997506141662598,0.0,0.0,0.0002494128420948,0.0,0.9997714161872864,0.0,0.0,0.0002286284434376,0.0,0.9997298121452332,0.0,0.0,0.000270197255304,0.0,0.9997298121452332,0.0,0.0,0.000270197255304,0.0,0.9998337626457214,0.0,0.0,0.0001662752329139,0.0,0.999792218208313,0.0,0.0,0.0002078440447803,0.0,0.9997090697288512,0.0,0.0,0.0002909816685132,0.0,0.9997090697288512,0.0,0.0,0.0002909816685132,0.0,0.9997714161872864,0.0,0.0,0.0002286284434376,0.0,0.999854564666748,0.0,0.0,0.0001454908342566,0.0,0.9996467232704164,0.0,0.0,0.0003533348790369,0.0,0.9997298121452332,0.0,0.0,0.000270197255304,0.0,0.9996882677078248,0.0,0.0,0.0003117660526186,0.0,0.9998129606246948,0.0,0.0,0.0001870596315711,0.0,0.9997298121452332,0.0,0.0,0.000270197255304,0.0,0.9369193911552428,0.0102674951776862,0.0101427892223,0.0426703803241252,0.0,0.8873693346977234,0.0150686930865049,0.0156714413315057,0.0818905532360076,0.0,0.8726955652236938,0.0158377159386873,0.0167937986552715,0.0946729630231857,0.0,0.8916093707084656,0.0136345690116286,0.0141749633476138,0.0805811360478401,0.0,0.8638414144515991,0.015234968625009,0.0157545786350965,0.1051690876483917,0.0,0.8888450264930725,0.014507514424622,0.0153388902544975,0.0813085883855819,0.0,0.9118118286132812,0.0107039678841829,0.0103506334125995,0.0671336278319358,0.0,0.814520001411438,0.0187891013920307,0.020597344264388,0.1460935771465301,0.0,0.8275518417358398,0.0171055644750595,0.0193294957280159,0.1360131353139877,0.0,0.9333444237709044,0.0095816105604171,0.0091659221798181,0.0479080528020858,0.0,0.871469259262085,0.0153388902544975,0.0156506560742855,0.0975412055850029,0.0,0.8871199488639832,0.0150894774124026,0.0145698674023151,0.0832207575440406,0.0,0.8898634910583496,0.0140294730663299,0.0129694677889347,0.0831376165151596,0.0,0.8600378632545471,0.0176251754164695,0.0178538039326667,0.1044832020998001,0.0,0.8423919081687927,0.0171471331268548,0.0172094870358705,0.1232515200972557,0.0,0.9320558309555054,0.0099141607061028,0.008999646641314,0.0490304082632064,0.0,0.8405836820602417,0.0172510556876659,0.0189138073474168,0.1232515200972557,0.0,0.919502019882202,0.0118263261392712,0.0109325964003801,0.0577390752732753,0.0,0.8496872186660767,0.0173341929912567,0.017999293282628,0.1149793267250061,0.0,0.8329349756240845,0.018726747483015,0.0199114587157964,0.1284268349409103,0.0,0.8825057744979858,0.0154635962098836,0.0164404641836881,0.0855901762843132,0.0,0.837736189365387,0.0157545786350965,0.0179577246308326,0.1285515427589416,0.0,0.8570656776428223,0.016232619062066,0.0167106613516807,0.1099910661578178,0.0,0.8887203335762024,0.0147153576835989,0.0142788859084248,0.0822854563593864,0.0,0.8951427340507507,0.0138216288760304,0.0131773119792342,0.077858380973339,0.0,0.8593935370445251,0.0159000698477029,0.0160455591976642,0.1086608618497848,0.0,0.8244965076446533,0.0183318443596363,0.0189761612564325,0.1381954997777938,0.0,0.8388793468475342,0.0163781102746725,0.0184773355722427,0.1262652575969696,0.0,0.905763566493988,0.0109741650521755,0.0124706421047449,0.0707916840910911,0.0,0.9056804180145264,0.013655353337526321,0.013343587517738342,0.06732068210840225,0.0
60,0.9994596242904664,0.0,0.0,0.0005403945106081,0.0,0.9997298121452332,0.0,0.0,0.000270197255304,0.0,0.9997090697288512,0.0,0.0,0.0002909816685132,0.0,0.9997506141662598,0.0,0.0,0.0002494128420948,0.0,0.9996882677078248,0.0,0.0,0.0003117660526186,0.0,0.9997506141662598,0.0,0.0,0.0002494128420948,0.0,0.9997714161872864,0.0,0.0,0.0002286284434376,0.0,0.9997298121452332,0.0,0.0,0.000270197255304,0.0,0.9997714161872864,0.0,0.0,0.0002286284434376,0.0,0.9998337626457214,0.0,0.0,0.0001662752329139,0.0,0.999792218208313,0.0,0.0,0.0002078440447803,0.0,0.9997714161872864,0.0,0.0,0.0002286284434376,0.0,0.9997714161872864,0.0,0.0,0.0002286284434376,0.0,0.9997506141662598,0.0,0.0,0.0002494128420948,0.0,0.9998129606246948,0.0,0.0,0.0001870596315711,0.0,0.9997506141662598,0.0,0.0,0.0002494128420948,0.0,0.9997714161872864,0.0,0.0,0.0002286284434376,0.0,0.9997298121452332,0.0,0.0,0.000270197255304,0.0,0.9997298121452332,0.0,0.0,0.000270197255304,0.0,0.9998337626457214,0.0,0.0,0.0001662752329139,0.0,0.999792218208313,0.0,0.0,0.0002078440447803,0.0,0.9997090697288512,0.0,0.0,0.0002909816685132,0.0,0.9997090697288512,0.0,0.0,0.0002909816685132,0.0,0.9997714161872864,0.0,0.0,0.0002286284434376,0.0,0.999854564666748,0.0,0.0,0.0001454908342566,0.0,0.9996467232704164,0.0,0.0,0.0003533348790369,0.0,0.9997298121452332,0.0,0.0,0.000270197255304,0.0,0.9996882677078248,0.0,0.0,0.0003117660526186,0.0,0.9998129606246948,0.0,0.0,0.0001870596315711,0.0,0.9997298121452332,0.0,0.0,0.000270197255304,0.0,0.933884859085083,0.0108494590967893,0.0109118120744824,0.0443539172410965,0.0,0.8827760219573975,0.0156506560742855,0.0167522300034761,0.0848211497068405,0.0,0.8686426281929016,0.0154220275580883,0.0185396876186132,0.0973957180976867,0.0,0.8880136609077454,0.0141541790217161,0.0147984959185123,0.0830336958169937,0.0,0.8598092198371887,0.0151726147159934,0.0170432105660438,0.1079749763011932,0.0,0.884688138961792,0.01481928024441,0.0163365416228771,0.0841560512781143,0.0,0.9091098308563232,0.0103506334125995,0.0115353446453809,0.0690042227506637,0.0,0.8096356987953186,0.0187891013920307,0.0219691153615713,0.1496061384677887,0.0,0.8231039643287659,0.0175004675984382,0.0200777351856231,0.1393178552389145,0.0,0.9305177927017212,0.009727100841701,0.0102051421999931,0.0495500192046165,0.0,0.8670006394386292,0.0163573268800973,0.0165028162300586,0.1001392602920532,0.0,0.8827760219573975,0.0160039905458688,0.0156922247260808,0.0855278223752975,0.0,0.8865379691123962,0.0139047661796212,0.0142581015825271,0.0852991938591003,0.0,0.8555068373680115,0.0174173302948474,0.0193502809852361,0.1077255681157112,0.0,0.8381518721580505,0.0168561525642871,0.0185396876186132,0.1264523118734359,0.0,0.9296656250953674,0.0102051421999931,0.0096647478640079,0.0504645332694053,0.0,0.8357616662979126,0.0178122334182262,0.0194334182888269,0.1269927024841308,0.0,0.9164051413536072,0.0115353446453809,0.0125537803396582,0.0595057494938373,0.0,0.8456966280937195,0.0165651701390743,0.0195581242442131,0.1181801185011863,0.0,0.8279051780700684,0.0191216524690389,0.0215118583291769,0.131461352109909,0.0,0.8779956102371216,0.0159624218940734,0.0178330186754465,0.0882090106606483,0.0,0.8330804705619812,0.0164404641836881,0.0182694904506206,0.1322095990180969,0.0,0.8534284234046936,0.0156090874224901,0.0179785098880529,0.1129840239882469,0.0,0.8848752379417419,0.0150686930865049,0.0155259501188993,0.0845301747322082,0.0,0.8912352323532104,0.0142165319994091,0.0142996702343225,0.080248586833477,0.0,0.8552989959716797,0.0164820328354835,0.0166898760944604,0.1115291118621826,0.0,0.8203604221343994,0.0177706647664308,0.01976596750319,0.1421029716730117,0.0,0.83418208360672,0.0172302704304456,0.0187475327402353,0.1298401653766632,0.0,0.9026666879653932,0.0115353446453809,0.0130941746756434,0.0727038457989692,0.0,0.9026874303817749,0.013405940495431423,0.014237317256629467,0.06966932117938995,0.0
61,0.9994596242904664,0.0,0.0,0.0005403945106081,0.0,0.9997298121452332,0.0,0.0,0.000270197255304,0.0,0.9997090697288512,0.0,0.0,0.0002909816685132,0.0,0.9997506141662598,0.0,0.0,0.0002494128420948,0.0,0.9996882677078248,0.0,0.0,0.0003117660526186,0.0,0.9997506141662598,0.0,0.0,0.0002494128420948,0.0,0.9997714161872864,0.0,0.0,0.0002286284434376,0.0,0.9997298121452332,0.0,0.0,0.000270197255304,0.0,0.9997714161872864,0.0,0.0,0.0002286284434376,0.0,0.9998337626457214,0.0,0.0,0.0001662752329139,0.0,0.999792218208313,0.0,0.0,0.0002078440447803,0.0,0.9997714161872864,0.0,0.0,0.0002286284434376,0.0,0.9997714161872864,0.0,0.0,0.0002286284434376,0.0,0.9997506141662598,0.0,0.0,0.0002494128420948,0.0,0.9998129606246948,0.0,0.0,0.0001870596315711,0.0,0.9997506141662598,0.0,0.0,0.0002494128420948,0.0,0.9997714161872864,0.0,0.0,0.0002286284434376,0.0,0.9997298121452332,0.0,0.0,0.000270197255304,0.0,0.9997298121452332,0.0,0.0,0.000270197255304,0.0,0.9998337626457214,0.0,0.0,0.0001662752329139,0.0,0.999792218208313,0.0,0.0,0.0002078440447803,0.0,0.9997090697288512,0.0,0.0,0.0002909816685132,0.0,0.9997090697288512,0.0,0.0,0.0002909816685132,0.0,0.9997714161872864,0.0,0.0,0.0002286284434376,0.0,0.999854564666748,0.0,0.0,0.0001454908342566,0.0,0.9996467232704164,0.0,0.0,0.0003533348790369,0.0,0.9997298121452332,0.0,0.0,0.000270197255304,0.0,0.9996882677078248,0.0,0.0,0.0003117660526186,0.0,0.9998129606246948,0.0,0.0,0.0001870596315711,0.0,0.9997298121452332,0.0,0.0,0.000270197255304,0.0,0.9300605058670044,0.0125329960137605,0.0112443622201681,0.046162161976099,0.0,0.8782449960708618,0.0167314447462558,0.0177498813718557,0.0872737094759941,0.0,0.8637582659721375,0.0163365416228771,0.0193502809852361,0.1005549505352974,0.0,0.8827967643737793,0.0159416384994983,0.0160247758030891,0.0852368399500846,0.0,0.8550704121589661,0.0161494817584753,0.0177290961146354,0.1110510677099227,0.0,0.8806975483894348,0.0154220275580883,0.0170639958232641,0.0868164524435997,0.0,0.9061792492866516,0.0104961236938834,0.0123043674975633,0.0710203051567077,0.0,0.804065465927124,0.0190800838172435,0.0231953952461481,0.1536591053009033,0.0,0.8185313940048218,0.0175836067646741,0.0207220502197742,0.1431629806756973,0.0,0.9276079535484314,0.0103090647608041,0.0107663217931985,0.0513166934251785,0.0,0.8626567125320435,0.0167314447462558,0.0173341929912567,0.1032777056097984,0.0,0.8785567879676819,0.0164612475782632,0.0162534043192863,0.0887286216020584,0.0,0.8824642300605774,0.0142788859084248,0.015546734444797,0.0877101868391037,0.0,0.8507264256477356,0.0178745873272418,0.0201608724892139,0.1112381294369697,0.0,0.8333091139793396,0.0173549782484769,0.0199530273675918,0.1293829083442688,0.0,0.9264440536499025,0.0108286747708916,0.0099765136837959,0.0527508184313774,0.0,0.8305655717849731,0.0186228267848491,0.0201193038374185,0.1306923329830169,0.0,0.91272634267807,0.0122004449367523,0.0136969219893217,0.0613763444125652,0.0,0.8403550386428833,0.0176667440682649,0.0200361646711826,0.1219420954585075,0.0,0.8226051330566406,0.0195581242442131,0.0224055871367454,0.135431170463562,0.0,0.8730904459953308,0.0168145820498466,0.0184565503150224,0.0916384384036064,0.0,0.8285910487174988,0.0171471331268548,0.0190800838172435,0.1351817697286605,0.0,0.8489181995391846,0.0163365416228771,0.0185604728758335,0.1161848157644271,0.0,0.8805105090141296,0.0152973216027021,0.0167522300034761,0.0874399915337562,0.0,0.8864964246749878,0.0152765372768044,0.0156298726797103,0.0825972184538841,0.0,0.850560188293457,0.017271839082241,0.017271839082241,0.114896185696125,0.0,0.8151851296424866,0.0184565503150224,0.0212000925093889,0.1451582759618759,0.0,0.829484760761261,0.0176667440682649,0.0197243988513946,0.1331241130828857,0.0,0.8986760377883911,0.0131773119792342,0.0127824088558554,0.0753642469644546,0.0,0.897907018661499,0.015172614715993404,0.015047908760607243,0.07187247276306152,0.0
62,0.9994596242904664,0.0,0.0,0.0005403945106081,0.0,0.9997298121452332,0.0,0.0,0.000270197255304,0.0,0.9997090697288512,0.0,0.0,0.0002909816685132,0.0,0.9997506141662598,0.0,0.0,0.0002494128420948,0.0,0.9996882677078248,0.0,0.0,0.0003117660526186,0.0,0.9997506141662598,0.0,0.0,0.0002494128420948,0.0,0.9997714161872864,0.0,0.0,0.0002286284434376,0.0,0.9997298121452332,0.0,0.0,0.000270197255304,0.0,0.9997714161872864,0.0,0.0,0.0002286284434376,0.0,0.9998337626457214,0.0,0.0,0.0001662752329139,0.0,0.999792218208313,0.0,0.0,0.0002078440447803,0.0,0.9997714161872864,0.0,0.0,0.0002286284434376,0.0,0.9997714161872864,0.0,0.0,0.0002286284434376,0.0,0.9997506141662598,0.0,0.0,0.0002494128420948,0.0,0.9998129606246948,0.0,0.0,0.0001870596315711,0.0,0.9997506141662598,0.0,0.0,0.0002494128420948,0.0,0.9997714161872864,0.0,0.0,0.0002286284434376,0.0,0.9997298121452332,0.0,0.0,0.000270197255304,0.0,0.9997298121452332,0.0,0.0,0.000270197255304,0.0,0.9998337626457214,0.0,0.0,0.0001662752329139,0.0,0.999792218208313,0.0,0.0,0.0002078440447803,0.0,0.9997090697288512,0.0,0.0,0.0002909816685132,0.0,0.9997090697288512,0.0,0.0,0.0002909816685132,0.0,0.9997714161872864,0.0,0.0,0.0002286284434376,0.0,0.999854564666748,0.0,0.0,0.0001454908342566,0.0,0.9996467232704164,0.0,0.0,0.0003533348790369,0.0,0.9997298121452332,0.0,0.0,0.000270197255304,0.0,0.9996882677078248,0.0,0.0,0.0003117660526186,0.0,0.9998129606246948,0.0,0.0,0.0001870596315711,0.0,0.9997298121452332,0.0,0.0,0.000270197255304,0.0,0.9265895485877992,0.013364371843636,0.0117639731615781,0.0482821725308895,0.0,0.8733606338500977,0.0174588989466428,0.0190800838172435,0.0901003926992416,0.0,0.8597468733787537,0.0166483074426651,0.0196204781532287,0.1039843708276748,0.0,0.8777046203613281,0.0175420362502336,0.0168769359588623,0.0878764614462852,0.0,0.8506433367729187,0.0170016419142484,0.0182902757078409,0.1140648126602172,0.0,0.8766030073165894,0.0160663444548845,0.0179785098880529,0.0893521532416343,0.0,0.9027082324028016,0.0117639731615781,0.012948683463037,0.0725791379809379,0.0,0.7984744310379028,0.0203479323536157,0.0238397121429443,0.1573379337787628,0.0,0.813418447971344,0.0182071384042501,0.0216781329363584,0.1466963291168213,0.0,0.9244902729988098,0.011182009242475,0.0114106377586722,0.0529170930385589,0.0,0.8586245179176331,0.0168769359588623,0.0183526296168565,0.1061459481716156,0.0,0.8744622468948364,0.0167522300034761,0.0172094870358705,0.0915760844945907,0.0,0.8777461647987366,0.0156714413315057,0.0164196789264678,0.0901627466082573,0.0,0.8454679846763611,0.0186851788312196,0.0211377386003732,0.114709123969078,0.0,0.8284040093421936,0.0180616471916437,0.0210546012967824,0.1324797868728637,0.0,0.923638105392456,0.0112443622201681,0.0107663217931985,0.0543512180447578,0.0,0.8253902792930603,0.0194126330316066,0.0216157808899879,0.1335813701152801,0.0,0.9091098308563232,0.0130733903497457,0.0141333946958184,0.0636834129691124,0.0,0.8356577754020691,0.0181240011006593,0.0212000925093889,0.1250181943178177,0.0,0.817221999168396,0.0206596981734037,0.0228628441691398,0.1392555087804794,0.0,0.8681229948997498,0.0177083127200603,0.0194749869406223,0.0946937426924705,0.0,0.8239145874977112,0.0180200785398483,0.0197036154568195,0.138361781835556,0.0,0.8445326685905457,0.0167522300034761,0.019142435863614,0.119572676718235,0.0,0.8762081265449524,0.0162534043192863,0.0175004675984382,0.0900380387902259,0.0,0.8820277452468872,0.0166483074426651,0.0162118356674909,0.0851121321320533,0.0,0.845862865447998,0.0177498813718557,0.0186020415276289,0.1177852153778076,0.0,0.8110697865486145,0.0178330186754465,0.0223016664385795,0.1487955451011657,0.0,0.8246836066246033,0.0185396876186132,0.0200985185801982,0.1366782486438751,0.0,0.894747793674469,0.0137177063152194,0.0140294730663299,0.0775050446391105,0.0,0.8935215473175049,0.015879284590482712,0.01575457863509655,0.07484463602304459,0.0
63,0.9994596242904664,0.0,0.0,0.0005403945106081,0.0,0.9997298121452332,0.0,0.0,0.000270197255304,0.0,0.9997090697288512,0.0,0.0,0.0002909816685132,0.0,0.9997506141662598,0.0,0.0,0.0002494128420948,0.0,0.9996882677078248,0.0,0.0,0.0003117660526186,0.0,0.9997506141662598,0.0,0.0,0.0002494128420948,0.0,0.9997714161872864,0.0,0.0,0.0002286284434376,0.0,0.9997298121452332,0.0,0.0,0.000270197255304,0.0,0.9997714161872864,0.0,0.0,0.0002286284434376,0.0,0.9998337626457214,0.0,0.0,0.0001662752329139,0.0,0.999792218208313,0.0,0.0,0.0002078440447803,0.0,0.9997714161872864,0.0,0.0,0.0002286284434376,0.0,0.9997714161872864,0.0,0.0,0.0002286284434376,0.0,0.9997506141662598,0.0,0.0,0.0002494128420948,0.0,0.9998129606246948,0.0,0.0,0.0001870596315711,0.0,0.9997506141662598,0.0,0.0,0.0002494128420948,0.0,0.9997714161872864,0.0,0.0,0.0002286284434376,0.0,0.9997298121452332,0.0,0.0,0.000270197255304,0.0,0.9997298121452332,0.0,0.0,0.000270197255304,0.0,0.9998337626457214,0.0,0.0,0.0001662752329139,0.0,0.999792218208313,0.0,0.0,0.0002078440447803,0.0,0.9997090697288512,0.0,0.0,0.0002909816685132,0.0,0.9997090697288512,0.0,0.0,0.0002909816685132,0.0,0.9997714161872864,0.0,0.0,0.0002286284434376,0.0,0.999854564666748,0.0,0.0,0.0001454908342566,0.0,0.9996467232704164,0.0,0.0,0.0003533348790369,0.0,0.9997298121452332,0.0,0.0,0.000270197255304,0.0,0.9996882677078248,0.0,0.0,0.0003117660526186,0.0,0.9998129606246948,0.0,0.0,0.0001870596315711,0.0,0.9997298121452332,0.0,0.0,0.000270197255304,0.0,0.9237420558929444,0.0131773119792342,0.0124082891270518,0.0506723783910274,0.0,0.8692245483398438,0.0181447844952344,0.0189761612564325,0.093654528260231,0.0,0.8553197979927063,0.0173757616430521,0.0195789095014333,0.1077255681157112,0.0,0.8740881085395813,0.0175212528556585,0.0172926243394613,0.0910980403423309,0.0,0.8470891714096069,0.0167522300034761,0.0188306700438261,0.1173279583454132,0.0,0.8729657530784607,0.0158792845904827,0.0182902757078409,0.0928647145628929,0.0,0.9001309871673584,0.0116808349266648,0.0131773119792342,0.0750109180808067,0.0,0.7945046424865723,0.0200153812766075,0.0236526522785425,0.1618273705244064,0.0,0.8089290261268616,0.0186228267848491,0.021220875903964,0.1512273252010345,0.0,0.9220377206802368,0.0113067161291837,0.0117016192525625,0.0549539662897586,0.0,0.8550496101379395,0.0164196789264678,0.0185812581330537,0.1099494993686676,0.0,0.8712822198867798,0.0158377159386873,0.0176459588110446,0.095234140753746,0.0,0.8743375539779663,0.0155259501188993,0.0170016419142484,0.0931349173188209,0.0,0.8413110971450806,0.018726747483015,0.021324798464775,0.1186373755335807,0.0,0.824184775352478,0.0182071384042501,0.0209506787359714,0.1366574615240097,0.0,0.9209153652191162,0.0111404405906796,0.0118678947910666,0.0560763217508792,0.0,0.8212125897407532,0.0193710643798112,0.0218236241489648,0.1375927478075027,0.0,0.9059506058692932,0.0135514317080378,0.0146530047059059,0.0658449903130531,0.0,0.8316047787666321,0.0180824324488639,0.0209714639931917,0.1293413490056991,0.0,0.8136470913887024,0.0192879270762205,0.022675784304738,0.1443892568349838,0.0,0.864173948764801,0.0183318443596363,0.0187683161348104,0.0987259224057197,0.0,0.8205890655517578,0.0171471331268548,0.0194957703351974,0.1427680701017379,0.0,0.8406667709350586,0.0163988955318927,0.0199322439730167,0.123002104461193,0.0,0.8727371096611023,0.0159832071512937,0.0175420362502336,0.0937376618385315,0.0,0.878681480884552,0.0164612475782632,0.0167937986552715,0.0880635231733322,0.0,0.8424542546272278,0.0169392898678779,0.0192879270762205,0.1213185638189315,0.0,0.8068713545799255,0.0176251754164695,0.0222393125295639,0.1532641947269439,0.0,0.8209007978439331,0.0179785098880529,0.0203687157481908,0.1407519876956939,0.0,0.8920873999595642,0.013676137663424,0.0137592758983373,0.0804772153496742,0.0,0.8902999758720398,0.015380458906292915,0.016378110274672508,0.07794151455163956,0.0
64,0.9994596242904664,0.0,0.0,0.0005403945106081,0.0,0.9997298121452332,0.0,0.0,0.000270197255304,0.0,0.9997090697288512,0.0,0.0,0.0002909816685132,0.0,0.9997506141662598,0.0,0.0,0.0002494128420948,0.0,0.9996882677078248,0.0,0.0,0.0003117660526186,0.0,0.9997506141662598,0.0,0.0,0.0002494128420948,0.0,0.9997714161872864,0.0,0.0,0.0002286284434376,0.0,0.9997298121452332,0.0,0.0,0.000270197255304,0.0,0.9997714161872864,0.0,0.0,0.0002286284434376,0.0,0.9998337626457214,0.0,0.0,0.0001662752329139,0.0,0.999792218208313,0.0,0.0,0.0002078440447803,0.0,0.9997714161872864,0.0,0.0,0.0002286284434376,0.0,0.9997714161872864,0.0,0.0,0.0002286284434376,0.0,0.9997506141662598,0.0,0.0,0.0002494128420948,0.0,0.9998129606246948,0.0,0.0,0.0001870596315711,0.0,0.9997506141662598,0.0,0.0,0.0002494128420948,0.0,0.9997714161872864,0.0,0.0,0.0002286284434376,0.0,0.9997298121452332,0.0,0.0,0.000270197255304,0.0,0.9997298121452332,0.0,0.0,0.000270197255304,0.0,0.9998337626457214,0.0,0.0,0.0001662752329139,0.0,0.999792218208313,0.0,0.0,0.0002078440447803,0.0,0.9997090697288512,0.0,0.0,0.0002909816685132,0.0,0.9997090697288512,0.0,0.0,0.0002909816685132,0.0,0.9997714161872864,0.0,0.0,0.0002286284434376,0.0,0.999854564666748,0.0,0.0,0.0001454908342566,0.0,0.9996467232704164,0.0,0.0,0.0003533348790369,0.0,0.9997298121452332,0.0,0.0,0.000270197255304,0.0,0.9996882677078248,0.0,0.0,0.0003117660526186,0.0,0.9998129606246948,0.0,0.0,0.0001870596315711,0.0,0.9997298121452332,0.0,0.0,0.000270197255304,0.0,0.9205204844474792,0.013364371843636,0.0133020188659429,0.052813172340393,0.0,0.8653171062469482,0.0174588989466428,0.0196620468050241,0.0975619927048683,0.0,0.8516409397125244,0.0170016419142484,0.0198906753212213,0.1114667579531669,0.0,0.8705547451972961,0.0174588989466428,0.0172302704304456,0.0947560966014862,0.0,0.8432024717330933,0.0166067387908697,0.0192671418190002,0.1209236606955528,0.0,0.8697025775909424,0.0149855557829141,0.0186643954366445,0.0966474786400795,0.0,0.8975121378898621,0.011597697623074,0.0134059404954314,0.0774842575192451,0.0,0.7902438044548035,0.0193918496370315,0.0236734356731176,0.1666909158229828,0.0,0.8047305345535278,0.0183734130114316,0.0215534269809722,0.1553426384925842,0.0,0.9191902875900269,0.0113275004550814,0.0124082891270518,0.0570739731192588,0.0,0.8512876033782959,0.0157130099833011,0.0198075380176305,0.1131918653845787,0.0,0.8678320050239563,0.0149439861997962,0.0194334182888269,0.0977906212210655,0.0,0.8709704279899597,0.0155675187706947,0.0173549782484769,0.0961070880293846,0.0,0.837091863155365,0.018414981663227,0.0221561752259731,0.1223370060324668,0.0,0.8206722140312195,0.0174796842038631,0.0213871523737907,0.1404609978199005,0.0,0.918275773525238,0.0113898534327745,0.0123043674975633,0.0580300576984882,0.0,0.8176376819610596,0.0181240011006593,0.0220730379223823,0.1421653181314468,0.0,0.9023756980895996,0.0140294730663299,0.0149232018738985,0.0686716735363006,0.0,0.8273648023605347,0.0183318443596363,0.021324798464775,0.132978618144989,0.0,0.8094485998153687,0.0184565503150224,0.0237565729767084,0.1483382880687713,0.0,0.8602457046508789,0.0177498813718557,0.0199738126248121,0.1020306423306465,0.0,0.8167023658752441,0.0163781102746725,0.0204102843999862,0.1465092599391937,0.0,0.8367177844047546,0.0167106613516807,0.019869890064001,0.1267017275094986,0.0,0.8686426281929016,0.016232619062066,0.0185604728758335,0.096564345061779,0.0,0.8751896619796753,0.0160455591976642,0.0177290961146354,0.0910356864333152,0.0,0.8387130498886108,0.0165859553962945,0.0199945960193872,0.1247064247727394,0.0,0.8027352690696716,0.0176251754164695,0.0224679410457611,0.1571716666221618,0.0,0.817221999168396,0.016960073262453,0.0210753865540027,0.1447425931692123,0.0,0.889385461807251,0.0132812345400452,0.0140710417181253,0.0832623243331909,0.0,0.8866211175918579,0.01606634445488453,0.0166483074426651,0.0806642696261406,0.0
65,0.9994596242904664,0.0,0.0,0.0005403945106081,0.0,0.9997298121452332,0.0,0.0,0.000270197255304,0.0,0.9997090697288512,0.0,0.0,0.0002909816685132,0.0,0.9997506141662598,0.0,0.0,0.0002494128420948,0.0,0.9996882677078248,0.0,0.0,0.0003117660526186,0.0,0.9997506141662598,0.0,0.0,0.0002494128420948,0.0,0.9997714161872864,0.0,0.0,0.0002286284434376,0.0,0.9997298121452332,0.0,0.0,0.000270197255304,0.0,0.9997714161872864,0.0,0.0,0.0002286284434376,0.0,0.9998337626457214,0.0,0.0,0.0001662752329139,0.0,0.999792218208313,0.0,0.0,0.0002078440447803,0.0,0.9997714161872864,0.0,0.0,0.0002286284434376,0.0,0.9997714161872864,0.0,0.0,0.0002286284434376,0.0,0.9997506141662598,0.0,0.0,0.0002494128420948,0.0,0.9998129606246948,0.0,0.0,0.0001870596315711,0.0,0.9997506141662598,0.0,0.0,0.0002494128420948,0.0,0.9997714161872864,0.0,0.0,0.0002286284434376,0.0,0.9997298121452332,0.0,0.0,0.000270197255304,0.0,0.9997298121452332,0.0,0.0,0.000270197255304,0.0,0.9998337626457214,0.0,0.0,0.0001662752329139,0.0,0.999792218208313,0.0,0.0,0.0002078440447803,0.0,0.9997090697288512,0.0,0.0,0.0002909816685132,0.0,0.9997090697288512,0.0,0.0,0.0002909816685132,0.0,0.9997714161872864,0.0,0.0,0.0002286284434376,0.0,0.999854564666748,0.0,0.0,0.0001454908342566,0.0,0.9996467232704164,0.0,0.0,0.0003533348790369,0.0,0.9997298121452332,0.0,0.0,0.000270197255304,0.0,0.9996882677078248,0.0,0.0,0.0003117660526186,0.0,0.9998129606246948,0.0,0.0,0.0001870596315711,0.0,0.9997298121452332,0.0,0.0,0.000270197255304,0.0,0.9172573089599608,0.0128031931817531,0.0146737890318036,0.0552657321095466,0.0,0.8613057136535645,0.0169392898678779,0.020181655883789,0.1015733852982521,0.0,0.8476503491401672,0.0161079131066799,0.0203063637018203,0.1159354075789451,0.0,0.8671045303344727,0.0156922247260808,0.0193710643798112,0.0978321880102157,0.0,0.8393573760986328,0.0157130099833011,0.0199114587157964,0.1250181943178177,0.0,0.8663563132286072,0.0143412388861179,0.0188098866492509,0.1004925966262817,0.0,0.8943944573402405,0.0117847574874758,0.0132812345400452,0.0805395692586898,0.0,0.7865234017372131,0.0175420362502336,0.0243593212217092,0.1715752631425857,0.0,0.8008646368980408,0.0176667440682649,0.0220730379223823,0.1593955904245376,0.0,0.9160310626029968,0.0115769132971763,0.012636917643249,0.0597551614046096,0.0,0.8477542996406555,0.0149024175480008,0.0207012668251991,0.1166420727968216,0.0,0.8642362952232361,0.0143204545602202,0.0202232245355844,0.1012200489640235,0.0,0.8678735494613647,0.0145906517282128,0.0179785098880529,0.0995572954416275,0.0,0.8330597281455994,0.0176667440682649,0.0221977438777685,0.1270758509635925,0.0,0.8170765042304993,0.016232619062066,0.0216989181935787,0.1449920088052749,0.0,0.9155945777893066,0.0108494590967893,0.0134267248213291,0.0601292811334133,0.0,0.8139380216598511,0.0166275240480899,0.0230083353817462,0.1464261263608932,0.0,0.8990501761436462,0.013676137663424,0.0152141833677887,0.0720595270395279,0.0,0.8233534097671509,0.0170016419142484,0.0219067614525556,0.1377382427453994,0.0,0.8048760294914246,0.0177290961146354,0.0244216751307249,0.1529732197523117,0.0,0.8558186292648315,0.017271839082241,0.0208675414323806,0.1060420274734497,0.0,0.8131482601165771,0.0154428118839859,0.0209298953413963,0.1504790931940078,0.0,0.832643985748291,0.0162741877138614,0.0201193038374185,0.130962535738945,0.0,0.8643609881401062,0.0161494817584753,0.0194334182888269,0.1000561192631721,0.0,0.8718641996383667,0.0146322203800082,0.0189553759992122,0.0945482552051544,0.0,0.8344314694404602,0.0161286983639001,0.021220875903964,0.1282189935445785,0.0,0.7988693714141846,0.0163157563656568,0.0229459814727306,0.1618689447641372,0.0,0.8133144974708557,0.0161702670156955,0.0219275467097759,0.1485877037048339,0.0,0.8861846327781677,0.0124914264306426,0.0155259501188993,0.0857980176806449,0.0,0.8830669522285461,0.014840064570307732,0.018186353147029877,0.0839066430926323,0.0
66,0.9994596242904664,0.0,0.0,0.0005403945106081,0.0,0.9997298121452332,0.0,0.0,0.000270197255304,0.0,0.9997090697288512,0.0,0.0,0.0002909816685132,0.0,0.9997506141662598,0.0,0.0,0.0002494128420948,0.0,0.9996882677078248,0.0,0.0,0.0003117660526186,0.0,0.9997506141662598,0.0,0.0,0.0002494128420948,0.0,0.9997714161872864,0.0,0.0,0.0002286284434376,0.0,0.9997298121452332,0.0,0.0,0.000270197255304,0.0,0.9997714161872864,0.0,0.0,0.0002286284434376,0.0,0.9998337626457214,0.0,0.0,0.0001662752329139,0.0,0.999792218208313,0.0,0.0,0.0002078440447803,0.0,0.9997714161872864,0.0,0.0,0.0002286284434376,0.0,0.9997714161872864,0.0,0.0,0.0002286284434376,0.0,0.9997506141662598,0.0,0.0,0.0002494128420948,0.0,0.9998129606246948,0.0,0.0,0.0001870596315711,0.0,0.9997506141662598,0.0,0.0,0.0002494128420948,0.0,0.9997714161872864,0.0,0.0,0.0002286284434376,0.0,0.9997298121452332,0.0,0.0,0.000270197255304,0.0,0.9997298121452332,0.0,0.0,0.000270197255304,0.0,0.9998337626457214,0.0,0.0,0.0001662752329139,0.0,0.999792218208313,0.0,0.0,0.0002078440447803,0.0,0.9997090697288512,0.0,0.0,0.0002909816685132,0.0,0.9997090697288512,0.0,0.0,0.0002909816685132,0.0,0.9997714161872864,0.0,0.0,0.0002286284434376,0.0,0.999854564666748,0.0,0.0,0.0001454908342566,0.0,0.9996467232704164,0.0,0.0,0.0003533348790369,0.0,0.9997298121452332,0.0,0.0,0.000270197255304,0.0,0.9996882677078248,0.0,0.0,0.0003117660526186,0.0,0.9998129606246948,0.0,0.0,0.0001870596315711,0.0,0.9997298121452332,0.0,0.0,0.000270197255304,0.0,0.9137447476387024,0.0128447618335485,0.0160039905458688,0.0574065223336219,0.0,0.8573982119560242,0.0159624218940734,0.0216157808899879,0.105023592710495,0.0,0.8433064222335815,0.0164404641836881,0.0203479323536157,0.1199052259325981,0.0,0.8626982569694519,0.0150063401088118,0.0210338160395622,0.1012616157531738,0.0,0.8355538249015808,0.0150894774124026,0.0205765608698129,0.1287801712751388,0.0,0.8621370792388916,0.014465944841504,0.0195165555924177,0.1038804501295089,0.0,0.8912352323532104,0.0114729907363653,0.0139671191573143,0.0833246782422065,0.0,0.7822418212890625,0.016232619062066,0.0246710870414972,0.1768544912338256,0.0,0.7966246604919434,0.0167937986552715,0.0226965695619583,0.1638850271701812,0.0,0.9133082628250122,0.011182009242475,0.0134267248213291,0.0620830133557319,0.0,0.8437221050262451,0.0149024175480008,0.0207636188715696,0.1206118986010551,0.0,0.8597884178161621,0.0146737890318036,0.0205557756125926,0.1049820259213447,0.0,0.8640076518058777,0.0137384915724396,0.0189969446510076,0.103256918489933,0.0,0.8282377123832703,0.0172302704304456,0.0231330413371324,0.131399005651474,0.0,0.812774121761322,0.0156298726797103,0.022260095924139,0.1493359506130218,0.0,0.91272634267807,0.0109118120744824,0.0136345690116286,0.0627273321151733,0.0,0.8096980452537537,0.0156922247260808,0.0237981434911489,0.1508116424083709,0.0,0.895454466342926,0.0136553533375263,0.015816930681467,0.0750732645392417,0.0,0.8192588686943054,0.0163988955318927,0.02236401848495,0.1419782638549804,0.0,0.8003866076469421,0.0168353673070669,0.0249412842094898,0.157836765050888,0.0,0.8517656922340393,0.0163573268800973,0.0217820554971694,0.1100949868559837,0.0,0.8098227381706238,0.014091826044023,0.0218236241489648,0.1542618423700332,0.0,0.828778088092804,0.0157545786350965,0.0207220502197742,0.1347452849149704,0.0,0.8603911995887756,0.015816930681467,0.0195996928960084,0.1041922196745872,0.0,0.8677904605865479,0.0142373172566294,0.0197451841086149,0.0982270911335945,0.0,0.8302537798881531,0.0156090874224901,0.0219691153615713,0.1321680247783661,0.0,0.7949618697166443,0.0161079131066799,0.0225718636065721,0.1663583666086197,0.0,0.8096564412117004,0.0150271244347095,0.0224679410457611,0.1528485119342804,0.0,0.8829214572906494,0.0118263261392712,0.0171055644750595,0.0881466567516326,0.0,0.8792842030525208,0.014237317256629467,0.019558124244213104,0.08692038059234619,0.0
67,0.9994596242904664,0.0,0.0,0.0005403945106081,0.0,0.9997298121452332,0.0,0.0,0.000270197255304,0.0,0.9997090697288512,0.0,0.0,0.0002909816685132,0.0,0.9997506141662598,0.0,0.0,0.0002494128420948,0.0,0.9996882677078248,0.0,0.0,0.0003117660526186,0.0,0.9997506141662598,0.0,0.0,0.0002494128420948,0.0,0.9997714161872864,0.0,0.0,0.0002286284434376,0.0,0.9997298121452332,0.0,0.0,0.000270197255304,0.0,0.9997714161872864,0.0,0.0,0.0002286284434376,0.0,0.9998337626457214,0.0,0.0,0.0001662752329139,0.0,0.999792218208313,0.0,0.0,0.0002078440447803,0.0,0.9997714161872864,0.0,0.0,0.0002286284434376,0.0,0.9997714161872864,0.0,0.0,0.0002286284434376,0.0,0.9997506141662598,0.0,0.0,0.0002494128420948,0.0,0.9998129606246948,0.0,0.0,0.0001870596315711,0.0,0.9997506141662598,0.0,0.0,0.0002494128420948,0.0,0.9997714161872864,0.0,0.0,0.0002286284434376,0.0,0.9997298121452332,0.0,0.0,0.000270197255304,0.0,0.9997298121452332,0.0,0.0,0.000270197255304,0.0,0.9998337626457214,0.0,0.0,0.0001662752329139,0.0,0.999792218208313,0.0,0.0,0.0002078440447803,0.0,0.9997090697288512,0.0,0.0,0.0002909816685132,0.0,0.9997090697288512,0.0,0.0,0.0002909816685132,0.0,0.9997714161872864,0.0,0.0,0.0002286284434376,0.0,0.999854564666748,0.0,0.0,0.0001454908342566,0.0,0.9996467232704164,0.0,0.0,0.0003533348790369,0.0,0.9997298121452332,0.0,0.0,0.000270197255304,0.0,0.9996882677078248,0.0,0.0,0.0003117660526186,0.0,0.9998129606246948,0.0,0.0,0.0001870596315711,0.0,0.9997298121452332,0.0,0.0,0.000270197255304,0.0,0.9103776812553406,0.013364371843636,0.0162118356674909,0.0600461438298225,0.0,0.853657066822052,0.0155675187706947,0.0215949956327676,0.1091804727911949,0.0,0.8387961983680725,0.0165236014872789,0.0210753865540027,0.1236048489809036,0.0,0.8587700128555298,0.0153181059285998,0.0211585238575935,0.1047533974051475,0.0,0.8316879272460938,0.0154012432321906,0.0205557756125926,0.1323550790548324,0.0,0.8573566675186157,0.0156090874224901,0.0197036154568195,0.1073306649923324,0.0,0.8880136609077454,0.0121173076331615,0.0143412388861179,0.0855278223752975,0.0,0.7782927751541138,0.0162118356674909,0.0243177525699138,0.1811776459217071,0.0,0.7924677729606628,0.0164612475782632,0.0226965695619583,0.1683744639158249,0.0,0.9104608297348022,0.0115769132971763,0.0136345690116286,0.0643277317285537,0.0,0.8400225043296814,0.0150271244347095,0.0204518530517816,0.1244985833764076,0.0,0.8557562828063965,0.0155259501188993,0.0199322439730167,0.1087855696678161,0.0,0.8594558835029602,0.0148816332221031,0.0190800838172435,0.1065824255347251,0.0,0.8240392804145813,0.017271839082241,0.0228420607745647,0.1358468681573867,0.0,0.8089290261268616,0.0152557529509067,0.0222808811813592,0.153534397482872,0.0,0.9097333550453186,0.011182009242475,0.0139671191573143,0.0651175379753112,0.0,0.805873692035675,0.0153388902544975,0.0235902983695268,0.1551971435546875,0.0,0.8920873999595642,0.0138631975278258,0.016232619062066,0.0778168067336082,0.0,0.8150604367256165,0.016544384881854,0.0221769586205482,0.1462182849645614,0.0,0.7960218787193298,0.0176251754164695,0.024234615266323,0.1621183454990387,0.0,0.8470891714096069,0.0170847810804843,0.0216573495417833,0.1141687333583831,0.0,0.8060191869735718,0.0145698674023151,0.0213455837219953,0.1580653935670852,0.0,0.8253694772720337,0.0152973216027021,0.0206181295216083,0.1387151181697845,0.0,0.8571280241012573,0.0156090874224901,0.0197243988513946,0.1075385063886642,0.0,0.864111602306366,0.0145698674023151,0.0199945960193872,0.1013239696621894,0.0,0.8260761499404907,0.0163781102746725,0.0211585238575935,0.1363872587680816,0.0,0.7907634377479553,0.0161079131066799,0.0220314692705869,0.1710972189903259,0.0,0.8059360384941101,0.0149647705256938,0.0223224498331546,0.1567767560482025,0.0,0.8796167373657227,0.0124706421047449,0.0163781102746725,0.0915345177054405,0.0,0.875522255897522,0.01477771159261465,0.019100867211818695,0.09059921652078629,0.0
68,0.9994596242904664,0.0,0.0,0.0005403945106081,0.0,0.9997298121452332,0.0,0.0,0.000270197255304,0.0,0.9997090697288512,0.0,0.0,0.0002909816685132,0.0,0.9997506141662598,0.0,0.0,0.0002494128420948,0.0,0.9996882677078248,0.0,0.0,0.0003117660526186,0.0,0.9997506141662598,0.0,0.0,0.0002494128420948,0.0,0.9997714161872864,0.0,0.0,0.0002286284434376,0.0,0.9997298121452332,0.0,0.0,0.000270197255304,0.0,0.9997714161872864,0.0,0.0,0.0002286284434376,0.0,0.9998337626457214,0.0,0.0,0.0001662752329139,0.0,0.999792218208313,0.0,0.0,0.0002078440447803,0.0,0.9997714161872864,0.0,0.0,0.0002286284434376,0.0,0.9997714161872864,0.0,0.0,0.0002286284434376,0.0,0.9997506141662598,0.0,0.0,0.0002494128420948,0.0,0.9998129606246948,0.0,0.0,0.0001870596315711,0.0,0.9997506141662598,0.0,0.0,0.0002494128420948,0.0,0.9997714161872864,0.0,0.0,0.0002286284434376,0.0,0.9997298121452332,0.0,0.0,0.000270197255304,0.0,0.9997298121452332,0.0,0.0,0.000270197255304,0.0,0.9998337626457214,0.0,0.0,0.0001662752329139,0.0,0.999792218208313,0.0,0.0,0.0002078440447803,0.0,0.9997090697288512,0.0,0.0,0.0002909816685132,0.0,0.9997090697288512,0.0,0.0,0.0002909816685132,0.0,0.9997714161872864,0.0,0.0,0.0002286284434376,0.0,0.999854564666748,0.0,0.0,0.0001454908342566,0.0,0.9996467232704164,0.0,0.0,0.0003533348790369,0.0,0.9997298121452332,0.0,0.0,0.000270197255304,0.0,0.9996882677078248,0.0,0.0,0.0003117660526186,0.0,0.9998129606246948,0.0,0.0,0.0001870596315711,0.0,0.9997298121452332,0.0,0.0,0.000270197255304,0.0,0.9061169028282166,0.014403591863811,0.0163988955318927,0.0630806684494018,0.0,0.8490636944770813,0.0162534043192863,0.022052252665162,0.1126306876540184,0.0,0.833932638168335,0.0177083127200603,0.0210546012967824,0.1273044794797897,0.0,0.8534492254257202,0.0171055644750595,0.0210546012967824,0.1083906665444374,0.0,0.827281653881073,0.0159208532422781,0.0206389129161834,0.1361586302518844,0.0,0.8532205820083618,0.0164820328354835,0.019142435863614,0.1111549958586692,0.0,0.8847712874412537,0.0127408392727375,0.0142996702343225,0.0881882235407829,0.0,0.773886501789093,0.0163573268800973,0.0242761839181184,0.1854800283908844,0.0,0.7881653904914856,0.0165651701390743,0.0228212755173444,0.1724482029676437,0.0,0.9063247442245485,0.0128655461594462,0.0141541790217161,0.066655583679676,0.0,0.8357616662979126,0.0155259501188993,0.020181655883789,0.1285307556390762,0.0,0.8510382175445557,0.0167937986552715,0.0192879270762205,0.1128800958395004,0.0,0.8549249172210693,0.0160455591976642,0.0188930239528417,0.1101365610957145,0.0,0.8196329474449158,0.0174588989466428,0.0229459814727306,0.1399621814489364,0.0,0.8044396042823792,0.016232619062066,0.0217197015881538,0.1576081365346908,0.0,0.9066364765167236,0.0116392662748694,0.013780060224235,0.0679442137479782,0.0,0.801612913608551,0.0160247758030891,0.0229459814727306,0.159416377544403,0.0,0.8885748386383057,0.0138008445501327,0.0171263497322797,0.080497995018959,0.0,0.8096564412117004,0.0177083127200603,0.0223224498331546,0.1503128111362457,0.0,0.7911999225616455,0.0182487070560455,0.0234863758087158,0.1670650392770767,0.0,0.8422672152519226,0.0179785098880529,0.022260095924139,0.1174942329525947,0.0,0.801550567150116,0.0151518303900957,0.0210338160395622,0.1622638404369354,0.0,0.8210047483444214,0.0157130099833011,0.0203479323536157,0.1429343521595001,0.0,0.852056622505188,0.0165859553962945,0.0200777351856231,0.11127969622612,0.0,0.85920649766922,0.0159832071512937,0.0199530273675918,0.1048573181033134,0.0,0.8218777179718018,0.0168353673070669,0.0206804815679788,0.1406064927577972,0.0,0.7864195108413696,0.0163157563656568,0.0217612702399492,0.1755035072565078,0.0,0.802007794380188,0.0152141833677887,0.0216573495417833,0.1611206978559494,0.0,0.8758755922317505,0.0135098630562424,0.0163781102746725,0.0942364856600761,0.0,0.8710120320320129,0.01560908742249012,0.019059298560023308,0.09431962668895721,0.0
69,0.9994596242904664,0.0,0.0,0.0005403945106081,0.0,0.9997298121452332,0.0,0.0,0.000270197255304,0.0,0.9997090697288512,0.0,0.0,0.0002909816685132,0.0,0.9997506141662598,0.0,0.0,0.0002494128420948,0.0,0.9996882677078248,0.0,0.0,0.0003117660526186,0.0,0.9997506141662598,0.0,0.0,0.0002494128420948,0.0,0.9997714161872864,0.0,0.0,0.0002286284434376,0.0,0.9997298121452332,0.0,0.0,0.000270197255304,0.0,0.9997714161872864,0.0,0.0,0.0002286284434376,0.0,0.9998337626457214,0.0,0.0,0.0001662752329139,0.0,0.999792218208313,0.0,0.0,0.0002078440447803,0.0,0.9997714161872864,0.0,0.0,0.0002286284434376,0.0,0.9997714161872864,0.0,0.0,0.0002286284434376,0.0,0.9997506141662598,0.0,0.0,0.0002494128420948,0.0,0.9998129606246948,0.0,0.0,0.0001870596315711,0.0,0.9997506141662598,0.0,0.0,0.0002494128420948,0.0,0.9997714161872864,0.0,0.0,0.0002286284434376,0.0,0.9997298121452332,0.0,0.0,0.000270197255304,0.0,0.9997298121452332,0.0,0.0,0.000270197255304,0.0,0.9998337626457214,0.0,0.0,0.0001662752329139,0.0,0.999792218208313,0.0,0.0,0.0002078440447803,0.0,0.9997090697288512,0.0,0.0,0.0002909816685132,0.0,0.9997090697288512,0.0,0.0,0.0002909816685132,0.0,0.9997714161872864,0.0,0.0,0.0002286284434376,0.0,0.999854564666748,0.0,0.0,0.0001454908342566,0.0,0.9996467232704164,0.0,0.0,0.0003533348790369,0.0,0.9997298121452332,0.0,0.0,0.000270197255304,0.0,0.9996882677078248,0.0,0.0,0.0003117660526186,0.0,0.9998129606246948,0.0,0.0,0.0001870596315711,0.0,0.9997298121452332,0.0,0.0,0.000270197255304,0.0,0.9023133516311646,0.0149439861997962,0.0166275240480899,0.0661151930689811,0.0,0.8451562523841858,0.0161494817584753,0.0214702896773815,0.1172240376472473,0.0,0.8296718597412109,0.0179785098880529,0.0209922473877668,0.1313574314117431,0.0,0.8491052389144897,0.017999293282628,0.020909110084176,0.111986368894577,0.0,0.8232494592666626,0.0161079131066799,0.0204518530517816,0.1401908099651336,0.0,0.8493754863739014,0.0169808585196733,0.0183318443596363,0.1153118759393692,0.0,0.8815497159957886,0.0128447618335485,0.0147153576835989,0.0908901989459991,0.0,0.7699790596961975,0.016544384881854,0.0231122579425573,0.1903643608093261,0.0,0.7844865322113037,0.0163781102746725,0.0222393125295639,0.1768960654735565,0.0,0.9030200242996216,0.0130110373720526,0.0144867300987243,0.0694822594523429,0.0,0.8321244120597839,0.0156298726797103,0.0192463584244251,0.1329994052648544,0.0,0.8475256562232971,0.0167106613516807,0.0185396876186132,0.1172240376472473,0.0,0.8513915538787842,0.0164820328354835,0.0186643954366445,0.1134620606899261,0.0,0.8148525357246399,0.0182071384042501,0.0224471557885408,0.1444931775331497,0.0,0.8010101318359375,0.0160663444548845,0.0210753865540027,0.1618481576442718,0.0,0.9036019444465636,0.0119926007464528,0.0140710417181253,0.0703344270586967,0.0,0.7978301644325256,0.0161079131066799,0.0218236241489648,0.1642383635044098,0.0,0.8843764066696167,0.0146737890318036,0.0173549782484769,0.083594873547554,0.0,0.8053956627845764,0.0179577246308326,0.0223432350903749,0.1543034166097641,0.0,0.7875418663024902,0.0173341929912567,0.0230291206389665,0.1720948666334152,0.0,0.8374243974685669,0.0183941982686519,0.0221769586205482,0.1220044493675232,0.0,0.7974768280982971,0.0156714413315057,0.0199322439730167,0.16691954433918,0.0,0.8175753355026245,0.0150686930865049,0.0207844041287899,0.1465716212987899,0.0,0.8478166460990906,0.016544384881854,0.0205142069607973,0.1151248142123222,0.0,0.8549456596374512,0.0169185046106576,0.0193710643798112,0.1087647899985313,0.0,0.8178455233573914,0.0165859553962945,0.0208675414323806,0.1447010189294815,0.0,0.7822834253311157,0.0165859553962945,0.0214910730719566,0.1796396076679229,0.0,0.7976846694946289,0.0156298726797103,0.0208675414323806,0.1658179759979248,0.0,0.8723006844520569,0.0138839818537235,0.0164820328354835,0.0973333641886711,0.0,0.8668343424797058,0.016232619062066078,0.01962047815322876,0.0973125770688057,0.0
70,0.9994596242904664,0.0,0.0,0.0005403945106081,0.0,0.9997298121452332,0.0,0.0,0.000270197255304,0.0,0.9997090697288512,0.0,0.0,0.0002909816685132,0.0,0.9997506141662598,0.0,0.0,0.0002494128420948,0.0,0.9996882677078248,0.0,0.0,0.0003117660526186,0.0,0.9997506141662598,0.0,0.0,0.0002494128420948,0.0,0.9997714161872864,0.0,0.0,0.0002286284434376,0.0,0.9997298121452332,0.0,0.0,0.000270197255304,0.0,0.9997714161872864,0.0,0.0,0.0002286284434376,0.0,0.9998337626457214,0.0,0.0,0.0001662752329139,0.0,0.999792218208313,0.0,0.0,0.0002078440447803,0.0,0.9997714161872864,0.0,0.0,0.0002286284434376,0.0,0.9997714161872864,0.0,0.0,0.0002286284434376,0.0,0.9997506141662598,0.0,0.0,0.0002494128420948,0.0,0.9998129606246948,0.0,0.0,0.0001870596315711,0.0,0.9997506141662598,0.0,0.0,0.0002494128420948,0.0,0.9997714161872864,0.0,0.0,0.0002286284434376,0.0,0.9997298121452332,0.0,0.0,0.000270197255304,0.0,0.9997298121452332,0.0,0.0,0.000270197255304,0.0,0.9998337626457214,0.0,0.0,0.0001662752329139,0.0,0.999792218208313,0.0,0.0,0.0002078440447803,0.0,0.9997090697288512,0.0,0.0,0.0002909816685132,0.0,0.9997090697288512,0.0,0.0,0.0002909816685132,0.0,0.9997714161872864,0.0,0.0,0.0002286284434376,0.0,0.999854564666748,0.0,0.0,0.0001454908342566,0.0,0.9996467232704164,0.0,0.0,0.0003533348790369,0.0,0.9997298121452332,0.0,0.0,0.000270197255304,0.0,0.9996882677078248,0.0,0.0,0.0003117660526186,0.0,0.9998129606246948,0.0,0.0,0.0001870596315711,0.0,0.9997298121452332,0.0,0.0,0.000270197255304,0.0,0.9000062942504883,0.0137384915724396,0.0163157563656568,0.0699395164847374,0.0,0.8423711061477661,0.0150271244347095,0.0208467580378055,0.1217550411820411,0.0,0.8268243670463562,0.0164820328354835,0.0204518530517816,0.1362417638301849,0.0,0.8463616967201233,0.0163365416228771,0.0200985185801982,0.1172032579779625,0.0,0.8206722140312195,0.0148816332221031,0.0195165555924177,0.1449296474456787,0.0,0.8471099734306335,0.0150271244347095,0.0185604728758335,0.1193024814128875,0.0,0.8793673515319824,0.0118678947910666,0.0149439861997962,0.0938208028674125,0.0,0.7674017548561096,0.0148400645703077,0.0218236241489648,0.1959345787763595,0.0,0.782200276851654,0.0144243761897087,0.0219067614525556,0.1814686357975006,0.0,0.9005674719810486,0.0127408392727375,0.0142996702343225,0.0723920762538909,0.0,0.8297757506370544,0.0139463348314166,0.0189345926046371,0.1373433470726013,0.0,0.8451769948005676,0.0146114360541105,0.0187683161348104,0.1214432716369628,0.0,0.8491052389144897,0.0149024175480008,0.0184565503150224,0.1175358071923255,0.0,0.8119843006134033,0.0162534043192863,0.0224887244403362,0.1492735892534256,0.0,0.7985575795173645,0.0142165319994091,0.0205349903553724,0.1666909158229828,0.0,0.9016690254211426,0.0110573032870888,0.0137177063152194,0.0735560059547424,0.0,0.795751690864563,0.0139463348314166,0.0208675414323806,0.1694344580173492,0.0,0.8819653987884521,0.0134890787303447,0.017271839082241,0.0872737094759941,0.0,0.8027352690696716,0.0165236014872789,0.0210961699485778,0.1596450060606002,0.0,0.7849645614624023,0.0154220275580883,0.0222185272723436,0.1773948818445205,0.0,0.8344314694404602,0.0173341929912567,0.021324798464775,0.1269095689058303,0.0,0.7954607009887695,0.0143620232120156,0.0187683161348104,0.1714089810848236,0.0,0.8149980306625366,0.013780060224235,0.0201400872319936,0.1510818302631378,0.0,0.8450314998626709,0.0153596745803952,0.0201193038374185,0.1194895356893539,0.0,0.8524515628814697,0.0153388902544975,0.0187059640884399,0.1135036274790763,0.0,0.8157047033309937,0.0145490830764174,0.0203063637018203,0.1494398713111877,0.0,0.7802465558052063,0.0147153576835989,0.0202232245355844,0.184814915060997,0.0,0.7949618697166443,0.0146945733577013,0.0198283214122056,0.1705152541399002,0.0,0.8698896765708923,0.0130318216979503,0.0157545786350965,0.1013239696621894,0.0,0.8641324043273926,0.01515183039009571,0.018622826784849167,0.10209299623966217,0.0
71,0.9994596242904664,0.0,0.0,0.0005403945106081,0.0,0.9997298121452332,0.0,0.0,0.000270197255304,0.0,0.9997090697288512,0.0,0.0,0.0002909816685132,0.0,0.9997506141662598,0.0,0.0,0.0002494128420948,0.0,0.9996882677078248,0.0,0.0,0.0003117660526186,0.0,0.9997506141662598,0.0,0.0,0.0002494128420948,0.0,0.9997714161872864,0.0,0.0,0.0002286284434376,0.0,0.9997298121452332,0.0,0.0,0.000270197255304,0.0,0.9997714161872864,0.0,0.0,0.0002286284434376,0.0,0.9998337626457214,0.0,0.0,0.0001662752329139,0.0,0.999792218208313,0.0,0.0,0.0002078440447803,0.0,0.9997714161872864,0.0,0.0,0.0002286284434376,0.0,0.9997714161872864,0.0,0.0,0.0002286284434376,0.0,0.9997506141662598,0.0,0.0,0.0002494128420948,0.0,0.9998129606246948,0.0,0.0,0.0001870596315711,0.0,0.9997506141662598,0.0,0.0,0.0002494128420948,0.0,0.9997714161872864,0.0,0.0,0.0002286284434376,0.0,0.9997298121452332,0.0,0.0,0.000270197255304,0.0,0.9997298121452332,0.0,0.0,0.000270197255304,0.0,0.9998337626457214,0.0,0.0,0.0001662752329139,0.0,0.999792218208313,0.0,0.0,0.0002078440447803,0.0,0.9997090697288512,0.0,0.0,0.0002909816685132,0.0,0.9997090697288512,0.0,0.0,0.0002909816685132,0.0,0.9997714161872864,0.0,0.0,0.0002286284434376,0.0,0.999854564666748,0.0,0.0,0.0001454908342566,0.0,0.9996467232704164,0.0,0.0,0.0003533348790369,0.0,0.9997298121452332,0.0,0.0,0.000270197255304,0.0,0.9996882677078248,0.0,0.0,0.0003117660526186,0.0,0.9998129606246948,0.0,0.0,0.0001870596315711,0.0,0.9997298121452332,0.0,0.0,0.000270197255304,0.0,0.8974081873893738,0.0129694677889347,0.0162118356674909,0.0734105184674263,0.0,0.839606761932373,0.0140502573922276,0.0197036154568195,0.1266393810510635,0.0,0.8240184783935547,0.0147777115926146,0.0209506787359714,0.1402531564235687,0.0,0.8432648181915283,0.0155051657930016,0.0189345926046371,0.122295431792736,0.0,0.8185313940048218,0.0131565276533365,0.0189553759992122,0.149356722831726,0.0,0.8448029160499573,0.0125537803396582,0.0192463584244251,0.1233970075845718,0.0,0.8774136304855347,0.0106000462546944,0.0146945733577013,0.0972917973995208,0.0,0.7648868560791016,0.0134059404954314,0.020181655883789,0.2015255838632583,0.0,0.7796229720115662,0.0128447618335485,0.0209506787359714,0.1865815967321396,0.0,0.8983643054962158,0.0120965233072638,0.0140294730663299,0.0755097419023513,0.0,0.8274478912353516,0.0125745646655559,0.0186020415276289,0.1413755118846893,0.0,0.8427660465240479,0.0129902521148324,0.0187059640884399,0.1255377978086471,0.0,0.8463616967201233,0.0130941746756434,0.0182902757078409,0.1222538650035858,0.0,0.8095940947532654,0.0144451605156064,0.0214287210255861,0.1545320451259613,0.0,0.7963128685951233,0.0126161333173513,0.0194749869406223,0.1715960353612899,0.0,0.8997568488121033,0.0099765136837959,0.0139047661796212,0.0763619020581245,0.0,0.7934446334838867,0.0124290734529495,0.0195165555924177,0.1746097803115844,0.0,0.8792426586151123,0.0128447618335485,0.0170224271714687,0.0908901989459991,0.0,0.8004074096679688,0.0146530047059059,0.020597344264388,0.1643422842025756,0.0,0.7823665142059326,0.0136553533375263,0.0212000925093889,0.1827780455350875,0.0,0.8315216302871704,0.0155675187706947,0.0210338160395622,0.1318770498037338,0.0,0.7933406829833984,0.0126784862950444,0.0178953725844621,0.1760854721069336,0.0,0.8125662803649902,0.0128031931817531,0.0191632211208343,0.1554673463106155,0.0,0.8418930768966675,0.015234968625009,0.0190800838172435,0.1237919107079505,0.0,0.8501445055007935,0.0139671191573143,0.0179161559790372,0.1179722771048545,0.0,0.812774121761322,0.0133020188659429,0.0197867527604103,0.1541371345520019,0.0,0.7778355479240417,0.0129278991371393,0.0203063637018203,0.1889302283525467,0.0,0.7924469709396362,0.0134890787303447,0.0187475327402353,0.1753164529800415,0.0,0.8678735494613647,0.0117431879043579,0.015131046064198,0.1052522212266922,0.0,0.861659049987793,0.013863197527825832,0.01799929328262806,0.1064785048365593,0.0
72,0.9994596242904664,0.0,0.0,0.0005403945106081,0.0,0.9997298121452332,0.0,0.0,0.000270197255304,0.0,0.9997090697288512,0.0,0.0,0.0002909816685132,0.0,0.9997506141662598,0.0,0.0,0.0002494128420948,0.0,0.9996882677078248,0.0,0.0,0.0003117660526186,0.0,0.9997506141662598,0.0,0.0,0.0002494128420948,0.0,0.9997714161872864,0.0,0.0,0.0002286284434376,0.0,0.9997298121452332,0.0,0.0,0.000270197255304,0.0,0.9997714161872864,0.0,0.0,0.0002286284434376,0.0,0.9998337626457214,0.0,0.0,0.0001662752329139,0.0,0.999792218208313,0.0,0.0,0.0002078440447803,0.0,0.9997714161872864,0.0,0.0,0.0002286284434376,0.0,0.9997714161872864,0.0,0.0,0.0002286284434376,0.0,0.9997506141662598,0.0,0.0,0.0002494128420948,0.0,0.9998129606246948,0.0,0.0,0.0001870596315711,0.0,0.9997506141662598,0.0,0.0,0.0002494128420948,0.0,0.9997714161872864,0.0,0.0,0.0002286284434376,0.0,0.9997298121452332,0.0,0.0,0.000270197255304,0.0,0.9997298121452332,0.0,0.0,0.000270197255304,0.0,0.9998337626457214,0.0,0.0,0.0001662752329139,0.0,0.999792218208313,0.0,0.0,0.0002078440447803,0.0,0.9997090697288512,0.0,0.0,0.0002909816685132,0.0,0.9997090697288512,0.0,0.0,0.0002909816685132,0.0,0.9997714161872864,0.0,0.0,0.0002286284434376,0.0,0.999854564666748,0.0,0.0,0.0001454908342566,0.0,0.9996467232704164,0.0,0.0,0.0003533348790369,0.0,0.9997298121452332,0.0,0.0,0.000270197255304,0.0,0.9996882677078248,0.0,0.0,0.0003117660526186,0.0,0.9998129606246948,0.0,0.0,0.0001870596315711,0.0,0.9997298121452332,0.0,0.0,0.000270197255304,0.0,0.8945607542991638,0.0115561289712786,0.0176251754164695,0.0762579813599586,0.0,0.8368008732795715,0.0122627988457679,0.0201608724892139,0.1307754665613174,0.0,0.8213165402412415,0.0126161333173513,0.0213871523737907,0.1446802318096161,0.0,0.8402718901634216,0.0131773119792342,0.0206389129161834,0.1259119212627411,0.0,0.8161203861236572,0.0111612249165773,0.0198075380176305,0.1529108583927154,0.0,0.8420385718345642,0.011182009242475,0.0197451841086149,0.1270342767238617,0.0,0.875272810459137,0.0094984723255038,0.0153596745803952,0.0998690649867057,0.0,0.762413501739502,0.0114729907363653,0.0206181295216083,0.2054954022169113,0.0,0.7768794298171997,0.011285931803286,0.0207636188715696,0.1910710334777832,0.0,0.8959324955940247,0.0103922020643949,0.0157130099833011,0.0779623016715049,0.0,0.8251824378967285,0.0105792619287967,0.0192879270762205,0.1449504345655441,0.0,0.8401471972465515,0.0108910277485847,0.0202440097928047,0.1287178099155426,0.0,0.8436805605888367,0.0112443622201681,0.0194126330316066,0.1256625056266784,0.0,0.8066427111625671,0.0129902521148324,0.0216781329363584,0.1586889326572418,0.0,0.7932159900665283,0.0112235778942704,0.0197451841086149,0.1758152693510055,0.0,0.8971172571182251,0.0095192566514015,0.0142788859084248,0.0790846571326255,0.0,0.7907218933105469,0.0108910277485847,0.0195996928960084,0.1787874400615692,0.0,0.8771434426307678,0.0114314220845699,0.0173757616430521,0.0940494313836097,0.0,0.7979132533073425,0.0117431879043579,0.021948330104351,0.1683952361345291,0.0,0.7790202498435974,0.0121796606108546,0.0224471557885408,0.1863529682159423,0.0,0.8288404941558838,0.0134267248213291,0.0219067614525556,0.1358260810375213,0.0,0.790908932685852,0.0106416149064898,0.019038513302803,0.1794109791517257,0.0,0.8101137280464172,0.0108910277485847,0.0196620468050241,0.1593332439661026,0.0,0.8395652174949646,0.0124914264306426,0.0206804815679788,0.1272629052400589,0.0,0.8476088047027588,0.011597697623074,0.0194749869406223,0.1213185638189315,0.0,0.810259222984314,0.0116184819489717,0.0205765608698129,0.1575457900762558,0.0,0.7752790451049805,0.0111404405906796,0.0204518530517816,0.193128690123558,0.0,0.7900775671005249,0.0119302477687597,0.0188930239528417,0.1790992170572281,0.0,0.8656912446022034,0.0101843578740954,0.0162118356674909,0.1079126298427581,0.0,0.8589986562728882,0.012013386003673077,0.019287927076220512,0.10970008373260498,0.0
73,0.9994596242904664,0.0,0.0,0.0005403945106081,0.0,0.9997298121452332,0.0,0.0,0.000270197255304,0.0,0.9997090697288512,0.0,0.0,0.0002909816685132,0.0,0.9997506141662598,0.0,0.0,0.0002494128420948,0.0,0.9996882677078248,0.0,0.0,0.0003117660526186,0.0,0.9997506141662598,0.0,0.0,0.0002494128420948,0.0,0.9997714161872864,0.0,0.0,0.0002286284434376,0.0,0.9997298121452332,0.0,0.0,0.000270197255304,0.0,0.9997714161872864,0.0,0.0,0.0002286284434376,0.0,0.9998337626457214,0.0,0.0,0.0001662752329139,0.0,0.999792218208313,0.0,0.0,0.0002078440447803,0.0,0.9997714161872864,0.0,0.0,0.0002286284434376,0.0,0.9997714161872864,0.0,0.0,0.0002286284434376,0.0,0.9997506141662598,0.0,0.0,0.0002494128420948,0.0,0.9998129606246948,0.0,0.0,0.0001870596315711,0.0,0.9997506141662598,0.0,0.0,0.0002494128420948,0.0,0.9997714161872864,0.0,0.0,0.0002286284434376,0.0,0.9997298121452332,0.0,0.0,0.000270197255304,0.0,0.9997298121452332,0.0,0.0,0.000270197255304,0.0,0.9998337626457214,0.0,0.0,0.0001662752329139,0.0,0.999792218208313,0.0,0.0,0.0002078440447803,0.0,0.9997090697288512,0.0,0.0,0.0002909816685132,0.0,0.9997090697288512,0.0,0.0,0.0002909816685132,0.0,0.9997714161872864,0.0,0.0,0.0002286284434376,0.0,0.999854564666748,0.0,0.0,0.0001454908342566,0.0,0.9996467232704164,0.0,0.0,0.0003533348790369,0.0,0.9997298121452332,0.0,0.0,0.000270197255304,0.0,0.9996882677078248,0.0,0.0,0.0003117660526186,0.0,0.9998129606246948,0.0,0.0,0.0001870596315711,0.0,0.9997298121452332,0.0,0.0,0.000270197255304,0.0,0.8925030827522278,0.0098102390766143,0.0182071384042501,0.0794795602560043,0.0,0.8348679542541504,0.0102882804349064,0.0201608724892139,0.1346829384565353,0.0,0.8188639283180237,0.0108078904449939,0.0219691153615713,0.1483590751886367,0.0,0.8376946449279785,0.0114106377586722,0.0214495044201612,0.129445269703865,0.0,0.8139588236808777,0.0092906290665268,0.0199530273675918,0.1567975431680679,0.0,0.8397315144538879,0.0096439635381102,0.0203271470963954,0.1302974224090576,0.0,0.8732151985168457,0.0083345463499426,0.0159624218940734,0.1024878993630409,0.0,0.7603766322135925,0.0096023948863148,0.0202647931873798,0.2097562104463577,0.0,0.7743437886238098,0.0101427892223,0.0202440097928047,0.1952694803476333,0.0,0.8939164280891418,0.009103569202125,0.0161702670156955,0.0808097645640373,0.0,0.8229584693908691,0.0091659221798181,0.0191632211208343,0.1487124115228653,0.0,0.837798535823822,0.009727100841701,0.0203063637018203,0.1321680247783661,0.0,0.8411240577697754,0.0102674951776862,0.0195789095014333,0.1290295869112014,0.0,0.8039615154266357,0.0108910277485847,0.0222393125295639,0.1629081666469574,0.0,0.7908881306648254,0.0101220048964023,0.0196620468050241,0.1793278455734253,0.0,0.8954752683639526,0.0081267021596431,0.0146737890318036,0.0817242786288261,0.0,0.7884355783462524,0.0093945506960153,0.0198075380176305,0.182362362742424,0.0,0.8747739791870117,0.0096023948863148,0.017999293282628,0.0976243466138839,0.0,0.7955438494682312,0.0098518077284097,0.0219691153615713,0.1726352572441101,0.0,0.776339054107666,0.0112027935683727,0.0219067614525556,0.1905514150857925,0.0,0.8259721994400024,0.0114522064104676,0.0228212755173444,0.1397543400526046,0.0,0.7884771823883057,0.008999646641314,0.0192255731672048,0.1832976639270782,0.0,0.807806670665741,0.0097686694934964,0.019142435863614,0.1632822751998901,0.0,0.8370295166969299,0.0107871061190962,0.0208259727805852,0.1313574314117431,0.0,0.8446574211120605,0.0102882804349064,0.0202440097928047,0.1248103454709053,0.0,0.8079313635826111,0.0099141607061028,0.0208675414323806,0.1612869799137115,0.0,0.773242175579071,0.0090412162244319,0.0204518530517816,0.1972647756338119,0.0,0.7879367470741272,0.0097478851675987,0.0195373389869928,0.1827780455350875,0.0,0.863529622554779,0.0087710181251168,0.0170847810804843,0.1106145977973938,0.0,0.8564421534538269,0.01039220206439495,0.01978675276041031,0.11337892711162567,0.0
74,0.9994596242904664,0.0,0.0,0.0005403945106081,0.0,0.9997298121452332,0.0,0.0,0.000270197255304,0.0,0.9997090697288512,0.0,0.0,0.0002909816685132,0.0,0.9997506141662598,0.0,0.0,0.0002494128420948,0.0,0.9996882677078248,0.0,0.0,0.0003117660526186,0.0,0.9997506141662598,0.0,0.0,0.0002494128420948,0.0,0.9997714161872864,0.0,0.0,0.0002286284434376,0.0,0.9997298121452332,0.0,0.0,0.000270197255304,0.0,0.9997714161872864,0.0,0.0,0.0002286284434376,0.0,0.9998337626457214,0.0,0.0,0.0001662752329139,0.0,0.999792218208313,0.0,0.0,0.0002078440447803,0.0,0.9997714161872864,0.0,0.0,0.0002286284434376,0.0,0.9997714161872864,0.0,0.0,0.0002286284434376,0.0,0.9997506141662598,0.0,0.0,0.0002494128420948,0.0,0.9998129606246948,0.0,0.0,0.0001870596315711,0.0,0.9997506141662598,0.0,0.0,0.0002494128420948,0.0,0.9997714161872864,0.0,0.0,0.0002286284434376,0.0,0.9997298121452332,0.0,0.0,0.000270197255304,0.0,0.9997298121452332,0.0,0.0,0.000270197255304,0.0,0.9998337626457214,0.0,0.0,0.0001662752329139,0.0,0.999792218208313,0.0,0.0,0.0002078440447803,0.0,0.9997090697288512,0.0,0.0,0.0002909816685132,0.0,0.9997090697288512,0.0,0.0,0.0002909816685132,0.0,0.9997714161872864,0.0,0.0,0.0002286284434376,0.0,0.999854564666748,0.0,0.0,0.0001454908342566,0.0,0.9996467232704164,0.0,0.0,0.0003533348790369,0.0,0.9997298121452332,0.0,0.0,0.000270197255304,0.0,0.9996882677078248,0.0,0.0,0.0003117660526186,0.0,0.9998129606246948,0.0,0.0,0.0001870596315711,0.0,0.9997298121452332,0.0,0.0,0.000270197255304,0.0,0.8909235000610352,0.0090827848762273,0.0172510556876659,0.0827427133917808,0.0,0.8331844210624695,0.0091867065057158,0.0189345926046371,0.1386943310499191,0.0,0.8172635436058044,0.0095608262345194,0.0208259727805852,0.1523496806621551,0.0,0.8359487056732178,0.0104129863902926,0.0207428354769945,0.1328954845666885,0.0,0.8126286268234253,0.0080435648560523,0.0186851788312196,0.1606426537036895,0.0,0.837736189365387,0.0093737663701176,0.0192463584244251,0.1336437165737152,0.0,0.87153160572052,0.0078357206657528,0.0150271244347095,0.1056055575609207,0.0,0.7589840888977051,0.0084176836535334,0.0191216524690389,0.213476613163948,0.0,0.7726601958274841,0.0095400419086217,0.0186643954366445,0.1991353780031204,0.0,0.8926485776901245,0.0079188579693436,0.0154635962098836,0.0839689895510673,0.0,0.8215451240539551,0.0082306237891316,0.0179785098880529,0.1522457599639892,0.0,0.836052656173706,0.0091243535280227,0.0190592985600233,0.1357637345790863,0.0,0.8393781781196594,0.009727100841701,0.0187683161348104,0.1321264505386352,0.0,0.8017791509628296,0.0102051421999931,0.0210753865540027,0.1669403314590454,0.0,0.7892877459526062,0.0092698438093066,0.0185189042240381,0.1829235404729843,0.0,0.8941242694854736,0.0075447387062013,0.0139255505055189,0.0844054669141769,0.0,0.7868351936340332,0.0089165093377232,0.0181863531470298,0.1860619783401489,0.0,0.8732775449752808,0.008687880821526,0.0170847810804843,0.1009498536586761,0.0,0.7941928505897522,0.0085423905402421,0.0206181295216083,0.1766466498374939,0.0,0.7748010158538818,0.0101635735481977,0.0199114587157964,0.1951239854097366,0.0,0.8242679238319397,0.0101635735481977,0.0213871523737907,0.144181415438652,0.0,0.7867105007171631,0.0087502337992191,0.01768752746284,0.1868517994880676,0.0,0.8063309788703918,0.0086670964956283,0.0176459588110446,0.1673560291528701,0.0,0.8354706764221191,0.0095608262345194,0.0193294957280159,0.135639026761055,0.0,0.8428283929824829,0.0096231792122125,0.0194126330316066,0.1281358450651168,0.0,0.8063309788703918,0.0093737663701176,0.018726747483015,0.1655685603618621,0.0,0.7715378403663635,0.0087086651474237,0.0186228267848491,0.201130673289299,0.0,0.786398708820343,0.0085631748661398,0.0183526296168565,0.1866855174303054,0.0,0.8614720106124878,0.0084176836535334,0.0162949729710817,0.1138153970241546,0.0,0.8548417687416077,0.00929062906652689,0.018934592604637146,0.11693305522203445,0.0
75,0.9994596242904664,0.0,0.0,0.0005403945106081,0.0,0.9997298121452332,0.0,0.0,0.000270197255304,0.0,0.9997090697288512,0.0,0.0,0.0002909816685132,0.0,0.9997506141662598,0.0,0.0,0.0002494128420948,0.0,0.9996882677078248,0.0,0.0,0.0003117660526186,0.0,0.9997506141662598,0.0,0.0,0.0002494128420948,0.0,0.9997714161872864,0.0,0.0,0.0002286284434376,0.0,0.9997298121452332,0.0,0.0,0.000270197255304,0.0,0.9997714161872864,0.0,0.0,0.0002286284434376,0.0,0.9998337626457214,0.0,0.0,0.0001662752329139,0.0,0.999792218208313,0.0,0.0,0.0002078440447803,0.0,0.9997714161872864,0.0,0.0,0.0002286284434376,0.0,0.9997714161872864,0.0,0.0,0.0002286284434376,0.0,0.9997506141662598,0.0,0.0,0.0002494128420948,0.0,0.9998129606246948,0.0,0.0,0.0001870596315711,0.0,0.9997506141662598,0.0,0.0,0.0002494128420948,0.0,0.9997714161872864,0.0,0.0,0.0002286284434376,0.0,0.9997298121452332,0.0,0.0,0.000270197255304,0.0,0.9997298121452332,0.0,0.0,0.000270197255304,0.0,0.9998337626457214,0.0,0.0,0.0001662752329139,0.0,0.999792218208313,0.0,0.0,0.0002078440447803,0.0,0.9997090697288512,0.0,0.0,0.0002909816685132,0.0,0.9997090697288512,0.0,0.0,0.0002909816685132,0.0,0.9997714161872864,0.0,0.0,0.0002286284434376,0.0,0.999854564666748,0.0,0.0,0.0001454908342566,0.0,0.9996467232704164,0.0,0.0,0.0003533348790369,0.0,0.9997298121452332,0.0,0.0,0.000270197255304,0.0,0.9996882677078248,0.0,0.0,0.0003117660526186,0.0,0.9998129606246948,0.0,0.0,0.0001870596315711,0.0,0.9997298121452332,0.0,0.0,0.000270197255304,0.0,0.8886995315551758,0.0087086651474237,0.0163365416228771,0.0862552747130394,0.0,0.83083575963974,0.0087710181251168,0.0177914500236511,0.142601802945137,0.0,0.8149980306625366,0.0090204309672117,0.0192879270762205,0.156693622469902,0.0,0.8333091139793396,0.0099557293578982,0.0194334182888269,0.1373017728328704,0.0,0.8101968765258789,0.0083345463499426,0.0170224271714687,0.1644462049007415,0.0,0.8359695076942444,0.0088333720341324,0.0173341929912567,0.1378629505634308,0.0,0.8694116473197937,0.0080019952729344,0.0138216288760304,0.1087647899985313,0.0,0.7570719122886658,0.0078149363398551,0.0173549782484769,0.2177582085132599,0.0,0.7704154849052429,0.0092074908316135,0.0170016419142484,0.2033753991127014,0.0,0.8908611536026001,0.0075031700544059,0.0149439861997962,0.0866917520761489,0.0,0.819279670715332,0.0081682708114385,0.0162741877138614,0.1562779396772384,0.0,0.8339118361473083,0.0088541563600301,0.0170224271714687,0.140211597084999,0.0,0.8372789621353149,0.0090827848762273,0.0176459588110446,0.1359923630952835,0.0,0.799555242061615,0.0100388675928115,0.0186436101794242,0.1717623174190521,0.0,0.7872924208641052,0.0090204309672117,0.0164612475782632,0.1872259080410003,0.0,0.8921082019805908,0.007648660801351,0.0129694677889347,0.0872737094759941,0.0,0.7848606705665588,0.0085839591920375,0.0162534043192863,0.1903019994497299,0.0,0.8709496855735779,0.0082929776981472,0.0162118356674909,0.1045455560088157,0.0,0.7921559810638428,0.0082514081150293,0.0188514553010463,0.1807411760091781,0.0,0.7728056907653809,0.0095608262345194,0.0180200785398483,0.1996134221553802,0.0,0.8216906189918518,0.009831023402512,0.0202440097928047,0.1482343673706054,0.0,0.7849022150039673,0.0084384679794311,0.0164820328354835,0.1901772916316986,0.0,0.8043356537818909,0.0082306237891316,0.0162118356674909,0.1712219268083572,0.0,0.8331428170204163,0.0087502337992191,0.0184981189668178,0.1396088451147079,0.0,0.8408122658729553,0.0093321977183222,0.0176459588110446,0.1322095990180969,0.0,0.8043356537818909,0.0084384679794311,0.0174796842038631,0.1697462350130081,0.0,0.7694594264030457,0.008376115001738,0.0171263497322797,0.2050381451845169,0.0,0.7841539978981018,0.0082929776981472,0.0172094870358705,0.1903435736894607,0.0,0.8593311905860901,0.0085423905402421,0.0150479087606072,0.1170785501599311,0.0,0.8524931073188782,0.009165922179818153,0.017625175416469574,0.12071581929922104,0.0
76,0.9994596242904664,0.0,0.0,0.0005403945106081,0.0,0.9997298121452332,0.0,0.0,0.000270197255304,0.0,0.9997090697288512,0.0,0.0,0.0002909816685132,0.0,0.9997506141662598,0.0,0.0,0.0002494128420948,0.0,0.9996882677078248,0.0,0.0,0.0003117660526186,0.0,0.9997506141662598,0.0,0.0,0.0002494128420948,0.0,0.9997714161872864,0.0,0.0,0.0002286284434376,0.0,0.9997298121452332,0.0,0.0,0.000270197255304,0.0,0.9997714161872864,0.0,0.0,0.0002286284434376,0.0,0.9998337626457214,0.0,0.0,0.0001662752329139,0.0,0.999792218208313,0.0,0.0,0.0002078440447803,0.0,0.9997714161872864,0.0,0.0,0.0002286284434376,0.0,0.9997714161872864,0.0,0.0,0.0002286284434376,0.0,0.9997506141662598,0.0,0.0,0.0002494128420948,0.0,0.9998129606246948,0.0,0.0,0.0001870596315711,0.0,0.9997506141662598,0.0,0.0,0.0002494128420948,0.0,0.9997714161872864,0.0,0.0,0.0002286284434376,0.0,0.9997298121452332,0.0,0.0,0.000270197255304,0.0,0.9997298121452332,0.0,0.0,0.000270197255304,0.0,0.9998337626457214,0.0,0.0,0.0001662752329139,0.0,0.999792218208313,0.0,0.0,0.0002078440447803,0.0,0.9997090697288512,0.0,0.0,0.0002909816685132,0.0,0.9997090697288512,0.0,0.0,0.0002909816685132,0.0,0.9997714161872864,0.0,0.0,0.0002286284434376,0.0,0.999854564666748,0.0,0.0,0.0001454908342566,0.0,0.9996467232704164,0.0,0.0,0.0003533348790369,0.0,0.9997298121452332,0.0,0.0,0.000270197255304,0.0,0.9996882677078248,0.0,0.0,0.0003117660526186,0.0,0.9998129606246948,0.0,0.0,0.0001870596315711,0.0,0.9997298121452332,0.0,0.0,0.000270197255304,0.0,0.8866626620292664,0.0078980736434459,0.015816930681467,0.0896223485469818,0.0,0.8286741971969604,0.0081267021596431,0.0168561525642871,0.1463429927825927,0.0,0.8127949237823486,0.0085216052830219,0.0174796842038631,0.1612038314342498,0.0,0.83083575963974,0.0094361193478107,0.0184981189668178,0.1412300318479538,0.0,0.8081600069999695,0.007960426621139,0.0155675187706947,0.1683121025562286,0.0,0.8342236280441284,0.0078149363398551,0.0153181059285998,0.1426433622837066,0.0,0.8678735494613647,0.0073992479592561,0.0127408392727375,0.111986368894577,0.0,0.7552013397216797,0.0072121880948543,0.0158792845904827,0.2217072397470474,0.0,0.7688982486724854,0.0079812109470367,0.0155883030965924,0.2075322717428207,0.0,0.8886579871177673,0.0072745415382087,0.0145282987505197,0.0895392149686813,0.0,0.8176376819610596,0.0075447387062013,0.0148400645703077,0.1599775552749633,0.0,0.8322075605392456,0.0079396422952413,0.0156090874224901,0.1442437618970871,0.0,0.835283637046814,0.0083968993276357,0.0157753620296716,0.1405441462993621,0.0,0.7975183725357056,0.0091243535280227,0.0173965469002723,0.1759607642889022,0.0,0.7852555513381958,0.007960426621139,0.0157130099833011,0.1910710334777832,0.0,0.8901544809341431,0.0069627752527594,0.0126161333173513,0.0902666673064231,0.0,0.7831355333328247,0.0075863073579967,0.0151518303900957,0.1941263377666473,0.0,0.8687465190887451,0.0083968993276357,0.0149439861997962,0.1079126298427581,0.0,0.7900983095169067,0.0078149363398551,0.0171471331268548,0.1849396228790283,0.0,0.770789623260498,0.0082306237891316,0.0170016419142484,0.2039781361818313,0.0,0.8188431859016418,0.0099972980096936,0.0182487070560455,0.1529108583927154,0.0,0.7831563353538513,0.0077525828965008,0.0151102617383003,0.1939808428287506,0.0,0.8023611307144165,0.0077525828965008,0.0152557529509067,0.1746305674314499,0.0,0.8307526111602783,0.0088125877082347,0.0175628215074539,0.1428719907999038,0.0,0.8389416933059692,0.0086670964956283,0.0165028162300586,0.1358884274959564,0.0,0.8025897741317749,0.0076694451272487,0.015816930681467,0.1739238947629928,0.0,0.7675888538360596,0.0076902294531464,0.0154843814671039,0.209236592054367,0.0,0.7824081182479858,0.0076694451272487,0.0158585011959075,0.1940639764070511,0.0,0.8574190139770508,0.008272192440927,0.0139255505055189,0.1203832700848579,0.0,0.8501860499382019,0.008812587708234787,0.01652360148727894,0.1244777962565422,0.0
77,0.9994596242904664,0.0,0.0,0.0005403945106081,0.0,0.9997298121452332,0.0,0.0,0.000270197255304,0.0,0.9997090697288512,0.0,0.0,0.0002909816685132,0.0,0.9997506141662598,0.0,0.0,0.0002494128420948,0.0,0.9996882677078248,0.0,0.0,0.0003117660526186,0.0,0.9997506141662598,0.0,0.0,0.0002494128420948,0.0,0.9997714161872864,0.0,0.0,0.0002286284434376,0.0,0.9997298121452332,0.0,0.0,0.000270197255304,0.0,0.9997714161872864,0.0,0.0,0.0002286284434376,0.0,0.9998337626457214,0.0,0.0,0.0001662752329139,0.0,0.999792218208313,0.0,0.0,0.0002078440447803,0.0,0.9997714161872864,0.0,0.0,0.0002286284434376,0.0,0.9997714161872864,0.0,0.0,0.0002286284434376,0.0,0.9997506141662598,0.0,0.0,0.0002494128420948,0.0,0.9998129606246948,0.0,0.0,0.0001870596315711,0.0,0.9997506141662598,0.0,0.0,0.0002494128420948,0.0,0.9997714161872864,0.0,0.0,0.0002286284434376,0.0,0.9997298121452332,0.0,0.0,0.000270197255304,0.0,0.9997298121452332,0.0,0.0,0.000270197255304,0.0,0.9998337626457214,0.0,0.0,0.0001662752329139,0.0,0.999792218208313,0.0,0.0,0.0002078440447803,0.0,0.9997090697288512,0.0,0.0,0.0002909816685132,0.0,0.9997090697288512,0.0,0.0,0.0002909816685132,0.0,0.9997714161872864,0.0,0.0,0.0002286284434376,0.0,0.999854564666748,0.0,0.0,0.0001454908342566,0.0,0.9996467232704164,0.0,0.0,0.0003533348790369,0.0,0.9997298121452332,0.0,0.0,0.000270197255304,0.0,0.9996882677078248,0.0,0.0,0.0003117660526186,0.0,0.9998129606246948,0.0,0.0,0.0001870596315711,0.0,0.9997298121452332,0.0,0.0,0.000270197255304,0.0,0.8817160129547119,0.0107871061190962,0.0136137846857309,0.0938831567764282,0.0,0.8239769339561462,0.0108910277485847,0.0141957476735115,0.1509363353252411,0.0,0.8084925413131714,0.0103714177384972,0.0150686930865049,0.1660673916339874,0.0,0.8255981206893921,0.0120965233072638,0.0157545786350965,0.1465508341789245,0.0,0.8038991689682007,0.0100596519187092,0.0133228031918406,0.1727183908224105,0.0,0.8297757506370544,0.0099557293578982,0.0134890787303447,0.1467794626951217,0.0,0.8630307912826538,0.0101843578740954,0.0115561289712786,0.1152287349104881,0.0,0.7522706985473633,0.0081059178337454,0.0135098630562424,0.2261135280132293,0.0,0.7649908065795898,0.0093529820442199,0.0138216288760304,0.2118346393108368,0.0,0.8836073875427246,0.0103090647608041,0.0124082891270518,0.0936753079295158,0.0,0.8133352994918823,0.0096231792122125,0.0128031931817531,0.1642383635044098,0.0,0.8273440003395081,0.010454555042088,0.0132396649569273,0.1489618271589279,0.0,0.8311682939529419,0.0099557293578982,0.0138008445501327,0.1450751423835754,0.0,0.7928834557533264,0.0110780876129865,0.0156714413315057,0.1803670525550842,0.0,0.7812234163284302,0.0096647478640079,0.0135514317080378,0.1955604553222656,0.0,0.8861222863197327,0.0093529820442199,0.0111612249165773,0.0933635458350181,0.0,0.7796437740325928,0.008791803382337,0.0131773119792342,0.1983871310949325,0.0,0.8642570972442627,0.0105169080197811,0.0138008445501327,0.1114251911640167,0.0,0.785941481590271,0.0096023948863148,0.0141126103699207,0.1903435736894607,0.0,0.7660923600196838,0.0102467108517885,0.0148608488962054,0.208800122141838,0.0,0.813418447971344,0.0125537803396582,0.0162949729710817,0.1577328443527221,0.0,0.779041051864624,0.0094361193478107,0.0130733903497457,0.1984494924545288,0.0,0.7983081936836243,0.0094984723255038,0.0131980963051319,0.178995281457901,0.0,0.8258475065231323,0.011182009242475,0.0150271244347095,0.1479433923959732,0.0,0.8347224593162537,0.0099349450320005,0.0145490830764174,0.1407935470342636,0.0,0.7983081936836243,0.0096231792122125,0.0139463348314166,0.178122341632843,0.0,0.7640138864517212,0.0092282751575112,0.0131773119792342,0.2135805338621139,0.0,0.7779602408409119,0.0099765136837959,0.0140710417181253,0.1979922354221344,0.0,0.8533660769462585,0.0101635735481977,0.0123459361493587,0.1241244599223136,0.0,0.8449483513832092,0.011493775062263012,0.01456986740231514,0.12898801267147064,0.0
78,0.9994596242904664,0.0,0.0,0.0005403945106081,0.0,0.9997298121452332,0.0,0.0,0.000270197255304,0.0,0.9997090697288512,0.0,0.0,0.0002909816685132,0.0,0.9997506141662598,0.0,0.0,0.0002494128420948,0.0,0.9996882677078248,0.0,0.0,0.0003117660526186,0.0,0.9997506141662598,0.0,0.0,0.0002494128420948,0.0,0.9997714161872864,0.0,0.0,0.0002286284434376,0.0,0.9997298121452332,0.0,0.0,0.000270197255304,0.0,0.9997714161872864,0.0,0.0,0.0002286284434376,0.0,0.9998337626457214,0.0,0.0,0.0001662752329139,0.0,0.999792218208313,0.0,0.0,0.0002078440447803,0.0,0.9997714161872864,0.0,0.0,0.0002286284434376,0.0,0.9997714161872864,0.0,0.0,0.0002286284434376,0.0,0.9997506141662598,0.0,0.0,0.0002494128420948,0.0,0.9998129606246948,0.0,0.0,0.0001870596315711,0.0,0.9997506141662598,0.0,0.0,0.0002494128420948,0.0,0.9997714161872864,0.0,0.0,0.0002286284434376,0.0,0.9997298121452332,0.0,0.0,0.000270197255304,0.0,0.9997298121452332,0.0,0.0,0.000270197255304,0.0,0.9998337626457214,0.0,0.0,0.0001662752329139,0.0,0.999792218208313,0.0,0.0,0.0002078440447803,0.0,0.9997090697288512,0.0,0.0,0.0002909816685132,0.0,0.9997090697288512,0.0,0.0,0.0002909816685132,0.0,0.9997714161872864,0.0,0.0,0.0002286284434376,0.0,0.999854564666748,0.0,0.0,0.0001454908342566,0.0,0.9996467232704164,0.0,0.0,0.0003533348790369,0.0,0.9997298121452332,0.0,0.0,0.000270197255304,0.0,0.9996882677078248,0.0,0.0,0.0003117660526186,0.0,0.9998129606246948,0.0,0.0,0.0001870596315711,0.0,0.9997298121452332,0.0,0.0,0.000270197255304,0.0,0.8771434426307678,0.013780060224235,0.0113898534327745,0.0976867005228996,0.0,0.8196122050285339,0.0135722160339355,0.0119718164205551,0.1548438072204589,0.0,0.8048552870750427,0.0124082891270518,0.0124082891270518,0.1703281849622726,0.0,0.8211917877197266,0.0147569272667169,0.0131565276533365,0.1508947759866714,0.0,0.8008230924606323,0.0118055418133735,0.0106208305805921,0.1767505705356598,0.0,0.826387882232666,0.0113482847809791,0.0116392662748694,0.1506245732307434,0.0,0.8592896461486816,0.0122420135885477,0.0100180823355913,0.1184503212571144,0.0,0.7494232654571533,0.0095608262345194,0.0109949493780732,0.2300209999084472,0.0,0.7620809674263,0.0105792619287967,0.0118263261392712,0.2155134826898574,0.0,0.8797622323036194,0.0128863304853439,0.0103714177384972,0.0969800278544426,0.0,0.8097187876701355,0.0118263261392712,0.0105792619287967,0.1678756326436996,0.0,0.824122428894043,0.0119302477687597,0.0114729907363653,0.1524743884801864,0.0,0.8271361589431763,0.0122420135885477,0.012013386003673,0.1486084908246994,0.0,0.7890799045562744,0.0126992706209421,0.0130733903497457,0.1851474791765213,0.0,0.7777732014656067,0.0115145603194832,0.0117224035784602,0.1989898830652237,0.0,0.8826928734779358,0.0114314220845699,0.0094776879996061,0.0963980630040168,0.0,0.7762559056282043,0.0105792619287967,0.0109949493780732,0.2021698951721191,0.0,0.8602665066719055,0.0130110373720526,0.0110988719388842,0.1156236380338668,0.0,0.7821171283721924,0.0120757389813661,0.0112027935683727,0.1946043819189071,0.0,0.7628499865531921,0.0119510320946574,0.0127408392727375,0.2124581784009933,0.0,0.8094278573989868,0.0148400645703077,0.0131565276533365,0.1625756025314331,0.0,0.7757363319396973,0.0109741650521755,0.0107663217931985,0.2025232315063476,0.0,0.7948995232582092,0.0114314220845699,0.0112443622201681,0.182424709200859,0.0,0.8220647573471069,0.0134059404954314,0.0123459361493587,0.1521834135055542,0.0,0.8308149576187134,0.012013386003673,0.0121173076331615,0.14505435526371,0.0,0.7951281666755676,0.0112027935683727,0.0115145603194832,0.1821545213460922,0.0,0.7610417604446411,0.0104961236938834,0.0107455365359783,0.217716634273529,0.0,0.7746139764785767,0.0117847574874758,0.011285931803286,0.2023153901100158,0.0,0.8492923378944397,0.0121796606108546,0.0108286747708916,0.1276993751525879,0.0,0.840895414352417,0.013946334831416607,0.011992600746452808,0.13316567242145538,0.0
79,0.9994596242904664,0.0,0.0,0.0005403945106081,0.0,0.9997298121452332,0.0,0.0,0.000270197255304,0.0,0.9997090697288512,0.0,0.0,0.0002909816685132,0.0,0.9997506141662598,0.0,0.0,0.0002494128420948,0.0,0.9996882677078248,0.0,0.0,0.0003117660526186,0.0,0.9997506141662598,0.0,0.0,0.0002494128420948,0.0,0.9997714161872864,0.0,0.0,0.0002286284434376,0.0,0.9997298121452332,0.0,0.0,0.000270197255304,0.0,0.9997714161872864,0.0,0.0,0.0002286284434376,0.0,0.9998337626457214,0.0,0.0,0.0001662752329139,0.0,0.999792218208313,0.0,0.0,0.0002078440447803,0.0,0.9997714161872864,0.0,0.0,0.0002286284434376,0.0,0.9997714161872864,0.0,0.0,0.0002286284434376,0.0,0.9997506141662598,0.0,0.0,0.0002494128420948,0.0,0.9998129606246948,0.0,0.0,0.0001870596315711,0.0,0.9997506141662598,0.0,0.0,0.0002494128420948,0.0,0.9997714161872864,0.0,0.0,0.0002286284434376,0.0,0.9997298121452332,0.0,0.0,0.000270197255304,0.0,0.9997298121452332,0.0,0.0,0.000270197255304,0.0,0.9998337626457214,0.0,0.0,0.0001662752329139,0.0,0.999792218208313,0.0,0.0,0.0002078440447803,0.0,0.9997090697288512,0.0,0.0,0.0002909816685132,0.0,0.9997090697288512,0.0,0.0,0.0002909816685132,0.0,0.9997714161872864,0.0,0.0,0.0002286284434376,0.0,0.999854564666748,0.0,0.0,0.0001454908342566,0.0,0.9996467232704164,0.0,0.0,0.0003533348790369,0.0,0.9997298121452332,0.0,0.0,0.000270197255304,0.0,0.9996882677078248,0.0,0.0,0.0003117660526186,0.0,0.9998129606246948,0.0,0.0,0.0001870596315711,0.0,0.9997298121452332,0.0,0.0,0.000270197255304,0.0,0.8735477328300476,0.0151518303900957,0.0113067161291837,0.0999937653541565,0.0,0.8167231678962708,0.0141126103699207,0.0115353446453809,0.1576289236545562,0.0,0.8018207550048828,0.0131773119792342,0.0118263261392712,0.173175647854805,0.0,0.8174298405647278,0.0158792845904827,0.013052606023848,0.1536383181810379,0.0,0.7983705401420593,0.0118263261392712,0.0104753393679857,0.1793278455734253,0.0,0.8229169249534607,0.013052606023848,0.0111404405906796,0.15289007127285,0.0,0.856109619140625,0.0133020188659429,0.0099557293578982,0.1206326782703399,0.0,0.7469707131385803,0.0101012205705046,0.0103298490867018,0.2325982600450515,0.0,0.7594205737113953,0.0109949493780732,0.0117847574874758,0.2177997678518295,0.0,0.8762081265449524,0.0146530047059059,0.0097063165158033,0.0994325876235961,0.0,0.8067466616630554,0.0125329960137605,0.0104961236938834,0.1702242642641067,0.0,0.8205267190933228,0.0133851561695337,0.0112651474773883,0.1548230201005935,0.0,0.8237067461013794,0.0135722160339355,0.0118263261392712,0.1508947759866714,0.0,0.7855049967765808,0.0140502573922276,0.0124290734529495,0.1880157142877578,0.0,0.7745516300201416,0.0127408392727375,0.0112651474773883,0.2014424502849578,0.0,0.8792010545730591,0.0129071148112416,0.0095608262345194,0.098331019282341,0.0,0.7731174826622009,0.0117431879043579,0.0108910277485847,0.2042483389377594,0.0,0.8569409847259521,0.0140086887404322,0.0110157346352934,0.1180346310138702,0.0,0.7792696356773376,0.0128863304853439,0.0105792619287967,0.1972647756338119,0.0,0.7596076130867004,0.0131980963051319,0.0121588762849569,0.2150354385375976,0.0,0.8057074546813965,0.0159832071512937,0.0127408392727375,0.1655685603618621,0.0,0.7733668684959412,0.0115353446453809,0.010558477602899,0.2045393139123916,0.0,0.7924261689186096,0.011909463442862,0.0106623992323875,0.1850019842386245,0.0,0.818718433380127,0.0144243761897087,0.0118886791169643,0.1549685150384903,0.0,0.8274063467979431,0.0134059404954314,0.0116392662748694,0.1475484818220138,0.0,0.7917402982711792,0.0125953489914536,0.0113690691068768,0.1842953115701675,0.0,0.7583605647087097,0.0110988719388842,0.0107871061190962,0.2197535037994384,0.0,0.7714962959289551,0.0126577019691467,0.0108078904449939,0.2050381451845169,0.0,0.8457797765731812,0.0135514317080378,0.010558477602899,0.1301103681325912,0.0,0.8373205065727234,0.015172614715993404,0.011639266274869442,0.1358676552772522,0.0
80,0.9994596242904664,0.0,0.0,0.0005403945106081,0.0,0.9997298121452332,0.0,0.0,0.000270197255304,0.0,0.9997090697288512,0.0,0.0,0.0002909816685132,0.0,0.9997506141662598,0.0,0.0,0.0002494128420948,0.0,0.9996882677078248,0.0,0.0,0.0003117660526186,0.0,0.9997506141662598,0.0,0.0,0.0002494128420948,0.0,0.9997714161872864,0.0,0.0,0.0002286284434376,0.0,0.9997298121452332,0.0,0.0,0.000270197255304,0.0,0.9997714161872864,0.0,0.0,0.0002286284434376,0.0,0.9998337626457214,0.0,0.0,0.0001662752329139,0.0,0.999792218208313,0.0,0.0,0.0002078440447803,0.0,0.9997714161872864,0.0,0.0,0.0002286284434376,0.0,0.9997714161872864,0.0,0.0,0.0002286284434376,0.0,0.9997506141662598,0.0,0.0,0.0002494128420948,0.0,0.9998129606246948,0.0,0.0,0.0001870596315711,0.0,0.9997506141662598,0.0,0.0,0.0002494128420948,0.0,0.9997714161872864,0.0,0.0,0.0002286284434376,0.0,0.9997298121452332,0.0,0.0,0.000270197255304,0.0,0.9997298121452332,0.0,0.0,0.000270197255304,0.0,0.9998337626457214,0.0,0.0,0.0001662752329139,0.0,0.999792218208313,0.0,0.0,0.0002078440447803,0.0,0.9997090697288512,0.0,0.0,0.0002909816685132,0.0,0.9997090697288512,0.0,0.0,0.0002909816685132,0.0,0.9997714161872864,0.0,0.0,0.0002286284434376,0.0,0.999854564666748,0.0,0.0,0.0001454908342566,0.0,0.9996467232704164,0.0,0.0,0.0003533348790369,0.0,0.9997298121452332,0.0,0.0,0.000270197255304,0.0,0.9996882677078248,0.0,0.0,0.0003117660526186,0.0,0.9998129606246948,0.0,0.0,0.0001870596315711,0.0,0.9997298121452332,0.0,0.0,0.000270197255304,0.0,0.8701598644256592,0.0165028162300586,0.0107455365359783,0.1025918200612068,0.0,0.8135431408882141,0.015131046064198,0.0109325964003801,0.1603932529687881,0.0,0.7985367774963379,0.0142581015825271,0.0112235778942704,0.1759815514087677,0.0,0.814062774181366,0.0167730133980512,0.0124290734529495,0.1567351967096328,0.0,0.7955646514892578,0.0125953489914536,0.0103714177384972,0.1814686357975006,0.0,0.8195498585700989,0.0146737890318036,0.0105792619287967,0.1551971435546875,0.0,0.8537401556968689,0.0141333946958184,0.0095400419086217,0.1225864142179489,0.0,0.744663655757904,0.0105376932770013,0.0096855321899056,0.2351131737232208,0.0,0.7565938830375671,0.0123043674975633,0.0107247522100806,0.220377042889595,0.0,0.8735061287879944,0.0151518303900957,0.0097063165158033,0.1016357392072677,0.0,0.8036081790924072,0.0140294730663299,0.0098102390766143,0.1725521236658096,0.0,0.8175545334815979,0.0146530047059059,0.010558477602899,0.1572340130805969,0.0,0.820381224155426,0.0149024175480008,0.0110780876129865,0.1536383181810379,0.0,0.7828653454780579,0.0146530047059059,0.0120757389813661,0.1904059201478958,0.0,0.771371603012085,0.0138839818537235,0.0110573032870888,0.2036871612071991,0.0,0.8762704730033875,0.0138839818537235,0.0096023948863148,0.1002431809902191,0.0,0.7703739404678345,0.0127616245299577,0.0103090647608041,0.2065554112195968,0.0,0.8536362648010254,0.0151102617383003,0.0104961236938834,0.1207573860883712,0.0,0.7764430046081543,0.0136553533375263,0.0103090647608041,0.1995926350355148,0.0,0.7566977739334106,0.014091826044023,0.0115769132971763,0.2176335006952285,0.0,0.8025689721107483,0.0162741877138614,0.0126784862950444,0.1684783846139907,0.0,0.7709766626358032,0.0121796606108546,0.0101843578740954,0.2066593319177627,0.0,0.7893708944320679,0.0129902521148324,0.0102051421999931,0.1874337494373321,0.0,0.8153721690177917,0.0153804589062929,0.0111404405906796,0.1581069678068161,0.0,0.8242471218109131,0.0146945733577013,0.0112027935683727,0.1498555541038513,0.0,0.7890799045562744,0.0135098630562424,0.0101843578740954,0.1872259080410003,0.0,0.7555338740348816,0.0120549546554684,0.0102467108517885,0.2221644967794418,0.0,0.7688151001930237,0.0135930003598332,0.0100388675928115,0.2075530588626861,0.0,0.8421009182929993,0.0153181059285998,0.010454555042088,0.1321264505386352,0.0,0.8338702917098999,0.016315756365656853,0.011472990736365318,0.1383409947156906,0.0
81,0.9994596242904664,0.0,0.0,0.0005403945106081,0.0,0.9997298121452332,0.0,0.0,0.000270197255304,0.0,0.9997090697288512,0.0,0.0,0.0002909816685132,0.0,0.9997506141662598,0.0,0.0,0.0002494128420948,0.0,0.9996882677078248,0.0,0.0,0.0003117660526186,0.0,0.9997506141662598,0.0,0.0,0.0002494128420948,0.0,0.9997714161872864,0.0,0.0,0.0002286284434376,0.0,0.9997298121452332,0.0,0.0,0.000270197255304,0.0,0.9997714161872864,0.0,0.0,0.0002286284434376,0.0,0.9998337626457214,0.0,0.0,0.0001662752329139,0.0,0.999792218208313,0.0,0.0,0.0002078440447803,0.0,0.9997714161872864,0.0,0.0,0.0002286284434376,0.0,0.9997714161872864,0.0,0.0,0.0002286284434376,0.0,0.9997506141662598,0.0,0.0,0.0002494128420948,0.0,0.9998129606246948,0.0,0.0,0.0001870596315711,0.0,0.9997506141662598,0.0,0.0,0.0002494128420948,0.0,0.9997714161872864,0.0,0.0,0.0002286284434376,0.0,0.9997298121452332,0.0,0.0,0.000270197255304,0.0,0.9997298121452332,0.0,0.0,0.000270197255304,0.0,0.9998337626457214,0.0,0.0,0.0001662752329139,0.0,0.999792218208313,0.0,0.0,0.0002078440447803,0.0,0.9997090697288512,0.0,0.0,0.0002909816685132,0.0,0.9997090697288512,0.0,0.0,0.0002909816685132,0.0,0.9997714161872864,0.0,0.0,0.0002286284434376,0.0,0.999854564666748,0.0,0.0,0.0001454908342566,0.0,0.9996467232704164,0.0,0.0,0.0003533348790369,0.0,0.9997298121452332,0.0,0.0,0.000270197255304,0.0,0.9996882677078248,0.0,0.0,0.0003117660526186,0.0,0.9998129606246948,0.0,0.0,0.0001870596315711,0.0,0.9997298121452332,0.0,0.0,0.000270197255304,0.0,0.8677073121070862,0.0140086887404322,0.0128447618335485,0.1054392829537391,0.0,0.810965895652771,0.0130110373720526,0.0128239775076508,0.1631991416215896,0.0,0.7963128685951233,0.0121796606108546,0.0128239775076508,0.1786835193634033,0.0,0.811423122882843,0.0141749633476138,0.0146737890318036,0.1597281396389007,0.0,0.7937979698181152,0.0101012205705046,0.01222122926265,0.1838796287775039,0.0,0.8167231678962708,0.013052606023848,0.0122627988457679,0.1579614728689193,0.0,0.851204514503479,0.0118263261392712,0.0122420135885477,0.1247272118926048,0.0,0.7426683306694031,0.0096023948863148,0.0101427892223,0.2375865280628204,0.0,0.7539750337600708,0.0110157346352934,0.0118886791169643,0.2231205850839615,0.0,0.8714069128036499,0.0122004449367523,0.012325151823461,0.1040675118565559,0.0,0.8017584085464478,0.0115769132971763,0.0118471104651689,0.1748176217079162,0.0,0.8148317933082581,0.0125122116878628,0.0128031931817531,0.159852847456932,0.0,0.8179702162742615,0.0131980963051319,0.0125122116878628,0.1563194990158081,0.0,0.7807661294937134,0.0121173076331615,0.0137592758983373,0.1933573186397552,0.0,0.7692931294441223,0.0119302477687597,0.0119926007464528,0.206784039735794,0.0,0.8735684752464294,0.0125537803396582,0.0109949493780732,0.1028828024864196,0.0,0.768669605255127,0.0109741650521755,0.0110780876129865,0.2092781662940979,0.0,0.8514539003372192,0.0128031931817531,0.0128863304853439,0.1228566095232963,0.0,0.7744892239570618,0.0114522064104676,0.0119718164205551,0.2020867615938186,0.0,0.7545154094696045,0.0115769132971763,0.0129278991371393,0.2209797799587249,0.0,0.7997630834579468,0.0136553533375263,0.0154220275580883,0.171159565448761,0.0,0.7692723870277405,0.0097686694934964,0.0118678947910666,0.2090911120176315,0.0,0.7870638370513916,0.0112443622201681,0.0118055418133735,0.1898863166570663,0.0,0.8131898045539856,0.0126577019691467,0.0137177063152194,0.1604348123073578,0.0,0.8217945694923401,0.0129278991371393,0.0128863304853439,0.152391254901886,0.0,0.7871677279472351,0.0111404405906796,0.0119510320946574,0.1897408217191696,0.0,0.753767192363739,0.0102467108517885,0.0112651474773883,0.2247209846973419,0.0,0.7667782306671143,0.011182009242475,0.0121173076331615,0.2099224776029586,0.0,0.8397730588912964,0.0135930003598332,0.012325151823461,0.1343088150024414,0.0,0.8313553929328918,0.01359300035983324,0.01405025739222765,0.1410014033317566,0.0
82,0.9994596242904664,0.0,0.0,0.0005403945106081,0.0,0.9997298121452332,0.0,0.0,0.000270197255304,0.0,0.9997090697288512,0.0,0.0,0.0002909816685132,0.0,0.9997506141662598,0.0,0.0,0.0002494128420948,0.0,0.9996882677078248,0.0,0.0,0.0003117660526186,0.0,0.9997506141662598,0.0,0.0,0.0002494128420948,0.0,0.9997714161872864,0.0,0.0,0.0002286284434376,0.0,0.9997298121452332,0.0,0.0,0.000270197255304,0.0,0.9997714161872864,0.0,0.0,0.0002286284434376,0.0,0.9998337626457214,0.0,0.0,0.0001662752329139,0.0,0.999792218208313,0.0,0.0,0.0002078440447803,0.0,0.9997714161872864,0.0,0.0,0.0002286284434376,0.0,0.9997714161872864,0.0,0.0,0.0002286284434376,0.0,0.9997506141662598,0.0,0.0,0.0002494128420948,0.0,0.9998129606246948,0.0,0.0,0.0001870596315711,0.0,0.9997506141662598,0.0,0.0,0.0002494128420948,0.0,0.9997714161872864,0.0,0.0,0.0002286284434376,0.0,0.9997298121452332,0.0,0.0,0.000270197255304,0.0,0.9997298121452332,0.0,0.0,0.000270197255304,0.0,0.9998337626457214,0.0,0.0,0.0001662752329139,0.0,0.999792218208313,0.0,0.0,0.0002078440447803,0.0,0.9997090697288512,0.0,0.0,0.0002909816685132,0.0,0.9997090697288512,0.0,0.0,0.0002909816685132,0.0,0.9997714161872864,0.0,0.0,0.0002286284434376,0.0,0.999854564666748,0.0,0.0,0.0001454908342566,0.0,0.9996467232704164,0.0,0.0,0.0003533348790369,0.0,0.9997298121452332,0.0,0.0,0.000270197255304,0.0,0.9996882677078248,0.0,0.0,0.0003117660526186,0.0,0.9998129606246948,0.0,0.0,0.0001870596315711,0.0,0.9997298121452332,0.0,0.0,0.000270197255304,0.0,0.8628437519073486,0.0142996702343225,0.0153596745803952,0.107496939599514,0.0,0.8062478303909302,0.013364371843636,0.0152557529509067,0.1651320904493332,0.0,0.7928211092948914,0.0120341703295707,0.0140086887404322,0.1811360865831375,0.0,0.8063725233078003,0.01481928024441,0.0165028162300586,0.1623054146766662,0.0,0.7904101014137268,0.0104129863902926,0.0131357433274388,0.1860412061214447,0.0,0.812774121761322,0.0136137846857309,0.0133435875177383,0.1602685451507568,0.0,0.8467981815338135,0.0124914264306426,0.0139255505055189,0.126784861087799,0.0,0.739841639995575,0.0095816105604171,0.0109533807262778,0.2396233975887298,0.0,0.7502338290214539,0.0118471104651689,0.0122627988457679,0.2256562709808349,0.0,0.8668343424797058,0.0129278991371393,0.0141541790217161,0.1060836017131805,0.0,0.7979340553283691,0.0117847574874758,0.0132396649569273,0.1770415604114532,0.0,0.8106957077980042,0.0134267248213291,0.013676137663424,0.1622014939785003,0.0,0.8139380216598511,0.0131980963051319,0.0139879044145345,0.1588759869337082,0.0,0.7761104106903076,0.0129694677889347,0.0148816332221031,0.1960384994745254,0.0,0.7656558752059937,0.0121173076331615,0.0131149590015411,0.2091118842363357,0.0,0.869328498840332,0.013364371843636,0.0127824088558554,0.1045247688889503,0.0,0.7653440833091736,0.0109118120744824,0.0121796606108546,0.2115644514560699,0.0,0.8467358350753784,0.0135306473821401,0.014507514424622,0.1252260357141494,0.0,0.7708519697189331,0.0112651474773883,0.0134267248213291,0.2044561803340912,0.0,0.7507742643356323,0.0120757389813661,0.0134890787303447,0.2236609756946563,0.0,0.7950242161750793,0.014403591863811,0.016544384881854,0.1740278154611587,0.0,0.7660923600196838,0.0096439635381102,0.0127408392727375,0.2115228772163391,0.0,0.7832810282707214,0.0116184819489717,0.0129071148112416,0.1921933889389038,0.0,0.8087003827095032,0.013364371843636,0.0149647705256938,0.1629705131053924,0.0,0.8178247213363647,0.0129902521148324,0.0138424132019281,0.1553426384925842,0.0,0.7833434343338013,0.0117847574874758,0.0128031931817531,0.1920686811208725,0.0,0.750607967376709,0.0104337707161903,0.0122004449367523,0.2267578542232513,0.0,0.7635566592216492,0.0110573032870888,0.0133228031918406,0.212063267827034,0.0,0.8354499340057373,0.0138424132019281,0.0142373172566294,0.1364703923463821,0.0,0.8262631893157959,0.01463222038000822,0.015546734444797039,0.14355787634849548,0.0
83,0.9994596242904664,0.0,0.0,0.0005403945106081,0.0,0.9997298121452332,0.0,0.0,0.000270197255304,0.0,0.9997090697288512,0.0,0.0,0.0002909816685132,0.0,0.9997506141662598,0.0,0.0,0.0002494128420948,0.0,0.9996882677078248,0.0,0.0,0.0003117660526186,0.0,0.9997506141662598,0.0,0.0,0.0002494128420948,0.0,0.9997714161872864,0.0,0.0,0.0002286284434376,0.0,0.9997298121452332,0.0,0.0,0.000270197255304,0.0,0.9997714161872864,0.0,0.0,0.0002286284434376,0.0,0.9998337626457214,0.0,0.0,0.0001662752329139,0.0,0.999792218208313,0.0,0.0,0.0002078440447803,0.0,0.9997714161872864,0.0,0.0,0.0002286284434376,0.0,0.9997714161872864,0.0,0.0,0.0002286284434376,0.0,0.9997506141662598,0.0,0.0,0.0002494128420948,0.0,0.9998129606246948,0.0,0.0,0.0001870596315711,0.0,0.9997506141662598,0.0,0.0,0.0002494128420948,0.0,0.9997714161872864,0.0,0.0,0.0002286284434376,0.0,0.9997298121452332,0.0,0.0,0.000270197255304,0.0,0.9997298121452332,0.0,0.0,0.000270197255304,0.0,0.9998337626457214,0.0,0.0,0.0001662752329139,0.0,0.999792218208313,0.0,0.0,0.0002078440447803,0.0,0.9997090697288512,0.0,0.0,0.0002909816685132,0.0,0.9997090697288512,0.0,0.0,0.0002909816685132,0.0,0.9997714161872864,0.0,0.0,0.0002286284434376,0.0,0.999854564666748,0.0,0.0,0.0001454908342566,0.0,0.9996467232704164,0.0,0.0,0.0003533348790369,0.0,0.9997298121452332,0.0,0.0,0.000270197255304,0.0,0.9996882677078248,0.0,0.0,0.0003117660526186,0.0,0.9998129606246948,0.0,0.0,0.0001870596315711,0.0,0.9997298121452332,0.0,0.0,0.000270197255304,0.0,0.857460618019104,0.0160871297121047,0.0173757616430521,0.109076552093029,0.0,0.801301121711731,0.0154220275580883,0.0164612475782632,0.1668156236410141,0.0,0.7882277369499207,0.0135930003598332,0.0154428118839859,0.1827364861965179,0.0,0.800906240940094,0.0165236014872789,0.0185189042240381,0.1640512943267822,0.0,0.786648154258728,0.0117224035784602,0.0142581015825271,0.1873714029788971,0.0,0.807806670665741,0.0151102617383003,0.01481928024441,0.1622638404369354,0.0,0.84050053358078,0.0156090874224901,0.0154220275580883,0.1284684091806411,0.0,0.7364745736122131,0.0104961236938834,0.012013386003673,0.2410159558057785,0.0,0.7470330595970154,0.0123875048011541,0.0132396649569273,0.227339819073677,0.0,0.8613888621330261,0.01481928024441,0.0164404641836881,0.1073514446616172,0.0,0.7947956323623657,0.0119510320946574,0.0147984959185123,0.1784548908472061,0.0,0.8066427111625671,0.0138839818537235,0.0155259501188993,0.1639473736286163,0.0,0.8093862533569336,0.0143204545602202,0.0156714413315057,0.1606218814849853,0.0,0.7713092565536499,0.0141957476735115,0.0162741877138614,0.1982208639383316,0.0,0.7616860866546631,0.0128655461594462,0.0147361429408192,0.2107122838497162,0.0,0.8642362952232361,0.0149647705256938,0.0149232018738985,0.1058757528662681,0.0,0.761374294757843,0.0117431879043579,0.0137177063152194,0.2131648510694503,0.0,0.8413110971450806,0.0156298726797103,0.0163365416228771,0.126722514629364,0.0,0.7669029235839844,0.0123667204752564,0.0149232018738985,0.205807164311409,0.0,0.74640953540802,0.0131980963051319,0.015193399041891,0.2251990139484405,0.0,0.7892877459526062,0.0164196789264678,0.0185604728758335,0.175732135772705,0.0,0.7621848583221436,0.011182009242475,0.0133435875177383,0.2132895588874817,0.0,0.7799763083457947,0.0124498577788472,0.0139047661796212,0.1936690807342529,0.0,0.8036705255508423,0.0150479087606072,0.0167522300034761,0.164529338479042,0.0,0.8129611611366272,0.0144451605156064,0.0154220275580883,0.1571716666221618,0.0,0.7793320417404175,0.0124082891270518,0.0145906517282128,0.1936690807342529,0.0,0.7476150393486023,0.0107455365359783,0.0131773119792342,0.2284621745347976,0.0,0.759566068649292,0.0119302477687597,0.0149024175480008,0.2136013209819793,0.0,0.8305863738059998,0.015193399041891,0.0156922247260808,0.1385280489921569,0.0,0.8209424018859863,0.016378110274672508,0.01752125285565853,0.14515827596187592,0.0
84,0.9994596242904664,0.0,0.0,0.0005403945106081,0.0,0.9997298121452332,0.0,0.0,0.000270197255304,0.0,0.9997090697288512,0.0,0.0,0.0002909816685132,0.0,0.9997506141662598,0.0,0.0,0.0002494128420948,0.0,0.9996882677078248,0.0,0.0,0.0003117660526186,0.0,0.9997506141662598,0.0,0.0,0.0002494128420948,0.0,0.9997714161872864,0.0,0.0,0.0002286284434376,0.0,0.9997298121452332,0.0,0.0,0.000270197255304,0.0,0.9997714161872864,0.0,0.0,0.0002286284434376,0.0,0.9998337626457214,0.0,0.0,0.0001662752329139,0.0,0.999792218208313,0.0,0.0,0.0002078440447803,0.0,0.9997714161872864,0.0,0.0,0.0002286284434376,0.0,0.9997714161872864,0.0,0.0,0.0002286284434376,0.0,0.9997506141662598,0.0,0.0,0.0002494128420948,0.0,0.9998129606246948,0.0,0.0,0.0001870596315711,0.0,0.9997506141662598,0.0,0.0,0.0002494128420948,0.0,0.9997714161872864,0.0,0.0,0.0002286284434376,0.0,0.9997298121452332,0.0,0.0,0.000270197255304,0.0,0.9997298121452332,0.0,0.0,0.000270197255304,0.0,0.9998337626457214,0.0,0.0,0.0001662752329139,0.0,0.999792218208313,0.0,0.0,0.0002078440447803,0.0,0.9997090697288512,0.0,0.0,0.0002909816685132,0.0,0.9997090697288512,0.0,0.0,0.0002909816685132,0.0,0.9997714161872864,0.0,0.0,0.0002286284434376,0.0,0.999854564666748,0.0,0.0,0.0001454908342566,0.0,0.9996467232704164,0.0,0.0,0.0003533348790369,0.0,0.9997298121452332,0.0,0.0,0.000270197255304,0.0,0.9996882677078248,0.0,0.0,0.0003117660526186,0.0,0.9998129606246948,0.0,0.0,0.0001870596315711,0.0,0.9997298121452332,0.0,0.0,0.000270197255304,0.0,0.8504562377929688,0.0197036154568195,0.0185396876186132,0.1113004833459854,0.0,0.7955853939056396,0.0179577246308326,0.0172926243394613,0.1691642701625824,0.0,0.7829692959785461,0.0155675187706947,0.0164612475782632,0.1850019842386245,0.0,0.7942344546318054,0.0198283214122056,0.0192463584244251,0.1666909158229828,0.0,0.7816598415374756,0.0139047661796212,0.0146322203800082,0.1898031830787658,0.0,0.8016960620880127,0.0178538039326667,0.0164196789264678,0.164030522108078,0.0,0.835345983505249,0.0183941982686519,0.0156714413315057,0.130588412284851,0.0,0.7330451607704163,0.0116184819489717,0.0124082891270518,0.2429281175136566,0.0,0.743312656879425,0.0132812345400452,0.0138216288760304,0.2295845299959182,0.0,0.8551951050758362,0.018311059102416,0.0173549782484769,0.1091389060020446,0.0,0.7893708944320679,0.0142373172566294,0.0156714413315057,0.1807203888893127,0.0,0.8009477853775024,0.0166067387908697,0.0163573268800973,0.1660881787538528,0.0,0.8030470013618469,0.0173341929912567,0.0168977212160825,0.1627210974693298,0.0,0.7659676671028137,0.0168977212160825,0.0166898760944604,0.2004447877407074,0.0,0.7568017244338989,0.0145698674023151,0.0159208532422781,0.2127075940370559,0.0,0.857273519039154,0.0189969446510076,0.0158377159386873,0.1078918427228927,0.0,0.7569680213928223,0.0134059404954314,0.0144867300987243,0.2151393741369247,0.0,0.8342236280441284,0.0194126330316066,0.0173134077340364,0.1290503591299057,0.0,0.7619562745094299,0.0144867300987243,0.0157130099833011,0.2078440338373184,0.0,0.741254985332489,0.0154428118839859,0.0161079131066799,0.2271943241357803,0.0,0.7824496626853943,0.0201193038374185,0.0191216524690389,0.1783093959093094,0.0,0.7580280303955078,0.012948683463037,0.0139255505055189,0.2150977998971939,0.0,0.7749673128128052,0.014403591863811,0.0149647705256938,0.1956643760204315,0.0,0.797102689743042,0.0182694904506206,0.0177706647664308,0.1668571978807449,0.0,0.8073078393936157,0.0169392898678779,0.0165651701390743,0.1591877490282058,0.0,0.7747386693954468,0.0143412388861179,0.0152557529509067,0.1956643760204315,0.0,0.7433958053588867,0.0121380919590592,0.0139255505055189,0.2305406033992767,0.0,0.7552013397216797,0.0136137846857309,0.0153388902544975,0.2158460319042205,0.0,0.8242263197898865,0.0178745873272418,0.0172302704304456,0.1406688541173935,0.0,0.8143537640571594,0.019516555592417717,0.018622826784849167,0.1475069224834442,0.0
85,0.9994596242904664,0.0,0.0,0.0005403945106081,0.0,0.9997298121452332,0.0,0.0,0.000270197255304,0.0,0.9997090697288512,0.0,0.0,0.0002909816685132,0.0,0.9997506141662598,0.0,0.0,0.0002494128420948,0.0,0.9996882677078248,0.0,0.0,0.0003117660526186,0.0,0.9997506141662598,0.0,0.0,0.0002494128420948,0.0,0.9997714161872864,0.0,0.0,0.0002286284434376,0.0,0.9997298121452332,0.0,0.0,0.000270197255304,0.0,0.9997714161872864,0.0,0.0,0.0002286284434376,0.0,0.9998337626457214,0.0,0.0,0.0001662752329139,0.0,0.999792218208313,0.0,0.0,0.0002078440447803,0.0,0.9997714161872864,0.0,0.0,0.0002286284434376,0.0,0.9997714161872864,0.0,0.0,0.0002286284434376,0.0,0.9997506141662598,0.0,0.0,0.0002494128420948,0.0,0.9998129606246948,0.0,0.0,0.0001870596315711,0.0,0.9997506141662598,0.0,0.0,0.0002494128420948,0.0,0.9997714161872864,0.0,0.0,0.0002286284434376,0.0,0.9997298121452332,0.0,0.0,0.000270197255304,0.0,0.9997298121452332,0.0,0.0,0.000270197255304,0.0,0.9998337626457214,0.0,0.0,0.0001662752329139,0.0,0.999792218208313,0.0,0.0,0.0002078440447803,0.0,0.9997090697288512,0.0,0.0,0.0002909816685132,0.0,0.9997090697288512,0.0,0.0,0.0002909816685132,0.0,0.9997714161872864,0.0,0.0,0.0002286284434376,0.0,0.999854564666748,0.0,0.0,0.0001454908342566,0.0,0.9996467232704164,0.0,0.0,0.0003533348790369,0.0,0.9997298121452332,0.0,0.0,0.000270197255304,0.0,0.9996882677078248,0.0,0.0,0.0003117660526186,0.0,0.9998129606246948,0.0,0.0,0.0001870596315711,0.0,0.9997298121452332,0.0,0.0,0.000270197255304,0.0,0.843410313129425,0.0242969691753387,0.0189553759992122,0.1133373528718948,0.0,0.789495587348938,0.0214702896773815,0.0177083127200603,0.1713258475065231,0.0,0.7772951722145081,0.0190177299082279,0.0164820328354835,0.1872051209211349,0.0,0.7871053814888,0.0243177525699138,0.0194126330316066,0.1691642701625824,0.0,0.7774822115898132,0.0163157563656568,0.0143620232120156,0.1918400526046753,0.0,0.795814037322998,0.020909110084176,0.0175004675984382,0.1657764017581939,0.0,0.8293185234069824,0.0218859780579805,0.0166690926998853,0.1321264505386352,0.0,0.7286596298217773,0.0140086887404322,0.0125329960137605,0.2447987049818039,0.0,0.7392389178276062,0.0147361429408192,0.0149232018738985,0.2311017960309982,0.0,0.8489805459976196,0.0224263723939657,0.0172510556876659,0.1113420501351356,0.0,0.7833849787712097,0.0183734130114316,0.0158792845904827,0.182362362742424,0.0,0.7945254445075989,0.0203063637018203,0.0173757616430521,0.1677924990653991,0.0,0.7966246604919434,0.0213455837219953,0.0173134077340364,0.1647164076566696,0.0,0.7603558301925659,0.0204102843999862,0.0167522300034761,0.202481672167778,0.0,0.7513354420661926,0.0179577246308326,0.0159624218940734,0.2147444635629654,0.0,0.8511837124824524,0.0223848037421703,0.0165859553962945,0.1098455786705017,0.0,0.7522706985473633,0.0163988955318927,0.014465944841504,0.2168644666671753,0.0,0.8280506730079651,0.023403238505125,0.0172926243394613,0.1312535107135772,0.0,0.7571550607681274,0.0173341929912567,0.0156090874224901,0.2099016904830932,0.0,0.7363290786743164,0.0181863531470298,0.0162741877138614,0.2292104065418243,0.0,0.7759025692939758,0.0238604955375194,0.0190800838172435,0.1811568737030029,0.0,0.7536216974258423,0.0156506560742855,0.0138839818537235,0.216843694448471,0.0,0.7700414061546326,0.0170224271714687,0.0152973216027021,0.1976388990879058,0.0,0.7902646064758301,0.0229251980781555,0.0175628215074539,0.1692474037408828,0.0,0.8010724782943726,0.0207220502197742,0.0171471331268548,0.1610583513975143,0.0,0.7696672677993774,0.0175004675984382,0.0154220275580883,0.1974102705717086,0.0,0.7391765713691711,0.0145906517282128,0.0138216288760304,0.2324112057685852,0.0,0.7496311068534851,0.0171471331268548,0.0156298726797103,0.2175919264554977,0.0,0.8178455233573914,0.0219275467097759,0.0176459588110446,0.1425810158252716,0.0,0.8076611757278442,0.023694220930337906,0.018830670043826103,0.14981397986412048,0.0
86,0.9818552732467652,0.0,0.0,0.0181447844952344,0.0,0.982125461101532,0.0,0.0,0.0178745873272418,0.0,0.9821046590805054,0.0,0.0,0.0178953725844621,0.0,0.9821462035179138,0.0,0.0,0.0178538039326667,0.0,0.9820838570594788,0.0,0.0,0.0179161559790372,0.0,0.9821462035179138,0.0,0.0,0.0178538039326667,0.0,0.9821670055389404,0.0,0.0,0.0178330186754465,0.0,0.982125461101532,0.0,0.0,0.0178745873272418,0.0,0.9821670055389404,0.0,0.0,0.0178330186754465,0.0,0.9822293519973756,0.0,0.0,0.0177706647664308,0.0,0.982187807559967,0.0,0.0,0.0178122334182262,0.0,0.9821670055389404,0.0,0.0,0.0178330186754465,0.0,0.9821670055389404,0.0,0.0,0.0178330186754465,0.0,0.9821462035179138,0.0,0.0,0.0178538039326667,0.0,0.9822086095809937,0.0,0.0,0.0177914500236511,0.0,0.9821462035179138,0.0,0.0,0.0178538039326667,0.0,0.9821670055389404,0.0,0.0,0.0178330186754465,0.0,0.982125461101532,0.0,0.0,0.0178745873272418,0.0,0.982125461101532,0.0,0.0,0.0178745873272418,0.0,0.9822293519973756,0.0,0.0,0.0177706647664308,0.0,0.982187807559967,0.0,0.0,0.0178122334182262,0.0,0.9821046590805054,0.0,0.0,0.0178953725844621,0.0,0.9821046590805054,0.0,0.0,0.0178953725844621,0.0,0.9821670055389404,0.0,0.0,0.0178330186754465,0.0,0.982250154018402,0.0,0.0,0.0177498813718557,0.0,0.9820423126220704,0.0,0.0,0.0179577246308326,0.0,0.982125461101532,0.0,0.0,0.0178745873272418,0.0,0.9820838570594788,0.0,0.0,0.0179161559790372,0.0,0.9822086095809937,0.0,0.0,0.0177914500236511,0.0,0.982125461101532,0.0,0.0,0.0178745873272418,0.0,0.8189055323600769,0.0263338405638933,0.0188722386956214,0.1357429474592209,0.0001454908342566,0.7654064893722534,0.0232369638979434,0.0177290961146354,0.1934612393379211,0.0001662752329139,0.7539334893226624,0.0212832298129796,0.0156714413315057,0.2089664041996002,0.0001454908342566,0.7626421451568604,0.0261259954422712,0.0192255731672048,0.1918400526046753,0.0001662752329139,0.7560950517654419,0.0167106613516807,0.0134890787303447,0.2135597467422485,0.0001454908342566,0.7728680372238159,0.0223016664385795,0.0170016419142484,0.1877663135528564,6.235321052372456e-05,0.8053748607635498,0.023818926885724,0.016232619062066,0.1545320451259613,4.156880822847597e-05,0.7072517275810242,0.0149855557829141,0.0124290734529495,0.2652921378612518,4.156880822847597e-05,0.7170827388763428,0.015546734444797,0.0147569272667169,0.2526136338710785,0.0,0.8244549632072449,0.0247750096023082,0.0167730133980512,0.1338099986314773,0.0001870596315711,0.7600856423377991,0.0202440097928047,0.0154012432321906,0.2041028439998626,0.0001662752329139,0.7708935737609863,0.0221977438777685,0.0166483074426651,0.1900941580533981,0.0001662752329139,0.7725978493690491,0.0237357895821332,0.0172302704304456,0.1862490475177765,0.0001870596315711,0.7369526028633118,0.0215534269809722,0.0167730133980512,0.2245339155197143,0.0001870596315711,0.7288259267807007,0.0192255731672048,0.0155675187706947,0.2361939698457718,0.0001870596315711,0.8269075155258179,0.0248165782541036,0.0167937986552715,0.1311495900154113,0.0003325504658278,0.7308627963066101,0.0168769359588623,0.0142996702343225,0.2378982901573181,6.235321052372456e-05,0.804003119468689,0.0251283440738916,0.0175212528556585,0.1533057689666748,4.156880822847597e-05,0.7350404262542725,0.0182071384042501,0.0150894774124026,0.2315798252820968,8.313761645695195e-05,0.7141313552856445,0.019038513302803,0.0153181059285998,0.2513458132743835,0.0001662752329139,0.7521044611930847,0.0253154039382934,0.0183941982686519,0.204061284661293,0.0001247064210474,0.7312161326408386,0.017271839082241,0.012948683463037,0.2385010421276092,6.235321052372456e-05,0.7474902868270874,0.0181863531470298,0.0150271244347095,0.2191923260688781,0.0001039220223901,0.7671731114387512,0.0239228494465351,0.0171471331268548,0.1915906369686126,0.0001662752329139,0.7777108550071716,0.0225095096975564,0.0168977212160825,0.1827780455350875,0.0001039220223901,0.7465965747833252,0.019142435863614,0.0149647705256938,0.2191923260688781,0.0001039220223901,0.7171450853347778,0.0158585011959075,0.0134059404954314,0.253445029258728,0.0001454908342566,0.7271631360054016,0.0187891013920307,0.014403591863811,0.2395194768905639,0.0001247064210474,0.793694019317627,0.0241514779627323,0.0179161559790372,0.1641967892646789,4.156880822847597e-05,0.7835512757301331,0.02510756067931652,0.018685178831219673,0.17242741584777832,0.00022862844343762845
87,0.9817721247673036,0.0,0.0,0.0182279217988252,0.0,0.9820423126220704,0.0,0.0,0.0179577246308326,0.0,0.9820215106010436,0.0,0.0,0.0179785098880529,0.0,0.9820631146430968,0.0,0.0,0.0179369412362575,0.0,0.982000768184662,0.0,0.0,0.017999293282628,0.0,0.9820631146430968,0.0,0.0,0.0179369412362575,0.0,0.9820838570594788,0.0,0.0,0.0179161559790372,0.0,0.9820423126220704,0.0,0.0,0.0179577246308326,0.0,0.9820838570594788,0.0,0.0,0.0179161559790372,0.0,0.9821462035179138,0.0,0.0,0.0178538039326667,0.0,0.9821046590805054,0.0,0.0,0.0178953725844621,0.0,0.9820838570594788,0.0,0.0,0.0179161559790372,0.0,0.9820838570594788,0.0,0.0,0.0179161559790372,0.0,0.9820631146430968,0.0,0.0,0.0179369412362575,0.0,0.982125461101532,0.0,0.0,0.0178745873272418,0.0,0.9820631146430968,0.0,0.0,0.0179369412362575,0.0,0.9820838570594788,0.0,0.0,0.0179161559790372,0.0,0.9820423126220704,0.0,0.0,0.0179577246308326,0.0,0.9820423126220704,0.0,0.0,0.0179577246308326,0.0,0.9821462035179138,0.0,0.0,0.0178538039326667,0.0,0.9821046590805054,0.0,0.0,0.0178953725844621,0.0,0.9820215106010436,0.0,0.0,0.0179785098880529,0.0,0.9820215106010436,0.0,0.0,0.0179785098880529,0.0,0.9820838570594788,0.0,0.0,0.0179161559790372,0.0,0.9821670055389404,0.0,0.0,0.0178330186754465,0.0,0.9819591641426086,0.0,0.0,0.0180408619344234,0.0,0.9820423126220704,0.0,0.0,0.0179577246308326,0.0,0.982000768184662,0.0,0.0,0.017999293282628,0.0,0.982125461101532,0.0,0.0,0.0178745873272418,0.0,0.9820423126220704,0.0,0.0,0.0179577246308326,0.0,0.811672568321228,0.0281005147844553,0.0196828301995992,0.1403986513614654,0.0001454908342566,0.7589009404182434,0.0247126556932926,0.018311059102416,0.1979091018438339,0.0001662752329139,0.7489036321640015,0.021636564284563,0.0166275240480899,0.2126868069171905,0.0001454908342566,0.7557209134101868,0.0274977665394544,0.0202855784446001,0.1963294744491577,0.0001662752329139,0.7516471743583679,0.0173134077340364,0.0141749633476138,0.2167189866304397,0.0001454908342566,0.7676095962524414,0.0225095096975564,0.0185812581330537,0.1912373006343841,6.235321052372456e-05,0.7992434501647949,0.0235695149749517,0.0187891013920307,0.1583563685417175,4.156880822847597e-05,0.7033650279045105,0.0154220275580883,0.012948683463037,0.2682227492332458,4.156880822847597e-05,0.7126972079277039,0.0166483074426651,0.0150479087606072,0.2556065917015075,0.0,0.8179702162742615,0.0257310923188924,0.0183734130114316,0.1377382427453994,0.0001870596315711,0.754868745803833,0.0222393125295639,0.0149232018738985,0.2078024744987487,0.0001662752329139,0.7647829055786133,0.0241722613573074,0.0174796842038631,0.1933988779783249,0.0001662752329139,0.7669029235839844,0.0247957948595285,0.0177498813718557,0.1903643608093261,0.0001870596315711,0.7316318154335022,0.0219898987561464,0.0177706647664308,0.2284206002950668,0.0001870596315711,0.7241702079772949,0.0198283214122056,0.0160871297121047,0.2397273182868957,0.0001870596315711,0.8206722140312195,0.0258765835314989,0.0184565503150224,0.1346621513366699,0.0003325504658278,0.7266435623168945,0.0170432105660438,0.0148816332221031,0.241369292140007,6.235321052372456e-05,0.7973728775978088,0.0262507032603025,0.0189553759992122,0.1573795080184936,4.156880822847597e-05,0.7307796478271484,0.0184357669204473,0.0152141833677887,0.2354872971773147,8.313761645695195e-05,0.7097042798995972,0.0190177299082279,0.0164404641836881,0.2546713054180145,0.0001662752329139,0.7461393475532532,0.0254608951508998,0.0201400872319936,0.2081350237131118,0.0001247064210474,0.7265396118164062,0.0179577246308326,0.0135514317080378,0.2418888956308365,6.235321052372456e-05,0.7425851821899414,0.0197036154568195,0.0149232018738985,0.2226841002702713,0.0001039220223901,0.7611664533615112,0.0248165782541036,0.0183941982686519,0.1954565346240997,0.0001662752329139,0.7712261080741882,0.0240475554019212,0.0178538039326667,0.1867686510086059,0.0001039220223901,0.7415459752082825,0.0200985185801982,0.0157961472868919,0.2224554717540741,0.0001039220223901,0.7129050493240356,0.0170224271714687,0.0134267248213291,0.2565003335475921,0.0001454908342566,0.7225490212440491,0.0193294957280159,0.0150479087606072,0.242948904633522,0.0001247064210474,0.7866065502166748,0.0262922719120979,0.0187059640884399,0.1683536767959594,4.156880822847597e-05,0.7768794298171997,0.026375409215688705,0.019953027367591858,0.17656351625919342,0.00022862844343762845
88,0.9714630246162416,0.0,0.0,0.0285369865596294,0.0,0.9717332720756532,0.0,0.0,0.0282667893916368,0.0,0.9717124700546264,0.0,0.0,0.0282875746488571,0.0,0.9717540144920348,0.0,0.0,0.0282460059970617,0.0,0.9716916680336,0.0,0.0,0.0283083580434322,0.0,0.9717540144920348,0.0,0.0,0.0282460059970617,0.0,0.9717748165130616,0.0,0.0,0.0282252207398414,0.0,0.9717332720756532,0.0,0.0,0.0282667893916368,0.0,0.9717748165130616,0.0,0.0,0.0282252207398414,0.0,0.9718371629714966,0.0,0.0,0.0281628668308258,0.0,0.971795618534088,0.0,0.0,0.0282044354826211,0.0,0.9717748165130616,0.0,0.0,0.0282252207398414,0.0,0.9717748165130616,0.0,0.0,0.0282252207398414,0.0,0.9717540144920348,0.0,0.0,0.0282460059970617,0.0,0.97181636095047,0.0,0.0,0.028183652088046,0.0,0.9717540144920348,0.0,0.0,0.0282460059970617,0.0,0.9717748165130616,0.0,0.0,0.0282252207398414,0.0,0.9717332720756532,0.0,0.0,0.0282667893916368,0.0,0.9717332720756532,0.0,0.0,0.0282667893916368,0.0,0.9718371629714966,0.0,0.0,0.0281628668308258,0.0,0.971795618534088,0.0,0.0,0.0282044354826211,0.0,0.9717124700546264,0.0,0.0,0.0282875746488571,0.0,0.9717124700546264,0.0,0.0,0.0282875746488571,0.0,0.9717748165130616,0.0,0.0,0.0282252207398414,0.0,0.9718579649925232,0.0,0.0,0.0281420834362506,0.0,0.9716501235961914,0.0,0.0,0.0283499266952276,0.0,0.9717332720756532,0.0,0.0,0.0282667893916368,0.0,0.9716916680336,0.0,0.0,0.0283083580434322,0.0,0.97181636095047,0.0,0.0,0.028183652088046,0.0,0.9717332720756532,0.0,0.0,0.0282667893916368,0.0,0.7934446334838867,0.0290150288492441,0.023091472685337,0.154241070151329,0.0002078440447803,0.7421486973762512,0.0254401098936796,0.0211377386003732,0.2110448330640792,0.0002286284434376,0.7331075072288513,0.0218651928007602,0.0188514553010463,0.225988820195198,0.0001870596315711,0.7384698987007141,0.027767963707447,0.0231953952461481,0.2102550268173217,0.0003117660526186,0.7365369200706482,0.0171263497322797,0.0167106613516807,0.2293766885995865,0.0002494128420948,0.7507119178771973,0.022987550124526,0.021220875903964,0.2049550116062164,0.0001247064210474,0.7811402678489685,0.026209132745862,0.0207636188715696,0.1717207431793213,0.0001662752329139,0.6888990998268127,0.0161494817584753,0.0139255505055189,0.2809427976608276,8.313761645695195e-05,0.6981273293495178,0.0171887017786502,0.0161079131066799,0.2685345113277435,4.156880822847597e-05,0.7998462319374084,0.027352275326848,0.0210130326449871,0.1514767408370971,0.0003117660526186,0.7391349673271179,0.0222393125295639,0.0173757616430521,0.2210421413183212,0.0002078440447803,0.7494440674781799,0.023507161065936,0.0195789095014333,0.2071997225284576,0.000270197255304,0.7500052452087402,0.0250452067703008,0.0206596981734037,0.2040820568799972,0.0002078440447803,0.7165631055831909,0.0214079357683658,0.0195373389869928,0.2421590983867645,0.0003325504658278,0.7086858153343201,0.0201193038374185,0.0177498813718557,0.2532163858413696,0.0002286284434376,0.80296391248703,0.026313055306673,0.0219275467097759,0.148421436548233,0.0003741192631423,0.7116371989250183,0.0173341929912567,0.0161494817584753,0.2547544538974762,0.0001247064210474,0.7793112397193909,0.0269158035516738,0.0227173529565334,0.1709309369325637,0.0001247064210474,0.7152537107467651,0.0187059640884399,0.0173134077340364,0.2485399097204208,0.0001870596315711,0.6940743923187256,0.0191840045154094,0.0183526296168565,0.2682019472122192,0.0001870596315711,0.728036105632782,0.026416977867484,0.0232577472925186,0.2220605760812759,0.0002286284434376,0.7122399806976318,0.0177914500236511,0.0153388902544975,0.2544634640216827,0.0001662752329139,0.72757887840271,0.0193918496370315,0.0174588989466428,0.2353210300207138,0.0002494128420948,0.7447675466537476,0.0243385378271341,0.0216157808899879,0.2090495377779007,0.0002286284434376,0.7548895478248596,0.0244216751307249,0.0200985185801982,0.2004240155220031,0.0001662752329139,0.7255004048347473,0.0212416611611843,0.0170016419142484,0.236048474907875,0.0002078440447803,0.6982520818710327,0.0171471331268548,0.0149647705256938,0.2694074511528015,0.0002286284434376,0.707210123538971,0.0199945960193872,0.0162949729710817,0.2563132643699646,0.0001870596315711,0.7701245546340942,0.0261052120476961,0.0215534269809722,0.1821129471063614,0.0001039220223901,0.7588385939598083,0.02751855179667473,0.022966766729950905,0.19034357368946075,0.0003325504658278078
89,0.9713383316993712,0.0,0.0,0.0286616925150156,0.0,0.9716085195541382,0.0,0.0,0.028391495347023,0.0,0.9715877771377563,0.0,0.0,0.0284122806042432,0.0,0.9716293215751648,0.0,0.0,0.0283707119524478,0.0,0.9715669751167296,0.0,0.0,0.0284330639988183,0.0,0.9716293215751648,0.0,0.0,0.0283707119524478,0.0,0.9716501235961914,0.0,0.0,0.0283499266952276,0.0,0.9716085195541382,0.0,0.0,0.028391495347023,0.0,0.9716501235961914,0.0,0.0,0.0283499266952276,0.0,0.9717124700546264,0.0,0.0,0.0282875746488571,0.0,0.9716708660125732,0.0,0.0,0.0283291433006525,0.0,0.9716501235961914,0.0,0.0,0.0283499266952276,0.0,0.9716501235961914,0.0,0.0,0.0283499266952276,0.0,0.9716293215751648,0.0,0.0,0.0283707119524478,0.0,0.9716916680336,0.0,0.0,0.0283083580434322,0.0,0.9716293215751648,0.0,0.0,0.0283707119524478,0.0,0.9716501235961914,0.0,0.0,0.0283499266952276,0.0,0.9716085195541382,0.0,0.0,0.028391495347023,0.0,0.9716085195541382,0.0,0.0,0.028391495347023,0.0,0.9717124700546264,0.0,0.0,0.0282875746488571,0.0,0.9716708660125732,0.0,0.0,0.0283291433006525,0.0,0.9715877771377563,0.0,0.0,0.0284122806042432,0.0,0.9715877771377563,0.0,0.0,0.0284122806042432,0.0,0.9716501235961914,0.0,0.0,0.0283499266952276,0.0,0.9717332720756532,0.0,0.0,0.0282667893916368,0.0,0.9715254306793212,0.0,0.0,0.0284746345132589,0.0,0.9716085195541382,0.0,0.0,0.028391495347023,0.0,0.9715669751167296,0.0,0.0,0.0284330639988183,0.0,0.9716916680336,0.0,0.0,0.0283083580434322,0.0,0.9716085195541382,0.0,0.0,0.028391495347023,0.0,0.7837591171264648,0.0315299406647682,0.0267495289444923,0.1577536314725875,0.0002078440447803,0.7337310314178467,0.0276432577520608,0.0240475554019212,0.214349552989006,0.0002286284434376,0.7254796028137207,0.0236942209303379,0.0212416611611843,0.2293974608182907,0.0001870596315711,0.7305094599723816,0.0284746345132589,0.0269573722034692,0.2137468159198761,0.0003117660526186,0.730093777179718,0.0192671418190002,0.0180824324488639,0.2323072850704193,0.0002494128420948,0.7419408559799194,0.0257518775761127,0.0237357895821332,0.2084467858076095,0.0001247064210474,0.7726186513900757,0.0285785552114248,0.0244216751307249,0.1742148697376251,0.0001662752329139,0.6848461031913757,0.0156922247260808,0.0160039905458688,0.2833745777606964,8.313761645695195e-05,0.6934924125671387,0.0176251754164695,0.0173549782484769,0.2714858949184418,4.156880822847597e-05,0.7902854084968567,0.030573857948184,0.0245255976915359,0.1543034166097641,0.0003117660526186,0.7331698536872864,0.0220938213169574,0.0202232245355844,0.2243052870035171,0.0002078440447803,0.7422110438346863,0.0241930466145277,0.0230291206389665,0.2102966010570526,0.000270197255304,0.741961658000946,0.0265416838228702,0.0237565729767084,0.2075322717428207,0.0002078440447803,0.7099536657333374,0.0222808811813592,0.0225095096975564,0.2449234127998352,0.0003325504658278,0.702305018901825,0.020909110084176,0.0200361646711826,0.2565211057662964,0.0002286284434376,0.793943464756012,0.02911894954741,0.0250867754220962,0.1514767408370971,0.0003741192631423,0.706108570098877,0.0180408619344234,0.0181032158434391,0.2576226890087127,0.0001247064210474,0.7701660990715027,0.0297632664442062,0.025585601106286,0.1743603646755218,0.0001247064210474,0.7090599536895752,0.0199738126248121,0.0192879270762205,0.2514912784099579,0.0001870596315711,0.687797486782074,0.0204102843999862,0.0203687157481908,0.2712364792823791,0.0001870596315711,0.7204082012176514,0.0273730605840683,0.0266663897782564,0.2253237217664718,0.0002286284434376,0.7070438861846924,0.0184565503150224,0.0173549782484769,0.2569783627986908,0.0001662752329139,0.7209901809692383,0.0209298953413963,0.0193294957280159,0.2385010421276092,0.0002494128420948,0.7360173463821411,0.0261259954422712,0.0251075606793165,0.2125205248594284,0.0002286284434376,0.7464718818664551,0.0264793299138546,0.0231746099889278,0.2037079483270645,0.0001662752329139,0.719327449798584,0.0222185272723436,0.0194126330316066,0.2388335913419723,0.0002078440447803,0.6933885216712952,0.0176667440682649,0.0163573268800973,0.2723588347434997,0.0002286284434376,0.7010371685028076,0.0204726383090019,0.0191840045154094,0.2591191530227661,0.0001870596315711,0.761831521987915,0.0278926696628332,0.0242554005235433,0.1859164983034134,0.0001039220223901,0.7497142553329468,0.029825620353221893,0.026209132745862007,0.19391849637031555,0.0003325504658278078
90,0.9658928513526917,0.0,0.0,0.0341072082519531,0.0,0.9661630392074584,0.0,0.0,0.0338370092213153,0.0,0.966142237186432,0.0,0.0,0.0338577926158905,0.0,0.9661837816238404,0.0,0.0,0.0338162258267402,0.0,0.9661214351654052,0.0,0.0,0.0338785797357559,0.0,0.9661837816238404,0.0,0.0,0.0338162258267402,0.0,0.9662045836448668,0.0,0.0,0.0337954424321651,0.0,0.9661630392074584,0.0,0.0,0.0338370092213153,0.0,0.9662045836448668,0.0,0.0,0.0337954424321651,0.0,0.966266930103302,0.0,0.0,0.0337330885231494,0.0,0.9662253856658936,0.0,0.0,0.0337746553122997,0.0,0.9662045836448668,0.0,0.0,0.0337954424321651,0.0,0.9662045836448668,0.0,0.0,0.0337954424321651,0.0,0.9661837816238404,0.0,0.0,0.0338162258267402,0.0,0.9662461876869202,0.0,0.0,0.0337538719177246,0.0,0.9661837816238404,0.0,0.0,0.0338162258267402,0.0,0.9662045836448668,0.0,0.0,0.0337954424321651,0.0,0.9661630392074584,0.0,0.0,0.0338370092213153,0.0,0.9661630392074584,0.0,0.0,0.0338370092213153,0.0,0.966266930103302,0.0,0.0,0.0337330885231494,0.0,0.9662253856658936,0.0,0.0,0.0337746553122997,0.0,0.966142237186432,0.0,0.0,0.0338577926158905,0.0,0.966142237186432,0.0,0.0,0.0338577926158905,0.0,0.9662045836448668,0.0,0.0,0.0337954424321651,0.0,0.9662877321243286,0.0,0.0,0.0337123051285743,0.0,0.9660798907279968,0.0,0.0,0.0339201465249061,0.0,0.9661630392074584,0.0,0.0,0.0338370092213153,0.0,0.9661214351654052,0.0,0.0,0.0338785797357559,0.0,0.9662461876869202,0.0,0.0,0.0337538719177246,0.0,0.9661630392074584,0.0,0.0,0.0338370092213153,0.0,0.7685033679008484,0.0344397574663162,0.0311973914504051,0.1655477732419967,0.0003117660526186,0.720429003238678,0.0290150288492441,0.0279550235718488,0.2223307639360427,0.000270197255304,0.7125725150108337,0.0253985412418842,0.0247750096023082,0.2370045632123947,0.0002494128420948,0.7164592146873474,0.0302205234766006,0.0311766061931848,0.2217488139867782,0.0003949036763515,0.7187870740890503,0.0213455837219953,0.0200985185801982,0.2395194768905639,0.0002494128420948,0.7279737591743469,0.0289318896830081,0.0262507032603025,0.2166358381509781,0.0002078440447803,0.7586930990219116,0.0307193491607904,0.0282252207398414,0.1821129471063614,0.0002494128420948,0.6746202111244202,0.0166690926998853,0.0178122334182262,0.2908153831958771,8.313761645695195e-05,0.6826637387275696,0.0184565503150224,0.0192879270762205,0.2795294523239136,6.235321052372456e-05,0.7749673128128052,0.0335252434015274,0.0293475780636072,0.1617650240659713,0.0003949036763515,0.721135675907135,0.022987550124526,0.0240683406591415,0.2315382659435272,0.000270197255304,0.7284725904464722,0.0264585465192794,0.0263338405638933,0.218423306941986,0.0003117660526186,0.7282647490501404,0.0283707119524478,0.027767963707447,0.2153056412935257,0.0002909816685132,0.696111261844635,0.0248789321631193,0.026209132745862,0.2524057924747467,0.0003949036763515,0.6907904744148254,0.0220730379223823,0.0228628441691398,0.2639619410037994,0.0003117660526186,0.7789371013641357,0.0320079810917377,0.0290565975010395,0.1595826596021652,0.0004156880895607,0.6953214406967163,0.0195789095014333,0.0202024411410093,0.2647309601306915,0.0001662752329139,0.7560119032859802,0.0320287682116031,0.029846403747797,0.1819051057100296,0.0002078440447803,0.6983767747879028,0.0207012668251991,0.0218444094061851,0.2588489651679992,0.0002286284434376,0.6762621402740479,0.0219067614525556,0.022779706865549,0.2787812054157257,0.000270197255304,0.7057967782020569,0.0303452294319868,0.030054248869419,0.2335127741098404,0.0002909816685132,0.6957371234893799,0.0195165555924177,0.0204518530517816,0.2641074359416961,0.0001870596315711,0.7093093395233154,0.0222185272723436,0.0219691153615713,0.2462120503187179,0.0002909816685132,0.7222580313682556,0.0289526749402284,0.0284122806042432,0.2200444936752319,0.0003325504658278,0.732296884059906,0.0294515006244182,0.0264793299138546,0.2115436643362045,0.0002286284434376,0.7082909345626831,0.0223432350903749,0.0229667667299509,0.2461704760789871,0.0002286284434376,0.6830378770828247,0.0181447844952344,0.0190177299082279,0.2795502245426178,0.0002494128420948,0.6894810199737549,0.0217197015881538,0.0220106840133667,0.2665807604789734,0.0002078440447803,0.7477189302444458,0.0300126802176237,0.0284746345132589,0.1936482936143875,0.0001454908342566,0.7353106737136841,0.03227818012237549,0.030199740082025528,0.20177499949932098,0.0004364724736660719
91,0.9657265543937684,0.0,0.0,0.0342734828591346,0.0,0.9659967422485352,0.0,0.0,0.0340032838284969,0.0,0.9659759402275084,0.0,0.0,0.0340240709483623,0.0,0.9660175442695618,0.0,0.0,0.0339825004339218,0.0,0.9659551978111268,0.0,0.0,0.0340448543429374,0.0,0.9660175442695618,0.0,0.0,0.0339825004339218,0.0,0.9660383462905884,0.0,0.0,0.0339617170393466,0.0,0.9659967422485352,0.0,0.0,0.0340032838284969,0.0,0.9660383462905884,0.0,0.0,0.0339617170393466,0.0,0.9661006927490234,0.0,0.0,0.033899363130331,0.0,0.9660590887069702,0.0,0.0,0.0339409336447715,0.0,0.9660383462905884,0.0,0.0,0.0339617170393466,0.0,0.9660383462905884,0.0,0.0,0.0339617170393466,0.0,0.9660175442695618,0.0,0.0,0.0339825004339218,0.0,0.9660798907279968,0.0,0.0,0.0339201465249061,0.0,0.9660175442695618,0.0,0.0,0.0339825004339218,0.0,0.9660383462905884,0.0,0.0,0.0339617170393466,0.0,0.9659967422485352,0.0,0.0,0.0340032838284969,0.0,0.9659967422485352,0.0,0.0,0.0340032838284969,0.0,0.9661006927490234,0.0,0.0,0.033899363130331,0.0,0.9660590887069702,0.0,0.0,0.0339409336447715,0.0,0.9659759402275084,0.0,0.0,0.0340240709483623,0.0,0.9659759402275084,0.0,0.0,0.0340240709483623,0.0,0.9660383462905884,0.0,0.0,0.0339617170393466,0.0,0.9661214351654052,0.0,0.0,0.0338785797357559,0.0,0.9659135937690736,0.0,0.0,0.0340864211320877,0.0,0.9659967422485352,0.0,0.0,0.0340032838284969,0.0,0.9659551978111268,0.0,0.0,0.0340448543429374,0.0,0.9660798907279968,0.0,0.0,0.0339201465249061,0.0,0.9659967422485352,0.0,0.0,0.0340032838284969,0.0,0.7622056603431702,0.0334213227033615,0.0334836766123771,0.1705776005983352,0.0003117660526186,0.7154615521430969,0.0273938439786434,0.0296593438833951,0.2272151112556457,0.000270197255304,0.7089352607727051,0.0239228494465351,0.0262299180030822,0.24066261947155,0.0002494128420948,0.7115748524665833,0.0281005147844553,0.0329640656709671,0.2269656956195831,0.0003949036763515,0.715835690498352,0.01976596750319,0.0210753865540027,0.2430736124515533,0.0002494128420948,0.7234011888504028,0.0281628668308258,0.0274769831448793,0.2207511514425277,0.0002078440447803,0.7537256479263306,0.0294722858816385,0.0298671890050172,0.1866855174303054,0.0002494128420948,0.6718974113464355,0.0154220275580883,0.0187891013920307,0.2937875390052795,0.0001039220223901,0.6796084642410278,0.0170432105660438,0.0198491066694259,0.2834369242191314,6.235321052372456e-05,0.7687735557556152,0.0331511236727237,0.0311766061931848,0.1665038615465164,0.0003949036763515,0.7173737287521362,0.0214495044201612,0.0253777578473091,0.2355288714170456,0.000270197255304,0.7244403958320618,0.0242969691753387,0.0282252207398414,0.2227256745100021,0.0003117660526186,0.7236298322677612,0.0272275693714618,0.0293475780636072,0.2195040881633758,0.0002909816685132,0.6926610469818115,0.0229251980781555,0.0267910975962877,0.2572277784347534,0.0003949036763515,0.6875896453857422,0.0205349903553724,0.0237981434911489,0.2677654922008514,0.0003117660526186,0.7736163139343262,0.0310103315860033,0.0309687629342079,0.1639889478683471,0.0004156880895607,0.6917257308959961,0.0188722386956214,0.0210130326449871,0.2682227492332458,0.0001662752329139,0.7510236501693726,0.0303036607801914,0.0316754318773746,0.1867894381284713,0.0002078440447803,0.6946563720703125,0.0200777351856231,0.0223848037421703,0.2626525163650512,0.0002286284434376,0.6731652617454529,0.020493421703577,0.0233824551105499,0.2826886773109436,0.000270197255304,0.7002265453338623,0.0298671890050172,0.0311973914504051,0.2384178936481475,0.0002909816685132,0.6926402449607849,0.0178538039326667,0.0218651928007602,0.2674537003040313,0.0001870596315711,0.7054018974304199,0.0211377386003732,0.0230083353817462,0.2501610815525055,0.0002909816685132,0.7177270650863647,0.0273938439786434,0.029846403747797,0.2247001975774765,0.0003325504658278,0.7276204228401184,0.0275601204484701,0.028911106288433,0.2156797647476196,0.0002286284434376,0.7045081853866577,0.0209922473877668,0.0241099093109369,0.2501610815525055,0.0002286284434376,0.6796500086784363,0.0172094870358705,0.0200153812766075,0.2828757464885711,0.0002494128420948,0.686301052570343,0.0202024411410093,0.0233201012015342,0.2699686288833618,0.0002078440447803,0.7428346276283264,0.0277263950556516,0.0311558209359645,0.1981377303600311,0.0001454908342566,0.7301976680755615,0.03063621185719967,0.03169621527194977,0.2070334553718567,0.0004364724736660719
92,0.9644171595573424,0.0,0.0,0.0355829000473022,0.0,0.9646873474121094,0.0,0.0,0.0353127010166645,0.0,0.9646665453910828,0.0,0.0,0.0353334881365299,0.0,0.9647080898284912,0.0,0.0,0.0352919176220893,0.0,0.9646457433700562,0.0,0.0,0.035354271531105,0.0,0.9647080898284912,0.0,0.0,0.0352919176220893,0.0,0.9647288918495178,0.0,0.0,0.0352711342275142,0.0,0.9646873474121094,0.0,0.0,0.0353127010166645,0.0,0.9647288918495178,0.0,0.0,0.0352711342275142,0.0,0.9647912383079528,0.0,0.0,0.0352087803184986,0.0,0.9647496938705444,0.0,0.0,0.0352503508329391,0.0,0.9647288918495178,0.0,0.0,0.0352711342275142,0.0,0.9647288918495178,0.0,0.0,0.0352711342275142,0.0,0.9647080898284912,0.0,0.0,0.0352919176220893,0.0,0.964770495891571,0.0,0.0,0.0352295637130737,0.0,0.9647080898284912,0.0,0.0,0.0352919176220893,0.0,0.9647288918495178,0.0,0.0,0.0352711342275142,0.0,0.9646873474121094,0.0,0.0,0.0353127010166645,0.0,0.9646873474121094,0.0,0.0,0.0353127010166645,0.0,0.9647912383079528,0.0,0.0,0.0352087803184986,0.0,0.9647496938705444,0.0,0.0,0.0352503508329391,0.0,0.9646665453910828,0.0,0.0,0.0353334881365299,0.0,0.9646665453910828,0.0,0.0,0.0353334881365299,0.0,0.9647288918495178,0.0,0.0,0.0352711342275142,0.0,0.9648120403289796,0.0,0.0,0.0351879969239234,0.0,0.9646041989326476,0.0,0.0,0.0353958420455455,0.0,0.9646873474121094,0.0,0.0,0.0353127010166645,0.0,0.9646457433700562,0.0,0.0,0.035354271531105,0.0,0.964770495891571,0.0,0.0,0.0352295637130737,0.0,0.9646873474121094,0.0,0.0,0.0353127010166645,0.0,0.7548272013664246,0.0315715111792087,0.0360193736851215,0.1772701889276504,0.0003117660526186,0.7095379829406738,0.0255648177117109,0.0311558209359645,0.2334504276514053,0.0002909816685132,0.703468918800354,0.0225926470011472,0.0271236468106508,0.2465653866529464,0.0002494128420948,0.705069363117218,0.0263546239584684,0.0344397574663162,0.2337206304073333,0.0004156880895607,0.7109928727149963,0.0184981189668178,0.0221146065741777,0.2481449991464615,0.0002494128420948,0.7171658873558044,0.0265001151710748,0.0290981661528348,0.2270072549581527,0.0002286284434376,0.7465342283248901,0.0275601204484701,0.0313636660575866,0.1942926049232483,0.0002494128420948,0.6679691672325134,0.0138839818537235,0.0195789095014333,0.2984640300273895,0.0001039220223901,0.675534725189209,0.015546734444797,0.020909110084176,0.2879471480846405,6.235321052372456e-05,0.7615821361541748,0.0312181748449802,0.0335460267961025,0.1732380092144012,0.0004156880895607,0.7118866443634033,0.0202024411410093,0.027664041146636,0.2399767339229583,0.000270197255304,0.7188701629638672,0.0235279463231563,0.0292020868510007,0.2280464768409729,0.0003533348790369,0.7172282338142395,0.0257310923188924,0.0313844494521617,0.2253445088863372,0.0003117660526186,0.6871947646141052,0.0223224498331546,0.0267495289444923,0.2633383870124817,0.0003949036763515,0.6826845407485962,0.0189553759992122,0.0250036381185054,0.2730239331722259,0.0003325504658278,0.7668198347091675,0.0290981661528348,0.033275831490755,0.1703905463218689,0.0004156880895607,0.6870284676551819,0.0175628215074539,0.0217404868453741,0.2735019624233246,0.0001662752329139,0.7443726658821106,0.0278926696628332,0.0340032838284969,0.1935235857963562,0.0002078440447803,0.6890029907226562,0.0192047897726297,0.0236526522785425,0.2678694128990173,0.000270197255304,0.6684056520462036,0.0186228267848491,0.0243385378271341,0.2883628308773041,0.000270197255304,0.6947187185287476,0.0262714866548776,0.0332550480961799,0.2454638183116912,0.0002909816685132,0.6878182888031006,0.0173757616430521,0.021948330104351,0.2726498246192932,0.0002078440447803,0.7003928422927856,0.0201400872319936,0.0244008898735046,0.2547752261161804,0.0002909816685132,0.7119489908218384,0.0257726609706878,0.0309064090251922,0.2310394346714019,0.0003325504658278,0.7215306162834167,0.026313055306673,0.0300750322639942,0.2218527346849441,0.0002286284434376,0.6991873383522034,0.0192671418190002,0.0258350148797035,0.2554818987846374,0.0002286284434376,0.6751190423965454,0.0160871297121047,0.0213663671165704,0.287178099155426,0.0002494128420948,0.6811257004737854,0.019038513302803,0.0243593212217092,0.2752686440944671,0.0002078440447803,0.7356224060058594,0.027456197887659,0.0324652381241321,0.2043106853961944,0.0001454908342566,0.7232141494750977,0.028578555211424828,0.034107208251953125,0.21366366744041443,0.0004364724736660719
93,0.9643340110778807,0.0,0.0,0.035666037350893,0.0,0.9646041989326476,0.0,0.0,0.0353958420455455,0.0,0.9645833969116212,0.0,0.0,0.0354166254401207,0.0,0.9646250009536744,0.0,0.0,0.0353750549256801,0.0,0.9645626544952391,0.0,0.0,0.0354374088346958,0.0,0.9646250009536744,0.0,0.0,0.0353750549256801,0.0,0.9646457433700562,0.0,0.0,0.035354271531105,0.0,0.9646041989326476,0.0,0.0,0.0353958420455455,0.0,0.9646457433700562,0.0,0.0,0.035354271531105,0.0,0.9647080898284912,0.0,0.0,0.0352919176220893,0.0,0.9646665453910828,0.0,0.0,0.0353334881365299,0.0,0.9646457433700562,0.0,0.0,0.035354271531105,0.0,0.9646457433700562,0.0,0.0,0.035354271531105,0.0,0.9646250009536744,0.0,0.0,0.0353750549256801,0.0,0.9646873474121094,0.0,0.0,0.0353127010166645,0.0,0.9646250009536744,0.0,0.0,0.0353750549256801,0.0,0.9646457433700562,0.0,0.0,0.035354271531105,0.0,0.9646041989326476,0.0,0.0,0.0353958420455455,0.0,0.9646041989326476,0.0,0.0,0.0353958420455455,0.0,0.9647080898284912,0.0,0.0,0.0352919176220893,0.0,0.9646665453910828,0.0,0.0,0.0353334881365299,0.0,0.9645833969116212,0.0,0.0,0.0354166254401207,0.0,0.9645833969116212,0.0,0.0,0.0354166254401207,0.0,0.9646457433700562,0.0,0.0,0.035354271531105,0.0,0.9647288918495178,0.0,0.0,0.0352711342275142,0.0,0.964521050453186,0.0,0.0,0.0354789793491363,0.0,0.9646041989326476,0.0,0.0,0.0353958420455455,0.0,0.9645626544952391,0.0,0.0,0.0354374088346958,0.0,0.9646873474121094,0.0,0.0,0.0353127010166645,0.0,0.9646041989326476,0.0,0.0,0.0353958420455455,0.0,0.7487789392471313,0.0279758088290691,0.038575854152441,0.1843576580286026,0.0003117660526186,0.7038222551345825,0.0229044128209352,0.0337330885231494,0.2392492741346359,0.0002909816685132,0.6996238231658936,0.0188514553010463,0.0293683633208274,0.2519069910049438,0.0002494128420948,0.6990211009979248,0.0244840271770954,0.0356036834418773,0.2404755502939224,0.0004156880895607,0.7073556184768677,0.0157337933778762,0.0234448071569204,0.2532163858413696,0.0002494128420948,0.7123230695724487,0.0226134322583675,0.0316338613629341,0.2332010120153427,0.0002286284434376,0.7408393025398254,0.0247750096023082,0.0346060320734977,0.1995302736759185,0.0002494128420948,0.6651632785797119,0.0126784862950444,0.0200777351856231,0.3019766211509704,0.0001039220223901,0.6718143224716187,0.0146737890318036,0.0216989181935787,0.2917506694793701,6.235321052372456e-05,0.755055844783783,0.0282252207398414,0.0367883965373039,0.1794941127300262,0.000436472473666,0.7072932720184326,0.0188722386956214,0.028079729527235,0.2454845905303955,0.000270197255304,0.7142145037651062,0.0209922473877668,0.0306154265999794,0.2338245511054992,0.0003533348790369,0.7118242979049683,0.0231330413371324,0.0329640656709671,0.2317668944597244,0.0003117660526186,0.6828092336654663,0.0201400872319936,0.0278926696628332,0.2687631249427795,0.0003949036763515,0.6791927814483643,0.0161079131066799,0.0263754092156887,0.2779914140701294,0.0003325504658278,0.7594621181488037,0.0274769831448793,0.0352087803184986,0.1774364560842514,0.0004156880895607,0.6840147376060486,0.0150894774124026,0.0227381382137537,0.2779914140701294,0.0001662752329139,0.7380334138870239,0.0251283440738916,0.0359362363815307,0.20069420337677,0.0002078440447803,0.6853241324424744,0.0167314447462558,0.0247750096023082,0.2728992402553558,0.000270197255304,0.66483074426651,0.0159624218940734,0.0253361891955137,0.2936004996299743,0.000270197255304,0.6888990998268127,0.0245048124343156,0.0339201465249061,0.2523850202560425,0.0002909816685132,0.6837653517723083,0.0162741877138614,0.0228628441691398,0.276889830827713,0.0002078440447803,0.6966516375541687,0.0173341929912567,0.0258557982742786,0.259867399930954,0.0002909816685132,0.7069814801216125,0.0220314692705869,0.0329640656709671,0.2376904487609863,0.0003325504658278,0.7166462540626526,0.0228212755173444,0.0327146537601947,0.2275892198085785,0.0002286284434376,0.6947187185287476,0.0176043901592493,0.0272899232804775,0.2601583898067474,0.0002286284434376,0.6720013618469238,0.0143828075379133,0.0218859780579805,0.2914804816246032,0.0002494128420948,0.6770519614219666,0.0169808585196733,0.0260428581386804,0.2797165215015411,0.0002078440447803,0.729200005531311,0.0256271697580814,0.0342734828591346,0.210753858089447,0.0001454908342566,0.7168332934379578,0.02587658353149891,0.036518197506666183,0.2203354686498642,0.0004364724736660719
94,0.9597198367118835,0.0,0.0,0.0402801744639873,0.0,0.9599900841712952,0.0,0.0,0.0400099791586399,0.0,0.9599692821502686,0.0,0.0,0.040030762553215,0.0,0.960010826587677,0.0,0.0,0.0399891920387744,0.0,0.959948480129242,0.0,0.0,0.0400515459477901,0.0,0.960010826587677,0.0,0.0,0.0399891920387744,0.0,0.9600316286087036,0.0,0.0,0.0399684086441993,0.0,0.9599900841712952,0.0,0.0,0.0400099791586399,0.0,0.9600316286087036,0.0,0.0,0.0399684086441993,0.0,0.9600939750671388,0.0,0.0,0.0399060547351837,0.0,0.9600524306297302,0.0,0.0,0.0399476252496242,0.0,0.9600316286087036,0.0,0.0,0.0399684086441993,0.0,0.9600316286087036,0.0,0.0,0.0399684086441993,0.0,0.960010826587677,0.0,0.0,0.0399891920387744,0.0,0.960073173046112,0.0,0.0,0.0399268418550491,0.0,0.960010826587677,0.0,0.0,0.0399891920387744,0.0,0.9600316286087036,0.0,0.0,0.0399684086441993,0.0,0.9599900841712952,0.0,0.0,0.0400099791586399,0.0,0.9599900841712952,0.0,0.0,0.0400099791586399,0.0,0.9600939750671388,0.0,0.0,0.0399060547351837,0.0,0.9600524306297302,0.0,0.0,0.0399476252496242,0.0,0.9599692821502686,0.0,0.0,0.040030762553215,0.0,0.9599692821502686,0.0,0.0,0.040030762553215,0.0,0.9600316286087036,0.0,0.0,0.0399684086441993,0.0,0.9601147770881652,0.0,0.0,0.0398852713406086,0.0,0.9599069356918336,0.0,0.0,0.0400931164622306,0.0,0.9599900841712952,0.0,0.0,0.0400099791586399,0.0,0.959948480129242,0.0,0.0,0.0400515459477901,0.0,0.960073173046112,0.0,0.0,0.0399268418550491,0.0,0.9599900841712952,0.0,0.0,0.0400099791586399,0.0,0.7364330291748047,0.025897366926074,0.0413401797413826,0.1959761530160904,0.0003533348790369,0.6942406892776489,0.0200153812766075,0.0354997627437114,0.249911680817604,0.0003325504658278,0.690312385559082,0.0160871297121047,0.0311558209359645,0.262153685092926,0.0002909816685132,0.6888159513473511,0.0214702896773815,0.0370793752372264,0.2522187530994415,0.0004156880895607,0.6988340020179749,0.013780060224235,0.0251283440738916,0.2620081901550293,0.0002494128420948,0.7026791572570801,0.0191216524690389,0.0342734828591346,0.2436555624008178,0.000270197255304,0.7302600145339966,0.022260095924139,0.0370585918426513,0.2101511061191558,0.000270197255304,0.6579095125198364,0.0105376932770013,0.0204726383090019,0.3109554648399353,0.0001247064210474,0.6639785766601562,0.0125122116878628,0.0230083353817462,0.3004177808761596,8.313761645695195e-05,0.7439153790473938,0.0248789321631193,0.0404464490711689,0.1902188658714294,0.0005403945106081,0.6984183192253113,0.016544384881854,0.0286824777722358,0.2560430765151977,0.0003117660526186,0.7046120762825012,0.01768752746284,0.0324860252439975,0.2448402792215347,0.0003741192631423,0.7024505138397217,0.0196412615478038,0.0347930938005447,0.242741048336029,0.0003741192631423,0.6740590333938599,0.0158792845904827,0.030677780508995,0.2789890468120575,0.0003949036763515,0.670442521572113,0.0141749633476138,0.0269781574606895,0.2880718410015106,0.0003325504658278,0.7492777705192566,0.0234863758087158,0.0386797748506069,0.1880572885274887,0.0004988256841897,0.675534725189209,0.0136137846857309,0.0233824551105499,0.2873028218746185,0.0001662752329139,0.7267059087753296,0.0231330413371324,0.0384719334542751,0.211460530757904,0.0002286284434376,0.6769688129425049,0.015234968625009,0.0252114813774824,0.2822522222995758,0.0003325504658278,0.656828761100769,0.0132604502141475,0.0265001151710748,0.3031197488307953,0.0002909816685132,0.6788809895515442,0.0207428354769945,0.0365389809012413,0.2635462582111358,0.0002909816685132,0.6759711503982544,0.0135930003598332,0.0243177525699138,0.2858894765377044,0.0002286284434376,0.6879637837409973,0.0151726147159934,0.0271652154624462,0.2693866491317749,0.0003117660526186,0.6977739930152893,0.018311059102416,0.0344397574663162,0.2491010874509811,0.0003741192631423,0.7071269750595093,0.0189969446510076,0.0352087803184986,0.2383971214294433,0.000270197255304,0.6860931515693665,0.0160247758030891,0.0278095323592424,0.2698439061641693,0.0002286284434376,0.6637291312217712,0.0131357433274388,0.0225718636065721,0.3003138601779938,0.0002494128420948,0.6688628792762756,0.0144451605156064,0.0265832524746656,0.2898592948913574,0.0002494128420948,0.7192651033401489,0.0222808811813592,0.0365597680211067,0.2217488139867782,0.0001454908342566,0.7063995599746704,0.0227381382137537,0.03878369927406311,0.2316213995218277,0.0004572568868752569
95,0.9575167298316956,0.0,0.0,0.0424833223223686,0.0,0.9577869176864624,0.0,0.0,0.0422131232917308,0.0,0.9577661156654358,0.0,0.0,0.0422339104115963,0.0,0.957807719707489,0.0,0.0,0.0421923398971557,0.0,0.9577453136444092,0.0,0.0,0.0422546938061714,0.0,0.957807719707489,0.0,0.0,0.0421923398971557,0.0,0.9578284621238708,0.0,0.0,0.0421715565025806,0.0,0.9577869176864624,0.0,0.0,0.0422131232917308,0.0,0.9578284621238708,0.0,0.0,0.0421715565025806,0.0,0.957890808582306,0.0,0.0,0.0421092025935649,0.0,0.9578492641448976,0.0,0.0,0.0421507731080055,0.0,0.9578284621238708,0.0,0.0,0.0421715565025806,0.0,0.9578284621238708,0.0,0.0,0.0421715565025806,0.0,0.957807719707489,0.0,0.0,0.0421923398971557,0.0,0.957870066165924,0.0,0.0,0.0421299859881401,0.0,0.957807719707489,0.0,0.0,0.0421923398971557,0.0,0.9578284621238708,0.0,0.0,0.0421715565025806,0.0,0.9577869176864624,0.0,0.0,0.0422131232917308,0.0,0.9577869176864624,0.0,0.0,0.0422131232917308,0.0,0.957890808582306,0.0,0.0,0.0421092025935649,0.0,0.9578492641448976,0.0,0.0,0.0421507731080055,0.0,0.9577661156654358,0.0,0.0,0.0422339104115963,0.0,0.9577661156654358,0.0,0.0,0.0422339104115963,0.0,0.9578284621238708,0.0,0.0,0.0421715565025806,0.0,0.9579116106033324,0.0,0.0,0.0420884191989898,0.0,0.9577037692070008,0.0,0.0,0.0422962605953216,0.0,0.9577869176864624,0.0,0.0,0.0422131232917308,0.0,0.9577453136444092,0.0,0.0,0.0422546938061714,0.0,0.957870066165924,0.0,0.0,0.0421299859881401,0.0,0.9577869176864624,0.0,0.0,0.0422131232917308,0.0,0.7274333834648132,0.0265624690800905,0.0405711568892002,0.2050797194242477,0.0003533348790369,0.686301052570343,0.0209506787359714,0.0338162258267402,0.2585995495319366,0.0003325504658278,0.6834743618965149,0.0172510556876659,0.0288695376366376,0.2700725495815277,0.0003325504658278,0.6809802055358887,0.0223848037421703,0.0349385850131511,0.261280745267868,0.0004156880895607,0.691850483417511,0.0157753620296716,0.024130692705512,0.2679941058158874,0.0002494128420948,0.695009708404541,0.020181655883789,0.0333381853997707,0.2511795163154602,0.0002909816685132,0.7222788333892822,0.0232369638979434,0.0355205461382865,0.2186934947967529,0.000270197255304,0.652775764465332,0.0109118120744824,0.0192255731672048,0.3169621527194977,0.0001247064210474,0.6590734720230103,0.012325151823461,0.0213455837219953,0.3071727156639099,8.313761645695195e-05,0.734354555606842,0.026209132745862,0.0395527221262455,0.1993224322795868,0.0005611788947135,0.6917465329170227,0.0174173302948474,0.0265832524746656,0.2639411389827728,0.0003117660526186,0.6970881223678589,0.019142435863614,0.0303244460374116,0.2530501186847687,0.0003949036763515,0.6947810649871826,0.0206389129161834,0.0328393578529357,0.2513665854930877,0.0003741192631423,0.6674911379814148,0.016960073262453,0.0281628668308258,0.2869910597801208,0.0003949036763515,0.6638538837432861,0.0155259501188993,0.0251075606793165,0.2951801121234894,0.0003325504658278,0.740610659122467,0.0247957948595285,0.0371625162661075,0.1969322264194488,0.0004988256841897,0.669985294342041,0.0135306473821401,0.0230083353817462,0.2932887375354767,0.0001870596315711,0.71803879737854,0.0247750096023082,0.0368507467210292,0.2200444936752319,0.0002909816685132,0.6712115406990051,0.015234968625009,0.0242554005235433,0.2889655828475952,0.0003325504658278,0.6510090827941895,0.0139463348314166,0.0248373635113239,0.3099162578582763,0.0002909816685132,0.6716272234916687,0.0203895010054111,0.0357491746544837,0.2719015777111053,0.0003325504658278,0.6700891852378845,0.0143412388861179,0.0224471557885408,0.2928938269615173,0.0002286284434376,0.6823727488517761,0.01481928024441,0.0259597208350896,0.2765157222747803,0.0003325504658278,0.6904578804969788,0.0190592985600233,0.0333173982799053,0.2567913234233856,0.0003741192631423,0.6994159817695618,0.0199945960193872,0.0339617170393466,0.2463367581367492,0.0002909816685132,0.6799201965332031,0.0163781102746725,0.0259597208350896,0.2774925827980041,0.0002494128420948,0.6579511165618896,0.0134890787303447,0.0213663671165704,0.3069233000278473,0.000270197255304,0.6627315282821655,0.0153596745803952,0.0247334409505128,0.2969259917736053,0.0002494128420948,0.7116995453834534,0.0229251980781555,0.034730739891529,0.2304990440607071,0.0001454908342566,0.6976284980773926,0.02435932122170925,0.037224866449832916,0.24030928313732147,0.0004780413000844419
96,0.9546276926994324,0.0,0.0,0.0453723557293415,0.0,0.9548978805541992,0.0,0.0,0.0451021566987037,0.0,0.9548770785331726,0.0,0.0,0.0451229400932788,0.0,0.9549186825752258,0.0,0.0,0.0450813733041286,0.0,0.9548563361167908,0.0,0.0,0.0451437272131443,0.0,0.9549186825752258,0.0,0.0,0.0450813733041286,0.0,0.9549394249916076,0.0,0.0,0.0450605899095535,0.0,0.9548978805541992,0.0,0.0,0.0451021566987037,0.0,0.9549394249916076,0.0,0.0,0.0450605899095535,0.0,0.9550017714500428,0.0,0.0,0.0449982360005378,0.0,0.9549602270126344,0.0,0.0,0.0450398027896881,0.0,0.9549394249916076,0.0,0.0,0.0450605899095535,0.0,0.9549394249916076,0.0,0.0,0.0450605899095535,0.0,0.9549186825752258,0.0,0.0,0.0450813733041286,0.0,0.9549810290336608,0.0,0.0,0.0450190193951129,0.0,0.9549186825752258,0.0,0.0,0.0450813733041286,0.0,0.9549394249916076,0.0,0.0,0.0450605899095535,0.0,0.9548978805541992,0.0,0.0,0.0451021566987037,0.0,0.9548978805541992,0.0,0.0,0.0451021566987037,0.0,0.9550017714500428,0.0,0.0,0.0449982360005378,0.0,0.9549602270126344,0.0,0.0,0.0450398027896881,0.0,0.9548770785331726,0.0,0.0,0.0451229400932788,0.0,0.9548770785331726,0.0,0.0,0.0451229400932788,0.0,0.9549394249916076,0.0,0.0,0.0450605899095535,0.0,0.9550225734710692,0.0,0.0,0.0449774488806724,0.0,0.9548147320747375,0.0,0.0,0.0451852940022945,0.0,0.9548978805541992,0.0,0.0,0.0451021566987037,0.0,0.9548563361167908,0.0,0.0,0.0451437272131443,0.0,0.9549810290336608,0.0,0.0,0.0450190193951129,0.0,0.9548978805541992,0.0,0.0,0.0451021566987037,0.0,0.7180804014205933,0.0269573722034692,0.0394903682172298,0.2151185870170593,0.0003533348790369,0.6782158613204956,0.0215326435863971,0.0320079810917377,0.2678901851177215,0.0003533348790369,0.6761997938156128,0.0174796842038631,0.028079729527235,0.2778666913509369,0.0003741192631423,0.6728742718696594,0.0224055871367454,0.0332966148853302,0.2709662616252899,0.0004572568868752,0.6855735778808594,0.0156298726797103,0.0232993178069591,0.2752270698547363,0.000270197255304,0.6867374777793884,0.0206389129161834,0.0330887697637081,0.2592438757419586,0.0002909816685132,0.713466227054596,0.0232785325497388,0.035354271531105,0.2275892198085785,0.0003117660526186,0.6472471356391907,0.0109325964003801,0.0180408619344234,0.3236547410488128,0.0001247064210474,0.6531914472579956,0.0125537803396582,0.0198075380176305,0.3143433332443237,0.0001039220223901,0.7246898412704468,0.0271028634160757,0.0390331111848354,0.2085714936256408,0.0006027477211318,0.6844512224197388,0.0176459588110446,0.0256271697580814,0.2719639241695404,0.0003117660526186,0.6896681189537048,0.0194126330316066,0.0285577718168497,0.2619458436965942,0.0004156880895607,0.6865919828414917,0.0208467580378055,0.0323197469115257,0.259867399930954,0.0003741192631423,0.6605283617973328,0.0168769359588623,0.0270820781588554,0.2951177656650543,0.0003949036763515,0.6569326519966125,0.0159624218940734,0.024130692705512,0.3026417195796966,0.0003325504658278,0.7303431630134583,0.0266871750354766,0.036497414112091,0.2059526592493057,0.0005196101265028,0.6640201210975647,0.0132188806310296,0.022260095924139,0.3002930581569671,0.0002078440447803,0.7089352607727051,0.0256479550153017,0.0356452539563179,0.2294806092977523,0.0002909816685132,0.6650177836418152,0.0141957476735115,0.0244216751307249,0.2960114777088165,0.0003533348790369,0.6445243954658508,0.014091826044023,0.0239436328411102,0.317128449678421,0.0003117660526186,0.6626275777816772,0.0223016664385795,0.0340656377375125,0.2806518077850342,0.0003533348790369,0.6642903685569763,0.0137384915724396,0.0213663671165704,0.3003554344177246,0.0002494128420948,0.6756802201271057,0.0149232018738985,0.0248373635113239,0.2841851711273193,0.0003741192631423,0.6824766993522644,0.0196828301995992,0.0318624898791313,0.2656038999557495,0.0003741192631423,0.6907696723937988,0.0209714639931917,0.0323405340313911,0.2556065917015075,0.0003117660526186,0.6732484102249146,0.0161494817584753,0.0250036381185054,0.2853282988071441,0.000270197255304,0.6519443988800049,0.0133851561695337,0.0204310696572065,0.3139691948890686,0.000270197255304,0.6561844348907471,0.0151518303900957,0.0240683406591415,0.3043460249900818,0.0002494128420948,0.7029077410697937,0.0229251980781555,0.0336291640996933,0.2403924167156219,0.0001454908342566,0.6889614462852478,0.024463243782520294,0.0363103523850441,0.24976618587970734,0.0004988256841897964
97,0.9514268636703492,0.0,0.0,0.048573151230812,0.0,0.951697051525116,0.0,0.0,0.0483029559254646,0.0,0.951676309108734,0.0,0.0,0.0483237393200397,0.0,0.9517178535461426,0.0,0.0,0.0482821725308895,0.0,0.9516555070877076,0.0,0.0,0.0483445227146148,0.0,0.9517178535461426,0.0,0.0,0.0482821725308895,0.0,0.9517386555671692,0.0,0.0,0.048261385411024,0.0,0.951697051525116,0.0,0.0,0.0483029559254646,0.0,0.9517386555671692,0.0,0.0,0.048261385411024,0.0,0.9518010020256042,0.0,0.0,0.0481990315020084,0.0,0.9517594575881958,0.0,0.0,0.0482406020164489,0.0,0.9517386555671692,0.0,0.0,0.048261385411024,0.0,0.9517386555671692,0.0,0.0,0.048261385411024,0.0,0.9517178535461426,0.0,0.0,0.0482821725308895,0.0,0.9517802000045776,0.0,0.0,0.0482198186218738,0.0,0.9517178535461426,0.0,0.0,0.0482821725308895,0.0,0.9517386555671692,0.0,0.0,0.048261385411024,0.0,0.951697051525116,0.0,0.0,0.0483029559254646,0.0,0.951697051525116,0.0,0.0,0.0483029559254646,0.0,0.9518010020256042,0.0,0.0,0.0481990315020084,0.0,0.9517594575881958,0.0,0.0,0.0482406020164489,0.0,0.951676309108734,0.0,0.0,0.0483237393200397,0.0,0.951676309108734,0.0,0.0,0.0483237393200397,0.0,0.9517386555671692,0.0,0.0,0.048261385411024,0.0,0.9518218040466307,0.0,0.0,0.0481782481074333,0.0,0.9516139626502992,0.0,0.0,0.0483860932290554,0.0,0.951697051525116,0.0,0.0,0.0483029559254646,0.0,0.9516555070877076,0.0,0.0,0.0483445227146148,0.0,0.9517802000045776,0.0,0.0,0.0482198186218738,0.0,0.951697051525116,0.0,0.0,0.0483029559254646,0.0,0.7085403203964233,0.0273314919322729,0.0375366322696208,0.2261758893728256,0.0004156880895607,0.6702346801757812,0.0206804815679788,0.0311973914504051,0.277534157037735,0.0003533348790369,0.669091522693634,0.0176251754164695,0.0263546239584684,0.2865338027477264,0.0003949036763515,0.6655789613723755,0.0205349903553724,0.0323197469115257,0.2810674905776977,0.0004988256841897,0.6790264844894409,0.0154220275580883,0.022052252665162,0.2832290828227997,0.000270197255304,0.6789641380310059,0.0204518530517816,0.0312597453594207,0.2690125405788421,0.0003117660526186,0.7054018974304199,0.0225302949547767,0.0331719107925891,0.2385841757059097,0.0003117660526186,0.6418015956878662,0.010454555042088,0.0166067387908697,0.3309916257858276,0.0001454908342566,0.6475381255149841,0.0113690691068768,0.0191840045154094,0.3217841386795044,0.0001247064210474,0.7156485915184021,0.0265001151710748,0.0376613400876522,0.2195664495229721,0.0006235321052372,0.6771351099014282,0.0172510556876659,0.0247126556932926,0.2805894613265991,0.0003117660526186,0.6823727488517761,0.0189345926046371,0.0281005147844553,0.2701764702796936,0.0004156880895607,0.6788186430931091,0.0200985185801982,0.0310519002377986,0.2696568667888641,0.0003741192631423,0.6539189219474792,0.0159832071512937,0.026624821126461,0.3030781745910644,0.0003949036763515,0.6501777172088623,0.0161079131066799,0.02236401848495,0.3109970390796661,0.0003533348790369,0.7215098142623901,0.0250452067703008,0.0363727062940597,0.2165319174528122,0.0005403945106081,0.6582628488540649,0.0128447618335485,0.020493421703577,0.308170348405838,0.0002286284434376,0.6999771595001221,0.0251491293311119,0.0341487750411033,0.2404132038354873,0.0003117660526186,0.6588656306266785,0.0135514317080378,0.0228004921227693,0.3044083714485168,0.0003741192631423,0.6383721828460693,0.0135514317080378,0.0221146065741777,0.3256500363349914,0.0003117660526186,0.6558102965354919,0.020181655883789,0.0320079810917377,0.2916467487812042,0.0003533348790369,0.6580134630203247,0.0128447618335485,0.0213455837219953,0.3075052499771118,0.0002909816685132,0.6692370176315308,0.014507514424622,0.0237981434911489,0.2920832335948944,0.0003741192631423,0.6756802201271057,0.0183941982686519,0.0306569952517747,0.2748737335205078,0.0003949036763515,0.6831417679786682,0.020597344264388,0.0311142522841691,0.2648140788078308,0.0003325504658278,0.6667429208755493,0.0150686930865049,0.0236526522785425,0.2942655980587005,0.000270197255304,0.6462079286575317,0.0128863304853439,0.0191216524690389,0.3215139508247375,0.000270197255304,0.6500945687294006,0.0140502573922276,0.0230291206389665,0.3125766515731811,0.0002494128420948,0.6943445801734924,0.021948330104351,0.0337954424321651,0.2497453987598419,0.0001662752329139,0.6804606318473816,0.0234655924141407,0.03487623110413551,0.26063641905784607,0.000561178894713521
98,0.951364517211914,0.0,0.0,0.0486355051398277,0.0,0.9516347050666808,0.0,0.0,0.0483653098344802,0.0,0.9516139626502992,0.0,0.0,0.0483860932290554,0.0,0.9516555070877076,0.0,0.0,0.0483445227146148,0.0,0.9515931606292723,0.0,0.0,0.0484068766236305,0.0,0.9516555070877076,0.0,0.0,0.0483445227146148,0.0,0.951676309108734,0.0,0.0,0.0483237393200397,0.0,0.9516347050666808,0.0,0.0,0.0483653098344802,0.0,0.951676309108734,0.0,0.0,0.0483237393200397,0.0,0.9517386555671692,0.0,0.0,0.048261385411024,0.0,0.951697051525116,0.0,0.0,0.0483029559254646,0.0,0.951676309108734,0.0,0.0,0.0483237393200397,0.0,0.951676309108734,0.0,0.0,0.0483237393200397,0.0,0.9516555070877076,0.0,0.0,0.0483445227146148,0.0,0.9517178535461426,0.0,0.0,0.0482821725308895,0.0,0.9516555070877076,0.0,0.0,0.0483445227146148,0.0,0.951676309108734,0.0,0.0,0.0483237393200397,0.0,0.9516347050666808,0.0,0.0,0.0483653098344802,0.0,0.9516347050666808,0.0,0.0,0.0483653098344802,0.0,0.9517386555671692,0.0,0.0,0.048261385411024,0.0,0.951697051525116,0.0,0.0,0.0483029559254646,0.0,0.9516139626502992,0.0,0.0,0.0483860932290554,0.0,0.9516139626502992,0.0,0.0,0.0483860932290554,0.0,0.951676309108734,0.0,0.0,0.0483237393200397,0.0,0.9517594575881958,0.0,0.0,0.0482406020164489,0.0,0.951551616191864,0.0,0.0,0.048448447138071,0.0,0.9516347050666808,0.0,0.0,0.0483653098344802,0.0,0.9515931606292723,0.0,0.0,0.0484068766236305,0.0,0.9517178535461426,0.0,0.0,0.0482821725308895,0.0,0.9516347050666808,0.0,0.0,0.0483653098344802,0.0,0.7017853856086731,0.0262922719120979,0.0357076078653335,0.2357990592718124,0.0004156880895607,0.6663479804992676,0.0195373389869928,0.027871886268258,0.2858894765377044,0.0003533348790369,0.665475070476532,0.0164820328354835,0.0235487297177314,0.2940993309020996,0.0003949036763515,0.660964846611023,0.0194957703351974,0.0300750322639942,0.2889655828475952,0.0004988256841897,0.6754307746887207,0.0150479087606072,0.0196412615478038,0.2896098792552948,0.000270197255304,0.6745162606239319,0.0198075380176305,0.0276432577520608,0.2777211964130401,0.0003117660526186,0.6990834474563599,0.0228212755173444,0.0307401344180107,0.2470434308052063,0.0003117660526186,0.6389957070350647,0.010558477602899,0.0153181059285998,0.3349822461605072,0.0001454908342566,0.6448777318000793,0.0107455365359783,0.0178953725844621,0.3263567090034485,0.0001247064210474,0.7094132900238037,0.0261467806994915,0.0347515232861042,0.2290649116039276,0.0006235321052372,0.6736017465591431,0.0164612475782632,0.0231330413371324,0.2864922285079956,0.0003117660526186,0.677800178527832,0.0184565503150224,0.0259805042296648,0.2773470878601074,0.0004156880895607,0.6734354496002197,0.0206596981734037,0.0278926696628332,0.2776172757148742,0.0003949036763515,0.6497620344161987,0.0159416384994983,0.0242761839181184,0.3096252679824829,0.0003949036763515,0.6467483043670654,0.0153388902544975,0.0202440097928047,0.3173154890537262,0.0003533348790369,0.7150874137878418,0.0258350148797035,0.0330472029745578,0.225490003824234,0.0005403945106081,0.6548334360122681,0.0123459361493587,0.0189553759992122,0.3136366605758667,0.0002286284434376,0.6944692730903625,0.0238812807947397,0.0318417064845562,0.2494959831237793,0.0003117660526186,0.6553946137428284,0.0132188806310296,0.0204726383090019,0.3105397820472717,0.0003741192631423,0.6351506114006042,0.0133228031918406,0.0193502809852361,0.3318645656108856,0.0003117660526186,0.6506973505020142,0.0198283214122056,0.0299087576568126,0.2992122769355774,0.0003533348790369,0.6549373865127563,0.0126784862950444,0.019454201683402,0.3126389980316162,0.0002909816685132,0.6654542684555054,0.0141541790217161,0.0214079357683658,0.2986095249652862,0.0003741192631423,0.6710452437400818,0.0183734130114316,0.026624821126461,0.2835616171360016,0.0003949036763515,0.6783613562583923,0.0204102843999862,0.0277263950556516,0.2731694281101227,0.0003325504658278,0.6635420918464661,0.0141957476735115,0.0216157808899879,0.3003762066364288,0.000270197255304,0.6432772874832153,0.0120965233072638,0.0180408619344234,0.3263151347637176,0.000270197255304,0.6463534235954285,0.0141541790217161,0.0205557756125926,0.3186872601509094,0.0002494128420948,0.6888574957847595,0.022052252665162,0.0309479776769876,0.2579760253429413,0.0001662752329139,0.6744539141654968,0.023590298369526863,0.03169621527194977,0.26969844102859497,0.000561178894713521
99,0.9506163001060486,0.0,0.0,0.049383744597435,0.0,0.9508864879608154,0.0,0.0,0.0491135455667972,0.0,0.9508656859397888,0.0,0.0,0.0491343326866626,0.0,0.950907289981842,0.0,0.0,0.0490927621722221,0.0,0.950844943523407,0.0,0.0,0.0491551160812377,0.0,0.950907289981842,0.0,0.0,0.0490927621722221,0.0,0.950928032398224,0.0,0.0,0.049071978777647,0.0,0.9508864879608154,0.0,0.0,0.0491135455667972,0.0,0.950928032398224,0.0,0.0,0.049071978777647,0.0,0.9509904384613036,0.0,0.0,0.0490096248686313,0.0,0.9509488344192504,0.0,0.0,0.0490511953830719,0.0,0.950928032398224,0.0,0.0,0.049071978777647,0.0,0.950928032398224,0.0,0.0,0.049071978777647,0.0,0.950907289981842,0.0,0.0,0.0490927621722221,0.0,0.9509696364402772,0.0,0.0,0.0490304082632064,0.0,0.950907289981842,0.0,0.0,0.0490927621722221,0.0,0.950928032398224,0.0,0.0,0.049071978777647,0.0,0.9508864879608154,0.0,0.0,0.0491135455667972,0.0,0.9508864879608154,0.0,0.0,0.0491135455667972,0.0,0.9509904384613036,0.0,0.0,0.0490096248686313,0.0,0.9509488344192504,0.0,0.0,0.0490511953830719,0.0,0.9508656859397888,0.0,0.0,0.0491343326866626,0.0,0.9508656859397888,0.0,0.0,0.0491343326866626,0.0,0.950928032398224,0.0,0.0,0.049071978777647,0.0,0.9510111808776855,0.0,0.0,0.0489888414740562,0.0,0.9508033394813538,0.0,0.0,0.049196682870388,0.0,0.9508864879608154,0.0,0.0,0.0491135455667972,0.0,0.950844943523407,0.0,0.0,0.0491551160812377,0.0,0.9509696364402772,0.0,0.0,0.0490304082632064,0.0,0.9508864879608154,0.0,0.0,0.0491135455667972,0.0,0.6933885216712952,0.027144432067871,0.0326938666403293,0.2463367581367492,0.000436472473666,0.6605699062347412,0.0188306700438261,0.0257518775761127,0.2944942116737366,0.0003533348790369,0.6602581739425659,0.0163157563656568,0.0207220502197742,0.3023091554641723,0.0003949036763515,0.6546047925949097,0.0194749869406223,0.0271028634160757,0.2983185648918152,0.0004988256841897,0.6706295609474182,0.0143204545602202,0.0185604728758335,0.2962193191051483,0.000270197255304,0.669029176235199,0.0190800838172435,0.0245879497379064,0.2869910597801208,0.0003117660526186,0.6913100481033325,0.0240683406591415,0.0280381608754396,0.2562716901302337,0.0003117660526186,0.6355870962142944,0.0102882804349064,0.0134682934731245,0.3405109047889709,0.0001454908342566,0.6410325765609741,0.0111404405906796,0.0152141833677887,0.3324881196022033,0.0001247064210474,0.7019308805465698,0.0255232490599155,0.0322366096079349,0.2396857440471649,0.0006235321052372,0.669029176235199,0.015816930681467,0.0210130326449871,0.2938083410263061,0.0003325504658278,0.6720013618469238,0.0181863531470298,0.0230083353817462,0.2863675057888031,0.000436472473666,0.6667636632919312,0.0211169552057981,0.0251075606793165,0.2865961492061615,0.0004156880895607,0.6446282863616943,0.0159624218940734,0.0202440097928047,0.3187704086303711,0.0003949036763515,0.642196536064148,0.0147569272667169,0.0185604728758335,0.3241327702999115,0.0003533348790369,0.7077089548110962,0.026001289486885,0.029950326308608,0.2357782870531082,0.0005611788947135,0.6503440141677856,0.0127408392727375,0.016960073262453,0.3197264969348907,0.0002286284434376,0.686446487903595,0.0246918722987175,0.0295969918370246,0.2589528858661651,0.0003117660526186,0.6508220434188843,0.0134890787303447,0.0187891013920307,0.3165048956871032,0.0003949036763515,0.6310768723487854,0.0130318216979503,0.0168769359588623,0.3387026488780975,0.0003117660526186,0.6446074843406677,0.0201193038374185,0.0257934462279081,0.3091264367103576,0.0003533348790369,0.6504271626472473,0.0127616245299577,0.017271839082241,0.3192276656627655,0.0003117660526186,0.6602789759635925,0.015193399041891,0.0185604728758335,0.3055931031703949,0.0003741192631423,0.6648930907249451,0.0186643954366445,0.0234240237623453,0.2926236391067505,0.0003949036763515,0.6724170446395874,0.0200985185801982,0.0245048124343156,0.2826471030712127,0.0003325504658278,0.6592605113983154,0.0137592758983373,0.0199945960193872,0.3067154586315155,0.000270197255304,0.6390373110771179,0.012013386003673,0.0167106613516807,0.3319685161113739,0.000270197255304,0.6423627734184265,0.0134682934731245,0.0183734130114316,0.3255253434181213,0.000270197255304,0.6816660761833191,0.0231330413371324,0.0276432577520608,0.2673913538455963,0.0001662752329139,0.6676366329193115,0.023091472685337067,0.02930600941181183,0.27940475940704346,0.000561178894713521
100,0.9489951133728028,0.0,0.0,0.0510049276053905,0.0,0.9492653012275696,0.0,0.0,0.0507347323000431,0.0,0.949244499206543,0.0,0.0,0.0507555156946182,0.0,0.9492861032485962,0.0,0.0,0.0507139451801776,0.0,0.9492237567901612,0.0,0.0,0.0507762990891933,0.0,0.9492861032485962,0.0,0.0,0.0507139451801776,0.0,0.949306845664978,0.0,0.0,0.0506931617856025,0.0,0.9492653012275696,0.0,0.0,0.0507347323000431,0.0,0.949306845664978,0.0,0.0,0.0506931617856025,0.0,0.949369251728058,0.0,0.0,0.0506308078765869,0.0,0.9493276476860046,0.0,0.0,0.0506723783910274,0.0,0.949306845664978,0.0,0.0,0.0506931617856025,0.0,0.949306845664978,0.0,0.0,0.0506931617856025,0.0,0.9492861032485962,0.0,0.0,0.0507139451801776,0.0,0.9493484497070312,0.0,0.0,0.050651591271162,0.0,0.9492861032485962,0.0,0.0,0.0507139451801776,0.0,0.949306845664978,0.0,0.0,0.0506931617856025,0.0,0.9492653012275696,0.0,0.0,0.0507347323000431,0.0,0.9492653012275696,0.0,0.0,0.0507347323000431,0.0,0.949369251728058,0.0,0.0,0.0506308078765869,0.0,0.9493276476860046,0.0,0.0,0.0506723783910274,0.0,0.949244499206543,0.0,0.0,0.0507555156946182,0.0,0.949244499206543,0.0,0.0,0.0507555156946182,0.0,0.949306845664978,0.0,0.0,0.0506931617856025,0.0,0.9493899941444396,0.0,0.0,0.0506100244820117,0.0,0.949182152748108,0.0,0.0,0.0508178696036338,0.0,0.9492653012275696,0.0,0.0,0.0507347323000431,0.0,0.9492237567901612,0.0,0.0,0.0507762990891933,0.0,0.9493484497070312,0.0,0.0,0.050651591271162,0.0,0.9492653012275696,0.0,0.0,0.0507347323000431,0.0,0.6847837567329407,0.027664041146636,0.0330264195799827,0.2540477812290191,0.0004780413000844,0.6540436148643494,0.0185396876186132,0.0261467806994915,0.3008958101272583,0.0003741192631423,0.6542307138442993,0.0163365416228771,0.021636564284563,0.3074013292789459,0.0003949036763515,0.647558867931366,0.0196828301995992,0.0276016891002655,0.3046162128448486,0.0005403945106081,0.6644982099533081,0.0154428118839859,0.0191632211208343,0.3006256222724914,0.000270197255304,0.6629393696784973,0.0181655697524547,0.0255648177117109,0.2930185198783874,0.0003117660526186,0.683349609375,0.0244840271770954,0.0291605181992054,0.2626940906047821,0.0003117660526186,0.6312847137451172,0.0103298490867018,0.0135514317080378,0.3446885645389557,0.0001454908342566,0.6362937688827515,0.0112651474773883,0.0153181059285998,0.33699831366539,0.0001247064210474,0.69301438331604,0.0260428581386804,0.0329848490655422,0.2473344057798385,0.0006235321052372,0.6632927060127258,0.0155259501188993,0.0218236241489648,0.2990044355392456,0.0003533348790369,0.6658491492271423,0.0181863531470298,0.0236734356731176,0.291854590177536,0.000436472473666,0.6595723032951355,0.0213871523737907,0.0259389355778694,0.2926651835441589,0.000436472473666,0.6390373110771179,0.0158585011959075,0.0210338160395622,0.3236547410488128,0.0004156880895607,0.6365431547164917,0.0147569272667169,0.0195581242442131,0.328767716884613,0.0003741192631423,0.6993536353111267,0.0253569725900888,0.0321742594242095,0.2425124198198318,0.0006027477211318,0.6451271176338196,0.0132604502141475,0.0166067387908697,0.3247770965099334,0.0002286284434376,0.6775299906730652,0.0257726609706878,0.030989546328783,0.2653544843196869,0.0003533348790369,0.6457922458648682,0.0135930003598332,0.0185396876186132,0.3216802179813385,0.0003949036763515,0.6264419555664062,0.0124498577788472,0.0175420362502336,0.3432544469833374,0.0003117660526186,0.6387878656387329,0.0182071384042501,0.0265001151710748,0.3161307871341705,0.0003741192631423,0.6455219984054565,0.0131357433274388,0.0172510556876659,0.3237378895282745,0.0003533348790369,0.6557894945144653,0.0142581015825271,0.0186228267848491,0.3109346926212311,0.0003949036763515,0.6587616801261902,0.0180824324488639,0.0241514779627323,0.298588752746582,0.0004156880895607,0.665475070476532,0.0196620468050241,0.0257518775761127,0.288757711648941,0.0003533348790369,0.6535032391548157,0.0141126103699207,0.0201608724892139,0.3119323253631592,0.0002909816685132,0.633945107460022,0.0123667204752564,0.0166067387908697,0.3368112742900848,0.000270197255304,0.6372082829475403,0.0133435875177383,0.0190177299082279,0.3301602602005005,0.000270197255304,0.6740797758102417,0.0231953952461481,0.0288279689848423,0.2737098038196563,0.0001870596315711,0.6600918769836426,0.023236963897943497,0.030137386173009872,0.2859518229961395,0.0005819633370265365
101,0.9448382258415222,0.0,0.0,0.0551618076860904,0.0,0.9451084136962892,0.0,0.0,0.054891612380743,0.0,0.9450876116752625,0.0,0.0,0.0549123957753181,0.0,0.9451292157173156,0.0,0.0,0.0548708252608776,0.0,0.9450668692588806,0.0,0.0,0.0549331791698932,0.0,0.9451292157173156,0.0,0.0,0.0548708252608776,0.0,0.9451500177383424,0.0,0.0,0.0548500418663024,0.0,0.9451084136962892,0.0,0.0,0.054891612380743,0.0,0.9451500177383424,0.0,0.0,0.0548500418663024,0.0,0.9452123641967772,0.0,0.0,0.0547876879572868,0.0,0.945170760154724,0.0,0.0,0.0548292584717273,0.0,0.9451500177383424,0.0,0.0,0.0548500418663024,0.0,0.9451500177383424,0.0,0.0,0.0548500418663024,0.0,0.9451292157173156,0.0,0.0,0.0548708252608776,0.0,0.9451915621757508,0.0,0.0,0.0548084750771522,0.0,0.9451292157173156,0.0,0.0,0.0548708252608776,0.0,0.9451500177383424,0.0,0.0,0.0548500418663024,0.0,0.9451084136962892,0.0,0.0,0.054891612380743,0.0,0.9451084136962892,0.0,0.0,0.054891612380743,0.0,0.9452123641967772,0.0,0.0,0.0547876879572868,0.0,0.945170760154724,0.0,0.0,0.0548292584717273,0.0,0.9450876116752625,0.0,0.0,0.0549123957753181,0.0,0.9450876116752625,0.0,0.0,0.0549123957753181,0.0,0.9451500177383424,0.0,0.0,0.0548500418663024,0.0,0.9452331066131592,0.0,0.0,0.0547669045627117,0.0,0.9450252652168274,0.0,0.0,0.0549747496843338,0.0,0.9451084136962892,0.0,0.0,0.054891612380743,0.0,0.9450668692588806,0.0,0.0,0.0549331791698932,0.0,0.9451915621757508,0.0,0.0,0.0548084750771522,0.0,0.9451084136962892,0.0,0.0,0.054891612380743,0.0,0.6734978556632996,0.0284538492560386,0.0332966148853302,0.2642321288585663,0.0005196101265028,0.6445867419242859,0.0190592985600233,0.026313055306673,0.3096668422222137,0.0003741192631423,0.6458753347396851,0.0166275240480899,0.0213871523737907,0.3156319558620453,0.0004780413000844,0.6381643414497375,0.0208259727805852,0.0265001151710748,0.3139068484306335,0.0006027477211318,0.6557894945144653,0.0166483074426651,0.0189761612564325,0.3082534968852997,0.0003325504658278,0.6533161997795105,0.0190592985600233,0.0252114813774824,0.3020181655883789,0.0003949036763515,0.6729574203491211,0.0258557982742786,0.0281420834362506,0.2726913690567016,0.0003533348790369,0.6243427395820618,0.010870243422687,0.0131773119792342,0.3514434993267059,0.0001662752329139,0.6289360523223877,0.012013386003673,0.0150063401088118,0.3439195454120636,0.0001247064210474,0.6813958883285522,0.027664041146636,0.0329432822763919,0.2573109269142151,0.0006858853157609,0.6548334360122681,0.0157130099833011,0.0217612702399492,0.3073389828205108,0.0003533348790369,0.6570366024971008,0.0187475327402353,0.023507161065936,0.3002722859382629,0.000436472473666,0.6506350040435791,0.0215949956327676,0.0254193264991045,0.301914244890213,0.000436472473666,0.6310352683067322,0.0162949729710817,0.0202855784446001,0.331926941871643,0.0004572568868752,0.6284372210502625,0.0151518303900957,0.0195165555924177,0.3365202844142914,0.0003741192631423,0.6883794665336609,0.0265416838228702,0.0323197469115257,0.2521148324012756,0.0006443165475502,0.6379356980323792,0.0137384915724396,0.0157753620296716,0.3322802782058716,0.000270197255304,0.6669091582298279,0.0264793299138546,0.0314052328467369,0.2748321890830993,0.0003741192631423,0.6377071142196655,0.0145698674023151,0.0171471331268548,0.3300979137420654,0.0004780413000844,0.6188140511512756,0.0129694677889347,0.0170432105660438,0.3508199453353882,0.0003533348790369,0.6292270421981812,0.0199945960193872,0.0259181521832942,0.3244237601757049,0.000436472473666,0.6383306384086609,0.0130941746756434,0.0168145820498466,0.3313241899013519,0.000436472473666,0.6484110355377197,0.0142373172566294,0.0181655697524547,0.3187704086303711,0.0004156880895607,0.6502193212509155,0.0188722386956214,0.0232785325497388,0.3072142899036407,0.0004156880895607,0.6561012864112854,0.0204518530517816,0.0253985412418842,0.2976742386817932,0.0003741192631423,0.6457506418228149,0.014403591863811,0.019454201683402,0.3200798332691192,0.0003117660526186,0.6265458464622498,0.0130733903497457,0.0159208532422781,0.3441689610481262,0.0002909816685132,0.6292893886566162,0.0142165319994091,0.0180408619344234,0.338183045387268,0.000270197255304,0.6641656160354614,0.0235902983695268,0.0282875746488571,0.2837486863136291,0.0002078440447803,0.6494086980819702,0.024463243782520294,0.029763266444206238,0.29572048783302307,0.000644316547550261
102,0.9400993585586548,0.0,0.0,0.0599006526172161,0.0,0.9403696060180664,0.0,0.0,0.0596304535865783,0.0,0.9403488039970398,0.0,0.0,0.0596512407064437,0.0,0.9403903484344482,0.0,0.0,0.0596096701920032,0.0,0.9403280019760132,0.0,0.0,0.0596720241010189,0.0,0.9403903484344482,0.0,0.0,0.0596096701920032,0.0,0.9404111504554749,0.0,0.0,0.0595888867974281,0.0,0.9403696060180664,0.0,0.0,0.0596304535865783,0.0,0.9404111504554749,0.0,0.0,0.0595888867974281,0.0,0.94047349691391,0.0,0.0,0.0595265328884124,0.0,0.9404319524765016,0.0,0.0,0.059568103402853,0.0,0.9404111504554749,0.0,0.0,0.0595888867974281,0.0,0.9404111504554749,0.0,0.0,0.0595888867974281,0.0,0.9403903484344482,0.0,0.0,0.0596096701920032,0.0,0.9404526948928832,0.0,0.0,0.0595473162829875,0.0,0.9403903484344482,0.0,0.0,0.0596096701920032,0.0,0.9404111504554749,0.0,0.0,0.0595888867974281,0.0,0.9403696060180664,0.0,0.0,0.0596304535865783,0.0,0.9403696060180664,0.0,0.0,0.0596304535865783,0.0,0.94047349691391,0.0,0.0,0.0595265328884124,0.0,0.9404319524765016,0.0,0.0,0.059568103402853,0.0,0.9403488039970398,0.0,0.0,0.0596512407064437,0.0,0.9403488039970398,0.0,0.0,0.0596512407064437,0.0,0.9404111504554749,0.0,0.0,0.0595888867974281,0.0,0.9404942989349364,0.0,0.0,0.0595057494938373,0.0,0.9402864575386048,0.0,0.0,0.0597135946154594,0.0,0.9403696060180664,0.0,0.0,0.0596304535865783,0.0,0.9403280019760132,0.0,0.0,0.0596720241010189,0.0,0.9404526948928832,0.0,0.0,0.0595473162829875,0.0,0.9403696060180664,0.0,0.0,0.0596304535865783,0.0,0.6625028848648071,0.0280173774808645,0.0340240709483623,0.2748737335205078,0.0005819633370265,0.6342776417732239,0.0208051893860101,0.0245048124343156,0.3200174570083618,0.0003949036763515,0.6365639567375183,0.0176459588110446,0.0211793072521686,0.3240704238414764,0.0005403945106081,0.6286450624465942,0.0210546012967824,0.0250867754220962,0.3245692551136017,0.0006443165475502,0.6477251648902893,0.0164404641836881,0.0189553759992122,0.3165464699268341,0.0003325504658278,0.6436929702758789,0.0195581242442131,0.0248373635113239,0.3114542961120605,0.0004572568868752,0.6617130637168884,0.0261052120476961,0.0287864003330469,0.282979667186737,0.0004156880895607,0.6172136664390564,0.0105169080197811,0.0131980963051319,0.3588843047618866,0.0001870596315711,0.6216822862625122,0.0119302477687597,0.0139671191573143,0.3522540926933288,0.0001662752329139,0.6695488095283508,0.028599340468645,0.0326730832457542,0.2684513628482818,0.0007274541421793,0.6461039781570435,0.016232619062066,0.0207220502197742,0.3165256977081299,0.0004156880895607,0.6474757790565491,0.0190592985600233,0.0234448071569204,0.3095629215240478,0.0004572568868752,0.6409494280815125,0.021220875903964,0.0254193264991045,0.3119531273841858,0.0004572568868752,0.6222227215766907,0.0162741877138614,0.0200777351856231,0.3409265875816345,0.0004988256841897,0.619624674320221,0.0158585011959075,0.0194749869406223,0.3446469902992248,0.0003949036763515,0.6772182583808899,0.0266040377318859,0.0314052328467369,0.2641282081604004,0.0006443165475502,0.6298090219497681,0.0137592758983373,0.0162118356674909,0.3399081528186798,0.0003117660526186,0.6557894945144653,0.0274146292358636,0.0305946432054042,0.2857855558395386,0.0004156880895607,0.629684329032898,0.0144451605156064,0.016960073262453,0.3384324610233307,0.0004780413000844,0.6107081174850464,0.0131773119792342,0.0167106613516807,0.3590089976787567,0.0003949036763515,0.6200610995292664,0.0193710643798112,0.0252322666347026,0.3348783254623413,0.0004572568868752,0.6306611895561218,0.0130110373720526,0.0158585011959075,0.3399704992771148,0.0004988256841897,0.6402220129966736,0.0139671191573143,0.0182279217988252,0.3271049559116363,0.0004780413000844,0.6414482593536377,0.0183318443596363,0.0229667667299509,0.3168166577816009,0.000436472473666,0.6459169387817383,0.0211793072521686,0.0253154039382934,0.3072142899036407,0.0003741192631423,0.6375616192817688,0.0147153576835989,0.0182071384042501,0.3291418254375458,0.0003741192631423,0.6185023188591003,0.0135098630562424,0.0157545786350965,0.3519423007965088,0.0002909816685132,0.6206222772598267,0.014465944841504,0.0177290961146354,0.3468085527420044,0.0003741192631423,0.6548126339912415,0.022779706865549,0.0273730605840683,0.2948059737682342,0.0002286284434376,0.6386216282844543,0.024567166343331337,0.02940993197262287,0.3067362308502197,0.0006651009316556156
103,0.9360672235488892,0.0,0.0,0.063932828605175,0.0,0.936337411403656,0.0,0.0,0.0636626332998275,0.0,0.9363166093826294,0.0,0.0,0.0636834129691124,0.0,0.9363582134246826,0.0,0.0,0.0636418461799621,0.0,0.9362958073616028,0.0,0.0,0.0637042000889778,0.0,0.9363582134246826,0.0,0.0,0.0636418461799621,0.0,0.9363789558410645,0.0,0.0,0.0636210590600967,0.0,0.936337411403656,0.0,0.0,0.0636626332998275,0.0,0.9363789558410645,0.0,0.0,0.0636210590600967,0.0,0.9364413022994996,0.0,0.0,0.063558705151081,0.0,0.9363997578620912,0.0,0.0,0.0636002793908119,0.0,0.9363789558410645,0.0,0.0,0.0636210590600967,0.0,0.9363789558410645,0.0,0.0,0.0636210590600967,0.0,0.9363582134246826,0.0,0.0,0.0636418461799621,0.0,0.9364205598831176,0.0,0.0,0.0635794922709465,0.0,0.9363582134246826,0.0,0.0,0.0636418461799621,0.0,0.9363789558410645,0.0,0.0,0.0636210590600967,0.0,0.936337411403656,0.0,0.0,0.0636626332998275,0.0,0.936337411403656,0.0,0.0,0.0636626332998275,0.0,0.9364413022994996,0.0,0.0,0.063558705151081,0.0,0.9363997578620912,0.0,0.0,0.0636002793908119,0.0,0.9363166093826294,0.0,0.0,0.0636834129691124,0.0,0.9363166093826294,0.0,0.0,0.0636834129691124,0.0,0.9363789558410645,0.0,0.0,0.0636210590600967,0.0,0.936462104320526,0.0,0.0,0.0635379254817962,0.0,0.9362542629241944,0.0,0.0,0.063745766878128,0.0,0.936337411403656,0.0,0.0,0.0636626332998275,0.0,0.9362958073616028,0.0,0.0,0.0637042000889778,0.0,0.9364205598831176,0.0,0.0,0.0635794922709465,0.0,0.936337411403656,0.0,0.0,0.0636626332998275,0.0,0.6500530242919922,0.0287864003330469,0.0339409336447715,0.2866169214248657,0.0006027477211318,0.6253403425216675,0.0206804815679788,0.0245671663433313,0.328933984041214,0.0004780413000844,0.6278968453407288,0.0178122334182262,0.0209506787359714,0.3327583074569702,0.0005819633370265,0.6190011501312256,0.0210546012967824,0.0251075606793165,0.3341924250125885,0.0006443165475502,0.6397231817245483,0.0163573268800973,0.0191008672118186,0.3244237601757049,0.0003949036763515,0.6341114044189453,0.0203687157481908,0.024546381086111,0.3204331696033478,0.0005403945106081,0.6511961817741394,0.0255648177117109,0.029846403747797,0.2929561734199524,0.000436472473666,0.6105834245681763,0.010454555042088,0.0132188806310296,0.3655560910701751,0.0001870596315711,0.6149066090583801,0.0115769132971763,0.0138424132019281,0.3594662547111511,0.0002078440447803,0.6581173539161682,0.0292644407600164,0.0328809283673763,0.2790098488330841,0.0007274541421793,0.6374576687812805,0.0170224271714687,0.0202855784446001,0.3247770965099334,0.0004572568868752,0.6384137272834778,0.019038513302803,0.023507161065936,0.3185002207756042,0.0005403945106081,0.6310352683067322,0.0211793072521686,0.0265832524746656,0.3207449316978454,0.0004572568868752,0.6139712929725647,0.0161079131066799,0.0203271470963954,0.3490324914455414,0.0005611788947135,0.6112900972366333,0.0163573268800973,0.019142435863614,0.3527944684028625,0.0004156880895607,0.6658284068107605,0.0273314919322729,0.0324652381241321,0.2737098038196563,0.0006651009316556,0.6225137114524841,0.0132812345400452,0.0160871297121047,0.347764641046524,0.0003533348790369,0.6449400782585144,0.0269573722034692,0.0311558209359645,0.2964479625225067,0.0004988256841897,0.6219317317008972,0.0143412388861179,0.0170432105660438,0.346185028553009,0.0004988256841897,0.6032673120498657,0.0132604502141475,0.0166483074426651,0.3664290308952331,0.0003949036763515,0.6112277507781982,0.0188306700438261,0.025169912725687,0.3442520797252655,0.0005196101265028,0.623490571975708,0.0123875048011541,0.0164404641836881,0.3471826910972595,0.0004988256841897,0.632594108581543,0.0131357433274388,0.0185812581330537,0.335190087556839,0.0004988256841897,0.6328227519989014,0.0175212528556585,0.0237773582339286,0.3253798484802246,0.0004988256841897,0.6361482739448547,0.0217197015881538,0.0256063863635063,0.3161100149154663,0.0004156880895607,0.6289776563644409,0.0157337933778762,0.0177290961146354,0.3371438086032867,0.0004156880895607,0.6112069487571716,0.0132812345400452,0.0155883030965924,0.3595909774303436,0.0003325504658278,0.6129320859909058,0.0148816332221031,0.0173965469002723,0.3543948829174042,0.0003949036763515,0.6440463066101074,0.0230706892907619,0.028495417907834,0.30413818359375,0.0002494128420948,0.6276682019233704,0.0254193264991045,0.029659343883395195,0.3165672719478607,0.0006858853157609701
104,0.934529185295105,0.0,0.0,0.0654708743095398,0.0,0.9347993731498718,0.0,0.0,0.0652006790041923,0.0,0.9347785711288452,0.0,0.0,0.0652214586734771,0.0,0.9348201155662536,0.0,0.0,0.0651798918843269,0.0,0.9347577691078186,0.0,0.0,0.0652422457933425,0.0,0.9348201155662536,0.0,0.0,0.0651798918843269,0.0,0.9348409175872804,0.0,0.0,0.0651591047644615,0.0,0.9347993731498718,0.0,0.0,0.0652006790041923,0.0,0.9348409175872804,0.0,0.0,0.0651591047644615,0.0,0.9349032640457152,0.0,0.0,0.0650967508554458,0.0,0.9348617196083068,0.0,0.0,0.0651383250951767,0.0,0.9348409175872804,0.0,0.0,0.0651591047644615,0.0,0.9348409175872804,0.0,0.0,0.0651591047644615,0.0,0.9348201155662536,0.0,0.0,0.0651798918843269,0.0,0.9348825216293336,0.0,0.0,0.0651175379753112,0.0,0.9348201155662536,0.0,0.0,0.0651798918843269,0.0,0.9348409175872804,0.0,0.0,0.0651591047644615,0.0,0.9347993731498718,0.0,0.0,0.0652006790041923,0.0,0.9347993731498718,0.0,0.0,0.0652006790041923,0.0,0.9349032640457152,0.0,0.0,0.0650967508554458,0.0,0.9348617196083068,0.0,0.0,0.0651383250951767,0.0,0.9347785711288452,0.0,0.0,0.0652214586734771,0.0,0.9347785711288452,0.0,0.0,0.0652214586734771,0.0,0.9348409175872804,0.0,0.0,0.0651591047644615,0.0,0.934924066066742,0.0,0.0,0.065075971186161,0.0,0.9347162246704102,0.0,0.0,0.0652838125824928,0.0,0.9347993731498718,0.0,0.0,0.0652006790041923,0.0,0.9347577691078186,0.0,0.0,0.0652422457933425,0.0,0.9348825216293336,0.0,0.0,0.0651175379753112,0.0,0.9347993731498718,0.0,0.0,0.0652006790041923,0.0,0.6418639421463013,0.0284538492560386,0.0341279916465282,0.294951468706131,0.0006027477211318,0.6185646653175354,0.0210130326449871,0.0237357895821332,0.3362085223197937,0.0004780413000844,0.6213705539703369,0.0183941982686519,0.0207220502197742,0.3389104902744293,0.0006027477211318,0.6126410961151123,0.0204518530517816,0.0248997155576944,0.3413422703742981,0.0006651009316556,0.6341114044189453,0.0159208532422781,0.0188306700438261,0.330742210149765,0.0003949036763515,0.6275435090065002,0.0209298953413963,0.0235487297177314,0.3274374902248382,0.0005403945106081,0.6434643864631653,0.0254193264991045,0.0304075833410024,0.3002722859382629,0.000436472473666,0.6064888834953308,0.0103298490867018,0.0129694677889347,0.3700247406959533,0.0001870596315711,0.6107912659645081,0.0110365189611911,0.0142581015825271,0.3637062907218933,0.0002078440447803,0.6489306688308716,0.0296177752315998,0.0328185744583606,0.2879055738449096,0.0007274541421793,0.6317003965377808,0.0171263497322797,0.0199322439730167,0.3307837843894958,0.0004572568868752,0.6322823762893677,0.0191008672118186,0.0227173529565334,0.3253590762615204,0.0005403945106081,0.6238439083099365,0.0212624445557594,0.0266871750354766,0.3277492821216583,0.0004572568868752,0.6085465550422668,0.0160247758030891,0.0199322439730167,0.3549352586269378,0.0005611788947135,0.6060940027236938,0.0159832071512937,0.0187891013920307,0.358697235584259,0.000436472473666,0.6571404933929443,0.0277471803128719,0.0327354371547699,0.2817118167877197,0.0006651009316556,0.6177540421485901,0.0129071148112416,0.0163365416228771,0.3526074290275574,0.0003949036763515,0.63664710521698,0.026416977867484,0.0319871976971626,0.3044499456882477,0.0004988256841897,0.6172136664390564,0.0141126103699207,0.0168977212160825,0.3512772023677826,0.0004988256841897,0.5989441871643066,0.0130318216979503,0.0160455591976642,0.3715835809707641,0.0003949036763515,0.6045144200325012,0.0198075380176305,0.0243177525699138,0.3508407473564148,0.0005196101265028,0.6186685562133789,0.0123875048011541,0.0160455591976642,0.3523995578289032,0.0004988256841897,0.6273148655891418,0.0140086887404322,0.0180616471916437,0.340095192193985,0.0005196101265028,0.6264419555664062,0.0178538039326667,0.0231746099889278,0.3320100605487823,0.0005196101265028,0.6294140815734863,0.0215949956327676,0.0254193264991045,0.3231559097766876,0.0004156880895607,0.6239062547683716,0.015131046064198,0.0178953725844621,0.3426308929920196,0.000436472473666,0.6071540117263794,0.012325151823461,0.0154843814671039,0.3647039532661438,0.0003325504658278,0.6084218621253967,0.0143204545602202,0.0170016419142484,0.3598611652851105,0.0003949036763515,0.6360443234443665,0.0235695149749517,0.0290981661528348,0.3110178112983703,0.000270197255304,0.6204560399055481,0.025169912725687027,0.029015028849244118,0.3246731758117676,0.0006858853157609701
105,0.9343213438987732,0.0,0.0,0.0656787157058715,0.0,0.93459153175354,0.0,0.0,0.0654085204005241,0.0,0.9345707297325134,0.0,0.0,0.0654293075203895,0.0,0.934612274169922,0.0,0.0,0.0653877332806587,0.0,0.9345499277114868,0.0,0.0,0.0654500871896743,0.0,0.934612274169922,0.0,0.0,0.0653877332806587,0.0,0.9346330761909484,0.0,0.0,0.0653669536113739,0.0,0.93459153175354,0.0,0.0,0.0654085204005241,0.0,0.9346330761909484,0.0,0.0,0.0653669536113739,0.0,0.9346954226493835,0.0,0.0,0.0653045997023582,0.0,0.9346538782119752,0.0,0.0,0.0653461664915084,0.0,0.9346330761909484,0.0,0.0,0.0653669536113739,0.0,0.9346330761909484,0.0,0.0,0.0653669536113739,0.0,0.934612274169922,0.0,0.0,0.0653877332806587,0.0,0.9346746802330016,0.0,0.0,0.065325379371643,0.0,0.934612274169922,0.0,0.0,0.0653877332806587,0.0,0.9346330761909484,0.0,0.0,0.0653669536113739,0.0,0.93459153175354,0.0,0.0,0.0654085204005241,0.0,0.93459153175354,0.0,0.0,0.0654085204005241,0.0,0.9346954226493835,0.0,0.0,0.0653045997023582,0.0,0.9346538782119752,0.0,0.0,0.0653461664915084,0.0,0.9345707297325134,0.0,0.0,0.0654293075203895,0.0,0.9345707297325134,0.0,0.0,0.0654293075203895,0.0,0.9346330761909484,0.0,0.0,0.0653669536113739,0.0,0.9347162246704102,0.0,0.0,0.0652838125824928,0.0,0.9345083832740784,0.0,0.0,0.0654916539788246,0.0,0.93459153175354,0.0,0.0,0.0654085204005241,0.0,0.9345499277114868,0.0,0.0,0.0654500871896743,0.0,0.9346746802330016,0.0,0.0,0.065325379371643,0.0,0.93459153175354,0.0,0.0,0.0654085204005241,0.0,0.6347764730453491,0.0282044354826211,0.0347930938005447,0.3016232848167419,0.0006027477211318,0.614075243473053,0.0199945960193872,0.0238397121429443,0.3416124582290649,0.0004780413000844,0.6167979836463928,0.0185604728758335,0.0205349903553724,0.3435038328170776,0.0006027477211318,0.6067591309547424,0.0208883266896009,0.0249205008149147,0.3467670083045959,0.0006651009316556,0.6295803785324097,0.0156922247260808,0.0199945960193872,0.3343379199504852,0.0003949036763515,0.6215160489082336,0.0212832298129796,0.0236318670213222,0.3330077230930328,0.0005611788947135,0.6362106204032898,0.0262299180030822,0.0307193491607904,0.3063828945159912,0.0004572568868752,0.6032673120498657,0.010558477602899,0.0131149590015411,0.3728722035884857,0.0001870596315711,0.607819139957428,0.0106000462546944,0.014465944841504,0.3669070899486542,0.0002078440447803,0.6404922008514404,0.0303867980837821,0.0335044600069522,0.2948891222476959,0.0007274541421793,0.6275435090065002,0.0167730133980512,0.0198283214122056,0.3353979289531708,0.0004572568868752,0.626649796962738,0.019869890064001,0.0228420607745647,0.3300771117210388,0.0005611788947135,0.6177748441696167,0.0223432350903749,0.0261675640940666,0.3332571387290954,0.0004572568868752,0.6048261523246765,0.0156922247260808,0.0197036154568195,0.3592168688774109,0.0005611788947135,0.6014798879623413,0.0164404641836881,0.0187059640884399,0.3629372715950012,0.000436472473666,0.6489306688308716,0.0289318896830081,0.0321742594242095,0.2892981171607971,0.0006651009316556,0.6145116686820984,0.0129071148112416,0.0162949729710817,0.3558913469314575,0.0003949036763515,0.6286450624465942,0.0277471803128719,0.0322366096079349,0.310872346162796,0.0004988256841897,0.613243818283081,0.0139463348314166,0.0175212528556585,0.3547897636890411,0.0004988256841897,0.5955563187599182,0.0127408392727375,0.0159208532422781,0.3753871321678161,0.0003949036763515,0.5990273356437683,0.0196828301995992,0.0236110836267471,0.3571591973304748,0.0005196101265028,0.6157587766647339,0.0120549546554684,0.0161702670156955,0.3555172383785248,0.0004988256841897,0.6228046417236328,0.0150894774124026,0.0174796842038631,0.3441065847873688,0.0005196101265028,0.6209132671356201,0.0187891013920307,0.0224679410457611,0.3372893035411834,0.0005403945106081,0.6231579780578613,0.0224263723939657,0.0248789321631193,0.3291210532188415,0.0004156880895607,0.6201650500297546,0.0150686930865049,0.0177083127200603,0.3466215133666992,0.000436472473666,0.6038908362388611,0.0121380919590592,0.0156090874224901,0.3680294454097748,0.0003325504658278,0.6048053503036499,0.0139671191573143,0.0171055644750595,0.3637270629405975,0.0003949036763515,0.6292062401771545,0.0244424585253,0.0289526749402284,0.317128449678421,0.000270197255304,0.6129736304283142,0.025918152183294296,0.029763266444206238,0.33065909147262573,0.0006858853157609701
106,0.9324923157691956,0.0,0.0,0.0675077438354492,0.0,0.9327625036239624,0.0,0.0,0.0672375485301017,0.0,0.9327417016029358,0.0,0.0,0.0672583281993866,0.0,0.9327832460403442,0.0,0.0,0.0672167614102363,0.0,0.9327208995819092,0.0,0.0,0.067279115319252,0.0,0.9327832460403442,0.0,0.0,0.0672167614102363,0.0,0.9328040480613708,0.0,0.0,0.0671959817409515,0.0,0.9327625036239624,0.0,0.0,0.0672375485301017,0.0,0.9328040480613708,0.0,0.0,0.0671959817409515,0.0,0.932866394519806,0.0,0.0,0.0671336278319358,0.0,0.9328248500823976,0.0,0.0,0.0671751946210861,0.0,0.9328040480613708,0.0,0.0,0.0671959817409515,0.0,0.9328040480613708,0.0,0.0,0.0671959817409515,0.0,0.9327832460403442,0.0,0.0,0.0672167614102363,0.0,0.932845652103424,0.0,0.0,0.0671544075012207,0.0,0.9327832460403442,0.0,0.0,0.0672167614102363,0.0,0.9328040480613708,0.0,0.0,0.0671959817409515,0.0,0.9327625036239624,0.0,0.0,0.0672375485301017,0.0,0.9327625036239624,0.0,0.0,0.0672375485301017,0.0,0.932866394519806,0.0,0.0,0.0671336278319358,0.0,0.9328248500823976,0.0,0.0,0.0671751946210861,0.0,0.9327417016029358,0.0,0.0,0.0672583281993866,0.0,0.9327417016029358,0.0,0.0,0.0672583281993866,0.0,0.9328040480613708,0.0,0.0,0.0671959817409515,0.0,0.9328871965408324,0.0,0.0,0.0671128407120704,0.0,0.9326793551445008,0.0,0.0,0.0673206821084022,0.0,0.9327625036239624,0.0,0.0,0.0672375485301017,0.0,0.9327208995819092,0.0,0.0,0.067279115319252,0.0,0.932845652103424,0.0,0.0,0.0671544075012207,0.0,0.9327625036239624,0.0,0.0,0.0672375485301017,0.0,0.6252779960632324,0.0296177752315998,0.0347099564969539,0.3097707629203796,0.0006235321052372,0.6071540117263794,0.0195165555924177,0.0246295183897018,0.3482011258602142,0.0004988256841897,0.609627366065979,0.0193294957280159,0.0212000925093889,0.3492195606231689,0.0006235321052372,0.5999002456665039,0.0211377386003732,0.0256063863635063,0.3526905477046966,0.0006651009316556,0.6236360669136047,0.0164820328354835,0.0199738126248121,0.3394924700260162,0.0004156880895607,0.6143246293067932,0.0217612702399492,0.0239436328411102,0.3394093215465545,0.0005611788947135,0.6270031332969666,0.0271028634160757,0.0323613174259662,0.3130339086055755,0.0004988256841897,0.5981335639953613,0.0114729907363653,0.0132604502141475,0.3769459426403045,0.0001870596315711,0.602726936340332,0.0113482847809791,0.0145282987505197,0.3711678981781006,0.0002286284434376,0.6310145258903503,0.0309271924197673,0.0347723066806793,0.302558571100235,0.0007274541421793,0.6211835145950317,0.0173134077340364,0.0197036154568195,0.3413422703742981,0.0004572568868752,0.6198948621749878,0.0199738126248121,0.0235695149749517,0.3360006809234619,0.0005611788947135,0.6101885437965393,0.0231538265943527,0.0265416838228702,0.3396379351615906,0.0004780413000844,0.5991312265396118,0.0154843814671039,0.0203687157481908,0.3644337356090545,0.0005819633370265,0.595119833946228,0.0168977212160825,0.0192255731672048,0.3682996332645416,0.0004572568868752,0.6404713988304138,0.0291397348046302,0.0329640656709671,0.2967389523983001,0.0006858853157609,0.608920693397522,0.0132812345400452,0.0171263497322797,0.3602560758590698,0.0004156880895607,0.6200195550918579,0.0281628668308258,0.0328601412475109,0.3184586465358734,0.0004988256841897,0.6073618531227112,0.0147153576835989,0.0178538039326667,0.3595702052116394,0.0004988256841897,0.5903810262680054,0.0127200549468398,0.0163365416228771,0.3801467418670654,0.0004156880895607,0.5915241241455078,0.0209298953413963,0.0244216751307249,0.3626047074794769,0.0005196101265028,0.6104171872138977,0.012636917643249,0.0160247758030891,0.3604223430156708,0.0004988256841897,0.6164446473121643,0.0161702670156955,0.01768752746284,0.3491779863834381,0.0005196101265028,0.6138674020767212,0.0199738126248121,0.0229044128209352,0.3426724672317505,0.0005819633370265,0.6146987676620483,0.0236110836267471,0.025897366926074,0.3353563547134399,0.000436472473666,0.6142207384109497,0.0157337933778762,0.0178538039326667,0.3517552614212036,0.000436472473666,0.598861038684845,0.0120341703295707,0.0163781102746725,0.3723941743373871,0.0003325504658278,0.5991104245185852,0.0139047661796212,0.0181447844952344,0.3684243559837341,0.0004156880895607,0.620144248008728,0.0270612947642803,0.0282044354826211,0.3242990672588348,0.0002909816685132,0.6052002906799316,0.025814229622483253,0.030511505901813507,0.3377673625946045,0.0007066697580739856
107,0.9299981594085692,0.0,0.0,0.070001870393753,0.0,0.9302683472633362,0.0,0.0,0.0697316750884056,0.0,0.9302475452423096,0.0,0.0,0.069752462208271,0.0,0.9302891492843628,0.0,0.0,0.0697108879685401,0.0,0.9302268028259276,0.0,0.0,0.0697732418775558,0.0,0.9302891492843628,0.0,0.0,0.0697108879685401,0.0,0.9303099513053894,0.0,0.0,0.0696901082992553,0.0,0.9302683472633362,0.0,0.0,0.0697316750884056,0.0,0.9303099513053894,0.0,0.0,0.0696901082992553,0.0,0.9303722977638244,0.0,0.0,0.0696277543902397,0.0,0.9303306937217712,0.0,0.0,0.0696693211793899,0.0,0.9303099513053894,0.0,0.0,0.0696901082992553,0.0,0.9303099513053894,0.0,0.0,0.0696901082992553,0.0,0.9302891492843628,0.0,0.0,0.0697108879685401,0.0,0.930351495742798,0.0,0.0,0.0696485415101051,0.0,0.9302891492843628,0.0,0.0,0.0697108879685401,0.0,0.9303099513053894,0.0,0.0,0.0696901082992553,0.0,0.9302683472633362,0.0,0.0,0.0697316750884056,0.0,0.9302683472633362,0.0,0.0,0.0697316750884056,0.0,0.9303722977638244,0.0,0.0,0.0696277543902397,0.0,0.9303306937217712,0.0,0.0,0.0696693211793899,0.0,0.9302475452423096,0.0,0.0,0.069752462208271,0.0,0.9302475452423096,0.0,0.0,0.069752462208271,0.0,0.9303099513053894,0.0,0.0,0.0696901082992553,0.0,0.9303930401802064,0.0,0.0,0.0696069672703743,0.0,0.9301851987838744,0.0,0.0,0.0698148161172866,0.0,0.9302683472633362,0.0,0.0,0.0697316750884056,0.0,0.9302268028259276,0.0,0.0,0.0697732418775558,0.0,0.930351495742798,0.0,0.0,0.0696485415101051,0.0,0.9302683472633362,0.0,0.0,0.0697316750884056,0.0,0.6143454313278198,0.02963856048882,0.0364350602030754,0.3189574778079986,0.0006235321052372,0.5992351770401001,0.0200361646711826,0.0257103070616722,0.354436457157135,0.0005819633370265,0.6026229858398438,0.0192047897726297,0.0222808811813592,0.3552262485027313,0.0006651009316556,0.5922931432723999,0.0206389129161834,0.0266663897782564,0.3597364723682403,0.0006651009316556,0.6168187856674194,0.0168353673070669,0.0204102843999862,0.3454991579055786,0.000436472473666,0.606218695640564,0.0218236241489648,0.0251075606793165,0.3462473750114441,0.0006027477211318,0.6164238452911377,0.0287032611668109,0.0325899459421634,0.3217633664608001,0.0005196101265028,0.5928959250450134,0.0116184819489717,0.0131149590015411,0.3821628391742706,0.0002078440447803,0.5968449711799622,0.0119926007464528,0.0146737890318036,0.3762600719928741,0.0002286284434376,0.6209756135940552,0.0310726836323738,0.0359985865652561,0.3112048804759979,0.0007482385262846,0.614075243473053,0.0173134077340364,0.0208467580378055,0.3473073840141296,0.0004572568868752,0.6119136214256287,0.0204310696572065,0.0240891240537166,0.3429842293262481,0.0005819633370265,0.6021242141723633,0.0228420607745647,0.0271028634160757,0.3473905324935913,0.0005403945106081,0.5925217866897583,0.0153804589062929,0.020493421703577,0.3710016012191772,0.0006027477211318,0.588219404220581,0.0170016419142484,0.0201608724892139,0.3741608560085296,0.0004572568868752,0.6300376653671265,0.0297216977924108,0.0339617170393466,0.305551528930664,0.0007274541421793,0.6025606393814087,0.0138839818537235,0.0170224271714687,0.3661172688007355,0.0004156880895607,0.6111654043197632,0.0277056097984313,0.0342319123446941,0.3263982832431793,0.0004988256841897,0.6008979082107544,0.0149647705256938,0.0181655697524547,0.3654521703720093,0.0005196101265028,0.584602952003479,0.0125953489914536,0.0165859553962945,0.3858001232147217,0.0004156880895607,0.5838546752929688,0.0213040150701999,0.0241722613573074,0.3701494634151459,0.0005196101265028,0.6045559644699097,0.0128655461594462,0.0161494817584753,0.3659094274044037,0.0005196101265028,0.6100430488586426,0.0164820328354835,0.0175628215074539,0.3553925156593323,0.0005196101265028,0.6064265370368958,0.0203271470963954,0.0229251980781555,0.3496975898742676,0.0006235321052372,0.6060108542442322,0.0240683406591415,0.0269158035516738,0.3425477743148803,0.0004572568868752,0.6078398823738098,0.0150686930865049,0.0192671418190002,0.3573670387268066,0.0004572568868752,0.5928127765655518,0.012325151823461,0.0167730133980512,0.3777565360069275,0.0003325504658278,0.5932700037956238,0.0135930003598332,0.0181240011006593,0.3745765388011932,0.000436472473666,0.6106042265892029,0.0273730605840683,0.0295138545334339,0.3322179019451141,0.0002909816685132,0.5955355167388916,0.026063643395900726,0.03148837387561798,0.34620583057403564,0.0007066697580739856
108,0.9270052313804626,0.0,0.0,0.0729948282241821,0.0,0.9272754192352296,0.0,0.0,0.0727246329188346,0.0,0.9272546172142028,0.0,0.0,0.0727454125881195,0.0,0.9272961616516112,0.0,0.0,0.0727038457989692,0.0,0.9272338151931764,0.0,0.0,0.0727661997079849,0.0,0.9272961616516112,0.0,0.0,0.0727038457989692,0.0,0.927316963672638,0.0,0.0,0.0726830586791038,0.0,0.9272754192352296,0.0,0.0,0.0727246329188346,0.0,0.927316963672638,0.0,0.0,0.0726830586791038,0.0,0.927379310131073,0.0,0.0,0.0726207047700882,0.0,0.9273377656936646,0.0,0.0,0.072662279009819,0.0,0.927316963672638,0.0,0.0,0.0726830586791038,0.0,0.927316963672638,0.0,0.0,0.0726830586791038,0.0,0.9272961616516112,0.0,0.0,0.0727038457989692,0.0,0.9273585677146912,0.0,0.0,0.0726414918899536,0.0,0.9272961616516112,0.0,0.0,0.0727038457989692,0.0,0.927316963672638,0.0,0.0,0.0726830586791038,0.0,0.9272754192352296,0.0,0.0,0.0727246329188346,0.0,0.9272754192352296,0.0,0.0,0.0727246329188346,0.0,0.927379310131073,0.0,0.0,0.0726207047700882,0.0,0.9273377656936646,0.0,0.0,0.072662279009819,0.0,0.9272546172142028,0.0,0.0,0.0727454125881195,0.0,0.9272546172142028,0.0,0.0,0.0727454125881195,0.0,0.927316963672638,0.0,0.0,0.0726830586791038,0.0,0.9274001121520996,0.0,0.0,0.0725999251008033,0.0,0.9271922707557678,0.0,0.0,0.0728077664971351,0.0,0.9272754192352296,0.0,0.0,0.0727246329188346,0.0,0.9272338151931764,0.0,0.0,0.0727661997079849,0.0,0.9273585677146912,0.0,0.0,0.0726414918899536,0.0,0.9272754192352296,0.0,0.0,0.0727246329188346,0.0,0.6027684807777405,0.0315715111792087,0.0354374088346958,0.3295783102512359,0.0006443165475502,0.5904017686843872,0.0206389129161834,0.0259181521832942,0.3623552918434143,0.0006858853157609,0.595057487487793,0.0187891013920307,0.0228004921227693,0.362667053937912,0.0006858853157609,0.5841872692108154,0.0209298953413963,0.0258765835314989,0.3682996332645416,0.0007066697580739,0.6084218621253967,0.0181655697524547,0.0204310696572065,0.3525450527667999,0.000436472473666,0.5976971387863159,0.0223224498331546,0.0253985412418842,0.3539792001247406,0.0006027477211318,0.6059693098068237,0.0299711115658283,0.0317585691809654,0.3317814469337463,0.0005196101265028,0.5867853164672852,0.0121796606108546,0.0130110373720526,0.3877954185009002,0.0002286284434376,0.5912331342697144,0.0120341703295707,0.0141541790217161,0.3823499083518982,0.0002286284434376,0.609627366065979,0.0317793525755405,0.0369131006300449,0.3209111988544464,0.0007690229685977,0.6067591309547424,0.0174173302948474,0.0212416611611843,0.3541246652603149,0.0004572568868752,0.6035791039466858,0.0211793072521686,0.0236318670213222,0.3510070145130157,0.0006027477211318,0.5936649441719055,0.0226550009101629,0.0268326662480831,0.3562654852867126,0.0005819633370265,0.5848523378372192,0.0161702670156955,0.0199945960193872,0.3783385157585144,0.0006443165475502,0.5813397765159607,0.0172302704304456,0.0200153812766075,0.3809573352336883,0.0004572568868752,0.6197909116744995,0.0298256203532218,0.0344813279807567,0.3151539266109466,0.0007482385262846,0.5959511995315552,0.0142788859084248,0.0165028162300586,0.3728306293487549,0.000436472473666,0.6012304425239563,0.0278926696628332,0.0337123051285743,0.3366450071334839,0.0005196101265028,0.5943923592567444,0.0152973216027021,0.0175212528556585,0.3722694516181946,0.0005196101265028,0.578284502029419,0.0131357433274388,0.0160455591976642,0.3920977711677551,0.000436472473666,0.5758526921272278,0.0211377386003732,0.0240059867501258,0.3784840106964111,0.0005196101265028,0.5981543660163879,0.0129902521148324,0.0156714413315057,0.3726435899734497,0.0005403945106081,0.6025398969650269,0.0172510556876659,0.0168769359588623,0.3627709746360779,0.0005611788947135,0.5979880690574646,0.0209298953413963,0.02236401848495,0.3580944836139679,0.0006235321052372,0.5966578722000122,0.0252322666347026,0.0269158035516738,0.3506744801998138,0.0005196101265028,0.6005237698554993,0.0158585011959075,0.0192671418190002,0.36385178565979,0.0004988256841897,0.5860370397567749,0.0135930003598332,0.0157961472868919,0.3842412829399109,0.0003325504658278,0.5873048901557922,0.0135930003598332,0.0178538039326667,0.3807910680770874,0.0004572568868752,0.6003575325012207,0.0281628668308258,0.029534637928009,0.3416332602500915,0.0003117660526186,0.5854551196098328,0.02747698314487934,0.031093468889594078,0.35524702072143555,0.0007274541421793401
109,0.923700511455536,0.0,0.0,0.0762995481491088,0.0,0.9239706993103028,0.0,0.0,0.0760293528437614,0.0,0.923949897289276,0.0,0.0,0.0760501325130462,0.0,0.9239914417266846,0.0,0.0,0.076008565723896,0.0,0.9239290952682496,0.0,0.0,0.0760709196329116,0.0,0.9239914417266846,0.0,0.0,0.076008565723896,0.0,0.9240122437477112,0.0,0.0,0.0759877786040306,0.0,0.9239706993103028,0.0,0.0,0.0760293528437614,0.0,0.9240122437477112,0.0,0.0,0.0759877786040306,0.0,0.9240745902061462,0.0,0.0,0.0759254246950149,0.0,0.9240330457687378,0.0,0.0,0.0759669989347457,0.0,0.9240122437477112,0.0,0.0,0.0759877786040306,0.0,0.9240122437477112,0.0,0.0,0.0759877786040306,0.0,0.9239914417266846,0.0,0.0,0.076008565723896,0.0,0.9240538477897644,0.0,0.0,0.0759462118148803,0.0,0.9239914417266846,0.0,0.0,0.076008565723896,0.0,0.9240122437477112,0.0,0.0,0.0759877786040306,0.0,0.9239706993103028,0.0,0.0,0.0760293528437614,0.0,0.9239706993103028,0.0,0.0,0.0760293528437614,0.0,0.9240745902061462,0.0,0.0,0.0759254246950149,0.0,0.9240330457687378,0.0,0.0,0.0759669989347457,0.0,0.923949897289276,0.0,0.0,0.0760501325130462,0.0,0.923949897289276,0.0,0.0,0.0760501325130462,0.0,0.9240122437477112,0.0,0.0,0.0759877786040306,0.0,0.9240953922271729,0.0,0.0,0.0759046450257301,0.0,0.9238875508308412,0.0,0.0,0.0761124864220619,0.0,0.9239706993103028,0.0,0.0,0.0760293528437614,0.0,0.9239290952682496,0.0,0.0,0.0760709196329116,0.0,0.9240538477897644,0.0,0.0,0.0759462118148803,0.0,0.9239706993103028,0.0,0.0,0.0760293528437614,0.0,0.5916488766670227,0.0325068086385726,0.0353334881365299,0.3398250043392181,0.0006858853157609,0.5820049047470093,0.0214495044201612,0.0252946205437183,0.3705235719680786,0.0007274541421793,0.5869723558425903,0.0192047897726297,0.0227589216083288,0.3703573048114776,0.0007066697580739,0.5748550295829773,0.0212832298129796,0.0261259954422712,0.377008318901062,0.0007274541421793,0.6005030274391174,0.0184565503150224,0.0202440097928047,0.3603599965572357,0.000436472473666,0.5898198485374451,0.0210753865540027,0.0267495289444923,0.3617317676544189,0.0006235321052372,0.5953276753425598,0.030262092128396,0.0324652381241321,0.3414046168327331,0.0005403945106081,0.580799400806427,0.0118471104651689,0.0133435875177383,0.3937605321407318,0.0002494128420948,0.5843327641487122,0.0128655461594462,0.0138008445501327,0.3887099325656891,0.0002909816685132,0.5981128215789795,0.0317585691809654,0.0378483980894088,0.3314696848392486,0.0008105917368084,0.5987986922264099,0.0181240011006593,0.0210753865540027,0.3615031540393829,0.0004988256841897,0.5946833491325378,0.0213455837219953,0.0245255976915359,0.3588427305221557,0.0006027477211318,0.5842288136482239,0.0229251980781555,0.0271236468106508,0.3651196360588074,0.0006027477211318,0.577640175819397,0.0165651701390743,0.0195373389869928,0.3855922520160675,0.0006651009316556,0.5740236639976501,0.0168353673070669,0.0203895010054111,0.3882734477519989,0.0004780413000844,0.6080061793327332,0.0303036607801914,0.0357491746544837,0.325192779302597,0.0007482385262846,0.5890092253684998,0.0148816332221031,0.0159416384994983,0.3797310590744018,0.000436472473666,0.590214729309082,0.0278095323592424,0.034211128950119,0.3471826910972595,0.0005819633370265,0.5871801972389221,0.0154428118839859,0.0178745873272418,0.3789412677288055,0.0005611788947135,0.5720075964927673,0.0129278991371393,0.0162118356674909,0.3984162509441376,0.000436472473666,0.5668322443962097,0.0215742122381925,0.0250867754220962,0.3859663903713226,0.0005403945106081,0.591253936290741,0.0138839818537235,0.0150894774124026,0.3792114555835724,0.0005611788947135,0.5952861309051514,0.0168977212160825,0.018311059102416,0.3689231872558594,0.0005819633370265,0.5904641151428223,0.0198283214122056,0.0231746099889278,0.3658678531646728,0.0006651009316556,0.5872633457183838,0.025273835286498,0.0276432577520608,0.3592376410961151,0.0005819633370265,0.5939143300056458,0.0156298726797103,0.0186643954366445,0.3712302446365356,0.0005611788947135,0.5796977877616882,0.0135722160339355,0.0153804589062929,0.3910169899463653,0.0003325504658278,0.5798848867416382,0.0142996702343225,0.0177290961146354,0.3875875771045685,0.0004988256841897,0.5898821949958801,0.0287032611668109,0.0301997400820255,0.3508407473564148,0.0003741192631423,0.5758111476898193,0.026541683822870255,0.03244445472955704,0.3644545376300812,0.0007482385262846947
110,0.9181718230247498,0.0,0.0,0.081828199326992,0.0,0.9184420108795166,0.0,0.0,0.0815580040216445,0.0,0.9184212684631348,0.0,0.0,0.0815787836909294,0.0,0.9184628129005432,0.0,0.0,0.0815372169017791,0.0,0.9184004664421082,0.0,0.0,0.0815995708107948,0.0,0.9184628129005432,0.0,0.0,0.0815372169017791,0.0,0.9184836149215698,0.0,0.0,0.0815164297819137,0.0,0.9184420108795166,0.0,0.0,0.0815580040216445,0.0,0.9184836149215698,0.0,0.0,0.0815164297819137,0.0,0.9185459613800048,0.0,0.0,0.0814540833234787,0.0,0.9185043573379515,0.0,0.0,0.0814956501126289,0.0,0.9184836149215698,0.0,0.0,0.0815164297819137,0.0,0.9184836149215698,0.0,0.0,0.0815164297819137,0.0,0.9184628129005432,0.0,0.0,0.0815372169017791,0.0,0.9185251593589784,0.0,0.0,0.0814748629927635,0.0,0.9184628129005432,0.0,0.0,0.0815372169017791,0.0,0.9184836149215698,0.0,0.0,0.0815164297819137,0.0,0.9184420108795166,0.0,0.0,0.0815580040216445,0.0,0.9184420108795166,0.0,0.0,0.0815580040216445,0.0,0.9185459613800048,0.0,0.0,0.0814540833234787,0.0,0.9185043573379515,0.0,0.0,0.0814956501126289,0.0,0.9184212684631348,0.0,0.0,0.0815787836909294,0.0,0.9184212684631348,0.0,0.0,0.0815787836909294,0.0,0.9184836149215698,0.0,0.0,0.0815164297819137,0.0,0.9185667634010316,0.0,0.0,0.0814332962036132,0.0,0.9183589220046996,0.0,0.0,0.081641137599945,0.0,0.9184420108795166,0.0,0.0,0.0815580040216445,0.0,0.9184004664421082,0.0,0.0,0.0815995708107948,0.0,0.9185251593589784,0.0,0.0,0.0814748629927635,0.0,0.9184420108795166,0.0,0.0,0.0815580040216445,0.0,0.5783052444458008,0.0326522998511791,0.0358738824725151,0.3523995578289032,0.0007690229685977,0.5709059834480286,0.0219275467097759,0.0250867754220962,0.3813106715679168,0.0007690229685977,0.5762060284614563,0.0191008672118186,0.0239020641893148,0.3800220489501953,0.0007690229685977,0.5638601183891296,0.0217197015881538,0.0259181521832942,0.3877538442611694,0.0007482385262846,0.5903810262680054,0.0189345926046371,0.0198075380176305,0.3704196512699127,0.0004572568868752,0.5778064131736755,0.0221977438777685,0.0266456063836812,0.3727059364318847,0.0006443165475502,0.5816931128501892,0.030989546328783,0.0336083807051181,0.3531270325183868,0.0005819633370265,0.571384072303772,0.0124290734529495,0.0138631975278258,0.402032732963562,0.0002909816685132,0.5756240487098694,0.0127824088558554,0.0138631975278258,0.3973978161811828,0.0003325504658278,0.5847899913787842,0.0319040603935718,0.0380354598164558,0.344376802444458,0.0008937293896451,0.5887390375137329,0.0181240011006593,0.0213040150701999,0.3712718188762665,0.0005611788947135,0.5833766460418701,0.0221977438777685,0.0247957948595285,0.3690063059329986,0.0006235321052372,0.5724648237228394,0.023403238505125,0.0281005147844553,0.3753663301467895,0.0006651009316556,0.5677052140235901,0.0171055644750595,0.0195581242442131,0.3949452340602875,0.0006858853157609,0.5642549991607666,0.016544384881854,0.0209714639931917,0.3976680040359497,0.0005611788947135,0.5934154987335205,0.0327354371547699,0.0355621166527271,0.3374347984790802,0.0008521605632267,0.5794068574905396,0.015193399041891,0.0166690926998853,0.3882734477519989,0.0004572568868752,0.5773075819015503,0.028391495347023,0.0345436781644821,0.3590505719184875,0.0007066697580739,0.5773283839225769,0.0157130099833011,0.017999293282628,0.3883565962314605,0.0006027477211318,0.5628001093864441,0.0132604502141475,0.0160871297121047,0.4073535501956939,0.0004988256841897,0.5568349957466125,0.0203687157481908,0.0253569725900888,0.3968366384506225,0.0006027477211318,0.5822542905807495,0.0138424132019281,0.0155675187706947,0.3877538442611694,0.0005819633370265,0.5858084559440613,0.0163157563656568,0.0196204781532287,0.3776318430900574,0.0006235321052372,0.5793237090110779,0.0202232245355844,0.0240059867501258,0.3757404685020447,0.0007066697580739,0.5753538608551025,0.0250244233757257,0.0290565975010395,0.3699623942375183,0.0006027477211318,0.5845613479614258,0.0153388902544975,0.0191840045154094,0.380333811044693,0.0005819633370265,0.5709475874900818,0.0135930003598332,0.0153388902544975,0.3997880220413208,0.0003325504658278,0.5702617168426514,0.0145282987505197,0.0178330186754465,0.3968574106693268,0.0005196101265028,0.5767880082130432,0.0290358122438192,0.0316754318773746,0.3620643317699432,0.000436472473666,0.5633196830749512,0.027560120448470116,0.03186248987913132,0.3764471411705017,0.0008105917368084192
111,0.9172989130020142,0.0,0.0,0.0827011466026306,0.0,0.917569100856781,0.0,0.0,0.0824309438467025,0.0,0.9175482988357544,0.0,0.0,0.082451730966568,0.0,0.9175898432731628,0.0,0.0,0.0824101641774177,0.0,0.9175274968147278,0.0,0.0,0.0824725180864334,0.0,0.9175898432731628,0.0,0.0,0.0824101641774177,0.0,0.9176106452941896,0.0,0.0,0.0823893770575523,0.0,0.917569100856781,0.0,0.0,0.0824309438467025,0.0,0.9176106452941896,0.0,0.0,0.0823893770575523,0.0,0.9176729917526244,0.0,0.0,0.0823270231485366,0.0,0.917631447315216,0.0,0.0,0.0823685899376869,0.0,0.9176106452941896,0.0,0.0,0.0823893770575523,0.0,0.9176106452941896,0.0,0.0,0.0823893770575523,0.0,0.9175898432731628,0.0,0.0,0.0824101641774177,0.0,0.9176522493362428,0.0,0.0,0.0823478102684021,0.0,0.9175898432731628,0.0,0.0,0.0824101641774177,0.0,0.9176106452941896,0.0,0.0,0.0823893770575523,0.0,0.917569100856781,0.0,0.0,0.0824309438467025,0.0,0.917569100856781,0.0,0.0,0.0824309438467025,0.0,0.9176729917526244,0.0,0.0,0.0823270231485366,0.0,0.917631447315216,0.0,0.0,0.0823685899376869,0.0,0.9175482988357544,0.0,0.0,0.082451730966568,0.0,0.9175482988357544,0.0,0.0,0.082451730966568,0.0,0.9176106452941896,0.0,0.0,0.0823893770575523,0.0,0.9176937937736512,0.0,0.0,0.0823062434792518,0.0,0.9174859523773192,0.0,0.0,0.0825140848755836,0.0,0.917569100856781,0.0,0.0,0.0824309438467025,0.0,0.9175274968147278,0.0,0.0,0.0824725180864334,0.0,0.9176522493362428,0.0,0.0,0.0823478102684021,0.0,0.917569100856781,0.0,0.0,0.0824309438467025,0.0,0.5687028765678406,0.0329432822763919,0.0380562432110309,0.3595078289508819,0.000789807352703,0.5640679597854614,0.0224679410457611,0.0249412842094898,0.3877538442611694,0.0007690229685977,0.5701577663421631,0.01976596750319,0.0238397121429443,0.3854467868804931,0.000789807352703,0.5582690834999084,0.021324798464775,0.0262507032603025,0.3934071958065033,0.0007482385262846,0.5847276449203491,0.0193918496370315,0.0208051893860101,0.3746181130409241,0.0004572568868752,0.5708852410316467,0.0226342156529426,0.0273730605840683,0.3784632086753845,0.0006443165475502,0.573192298412323,0.0305322892963886,0.0351879969239234,0.3605054914951324,0.0005819633370265,0.5674558281898499,0.0127408392727375,0.0142165319994091,0.4052751064300537,0.0003117660526186,0.5716542601585388,0.0124914264306426,0.0147361429408192,0.4007856547832489,0.0003325504658278,0.5755617022514343,0.0327146537601947,0.0384719334542751,0.3523580133914947,0.0008937293896451,0.5830649137496948,0.018311059102416,0.0219275467097759,0.3761145770549774,0.0005819633370265,0.5759773850440979,0.0232369638979434,0.0254608951508998,0.3746804594993591,0.0006443165475502,0.5663958191871643,0.0230291206389665,0.0287240464240312,0.3811859786510467,0.0006651009316556,0.5636106729507446,0.0162118356674909,0.0195996928960084,0.3998711407184601,0.0007066697580739,0.5593082904815674,0.0162118356674909,0.0213040150701999,0.4026146829128265,0.0005611788947135,0.5843119621276855,0.0330264195799827,0.0370793752372264,0.3447093367576599,0.0008729449473321,0.5750628709793091,0.0147984959185123,0.0171471331268548,0.3925342559814453,0.0004572568868752,0.5695550441741943,0.028911106288433,0.034522894769907,0.3662835657596588,0.0007274541421793,0.5724440813064575,0.0157545786350965,0.0186851788312196,0.3924926817417145,0.0006235321052372,0.5587471127510071,0.0131565276533365,0.0160039905458688,0.4115727841854095,0.0005196101265028,0.5505580902099609,0.020597344264388,0.0261052120476961,0.4021366536617279,0.0006027477211318,0.5780558586120605,0.0138008445501327,0.0160039905458688,0.3915573954582214,0.0005819633370265,0.5803005695343018,0.0170432105660438,0.0200777351856231,0.3819549977779388,0.0006235321052372,0.5740860104560852,0.0196412615478038,0.0249205008149147,0.3806455731391907,0.0007066697580739,0.5676636695861816,0.0256479550153017,0.0298048350960016,0.3762808442115783,0.0006027477211318,0.5793237090110779,0.015816930681467,0.0196204781532287,0.3846153914928436,0.0006235321052372,0.5669777393341064,0.0131357433274388,0.0155883030965924,0.4039656817913055,0.0003325504658278,0.5654397010803223,0.015131046064198,0.0172510556876659,0.4016585946083069,0.0005196101265028,0.5684326887130737,0.0294722858816385,0.0341072082519531,0.3675514161586761,0.000436472473666,0.5548604726791382,0.027975808829069138,0.03298484906554222,0.3833683431148529,0.0008105917368084192
112,0.9171118140220642,0.0,0.0,0.0828882008790969,0.0,0.917382001876831,0.0,0.0,0.0826180055737495,0.0,0.9173612594604492,0.0,0.0,0.0826387926936149,0.0,0.9174028038978576,0.0,0.0,0.0825972184538841,0.0,0.9173404574394226,0.0,0.0,0.0826595723628997,0.0,0.9174028038978576,0.0,0.0,0.0825972184538841,0.0,0.9174236059188844,0.0,0.0,0.0825764387845993,0.0,0.917382001876831,0.0,0.0,0.0826180055737495,0.0,0.9174236059188844,0.0,0.0,0.0825764387845993,0.0,0.9174859523773192,0.0,0.0,0.0825140848755836,0.0,0.9174444079399108,0.0,0.0,0.0825556516647338,0.0,0.9174236059188844,0.0,0.0,0.0825764387845993,0.0,0.9174236059188844,0.0,0.0,0.0825764387845993,0.0,0.9174028038978576,0.0,0.0,0.0825972184538841,0.0,0.9174651503562928,0.0,0.0,0.082534871995449,0.0,0.9174028038978576,0.0,0.0,0.0825972184538841,0.0,0.9174236059188844,0.0,0.0,0.0825764387845993,0.0,0.917382001876831,0.0,0.0,0.0826180055737495,0.0,0.917382001876831,0.0,0.0,0.0826180055737495,0.0,0.9174859523773192,0.0,0.0,0.0825140848755836,0.0,0.9174444079399108,0.0,0.0,0.0825556516647338,0.0,0.9173612594604492,0.0,0.0,0.0826387926936149,0.0,0.9173612594604492,0.0,0.0,0.0826387926936149,0.0,0.9174236059188844,0.0,0.0,0.0825764387845993,0.0,0.917506754398346,0.0,0.0,0.0824932977557182,0.0,0.9172989130020142,0.0,0.0,0.0827011466026306,0.0,0.917382001876831,0.0,0.0,0.0826180055737495,0.0,0.9173404574394226,0.0,0.0,0.0826595723628997,0.0,0.9174651503562928,0.0,0.0,0.082534871995449,0.0,0.917382001876831,0.0,0.0,0.0826180055737495,0.0,0.5641511082649231,0.0287240464240312,0.0382225178182125,0.3681125938892364,0.000789807352703,0.5611789226531982,0.0193294957280159,0.0258765835314989,0.392846018075943,0.0007690229685977,0.5677467584609985,0.0174173302948474,0.0237773582339286,0.3902687430381775,0.000789807352703,0.5558373332023621,0.0184565503150224,0.0257518775761127,0.3991852700710296,0.0007690229685977,0.582150399684906,0.0163781102746725,0.0222393125295639,0.3787749707698822,0.0004572568868752,0.5681416988372803,0.0196620468050241,0.027352275326848,0.38419970870018,0.0006443165475502,0.5687028765678406,0.0273730605840683,0.0361648648977279,0.367177277803421,0.0005819633370265,0.5658761858940125,0.0110157346352934,0.0147361429408192,0.4080601930618286,0.0003117660526186,0.5701369643211365,0.0112027935683727,0.0146114360541105,0.4037162661552429,0.0003325504658278,0.5710930824279785,0.0286409091204404,0.0394280143082141,0.3599443137645721,0.0008937293896451,0.5802797675132751,0.0165859553962945,0.021636564284563,0.3809157609939575,0.0005819633370265,0.5726519227027893,0.0210338160395622,0.0257726609706878,0.3798973262310028,0.0006443165475502,0.5632989406585693,0.0204726383090019,0.0283083580434322,0.3872550129890442,0.0006651009316556,0.5614491105079651,0.0135098630562424,0.0200569499284029,0.4042774438858032,0.0007066697580739,0.5571051836013794,0.0143412388861179,0.0208883266896009,0.4071041345596313,0.0005611788947135,0.5794692039489746,0.0304283667355775,0.0369754545390605,0.3522540926933288,0.0008729449473321,0.5733585953712463,0.0126992706209421,0.0175004675984382,0.3959844708442688,0.0004572568868752,0.5652734637260437,0.0260636433959007,0.0346476025879383,0.3732878863811493,0.0007274541421793,0.5702409148216248,0.0142581015825271,0.0184773355722427,0.3964001536369324,0.0006235321052372,0.5571051836013794,0.011285931803286,0.0159208532422781,0.4151684641838074,0.0005196101265028,0.5474196076393127,0.0185396876186132,0.026313055306673,0.4071249067783355,0.0006027477211318,0.5757279992103577,0.0125329960137605,0.0162741877138614,0.3948828876018524,0.0005819633370265,0.5776193737983704,0.0150271244347095,0.0209922473877668,0.3857377469539642,0.0006235321052372,0.571446418762207,0.0166483074426651,0.0257726609706878,0.3854259848594665,0.0007066697580739,0.563839316368103,0.0229251980781555,0.0304283667355775,0.3822044134140014,0.0006027477211318,0.5768295526504517,0.0138008445501327,0.0193918496370315,0.3893542289733886,0.0006235321052372,0.5652734637260437,0.010870243422687,0.0161079131066799,0.407415896654129,0.0003325504658278,0.5633404850959778,0.0140710417181253,0.0165651701390743,0.4055037200450897,0.0005196101265028,0.5644004940986633,0.0260636433959007,0.0346268154680728,0.3744726181030273,0.000436472473666,0.5514726042747498,0.02408912405371666,0.03315112367272377,0.39047661423683167,0.0008105917368084192
113,0.91544908285141,0.0,0.0,0.084550954401493,0.0,0.9157192707061768,0.0,0.0,0.0842807590961456,0.0,0.91569846868515,0.0,0.0,0.084301546216011,0.0,0.9157400727272034,0.0,0.0,0.0842599719762802,0.0,0.9156777262687684,0.0,0.0,0.0843223258852958,0.0,0.9157400727272034,0.0,0.0,0.0842599719762802,0.0,0.91576087474823,0.0,0.0,0.0842391923069953,0.0,0.9157192707061768,0.0,0.0,0.0842807590961456,0.0,0.91576087474823,0.0,0.0,0.0842391923069953,0.0,0.915823221206665,0.0,0.0,0.0841768383979797,0.0,0.9157816171646118,0.0,0.0,0.0842184051871299,0.0,0.91576087474823,0.0,0.0,0.0842391923069953,0.0,0.91576087474823,0.0,0.0,0.0842391923069953,0.0,0.9157400727272034,0.0,0.0,0.0842599719762802,0.0,0.9158024191856384,0.0,0.0,0.0841976180672645,0.0,0.9157400727272034,0.0,0.0,0.0842599719762802,0.0,0.91576087474823,0.0,0.0,0.0842391923069953,0.0,0.9157192707061768,0.0,0.0,0.0842807590961456,0.0,0.9157192707061768,0.0,0.0,0.0842807590961456,0.0,0.915823221206665,0.0,0.0,0.0841768383979797,0.0,0.9157816171646118,0.0,0.0,0.0842184051871299,0.0,0.91569846868515,0.0,0.0,0.084301546216011,0.0,0.91569846868515,0.0,0.0,0.084301546216011,0.0,0.91576087474823,0.0,0.0,0.0842391923069953,0.0,0.9158439636230468,0.0,0.0,0.0841560512781143,0.0,0.9156361222267152,0.0,0.0,0.0843638926744461,0.0,0.9157192707061768,0.0,0.0,0.0842807590961456,0.0,0.9156777262687684,0.0,0.0,0.0843223258852958,0.0,0.9158024191856384,0.0,0.0,0.0841976180672645,0.0,0.9157192707061768,0.0,0.0,0.0842807590961456,0.0,0.5583314299583435,0.0250659920275211,0.0393864475190639,0.3763847649097442,0.0008313761791214,0.5562738180160522,0.0174796842038631,0.0257310923188924,0.3997464478015899,0.0007690229685977,0.5637353658676147,0.0149855557829141,0.0235695149749517,0.3968989849090576,0.0008105917368084,0.5518467426300049,0.0147569272667169,0.0269573722034692,0.4056492149829864,0.000789807352703,0.5782220959663391,0.0140294730663299,0.022779706865549,0.3845114707946777,0.0004572568868752,0.562737762928009,0.0188306700438261,0.0268950182944536,0.3908922970294952,0.0006443165475502,0.5634651780128479,0.0236110836267471,0.0373080037534236,0.3750337958335876,0.0005819633370265,0.5625506639480591,0.0099972980096936,0.0148608488962054,0.4122794270515442,0.0003117660526186,0.566936194896698,0.0091451378539204,0.0156298726797103,0.4079562723636627,0.0003325504658278,0.5653358101844788,0.0245255976915359,0.0399891920387744,0.3692557215690613,0.0008937293896451,0.575894296169281,0.0146530047059059,0.0220730379223823,0.3867769837379455,0.0006027477211318,0.5679754018783569,0.0184565503150224,0.0267703123390674,0.3861534297466278,0.0006443165475502,0.5587679147720337,0.0172094870358705,0.0287864003330469,0.3945711255073547,0.0006651009316556,0.5578534007072449,0.0115353446453809,0.0200777351856231,0.4098268747329712,0.0007066697580739,0.5532392859458923,0.0125329960137605,0.0212416611611843,0.4124249219894409,0.0005611788947135,0.5740444660186768,0.0257103070616722,0.0383056551218032,0.3610666692256927,0.0008729449473321,0.5695965886116028,0.0111612249165773,0.0179161559790372,0.4008688032627105,0.0004572568868752,0.5591420531272888,0.0228212755173444,0.0356036834418773,0.381684809923172,0.0007482385262846,0.5666452050209045,0.0122835831716656,0.0192047897726297,0.4012429118156433,0.0006235321052372,0.5535718202590942,0.0101843578740954,0.0161079131066799,0.4195955395698547,0.0005403945106081,0.543013334274292,0.0155675187706947,0.0268534496426582,0.4139629900455475,0.0006027477211318,0.5721946358680725,0.0108078904449939,0.0165859553962945,0.3998295962810516,0.0005819633370265,0.5736287832260132,0.0134059404954314,0.0212000925093889,0.3911417126655578,0.0006235321052372,0.5670193433761597,0.015193399041891,0.0251491293311119,0.3919315040111542,0.0007066697580739,0.5584977269172668,0.0205142069607973,0.0313220955431461,0.3890632688999176,0.0006027477211318,0.5730260014533997,0.012636917643249,0.0191632211208343,0.3945503532886505,0.0006235321052372,0.5618232488632202,0.0096231792122125,0.0166275240480899,0.4115727841854095,0.0003533348790369,0.5594537854194641,0.0121796606108546,0.0177083127200603,0.4101386368274688,0.0005196101265028,0.5591835975646973,0.0224471557885408,0.0353334881365299,0.3825993239879608,0.000436472473666,0.5468376874923706,0.020722050219774246,0.033816225826740265,0.3977926969528198,0.0008313761791214347
114,0.9138486981391908,0.0,0.0,0.0861513540148735,0.0,0.9141188859939576,0.0,0.0,0.085881158709526,0.0,0.9140980839729308,0.0,0.0,0.0859019458293914,0.0,0.914139688014984,0.0,0.0,0.0858603715896606,0.0,0.9140772819519044,0.0,0.0,0.0859227254986763,0.0,0.914139688014984,0.0,0.0,0.0858603715896606,0.0,0.914160430431366,0.0,0.0,0.0858395919203758,0.0,0.9141188859939576,0.0,0.0,0.085881158709526,0.0,0.914160430431366,0.0,0.0,0.0858395919203758,0.0,0.914222776889801,0.0,0.0,0.0857772380113601,0.0,0.9141812324523926,0.0,0.0,0.0858188048005104,0.0,0.914160430431366,0.0,0.0,0.0858395919203758,0.0,0.914160430431366,0.0,0.0,0.0858395919203758,0.0,0.914139688014984,0.0,0.0,0.0858603715896606,0.0,0.9142020344734192,0.0,0.0,0.0857980176806449,0.0,0.914139688014984,0.0,0.0,0.0858603715896606,0.0,0.914160430431366,0.0,0.0,0.0858395919203758,0.0,0.9141188859939576,0.0,0.0,0.085881158709526,0.0,0.9141188859939576,0.0,0.0,0.085881158709526,0.0,0.914222776889801,0.0,0.0,0.0857772380113601,0.0,0.9141812324523926,0.0,0.0,0.0858188048005104,0.0,0.9140980839729308,0.0,0.0,0.0859019458293914,0.0,0.9140980839729308,0.0,0.0,0.0859019458293914,0.0,0.914160430431366,0.0,0.0,0.0858395919203758,0.0,0.9142435789108276,0.0,0.0,0.0857564508914947,0.0,0.9140357375144958,0.0,0.0,0.0859642922878265,0.0,0.9141188859939576,0.0,0.0,0.085881158709526,0.0,0.9140772819519044,0.0,0.0,0.0859227254986763,0.0,0.9142020344734192,0.0,0.0,0.0857980176806449,0.0,0.9141188859939576,0.0,0.0,0.085881158709526,0.0,0.5518467426300049,0.0221353899687528,0.0403217449784278,0.3848648071289062,0.0008313761791214,0.5519506335258484,0.0146322203800082,0.0270197261124849,0.4056284427642822,0.0007690229685977,0.5596616268157959,0.01222122926265,0.0244424585253,0.4028433263301849,0.0008313761791214,0.5470662713050842,0.0124706421047449,0.0267495289444923,0.4129237532615661,0.000789807352703,0.5736079812049866,0.0124498577788472,0.0230499040335416,0.3904350399971008,0.0004572568868752,0.5580820441246033,0.0154012432321906,0.0275601204484701,0.398291528224945,0.0006651009316556,0.5579365491867065,0.0194334182888269,0.0383680090308189,0.383659303188324,0.0006027477211318,0.5592459440231323,0.0078149363398551,0.0157337933778762,0.4168935716152191,0.0003117660526186,0.5637353658676147,0.007565523032099,0.0160455591976642,0.412321001291275,0.0003325504658278,0.5592667460441589,0.0212000925093889,0.0395527221262455,0.3790867328643799,0.0008937293896451,0.5717789530754089,0.012636917643249,0.0226550009101629,0.3923264145851135,0.0006027477211318,0.5636730194091797,0.0153804589062929,0.0271236468106508,0.3931785821914673,0.0006443165475502,0.5542369484901428,0.0139047661796212,0.0291605181992054,0.4019911587238312,0.0007066697580739,0.5542576909065247,0.0091243535280227,0.0209714639931917,0.4149398505687713,0.0007066697580739,0.5495812296867371,0.0103506334125995,0.0210753865540027,0.4184316098690033,0.0005611788947135,0.5683495402336121,0.0207428354769945,0.0393656603991985,0.3706482648849487,0.0008937293896451,0.5659177303314209,0.0091659221798181,0.0189553759992122,0.4055037200450897,0.0004572568868752,0.5541953444480896,0.0187891013920307,0.0351879969239234,0.3910585641860962,0.0007690229685977,0.5631741881370544,0.009831023402512,0.01976596750319,0.4066053032875061,0.0006235321052372,0.550370991230011,0.0081059178337454,0.0166067387908697,0.4243759512901306,0.0005403945106081,0.5389187932014465,0.0135930003598332,0.0260428581386804,0.4208426177501678,0.0006027477211318,0.5689522624015808,0.0089788623154163,0.0173549782484769,0.4041319489479065,0.0005819633370265,0.5698875784873962,0.011597697623074,0.0208467580378055,0.3970236778259277,0.0006443165475502,0.5625091195106506,0.0124914264306426,0.0254401098936796,0.3988527059555053,0.0007066697580739,0.553135335445404,0.0178953725844621,0.0316546484827995,0.3966911435127258,0.0006235321052372,0.5693264007568359,0.0109118120744824,0.019454201683402,0.3996841013431549,0.0006235321052372,0.5582898855209351,0.0083345463499426,0.0167937986552715,0.4161868989467621,0.0003949036763515,0.5554216504096985,0.0105169080197811,0.0183941982686519,0.4151268899440765,0.0005403945106081,0.5543408393859863,0.0181240011006593,0.0362687855958938,0.3908299207687378,0.000436472473666,0.5420988202095032,0.016897721216082573,0.033504460006952286,0.40666764974594116,0.0008313761791214347
115,0.9126223921775818,0.0,0.0,0.0873776376247406,0.0,0.9128925800323486,0.0,0.0,0.0871074348688125,0.0,0.9128718376159668,0.0,0.0,0.0871282219886779,0.0,0.9129133820533752,0.0,0.0,0.0870866551995277,0.0,0.9128510355949402,0.0,0.0,0.0871490091085434,0.0,0.9129133820533752,0.0,0.0,0.0870866551995277,0.0,0.912934184074402,0.0,0.0,0.0870658680796623,0.0,0.9128925800323486,0.0,0.0,0.0871074348688125,0.0,0.912934184074402,0.0,0.0,0.0870658680796623,0.0,0.9129965305328368,0.0,0.0,0.0870035141706466,0.0,0.9129549264907836,0.0,0.0,0.0870450809597969,0.0,0.912934184074402,0.0,0.0,0.0870658680796623,0.0,0.912934184074402,0.0,0.0,0.0870658680796623,0.0,0.9129133820533752,0.0,0.0,0.0870866551995277,0.0,0.9129757285118104,0.0,0.0,0.087024301290512,0.0,0.9129133820533752,0.0,0.0,0.0870866551995277,0.0,0.912934184074402,0.0,0.0,0.0870658680796623,0.0,0.9128925800323486,0.0,0.0,0.0871074348688125,0.0,0.9128925800323486,0.0,0.0,0.0871074348688125,0.0,0.9129965305328368,0.0,0.0,0.0870035141706466,0.0,0.9129549264907836,0.0,0.0,0.0870450809597969,0.0,0.9128718376159668,0.0,0.0,0.0871282219886779,0.0,0.9128718376159668,0.0,0.0,0.0871282219886779,0.0,0.912934184074402,0.0,0.0,0.0870658680796623,0.0,0.9130173325538636,0.0,0.0,0.0869827345013618,0.0,0.912809431552887,0.0,0.0,0.0871905758976936,0.0,0.9128925800323486,0.0,0.0,0.0871074348688125,0.0,0.9128510355949402,0.0,0.0,0.0871490091085434,0.0,0.9129757285118104,0.0,0.0,0.087024301290512,0.0,0.9128925800323486,0.0,0.0,0.0871074348688125,0.0,0.546359658241272,0.0176667440682649,0.0413817502558231,0.3937605321407318,0.0008313761791214,0.5481055378913879,0.011285931803286,0.0278926696628332,0.4119468927383423,0.0007690229685977,0.5560659766197205,0.009415335021913,0.0242761839181184,0.4094111919403076,0.0008313761791214,0.5431588292121887,0.0104337707161903,0.0264377612620592,0.4191798567771911,0.000789807352703,0.5693679451942444,0.0106831835582852,0.023715004324913,0.3957558274269104,0.0004780413000844,0.5537381172180176,0.0124706421047449,0.0282460059970617,0.4048801958560943,0.0006651009316556,0.5525533556938171,0.0159624218940734,0.0386174246668815,0.3922640681266784,0.0006027477211318,0.5562530159950256,0.006526303011924,0.0154843814671039,0.4214245676994324,0.0003117660526186,0.5609918236732483,0.0059859082102775,0.0158792845904827,0.4168104529380798,0.0003325504658278,0.5539043545722961,0.0169808585196733,0.0402593910694122,0.3879616856575012,0.0008937293896451,0.5681832432746887,0.0102051421999931,0.0229251980781555,0.3980836868286133,0.0006027477211318,0.5590589046478271,0.0122420135885477,0.0287240464240312,0.3993099629878998,0.0006651009316556,0.5498306155204773,0.0118886791169643,0.028599340468645,0.4089747071266174,0.0007066697580739,0.551077663898468,0.0078565049916505,0.0203271470963954,0.4200112521648407,0.0007274541421793,0.5462557077407837,0.008376115001738,0.0206181295216083,0.4241889119148254,0.0005611788947135,0.5627169609069824,0.0169185046106576,0.0409660600125789,0.3785047829151153,0.0008937293896451,0.562737762928009,0.007648660801351,0.0186643954366445,0.4104919731616974,0.0004572568868752,0.5492278933525085,0.0156506560742855,0.0352711342275142,0.3990813493728637,0.0007690229685977,0.5597032308578491,0.00806434918195,0.0197243988513946,0.4118845462799072,0.0006235321052372,0.5476482510566711,0.0064223809167742,0.0164404641836881,0.4289485216140747,0.0005403945106081,0.535406231880188,0.0104753393679857,0.0257726609706878,0.4277430474758148,0.0006027477211318,0.5658138394355774,0.007565523032099,0.0171679183840751,0.4088707864284515,0.0005819633370265,0.5662087202072144,0.009415335021913,0.0209506787359714,0.4027809798717499,0.0006443165475502,0.5583106875419617,0.0110988719388842,0.0245879497379064,0.4052958786487579,0.0007066697580739,0.5489369034767151,0.0140502573922276,0.0318417064845562,0.4045268595218658,0.0006443165475502,0.5664373636245728,0.0082098394632339,0.0197036154568195,0.4050256907939911,0.0006235321052372,0.5553176999092102,0.0069835595786571,0.0166898760944604,0.4206139743328094,0.0003949036763515,0.5521169304847717,0.0086463121697306,0.0184773355722427,0.4202190935611725,0.0005403945106081,0.5494772791862488,0.0142788859084248,0.0365181975066661,0.3992476165294647,0.0004780413000844,0.537401556968689,0.012782408855855465,0.035146426409482956,0.413838267326355,0.0008313761791214347
116,0.9097126126289368,0.0,0.0,0.0902874544262886,0.0,0.9099828004837036,0.0,0.0,0.0900172516703605,0.0,0.909961998462677,0.0,0.0,0.0900380387902259,0.0,0.9100035429000854,0.0,0.0,0.0899964720010757,0.0,0.9099411964416504,0.0,0.0,0.0900588259100914,0.0,0.9100035429000854,0.0,0.0,0.0899964720010757,0.0,0.910024344921112,0.0,0.0,0.0899756848812103,0.0,0.9099828004837036,0.0,0.0,0.0900172516703605,0.0,0.910024344921112,0.0,0.0,0.0899756848812103,0.0,0.9100866913795472,0.0,0.0,0.0899133309721946,0.0,0.9100451469421388,0.0,0.0,0.0899548977613449,0.0,0.910024344921112,0.0,0.0,0.0899756848812103,0.0,0.910024344921112,0.0,0.0,0.0899756848812103,0.0,0.9100035429000854,0.0,0.0,0.0899964720010757,0.0,0.9100658893585204,0.0,0.0,0.08993411809206,0.0,0.9100035429000854,0.0,0.0,0.0899964720010757,0.0,0.910024344921112,0.0,0.0,0.0899756848812103,0.0,0.9099828004837036,0.0,0.0,0.0900172516703605,0.0,0.9099828004837036,0.0,0.0,0.0900172516703605,0.0,0.9100866913795472,0.0,0.0,0.0899133309721946,0.0,0.9100451469421388,0.0,0.0,0.0899548977613449,0.0,0.909961998462677,0.0,0.0,0.0900380387902259,0.0,0.909961998462677,0.0,0.0,0.0900380387902259,0.0,0.910024344921112,0.0,0.0,0.0899756848812103,0.0,0.9101074934005736,0.0,0.0,0.0898925513029098,0.0,0.909899652004242,0.0,0.0,0.0901003926992416,0.0,0.9099828004837036,0.0,0.0,0.0900172516703605,0.0,0.9099411964416504,0.0,0.0,0.0900588259100914,0.0,0.9100658893585204,0.0,0.0,0.08993411809206,0.0,0.9099828004837036,0.0,0.0,0.0900172516703605,0.0,0.5395839214324951,0.0171679183840751,0.0373080037534236,0.4050880372524261,0.0008521605632267,0.5425145030021667,0.0112651474773883,0.025169912725687,0.4202606379985809,0.000789807352703,0.5507035851478577,0.0096439635381102,0.0219898987561464,0.4168104529380798,0.0008521605632267,0.5378795862197876,0.010558477602899,0.0235695149749517,0.4271818697452545,0.0008105917368084,0.5644628405570984,0.0102882804349064,0.0217820554971694,0.402968019247055,0.0004988256841897,0.5478145480155945,0.0129278991371393,0.0251906979829072,0.4133602380752563,0.0007066697580739,0.5453827381134033,0.0159208532422781,0.0348346605896949,0.4032174348831177,0.0006443165475502,0.5513686537742615,0.0071082659997045,0.0141333946958184,0.427057147026062,0.0003325504658278,0.5563569068908691,0.0063808122649788,0.0138216288760304,0.4231081008911133,0.0003325504658278,0.5462349057197571,0.0174588989466428,0.0369962379336357,0.3983954489231109,0.0009145137737505,0.5632157921791077,0.0096647478640079,0.020909110084176,0.4055868685245514,0.0006235321052372,0.5536549687385559,0.011597697623074,0.0263754092156887,0.4076653122901916,0.0007066697580739,0.5440941452980042,0.0118055418133735,0.0259389355778694,0.4174339771270752,0.0007274541421793,0.5462765097618103,0.0077733672223985,0.0181863531470298,0.4270363748073578,0.0007274541421793,0.5414544939994812,0.0082514081150293,0.0182279217988252,0.4314634501934051,0.0006027477211318,0.5562114119529724,0.0158585011959075,0.0376821234822273,0.3893334567546844,0.0009145137737505,0.5579365491867065,0.0080227795988321,0.0163157563656568,0.4172261357307434,0.0004988256841897,0.5428470373153687,0.0150271244347095,0.0330056324601173,0.408351182937622,0.0007690229685977,0.554174542427063,0.0086670964956283,0.0177706647664308,0.4187641739845276,0.0006235321052372,0.5433458685874939,0.0063600274734199,0.0146114360541105,0.4351422786712646,0.0005403945106081,0.53004390001297,0.0099765136837959,0.0235487297177314,0.4358281791210174,0.0006027477211318,0.5608463883399963,0.0074823852628469,0.0159416384994983,0.4151476919651031,0.0005819633370265,0.5605137944221497,0.0097063165158033,0.0195373389869928,0.4095982611179352,0.0006443165475502,0.5524910092353821,0.0115561289712786,0.0220938213169574,0.4131315946578979,0.0007274541421793,0.5430341362953186,0.0134059404954314,0.0292852260172367,0.4136304259300232,0.0006443165475502,0.5613659620285034,0.00806434918195,0.0181240011006593,0.4118013978004455,0.0006443165475502,0.5502671003341675,0.0076070916838943,0.0146530047059059,0.4270779490470886,0.0003949036763515,0.5469415783882141,0.008999646641314,0.0170432105660438,0.4264336228370666,0.0005819633370265,0.5427016019821167,0.0142996702343225,0.0333173982799053,0.4091410040855407,0.0005403945106081,0.530750572681427,0.013322803191840649,0.031176606193184853,0.42387714982032776,0.0008729449473321438
117,0.9085278511047364,0.0,0.0,0.0914721637964248,0.0,0.908798098564148,0.0,0.0,0.0912019684910774,0.0,0.9087772965431212,0.0,0.0,0.0912227481603622,0.0,0.9088188409805298,0.0,0.0,0.091181181371212,0.0,0.9087564945220948,0.0,0.0,0.0912435352802276,0.0,0.9088188409805298,0.0,0.0,0.091181181371212,0.0,0.9088396430015564,0.0,0.0,0.0911603942513465,0.0,0.908798098564148,0.0,0.0,0.0912019684910774,0.0,0.9088396430015564,0.0,0.0,0.0911603942513465,0.0,0.9089019894599916,0.0,0.0,0.0910980403423309,0.0,0.908860445022583,0.0,0.0,0.0911396145820617,0.0,0.9088396430015564,0.0,0.0,0.0911603942513465,0.0,0.9088396430015564,0.0,0.0,0.0911603942513465,0.0,0.9088188409805298,0.0,0.0,0.091181181371212,0.0,0.9088811874389648,0.0,0.0,0.0911188274621963,0.0,0.9088188409805298,0.0,0.0,0.091181181371212,0.0,0.9088396430015564,0.0,0.0,0.0911603942513465,0.0,0.908798098564148,0.0,0.0,0.0912019684910774,0.0,0.908798098564148,0.0,0.0,0.0912019684910774,0.0,0.9089019894599916,0.0,0.0,0.0910980403423309,0.0,0.908860445022583,0.0,0.0,0.0911396145820617,0.0,0.9087772965431212,0.0,0.0,0.0912227481603622,0.0,0.9087772965431212,0.0,0.0,0.0912227481603622,0.0,0.9088396430015564,0.0,0.0,0.0911603942513465,0.0,0.908922791481018,0.0,0.0,0.0910772606730461,0.0,0.9087149500846864,0.0,0.0,0.0912851020693779,0.0,0.908798098564148,0.0,0.0,0.0912019684910774,0.0,0.9087564945220948,0.0,0.0,0.0912435352802276,0.0,0.9088811874389648,0.0,0.0,0.0911188274621963,0.0,0.908798098564148,0.0,0.0,0.0912019684910774,0.0,0.5346372127532959,0.0167730133980512,0.0328809283673763,0.4148359298706054,0.0008729449473321,0.5381290316581726,0.0112235778942704,0.0225718636065721,0.4272649884223938,0.0008105917368084,0.546816885471344,0.0099972980096936,0.01976596750319,0.4225677251815796,0.0008521605632267,0.5342215299606323,0.0107039678841829,0.0207844041287899,0.4334795176982879,0.0008105917368084,0.5603891015052795,0.0109118120744824,0.0186436101794242,0.4095358848571777,0.0005196101265028,0.5440317988395691,0.0117847574874758,0.023403238505125,0.4200320243835449,0.0007482385262846,0.5396047234535217,0.0169392898678779,0.0309479776769876,0.4118637442588806,0.0006443165475502,0.5486459136009216,0.0069835595786571,0.0126784862950444,0.4313595294952392,0.0003325504658278,0.5535510182380676,0.0064639495685696,0.0127408392727375,0.4269116520881653,0.0003325504658278,0.5410388112068176,0.0173757616430521,0.0327354371547699,0.4079355001449585,0.0009145137737505,0.559723973274231,0.0092490594834089,0.0193087123334407,0.4110947251319885,0.0006235321052372,0.5502462983131409,0.0108078904449939,0.0240475554019212,0.4141916036605835,0.0007066697580739,0.5399372577667236,0.011909463442862,0.0233408864587545,0.4240641891956329,0.0007482385262846,0.5429925322532654,0.0079396422952413,0.0154428118839859,0.4328975677490234,0.0007274541421793,0.5386694073677063,0.007648660801351,0.016544384881854,0.4365348517894745,0.0006027477211318,0.5508282780647278,0.0162949729710817,0.0341903455555439,0.3977719247341156,0.0009145137737505,0.5550267100334167,0.007648660801351,0.0147984959185123,0.4220273196697235,0.0004988256841897,0.5383992195129395,0.0138216288760304,0.0305322892963886,0.4164778888225555,0.0007690229685977,0.551264762878418,0.0084592523053288,0.0161910504102706,0.4234614372253418,0.0006235321052372,0.5406854748725891,0.0059651238843798,0.0131565276533365,0.4396525025367737,0.0005403945106081,0.5263858437538147,0.0097063165158033,0.0212832298129796,0.4420219361782074,0.0006027477211318,0.557978093624115,0.0072953258641064,0.014403591863811,0.4197202622890472,0.0006027477211318,0.5565647482872009,0.0101427892223,0.0173549782484769,0.4152931869029999,0.0006443165475502,0.5487706065177917,0.0113275004550814,0.0194126330316066,0.4197618365287781,0.0007274541421793,0.5388564467430115,0.0127200549468398,0.0266040377318859,0.4211751520633697,0.0006443165475502,0.5579573512077332,0.0081474864855408,0.0159416384994983,0.4173092544078827,0.0006443165475502,0.5474196076393127,0.0074823852628469,0.0126577019691467,0.4320454001426697,0.0003949036763515,0.5439901947975159,0.0085423905402421,0.0162949729710817,0.4305905103683471,0.0005819633370265,0.5386902093887329,0.0135722160339355,0.0296177752315998,0.4175794720649719,0.0005403945106081,0.5271756052970886,0.012740839272737503,0.02706129476428032,0.43214932084083557,0.0008729449473321438
118,0.9084447622299194,0.0,0.0,0.0915552973747253,0.0,0.9087149500846864,0.0,0.0,0.0912851020693779,0.0,0.9086941480636596,0.0,0.0,0.0913058891892433,0.0,0.908735692501068,0.0,0.0,0.0912643149495124,0.0,0.9086733460426332,0.0,0.0,0.0913266688585281,0.0,0.908735692501068,0.0,0.0,0.0912643149495124,0.0,0.9087564945220948,0.0,0.0,0.0912435352802276,0.0,0.9087149500846864,0.0,0.0,0.0912851020693779,0.0,0.9087564945220948,0.0,0.0,0.0912435352802276,0.0,0.9088188409805298,0.0,0.0,0.091181181371212,0.0,0.9087772965431212,0.0,0.0,0.0912227481603622,0.0,0.9087564945220948,0.0,0.0,0.0912435352802276,0.0,0.9087564945220948,0.0,0.0,0.0912435352802276,0.0,0.908735692501068,0.0,0.0,0.0912643149495124,0.0,0.908798098564148,0.0,0.0,0.0912019684910774,0.0,0.908735692501068,0.0,0.0,0.0912643149495124,0.0,0.9087564945220948,0.0,0.0,0.0912435352802276,0.0,0.9087149500846864,0.0,0.0,0.0912851020693779,0.0,0.9087149500846864,0.0,0.0,0.0912851020693779,0.0,0.9088188409805298,0.0,0.0,0.091181181371212,0.0,0.9087772965431212,0.0,0.0,0.0912227481603622,0.0,0.9086941480636596,0.0,0.0,0.0913058891892433,0.0,0.9086941480636596,0.0,0.0,0.0913058891892433,0.0,0.9087564945220948,0.0,0.0,0.0912435352802276,0.0,0.9088396430015564,0.0,0.0,0.0911603942513465,0.0,0.9086318016052246,0.0,0.0,0.0913682430982589,0.0,0.9087149500846864,0.0,0.0,0.0912851020693779,0.0,0.9086733460426332,0.0,0.0,0.0913266688585281,0.0,0.908798098564148,0.0,0.0,0.0912019684910774,0.0,0.9087149500846864,0.0,0.0,0.0912851020693779,0.0,0.5307089686393738,0.0157337933778762,0.029950326308608,0.4227339923381805,0.0008729449473321,0.5358635187149048,0.0106831835582852,0.0202024411410093,0.432440310716629,0.0008105917368084,0.5442188382148743,0.0100388675928115,0.0174588989466428,0.4274312853813171,0.0008521605632267,0.531914472579956,0.0097478851675987,0.0179369412362575,0.4395901560783386,0.0008105917368084,0.5577702522277832,0.0104337707161903,0.0170432105660438,0.4142331779003143,0.0005196101265028,0.5415792465209961,0.0110988719388842,0.0218859780579805,0.4246877431869507,0.0007482385262846,0.5367780327796936,0.0157545786350965,0.0275393351912498,0.419283777475357,0.0006443165475502,0.5473365187644958,0.0065055186860263,0.0117016192525625,0.4341238439083099,0.0003325504658278,0.5521584749221802,0.0061729680746793,0.0107455365359783,0.4305905103683471,0.0003325504658278,0.5376925468444824,0.0161702670156955,0.0289942435920238,0.4162284731864929,0.0009145137737505,0.5573961734771729,0.0089788623154163,0.0171679183840751,0.4158335626125335,0.0006235321052372,0.5474820137023926,0.0107871061190962,0.0211585238575935,0.4198657572269439,0.0007066697580739,0.5373600125312805,0.0114729907363653,0.0201400872319936,0.4302787482738495,0.0007482385262846,0.5413921475410461,0.0074616009369492,0.0135306473821401,0.436888188123703,0.0007274541421793,0.5370897650718689,0.0070874816738069,0.0145906517282128,0.4406293630599975,0.0006027477211318,0.5466090440750122,0.0163365416228771,0.0298048350960016,0.4063350856304168,0.0009145137737505,0.5533431768417358,0.0071706194430589,0.0132396649569273,0.4257477223873138,0.0004988256841897,0.5353230834007263,0.0134682934731245,0.0261675640940666,0.4242720305919647,0.0007690229685977,0.5492278933525085,0.0085423905402421,0.0141541790217161,0.4274520576000213,0.0006235321052372,0.539459228515625,0.0055078673176467,0.0117847574874758,0.4427078068256378,0.0005403945106081,0.5241203308105469,0.0093945506960153,0.0180616471916437,0.447820782661438,0.0006027477211318,0.5563153624534607,0.007232972420752,0.0124498577788472,0.4233990907669067,0.0006027477211318,0.5545486807823181,0.0099349450320005,0.015546734444797,0.4193253517150879,0.0006443165475502,0.546172559261322,0.0109325964003801,0.0181032158434391,0.4240641891956329,0.0007274541421793,0.5358427166938782,0.0118886791169643,0.0242761839181184,0.4273481369018554,0.0006443165475502,0.5562738180160522,0.007648660801351,0.0147361429408192,0.4206971228122711,0.0006443165475502,0.5460894107818604,0.0067965001799166,0.0115561289712786,0.4351630806922912,0.0003949036763515,0.5421611666679382,0.0078565049916505,0.0146114360541105,0.4347889423370361,0.0005819633370265,0.5355517268180847,0.0133851561695337,0.025689523667097,0.424833208322525,0.0005403945106081,0.5244736671447754,0.012221229262650013,0.023860495537519455,0.4385717213153839,0.0008729449473321438
119,0.9084447622299194,0.0,0.0,0.0915552973747253,0.0,0.9087149500846864,0.0,0.0,0.0912851020693779,0.0,0.9086941480636596,0.0,0.0,0.0913058891892433,0.0,0.908735692501068,0.0,0.0,0.0912643149495124,0.0,0.9086733460426332,0.0,0.0,0.0913266688585281,0.0,0.908735692501068,0.0,0.0,0.0912643149495124,0.0,0.9087564945220948,0.0,0.0,0.0912435352802276,0.0,0.9087149500846864,0.0,0.0,0.0912851020693779,0.0,0.9087564945220948,0.0,0.0,0.0912435352802276,0.0,0.9088188409805298,0.0,0.0,0.091181181371212,0.0,0.9087772965431212,0.0,0.0,0.0912227481603622,0.0,0.9087564945220948,0.0,0.0,0.0912435352802276,0.0,0.9087564945220948,0.0,0.0,0.0912435352802276,0.0,0.908735692501068,0.0,0.0,0.0912643149495124,0.0,0.908798098564148,0.0,0.0,0.0912019684910774,0.0,0.908735692501068,0.0,0.0,0.0912643149495124,0.0,0.9087564945220948,0.0,0.0,0.0912435352802276,0.0,0.9087149500846864,0.0,0.0,0.0912851020693779,0.0,0.9087149500846864,0.0,0.0,0.0912851020693779,0.0,0.9088188409805298,0.0,0.0,0.091181181371212,0.0,0.9087772965431212,0.0,0.0,0.0912227481603622,0.0,0.9086941480636596,0.0,0.0,0.0913058891892433,0.0,0.9086941480636596,0.0,0.0,0.0913058891892433,0.0,0.9087564945220948,0.0,0.0,0.0912435352802276,0.0,0.9088396430015564,0.0,0.0,0.0911603942513465,0.0,0.9086318016052246,0.0,0.0,0.0913682430982589,0.0,0.9087149500846864,0.0,0.0,0.0912851020693779,0.0,0.9086733460426332,0.0,0.0,0.0913266688585281,0.0,0.908798098564148,0.0,0.0,0.0912019684910774,0.0,0.9087149500846864,0.0,0.0,0.0912851020693779,0.0,0.5285474061965942,0.0136345690116286,0.0263961926102638,0.4305489361286163,0.0008729449473321,0.5345125198364258,0.009415335021913,0.0172510556876659,0.4380105435848236,0.0008105917368084,0.5433666706085205,0.0085216052830219,0.0145906517282128,0.4326689541339874,0.0008521605632267,0.5309376120567322,0.0080435648560523,0.0151518303900957,0.4450564384460449,0.0008105917368084,0.5566686987876892,0.0085216052830219,0.0154635962098836,0.4188265204429626,0.0005196101265028,0.5402074456214905,0.0093529820442199,0.0185189042240381,0.4311724603176117,0.0007482385262846,0.5349698066711426,0.0134059404954314,0.0235902983695268,0.4273897111415863,0.0006443165475502,0.5466713905334473,0.0054039452224969,0.0095816105604171,0.4380105435848236,0.0003325504658278,0.5514518022537231,0.0053623761050403,0.0090827848762273,0.4337705075740814,0.0003325504658278,0.5359882116317749,0.0137384915724396,0.0253361891955137,0.4240226149559021,0.0009145137737505,0.5563153624534607,0.0076902294531464,0.0150063401088118,0.4203645586967468,0.0006235321052372,0.5459023714065552,0.0089788623154163,0.0187683161348104,0.4256438016891479,0.0007066697580739,0.5362792015075684,0.0093737663701176,0.0170847810804843,0.4365140497684479,0.0007482385262846,0.5406439304351807,0.0062561058439314,0.0110780876129865,0.4412944614887237,0.0007274541421793,0.5363207459449768,0.0057572801597416,0.0124498577788472,0.4448693990707397,0.0006027477211318,0.5447384715080261,0.0138008445501327,0.0251491293311119,0.4153971076011657,0.0009145137737505,0.5526573061943054,0.0059027709066867,0.0111196562647819,0.4298214912414551,0.0004988256841897,0.5338058471679688,0.0112443622201681,0.0225302949547767,0.4316505193710327,0.0007690229685977,0.5484380722045898,0.0070874816738069,0.0120757389813661,0.4317752122879028,0.0006235321052372,0.5387109518051147,0.0047596283257007,0.0096023948863148,0.4463866353034973,0.0005403945106081,0.523143470287323,0.0080851335078477,0.0158792845904827,0.4522894322872162,0.0006027477211318,0.5557333827018738,0.0059027709066867,0.0108910277485847,0.4268700778484344,0.0006027477211318,0.553717315196991,0.0083137620240449,0.0140502573922276,0.4232743978500366,0.0006443165475502,0.5450918078422546,0.0090412162244319,0.0154635962098836,0.4296759963035583,0.0007274541421793,0.5344917178153992,0.0102674951776862,0.0208675414323806,0.4337289333343506,0.0006443165475502,0.5553800463676453,0.0068796379491686,0.0125745646655559,0.4245214462280273,0.0006443165475502,0.5455074906349182,0.0056325737386941,0.0100804362446069,0.4383846521377563,0.0003949036763515,0.5413089990615845,0.0066302251070737,0.0125953489914536,0.4388834834098816,0.0005819633370265,0.5340344905853271,0.0112651474773883,0.0217612702399492,0.4323987364768982,0.0005403945106081,0.5228108763694763,0.010412986390292645,0.02036871574819088,0.44553449749946594,0.0008729449473321438
120,0.907841980457306,0.0,0.0,0.0921580493450164,0.0,0.9081121683120728,0.0,0.0,0.091887854039669,0.0,0.9080914258956908,0.0,0.0,0.0919086337089538,0.0,0.9081329703330994,0.0,0.0,0.0918670669198036,0.0,0.9080706238746644,0.0,0.0,0.0919294208288192,0.0,0.9081329703330994,0.0,0.0,0.0918670669198036,0.0,0.908153772354126,0.0,0.0,0.0918462797999382,0.0,0.9081121683120728,0.0,0.0,0.091887854039669,0.0,0.908153772354126,0.0,0.0,0.0918462797999382,0.0,0.908216118812561,0.0,0.0,0.0917839258909225,0.0,0.9081745147705078,0.0,0.0,0.0918255001306533,0.0,0.908153772354126,0.0,0.0,0.0918462797999382,0.0,0.908153772354126,0.0,0.0,0.0918462797999382,0.0,0.9081329703330994,0.0,0.0,0.0918670669198036,0.0,0.9081953167915344,0.0,0.0,0.0918047130107879,0.0,0.9081329703330994,0.0,0.0,0.0918670669198036,0.0,0.908153772354126,0.0,0.0,0.0918462797999382,0.0,0.9081121683120728,0.0,0.0,0.091887854039669,0.0,0.9081121683120728,0.0,0.0,0.091887854039669,0.0,0.908216118812561,0.0,0.0,0.0917839258909225,0.0,0.9081745147705078,0.0,0.0,0.0918255001306533,0.0,0.9080914258956908,0.0,0.0,0.0919086337089538,0.0,0.9080914258956908,0.0,0.0,0.0919086337089538,0.0,0.908153772354126,0.0,0.0,0.0918462797999382,0.0,0.9082368612289428,0.0,0.0,0.0917631462216377,0.0,0.9080290198326112,0.0,0.0,0.0919709876179695,0.0,0.9081121683120728,0.0,0.0,0.091887854039669,0.0,0.9080706238746644,0.0,0.0,0.0919294208288192,0.0,0.9081953167915344,0.0,0.0,0.0918047130107879,0.0,0.9081121683120728,0.0,0.0,0.091887854039669,0.0,0.5263650417327881,0.0113482847809791,0.0215326435863971,0.4398811161518097,0.0008729449473321,0.5329952836036682,0.007648660801351,0.0139671191573143,0.4445784091949463,0.0008105917368084,0.5416207909584045,0.0072121880948543,0.0118678947910666,0.4384469985961914,0.0008521605632267,0.5293787717819214,0.0066302251070737,0.0128031931817531,0.4503772556781769,0.0008105917368084,0.5553176999092102,0.0072745415382087,0.0126784862950444,0.4242096841335296,0.0005196101265028,0.5384823679924011,0.0074616009369492,0.0154843814671039,0.437823474407196,0.0007482385262846,0.5328081846237183,0.0107039678841829,0.0202232245355844,0.4356203377246856,0.0006443165475502,0.5454451441764832,0.0040529589168727,0.0085008209571242,0.4416685998439789,0.0003325504658278,0.5501216053962708,0.0043647247366607,0.0077110137790441,0.4374701380729675,0.0003325504658278,0.5340136885643005,0.0103506334125995,0.0217404868453741,0.4329807162284851,0.0009145137737505,0.5546110272407532,0.0067341467365622,0.0122627988457679,0.4257685244083404,0.0006235321052372,0.5441772937774658,0.0076070916838943,0.0147361429408192,0.4327520728111267,0.0007274541421793,0.5344709753990173,0.0077525828965008,0.0147153576835989,0.4423128962516784,0.0007482385262846,0.5393344759941101,0.00507139461115,0.0097478851675987,0.44511878490448,0.0007274541421793,0.5344293713569641,0.005154532380402,0.0102674951776862,0.4495458900928497,0.0006027477211318,0.5428470373153687,0.011493775062263,0.0205142069607973,0.4242304861545563,0.0009145137737505,0.5515141487121582,0.0045517846010625,0.0095400419086217,0.4338952302932739,0.0004988256841897,0.5320391654968262,0.0089372936636209,0.0191216524690389,0.4391328990459442,0.0007690229685977,0.5469623804092407,0.0053415917791426,0.0106831835582852,0.4363893568515777,0.0006235321052372,0.5373807549476624,0.0040945275686681,0.0078149363398551,0.4501694142818451,0.0005403945106081,0.5218132734298706,0.0063600274734199,0.0129278991371393,0.4582961201667785,0.0006027477211318,0.5544447898864746,0.0045310002751648,0.0096231792122125,0.4307983517646789,0.0006027477211318,0.5521792769432068,0.0064639495685696,0.0122004449367523,0.4285120666027069,0.0006443165475502,0.5437823534011841,0.006838068831712,0.0140086887404322,0.4346226751804352,0.0007482385262846,0.5325796008110046,0.0085839591920375,0.0170432105660438,0.441148966550827,0.0006443165475502,0.5538212060928345,0.0056741423904895,0.0103714177384972,0.4294889271259308,0.0006443165475502,0.5443435311317444,0.0040529589168727,0.0091243535280227,0.4420842826366424,0.0003949036763515,0.5402074456214905,0.0048635504208505,0.0109118120744824,0.4434352517127991,0.0005819633370265,0.5321015119552612,0.0087294494733214,0.0181447844952344,0.4404838681221008,0.0005403945106081,0.521148145198822,0.007731798104941845,0.01652360148727894,0.4537235498428345,0.0008729449473321438
121,0.906989812850952,0.0,0.0,0.0930102095007896,0.0,0.907260000705719,0.0,0.0,0.0927400141954422,0.0,0.9072392582893372,0.0,0.0,0.092760793864727,0.0,0.9072808027267456,0.0,0.0,0.0927192270755767,0.0,0.9072184562683104,0.0,0.0,0.0927815809845924,0.0,0.9072808027267456,0.0,0.0,0.0927192270755767,0.0,0.9073016047477722,0.0,0.0,0.0926984399557113,0.0,0.907260000705719,0.0,0.0,0.0927400141954422,0.0,0.9073016047477722,0.0,0.0,0.0926984399557113,0.0,0.9073639512062072,0.0,0.0,0.0926360860466957,0.0,0.9073224067687988,0.0,0.0,0.0926776602864265,0.0,0.9073016047477722,0.0,0.0,0.0926984399557113,0.0,0.9073016047477722,0.0,0.0,0.0926984399557113,0.0,0.9072808027267456,0.0,0.0,0.0927192270755767,0.0,0.9073431491851808,0.0,0.0,0.0926568731665611,0.0,0.9072808027267456,0.0,0.0,0.0927192270755767,0.0,0.9073016047477722,0.0,0.0,0.0926984399557113,0.0,0.907260000705719,0.0,0.0,0.0927400141954422,0.0,0.907260000705719,0.0,0.0,0.0927400141954422,0.0,0.9073639512062072,0.0,0.0,0.0926360860466957,0.0,0.9073224067687988,0.0,0.0,0.0926776602864265,0.0,0.9072392582893372,0.0,0.0,0.092760793864727,0.0,0.9072392582893372,0.0,0.0,0.092760793864727,0.0,0.9073016047477722,0.0,0.0,0.0926984399557113,0.0,0.907384753227234,0.0,0.0,0.0926153063774108,0.0,0.907176911830902,0.0,0.0,0.0928231477737426,0.0,0.907260000705719,0.0,0.0,0.0927400141954422,0.0,0.9072184562683104,0.0,0.0,0.0927815809845924,0.0,0.9073431491851808,0.0,0.0,0.0926568731665611,0.0,0.907260000705719,0.0,0.0,0.0927400141954422,0.0,0.5240163803100586,0.0090827848762273,0.0209298953413963,0.4450772404670715,0.0008937293896451,0.5312701463699341,0.0053208074532449,0.014465944841504,0.4481325447559356,0.0008105917368084,0.539854109287262,0.0054247295483946,0.0123459361493587,0.4415231049060821,0.0008521605632267,0.5276952385902405,0.0049882568418979,0.0130318216979503,0.4534741342067718,0.0008105917368084,0.5534471273422241,0.0054039452224969,0.0131773119792342,0.4274520576000213,0.0005196101265028,0.5365701913833618,0.0059235552325844,0.0155259501188993,0.4412321150302887,0.0007482385262846,0.5305426716804504,0.0075239543803036,0.0205142069607973,0.4407748579978943,0.0006443165475502,0.5440109968185425,0.0030968762002885,0.0086463121697306,0.4439133107662201,0.0003325504658278,0.548812210559845,0.0032007982954382,0.0080019952729344,0.4396525025367737,0.0003325504658278,0.5318729281425476,0.0076278764754533,0.0214702896773815,0.4381144642829895,0.0009145137737505,0.5531561374664307,0.0050298259593546,0.0119718164205551,0.4292187392711639,0.0006235321052372,0.54236900806427,0.0063392431475222,0.0138216288760304,0.4367426931858063,0.0007274541421793,0.5329121351242065,0.0054870825260877,0.0147777115926146,0.4460748732089996,0.0007482385262846,0.537858784198761,0.0035957018844783,0.0098725920543074,0.4479454755783081,0.0007274541421793,0.5327666401863098,0.0043647247366607,0.0098518077284097,0.4524141252040863,0.0006027477211318,0.5406023263931274,0.008687880821526,0.0200569499284029,0.4297383427619934,0.0009145137737505,0.5501424074172974,0.0033462890423834,0.0097478851675987,0.4362646341323852,0.0004988256841897,0.5300646424293518,0.0067965001799166,0.0182902757078409,0.444079577922821,0.0007690229685977,0.545465886592865,0.0042608026415109,0.0103922020643949,0.4392575919628143,0.0006235321052372,0.5358219146728516,0.0033255047164857,0.0078357206657528,0.4524556994438171,0.0005611788947135,0.5198802947998047,0.0049674725160002,0.0124498577788472,0.4620996713638305,0.0006027477211318,0.5528028011322021,0.0036372707691043,0.0091659221798181,0.433791309595108,0.0006027477211318,0.5505164861679077,0.0045102154836058,0.0124706421047449,0.4318583607673645,0.0006443165475502,0.5419741272926331,0.0052584540098905,0.014091826044023,0.4379273951053619,0.0007482385262846,0.5305219292640686,0.0067965001799166,0.0163988955318927,0.4456384181976318,0.0006443165475502,0.5522624254226685,0.0041568810120224,0.0102882804349064,0.4326481521129608,0.0006443165475502,0.5430549383163452,0.0028266790322959,0.0092698438093066,0.4444536864757538,0.0003949036763515,0.538565456867218,0.0038866836111992,0.0107663217931985,0.4461995959281921,0.0005819633370265,0.5298776030540466,0.0072745415382087,0.0171263497322797,0.4451811611652374,0.0005403945106081,0.5190697312355042,0.006567871663719416,0.015713009983301163,0.4577764868736267,0.0008729449473321438
122,0.9057219624519348,0.0,0.0,0.0942780598998069,0.0,0.9059921503067015,0.0,0.0,0.0940078571438789,0.0,0.9059714078903198,0.0,0.0,0.0940286442637443,0.0,0.9060129523277284,0.0,0.0,0.0939870774745941,0.0,0.9059506058692932,0.0,0.0,0.0940494313836097,0.0,0.9060129523277284,0.0,0.0,0.0939870774745941,0.0,0.9060337543487548,0.0,0.0,0.0939662903547287,0.0,0.9059921503067015,0.0,0.0,0.0940078571438789,0.0,0.9060337543487548,0.0,0.0,0.0939662903547287,0.0,0.90609610080719,0.0,0.0,0.093903936445713,0.0,0.9060545563697816,0.0,0.0,0.0939455032348632,0.0,0.9060337543487548,0.0,0.0,0.0939662903547287,0.0,0.9060337543487548,0.0,0.0,0.0939662903547287,0.0,0.9060129523277284,0.0,0.0,0.0939870774745941,0.0,0.9060752987861632,0.0,0.0,0.0939247235655784,0.0,0.9060129523277284,0.0,0.0,0.0939870774745941,0.0,0.9060337543487548,0.0,0.0,0.0939662903547287,0.0,0.9059921503067015,0.0,0.0,0.0940078571438789,0.0,0.9059921503067015,0.0,0.0,0.0940078571438789,0.0,0.90609610080719,0.0,0.0,0.093903936445713,0.0,0.9060545563697816,0.0,0.0,0.0939455032348632,0.0,0.9059714078903198,0.0,0.0,0.0940286442637443,0.0,0.9059714078903198,0.0,0.0,0.0940286442637443,0.0,0.9060337543487548,0.0,0.0,0.0939662903547287,0.0,0.9061169028282166,0.0,0.0,0.0938831567764282,0.0,0.9059090614318848,0.0,0.0,0.09409099817276,0.0,0.9059921503067015,0.0,0.0,0.0940078571438789,0.0,0.9059506058692932,0.0,0.0,0.0940494313836097,0.0,0.9060752987861632,0.0,0.0,0.0939247235655784,0.0,0.9059921503067015,0.0,0.0,0.0940078571438789,0.0,0.5212520956993103,0.0067341467365622,0.0206181295216083,0.450501948595047,0.0008937293896451,0.529150128364563,0.0039906054735183,0.0134059404954314,0.4526427388191223,0.0008105917368084,0.5377964377403259,0.003699623979628,0.0125122116878628,0.4451395869255066,0.0008521605632267,0.5256168246269226,0.0035749175585806,0.0129278991371393,0.457069844007492,0.0008105917368084,0.5510361194610596,0.004011389799416,0.0134475091472268,0.4309853911399841,0.0005196101265028,0.5345540642738342,0.0043023717589676,0.0141541790217161,0.446241170167923,0.0007482385262846,0.5277575850486755,0.0062976744957268,0.0196828301995992,0.4456176161766052,0.0006443165475502,0.5421611666679382,0.0024525597691535,0.0082098394632339,0.4468438923358917,0.0003325504658278,0.5467753410339355,0.0026604037266224,0.0077733672223985,0.4424583911895752,0.0003325504658278,0.5291085839271545,0.0058612017892301,0.0206389129161834,0.4434768259525299,0.0009145137737505,0.5511608123779297,0.0035125643480569,0.011493775062263,0.4332093298435211,0.0006235321052372,0.5404984354972839,0.0042608026415109,0.0134890787303447,0.4410242736339569,0.0007274541421793,0.5305426716804504,0.0040945275686681,0.014403591863811,0.4502109885215759,0.0007482385262846,0.5358843207359314,0.0027851101476699,0.0094569036737084,0.4511462748050689,0.0007274541421793,0.5303556323051453,0.004011389799416,0.0091451378539204,0.455885112285614,0.0006027477211318,0.5381913781166077,0.0056949267163872,0.0204310696572065,0.4347681701183319,0.0009145137737505,0.548167884349823,0.0024525597691535,0.0092490594834089,0.4396317303180694,0.0004988256841897,0.5275081992149353,0.0050921789370477,0.0168145820498466,0.4498160779476166,0.0007690229685977,0.5435329675674438,0.002972169779241,0.0104129863902926,0.4424583911895752,0.0006235321052372,0.5342423319816589,0.0024941284209489,0.0071082659997045,0.4555941522121429,0.0005611788947135,0.5178642272949219,0.0035333486739546,0.0118886791169643,0.4660902619361877,0.0006235321052372,0.5508698225021362,0.0027227569371461,0.0088749406859278,0.4369297325611114,0.0006027477211318,0.5483549237251282,0.0034709954634308,0.0120757389813661,0.4354540407657623,0.0006443165475502,0.5396047234535217,0.0038451147265732,0.0138424132019281,0.4419387876987457,0.0007690229685977,0.5286305546760559,0.0044894311577081,0.0156506560742855,0.4505850970745086,0.0006443165475502,0.550370991230011,0.0031800137367099,0.0097478851675987,0.4360567927360534,0.0006443165475502,0.5408725738525391,0.0024941284209489,0.0087294494733214,0.4475089907646179,0.0003949036763515,0.5366533398628235,0.0027851101476699,0.0102882804349064,0.4496913552284241,0.0005819633370265,0.5272795557975769,0.0055494359694421,0.0166275240480899,0.4500031471252441,0.0005403945106081,0.5168042182922363,0.004946688190102577,0.015359674580395222,0.4620165228843689,0.0008729449473321438
123,0.9026458859443665,0.0,0.0,0.0973541513085365,0.0,0.9029160737991332,0.0,0.0,0.0970839485526084,0.0,0.9028952717781068,0.0,0.0,0.0971047356724739,0.0,0.90293687582016,0.0,0.0,0.0970631688833236,0.0,0.9028745293617249,0.0,0.0,0.0971255227923393,0.0,0.90293687582016,0.0,0.0,0.0970631688833236,0.0,0.9029576778411864,0.0,0.0,0.0970423817634582,0.0,0.9029160737991332,0.0,0.0,0.0970839485526084,0.0,0.9029576778411864,0.0,0.0,0.0970423817634582,0.0,0.9030200242996216,0.0,0.0,0.0969800278544426,0.0,0.9029784202575684,0.0,0.0,0.0970216020941734,0.0,0.9029576778411864,0.0,0.0,0.0970423817634582,0.0,0.9029576778411864,0.0,0.0,0.0970423817634582,0.0,0.90293687582016,0.0,0.0,0.0970631688833236,0.0,0.902999222278595,0.0,0.0,0.097000814974308,0.0,0.90293687582016,0.0,0.0,0.0970631688833236,0.0,0.9029576778411864,0.0,0.0,0.0970423817634582,0.0,0.9029160737991332,0.0,0.0,0.0970839485526084,0.0,0.9029160737991332,0.0,0.0,0.0970839485526084,0.0,0.9030200242996216,0.0,0.0,0.0969800278544426,0.0,0.9029784202575684,0.0,0.0,0.0970216020941734,0.0,0.9028952717781068,0.0,0.0,0.0971047356724739,0.0,0.9028952717781068,0.0,0.0,0.0971047356724739,0.0,0.9029576778411864,0.0,0.0,0.0970423817634582,0.0,0.9030407667160034,0.0,0.0,0.0969592481851577,0.0,0.9028329253196716,0.0,0.0,0.0971670895814895,0.0,0.9029160737991332,0.0,0.0,0.0970839485526084,0.0,0.9028745293617249,0.0,0.0,0.0971255227923393,0.0,0.902999222278595,0.0,0.0,0.097000814974308,0.0,0.9029160737991332,0.0,0.0,0.0970839485526084,0.0,0.5170120596885681,0.0057364953681826,0.0178953725844621,0.4584623873233795,0.0008937293896451,0.5253258347511292,0.0033878579270094,0.0120341703295707,0.4584416151046753,0.0008105917368084,0.5340968370437622,0.0034709954634308,0.0108910277485847,0.4506890177726745,0.0008521605632267,0.5217716693878174,0.0033670733682811,0.0107247522100806,0.4633051455020904,0.0008313761791214,0.5472325682640076,0.0036372707691043,0.0115353446453809,0.4370544552803039,0.0005403945106081,0.5303972363471985,0.004011389799416,0.0124706421047449,0.4523725509643554,0.0007482385262846,0.5233720541000366,0.005798848811537,0.0175628215074539,0.4526219666004181,0.0006443165475502,0.5387109518051147,0.0021615780424326,0.0071706194430589,0.4516243040561676,0.0003325504658278,0.5431588292121887,0.0024941284209489,0.0068796379491686,0.4471348822116852,0.0003325504658278,0.5247023105621338,0.0054870825260877,0.0178745873272418,0.4510007798671722,0.0009352981578558,0.5471910238265991,0.0033255047164857,0.0100596519187092,0.4388003349304199,0.0006235321052372,0.53636234998703,0.0037411926314234,0.0123667204752564,0.4467815458774566,0.0007482385262846,0.5266144275665283,0.0038658990524709,0.0125537803396582,0.4561761021614074,0.000789807352703,0.5320183634757996,0.0028266790322959,0.0082098394632339,0.4562176764011383,0.0007274541421793,0.5269885659217834,0.0035333486739546,0.0078565049916505,0.4610188603401184,0.0006027477211318,0.5334317088127136,0.0055078673176467,0.0182071384042501,0.4419387876987457,0.0009145137737505,0.5444058775901794,0.0024525597691535,0.0078565049916505,0.4447862505912781,0.0004988256841897,0.5232473611831665,0.0047596283257007,0.0149855557829141,0.4561968743801117,0.0008105917368084,0.5398956537246704,0.0027435412630438,0.0093321977183222,0.4473842978477478,0.0006443165475502,0.5308336615562439,0.0020784405060112,0.0062561058439314,0.4602706432342529,0.0005611788947135,0.5139359831809998,0.0034086422529071,0.0103714177384972,0.4716396927833557,0.0006443165475502,0.5473157167434692,0.0026188348419964,0.0078149363398551,0.441627025604248,0.0006235321052372,0.5445513725280762,0.0033670733682811,0.0107663217931985,0.4406709372997284,0.0006443165475502,0.5356972217559814,0.0035957018844783,0.012013386003673,0.4479039013385772,0.000789807352703,0.524951696395874,0.0037411926314234,0.0132396649569273,0.4574023783206939,0.0006651009316556,0.5466505885124207,0.002930600894615,0.0085423905402421,0.4412113428115845,0.0006651009316556,0.5373392105102539,0.0023694219999015,0.0073784636333584,0.4525180459022522,0.0003949036763515,0.532953679561615,0.0025564816314727,0.0087086651474237,0.4551992416381836,0.0005819633370265,0.5231226682662964,0.0051129632629454,0.0149024175480008,0.4563007950782776,0.0005611788947135,0.5128136277198792,0.0041984496638178825,0.013883981853723526,0.46821027994155884,0.0008937293896451592
124,0.8989046812057495,0.0,0.0,0.1010953411459922,0.0,0.8991748690605164,0.0,0.0,0.1008251458406448,0.0,0.8991541266441345,0.0,0.0,0.1008459255099296,0.0,0.899195671081543,0.0,0.0,0.1008043587207794,0.0,0.8991333246231079,0.0,0.0,0.100866712629795,0.0,0.899195671081543,0.0,0.0,0.1008043587207794,0.0,0.8992164731025696,0.0,0.0,0.1007835790514946,0.0,0.8991748690605164,0.0,0.0,0.1008251458406448,0.0,0.8992164731025696,0.0,0.0,0.1007835790514946,0.0,0.8992788195610046,0.0,0.0,0.1007212251424789,0.0,0.8992372155189514,0.0,0.0,0.1007627919316291,0.0,0.8992164731025696,0.0,0.0,0.1007835790514946,0.0,0.8992164731025696,0.0,0.0,0.1007835790514946,0.0,0.899195671081543,0.0,0.0,0.1008043587207794,0.0,0.899258017539978,0.0,0.0,0.1007420048117637,0.0,0.899195671081543,0.0,0.0,0.1008043587207794,0.0,0.8992164731025696,0.0,0.0,0.1007835790514946,0.0,0.8991748690605164,0.0,0.0,0.1008251458406448,0.0,0.8991748690605164,0.0,0.0,0.1008251458406448,0.0,0.8992788195610046,0.0,0.0,0.1007212251424789,0.0,0.8992372155189514,0.0,0.0,0.1007627919316291,0.0,0.8991541266441345,0.0,0.0,0.1008459255099296,0.0,0.8991541266441345,0.0,0.0,0.1008459255099296,0.0,0.8992164731025696,0.0,0.0,0.1007835790514946,0.0,0.8992996215820312,0.0,0.0,0.1007004380226135,0.0,0.8990917801856995,0.0,0.0,0.1009082794189453,0.0,0.8991748690605164,0.0,0.0,0.1008251458406448,0.0,0.8991333246231079,0.0,0.0,0.100866712629795,0.0,0.899258017539978,0.0,0.0,0.1007420048117637,0.0,0.8991748690605164,0.0,0.0,0.1008251458406448,0.0,0.5122524499893188,0.0051753167062997,0.0152141833677887,0.4664643704891205,0.0008937293896451,0.5210442543029785,0.0030137386638671,0.0103298490867018,0.4648016393184662,0.0008105917368084,0.5295242667198181,0.0031592294108122,0.0096647478640079,0.4567996263504028,0.0008521605632267,0.5172614455223083,0.0031800137367099,0.008999646641314,0.4697275459766388,0.0008313761791214,0.5429717898368835,0.0034086422529071,0.0092698438093066,0.4438093900680542,0.0005403945106081,0.5259701013565063,0.0035749175585806,0.0104753393679857,0.4592106342315674,0.0007690229685977,0.5185500979423523,0.0053208074532449,0.0149647705256938,0.4605200290679931,0.0006443165475502,0.5342838764190674,0.0022239312529563,0.0060274773277342,0.4571321904659271,0.0003325504658278,0.5389187932014465,0.0022655001375824,0.0060898303054273,0.4523933529853821,0.0003325504658278,0.5197556018829346,0.0053208074532449,0.0151102617383003,0.4588780701160431,0.0009352981578558,0.5424729585647583,0.0032007982954382,0.008791803382337,0.4449109435081482,0.0006235321052372,0.5317689776420593,0.0034709954634308,0.0101012205705046,0.4539105892181396,0.0007482385262846,0.5219587683677673,0.0035749175585806,0.0105792619287967,0.4630973041057586,0.000789807352703,0.5277367830276489,0.0026604037266224,0.0069627752527594,0.461912602186203,0.0007274541421793,0.5228732824325562,0.0026188348419964,0.0070459130220115,0.4668592810630798,0.0006027477211318,0.5284019112586975,0.0055078673176467,0.0150894774124026,0.4500862658023834,0.0009145137737505,0.5402489900588989,0.0023278533481061,0.0064431652426719,0.4504811763763428,0.0004988256841897,0.5187579393386841,0.004343940410763,0.0124082891270518,0.4636792838573456,0.0008105917368084,0.5357388257980347,0.0022862844634801,0.007960426621139,0.4533702135086059,0.0006443165475502,0.5266560316085815,0.0017874587792903,0.0054870825260877,0.4655083119869232,0.0005611788947135,0.5097998380661011,0.0030760918743908,0.0088125877082347,0.4776671826839447,0.0006443165475502,0.5429301857948303,0.002577266190201,0.0065886559896171,0.4472596049308777,0.0006443165475502,0.5401242971420288,0.0031176605261862,0.0092490594834089,0.4468438923358917,0.0006651009316556,0.5312286019325256,0.003616486210376,0.0097478851675987,0.4546172618865967,0.000789807352703,0.5205246210098267,0.0031176605261862,0.0115769132971763,0.4640949666500091,0.0006858853157609,0.5424729585647583,0.0024109908845275,0.0078357206657528,0.4466152787208557,0.0006651009316556,0.5332446694374084,0.0021615780424326,0.006193752400577,0.4580051302909851,0.0003949036763515,0.5285889506340027,0.0026811880525201,0.0071290507912635,0.4609980881214142,0.0006027477211318,0.518633246421814,0.0045310002751648,0.0125953489914536,0.4636792838573456,0.0005611788947135,0.5082617998123169,0.003949036821722984,0.011472990736365318,0.4754224717617035,0.0008937293896451592
125,0.895641565322876,0.0,0.0,0.1043584942817688,0.0,0.8959117531776428,0.0,0.0,0.1040882989764213,0.0,0.8958909511566162,0.0,0.0,0.1041090786457061,0.0,0.8959324955940247,0.0,0.0,0.1040675118565559,0.0,0.8958701491355896,0.0,0.0,0.1041298657655716,0.0,0.8959324955940247,0.0,0.0,0.1040675118565559,0.0,0.8959532976150513,0.0,0.0,0.1040467247366905,0.0,0.8959117531776428,0.0,0.0,0.1040882989764213,0.0,0.8959532976150513,0.0,0.0,0.1040467247366905,0.0,0.8960156440734863,0.0,0.0,0.1039843708276748,0.0,0.8959740996360779,0.0,0.0,0.1040259450674057,0.0,0.8959532976150513,0.0,0.0,0.1040467247366905,0.0,0.8959532976150513,0.0,0.0,0.1040467247366905,0.0,0.8959324955940247,0.0,0.0,0.1040675118565559,0.0,0.8959949016571045,0.0,0.0,0.1040051579475402,0.0,0.8959324955940247,0.0,0.0,0.1040675118565559,0.0,0.8959532976150513,0.0,0.0,0.1040467247366905,0.0,0.8959117531776428,0.0,0.0,0.1040882989764213,0.0,0.8959117531776428,0.0,0.0,0.1040882989764213,0.0,0.8960156440734863,0.0,0.0,0.1039843708276748,0.0,0.8959740996360779,0.0,0.0,0.1040259450674057,0.0,0.8958909511566162,0.0,0.0,0.1041090786457061,0.0,0.8958909511566162,0.0,0.0,0.1041090786457061,0.0,0.8959532976150513,0.0,0.0,0.1040467247366905,0.0,0.8960364460945129,0.0,0.0,0.10396359115839,0.0,0.8958286046981812,0.0,0.0,0.1041714325547218,0.0,0.8959117531776428,0.0,0.0,0.1040882989764213,0.0,0.8958701491355896,0.0,0.0,0.1041298657655716,0.0,0.8959949016571045,0.0,0.0,0.1040051579475402,0.0,0.8959117531776428,0.0,0.0,0.1040882989764213,0.0,0.5081579089164734,0.0045102154836058,0.0128447618335485,0.4735726416110992,0.0009145137737505,0.5171575546264648,0.0027643258217722,0.0085216052830219,0.4707459807395935,0.0008105917368084,0.5256375670433044,0.0028682476840913,0.0081267021596431,0.4624945521354675,0.0008729449473321,0.5134163498878479,0.002930600894615,0.0074616009369492,0.475360095500946,0.0008313761791214,0.5389395952224731,0.0031592294108122,0.0082929776981472,0.4490678310394287,0.0005403945106081,0.5223328471183777,0.0028890322428196,0.0085216052830219,0.4654875099658966,0.0007690229685977,0.5140606760978699,0.0051337475888431,0.0121173076331615,0.4680439829826355,0.0006443165475502,0.5306258201599121,0.0020368716213852,0.0046349219046533,0.4623698592185974,0.0003325504658278,0.5353646874427795,0.0020992248319089,0.0048219817690551,0.4573816061019897,0.0003325504658278,0.5156818628311157,0.0048427660949528,0.0116392662748694,0.4668800830841064,0.0009560826001688,0.5385862588882446,0.0032215826213359,0.0073368945159018,0.4502317607402801,0.0006235321052372,0.5279238820075989,0.0030968762002885,0.0085631748661398,0.4596678912639618,0.0007482385262846,0.5181344151496887,0.0034294265788048,0.0084592523053288,0.4691871404647827,0.000789807352703,0.5241826772689819,0.0023278533481061,0.0056949267163872,0.4670671224594116,0.0007274541421793,0.5192359685897827,0.0021823623683303,0.0059651238843798,0.4720138311386108,0.0006027477211318,0.5243905186653137,0.0048635504208505,0.0128863304853439,0.4569451212882995,0.0009145137737505,0.5364870429039001,0.0023070687893778,0.00507139461115,0.4556356966495514,0.0004988256841897,0.5146842002868652,0.004032174590975,0.0100596519187092,0.470392644405365,0.0008313761791214,0.5321223139762878,0.0019953027367591,0.0059859082102775,0.4592314064502716,0.0006651009316556,0.522956371307373,0.0015172614948824,0.0048011974431574,0.4701640009880066,0.0005611788947135,0.5058923959732056,0.0026396194007247,0.0074408166110515,0.4833828806877136,0.0006443165475502,0.5395215749740601,0.0019329495262354,0.0053208074532449,0.4525803923606872,0.0006443165475502,0.5362375974655151,0.002930600894615,0.0072745415382087,0.4528921544551849,0.0006651009316556,0.5273834466934204,0.0032423669472336,0.0077941515482962,0.4607902467250824,0.000789807352703,0.5167834162712097,0.0023902065586298,0.0097894547507166,0.4703510701656341,0.0006858853157609,0.5386902093887329,0.0022239312529563,0.0063808122649788,0.4520400166511535,0.0006651009316556,0.5295034646987915,0.0022031469270586,0.0044894311577081,0.4634090662002563,0.0003949036763515,0.5249932408332825,0.0022239312529563,0.0056533580645918,0.4665267467498779,0.0006027477211318,0.5145595073699951,0.0039698211476206,0.0101012205705046,0.4708083271980285,0.0005611788947135,0.5046037435531616,0.003117660526186228,0.008958077989518642,0.48242679238319397,0.0008937293896451592
126,0.8928356766700745,0.0,0.0,0.1071643903851509,0.0,0.8931058645248413,0.0,0.0,0.1068941876292228,0.0,0.8930850625038147,0.0,0.0,0.1069149747490882,0.0,0.8931266069412231,0.0,0.0,0.106873407959938,0.0,0.8930642604827881,0.0,0.0,0.1069357618689537,0.0,0.8931266069412231,0.0,0.0,0.106873407959938,0.0,0.8931474089622498,0.0,0.0,0.1068526208400726,0.0,0.8931058645248413,0.0,0.0,0.1068941876292228,0.0,0.8931474089622498,0.0,0.0,0.1068526208400726,0.0,0.8932097554206848,0.0,0.0,0.1067902669310569,0.0,0.8931682109832764,0.0,0.0,0.1068318337202072,0.0,0.8931474089622498,0.0,0.0,0.1068526208400726,0.0,0.8931474089622498,0.0,0.0,0.1068526208400726,0.0,0.8931266069412231,0.0,0.0,0.106873407959938,0.0,0.8931889533996582,0.0,0.0,0.1068110540509224,0.0,0.8931266069412231,0.0,0.0,0.106873407959938,0.0,0.8931474089622498,0.0,0.0,0.1068526208400726,0.0,0.8931058645248413,0.0,0.0,0.1068941876292228,0.0,0.8931058645248413,0.0,0.0,0.1068941876292228,0.0,0.8932097554206848,0.0,0.0,0.1067902669310569,0.0,0.8931682109832764,0.0,0.0,0.1068318337202072,0.0,0.8930850625038147,0.0,0.0,0.1069149747490882,0.0,0.8930850625038147,0.0,0.0,0.1069149747490882,0.0,0.8931474089622498,0.0,0.0,0.1068526208400726,0.0,0.8932305574417114,0.0,0.0,0.1067694872617721,0.0,0.8930227160453796,0.0,0.0,0.1069773286581039,0.0,0.8931058645248413,0.0,0.0,0.1068941876292228,0.0,0.8930642604827881,0.0,0.0,0.1069357618689537,0.0,0.8931889533996582,0.0,0.0,0.1068110540509224,0.0,0.8931058645248413,0.0,0.0,0.1068941876292228,0.0,0.5036061406135559,0.0047596283257007,0.0105792619287967,0.4800989627838135,0.0009560826001688,0.5129383206367493,0.0033255047164857,0.0061729680746793,0.4767318665981293,0.0008313761791214,0.5215222835540771,0.0033878579270094,0.0062145367264747,0.468002438545227,0.0008729449473321,0.5095919966697693,0.0031384450849145,0.005798848811537,0.4806393384933471,0.0008313761791214,0.5348866581916809,0.003263151505962,0.0065470873378217,0.4547004103660583,0.0006027477211318,0.5181967616081238,0.0034709954634308,0.0066717937588691,0.4708914458751678,0.0007690229685977,0.5098206400871277,0.0050506102852523,0.0090412162244319,0.4754432439804077,0.0006443165475502,0.5269885659217834,0.0022862844634801,0.0036788394208997,0.4666930139064789,0.0003533348790369,0.5318105220794678,0.0020784405060112,0.0039698211476206,0.4618086814880371,0.0003325504658278,0.5111508369445801,0.00507139461115,0.0091243535280227,0.4736765623092651,0.0009768670424818,0.5345748662948608,0.003699623979628,0.0057572801597416,0.4553447365760803,0.0006235321052372,0.5242658257484436,0.0033462890423834,0.0069419909268617,0.4646977186203003,0.0007482385262846,0.5143516659736633,0.0033047201577574,0.0065886559896171,0.4749444127082824,0.0008105917368084,0.5207740068435669,0.0022239312529563,0.0043023717589676,0.4719514548778534,0.0007482385262846,0.5157857537269592,0.0016835366841405,0.0055078673176467,0.4764201045036316,0.0006027477211318,0.5197556018829346,0.0055494359694421,0.009831023402512,0.4639286696910858,0.0009352981578558,0.5328081846237183,0.0024733440950512,0.0040529589168727,0.4601666927337646,0.0004988256841897,0.5107975006103516,0.0038243304006755,0.0080851335078477,0.4764616787433624,0.0008313761791214,0.5282356142997742,0.0024109908845275,0.0049259038642048,0.4637624025344848,0.0006651009316556,0.5196309089660645,0.0017251055687665,0.0036372707691043,0.4744455814361572,0.0005611788947135,0.5019849538803101,0.0029929541051387,0.0057157110422849,0.4886621236801147,0.0006443165475502,0.5357803702354431,0.0022031469270586,0.0043023717589676,0.457069844007492,0.0006443165475502,0.532496452331543,0.002972169779241,0.0054039452224969,0.4584623873233795,0.0006651009316556,0.5233720541000366,0.0033462890423834,0.0063600274734199,0.4661318361759186,0.000789807352703,0.5125849843025208,0.0031592294108122,0.0074200322851538,0.4761499166488647,0.0006858853157609,0.5351568460464478,0.0023278533481061,0.0047804131172597,0.457069844007492,0.0006651009316556,0.5259285569190979,0.0020576559472829,0.0037411926314234,0.4678777158260345,0.0003949036763515,0.5212104916572571,0.0025564816314727,0.0045310002751648,0.471099317073822,0.0006027477211318,0.5107351541519165,0.003658055095002,0.0086047435179352,0.4764409065246582,0.0005611788947135,0.5002806186676025,0.0036372707691043615,0.0075655230320990086,0.487581342458725,0.0009352981578558683
127,0.8897179961204529,0.0,0.0,0.1102820485830307,0.0,0.8899881839752197,0.0,0.0,0.1100118532776832,0.0,0.8899673819541931,0.0,0.0,0.110032632946968,0.0,0.8900089859962463,0.0,0.0,0.1099910661578178,0.0,0.8899466395378113,0.0,0.0,0.1100534200668335,0.0,0.8900089859962463,0.0,0.0,0.1099910661578178,0.0,0.8900297284126282,0.0,0.0,0.1099702790379524,0.0,0.8899881839752197,0.0,0.0,0.1100118532776832,0.0,0.8900297284126282,0.0,0.0,0.1099702790379524,0.0,0.890092134475708,0.0,0.0,0.1099079325795173,0.0,0.8900505304336548,0.0,0.0,0.1099494993686676,0.0,0.8900297284126282,0.0,0.0,0.1099702790379524,0.0,0.8900297284126282,0.0,0.0,0.1099702790379524,0.0,0.8900089859962463,0.0,0.0,0.1099910661578178,0.0,0.8900713324546814,0.0,0.0,0.1099287122488021,0.0,0.8900089859962463,0.0,0.0,0.1099910661578178,0.0,0.8900297284126282,0.0,0.0,0.1099702790379524,0.0,0.8899881839752197,0.0,0.0,0.1100118532776832,0.0,0.8899881839752197,0.0,0.0,0.1100118532776832,0.0,0.890092134475708,0.0,0.0,0.1099079325795173,0.0,0.8900505304336548,0.0,0.0,0.1099494993686676,0.0,0.8899673819541931,0.0,0.0,0.110032632946968,0.0,0.8899673819541931,0.0,0.0,0.110032632946968,0.0,0.8900297284126282,0.0,0.0,0.1099702790379524,0.0,0.8901128768920898,0.0,0.0,0.1098871454596519,0.0,0.8899050354957581,0.0,0.0,0.1100949868559837,0.0,0.8899881839752197,0.0,0.0,0.1100118532776832,0.0,0.8899466395378113,0.0,0.0,0.1100534200668335,0.0,0.8900713324546814,0.0,0.0,0.1099287122488021,0.0,0.8899881839752197,0.0,0.0,0.1100118532776832,0.0,0.499220609664917,0.0048635504208505,0.0078980736434459,0.4870409369468689,0.0009768670424818,0.5087814331054688,0.003616486210376,0.004738843999803,0.482031911611557,0.0008313761791214,0.5174692869186401,0.003699623979628,0.0043231560848653,0.4736349880695343,0.0008729449473321,0.5058092474937439,0.0030345229897648,0.004343940410763,0.4859601557254791,0.0008521605632267,0.5309376120567322,0.0033670733682811,0.004738843999803,0.4603537619113922,0.0006027477211318,0.5139359831809998,0.0035333486739546,0.0053831608965992,0.4763785302639007,0.0007690229685977,0.5053727626800537,0.00507139461115,0.0076070916838943,0.4812836647033691,0.0006651009316556,0.523143470287323,0.0026396194007247,0.0028266790322959,0.4710369408130646,0.0003533348790369,0.5279030799865723,0.0023278533481061,0.0032007982954382,0.4662357568740845,0.0003325504658278,0.506578266620636,0.0051961010321974,0.0071914037689566,0.4800158143043518,0.0010184358106926,0.5307921171188354,0.0034709954634308,0.0044062938541173,0.4606863260269165,0.0006443165475502,0.5200257897377014,0.0034086422529071,0.0053208074532449,0.4704965651035309,0.0007482385262846,0.5101324319839478,0.0035541329998522,0.0049466881901025,0.4805354177951813,0.0008313761791214,0.5169289112091064,0.0021615780424326,0.0035749175585806,0.4765863716602325,0.0007482385262846,0.5117743611335754,0.0022862844634801,0.0043023717589676,0.4810342490673065,0.0006027477211318,0.5149543881416321,0.0055494359694421,0.0073784636333584,0.4711616635322571,0.0009560826001688,0.5291709303855896,0.0023070687893778,0.0031384450849145,0.4648847579956054,0.0004988256841897,0.5066822171211243,0.0036372707691043,0.0062768901698291,0.4825515151023865,0.0008521605632267,0.5247646570205688,0.0022031469270586,0.0035333486739546,0.46881303191185,0.0006858853157609,0.5158481001853943,0.0020576559472829,0.0028266790322959,0.4787063896656036,0.0005611788947135,0.4980774521827698,0.002930600894615,0.0043855090625584,0.4939621388912201,0.0006443165475502,0.5322262644767761,0.0021615780424326,0.0032007982954382,0.4617671072483063,0.0006443165475502,0.5285474061965942,0.0030760918743908,0.0041984496638178,0.4635129868984222,0.0006651009316556,0.519402265548706,0.0033670733682811,0.0046764910221099,0.4717644155025482,0.000789807352703,0.5081163048744202,0.0039074681699275,0.0050921789370477,0.4821566045284271,0.0007274541421793,0.5311038494110107,0.0026188348419964,0.0038243304006755,0.4617878794670105,0.0006651009316556,0.522436797618866,0.0019745184108614,0.0029513854533433,0.4722424447536468,0.0003949036763515,0.5175316333770752,0.0024941284209489,0.0034086422529071,0.4759628474712372,0.0006027477211318,0.5065990686416626,0.0035957018844783,0.0066302251070737,0.4825722873210907,0.0006027477211318,0.4960821568965912,0.003803545841947198,0.005861201789230108,0.4933178424835205,0.0009352981578558683
128,0.8885748386383057,0.0,0.0,0.1114251911640167,0.0,0.8888450264930725,0.0,0.0,0.1111549958586692,0.0,0.8888242840766907,0.0,0.0,0.1111757755279541,0.0,0.8888658285140991,0.0,0.0,0.1111342087388038,0.0,0.8888034820556641,0.0,0.0,0.1111965626478195,0.0,0.8888658285140991,0.0,0.0,0.1111342087388038,0.0,0.8888866305351257,0.0,0.0,0.1111134216189384,0.0,0.8888450264930725,0.0,0.0,0.1111549958586692,0.0,0.8888866305351257,0.0,0.0,0.1111134216189384,0.0,0.8889489769935608,0.0,0.0,0.1110510677099227,0.0,0.8889073729515076,0.0,0.0,0.1110926419496536,0.0,0.8888866305351257,0.0,0.0,0.1111134216189384,0.0,0.8888866305351257,0.0,0.0,0.1111134216189384,0.0,0.8888658285140991,0.0,0.0,0.1111342087388038,0.0,0.8889281749725342,0.0,0.0,0.1110718548297882,0.0,0.8888658285140991,0.0,0.0,0.1111342087388038,0.0,0.8888866305351257,0.0,0.0,0.1111134216189384,0.0,0.8888450264930725,0.0,0.0,0.1111549958586692,0.0,0.8888450264930725,0.0,0.0,0.1111549958586692,0.0,0.8889489769935608,0.0,0.0,0.1110510677099227,0.0,0.8889073729515076,0.0,0.0,0.1110926419496536,0.0,0.8888242840766907,0.0,0.0,0.1111757755279541,0.0,0.8888242840766907,0.0,0.0,0.1111757755279541,0.0,0.8888866305351257,0.0,0.0,0.1111134216189384,0.0,0.8889697194099426,0.0,0.0,0.1110302880406379,0.0,0.8887618780136108,0.0,0.0,0.1112381294369697,0.0,0.8888450264930725,0.0,0.0,0.1111549958586692,0.0,0.8888034820556641,0.0,0.0,0.1111965626478195,0.0,0.8889281749725342,0.0,0.0,0.1110718548297882,0.0,0.8888450264930725,0.0,0.0,0.1111549958586692,0.0,0.496768057346344,0.005154532380402,0.0067549315281212,0.4903456568717956,0.0009768670424818,0.5068692564964294,0.0038451147265732,0.0039282524958252,0.4845260381698608,0.0008313761791214,0.5153493285179138,0.0038451147265732,0.0043023717589676,0.4756303131580353,0.0008729449473321,0.5040841698646545,0.0028474633581936,0.0041360962204635,0.4880801737308502,0.0008521605632267,0.5288799405097961,0.0037619771901518,0.0041568810120224,0.4625984728336334,0.0006027477211318,0.5118367075920105,0.0038035458419471,0.0046972753480076,0.4788934588432312,0.0007690229685977,0.5032112002372742,0.0050090411677956,0.0068796379491686,0.4842350482940674,0.0006651009316556,0.5216677784919739,0.0022862844634801,0.0028474633581936,0.472845196723938,0.0003533348790369,0.5261987447738647,0.0023902065586298,0.0029929541051387,0.4680855572223663,0.0003325504658278,0.5042712092399597,0.005154532380402,0.0066925780847668,0.4828632771968841,0.0010184358106926,0.5290046334266663,0.0031384450849145,0.0043023717589676,0.4629102349281311,0.0006443165475502,0.517594039440155,0.0038451147265732,0.0045933532528579,0.4732193052768707,0.0007482385262846,0.5081163048744202,0.0035125643480569,0.0047804131172597,0.4827593564987182,0.0008313761791214,0.5153285264968872,0.0020784405060112,0.0033670733682811,0.4784777760505676,0.0007482385262846,0.509986937046051,0.0025564816314727,0.0039074681699275,0.4829464256763458,0.0006027477211318,0.5126057863235474,0.00546629820019,0.0067965001799166,0.4741753935813904,0.0009560826001688,0.5271132588386536,0.0028058944735676,0.0028682476840913,0.4667137861251831,0.0004988256841897,0.5045413970947266,0.0038866836111992,0.0055078673176467,0.4852119088172912,0.0008521605632267,0.522894024848938,0.0025149129796773,0.0031592294108122,0.4707459807395935,0.0006858853157609,0.5141022205352783,0.0022239312529563,0.0025149129796773,0.4805977642536163,0.0005611788947135,0.4960613846778869,0.0034086422529071,0.0038035458419471,0.4960821568965912,0.0006443165475502,0.5305426716804504,0.0020576559472829,0.003263151505962,0.463492214679718,0.0006443165475502,0.5269054174423218,0.0028890322428196,0.0040529589168727,0.4654875099658966,0.0006651009316556,0.517282247543335,0.003616486210376,0.0043231560848653,0.4739883244037628,0.000789807352703,0.5059547424316406,0.0042400183156132,0.004427078180015,0.4846507310867309,0.0007274541421793,0.5292332768440247,0.0029098165687173,0.0033670733682811,0.4638039767742157,0.0006858853157609,0.5206285119056702,0.0022862844634801,0.0027227569371461,0.4739675521850586,0.0003949036763515,0.5160975456237793,0.0021615780424326,0.0031800137367099,0.4779581427574157,0.0006027477211318,0.5047076940536499,0.0035957018844783,0.0058612017892301,0.4852327108383178,0.0006027477211318,0.4938582181930542,0.004073743242770433,0.005009041167795658,0.496123731136322,0.0009352981578558683
129,0.8854987621307373,0.0,0.0,0.1145012825727462,0.0,0.8857689499855042,0.0,0.0,0.1142310872673988,0.0,0.8857481479644775,0.0,0.0,0.1142518669366836,0.0,0.8857897520065308,0.0,0.0,0.1142103001475334,0.0,0.8857274055480957,0.0,0.0,0.114272654056549,0.0,0.8857897520065308,0.0,0.0,0.1142103001475334,0.0,0.8858104944229126,0.0,0.0,0.114189513027668,0.0,0.8857689499855042,0.0,0.0,0.1142310872673988,0.0,0.8858104944229126,0.0,0.0,0.114189513027668,0.0,0.8858729004859924,0.0,0.0,0.1141271665692329,0.0,0.8858312964439392,0.0,0.0,0.1141687333583831,0.0,0.8858104944229126,0.0,0.0,0.114189513027668,0.0,0.8858104944229126,0.0,0.0,0.114189513027668,0.0,0.8857897520065308,0.0,0.0,0.1142103001475334,0.0,0.8858520984649658,0.0,0.0,0.1141479462385177,0.0,0.8857897520065308,0.0,0.0,0.1142103001475334,0.0,0.8858104944229126,0.0,0.0,0.114189513027668,0.0,0.8857689499855042,0.0,0.0,0.1142310872673988,0.0,0.8857689499855042,0.0,0.0,0.1142310872673988,0.0,0.8858729004859924,0.0,0.0,0.1141271665692329,0.0,0.8858312964439392,0.0,0.0,0.1141687333583831,0.0,0.8857481479644775,0.0,0.0,0.1142518669366836,0.0,0.8857481479644775,0.0,0.0,0.1142518669366836,0.0,0.8858104944229126,0.0,0.0,0.114189513027668,0.0,0.8858936429023743,0.0,0.0,0.1141063794493675,0.0,0.8856858015060425,0.0,0.0,0.1143142208456993,0.0,0.8857689499855042,0.0,0.0,0.1142310872673988,0.0,0.8857274055480957,0.0,0.0,0.114272654056549,0.0,0.8858520984649658,0.0,0.0,0.1141479462385177,0.0,0.8857689499855042,0.0,0.0,0.1142310872673988,0.0,0.4928190112113952,0.0051961010321974,0.0060066930018365,0.4950013756752014,0.0009768670424818,0.5031903982162476,0.0038243304006755,0.0036372707691043,0.488516628742218,0.0008313761791214,0.5116081237792969,0.0038866836111992,0.0037827615160495,0.4798495471477508,0.0008729449473321,0.5001974701881409,0.0030760918743908,0.0037619771901518,0.4921123385429382,0.0008521605632267,0.5252010822296143,0.0035957018844783,0.0041776653379201,0.466422826051712,0.0006027477211318,0.507472038269043,0.0047180596739053,0.0039490368217229,0.4830918908119201,0.0007690229685977,0.4987010061740875,0.0052168853580951,0.0065470873378217,0.4888699650764465,0.0006651009316556,0.5181552171707153,0.0023278533481061,0.0026188348419964,0.4765448272228241,0.0003533348790369,0.5226238369941711,0.0025980505160987,0.0025564816314727,0.4718891084194183,0.0003325504658278,0.5000727772712708,0.00546629820019,0.0061313994228839,0.4873111248016357,0.0010184358106926,0.5254505276679993,0.0029929541051387,0.0038243304006755,0.4670879244804382,0.0006443165475502,0.5139775276184082,0.0038035458419471,0.0040529589168727,0.4774177670478821,0.0007482385262846,0.5044998526573181,0.0034917797893285,0.0041360962204635,0.4870409369468689,0.0008313761791214,0.5116704702377319,0.0023694219999015,0.0029513854533433,0.482260525226593,0.0007482385262846,0.5062457323074341,0.0028474633581936,0.0029929541051387,0.4873111248016357,0.0006027477211318,0.5081994533538818,0.0060482616536319,0.0062561058439314,0.4785193502902984,0.0009768670424818,0.5236630439758301,0.0026811880525201,0.0028266790322959,0.4703302681446075,0.0004988256841897,0.5007794499397278,0.0037619771901518,0.005154532380402,0.4894311428070068,0.0008729449473321,0.5193191170692444,0.0026604037266224,0.0026396194007247,0.4746949970722198,0.0006858853157609,0.5106728076934814,0.0021407937165349,0.0022239312529563,0.4844013154506683,0.0005611788947135,0.4921746850013733,0.0035749175585806,0.0037204083055257,0.4998857080936432,0.0006443165475502,0.5270093679428101,0.0023694219999015,0.0027227569371461,0.4672333896160126,0.0006651009316556,0.5232473611831665,0.0028474633581936,0.0037411926314234,0.4694781303405761,0.0006858853157609,0.512896716594696,0.004343940410763,0.0041984496638178,0.477750301361084,0.0008105917368084,0.5023590326309204,0.0042815874330699,0.0035957018844783,0.4890362322330475,0.0007274541421793,0.5255336761474609,0.0030137386638671,0.002930600894615,0.4678361415863037,0.0006858853157609,0.5171159505844116,0.002244715578854,0.0026396194007247,0.4776048362255096,0.0003949036763515,0.5124602913856506,0.0023902065586298,0.0030137386638671,0.4815330803394317,0.0006027477211318,0.5006963014602661,0.0037204083055257,0.0053415917791426,0.4896389842033386,0.0006027477211318,0.48978447914123535,0.004676491022109985,0.004343940410763025,0.5002598166465759,0.0009352981578558683
130,0.8830046057701111,0.0,0.0,0.1169954091310501,0.0,0.8832747936248779,0.0,0.0,0.1167252138257026,0.0,0.8832540512084961,0.0,0.0,0.116746000945568,0.0,0.8832955956459045,0.0,0.0,0.1167044267058372,0.0,0.8832332491874695,0.0,0.0,0.1167667806148529,0.0,0.8832955956459045,0.0,0.0,0.1167044267058372,0.0,0.8833163976669312,0.0,0.0,0.1166836470365524,0.0,0.8832747936248779,0.0,0.0,0.1167252138257026,0.0,0.8833163976669312,0.0,0.0,0.1166836470365524,0.0,0.8833787441253662,0.0,0.0,0.1166212931275367,0.0,0.8833371996879578,0.0,0.0,0.116662859916687,0.0,0.8833163976669312,0.0,0.0,0.1166836470365524,0.0,0.8833163976669312,0.0,0.0,0.1166836470365524,0.0,0.8832955956459045,0.0,0.0,0.1167044267058372,0.0,0.8833579421043396,0.0,0.0,0.1166420727968216,0.0,0.8832955956459045,0.0,0.0,0.1167044267058372,0.0,0.8833163976669312,0.0,0.0,0.1166836470365524,0.0,0.8832747936248779,0.0,0.0,0.1167252138257026,0.0,0.8832747936248779,0.0,0.0,0.1167252138257026,0.0,0.8833787441253662,0.0,0.0,0.1166212931275367,0.0,0.8833371996879578,0.0,0.0,0.116662859916687,0.0,0.8832540512084961,0.0,0.0,0.116746000945568,0.0,0.8832540512084961,0.0,0.0,0.116746000945568,0.0,0.8833163976669312,0.0,0.0,0.1166836470365524,0.0,0.8833995461463928,0.0,0.0,0.1166005060076713,0.0,0.883191704750061,0.0,0.0,0.1168083474040031,0.0,0.8832747936248779,0.0,0.0,0.1167252138257026,0.0,0.8832332491874695,0.0,0.0,0.1167667806148529,0.0,0.8833579421043396,0.0,0.0,0.1166420727968216,0.0,0.8832747936248779,0.0,0.0,0.1167252138257026,0.0,0.4895974099636078,0.0041776653379201,0.0062561058439314,0.4989919662475586,0.0009768670424818,0.4998857080936432,0.0032215826213359,0.0041776653379201,0.4918629229068756,0.0008521605632267,0.5086151361465454,0.0030760918743908,0.0041776653379201,0.4832581877708435,0.0008729449473321,0.4971213638782501,0.0026396194007247,0.0039490368217229,0.4954378306865692,0.0008521605632267,0.5216885209083557,0.0033670733682811,0.0044062938541173,0.4699353873729706,0.0006027477211318,0.5044167041778564,0.0039490368217229,0.0042192339897155,0.4866460263729095,0.0007690229685977,0.4951676428318023,0.0048219817690551,0.0065678716637194,0.4927774369716644,0.0006651009316556,0.5153077244758606,0.001849811989814,0.0028682476840913,0.4796209037303924,0.0003533348790369,0.5196932554244995,0.0022862844634801,0.0028474633581936,0.4748197197914123,0.0003533348790369,0.4963731467723846,0.0049466881901025,0.0065678716637194,0.4910731017589569,0.0010392202530056,0.5220211148262024,0.0027227569371461,0.004427078180015,0.4701848030090332,0.0006443165475502,0.5105481147766113,0.0038866836111992,0.0039490368217229,0.4808264076709747,0.000789807352703,0.5010080337524414,0.0035125643480569,0.0044062938541173,0.4902417361736297,0.0008313761791214,0.5088645815849304,0.0020784405060112,0.002930600894615,0.485357403755188,0.0007690229685977,0.5033774971961975,0.002577266190201,0.0028266790322959,0.4906158447265625,0.0006027477211318,0.5044375061988831,0.0054870825260877,0.0066925780847668,0.4824060201644897,0.0009768670424818,0.5204830765724182,0.0024941284209489,0.0031800137367099,0.4733440279960632,0.0004988256841897,0.4972668588161468,0.003699623979628,0.0051129632629454,0.4930476248264313,0.0008729449473321,0.5163677334785461,0.0020368716213852,0.0030760918743908,0.4778334498405456,0.0006858853157609,0.5078253746032715,0.0019745184108614,0.0020368716213852,0.4876021146774292,0.0005611788947135,0.4889531135559082,0.0032007982954382,0.0037411926314234,0.5034606456756592,0.0006443165475502,0.5240579843521118,0.0018913807580247,0.0028682476840913,0.4705173373222351,0.0006651009316556,0.5200257897377014,0.0026396194007247,0.0038658990524709,0.4727828502655029,0.0006858853157609,0.5097998380661011,0.0037411926314234,0.0044478625059127,0.4812005162239074,0.0008105917368084,0.4993245303630829,0.0034294265788048,0.0037827615160495,0.4927358627319336,0.0007274541421793,0.5227277874946594,0.0025980505160987,0.0029513854533433,0.4710369408130646,0.0006858853157609,0.5141645669937134,0.0019329495262354,0.002972169779241,0.4805354177951813,0.0003949036763515,0.5096959471702576,0.0016835366841405,0.0032007982954382,0.4848169982433319,0.0006027477211318,0.4974539279937744,0.0034502111375331,0.0049882568418979,0.4935048818588257,0.0006027477211318,0.4865836799144745,0.0038658990524709225,0.004634921904653311,0.5039802193641663,0.0009352981578558683
131,0.8801363706588745,0.0,0.0,0.1198636591434478,0.0,0.8804065585136414,0.0,0.0,0.1195934638381004,0.0,0.8803858160972595,0.0,0.0,0.1196142435073852,0.0,0.880427360534668,0.0,0.0,0.119572676718235,0.0,0.8803650140762329,0.0,0.0,0.1196350306272506,0.0,0.880427360534668,0.0,0.0,0.119572676718235,0.0,0.8804481625556946,0.0,0.0,0.1195518895983696,0.0,0.8804065585136414,0.0,0.0,0.1195934638381004,0.0,0.8804481625556946,0.0,0.0,0.1195518895983696,0.0,0.8805105090141296,0.0,0.0,0.1194895356893539,0.0,0.8804689049720764,0.0,0.0,0.1195311099290847,0.0,0.8804481625556946,0.0,0.0,0.1195518895983696,0.0,0.8804481625556946,0.0,0.0,0.1195518895983696,0.0,0.880427360534668,0.0,0.0,0.119572676718235,0.0,0.880489706993103,0.0,0.0,0.1195103228092193,0.0,0.880427360534668,0.0,0.0,0.119572676718235,0.0,0.8804481625556946,0.0,0.0,0.1195518895983696,0.0,0.8804065585136414,0.0,0.0,0.1195934638381004,0.0,0.8804065585136414,0.0,0.0,0.1195934638381004,0.0,0.8805105090141296,0.0,0.0,0.1194895356893539,0.0,0.8804689049720764,0.0,0.0,0.1195311099290847,0.0,0.8803858160972595,0.0,0.0,0.1196142435073852,0.0,0.8803858160972595,0.0,0.0,0.1196142435073852,0.0,0.8804481625556946,0.0,0.0,0.1195518895983696,0.0,0.8805312514305115,0.0,0.0,0.1194687560200691,0.0,0.8803234100341797,0.0,0.0,0.1196765974164009,0.0,0.8804065585136414,0.0,0.0,0.1195934638381004,0.0,0.8803650140762329,0.0,0.0,0.1196350306272506,0.0,0.880489706993103,0.0,0.0,0.1195103228092193,0.0,0.8804065585136414,0.0,0.0,0.1195934638381004,0.0,0.4857315123081207,0.0039074681699275,0.0060274773277342,0.5033566951751709,0.0009768670424818,0.4965809881687164,0.0026188348419964,0.0043647247366607,0.4955833256244659,0.0008521605632267,0.5052480697631836,0.0026396194007247,0.0043231560848653,0.4869162440299988,0.0008729449473321,0.4937958717346191,0.0024317752104252,0.0038035458419471,0.4990958869457245,0.0008729449473321,0.5176355838775635,0.0037204083055257,0.0040945275686681,0.4739467799663543,0.0006027477211318,0.500571608543396,0.0037827615160495,0.0046141375787556,0.4902625381946563,0.0007690229685977,0.4911562502384186,0.0046349219046533,0.0063808122649788,0.4971629381179809,0.0006651009316556,0.5120861530303955,0.0014756927266716,0.0030137386638671,0.4830711185932159,0.0003533348790369,0.5162638425827026,0.0020576559472829,0.0028682476840913,0.4784362018108368,0.0003741192631423,0.4924033284187317,0.0045933532528579,0.006526303011924,0.4954378306865692,0.0010392202530056,0.5182591080665588,0.0029513854533433,0.0043647247366607,0.473780483007431,0.0006443165475502,0.5066614151000977,0.0037827615160495,0.0044686468318104,0.4842973947525024,0.000789807352703,0.4975578486919403,0.0029929541051387,0.0044062938541173,0.4942115545272827,0.0008313761791214,0.5053935647010803,0.0019537340849637,0.0029513854533433,0.4889323115348816,0.0007690229685977,0.5002182722091675,0.0019745184108614,0.002577266190201,0.4946272373199463,0.0006027477211318,0.5007378458976746,0.0046349219046533,0.007232972420752,0.4864174127578735,0.0009768670424818,0.5168665647506714,0.0027227569371461,0.0029929541051387,0.4769189357757568,0.0004988256841897,0.493193119764328,0.0039074681699275,0.0048219817690551,0.4972045123577118,0.0008729449473321,0.5127512216567993,0.0024317752104252,0.0027643258217722,0.4813668131828308,0.0006858853157609,0.504188060760498,0.0020784405060112,0.0023902065586298,0.4907821416854858,0.0005611788947135,0.485357403755188,0.0031384450849145,0.0037827615160495,0.5070770978927612,0.0006443165475502,0.5206493139266968,0.0019953027367591,0.0026396194007247,0.4740507006645202,0.0006651009316556,0.5161183476448059,0.0028474633581936,0.0038035458419471,0.4765448272228241,0.0006858853157609,0.5062041878700256,0.003616486210376,0.0041984496638178,0.4851703345775604,0.0008105917368084,0.495417058467865,0.0031176605261862,0.0045102154836058,0.4962276518344879,0.0007274541421793,0.519402265548706,0.0021200091578066,0.003263151505962,0.4745079576969147,0.0007066697580739,0.5105481147766113,0.0023070687893778,0.0024317752104252,0.484318196773529,0.0003949036763515,0.5063496828079224,0.0016003991477191,0.0031176605261862,0.4883295893669128,0.0006027477211318,0.4936088025569916,0.0034086422529071,0.0046764910221099,0.497703343629837,0.0006027477211318,0.48296719789505005,0.003533348673954606,0.004718059673905373,0.5078461170196533,0.0009352981578558683
132,0.8797206878662109,0.0,0.0,0.120279349386692,0.0,0.8799908757209778,0.0,0.0,0.120009146630764,0.0,0.8799700736999512,0.0,0.0,0.1200299337506294,0.0,0.8800116777420044,0.0,0.0,0.1199883669614791,0.0,0.8799493312835693,0.0,0.0,0.1200507208704948,0.0,0.8800116777420044,0.0,0.0,0.1199883669614791,0.0,0.880032479763031,0.0,0.0,0.1199675798416137,0.0,0.8799908757209778,0.0,0.0,0.120009146630764,0.0,0.880032479763031,0.0,0.0,0.1199675798416137,0.0,0.8800948262214661,0.0,0.0,0.1199052259325981,0.0,0.8800532221794128,0.0,0.0,0.1199467927217483,0.0,0.880032479763031,0.0,0.0,0.1199675798416137,0.0,0.880032479763031,0.0,0.0,0.1199675798416137,0.0,0.8800116777420044,0.0,0.0,0.1199883669614791,0.0,0.8800740242004395,0.0,0.0,0.1199260130524635,0.0,0.8800116777420044,0.0,0.0,0.1199883669614791,0.0,0.880032479763031,0.0,0.0,0.1199675798416137,0.0,0.8799908757209778,0.0,0.0,0.120009146630764,0.0,0.8799908757209778,0.0,0.0,0.120009146630764,0.0,0.8800948262214661,0.0,0.0,0.1199052259325981,0.0,0.8800532221794128,0.0,0.0,0.1199467927217483,0.0,0.8799700736999512,0.0,0.0,0.1200299337506294,0.0,0.8799700736999512,0.0,0.0,0.1200299337506294,0.0,0.880032479763031,0.0,0.0,0.1199675798416137,0.0,0.8801155686378479,0.0,0.0,0.1198844462633133,0.0,0.8799077272415161,0.0,0.0,0.120092287659645,0.0,0.8799908757209778,0.0,0.0,0.120009146630764,0.0,0.8799493312835693,0.0,0.0,0.1200507208704948,0.0,0.8800740242004395,0.0,0.0,0.1199260130524635,0.0,0.8799908757209778,0.0,0.0,0.120009146630764,0.0,0.4842350482940674,0.0036788394208997,0.0061729680746793,0.5049363374710083,0.0009768670424818,0.4955417513847351,0.0024733440950512,0.0043855090625584,0.4967472553253174,0.0008521605632267,0.5040841698646545,0.0024109908845275,0.0046764910221099,0.4879554510116577,0.0008729449473321,0.4927358627319336,0.0024941284209489,0.003616486210376,0.5002806186676025,0.0008729449473321,0.5164300799369812,0.0035957018844783,0.0042815874330699,0.4750899076461792,0.0006027477211318,0.499449223279953,0.0035333486739546,0.0044894311577081,0.4917590022087097,0.0007690229685977,0.4895766377449035,0.0047804131172597,0.0060898303054273,0.4988880455493927,0.0006651009316556,0.51133793592453,0.0014756927266716,0.002972169779241,0.4838609397411346,0.0003533348790369,0.5154740214347839,0.0018705963157117,0.0028890322428196,0.4793922901153564,0.0003741192631423,0.4908444881439209,0.0045725689269602,0.0063600274734199,0.4971837401390075,0.0010392202530056,0.5171575546264648,0.0029929541051387,0.0041153118945658,0.4750899076461792,0.0006443165475502,0.5055598616600037,0.0031800137367099,0.0046972753480076,0.4857730865478515,0.000789807352703,0.4964147210121155,0.0028474633581936,0.004427078180015,0.4954794049263,0.0008313761791214,0.5046245455741882,0.001849811989814,0.0026188348419964,0.4901378154754638,0.0007690229685977,0.4993037283420563,0.001829027547501,0.002930600894615,0.4953339099884033,0.0006027477211318,0.4993868768215179,0.0043647247366607,0.0067549315281212,0.488516628742218,0.0009768670424818,0.515931248664856,0.0023278533481061,0.0032215826213359,0.4780205190181732,0.0004988256841897,0.4919668436050415,0.0037204083055257,0.0046349219046533,0.4988049268722534,0.0008729449473321,0.511795163154602,0.002244715578854,0.002930600894615,0.4823436737060547,0.0006858853157609,0.5031696557998657,0.0020784405060112,0.0026604037266224,0.4915303587913513,0.0005611788947135,0.4840895533561706,0.0031176605261862,0.0038035458419471,0.5083449482917786,0.0006443165475502,0.5195893049240112,0.0020992248319089,0.0027019726112484,0.4749444127082824,0.0006651009316556,0.5153077244758606,0.0027435412630438,0.0035749175585806,0.4776879549026489,0.0006858853157609,0.505081832408905,0.0033462890423834,0.004343940410763,0.4864174127578735,0.0008105917368084,0.4941284358501434,0.002972169779241,0.0049259038642048,0.4972460865974426,0.0007274541421793,0.5185500979423523,0.001829027547501,0.0033462890423834,0.4755679368972778,0.0007066697580739,0.5097998380661011,0.0019745184108614,0.0026396194007247,0.485191136598587,0.0003949036763515,0.5054975152015686,0.0017458898946642,0.0027851101476699,0.4893687963485718,0.0006027477211318,0.4924448728561401,0.0034086422529071,0.004343940410763,0.4991998076438904,0.0006027477211318,0.4818032681941986,0.0032007982954382896,0.004884334746748209,0.5091763138771057,0.0009352981578558683
133,0.8794505000114441,0.0,0.0,0.1205495446920394,0.0,0.8797206878662109,0.0,0.0,0.120279349386692,0.0,0.8796998858451843,0.0,0.0,0.1203001290559768,0.0,0.8797414898872375,0.0,0.0,0.1202585622668266,0.0,0.8796791434288025,0.0,0.0,0.1203209161758422,0.0,0.8797414898872375,0.0,0.0,0.1202585622668266,0.0,0.8797622323036194,0.0,0.0,0.1202377751469612,0.0,0.8797206878662109,0.0,0.0,0.120279349386692,0.0,0.8797622323036194,0.0,0.0,0.1202377751469612,0.0,0.8798246383666992,0.0,0.0,0.1201754212379455,0.0,0.879783034324646,0.0,0.0,0.1202169954776763,0.0,0.8797622323036194,0.0,0.0,0.1202377751469612,0.0,0.8797622323036194,0.0,0.0,0.1202377751469612,0.0,0.8797414898872375,0.0,0.0,0.1202585622668266,0.0,0.8798038363456726,0.0,0.0,0.1201962083578109,0.0,0.8797414898872375,0.0,0.0,0.1202585622668266,0.0,0.8797622323036194,0.0,0.0,0.1202377751469612,0.0,0.8797206878662109,0.0,0.0,0.120279349386692,0.0,0.8797206878662109,0.0,0.0,0.120279349386692,0.0,0.8798246383666992,0.0,0.0,0.1201754212379455,0.0,0.879783034324646,0.0,0.0,0.1202169954776763,0.0,0.8796998858451843,0.0,0.0,0.1203001290559768,0.0,0.8796998858451843,0.0,0.0,0.1203001290559768,0.0,0.8797622323036194,0.0,0.0,0.1202377751469612,0.0,0.879845380783081,0.0,0.0,0.1201546415686607,0.0,0.8796375393867493,0.0,0.0,0.1203624829649925,0.0,0.8797206878662109,0.0,0.0,0.120279349386692,0.0,0.8796791434288025,0.0,0.0,0.1203209161758422,0.0,0.8798038363456726,0.0,0.0,0.1201962083578109,0.0,0.8797206878662109,0.0,0.0,0.120279349386692,0.0,0.4828840494155884,0.0038866836111992,0.0060274773277342,0.5062249302864075,0.0009768670424818,0.494606465101242,0.002535697305575,0.0044478625059127,0.4975578486919403,0.0008521605632267,0.5032735466957092,0.0022862844634801,0.0045102154836058,0.4890570342540741,0.0008729449473321,0.4917590022087097,0.0023902065586298,0.003658055095002,0.5013198256492615,0.0008729449473321,0.515536367893219,0.003616486210376,0.0043647247366607,0.4758797287940979,0.0006027477211318,0.4982852935791015,0.0031384450849145,0.0050921789370477,0.4927150905132293,0.0007690229685977,0.4884958565235138,0.0041568810120224,0.0064431652426719,0.5002390146255493,0.0006651009316556,0.5107143521308899,0.0013925550738349,0.0027227569371461,0.4848169982433319,0.0003533348790369,0.5149335861206055,0.0016419679159298,0.0028890322428196,0.4801613092422485,0.0003741192631423,0.4897844791412353,0.0042400183156132,0.0062768901698291,0.4986594319343567,0.0010392202530056,0.5160351991653442,0.0033670733682811,0.003616486210376,0.4763369858264923,0.0006443165475502,0.5046453475952148,0.0032839358318597,0.0043855090625584,0.4868954420089721,0.000789807352703,0.4950844943523407,0.0033670733682811,0.0040529589168727,0.4966641068458557,0.0008313761791214,0.5037723779678345,0.001849811989814,0.0026604037266224,0.4909484088420868,0.0007690229685977,0.4981813728809356,0.0020160872954875,0.0032215826213359,0.4959782361984253,0.0006027477211318,0.4976617693901062,0.0044894311577081,0.0067965001799166,0.4900754690170288,0.0009768670424818,0.5150375366210938,0.002577266190201,0.0031800137367099,0.4787063896656036,0.0004988256841897,0.4909068346023559,0.0038243304006755,0.0045725689269602,0.4998233616352081,0.0008729449473321,0.5110676884651184,0.0022031469270586,0.0030137386638671,0.4830295443534851,0.0006858853157609,0.5024629831314087,0.0021615780424326,0.002577266190201,0.4922370314598083,0.0005611788947135,0.4835283756256103,0.0025980505160987,0.0042192339897155,0.5090100765228271,0.0006443165475502,0.5188410878181458,0.0021200091578066,0.0025149129796773,0.4758589267730713,0.0006651009316556,0.5143724083900452,0.0028266790322959,0.0034709954634308,0.4786440432071686,0.0006858853157609,0.5040010213851929,0.0028474633581936,0.0049259038642048,0.487415075302124,0.0008105917368084,0.4927982091903686,0.0035125643480569,0.0047596283257007,0.4982021749019623,0.0007274541421793,0.5178226232528687,0.0016627523582428,0.0035333486739546,0.4762746095657348,0.0007066697580739,0.509093165397644,0.0019745184108614,0.0027227569371461,0.4858146607875824,0.0003949036763515,0.5046868920326233,0.0017251055687665,0.0027227569371461,0.4902625381946563,0.0006027477211318,0.4917382299900055,0.0029098165687173,0.0045310002751648,0.5002182722091675,0.0006027477211318,0.4808887541294098,0.002847463358193636,0.005071394611150026,0.5102571249008179,0.0009352981578558683
134,0.8777669668197632,0.0,0.0,0.1222330778837204,0.0,0.87803715467453,0.0,0.0,0.1219628825783729,0.0,0.8780163526535034,0.0,0.0,0.1219836696982383,0.0,0.8780579566955566,0.0,0.0,0.1219420954585075,0.0,0.8779956102371216,0.0,0.0,0.1220044493675232,0.0,0.8780579566955566,0.0,0.0,0.1219420954585075,0.0,0.8780786991119385,0.0,0.0,0.1219213157892227,0.0,0.87803715467453,0.0,0.0,0.1219628825783729,0.0,0.8780786991119385,0.0,0.0,0.1219213157892227,0.0,0.8781410455703735,0.0,0.0,0.121858961880207,0.0,0.8780995011329651,0.0,0.0,0.1219005286693573,0.0,0.8780786991119385,0.0,0.0,0.1219213157892227,0.0,0.8780786991119385,0.0,0.0,0.1219213157892227,0.0,0.8780579566955566,0.0,0.0,0.1219420954585075,0.0,0.8781203031539917,0.0,0.0,0.1218797490000724,0.0,0.8780579566955566,0.0,0.0,0.1219420954585075,0.0,0.8780786991119385,0.0,0.0,0.1219213157892227,0.0,0.87803715467453,0.0,0.0,0.1219628825783729,0.0,0.87803715467453,0.0,0.0,0.1219628825783729,0.0,0.8781410455703735,0.0,0.0,0.121858961880207,0.0,0.8780995011329651,0.0,0.0,0.1219005286693573,0.0,0.8780163526535034,0.0,0.0,0.1219836696982383,0.0,0.8780163526535034,0.0,0.0,0.1219836696982383,0.0,0.8780786991119385,0.0,0.0,0.1219213157892227,0.0,0.8781618475914001,0.0,0.0,0.1218381747603416,0.0,0.8779540061950684,0.0,0.0,0.122046023607254,0.0,0.87803715467453,0.0,0.0,0.1219628825783729,0.0,0.8779956102371216,0.0,0.0,0.1220044493675232,0.0,0.8781203031539917,0.0,0.0,0.1218797490000724,0.0,0.87803715467453,0.0,0.0,0.1219628825783729,0.0,0.4797871708869934,0.0045725689269602,0.0059235552325844,0.5087398886680603,0.0009768670424818,0.4921123385429382,0.002535697305575,0.0046349219046533,0.4998649060726166,0.0008521605632267,0.5006546974182129,0.0027227569371461,0.0043855090625584,0.4913640916347503,0.0008729449473321,0.4892856478691101,0.0025980505160987,0.003658055095002,0.5035853385925293,0.0008729449473321,0.5130630135536194,0.0033878579270094,0.0046141375787556,0.4783322811126709,0.0006027477211318,0.4957703948020935,0.0034086422529071,0.0052792388014495,0.494772732257843,0.0007690229685977,0.485897809267044,0.004032174590975,0.0062561058439314,0.5031488537788391,0.0006651009316556,0.5088022351264954,0.0012678486527875,0.0026811880525201,0.4868954420089721,0.0003533348790369,0.5125018358230591,0.0019537340849637,0.0030345229897648,0.4821358323097229,0.0003741192631423,0.486708402633667,0.004427078180015,0.0066717937588691,0.5011535286903381,0.0010392202530056,0.5136449933052063,0.0031384450849145,0.0039282524958252,0.4786440432071686,0.0006443165475502,0.5021511912345886,0.0031592294108122,0.004738843999803,0.48916095495224,0.000789807352703,0.4925280213356018,0.0032423669472336,0.0044894311577081,0.4989088475704193,0.0008313761791214,0.5016108155250549,0.0020160872954875,0.0026811880525201,0.4929229319095611,0.0007690229685977,0.4958327412605285,0.0023070687893778,0.0032215826213359,0.4980358779430389,0.0006027477211318,0.494606465101242,0.0045933532528579,0.0073161101900041,0.4925072491168976,0.0009768670424818,0.5130630135536194,0.0021823623683303,0.0033670733682811,0.4808887541294098,0.0004988256841897,0.4883295893669128,0.003699623979628,0.0047804131172597,0.502317488193512,0.0008729449473321,0.5087398886680603,0.0023902065586298,0.0031176605261862,0.4850664138793945,0.0006858853157609,0.5000727772712708,0.0025149129796773,0.0024941284209489,0.4943570494651794,0.0005611788947135,0.4805562198162079,0.0031592294108122,0.0043023717589676,0.51133793592453,0.0006443165475502,0.5163677334785461,0.0024525597691535,0.0028266790322959,0.4776879549026489,0.0006651009316556,0.5119406580924988,0.0028474633581936,0.0035749175585806,0.4809511005878448,0.0006858853157609,0.50167316198349,0.0028890322428196,0.0049466881901025,0.4896597862243652,0.0008313761791214,0.4903456568717956,0.0037411926314234,0.0048219817690551,0.5003637671470642,0.0007274541421793,0.515286922454834,0.0022031469270586,0.0033255047164857,0.4784777760505676,0.0007066697580739,0.5069732069969177,0.0019537340849637,0.0027019726112484,0.4879762530326843,0.0003949036763515,0.5025461316108704,0.0019121652003377,0.0026604037266224,0.4922578334808349,0.0006235321052372,0.489223301410675,0.0029929541051387,0.0044686468318104,0.5027123689651489,0.0006027477211318,0.47814521193504333,0.0032007982954382896,0.005383160896599293,0.5123355388641357,0.0009352981578558683
135,0.8760210871696472,0.0,0.0,0.1239789724349975,0.0,0.8762912750244141,0.0,0.0,0.1237087696790695,0.0,0.8762704730033875,0.0,0.0,0.1237295567989349,0.0,0.8763120174407959,0.0,0.0,0.1236879900097847,0.0,0.8762496709823608,0.0,0.0,0.1237503439188003,0.0,0.8763120174407959,0.0,0.0,0.1236879900097847,0.0,0.8763328194618225,0.0,0.0,0.1236672028899192,0.0,0.8762912750244141,0.0,0.0,0.1237087696790695,0.0,0.8763328194618225,0.0,0.0,0.1236672028899192,0.0,0.8763951659202576,0.0,0.0,0.1236048489809036,0.0,0.8763536214828491,0.0,0.0,0.1236464232206344,0.0,0.8763328194618225,0.0,0.0,0.1236672028899192,0.0,0.8763328194618225,0.0,0.0,0.1236672028899192,0.0,0.8763120174407959,0.0,0.0,0.1236879900097847,0.0,0.8763744235038757,0.0,0.0,0.123625636100769,0.0,0.8763120174407959,0.0,0.0,0.1236879900097847,0.0,0.8763328194618225,0.0,0.0,0.1236672028899192,0.0,0.8762912750244141,0.0,0.0,0.1237087696790695,0.0,0.8762912750244141,0.0,0.0,0.1237087696790695,0.0,0.8763951659202576,0.0,0.0,0.1236048489809036,0.0,0.8763536214828491,0.0,0.0,0.1236464232206344,0.0,0.8762704730033875,0.0,0.0,0.1237295567989349,0.0,0.8762704730033875,0.0,0.0,0.1237295567989349,0.0,0.8763328194618225,0.0,0.0,0.1236672028899192,0.0,0.8764159679412842,0.0,0.0,0.1235840693116188,0.0,0.8762081265449524,0.0,0.0,0.1237919107079505,0.0,0.8762912750244141,0.0,0.0,0.1237087696790695,0.0,0.8762496709823608,0.0,0.0,0.1237503439188003,0.0,0.8763744235038757,0.0,0.0,0.123625636100769,0.0,0.8762912750244141,0.0,0.0,0.1237087696790695,0.0,0.4768565893173218,0.0047596283257007,0.0051753167062997,0.5122316479682922,0.0009768670424818,0.4896182119846344,0.0028474633581936,0.003658055095002,0.5030033588409424,0.0008729449473321,0.4983684420585632,0.0027643258217722,0.0035749175585806,0.4944193959236145,0.0008729449473321,0.4870409369468689,0.0026396194007247,0.0030968762002885,0.5063496828079224,0.0008729449473321,0.5105481147766113,0.002972169779241,0.0045517846010625,0.4813252389431,0.0006027477211318,0.4931100010871887,0.0033462890423834,0.0049259038642048,0.4978488385677337,0.0007690229685977,0.4827593564987182,0.0042815874330699,0.0059651238843798,0.5063288807868958,0.0006651009316556,0.5067861080169678,0.0011847109999507,0.0022031469270586,0.4894727170467376,0.0003533348790369,0.5101739764213562,0.0019745184108614,0.0028474633581936,0.4846299588680267,0.0003741192631423,0.4837362170219421,0.0045517846010625,0.0060482616536319,0.5046245455741882,0.0010392202530056,0.5110053420066833,0.0031384450849145,0.003616486210376,0.4815746545791626,0.0006651009316556,0.4998233616352081,0.0027227569371461,0.0049051195383071,0.4917590022087097,0.000789807352703,0.490033894777298,0.0034086422529071,0.0040945275686681,0.5016316175460815,0.0008313761791214,0.4993868768215179,0.0018913807580247,0.0026811880525201,0.4952715635299682,0.0007690229685977,0.4935048818588257,0.0025980505160987,0.0028682476840913,0.5004261136054993,0.0006027477211318,0.4914888143539428,0.0051337475888431,0.0063184588216245,0.4960821568965912,0.0009768670424818,0.5108391046524048,0.0019121652003377,0.0032423669472336,0.4835076034069061,0.0004988256841897,0.4858770072460174,0.0032007982954382,0.0049051195383071,0.5051441788673401,0.0008729449473321,0.5066198706626892,0.0020160872954875,0.0027851101476699,0.4878931045532226,0.0006858853157609,0.4977864921092987,0.0022862844634801,0.0027435412630438,0.4966225624084472,0.0005611788947135,0.4782075583934784,0.0030345229897648,0.0039282524958252,0.5141645669937134,0.0006651009316556,0.5140190720558167,0.0025149129796773,0.0024317752104252,0.4803691506385803,0.0006651009316556,0.5096127986907959,0.0023902065586298,0.0036788394208997,0.4836322963237762,0.0006858853157609,0.4991582632064819,0.002930600894615,0.0044686468318104,0.4926111698150635,0.0008313761791214,0.4879762530326843,0.0033255047164857,0.0044686468318104,0.5035021901130676,0.0007274541421793,0.5129591226577759,0.0023278533481061,0.0030553073156625,0.4809511005878448,0.0007066697580739,0.5048531889915466,0.0015796147054061,0.0026811880525201,0.4904911518096924,0.0003949036763515,0.5004261136054993,0.001808243105188,0.0021615780424326,0.4949805736541748,0.0006235321052372,0.4864174127578735,0.0030760918743908,0.004427078180015,0.505476713180542,0.0006027477211318,0.47581735253334045,0.0030345229897648096,0.004614137578755617,0.515598714351654,0.0009352981578558683
136,0.872820258140564,0.0,0.0,0.1271797716617584,0.0,0.8730904459953308,0.0,0.0,0.1269095689058303,0.0,0.873069703578949,0.0,0.0,0.1269303560256958,0.0,0.8731112480163574,0.0,0.0,0.1268887817859649,0.0,0.8730489015579224,0.0,0.0,0.1269511431455612,0.0,0.8731112480163574,0.0,0.0,0.1268887817859649,0.0,0.873132050037384,0.0,0.0,0.1268680095672607,0.0,0.8730904459953308,0.0,0.0,0.1269095689058303,0.0,0.873132050037384,0.0,0.0,0.1268680095672607,0.0,0.8731943964958191,0.0,0.0,0.1268056482076645,0.0,0.8731527924537659,0.0,0.0,0.1268472224473953,0.0,0.873132050037384,0.0,0.0,0.1268680095672607,0.0,0.873132050037384,0.0,0.0,0.1268680095672607,0.0,0.8731112480163574,0.0,0.0,0.1268887817859649,0.0,0.8731735944747925,0.0,0.0,0.1268264353275299,0.0,0.8731112480163574,0.0,0.0,0.1268887817859649,0.0,0.873132050037384,0.0,0.0,0.1268680095672607,0.0,0.8730904459953308,0.0,0.0,0.1269095689058303,0.0,0.8730904459953308,0.0,0.0,0.1269095689058303,0.0,0.8731943964958191,0.0,0.0,0.1268056482076645,0.0,0.8731527924537659,0.0,0.0,0.1268472224473953,0.0,0.873069703578949,0.0,0.0,0.1269303560256958,0.0,0.873069703578949,0.0,0.0,0.1269303560256958,0.0,0.873132050037384,0.0,0.0,0.1268680095672607,0.0,0.8732151985168457,0.0,0.0,0.126784861087799,0.0,0.8730072975158691,0.0,0.0,0.1269927024841308,0.0,0.8730904459953308,0.0,0.0,0.1269095689058303,0.0,0.8730489015579224,0.0,0.0,0.1269511431455612,0.0,0.8731735944747925,0.0,0.0,0.1268264353275299,0.0,0.8730904459953308,0.0,0.0,0.1269095689058303,0.0,0.4730114638805389,0.0043231560848653,0.0049882568418979,0.5166795253753662,0.0009976513683795,0.4858562350273132,0.0027851101476699,0.0032423669472336,0.5072433948516846,0.0008729449473321,0.4944401979446411,0.0027435412630438,0.0033878579270094,0.4985555112361908,0.0008729449473321,0.4835076034069061,0.0023278533481061,0.0030760918743908,0.5102155804634094,0.0008729449473321,0.5066614151000977,0.0028682476840913,0.0045102154836058,0.4853366315364837,0.0006235321052372,0.4893272221088409,0.0032215826213359,0.0044894311577081,0.5021927952766418,0.0007690229685977,0.4785608947277069,0.0041153118945658,0.005798848811537,0.5108598470687866,0.0006651009316556,0.5031073093414307,0.0013302018633112,0.001808243105188,0.4934009611606598,0.0003533348790369,0.5065575242042542,0.0020160872954875,0.0024317752104252,0.4886205494403839,0.0003741192631423,0.4795793294906616,0.0043647247366607,0.0057364953681826,0.509280264377594,0.0010392202530056,0.507284939289093,0.002972169779241,0.0036372707691043,0.4854405522346496,0.0006651009316556,0.4957080483436584,0.0029513854533433,0.0044686468318104,0.4960613846778869,0.0008105917368084,0.4864381849765777,0.0030760918743908,0.0037204083055257,0.505933940410614,0.0008313761791214,0.4957288205623626,0.0019953027367591,0.0023070687893778,0.4991998076438904,0.0007690229685977,0.4898883998394012,0.0025149129796773,0.0024733440950512,0.5045206546783447,0.0006027477211318,0.4874981939792633,0.0049882568418979,0.0055702202953398,0.500966489315033,0.0009768670424818,0.5070562958717346,0.0019745184108614,0.0032423669472336,0.4872280061244964,0.0004988256841897,0.4819279909133911,0.0031384450849145,0.0047180596739053,0.509342610836029,0.0008729449473321,0.5025876760482788,0.0023070687893778,0.002972169779241,0.491447240114212,0.0006858853157609,0.4943778216838836,0.0018913807580247,0.0026811880525201,0.5004884600639343,0.0005611788947135,0.4745703041553497,0.0026188348419964,0.0039906054735183,0.5181552171707153,0.0006651009316556,0.510444164276123,0.002244715578854,0.0026396194007247,0.484006404876709,0.0006651009316556,0.5056014060974121,0.0028058944735676,0.0032423669472336,0.4876644611358642,0.0006858853157609,0.4950429499149322,0.0031384450849145,0.0043231560848653,0.4966225624084472,0.0008729449473321,0.4841934740543365,0.0030345229897648,0.0039906054735183,0.5080539584159851,0.0007274541421793,0.5094673037528992,0.0021823623683303,0.0025564816314727,0.4850872159004211,0.0007066697580739,0.5010704398155212,0.001829027547501,0.0026396194007247,0.494066059589386,0.0003949036763515,0.4969550967216491,0.0016419679159298,0.0020368716213852,0.4987425506114959,0.0006235321052372,0.4823852479457855,0.0031592294108122,0.0041568810120224,0.5096959471702576,0.0006027477211318,0.47203460335731506,0.0028682476840913296,0.004281587433069944,0.5198594927787781,0.0009560826001688838
137,0.8694947361946106,0.0,0.0,0.1305052787065506,0.0,0.8697649836540222,0.0,0.0,0.1302350759506225,0.0,0.8697441816329956,0.0,0.0,0.1302558630704879,0.0,0.869785726070404,0.0,0.0,0.1302142888307571,0.0,0.869723379611969,0.0,0.0,0.1302766501903534,0.0,0.869785726070404,0.0,0.0,0.1302142888307571,0.0,0.8698065280914307,0.0,0.0,0.1301935017108917,0.0,0.8697649836540222,0.0,0.0,0.1302350759506225,0.0,0.8698065280914307,0.0,0.0,0.1301935017108917,0.0,0.8698688745498657,0.0,0.0,0.1301311552524566,0.0,0.8698273301124573,0.0,0.0,0.1301727294921875,0.0,0.8698065280914307,0.0,0.0,0.1301935017108917,0.0,0.8698065280914307,0.0,0.0,0.1301935017108917,0.0,0.869785726070404,0.0,0.0,0.1302142888307571,0.0,0.8698480725288391,0.0,0.0,0.130151942372322,0.0,0.869785726070404,0.0,0.0,0.1302142888307571,0.0,0.8698065280914307,0.0,0.0,0.1301935017108917,0.0,0.8697649836540222,0.0,0.0,0.1302350759506225,0.0,0.8697649836540222,0.0,0.0,0.1302350759506225,0.0,0.8698688745498657,0.0,0.0,0.1301311552524566,0.0,0.8698273301124573,0.0,0.0,0.1301727294921875,0.0,0.8697441816329956,0.0,0.0,0.1302558630704879,0.0,0.8697441816329956,0.0,0.0,0.1302558630704879,0.0,0.8698065280914307,0.0,0.0,0.1301935017108917,0.0,0.8698896765708923,0.0,0.0,0.1301103681325912,0.0,0.8696818351745605,0.0,0.0,0.130318209528923,0.0,0.8697649836540222,0.0,0.0,0.1302350759506225,0.0,0.869723379611969,0.0,0.0,0.1302766501903534,0.0,0.8698480725288391,0.0,0.0,0.130151942372322,0.0,0.8697649836540222,0.0,0.0,0.1302350759506225,0.0,0.4689792990684509,0.0039490368217229,0.0047596283257007,0.5213144421577454,0.0009976513683795,0.4819695353507995,0.0026811880525201,0.0031384450849145,0.51133793592453,0.0008729449473321,0.4905119240283966,0.0028058944735676,0.0029513854533433,0.5028578639030457,0.0008729449473321,0.4793922901153564,0.0024109908845275,0.0032007982954382,0.5141230225563049,0.0008729449473321,0.5026708245277405,0.0029098165687173,0.0042192339897155,0.4895766377449035,0.0006235321052372,0.4853781759738922,0.0029513854533433,0.004427078180015,0.5064743757247925,0.0007690229685977,0.4742793142795563,0.0042608026415109,0.0055910046212375,0.5152038335800171,0.0006651009316556,0.4995739459991455,0.0011847109999507,0.001829027547501,0.497059017419815,0.0003533348790369,0.5026500225067139,0.0023278533481061,0.0021407937165349,0.4925072491168976,0.0003741192631423,0.4754848182201385,0.004343940410763,0.0053623761050403,0.5137696862220764,0.0010392202530056,0.5035021901130676,0.002577266190201,0.0038451147265732,0.4894103705883026,0.0006651009316556,0.4913017451763153,0.0033878579270094,0.0038243304006755,0.5006754994392395,0.0008105917368084,0.4822189509868622,0.0029098165687173,0.0039074681699275,0.5101324319839478,0.0008313761791214,0.492091566324234,0.0017251055687665,0.0024317752104252,0.5029825568199158,0.0007690229685977,0.4862303435802459,0.0019953027367591,0.0026811880525201,0.5084696412086487,0.0006235321052372,0.48296719789505,0.004738843999803,0.0058196331374347,0.5054975152015686,0.0009768670424818,0.5031696557998657,0.0019121652003377,0.0029513854533433,0.491447240114212,0.0005196101265028,0.4774177670478821,0.0035333486739546,0.0045102154836058,0.5136657357215881,0.0008729449473321,0.4982437491416931,0.0028682476840913,0.0027019726112484,0.4955002069473266,0.0006858853157609,0.4905534982681274,0.0019537340849637,0.0025149129796773,0.5044167041778564,0.0005611788947135,0.4707459807395935,0.0028266790322959,0.0034086422529071,0.5223536491394043,0.0006651009316556,0.5065575242042542,0.0023278533481061,0.002577266190201,0.4878723323345184,0.0006651009316556,0.5016108155250549,0.0028058944735676,0.0034086422529071,0.4914888143539428,0.0006858853157609,0.49080291390419,0.0032423669472336,0.0041568810120224,0.5009249448776245,0.0008729449473321,0.4799118936061859,0.002930600894615,0.004032174590975,0.5123978853225708,0.0007274541421793,0.5055806040763855,0.0022862844634801,0.0022862844634801,0.4891401529312134,0.0007066697580739,0.4973500072956085,0.0017874587792903,0.0024109908845275,0.4980566799640655,0.0003949036763515,0.4934425354003906,0.0012886330951005,0.0022862844634801,0.5023590326309204,0.0006235321052372,0.478062093257904,0.0037204083055257,0.0038451147265732,0.5137696862220764,0.0006027477211318,0.4681894779205322,0.0027435412630438805,0.003845114726573229,0.524245023727417,0.0009768670424818993
138,0.8624696135520935,0.0,0.0,0.1375304013490677,0.0,0.8627398014068604,0.0,0.0,0.1372601985931396,0.0,0.8627190589904785,0.0,0.0,0.137280985713005,0.0,0.862760603427887,0.0,0.0,0.1372394263744354,0.0,0.8626982569694519,0.0,0.0,0.1373017728328704,0.0,0.862760603427887,0.0,0.0,0.1372394263744354,0.0,0.8627814054489136,0.0,0.0,0.13721863925457,0.0,0.8627398014068604,0.0,0.0,0.1372601985931396,0.0,0.8627814054489136,0.0,0.0,0.13721863925457,0.0,0.8628437519073486,0.0,0.0,0.1371562778949737,0.0,0.8628022074699402,0.0,0.0,0.1371978521347046,0.0,0.8627814054489136,0.0,0.0,0.13721863925457,0.0,0.8627814054489136,0.0,0.0,0.13721863925457,0.0,0.862760603427887,0.0,0.0,0.1372394263744354,0.0,0.862822949886322,0.0,0.0,0.1371770650148391,0.0,0.862760603427887,0.0,0.0,0.1372394263744354,0.0,0.8627814054489136,0.0,0.0,0.13721863925457,0.0,0.8627398014068604,0.0,0.0,0.1372601985931396,0.0,0.8627398014068604,0.0,0.0,0.1372601985931396,0.0,0.8628437519073486,0.0,0.0,0.1371562778949737,0.0,0.8628022074699402,0.0,0.0,0.1371978521347046,0.0,0.8627190589904785,0.0,0.0,0.137280985713005,0.0,0.8627190589904785,0.0,0.0,0.137280985713005,0.0,0.8627814054489136,0.0,0.0,0.13721863925457,0.0,0.8628645539283752,0.0,0.0,0.1371355056762695,0.0,0.8626567125320435,0.0,0.0,0.1373433470726013,0.0,0.8627398014068604,0.0,0.0,0.1372601985931396,0.0,0.8626982569694519,0.0,0.0,0.1373017728328704,0.0,0.862822949886322,0.0,0.0,0.1371770650148391,0.0,0.8627398014068604,0.0,0.0,0.1372601985931396,0.0,0.461268275976181,0.0032215826213359,0.0053000231273472,0.529212474822998,0.0009976513683795,0.4744040369987488,0.0024109908845275,0.0033462890423834,0.5189449787139893,0.0008937293896451,0.4830711185932159,0.0022862844634801,0.0032215826213359,0.5105273127555847,0.0008937293896451,0.4719514548778534,0.0020368716213852,0.0031800137367099,0.5219379663467407,0.0008937293896451,0.4949805736541748,0.0027851101476699,0.0044062938541173,0.4971837401390075,0.0006443165475502,0.4776671826839447,0.0028058944735676,0.0039698211476206,0.5147673487663269,0.000789807352703,0.4661941826343536,0.0044062938541173,0.00507139461115,0.5236423015594482,0.0006858853157609,0.4923409521579742,0.001163926674053,0.0016211834736168,0.5045206546783447,0.0003533348790369,0.4951884150505066,0.0020160872954875,0.0023902065586298,0.5000104308128357,0.0003949036763515,0.4673788845539093,0.004032174590975,0.0056325737386941,0.5219171643257141,0.0010392202530056,0.4958950877189636,0.0024525597691535,0.0040737432427704,0.4969135224819183,0.0006651009316556,0.4834660291671753,0.0033878579270094,0.0040945275686681,0.5082410573959351,0.0008105917368084,0.4745910763740539,0.0026396194007247,0.0042400183156132,0.5176979303359985,0.0008313761791214,0.4848169982433319,0.0014964770525693,0.0023278533481061,0.5105896592140198,0.0007690229685977,0.4788103103637695,0.0017251055687665,0.0026811880525201,0.5161390900611877,0.0006443165475502,0.4750067591667175,0.0043023717589676,0.0058612017892301,0.5138320326805115,0.0009976513683795,0.4956664741039276,0.0020992248319089,0.0028682476840913,0.4988464713096618,0.0005196101265028,0.469582051038742,0.0034502111375331,0.0047180596739053,0.5213767886161804,0.0008729449473321,0.4907613396644592,0.0026811880525201,0.0028474633581936,0.503024160861969,0.0006858853157609,0.483133465051651,0.0016419679159298,0.0028682476840913,0.5117743611335754,0.0005819633370265,0.4630765318870544,0.0021823623683303,0.0038866836111992,0.5301893353462219,0.0006651009316556,0.4988256990909576,0.002244715578854,0.0029098165687173,0.4953547120094299,0.0006651009316556,0.4939413666725158,0.0027019726112484,0.0035749175585806,0.4990543127059936,0.0007274541421793,0.4829879701137543,0.0033878579270094,0.0034917797893285,0.5092594623565674,0.0008729449473321,0.4724502861499786,0.0025980505160987,0.0042815874330699,0.5199426412582397,0.0007274541421793,0.4981397986412048,0.001849811989814,0.0025149129796773,0.4967888295650482,0.0007066697580739,0.4899299740791321,0.0017458898946642,0.0024109908845275,0.5055182576179504,0.0003949036763515,0.4859809279441833,0.0012678486527875,0.0021823623683303,0.5099453330039978,0.0006235321052372,0.4704757630825043,0.0034502111375331,0.0037411926314234,0.5217301249504089,0.0006027477211318,0.4605408310890198,0.0023070687893778086,0.003907468169927597,0.532247006893158,0.000997651368379593
139,0.8621578812599182,0.0,0.0,0.1378421634435653,0.0,0.8624280691146851,0.0,0.0,0.1375719755887985,0.0,0.8624072670936584,0.0,0.0,0.1375927478075027,0.0,0.8624488711357117,0.0,0.0,0.1375511884689331,0.0,0.8623865246772766,0.0,0.0,0.1376135349273681,0.0,0.8624488711357117,0.0,0.0,0.1375511884689331,0.0,0.8624696135520935,0.0,0.0,0.1375304013490677,0.0,0.8624280691146851,0.0,0.0,0.1375719755887985,0.0,0.8624696135520935,0.0,0.0,0.1375304013490677,0.0,0.8625319600105286,0.0,0.0,0.1374680548906326,0.0,0.8624904155731201,0.0,0.0,0.1375096142292022,0.0,0.8624696135520935,0.0,0.0,0.1375304013490677,0.0,0.8624696135520935,0.0,0.0,0.1375304013490677,0.0,0.8624488711357117,0.0,0.0,0.1375511884689331,0.0,0.8625112175941467,0.0,0.0,0.1374888271093368,0.0,0.8624488711357117,0.0,0.0,0.1375511884689331,0.0,0.8624696135520935,0.0,0.0,0.1375304013490677,0.0,0.8624280691146851,0.0,0.0,0.1375719755887985,0.0,0.8624280691146851,0.0,0.0,0.1375719755887985,0.0,0.8625319600105286,0.0,0.0,0.1374680548906326,0.0,0.8624904155731201,0.0,0.0,0.1375096142292022,0.0,0.8624072670936584,0.0,0.0,0.1375927478075027,0.0,0.8624072670936584,0.0,0.0,0.1375927478075027,0.0,0.8624696135520935,0.0,0.0,0.1375304013490677,0.0,0.8625527620315552,0.0,0.0,0.1374472677707672,0.0,0.8623449206352234,0.0,0.0,0.137655109167099,0.0,0.8624280691146851,0.0,0.0,0.1375719755887985,0.0,0.8623865246772766,0.0,0.0,0.1376135349273681,0.0,0.8625112175941467,0.0,0.0,0.1374888271093368,0.0,0.8624280691146851,0.0,0.0,0.1375719755887985,0.0,0.460395336151123,0.0025980505160987,0.0057572801597416,0.5302517414093018,0.0009976513683795,0.4735934436321258,0.0021615780424326,0.0032839358318597,0.5200673341751099,0.0008937293896451,0.4822397530078888,0.0022655001375824,0.003263151505962,0.51133793592453,0.0008937293896451,0.4707875251770019,0.0023902065586298,0.0030968762002885,0.5228316783905029,0.0008937293896451,0.493671178817749,0.0030137386638671,0.0041568810120224,0.4985139369964599,0.0006443165475502,0.4766903221607208,0.0025564816314727,0.0043231560848653,0.5156402587890625,0.000789807352703,0.4646145701408386,0.0042815874330699,0.0054247295483946,0.5249932408332825,0.0006858853157609,0.4918421506881714,0.0010807890212163,0.0015380459371954,0.5051857233047485,0.0003533348790369,0.4945856928825378,0.0017251055687665,0.002535697305575,0.5007586479187012,0.0003949036763515,0.4658200740814209,0.0040529589168727,0.0056533580645918,0.5234344601631165,0.0010392202530056,0.4945025444030761,0.0026396194007247,0.004032174590975,0.4981606006622314,0.0006651009316556,0.4826554358005523,0.0033047201577574,0.0037411926314234,0.5094881057739258,0.0008105917368084,0.4733024537563324,0.0028682476840913,0.0039906054735183,0.5190073847770691,0.0008313761791214,0.4840895533561706,0.0014341238420456,0.0024941284209489,0.5112131834030151,0.0007690229685977,0.4776879549026489,0.0019537340849637,0.0028890322428196,0.5168250203132629,0.0006443165475502,0.4738220572471618,0.0038035458419471,0.0059651238843798,0.5154116749763489,0.0009976513683795,0.4951052963733673,0.0018705963157117,0.0026604037266224,0.4998441338539123,0.0005196101265028,0.4686259627342224,0.0033878579270094,0.0044062938541173,0.5227069854736328,0.0008729449473321,0.4899923205375671,0.0027643258217722,0.0027643258217722,0.5037931799888611,0.0006858853157609,0.4824683666229248,0.0014549082843586,0.0030553073156625,0.512439489364624,0.0005819633370265,0.4620580971240997,0.0022862844634801,0.0037619771901518,0.5312286019325256,0.0006651009316556,0.4980566799640655,0.0020992248319089,0.0030553073156625,0.496123731136322,0.0006651009316556,0.493026852607727,0.0027227569371461,0.0034294265788048,0.5000935196876526,0.0007274541421793,0.4817409217357635,0.0035541329998522,0.003658055095002,0.5101739764213562,0.0008729449473321,0.4711616635322571,0.0029513854533433,0.0043647247366607,0.5207948088645935,0.0007274541421793,0.4969758987426758,0.0021200091578066,0.0027851101476699,0.4974123537540436,0.0007066697580739,0.4892440736293793,0.0017458898946642,0.0023278533481061,0.5062872767448425,0.0003949036763515,0.485357403755188,0.0012054954422637,0.0022862844634801,0.5105065107345581,0.0006443165475502,0.4695404767990112,0.0030137386638671,0.0040529589168727,0.5227901339530945,0.0006027477211318,0.4597510099411011,0.0022031469270586967,0.0037827615160495043,0.5332654714584351,0.000997651368379593
140,0.8619084358215332,0.0,0.0,0.138091579079628,0.0,0.8621786236763,0.0,0.0,0.1378213763236999,0.0,0.8621578812599182,0.0,0.0,0.1378421634435653,0.0,0.8621994256973267,0.0,0.0,0.1378006041049957,0.0,0.8621370792388916,0.0,0.0,0.1378629505634308,0.0,0.8621994256973267,0.0,0.0,0.1378006041049957,0.0,0.8622202277183533,0.0,0.0,0.1377798169851303,0.0,0.8621786236763,0.0,0.0,0.1378213763236999,0.0,0.8622202277183533,0.0,0.0,0.1377798169851303,0.0,0.8622825741767883,0.0,0.0,0.137717455625534,0.0,0.8622410297393799,0.0,0.0,0.1377590298652649,0.0,0.8622202277183533,0.0,0.0,0.1377798169851303,0.0,0.8622202277183533,0.0,0.0,0.1377798169851303,0.0,0.8621994256973267,0.0,0.0,0.1378006041049957,0.0,0.8622617721557617,0.0,0.0,0.1377382427453994,0.0,0.8621994256973267,0.0,0.0,0.1378006041049957,0.0,0.8622202277183533,0.0,0.0,0.1377798169851303,0.0,0.8621786236763,0.0,0.0,0.1378213763236999,0.0,0.8621786236763,0.0,0.0,0.1378213763236999,0.0,0.8622825741767883,0.0,0.0,0.137717455625534,0.0,0.8622410297393799,0.0,0.0,0.1377590298652649,0.0,0.8621578812599182,0.0,0.0,0.1378421634435653,0.0,0.8621578812599182,0.0,0.0,0.1378421634435653,0.0,0.8622202277183533,0.0,0.0,0.1377798169851303,0.0,0.8623033761978149,0.0,0.0,0.1376966834068298,0.0,0.8620955348014832,0.0,0.0,0.1379045248031616,0.0,0.8621786236763,0.0,0.0,0.1378213763236999,0.0,0.8621370792388916,0.0,0.0,0.1378629505634308,0.0,0.8622617721557617,0.0,0.0,0.1377382427453994,0.0,0.8621786236763,0.0,0.0,0.1378213763236999,0.0,0.4595639705657959,0.002535697305575,0.0054039452224969,0.5314987897872925,0.0009976513683795,0.4728659689426422,0.0020784405060112,0.0034086422529071,0.5207532644271851,0.0008937293896451,0.481553852558136,0.0019745184108614,0.0034917797893285,0.5120861530303955,0.0008937293896451,0.4702679216861725,0.0023278533481061,0.002972169779241,0.52353835105896,0.0008937293896451,0.4927358627319336,0.0030137386638671,0.003658055095002,0.4999480545520782,0.0006443165475502,0.4756718873977661,0.0027435412630438,0.0039282524958252,0.5168665647506714,0.000789807352703,0.4638455510139465,0.0038035458419471,0.0052792388014495,0.5263858437538147,0.0006858853157609,0.4913225173950195,0.0008729449473321,0.0016627523582428,0.5057884454727173,0.0003533348790369,0.4939205646514892,0.0017251055687665,0.0023902065586298,0.5015692114830017,0.0003949036763515,0.4649263322353363,0.0037411926314234,0.0055078673176467,0.5247853994369507,0.0010392202530056,0.4938166439533233,0.0025564816314727,0.003658055095002,0.4993037283420563,0.0006651009316556,0.4815330803394317,0.003263151505962,0.0036372707691043,0.5107559561729431,0.0008105917368084,0.4726581275463104,0.0028682476840913,0.0038035458419471,0.5198387503623962,0.0008313761791214,0.4834660291671753,0.0013509863056242,0.0023486376740038,0.5120653510093689,0.0007690229685977,0.47664874792099,0.0023278533481061,0.0030137386638671,0.5173653960227966,0.0006443165475502,0.4726997017860412,0.0038866836111992,0.0059235552325844,0.5164924263954163,0.0009976513683795,0.494606465101242,0.0015380459371954,0.0024941284209489,0.5008417963981628,0.0005196101265028,0.4677945971488952,0.0032215826213359,0.0039490368217229,0.5241618752479553,0.0008729449473321,0.48916095495224,0.0025149129796773,0.0028474633581936,0.5047908425331116,0.0006858853157609,0.4820734560489654,0.0013925550738349,0.0024941284209489,0.5134578943252563,0.0005819633370265,0.4613514244556427,0.0023070687893778,0.0034709954634308,0.5322054624557495,0.0006651009316556,0.4974955022335052,0.0020368716213852,0.0028890322428196,0.4969135224819183,0.0006651009316556,0.4922786056995392,0.0024109908845275,0.0032007982954382,0.5013821721076965,0.0007274541421793,0.4809511005878448,0.0031800137367099,0.0038451147265732,0.5111508369445801,0.0008729449473321,0.4702471494674682,0.0030345229897648,0.0039074681699275,0.5220834612846375,0.0007274541421793,0.4959990084171295,0.0025564816314727,0.0026188348419964,0.4981190264225006,0.0007066697580739,0.4887036979198456,0.0014549082843586,0.0021615780424326,0.507284939289093,0.0003949036763515,0.4847338795661926,0.0013094174209982,0.0020784405060112,0.5112339854240417,0.0006443165475502,0.4686051607131958,0.0028682476840913,0.0039074681699275,0.5240163803100586,0.0006027477211318,0.45918983221054077,0.0019329495262354612,0.0036164862103760242,0.5342631340026855,0.000997651368379593
141,0.8604120016098022,0.0,0.0,0.1395880579948425,0.0,0.8606821894645691,0.0,0.0,0.1393178552389145,0.0,0.8606613874435425,0.0,0.0,0.1393386423587799,0.0,0.8607029318809509,0.0,0.0,0.1392970830202102,0.0,0.8606405854225159,0.0,0.0,0.1393594294786453,0.0,0.8607029318809509,0.0,0.0,0.1392970830202102,0.0,0.8607237339019775,0.0,0.0,0.1392762959003448,0.0,0.8606821894645691,0.0,0.0,0.1393178552389145,0.0,0.8607237339019775,0.0,0.0,0.1392762959003448,0.0,0.8607860803604126,0.0,0.0,0.1392139345407486,0.0,0.8607445359230042,0.0,0.0,0.1392555087804794,0.0,0.8607237339019775,0.0,0.0,0.1392762959003448,0.0,0.8607237339019775,0.0,0.0,0.1392762959003448,0.0,0.8607029318809509,0.0,0.0,0.1392970830202102,0.0,0.8607653379440308,0.0,0.0,0.139234721660614,0.0,0.8607029318809509,0.0,0.0,0.1392970830202102,0.0,0.8607237339019775,0.0,0.0,0.1392762959003448,0.0,0.8606821894645691,0.0,0.0,0.1393178552389145,0.0,0.8606821894645691,0.0,0.0,0.1393178552389145,0.0,0.8607860803604126,0.0,0.0,0.1392139345407486,0.0,0.8607445359230042,0.0,0.0,0.1392555087804794,0.0,0.8606613874435425,0.0,0.0,0.1393386423587799,0.0,0.8606613874435425,0.0,0.0,0.1393386423587799,0.0,0.8607237339019775,0.0,0.0,0.1392762959003448,0.0,0.8608068823814392,0.0,0.0,0.1391931474208831,0.0,0.8605990409851074,0.0,0.0,0.1394010037183761,0.0,0.8606821894645691,0.0,0.0,0.1393178552389145,0.0,0.8606405854225159,0.0,0.0,0.1393594294786453,0.0,0.8607653379440308,0.0,0.0,0.139234721660614,0.0,0.8606821894645691,0.0,0.0,0.1393178552389145,0.0,0.4574855268001556,0.0024109908845275,0.0050298259593546,0.5340760350227356,0.0009976513683795,0.4708706736564636,0.0020160872954875,0.0033462890423834,0.5228732824325562,0.0008937293896451,0.4796209037303924,0.001808243105188,0.0033462890423834,0.5143308639526367,0.0008937293896451,0.4683557748794555,0.0019537340849637,0.0031176605261862,0.5256791710853577,0.0008937293896451,0.4905950725078583,0.0029929541051387,0.0035333486739546,0.5022343397140503,0.0006443165475502,0.4732816517353058,0.0030137386638671,0.0038451147265732,0.5190697312355042,0.000789807352703,0.4616631865501404,0.0035333486739546,0.00507139461115,0.5290462374687195,0.0006858853157609,0.4895350635051727,0.0009560826001688,0.0015380459371954,0.5076174736022949,0.0003533348790369,0.4920291900634765,0.0015380459371954,0.0025980505160987,0.5034398436546326,0.0003949036763515,0.462847888469696,0.0035541329998522,0.0051337475888431,0.5274250507354736,0.0010392202530056,0.4919460713863373,0.0024733440950512,0.0034294265788048,0.5014861226081848,0.0006651009316556,0.4795585572719574,0.0026604037266224,0.004032174590975,0.5129383206367493,0.0008105917368084,0.470621258020401,0.0025149129796773,0.0039698211476206,0.5220626592636108,0.0008313761791214,0.4814915060997009,0.0015172614948824,0.0023070687893778,0.5138943791389465,0.000789807352703,0.4747781455516815,0.0023694219999015,0.0028474633581936,0.5193606615066528,0.0006443165475502,0.4700185060501098,0.0038658990524709,0.006193752400577,0.5189242362976074,0.0009976513683795,0.4928190112113952,0.0012678486527875,0.002535697305575,0.5028578639030457,0.0005196101265028,0.4655706584453583,0.0027643258217722,0.0043231560848653,0.5264689326286316,0.0008729449473321,0.4872695803642273,0.0018913807580247,0.0033255047164857,0.506827712059021,0.0006858853157609,0.4803899228572845,0.0010807890212163,0.0023902065586298,0.5155571699142456,0.0005819633370265,0.4594392478466034,0.0022239312529563,0.0031176605261862,0.5345540642738342,0.0006651009316556,0.4954794049263,0.0019953027367591,0.0028058944735676,0.4990543127059936,0.0006651009316556,0.4904288053512573,0.0020992248319089,0.0034709954634308,0.5032735466957092,0.0007274541421793,0.4787895381450653,0.002930600894615,0.0040529589168727,0.5133540034294128,0.0008729449473321,0.4677737951278686,0.0030553073156625,0.0039906054735183,0.5244528651237488,0.0007274541421793,0.4941907823085785,0.0023070687893778,0.0027435412630438,0.5000519752502441,0.0007066697580739,0.4868123233318329,0.0014549082843586,0.0022239312529563,0.5091139674186707,0.0003949036763515,0.4830295443534851,0.0013302018633112,0.001829027547501,0.5131669640541077,0.0006443165475502,0.4667553603649139,0.0022239312529563,0.0041568810120224,0.5262610912322998,0.0006027477211318,0.4571945369243622,0.0019121652003377676,0.0033878579270094633,0.5365078449249268,0.000997651368379593
142,0.8588739037513733,0.0,0.0,0.1411261111497879,0.0,0.8591441512107849,0.0,0.0,0.1408559083938598,0.0,0.8591233491897583,0.0,0.0,0.1408766955137252,0.0,0.8591648936271667,0.0,0.0,0.1408351212739944,0.0,0.8591025471687317,0.0,0.0,0.1408974826335907,0.0,0.8591648936271667,0.0,0.0,0.1408351212739944,0.0,0.8591856956481934,0.0,0.0,0.140814334154129,0.0,0.8591441512107849,0.0,0.0,0.1408559083938598,0.0,0.8591856956481934,0.0,0.0,0.140814334154129,0.0,0.8592480421066284,0.0,0.0,0.1407519876956939,0.0,0.85920649766922,0.0,0.0,0.1407935470342636,0.0,0.8591856956481934,0.0,0.0,0.140814334154129,0.0,0.8591856956481934,0.0,0.0,0.140814334154129,0.0,0.8591648936271667,0.0,0.0,0.1408351212739944,0.0,0.8592272400856018,0.0,0.0,0.1407727748155594,0.0,0.8591648936271667,0.0,0.0,0.1408351212739944,0.0,0.8591856956481934,0.0,0.0,0.140814334154129,0.0,0.8591441512107849,0.0,0.0,0.1408559083938598,0.0,0.8591441512107849,0.0,0.0,0.1408559083938598,0.0,0.8592480421066284,0.0,0.0,0.1407519876956939,0.0,0.85920649766922,0.0,0.0,0.1407935470342636,0.0,0.8591233491897583,0.0,0.0,0.1408766955137252,0.0,0.8591233491897583,0.0,0.0,0.1408766955137252,0.0,0.8591856956481934,0.0,0.0,0.140814334154129,0.0,0.859268844127655,0.0,0.0,0.1407312005758285,0.0,0.8590610027313232,0.0,0.0,0.1409390419721603,0.0,0.8591441512107849,0.0,0.0,0.1408559083938598,0.0,0.8591025471687317,0.0,0.0,0.1408974826335907,0.0,0.8592272400856018,0.0,0.0,0.1407727748155594,0.0,0.8591441512107849,0.0,0.0,0.1408559083938598,0.0,0.4553031623363495,0.0023694219999015,0.0046349219046533,0.5366948843002319,0.0009976513683795,0.468875378370285,0.0019329495262354,0.0032215826213359,0.5250763893127441,0.0008937293896451,0.4773761928081512,0.0020992248319089,0.0032215826213359,0.5163885354995728,0.0009145137737505,0.4663189053535461,0.0020368716213852,0.0028266790322959,0.5279238820075989,0.0008937293896451,0.4883295893669128,0.0030553073156625,0.0035749175585806,0.5043959021568298,0.0006443165475502,0.471265584230423,0.0028058944735676,0.0036372707691043,0.5215014815330505,0.000789807352703,0.4596055150032043,0.0029929541051387,0.0053208074532449,0.5313948392868042,0.0006858853157609,0.48764368891716,0.0011015734635293,0.0013925550738349,0.5095089077949524,0.0003533348790369,0.4901170432567596,0.0014756927266716,0.0027643258217722,0.5052480697631836,0.0003949036763515,0.4607486724853515,0.0030345229897648,0.0054247295483946,0.5297529101371765,0.0010392202530056,0.4899923205375671,0.0023070687893778,0.0031592294108122,0.5038763284683228,0.0006651009316556,0.4774801135063171,0.0023902065586298,0.0041984496638178,0.5151206851005554,0.0008105917368084,0.4685636162757873,0.0024317752104252,0.0035125643480569,0.5246607065200806,0.0008313761791214,0.4795169830322265,0.0017043211264535,0.0019745184108614,0.5160143971443176,0.000789807352703,0.4730946123600006,0.0021200091578066,0.0023902065586298,0.5217508673667908,0.0006443165475502,0.467690646648407,0.0037204083055257,0.0056741423904895,0.5219171643257141,0.0009976513683795,0.4909276366233825,0.00114314223174,0.0023902065586298,0.5050194263458252,0.0005196101265028,0.4633674919605255,0.0026188348419964,0.004343940410763,0.5287967920303345,0.0008729449473321,0.4853366315364837,0.001829027547501,0.0033255047164857,0.5088229775428772,0.0006858853157609,0.4783946275711059,0.00114314223174,0.0023486376740038,0.5175316333770752,0.0005819633370265,0.4575062990188598,0.0019745184108614,0.0034709954634308,0.5363830924034119,0.0006651009316556,0.4935256838798523,0.0017043211264535,0.0030345229897648,0.5010704398155212,0.0006651009316556,0.4884127080440521,0.0019329495262354,0.0034502111375331,0.505476713180542,0.0007274541421793,0.4767942428588867,0.0025980505160987,0.004032174590975,0.5157026052474976,0.0008729449473321,0.4656330049037933,0.0032215826213359,0.0033670733682811,0.5270509123802185,0.0007274541421793,0.4922370314598083,0.0023070687893778,0.0027019726112484,0.5020473003387451,0.0007066697580739,0.4849417209625244,0.0013925550738349,0.0021823623683303,0.511088490486145,0.0003949036763515,0.4813668131828308,0.0010184358106926,0.0017251055687665,0.5152453780174255,0.0006443165475502,0.4645937979221344,0.0022862844634801,0.0042815874330699,0.5282356142997742,0.0006027477211318,0.45526158809661865,0.001683536684140563,0.003367073368281126,0.5386902093887329,0.000997651368379593
143,0.854758620262146,0.0,0.0,0.1452414095401764,0.0,0.8550288081169128,0.0,0.0,0.1449712216854095,0.0,0.8550080060958862,0.0,0.0,0.1449920088052749,0.0,0.8550496101379395,0.0,0.0,0.1449504345655441,0.0,0.8549872636795044,0.0,0.0,0.1450127810239792,0.0,0.8550496101379395,0.0,0.0,0.1449504345655441,0.0,0.8550704121589661,0.0,0.0,0.1449296474456787,0.0,0.8550288081169128,0.0,0.0,0.1449712216854095,0.0,0.8550704121589661,0.0,0.0,0.1449296474456787,0.0,0.8551327586174011,0.0,0.0,0.1448673009872436,0.0,0.8550911545753479,0.0,0.0,0.1449088603258133,0.0,0.8550704121589661,0.0,0.0,0.1449296474456787,0.0,0.8550704121589661,0.0,0.0,0.1449296474456787,0.0,0.8550496101379395,0.0,0.0,0.1449504345655441,0.0,0.8551119565963745,0.0,0.0,0.144888088107109,0.0,0.8550496101379395,0.0,0.0,0.1449504345655441,0.0,0.8550704121589661,0.0,0.0,0.1449296474456787,0.0,0.8550288081169128,0.0,0.0,0.1449712216854095,0.0,0.8550288081169128,0.0,0.0,0.1449712216854095,0.0,0.8551327586174011,0.0,0.0,0.1448673009872436,0.0,0.8550911545753479,0.0,0.0,0.1449088603258133,0.0,0.8550080060958862,0.0,0.0,0.1449920088052749,0.0,0.8550080060958862,0.0,0.0,0.1449920088052749,0.0,0.8550704121589661,0.0,0.0,0.1449296474456787,0.0,0.855153501033783,0.0,0.0,0.1448465138673782,0.0,0.8549456596374512,0.0,0.0,0.14505435526371,0.0,0.8550288081169128,0.0,0.0,0.1449712216854095,0.0,0.8549872636795044,0.0,0.0,0.1450127810239792,0.0,0.8551119565963745,0.0,0.0,0.144888088107109,0.0,0.8550288081169128,0.0,0.0,0.1449712216854095,0.0,0.4508968591690063,0.0020992248319089,0.0037827615160495,0.5422235131263733,0.0009976513683795,0.4643028080463409,0.0018913807580247,0.0029098165687173,0.5299814939498901,0.0009145137737505,0.4726165533065796,0.0022239312529563,0.0028058944735676,0.5214391350746155,0.0009145137737505,0.4618710279464721,0.0015172614948824,0.0028890322428196,0.5328289866447449,0.0008937293896451,0.4838609397411346,0.0024109908845275,0.0037827615160495,0.5093010663986206,0.0006443165475502,0.4666306674480438,0.0026604037266224,0.0034709954634308,0.5264481902122498,0.000789807352703,0.4547627568244934,0.0024525597691535,0.0056741423904895,0.5364246964454651,0.0006858853157609,0.4833413064479828,0.0011015734635293,0.0013509863056242,0.5138528347015381,0.0003533348790369,0.4857730865478515,0.0014133395161479,0.0023070687893778,0.5101116299629211,0.0003949036763515,0.455885112285614,0.002535697305575,0.0052792388014495,0.5352607369422913,0.0010392202530056,0.4855028986930847,0.0016003991477191,0.0035333486739546,0.5086982846260071,0.0006651009316556,0.4728659689426422,0.0023902065586298,0.0038866836111992,0.520046591758728,0.0008105917368084,0.4640949666500091,0.001808243105188,0.003616486210376,0.5296489596366882,0.0008313761791214,0.4751938283443451,0.0014964770525693,0.0019121652003377,0.5206077694892883,0.000789807352703,0.4685012400150299,0.0017874587792903,0.002535697305575,0.5265313386917114,0.0006443165475502,0.4630973041057586,0.0033255047164857,0.0051753167062997,0.527404248714447,0.0009976513683795,0.4865421056747436,0.001163926674053,0.0023486376740038,0.5094257593154907,0.0005196101265028,0.4586910009384155,0.002535697305575,0.0040945275686681,0.5338058471679688,0.0008729449473321,0.4808264076709747,0.0017666743369773,0.0031384450849145,0.5135618448257446,0.0007066697580739,0.4739467799663543,0.001122357789427,0.0019953027367591,0.5223536491394043,0.0005819633370265,0.4527051150798797,0.0019537340849637,0.0028890322428196,0.5417870879173279,0.0006651009316556,0.4887868463993072,0.0018705963157117,0.0027019726112484,0.5059755444526672,0.0006651009316556,0.4838817119598388,0.0017458898946642,0.0033047201577574,0.5103402733802795,0.0007274541421793,0.4720761775970459,0.0022655001375824,0.0043231560848653,0.5204622745513916,0.0008729449473321,0.461039662361145,0.0027227569371461,0.0035749175585806,0.5319352746009827,0.0007274541421793,0.4877476096153259,0.001829027547501,0.0027019726112484,0.5070147514343262,0.0007066697580739,0.480452299118042,0.0013925550738349,0.0021200091578066,0.5156195163726807,0.0004156880895607,0.4770644307136535,0.0008937293896451,0.0015796147054061,0.5198179483413696,0.0006443165475502,0.4599380791187286,0.0022031469270586,0.0040737432427704,0.5331407785415649,0.0006443165475502,0.45077216625213623,0.0015796147054061294,0.0027851101476699114,0.5438655018806458,0.000997651368379593
144,0.8529087901115417,0.0,0.0,0.1470912247896194,0.0,0.8531789779663086,0.0,0.0,0.1468210369348526,0.0,0.8531582355499268,0.0,0.0,0.1468418091535568,0.0,0.8531997799873352,0.0,0.0,0.1468002498149871,0.0,0.8531374335289001,0.0,0.0,0.1468625962734222,0.0,0.8531997799873352,0.0,0.0,0.1468002498149871,0.0,0.8532205820083618,0.0,0.0,0.1467794626951217,0.0,0.8531789779663086,0.0,0.0,0.1468210369348526,0.0,0.8532205820083618,0.0,0.0,0.1467794626951217,0.0,0.8532829284667969,0.0,0.0,0.1467171013355255,0.0,0.8532413840293884,0.0,0.0,0.1467586755752563,0.0,0.8532205820083618,0.0,0.0,0.1467794626951217,0.0,0.8532205820083618,0.0,0.0,0.1467794626951217,0.0,0.8531997799873352,0.0,0.0,0.1468002498149871,0.0,0.8532621264457703,0.0,0.0,0.1467378884553909,0.0,0.8531997799873352,0.0,0.0,0.1468002498149871,0.0,0.8532205820083618,0.0,0.0,0.1467794626951217,0.0,0.8531789779663086,0.0,0.0,0.1468210369348526,0.0,0.8531789779663086,0.0,0.0,0.1468210369348526,0.0,0.8532829284667969,0.0,0.0,0.1467171013355255,0.0,0.8532413840293884,0.0,0.0,0.1467586755752563,0.0,0.8531582355499268,0.0,0.0,0.1468418091535568,0.0,0.8531582355499268,0.0,0.0,0.1468418091535568,0.0,0.8532205820083618,0.0,0.0,0.1467794626951217,0.0,0.8533037304878235,0.0,0.0,0.1466963291168213,0.0,0.8530958890914917,0.0,0.0,0.146904170513153,0.0,0.8531789779663086,0.0,0.0,0.1468210369348526,0.0,0.8531374335289001,0.0,0.0,0.1468625962734222,0.0,0.8532621264457703,0.0,0.0,0.1467378884553909,0.0,0.8531789779663086,0.0,0.0,0.1468210369348526,0.0,0.4485898017883301,0.0019745184108614,0.0031800137367099,0.5452580451965332,0.0009976513683795,0.4621620178222656,0.0017043211264535,0.0026396194007247,0.5325796008110046,0.0009145137737505,0.4704757630825043,0.0020784405060112,0.0027019726112484,0.5238293409347534,0.0009145137737505,0.45946004986763,0.001808243105188,0.0026604037266224,0.5351776480674744,0.0008937293896451,0.481387585401535,0.0023486376740038,0.003699623979628,0.5119198560714722,0.0006443165475502,0.46413654088974,0.002535697305575,0.0033255047164857,0.529212474822998,0.000789807352703,0.4520607888698578,0.0027851101476699,0.0048011974431574,0.5396670699119568,0.0006858853157609,0.4813668131828308,0.0009560826001688,0.0013509863056242,0.5159728527069092,0.0003533348790369,0.4836530983448028,0.0012678486527875,0.0021407937165349,0.5125433802604675,0.0003949036763515,0.4532247185707092,0.0027019726112484,0.0046972753480076,0.5383368730545044,0.0010392202530056,0.4832373857498169,0.0015796147054061,0.0030760918743908,0.5114418268203735,0.0006651009316556,0.4704549908638,0.0020784405060112,0.0041776653379201,0.5224783420562744,0.0008105917368084,0.4619333744049072,0.0017251055687665,0.003263151505962,0.532247006893158,0.0008313761791214,0.4730530381202698,0.0014133395161479,0.001808243105188,0.5229356288909912,0.000789807352703,0.4663396775722503,0.0013094174209982,0.0027435412630438,0.5289630889892578,0.0006443165475502,0.4606863260269165,0.0030137386638671,0.0046764910221099,0.5306258201599121,0.0009976513683795,0.4842142760753631,0.0013925550738349,0.0021200091578066,0.5117536187171936,0.0005196101265028,0.4564047157764435,0.0023902065586298,0.0039698211476206,0.53636234998703,0.0008729449473321,0.4782699346542358,0.0018913807580247,0.0033462890423834,0.5157857537269592,0.0007066697580739,0.4718891084194183,0.0011847109999507,0.0016003991477191,0.5247438549995422,0.0005819633370265,0.4504811763763428,0.0018705963157117,0.0027435412630438,0.5442396402359009,0.0006651009316556,0.4866044819355011,0.0018913807580247,0.0024109908845275,0.5084280967712402,0.0006651009316556,0.4812836647033691,0.0019953027367591,0.0032215826213359,0.5127512216567993,0.0007482385262846,0.4695612490177154,0.0023902065586298,0.0040945275686681,0.5230811238288879,0.0008729449473321,0.4587118029594421,0.002535697305575,0.003616486210376,0.5344085693359375,0.0007274541421793,0.4857730865478515,0.0012262798845767,0.0028474633581936,0.5094465017318726,0.0007066697580739,0.4781452119350433,0.0015588302630931,0.0020368716213852,0.5178434252738953,0.0004156880895607,0.4749652147293091,0.0007690229685977,0.0015796147054061,0.5220418572425842,0.0006443165475502,0.4576725661754608,0.0019329495262354,0.003699623979628,0.53605055809021,0.0006443165475502,0.4486105740070343,0.0015796147054061294,0.0025149129796773195,0.5462972521781921,0.000997651368379593
145,0.847213864326477,0.0,0.0,0.1527861505746841,0.0,0.8474840521812439,0.0,0.0,0.1525159627199173,0.0,0.8474633097648621,0.0,0.0,0.1525367349386215,0.0,0.8475048542022705,0.0,0.0,0.1524951756000518,0.0,0.8474425077438354,0.0,0.0,0.1525575220584869,0.0,0.8475048542022705,0.0,0.0,0.1524951756000518,0.0,0.8475256562232971,0.0,0.0,0.1524743884801864,0.0,0.8474840521812439,0.0,0.0,0.1525159627199173,0.0,0.8475256562232971,0.0,0.0,0.1524743884801864,0.0,0.8475880026817322,0.0,0.0,0.1524120420217514,0.0,0.8475464582443237,0.0,0.0,0.152453601360321,0.0,0.8475256562232971,0.0,0.0,0.1524743884801864,0.0,0.8475256562232971,0.0,0.0,0.1524743884801864,0.0,0.8475048542022705,0.0,0.0,0.1524951756000518,0.0,0.8475672006607056,0.0,0.0,0.1524328142404556,0.0,0.8475048542022705,0.0,0.0,0.1524951756000518,0.0,0.8475256562232971,0.0,0.0,0.1524743884801864,0.0,0.8474840521812439,0.0,0.0,0.1525159627199173,0.0,0.8474840521812439,0.0,0.0,0.1525159627199173,0.0,0.8475880026817322,0.0,0.0,0.1524120420217514,0.0,0.8475464582443237,0.0,0.0,0.152453601360321,0.0,0.8474633097648621,0.0,0.0,0.1525367349386215,0.0,0.8474633097648621,0.0,0.0,0.1525367349386215,0.0,0.8475256562232971,0.0,0.0,0.1524743884801864,0.0,0.8476088047027588,0.0,0.0,0.152391254901886,0.0,0.847400963306427,0.0,0.0,0.1525990962982177,0.0,0.8474840521812439,0.0,0.0,0.1525159627199173,0.0,0.8474425077438354,0.0,0.0,0.1525575220584869,0.0,0.8475672006607056,0.0,0.0,0.1524328142404556,0.0,0.8474840521812439,0.0,0.0,0.1525159627199173,0.0,0.4422297775745392,0.0020576559472829,0.0031176605261862,0.5515972971916199,0.0009976513683795,0.4560721814632416,0.0016003991477191,0.002577266190201,0.5387941002845764,0.0009560826001688,0.4642404615879059,0.0021823623683303,0.0024109908845275,0.5302517414093018,0.0009145137737505,0.4533494114875793,0.001808243105188,0.0027435412630438,0.541205108165741,0.0008937293896451,0.4751938283443451,0.0022031469270586,0.003658055095002,0.5183007121086121,0.0006443165475502,0.4579219818115234,0.0021615780424326,0.0036372707691043,0.535468578338623,0.0008105917368084,0.4455136954784393,0.0029513854533433,0.0044894311577081,0.546359658241272,0.0006858853157609,0.4754016697406769,0.0009352981578558,0.001163926674053,0.5221458077430725,0.0003533348790369,0.4777711033821106,0.0010600045789033,0.0021200091578066,0.5186540484428406,0.0003949036763515,0.4470933079719543,0.0025564816314727,0.0043231560848653,0.5449878573417664,0.0010392202530056,0.4772722721099853,0.0014756927266716,0.002930600894615,0.5176563858985901,0.0006651009316556,0.4642820060253143,0.0020784405060112,0.0037411926314234,0.5290669798851013,0.0008313761791214,0.4558019936084747,0.0016211834736168,0.0034086422529071,0.5383160710334778,0.0008521605632267,0.4671918451786041,0.0011015734635293,0.001829027547501,0.5290877819061279,0.000789807352703,0.4603537619113922,0.0012262798845767,0.0027019726112484,0.5350736975669861,0.0006443165475502,0.4544094204902649,0.0024109908845275,0.00507139461115,0.5370897650718689,0.0010184358106926,0.4783738553524017,0.0012470642104744,0.001829027547501,0.5180304646492004,0.0005196101265028,0.45010706782341,0.0022655001375824,0.0039490368217229,0.5428054928779602,0.0008729449473321,0.4723255932331085,0.0017458898946642,0.0029098165687173,0.5223121047019958,0.0007066697580739,0.4660071134567261,0.0011847109999507,0.0015796147054061,0.5306466221809387,0.0005819633370265,0.4442874193191528,0.0019537340849637,0.0027227569371461,0.550370991230011,0.0006651009316556,0.480680912733078,0.0016003991477191,0.0025564816314727,0.5144971609115601,0.0006651009316556,0.4750275611877441,0.0022031469270586,0.0027643258217722,0.5192567706108093,0.0007482385262846,0.4633051455020904,0.0022862844634801,0.0038451147265732,0.5296697616577148,0.0008937293896451,0.4525388181209564,0.0020368716213852,0.004011389799416,0.5406854748725891,0.0007274541421793,0.4797871708869934,0.0012054954422637,0.0028682476840913,0.5154324173927307,0.0007066697580739,0.4723047912120819,0.0013094174209982,0.001849811989814,0.5241203308105469,0.0004156880895607,0.4690624177455902,0.0007690229685977,0.0015172614948824,0.5280070304870605,0.0006443165475502,0.4517282247543335,0.001829027547501,0.0032215826213359,0.5425768494606018,0.0006443165475502,0.4427078068256378,0.001288633095100522,0.0024317752104252577,0.5525741577148438,0.000997651368379593
146,0.8442001342773438,0.0,0.0,0.1557998955249786,0.0,0.8444703221321106,0.0,0.0,0.1555296927690506,0.0,0.8444495797157288,0.0,0.0,0.155550479888916,0.0,0.8444911241531372,0.0,0.0,0.1555089056491851,0.0,0.8444287776947021,0.0,0.0,0.1555712670087814,0.0,0.8444911241531372,0.0,0.0,0.1555089056491851,0.0,0.8445119261741638,0.0,0.0,0.1554881334304809,0.0,0.8444703221321106,0.0,0.0,0.1555296927690506,0.0,0.8445119261741638,0.0,0.0,0.1554881334304809,0.0,0.8445742726325989,0.0,0.0,0.1554257720708847,0.0,0.8445326685905457,0.0,0.0,0.1554673463106155,0.0,0.8445119261741638,0.0,0.0,0.1554881334304809,0.0,0.8445119261741638,0.0,0.0,0.1554881334304809,0.0,0.8444911241531372,0.0,0.0,0.1555089056491851,0.0,0.8445534706115723,0.0,0.0,0.1554465591907501,0.0,0.8444911241531372,0.0,0.0,0.1555089056491851,0.0,0.8445119261741638,0.0,0.0,0.1554881334304809,0.0,0.8444703221321106,0.0,0.0,0.1555296927690506,0.0,0.8444703221321106,0.0,0.0,0.1555296927690506,0.0,0.8445742726325989,0.0,0.0,0.1554257720708847,0.0,0.8445326685905457,0.0,0.0,0.1554673463106155,0.0,0.8444495797157288,0.0,0.0,0.155550479888916,0.0,0.8444495797157288,0.0,0.0,0.155550479888916,0.0,0.8445119261741638,0.0,0.0,0.1554881334304809,0.0,0.8445950746536255,0.0,0.0,0.1554049849510193,0.0,0.8443871736526489,0.0,0.0,0.155612826347351,0.0,0.8444703221321106,0.0,0.0,0.1555296927690506,0.0,0.8444287776947021,0.0,0.0,0.1555712670087814,0.0,0.8445534706115723,0.0,0.0,0.1554465591907501,0.0,0.8444703221321106,0.0,0.0,0.1555296927690506,0.0,0.4388834834098816,0.0017458898946642,0.0030553073156625,0.5553176999092102,0.0009976513683795,0.4526843130588531,0.0015172614948824,0.0024733440950512,0.54236900806427,0.0009560826001688,0.4606031775474548,0.0020992248319089,0.0025149129796773,0.5338681936264038,0.0009145137737505,0.4501694142818451,0.0014756927266716,0.0024525597691535,0.545008659362793,0.0008937293896451,0.4717228412628174,0.0019329495262354,0.0037204083055257,0.5219795107841492,0.0006443165475502,0.4542015790939331,0.0023902065586298,0.0034917797893285,0.5390850901603699,0.0008313761791214,0.4421050548553467,0.0028266790322959,0.0040529589168727,0.5503294467926025,0.0006858853157609,0.4721385240554809,0.0008313761791214,0.0013094174209982,0.5253673791885376,0.0003533348790369,0.4743832349777221,0.0010600045789033,0.0019121652003377,0.522249698638916,0.0003949036763515,0.4434768259525299,0.0025980505160987,0.0041153118945658,0.5487706065177917,0.0010392202530056,0.4738220572471618,0.0014964770525693,0.0028890322428196,0.5211273431777954,0.0006651009316556,0.4607694447040558,0.0020368716213852,0.0032007982954382,0.5331615209579468,0.0008313761791214,0.4523725509643554,0.0015172614948824,0.0030345229897648,0.5422235131263733,0.0008521605632267,0.4640118181705475,0.0008313761791214,0.0019537340849637,0.5324133038520813,0.000789807352703,0.4568619728088379,0.0015588302630931,0.0025149129796773,0.5384199619293213,0.0006443165475502,0.450980007648468,0.0020368716213852,0.0046557066962122,0.5412882566452026,0.0010392202530056,0.4751938283443451,0.0010600045789033,0.0016211834736168,0.5216054320335388,0.0005196101265028,0.4467191994190216,0.0019745184108614,0.0034294265788048,0.5470039248466492,0.0008729449473321,0.4689377248287201,0.0017251055687665,0.0022862844634801,0.5263442397117615,0.0007066697580739,0.4629310369491577,0.000789807352703,0.0015380459371954,0.5341591835021973,0.0005819633370265,0.4408995509147644,0.0019329495262354,0.0026188348419964,0.5538836121559143,0.0006651009316556,0.4772930443286896,0.0015588302630931,0.0024109908845275,0.5180720686912537,0.0006651009316556,0.4717020392417907,0.0020368716213852,0.002577266190201,0.5229148268699646,0.0007690229685977,0.4597718119621277,0.0023486376740038,0.0033878579270094,0.533598005771637,0.0008937293896451,0.4488807618618011,0.0020784405060112,0.003658055095002,0.5446553230285645,0.0007274541421793,0.4764824509620666,0.0010807890212163,0.0027227569371461,0.5190073847770691,0.0007066697580739,0.4689377248287201,0.0013302018633112,0.0017874587792903,0.5275081992149353,0.000436472473666,0.4658200740814209,0.0008729449473321,0.0014549082843586,0.531207799911499,0.0006443165475502,0.4482988119125366,0.0016211834736168,0.0028474633581936,0.5465882420539856,0.0006443165475502,0.439340740442276,0.0012470642104744911,0.0023070687893778086,0.5561075210571289,0.000997651368379593
147,0.8440962433815002,0.0,0.0,0.1559038162231445,0.0,0.8443664312362671,0.0,0.0,0.1556336134672165,0.0,0.8443456292152405,0.0,0.0,0.1556544005870819,0.0,0.8443871736526489,0.0,0.0,0.155612826347351,0.0,0.8443248271942139,0.0,0.0,0.1556751877069473,0.0,0.8443871736526489,0.0,0.0,0.155612826347351,0.0,0.8444079756736755,0.0,0.0,0.1555920541286468,0.0,0.8443664312362671,0.0,0.0,0.1556336134672165,0.0,0.8444079756736755,0.0,0.0,0.1555920541286468,0.0,0.8444703221321106,0.0,0.0,0.1555296927690506,0.0,0.8444287776947021,0.0,0.0,0.1555712670087814,0.0,0.8444079756736755,0.0,0.0,0.1555920541286468,0.0,0.8444079756736755,0.0,0.0,0.1555920541286468,0.0,0.8443871736526489,0.0,0.0,0.155612826347351,0.0,0.8444495797157288,0.0,0.0,0.155550479888916,0.0,0.8443871736526489,0.0,0.0,0.155612826347351,0.0,0.8444079756736755,0.0,0.0,0.1555920541286468,0.0,0.8443664312362671,0.0,0.0,0.1556336134672165,0.0,0.8443664312362671,0.0,0.0,0.1556336134672165,0.0,0.8444703221321106,0.0,0.0,0.1555296927690506,0.0,0.8444287776947021,0.0,0.0,0.1555712670087814,0.0,0.8443456292152405,0.0,0.0,0.1556544005870819,0.0,0.8443456292152405,0.0,0.0,0.1556544005870819,0.0,0.8444079756736755,0.0,0.0,0.1555920541286468,0.0,0.8444911241531372,0.0,0.0,0.1555089056491851,0.0,0.8442832827568054,0.0,0.0,0.1557167619466781,0.0,0.8443664312362671,0.0,0.0,0.1556336134672165,0.0,0.8443248271942139,0.0,0.0,0.1556751877069473,0.0,0.8444495797157288,0.0,0.0,0.155550479888916,0.0,0.8443664312362671,0.0,0.0,0.1556336134672165,0.0,0.4381975829601288,0.0020368716213852,0.0026604037266224,0.5561075210571289,0.0009976513683795,0.4521023631095886,0.0015380459371954,0.0023902065586298,0.543013334274292,0.0009560826001688,0.4598757326602936,0.0020784405060112,0.0027435412630438,0.5343878269195557,0.0009145137737505,0.4496082365512848,0.0016003991477191,0.0023694219999015,0.5455282330513,0.0008937293896451,0.4708914458751678,0.0023070687893778,0.0034086422529071,0.5227485299110413,0.0006443165475502,0.4534741342067718,0.0024941284209489,0.0033255047164857,0.5398749113082886,0.0008313761791214,0.4409411251544952,0.0031592294108122,0.0037204083055257,0.5514934062957764,0.0006858853157609,0.4717851877212524,0.0008937293896451,0.0012886330951005,0.5256791710853577,0.0003533348790369,0.4738220572471618,0.0012886330951005,0.0017043211264535,0.5227901339530945,0.0003949036763515,0.4427493810653686,0.0024733440950512,0.0037827615160495,0.5499553084373474,0.0010392202530056,0.4733440279960632,0.0014964770525693,0.0026811880525201,0.5218132734298706,0.0006651009316556,0.4601666927337646,0.0020368716213852,0.0028890322428196,0.5340760350227356,0.0008313761791214,0.451915293931961,0.0015172614948824,0.0027851101476699,0.5429301857948303,0.0008521605632267,0.4634714126586914,0.0010600045789033,0.0019121652003377,0.5327666401863098,0.000789807352703,0.4563215970993042,0.0015172614948824,0.0025980505160987,0.5389187932014465,0.0006443165475502,0.4502317607402801,0.0022031469270586,0.0041984496638178,0.5423274636268616,0.0010392202530056,0.4749236404895782,0.0009560826001688,0.0014133395161479,0.522187352180481,0.0005196101265028,0.4459709525108337,0.0020576559472829,0.0031800137367099,0.547918438911438,0.0008729449473321,0.4683349728584289,0.001829027547501,0.0022239312529563,0.5269054174423218,0.0007066697580739,0.4626816213130951,0.0006027477211318,0.0014756927266716,0.5346580147743225,0.0005819633370265,0.4401097595691681,0.0019329495262354,0.0026604037266224,0.5546318292617798,0.0006651009316556,0.4764824509620666,0.0016419679159298,0.0023278533481061,0.5188826322555542,0.0006651009316556,0.4709745943546295,0.002244715578854,0.0023486376740038,0.5236630439758301,0.0007690229685977,0.4592314064502716,0.0021823623683303,0.0032007982954382,0.5344917178153992,0.0008937293896451,0.4481741189956665,0.0022031469270586,0.003699623979628,0.5451956987380981,0.0007274541421793,0.4757965803146362,0.0012886330951005,0.0026811880525201,0.5195269584655762,0.0007066697580739,0.4685220420360565,0.0012678486527875,0.0017666743369773,0.5280070304870605,0.000436472473666,0.4652796685695648,0.001122357789427,0.0012054954422637,0.5317481756210327,0.0006443165475502,0.4476752877235412,0.0016003991477191,0.0028266790322959,0.5472533702850342,0.0006443165475502,0.43884190917015076,0.0012678486527875066,0.0020576559472829103,0.5568349957466125,0.000997651368379593
148,0.8425789475440979,0.0,0.0,0.1574210822582245,0.0,0.8428491353988647,0.0,0.0,0.1571508795022964,0.0,0.8428283929824829,0.0,0.0,0.1571716666221618,0.0,0.8428699374198914,0.0,0.0,0.157130092382431,0.0,0.8428075909614563,0.0,0.0,0.1571924537420272,0.0,0.8428699374198914,0.0,0.0,0.157130092382431,0.0,0.842890739440918,0.0,0.0,0.1571093052625656,0.0,0.8428491353988647,0.0,0.0,0.1571508795022964,0.0,0.842890739440918,0.0,0.0,0.1571093052625656,0.0,0.842953085899353,0.0,0.0,0.1570469588041305,0.0,0.8429114818572998,0.0,0.0,0.1570885330438614,0.0,0.842890739440918,0.0,0.0,0.1571093052625656,0.0,0.842890739440918,0.0,0.0,0.1571093052625656,0.0,0.8428699374198914,0.0,0.0,0.157130092382431,0.0,0.8429322838783264,0.0,0.0,0.1570677459239959,0.0,0.8428699374198914,0.0,0.0,0.157130092382431,0.0,0.842890739440918,0.0,0.0,0.1571093052625656,0.0,0.8428491353988647,0.0,0.0,0.1571508795022964,0.0,0.8428491353988647,0.0,0.0,0.1571508795022964,0.0,0.842953085899353,0.0,0.0,0.1570469588041305,0.0,0.8429114818572998,0.0,0.0,0.1570885330438614,0.0,0.8428283929824829,0.0,0.0,0.1571716666221618,0.0,0.8428283929824829,0.0,0.0,0.1571716666221618,0.0,0.842890739440918,0.0,0.0,0.1571093052625656,0.0,0.8429738879203796,0.0,0.0,0.1570261716842651,0.0,0.8427660465240479,0.0,0.0,0.1572340130805969,0.0,0.8428491353988647,0.0,0.0,0.1571508795022964,0.0,0.8428075909614563,0.0,0.0,0.1571924537420272,0.0,0.8429322838783264,0.0,0.0,0.1570677459239959,0.0,0.8428491353988647,0.0,0.0,0.1571508795022964,0.0,0.4362230598926544,0.0020368716213852,0.0025564816314727,0.5581859350204468,0.0009976513683795,0.4503564536571502,0.0014756927266716,0.0021823623683303,0.5450294017791748,0.0009560826001688,0.457880437374115,0.0022655001375824,0.0025149129796773,0.5364246964454651,0.0009145137737505,0.4476129412651062,0.0015172614948824,0.0020784405060112,0.5478976964950562,0.0008937293896451,0.4685636162757873,0.0024941284209489,0.0030345229897648,0.5252634882926941,0.0006443165475502,0.4513956904411316,0.0024109908845275,0.0033047201577574,0.5420572757720947,0.0008313761791214,0.4388834834098816,0.0028474633581936,0.0033047201577574,0.5542784929275513,0.0006858853157609,0.4698522388935089,0.0011847109999507,0.0012262798845767,0.5273834466934204,0.0003533348790369,0.4717644155025482,0.0015588302630931,0.0016835366841405,0.5245983600616455,0.0003949036763515,0.44075408577919,0.0021407937165349,0.0033462890423834,0.5526988506317139,0.0010600045789033,0.4714318513870239,0.0014756927266716,0.0020160872954875,0.5244113206863403,0.0006651009316556,0.4584000408649444,0.0017251055687665,0.0029513854533433,0.5360921621322632,0.0008313761791214,0.4500862658023834,0.0015172614948824,0.0021200091578066,0.5454243421554565,0.0008521605632267,0.4617047607898712,0.0010184358106926,0.0017874587792903,0.534699559211731,0.000789807352703,0.4544302225112915,0.0015796147054061,0.0020992248319089,0.5412466526031494,0.0006443165475502,0.4480078220367431,0.0023486376740038,0.0038866836111992,0.5447176694869995,0.0010392202530056,0.4731569588184356,0.0007274541421793,0.0016419679159298,0.5239540338516235,0.0005196101265028,0.4438925087451935,0.0021823623683303,0.002972169779241,0.5500800609588623,0.0008729449473321,0.4662565290927887,0.0016835366841405,0.0024733440950512,0.5288799405097961,0.0007066697580739,0.4609772861003876,0.0005819633370265,0.0013302018633112,0.5365285873413086,0.0005819633370265,0.4381768107414245,0.0019745184108614,0.0023278533481061,0.5568557381629944,0.0006651009316556,0.4747365713119507,0.0015380459371954,0.0022031469270586,0.5208571553230286,0.0006651009316556,0.4691663682460785,0.0017874587792903,0.0024941284209489,0.5257830619812012,0.0007690229685977,0.4572153091430664,0.0020160872954875,0.002930600894615,0.5369442701339722,0.0008937293896451,0.4461372196674347,0.002244715578854,0.0032007982954382,0.5476690530776978,0.0007482385262846,0.4739259779453277,0.0015172614948824,0.0019537340849637,0.5218963623046875,0.0007066697580739,0.466651439666748,0.001163926674053,0.001849811989814,0.5298984050750732,0.000436472473666,0.4634714126586914,0.001163926674053,0.00114314223174,0.5335772037506104,0.0006443165475502,0.4457215368747711,0.0016211834736168,0.0026188348419964,0.5493733882904053,0.0006651009316556,0.43703365325927734,0.0012470642104744911,0.0018913807580247521,0.5588302612304688,0.000997651368379593
149,0.8406044244766235,0.0,0.0,0.1593955904245376,0.0,0.8408746123313904,0.0,0.0,0.1591254025697708,0.0,0.8408538699150085,0.0,0.0,0.1591461896896362,0.0,0.840895414352417,0.0,0.0,0.1591046154499054,0.0,0.8408330678939819,0.0,0.0,0.1591669619083404,0.0,0.840895414352417,0.0,0.0,0.1591046154499054,0.0,0.8409162163734436,0.0,0.0,0.1590838283300399,0.0,0.8408746123313904,0.0,0.0,0.1591254025697708,0.0,0.8409162163734436,0.0,0.0,0.1590838283300399,0.0,0.8409785628318787,0.0,0.0,0.1590214818716049,0.0,0.8409370183944702,0.0,0.0,0.1590630412101745,0.0,0.8409162163734436,0.0,0.0,0.1590838283300399,0.0,0.8409162163734436,0.0,0.0,0.1590838283300399,0.0,0.840895414352417,0.0,0.0,0.1591046154499054,0.0,0.840957760810852,0.0,0.0,0.1590422540903091,0.0,0.840895414352417,0.0,0.0,0.1591046154499054,0.0,0.8409162163734436,0.0,0.0,0.1590838283300399,0.0,0.8408746123313904,0.0,0.0,0.1591254025697708,0.0,0.8408746123313904,0.0,0.0,0.1591254025697708,0.0,0.8409785628318787,0.0,0.0,0.1590214818716049,0.0,0.8409370183944702,0.0,0.0,0.1590630412101745,0.0,0.8408538699150085,0.0,0.0,0.1591461896896362,0.0,0.8408538699150085,0.0,0.0,0.1591461896896362,0.0,0.8409162163734436,0.0,0.0,0.1590838283300399,0.0,0.8409993648529053,0.0,0.0,0.1590006947517395,0.0,0.8407915234565735,0.0,0.0,0.1592085361480713,0.0,0.8408746123313904,0.0,0.0,0.1591254025697708,0.0,0.8408330678939819,0.0,0.0,0.1591669619083404,0.0,0.840957760810852,0.0,0.0,0.1590422540903091,0.0,0.8408746123313904,0.0,0.0,0.1591254025697708,0.0,0.4338120818138122,0.001808243105188,0.0026396194007247,0.5607424378395081,0.0009976513683795,0.4480909705162048,0.0013717706315219,0.0020992248319089,0.5474820137023926,0.0009560826001688,0.4554278552532196,0.0022031469270586,0.0026188348419964,0.5388357043266296,0.0009145137737505,0.4452850818634033,0.0014549082843586,0.0022239312529563,0.5501424074172974,0.0008937293896451,0.4655083119869232,0.0030760918743908,0.0028474633581936,0.5279030799865723,0.0006651009316556,0.4489431381225586,0.0023694219999015,0.0030553073156625,0.5448008179664612,0.0008313761791214,0.4362854361534118,0.0026188348419964,0.0036372707691043,0.5567725896835327,0.0006858853157609,0.4677114486694336,0.0010807890212163,0.0012262798845767,0.5296281576156616,0.0003533348790369,0.4696236252784729,0.0015380459371954,0.0014549082843586,0.5269885659217834,0.0003949036763515,0.4383430778980255,0.0021407937165349,0.0031384450849145,0.5553176999092102,0.0010600045789033,0.4692494869232178,0.0014133395161479,0.001849811989814,0.5268222689628601,0.0006651009316556,0.4560721814632416,0.0016003991477191,0.0025564816314727,0.5389395952224731,0.0008313761791214,0.4477584064006805,0.0014341238420456,0.0021615780424326,0.5477937459945679,0.0008521605632267,0.4593145549297333,0.0012678486527875,0.0015796147054061,0.5370482206344604,0.000789807352703,0.4521439373493194,0.0016003991477191,0.0016003991477191,0.5440109968185425,0.0006443165475502,0.4453682005405426,0.0024317752104252,0.0035957018844783,0.5475651025772095,0.0010392202530056,0.4708914458751678,0.0008729449473321,0.0015380459371954,0.5261780023574829,0.0005196101265028,0.4415438771247864,0.0019537340849637,0.0029929541051387,0.5526365041732788,0.0008729449473321,0.4639494717121124,0.0017666743369773,0.0021407937165349,0.5314364433288574,0.0007066697580739,0.4588780701160431,0.0005196101265028,0.0013717706315219,0.5386486053466797,0.0005819633370265,0.4358073770999908,0.0018705963157117,0.0023694219999015,0.5592875480651855,0.0006651009316556,0.4723047912120819,0.0017666743369773,0.0021200091578066,0.523143470287323,0.0006651009316556,0.4667345881462097,0.0016835366841405,0.0025564816314727,0.5282564163208008,0.0007690229685977,0.4545549154281616,0.0021407937165349,0.0029513854533433,0.539459228515625,0.0008937293896451,0.4437470138072967,0.0021823623683303,0.0030137386638671,0.5503086447715759,0.0007482385262846,0.4718059599399566,0.0013717706315219,0.0015172614948824,0.5245983600616455,0.0007066697580739,0.464427500963211,0.0012678486527875,0.0017043211264535,0.5321638584136963,0.000436472473666,0.4613306224346161,0.001122357789427,0.0009768670424818,0.5359258651733398,0.0006443165475502,0.443372905254364,0.0017458898946642,0.0021823623683303,0.5520337820053101,0.0006651009316556,0.4347681701183319,0.0013302018633112311,0.0017874587792903185,0.5611165761947632,0.000997651368379593
150,0.8226467370986938,0.0,0.0,0.1773533225059509,0.0,0.8229169249534607,0.0,0.0,0.1770831197500229,0.0,0.8228961229324341,0.0,0.0,0.1771039068698883,0.0,0.8229376673698425,0.0,0.0,0.1770623326301574,0.0,0.8228753209114075,0.0,0.0,0.1771246939897537,0.0,0.8229376673698425,0.0,0.0,0.1770623326301574,0.0,0.8229584693908691,0.0,0.0,0.1770415604114532,0.0,0.8229169249534607,0.0,0.0,0.1770831197500229,0.0,0.8229584693908691,0.0,0.0,0.1770415604114532,0.0,0.8230208158493042,0.0,0.0,0.176979199051857,0.0,0.8229792714118958,0.0,0.0,0.1770207732915878,0.0,0.8229584693908691,0.0,0.0,0.1770415604114532,0.0,0.8229584693908691,0.0,0.0,0.1770415604114532,0.0,0.8229376673698425,0.0,0.0,0.1770623326301574,0.0,0.8230000734329224,0.0,0.0,0.1769999861717224,0.0,0.8229376673698425,0.0,0.0,0.1770623326301574,0.0,0.8229584693908691,0.0,0.0,0.1770415604114532,0.0,0.8229169249534607,0.0,0.0,0.1770831197500229,0.0,0.8229169249534607,0.0,0.0,0.1770831197500229,0.0,0.8230208158493042,0.0,0.0,0.176979199051857,0.0,0.8229792714118958,0.0,0.0,0.1770207732915878,0.0,0.8228961229324341,0.0,0.0,0.1771039068698883,0.0,0.8228961229324341,0.0,0.0,0.1771039068698883,0.0,0.8229584693908691,0.0,0.0,0.1770415604114532,0.0,0.8230416178703308,0.0,0.0,0.1769584119319915,0.0,0.822833776473999,0.0,0.0,0.1771662533283233,0.0,0.8229169249534607,0.0,0.0,0.1770831197500229,0.0,0.8228753209114075,0.0,0.0,0.1771246939897537,0.0,0.8230000734329224,0.0,0.0,0.1769999861717224,0.0,0.8229169249534607,0.0,0.0,0.1770831197500229,0.0,0.4155841469764709,0.0017458898946642,0.0023902065586298,0.5792613625526428,0.0010184358106926,0.4299669563770294,0.001163926674053,0.0019745184108614,0.5659385323524475,0.0009560826001688,0.4370336532592773,0.0020160872954875,0.0028058944735676,0.5572298765182495,0.0009145137737505,0.4270155727863312,0.0016003991477191,0.0019745184108614,0.5685157775878906,0.0008937293896451,0.4469478130340576,0.0032215826213359,0.0026604037266224,0.5464635491371155,0.0007066697580739,0.4306320548057556,0.0020160872954875,0.0028682476840913,0.5636522769927979,0.0008313761791214,0.417704164981842,0.0028474633581936,0.0033462890423834,0.5753954648971558,0.0007066697580739,0.4496705830097198,0.0009145137737505,0.0011847109999507,0.5478145480155945,0.0004156880895607,0.4514372646808624,0.0013925550738349,0.0014341238420456,0.5453203916549683,0.0004156880895607,0.4200112521648407,0.0019121652003377,0.0031592294108122,0.5738158226013184,0.0011015734635293,0.4507929384708404,0.0014756927266716,0.0019121652003377,0.5451125502586365,0.0007066697580739,0.4378027021884918,0.0014133395161479,0.002577266190201,0.5572922229766846,0.0009145137737505,0.429509699344635,0.0013094174209982,0.0020368716213852,0.5662710666656494,0.0008729449473321,0.4411074221134186,0.0013509863056242,0.0012678486527875,0.5554839968681335,0.000789807352703,0.434019923210144,0.0012886330951005,0.0017043211264535,0.5623428225517273,0.0006443165475502,0.4269740283489227,0.0024525597691535,0.0028266790322959,0.5666244029998779,0.001122357789427,0.4528090357780456,0.0008313761791214,0.0014133395161479,0.544426679611206,0.0005196101265028,0.4229626357555389,0.0022031469270586,0.0026396194007247,0.5713217258453369,0.0008729449473321,0.4455136954784393,0.0018705963157117,0.0021200091578066,0.5497890710830688,0.0007066697580739,0.44075408577919,0.0006235321052372,0.0012470642104744,0.5567725896835327,0.0006027477211318,0.4173300564289093,0.0020160872954875,0.0023278533481061,0.5776193737983704,0.0007066697580739,0.454076886177063,0.0016627523582428,0.0019745184108614,0.5415999889373779,0.0006858853157609,0.4481533169746399,0.0019953027367591,0.0025149129796773,0.5465466976165771,0.000789807352703,0.4361607134342193,0.0020576559472829,0.0028058944735676,0.5580612421035767,0.0009145137737505,0.4253528416156769,0.0019745184108614,0.0026811880525201,0.5692017078399658,0.000789807352703,0.4533494114875793,0.0015796147054061,0.0014964770525693,0.5428678393363953,0.0007066697580739,0.4461995959281921,0.0011847109999507,0.0016627523582428,0.5505164861679077,0.000436472473666,0.4432689845561981,0.0009976513683795,0.0009976513683795,0.5540914535522461,0.0006443165475502,0.4250410497188568,0.0017043211264535,0.002244715578854,0.5703448057174683,0.0006651009316556,0.41662338376045227,0.001163926674053073,0.001641967915929854,0.5795730948448181,0.000997651368379593
151,0.8198200464248657,0.0,0.0,0.1801799982786178,0.0,0.8200902342796326,0.0,0.0,0.1799097955226898,0.0,0.820069432258606,0.0,0.0,0.1799305826425552,0.0,0.8201110363006592,0.0,0.0,0.1798890233039856,0.0,0.8200486898422241,0.0,0.0,0.1799513697624206,0.0,0.8201110363006592,0.0,0.0,0.1798890233039856,0.0,0.820131778717041,0.0,0.0,0.1798682361841201,0.0,0.8200902342796326,0.0,0.0,0.1799097955226898,0.0,0.820131778717041,0.0,0.0,0.1798682361841201,0.0,0.8201941847801208,0.0,0.0,0.1798058748245239,0.0,0.8201525807380676,0.0,0.0,0.1798474490642547,0.0,0.820131778717041,0.0,0.0,0.1798682361841201,0.0,0.820131778717041,0.0,0.0,0.1798682361841201,0.0,0.8201110363006592,0.0,0.0,0.1798890233039856,0.0,0.8201733827590942,0.0,0.0,0.1798266619443893,0.0,0.8201110363006592,0.0,0.0,0.1798890233039856,0.0,0.820131778717041,0.0,0.0,0.1798682361841201,0.0,0.8200902342796326,0.0,0.0,0.1799097955226898,0.0,0.8200902342796326,0.0,0.0,0.1799097955226898,0.0,0.8201941847801208,0.0,0.0,0.1798058748245239,0.0,0.8201525807380676,0.0,0.0,0.1798474490642547,0.0,0.820069432258606,0.0,0.0,0.1799305826425552,0.0,0.820069432258606,0.0,0.0,0.1799305826425552,0.0,0.820131778717041,0.0,0.0,0.1798682361841201,0.0,0.8202149271965027,0.0,0.0,0.1797851026058197,0.0,0.8200070858001709,0.0,0.0,0.1799929440021515,0.0,0.8200902342796326,0.0,0.0,0.1799097955226898,0.0,0.8200486898422241,0.0,0.0,0.1799513697624206,0.0,0.8201733827590942,0.0,0.0,0.1798266619443893,0.0,0.8200902342796326,0.0,0.0,0.1799097955226898,0.0,0.4124249219894409,0.0014964770525693,0.0023278533481061,0.5827323198318481,0.0010184358106926,0.4267869591712951,0.0010392202530056,0.0019953027367591,0.5692224502563477,0.0009560826001688,0.4338536560535431,0.0017458898946642,0.0027227569371461,0.5607632398605347,0.0009145137737505,0.423731654882431,0.0016003991477191,0.0019329495262354,0.571841299533844,0.0008937293896451,0.4434352517127991,0.0031800137367099,0.0026604037266224,0.5500177145004272,0.0007066697580739,0.4274520576000213,0.0017458898946642,0.0030137386638671,0.5669569969177246,0.0008313761791214,0.4141292572021484,0.002535697305575,0.0038866836111992,0.578741729259491,0.0007066697580739,0.4466984272003174,0.0008105917368084,0.0010807890212163,0.5509945750236511,0.0004156880895607,0.4484650790691376,0.0010807890212163,0.0015172614948824,0.5485212206840515,0.0004156880895607,0.4166233837604522,0.001849811989814,0.0032215826213359,0.5772036910057068,0.0011015734635293,0.4476752877235412,0.0013925550738349,0.0018705963157117,0.5483549237251282,0.0007066697580739,0.4347265958786011,0.001163926674053,0.002535697305575,0.5606592893600464,0.0009145137737505,0.4263920485973358,0.0012470642104744,0.0018705963157117,0.5696173906326294,0.0008729449473321,0.437989741563797,0.0012054954422637,0.0012678486527875,0.5587471127510071,0.000789807352703,0.4309230446815491,0.001122357789427,0.0019953027367591,0.5653150081634521,0.0006443165475502,0.4237940013408661,0.0021615780424326,0.0026811880525201,0.5702409148216248,0.001122357789427,0.4497537314891815,0.0008937293896451,0.0012262798845767,0.5476067066192627,0.0005196101265028,0.4196786880493164,0.0020160872954875,0.0026188348419964,0.5748134851455688,0.0008729449473321,0.4423128962516784,0.0017458898946642,0.0022239312529563,0.5529898405075073,0.0007274541421793,0.4378858208656311,0.0005196101265028,0.0009352981578558,0.5600565671920776,0.0006027477211318,0.4142539501190185,0.0015796147054061,0.0026188348419964,0.5808409452438354,0.0007066697580739,0.4508552849292755,0.0013509863056242,0.0022655001375824,0.5448423624038696,0.0006858853157609,0.4450772404670715,0.0016211834736168,0.0026604037266224,0.5498514175415039,0.000789807352703,0.4325026571750641,0.0024525597691535,0.0027851101476699,0.5613451600074768,0.0009145137737505,0.4222351610660553,0.0016627523582428,0.0026811880525201,0.5726311206817627,0.000789807352703,0.4503772556781769,0.00114314223174,0.0016627523582428,0.546110212802887,0.0007066697580739,0.4430195689201355,0.0012262798845767,0.0016419679159298,0.5536757707595825,0.000436472473666,0.4402552545070648,0.0007482385262846,0.0013094174209982,0.5570428371429443,0.0006443165475502,0.4217987060546875,0.0016003991477191,0.0021407937165349,0.5737950205802917,0.0006651009316556,0.4134225845336914,0.0011431422317400575,0.001641967915929854,0.5827946662902832,0.000997651368379593
152,0.8143745064735413,0.0,0.0,0.1856255084276199,0.0,0.8146446943283081,0.0,0.0,0.1853553205728531,0.0,0.8146239519119263,0.0,0.0,0.1853761076927185,0.0,0.8146654963493347,0.0,0.0,0.1853345334529876,0.0,0.8146031498908997,0.0,0.0,0.1853968799114227,0.0,0.8146654963493347,0.0,0.0,0.1853345334529876,0.0,0.8146862983703613,0.0,0.0,0.1853137463331222,0.0,0.8146446943283081,0.0,0.0,0.1853553205728531,0.0,0.8146862983703613,0.0,0.0,0.1853137463331222,0.0,0.8147486448287964,0.0,0.0,0.1852513998746872,0.0,0.8147071003913879,0.0,0.0,0.1852929592132568,0.0,0.8146862983703613,0.0,0.0,0.1853137463331222,0.0,0.8146862983703613,0.0,0.0,0.1853137463331222,0.0,0.8146654963493347,0.0,0.0,0.1853345334529876,0.0,0.8147278428077698,0.0,0.0,0.1852721720933914,0.0,0.8146654963493347,0.0,0.0,0.1853345334529876,0.0,0.8146862983703613,0.0,0.0,0.1853137463331222,0.0,0.8146446943283081,0.0,0.0,0.1853553205728531,0.0,0.8146446943283081,0.0,0.0,0.1853553205728531,0.0,0.8147486448287964,0.0,0.0,0.1852513998746872,0.0,0.8147071003913879,0.0,0.0,0.1852929592132568,0.0,0.8146239519119263,0.0,0.0,0.1853761076927185,0.0,0.8146239519119263,0.0,0.0,0.1853761076927185,0.0,0.8146862983703613,0.0,0.0,0.1853137463331222,0.0,0.814769446849823,0.0,0.0,0.1852306127548217,0.0,0.8145616054534912,0.0,0.0,0.1854384541511535,0.0,0.8146446943283081,0.0,0.0,0.1853553205728531,0.0,0.8146031498908997,0.0,0.0,0.1853968799114227,0.0,0.8147278428077698,0.0,0.0,0.1852721720933914,0.0,0.8146446943283081,0.0,0.0,0.1853553205728531,0.0,0.4067299962043762,0.0012886330951005,0.0024941284209489,0.5884688496589661,0.0010184358106926,0.4209257662296295,0.0012262798845767,0.0017666743369773,0.5751252174377441,0.0009560826001688,0.4279716610908508,0.0017043211264535,0.0025564816314727,0.5668530464172363,0.0009145137737505,0.4180575013160705,0.0013509863056242,0.0020784405060112,0.5776193737983704,0.0008937293896451,0.4376156330108642,0.0027435412630438,0.0031176605261862,0.5557957291603088,0.0007274541421793,0.4217571318149566,0.0014341238420456,0.0030553073156625,0.5729013085365295,0.0008521605632267,0.4081849157810211,0.0024941284209489,0.003699623979628,0.5849146842956543,0.0007066697580739,0.441148966550827,0.0004988256841897,0.0013094174209982,0.5566271543502808,0.0004156880895607,0.4427493810653686,0.0008105917368084,0.001829027547501,0.5541953444480896,0.0004156880895607,0.4104712009429931,0.0020784405060112,0.0029513854533433,0.5833974480628967,0.0011015734635293,0.4418764412403106,0.0013509863056242,0.0018913807580247,0.554174542427063,0.0007066697580739,0.4288861751556396,0.0013094174209982,0.0022862844634801,0.5666036605834961,0.0009145137737505,0.420634776353836,0.0012470642104744,0.001829027547501,0.5754162073135376,0.0008729449473321,0.4324610829353332,0.0010392202530056,0.0013094174209982,0.5644004940986633,0.000789807352703,0.4251450002193451,0.0010807890212163,0.0018913807580247,0.5712385773658752,0.0006443165475502,0.4178080856800079,0.0019953027367591,0.0029098165687173,0.5761644840240479,0.001122357789427,0.444017231464386,0.0009352981578558,0.0012054954422637,0.553322434425354,0.0005196101265028,0.4137759208679199,0.0019121652003377,0.0026188348419964,0.580799400806427,0.0008937293896451,0.4366179704666137,0.0014341238420456,0.0023902065586298,0.5588302612304688,0.0007274541421793,0.4322948157787323,0.0004780413000844,0.000789807352703,0.565834641456604,0.0006027477211318,0.4084343314170837,0.0015380459371954,0.0023486376740038,0.5869723558425903,0.0007066697580739,0.4451811611652374,0.0013509863056242,0.0018705963157117,0.5509114265441895,0.0006858853157609,0.439174473285675,0.0017874587792903,0.002535697305575,0.5557126402854919,0.000789807352703,0.4266206920146942,0.0023902065586298,0.0026811880525201,0.56739342212677,0.0009145137737505,0.4163116216659546,0.0016211834736168,0.0027227569371461,0.5785546898841858,0.000789807352703,0.4446407556533813,0.0010807890212163,0.0016419679159298,0.5519298315048218,0.0007066697580739,0.4371791481971741,0.0012678486527875,0.0016211834736168,0.5594953894615173,0.000436472473666,0.4345395267009735,0.0007274541421793,0.0014133395161479,0.562675416469574,0.0006443165475502,0.4160206317901611,0.0014964770525693,0.0020368716213852,0.5797601938247681,0.0006858853157609,0.4077276587486267,0.0011015734635293484,0.001558830263093114,0.5886143445968628,0.000997651368379593
153,0.8132106065750122,0.0,0.0,0.1867894381284713,0.0,0.813480794429779,0.0,0.0,0.1865192353725433,0.0,0.8134599924087524,0.0,0.0,0.1865400224924087,0.0,0.8135015964508057,0.0,0.0,0.1864984631538391,0.0,0.8134392499923706,0.0,0.0,0.1865608096122741,0.0,0.8135015964508057,0.0,0.0,0.1864984631538391,0.0,0.8135223388671875,0.0,0.0,0.1864776760339737,0.0,0.813480794429779,0.0,0.0,0.1865192353725433,0.0,0.8135223388671875,0.0,0.0,0.1864776760339737,0.0,0.8135846853256226,0.0,0.0,0.1864153146743774,0.0,0.8135431408882141,0.0,0.0,0.1864568889141082,0.0,0.8135223388671875,0.0,0.0,0.1864776760339737,0.0,0.8135223388671875,0.0,0.0,0.1864776760339737,0.0,0.8135015964508057,0.0,0.0,0.1864984631538391,0.0,0.8135639429092407,0.0,0.0,0.1864361017942428,0.0,0.8135015964508057,0.0,0.0,0.1864984631538391,0.0,0.8135223388671875,0.0,0.0,0.1864776760339737,0.0,0.813480794429779,0.0,0.0,0.1865192353725433,0.0,0.813480794429779,0.0,0.0,0.1865192353725433,0.0,0.8135846853256226,0.0,0.0,0.1864153146743774,0.0,0.8135431408882141,0.0,0.0,0.1864568889141082,0.0,0.8134599924087524,0.0,0.0,0.1865400224924087,0.0,0.8134599924087524,0.0,0.0,0.1865400224924087,0.0,0.8135223388671875,0.0,0.0,0.1864776760339737,0.0,0.8136054873466492,0.0,0.0,0.1863945424556732,0.0,0.8133976459503174,0.0,0.0,0.186602383852005,0.0,0.813480794429779,0.0,0.0,0.1865192353725433,0.0,0.8134392499923706,0.0,0.0,0.1865608096122741,0.0,0.8135639429092407,0.0,0.0,0.1864361017942428,0.0,0.813480794429779,0.0,0.0,0.1865192353725433,0.0,0.4052127301692962,0.0012054954422637,0.0024733440950512,0.5900900363922119,0.0010184358106926,0.4195955395698547,0.0011015734635293,0.0017666743369773,0.5765801668167114,0.0009560826001688,0.4264751970767975,0.0015588302630931,0.0027435412630438,0.5683079361915588,0.0009145137737505,0.4166025817394256,0.0012886330951005,0.0018705963157117,0.5793444514274597,0.0008937293896451,0.4359320998191833,0.0021823623683303,0.0035749175585806,0.557583212852478,0.0007274541421793,0.4203230142593384,0.0012262798845767,0.0028890322428196,0.5747095346450806,0.0008521605632267,0.4066053032875061,0.0022862844634801,0.0034709954634308,0.5869308114051819,0.0007066697580739,0.4397564232349396,0.0005611788947135,0.0013509863056242,0.5579157471656799,0.0004156880895607,0.4413568079471588,0.0008729449473321,0.0017251055687665,0.5556294918060303,0.0004156880895607,0.408933162689209,0.0020160872954875,0.002577266190201,0.5853719711303711,0.0011015734635293,0.44044229388237,0.0014133395161479,0.0016835366841405,0.5557541847229004,0.0007066697580739,0.4274104833602905,0.0012678486527875,0.0020784405060112,0.5683287382125854,0.0009145137737505,0.4191590845584869,0.0012054954422637,0.0018705963157117,0.5768918991088867,0.0008729449473321,0.4307775497436523,0.00114314223174,0.0014341238420456,0.5658553838729858,0.000789807352703,0.4237732291221618,0.0009768670424818,0.0018913807580247,0.5727142691612244,0.0006443165475502,0.4163116216659546,0.0016627523582428,0.0030137386638671,0.5778895616531372,0.001122357789427,0.4427701532840729,0.0007274541421793,0.0010184358106926,0.5549643635749817,0.0005196101265028,0.4122794270515442,0.0018705963157117,0.0025564816314727,0.5823997855186462,0.0008937293896451,0.4350175857543945,0.0015380459371954,0.0020160872954875,0.5607008934020996,0.0007274541421793,0.4310061931610107,0.0004780413000844,0.0007066697580739,0.5672063827514648,0.0006027477211318,0.4068131446838379,0.0016003991477191,0.0023694219999015,0.5885103940963745,0.0007066697580739,0.4438093900680542,0.0011015734635293,0.0019953027367591,0.5524079203605652,0.0006858853157609,0.4375532865524292,0.0017874587792903,0.002244715578854,0.5576247572898865,0.000789807352703,0.4249995052814483,0.0021615780424326,0.0027019726112484,0.5692224502563477,0.0009145137737505,0.4148982763290405,0.0014549082843586,0.0026604037266224,0.5801966190338135,0.000789807352703,0.4432689845561981,0.00114314223174,0.0016627523582428,0.5532184839248657,0.0007066697580739,0.4356411099433899,0.0013925550738349,0.0014133395161479,0.5611165761947632,0.000436472473666,0.4331885576248169,0.0007482385262846,0.0013302018633112,0.5640887022018433,0.0006443165475502,0.414607286453247,0.0013717706315219,0.0019953027367591,0.5813397765159607,0.0006858853157609,0.4061480462551117,0.0012262798845767975,0.0015380459371954203,0.5900900363922119,0.000997651368379593
154,0.8127949237823486,0.0,0.0,0.1872051209211349,0.0,0.8130651116371155,0.0,0.0,0.1869349330663681,0.0,0.8130443096160889,0.0,0.0,0.1869557201862335,0.0,0.8130859136581421,0.0,0.0,0.1869141459465026,0.0,0.8130235075950623,0.0,0.0,0.1869764924049377,0.0,0.8130859136581421,0.0,0.0,0.1869141459465026,0.0,0.8131066560745239,0.0,0.0,0.1868933588266372,0.0,0.8130651116371155,0.0,0.0,0.1869349330663681,0.0,0.8131066560745239,0.0,0.0,0.1868933588266372,0.0,0.813169002532959,0.0,0.0,0.1868310123682022,0.0,0.8131274580955505,0.0,0.0,0.1868725717067718,0.0,0.8131066560745239,0.0,0.0,0.1868933588266372,0.0,0.8131066560745239,0.0,0.0,0.1868933588266372,0.0,0.8130859136581421,0.0,0.0,0.1869141459465026,0.0,0.8131482601165771,0.0,0.0,0.1868517994880676,0.0,0.8130859136581421,0.0,0.0,0.1869141459465026,0.0,0.8131066560745239,0.0,0.0,0.1868933588266372,0.0,0.8130651116371155,0.0,0.0,0.1869349330663681,0.0,0.8130651116371155,0.0,0.0,0.1869349330663681,0.0,0.813169002532959,0.0,0.0,0.1868310123682022,0.0,0.8131274580955505,0.0,0.0,0.1868725717067718,0.0,0.8130443096160889,0.0,0.0,0.1869557201862335,0.0,0.8130443096160889,0.0,0.0,0.1869557201862335,0.0,0.8131066560745239,0.0,0.0,0.1868933588266372,0.0,0.8131898045539856,0.0,0.0,0.1868102252483368,0.0,0.8129819631576538,0.0,0.0,0.1870180666446685,0.0,0.8130651116371155,0.0,0.0,0.1869349330663681,0.0,0.8130235075950623,0.0,0.0,0.1869764924049377,0.0,0.8131482601165771,0.0,0.0,0.1868517994880676,0.0,0.8130651116371155,0.0,0.0,0.1869349330663681,0.0,0.4042982161045074,0.0014341238420456,0.0020784405060112,0.5911707878112793,0.0010184358106926,0.4188680946826935,0.0012470642104744,0.0015380459371954,0.577390730381012,0.0009560826001688,0.4256438016891479,0.0015380459371954,0.0026396194007247,0.5692640542984009,0.0009145137737505,0.4156672954559326,0.0014964770525693,0.0017666743369773,0.5801758766174316,0.0008937293896451,0.4344148337841034,0.0026811880525201,0.0036788394208997,0.5584977269172668,0.0007274541421793,0.4193045794963836,0.0014756927266716,0.0027227569371461,0.575644850730896,0.0008521605632267,0.4053374528884887,0.0025149129796773,0.0032423669472336,0.5881986618041992,0.0007066697580739,0.4392160177230835,0.0006027477211318,0.001163926674053,0.5586016178131104,0.0004156880895607,0.4406293630599975,0.0009560826001688,0.0017666743369773,0.556232213973999,0.0004156880895607,0.4078731536865234,0.0022862844634801,0.0025149129796773,0.5862241387367249,0.0011015734635293,0.4394654333591461,0.0014756927266716,0.0019121652003377,0.5564400553703308,0.0007066697580739,0.4267453849315643,0.0012054954422637,0.0019121652003377,0.5692224502563477,0.0009145137737505,0.4185147583484649,0.00114314223174,0.0017251055687665,0.5777440667152405,0.0008729449473321,0.4300293326377868,0.0012262798845767,0.0015172614948824,0.5664373636245728,0.000789807352703,0.4225053787231445,0.0016627523582428,0.0017666743369773,0.5734209418296814,0.0006443165475502,0.4154386818408966,0.0016835366841405,0.0028682476840913,0.5788872241973877,0.001122357789427,0.4421258568763733,0.0008313761791214,0.0009976513683795,0.555525541305542,0.0005196101265028,0.4111986458301544,0.0019121652003377,0.002577266190201,0.5834182500839233,0.0008937293896451,0.4342277646064758,0.0014341238420456,0.002244715578854,0.5613659620285034,0.0007274541421793,0.4303410947322845,0.0005611788947135,0.0006858853157609,0.5678091645240784,0.0006027477211318,0.4060856997966766,0.0013925550738349,0.0023902065586298,0.5894041061401367,0.0007274541421793,0.4429572224617004,0.0012678486527875,0.0020368716213852,0.5530521869659424,0.0006858853157609,0.4368673861026764,0.0014341238420456,0.0023070687893778,0.5586016178131104,0.000789807352703,0.4239810705184936,0.0023278533481061,0.002577266190201,0.5701993703842163,0.0009145137737505,0.4138174951076507,0.0016835366841405,0.0026188348419964,0.5810903906822205,0.000789807352703,0.4423336982727051,0.001163926674053,0.0018705963157117,0.5539251565933228,0.0007066697580739,0.4349760115146637,0.0013717706315219,0.0015380459371954,0.5616777539253235,0.000436472473666,0.4325234591960907,0.0008937293896451,0.0012262798845767,0.5647122859954834,0.0006443165475502,0.4138174951076507,0.0013717706315219,0.0021200091578066,0.5820049047470093,0.0006858853157609,0.40531665086746216,0.0014549082843586802,0.0015172614948824048,0.5907135605812073,0.000997651368379593
155,0.8105709552764893,0.0,0.0,0.1894290596246719,0.0,0.8108412027359009,0.0,0.0,0.1891588568687439,0.0,0.8108204007148743,0.0,0.0,0.1891796439886093,0.0,0.8108619451522827,0.0,0.0,0.1891380846500396,0.0,0.8107995986938477,0.0,0.0,0.1892004311084747,0.0,0.8108619451522827,0.0,0.0,0.1891380846500396,0.0,0.8108827471733093,0.0,0.0,0.1891172975301742,0.0,0.8108412027359009,0.0,0.0,0.1891588568687439,0.0,0.8108827471733093,0.0,0.0,0.1891172975301742,0.0,0.8109450936317444,0.0,0.0,0.189054936170578,0.0,0.8109035491943359,0.0,0.0,0.1890965104103088,0.0,0.8108827471733093,0.0,0.0,0.1891172975301742,0.0,0.8108827471733093,0.0,0.0,0.1891172975301742,0.0,0.8108619451522827,0.0,0.0,0.1891380846500396,0.0,0.8109242916107178,0.0,0.0,0.1890757232904434,0.0,0.8108619451522827,0.0,0.0,0.1891380846500396,0.0,0.8108827471733093,0.0,0.0,0.1891172975301742,0.0,0.8108412027359009,0.0,0.0,0.1891588568687439,0.0,0.8108412027359009,0.0,0.0,0.1891588568687439,0.0,0.8109450936317444,0.0,0.0,0.189054936170578,0.0,0.8109035491943359,0.0,0.0,0.1890965104103088,0.0,0.8108204007148743,0.0,0.0,0.1891796439886093,0.0,0.8108204007148743,0.0,0.0,0.1891796439886093,0.0,0.8108827471733093,0.0,0.0,0.1891172975301742,0.0,0.810965895652771,0.0,0.0,0.1890341490507125,0.0,0.8107580542564392,0.0,0.0,0.1892420053482055,0.0,0.8108412027359009,0.0,0.0,0.1891588568687439,0.0,0.8107995986938477,0.0,0.0,0.1892004311084747,0.0,0.8109242916107178,0.0,0.0,0.1890757232904434,0.0,0.8108412027359009,0.0,0.0,0.1891588568687439,0.0,0.4016585946083069,0.0015172614948824,0.0020784405060112,0.5937272906303406,0.0010184358106926,0.416290819644928,0.0012470642104744,0.0015172614948824,0.5799887776374817,0.0009560826001688,0.423024982213974,0.0015796147054061,0.0023694219999015,0.5721114873886108,0.0009145137737505,0.413027673959732,0.0014549082843586,0.0020576559472829,0.5825660824775696,0.0008937293896451,0.43108931183815,0.0030968762002885,0.0039074681699275,0.5611789226531982,0.0007274541421793,0.4166233837604522,0.0015796147054061,0.0023694219999015,0.5785754323005676,0.0008521605632267,0.4023237228393554,0.0025564816314727,0.0035957018844783,0.5908174514770508,0.0007066697580739,0.4367634654045105,0.0006858853157609,0.0010600045789033,0.5610542297363281,0.000436472473666,0.4382599592208862,0.0009560826001688,0.0015380459371954,0.5588302612304688,0.0004156880895607,0.4052127301692962,0.0021615780424326,0.0024733440950512,0.5890507698059082,0.0011015734635293,0.4366387724876404,0.0017874587792903,0.0017666743369773,0.5591004490852356,0.0007066697580739,0.4242304861545563,0.0012470642104744,0.0016627523582428,0.5719452500343323,0.0009145137737505,0.4160414040088653,0.0011015734635293,0.0016003991477191,0.5803837180137634,0.0008729449473321,0.4275144040584564,0.0012262798845767,0.0016419679159298,0.5688275694847107,0.000789807352703,0.4200527966022491,0.0016211834736168,0.0015588302630931,0.5761228799819946,0.0006443165475502,0.4128198325634002,0.0017251055687665,0.0028058944735676,0.581506073474884,0.00114314223174,0.4397564232349396,0.0007482385262846,0.0010600045789033,0.5579157471656799,0.0005196101265028,0.4084135293960571,0.0020160872954875,0.0026604037266224,0.5860162973403931,0.0008937293896451,0.431505024433136,0.0015588302630931,0.002244715578854,0.5639640092849731,0.0007274541421793,0.4280548095703125,0.0005819633370265,0.0006651009316556,0.570095419883728,0.0006027477211318,0.4033421576023102,0.0016627523582428,0.0022655001375824,0.5920021533966064,0.0007274541421793,0.4403176009654999,0.0012886330951005,0.0020576559472829,0.5556502342224121,0.0006858853157609,0.4339991509914398,0.001829027547501,0.002244715578854,0.561137318611145,0.000789807352703,0.4211336076259613,0.0021200091578066,0.0028890322428196,0.5729221105575562,0.0009352981578558,0.4111570715904236,0.001829027547501,0.0022655001375824,0.5839378237724304,0.0008105917368084,0.4397771954536438,0.0013509863056242,0.0017251055687665,0.5564400553703308,0.0007066697580739,0.4324610829353332,0.0013094174209982,0.0015380459371954,0.5642549991607666,0.000436472473666,0.4299254119396209,0.0010807890212163,0.0011847109999507,0.5671648383140564,0.0006443165475502,0.4111986458301544,0.0013509863056242,0.0021200091578066,0.5846444964408875,0.0006858853157609,0.4027809798717499,0.0013925550738349557,0.0015380459371954203,0.5932908058166504,0.000997651368379593
156,0.8094902038574219,0.0,0.0,0.1905098408460617,0.0,0.8097603917121887,0.0,0.0,0.1902396529912948,0.0,0.8097395896911621,0.0,0.0,0.1902604401111602,0.0,0.8097811937332153,0.0,0.0,0.1902188658714294,0.0,0.8097187876701355,0.0,0.0,0.1902812123298645,0.0,0.8097811937332153,0.0,0.0,0.1902188658714294,0.0,0.8098019361495972,0.0,0.0,0.190198078751564,0.0,0.8097603917121887,0.0,0.0,0.1902396529912948,0.0,0.8098019361495972,0.0,0.0,0.190198078751564,0.0,0.8098642826080322,0.0,0.0,0.1901357322931289,0.0,0.8098227381706238,0.0,0.0,0.1901772916316986,0.0,0.8098019361495972,0.0,0.0,0.190198078751564,0.0,0.8098019361495972,0.0,0.0,0.190198078751564,0.0,0.8097811937332153,0.0,0.0,0.1902188658714294,0.0,0.8098435401916504,0.0,0.0,0.1901565194129943,0.0,0.8097811937332153,0.0,0.0,0.1902188658714294,0.0,0.8098019361495972,0.0,0.0,0.190198078751564,0.0,0.8097603917121887,0.0,0.0,0.1902396529912948,0.0,0.8097603917121887,0.0,0.0,0.1902396529912948,0.0,0.8098642826080322,0.0,0.0,0.1901357322931289,0.0,0.8098227381706238,0.0,0.0,0.1901772916316986,0.0,0.8097395896911621,0.0,0.0,0.1902604401111602,0.0,0.8097395896911621,0.0,0.0,0.1902604401111602,0.0,0.8098019361495972,0.0,0.0,0.190198078751564,0.0,0.8098850846290588,0.0,0.0,0.1901149451732635,0.0,0.809677243232727,0.0,0.0,0.1903227865695953,0.0,0.8097603917121887,0.0,0.0,0.1902396529912948,0.0,0.8097187876701355,0.0,0.0,0.1902812123298645,0.0,0.8098435401916504,0.0,0.0,0.1901565194129943,0.0,0.8097603917121887,0.0,0.0,0.1902396529912948,0.0,0.4003699719905853,0.0014756927266716,0.0017458898946642,0.5953900218009949,0.0010184358106926,0.4148567020893097,0.0011847109999507,0.0014549082843586,0.5815476179122925,0.0009560826001688,0.421445369720459,0.0016419679159298,0.0021823623683303,0.5738158226013184,0.0009145137737505,0.4117182493209839,0.0014549082843586,0.001829027547501,0.5841041207313538,0.0008937293896451,0.4293226599693298,0.0034086422529071,0.0035541329998522,0.5629871487617493,0.0007274541421793,0.415251612663269,0.0016211834736168,0.0019953027367591,0.5802797675132751,0.0008521605632267,0.4006609618663788,0.0026396194007247,0.0030345229897648,0.5929582715034485,0.0007066697580739,0.4354540407657623,0.0008105917368084,0.0009145137737505,0.5623844265937805,0.000436472473666,0.4368258118629455,0.0010392202530056,0.0013509863056242,0.5603682994842529,0.0004156880895607,0.4035499989986419,0.0020368716213852,0.0025564816314727,0.5907551050186157,0.0011015734635293,0.4353085458278656,0.0016835366841405,0.0017458898946642,0.5605553984642029,0.0007066697580739,0.422858715057373,0.00114314223174,0.0015588302630931,0.5735248327255249,0.0009145137737505,0.4147527813911438,0.0009976513683795,0.0015588302630931,0.5818178057670593,0.0008729449473321,0.4261010587215423,0.0014756927266716,0.0012886330951005,0.5703448057174683,0.000789807352703,0.4185355603694916,0.0017251055687665,0.0014549082843586,0.577640175819397,0.0006443165475502,0.4113649129867553,0.0015588302630931,0.0027019726112484,0.5832311511039734,0.00114314223174,0.4383223056793213,0.0008105917368084,0.0011847109999507,0.5591627955436707,0.0005196101265028,0.406771570444107,0.0021200091578066,0.0024733440950512,0.5877413749694824,0.0008937293896451,0.4301332533359527,0.0016003991477191,0.0019953027367591,0.5655436515808105,0.0007274541421793,0.4268493056297302,0.0005611788947135,0.0006651009316556,0.5713217258453369,0.0006027477211318,0.4019288122653961,0.0016211834736168,0.0019537340849637,0.593768835067749,0.0007274541421793,0.4389042556285858,0.0013925550738349,0.0015796147054061,0.5574377179145813,0.0006858853157609,0.4326273798942566,0.0016627523582428,0.0020784405060112,0.5628416538238525,0.000789807352703,0.419450044631958,0.0022862844634801,0.0028890322428196,0.5744393467903137,0.0009352981578558,0.4095566868782043,0.0018705963157117,0.0021407937165349,0.5856213569641113,0.0008105917368084,0.4385093450546264,0.0012470642104744,0.0014341238420456,0.5581028461456299,0.0007066697580739,0.4311724603176117,0.001122357789427,0.0016211834736168,0.565647542476654,0.000436472473666,0.428636759519577,0.0010184358106926,0.0010184358106926,0.568682074546814,0.0006443165475502,0.4098476767539978,0.0012886330951005,0.0019329495262354,0.5862448811531067,0.0006858853157609,0.4014507532119751,0.0013925550738349557,0.0013925550738349557,0.5947664976119995,0.000997651368379593
157,0.8067674040794373,0.0,0.0,0.1932326108217239,0.0,0.8070376515388489,0.0,0.0,0.1929624080657959,0.0,0.8070168495178223,0.0,0.0,0.1929831951856613,0.0,0.8070583939552307,0.0,0.0,0.1929416209459304,0.0,0.8069960474967957,0.0,0.0,0.1930039823055267,0.0,0.8070583939552307,0.0,0.0,0.1929416209459304,0.0,0.8070791959762573,0.0,0.0,0.192920833826065,0.0,0.8070376515388489,0.0,0.0,0.1929624080657959,0.0,0.8070791959762573,0.0,0.0,0.192920833826065,0.0,0.8071415424346924,0.0,0.0,0.19285848736763,0.0,0.8070999979972839,0.0,0.0,0.1929000616073608,0.0,0.8070791959762573,0.0,0.0,0.192920833826065,0.0,0.8070791959762573,0.0,0.0,0.192920833826065,0.0,0.8070583939552307,0.0,0.0,0.1929416209459304,0.0,0.8071207404136658,0.0,0.0,0.1928792744874954,0.0,0.8070583939552307,0.0,0.0,0.1929416209459304,0.0,0.8070791959762573,0.0,0.0,0.192920833826065,0.0,0.8070376515388489,0.0,0.0,0.1929624080657959,0.0,0.8070376515388489,0.0,0.0,0.1929624080657959,0.0,0.8071415424346924,0.0,0.0,0.19285848736763,0.0,0.8070999979972839,0.0,0.0,0.1929000616073608,0.0,0.8070168495178223,0.0,0.0,0.1929831951856613,0.0,0.8070168495178223,0.0,0.0,0.1929831951856613,0.0,0.8070791959762573,0.0,0.0,0.192920833826065,0.0,0.807162344455719,0.0,0.0,0.1928377002477646,0.0,0.8069545030593872,0.0,0.0,0.1930455416440963,0.0,0.8070376515388489,0.0,0.0,0.1929624080657959,0.0,0.8069960474967957,0.0,0.0,0.1930039823055267,0.0,0.8071207404136658,0.0,0.0,0.1928792744874954,0.0,0.8070376515388489,0.0,0.0,0.1929624080657959,0.0,0.3973978161811828,0.0013717706315219,0.0016419679159298,0.5985700488090515,0.0010184358106926,0.4118845462799072,0.0012678486527875,0.0013925550738349,0.5844990015029907,0.0009560826001688,0.4182653427124023,0.0017666743369773,0.0020368716213852,0.5770166516304016,0.0009145137737505,0.4087460935115814,0.0014133395161479,0.0016419679159298,0.5873048901557922,0.0008937293896451,0.4257685244083404,0.0037204083055257,0.003263151505962,0.5665205121040344,0.0007274541421793,0.4122378826141357,0.0016419679159298,0.0017043211264535,0.5835636854171753,0.0008521605632267,0.3973354399204254,0.0028266790322959,0.0029098165687173,0.596221387386322,0.0007066697580739,0.43260657787323,0.0007066697580739,0.0007274541421793,0.5655228495597839,0.000436472473666,0.4337289333343506,0.0011847109999507,0.0010392202530056,0.5636314749717712,0.0004156880895607,0.400286853313446,0.0022031469270586,0.0024525597691535,0.593955934047699,0.0011015734635293,0.4322532415390014,0.0017458898946642,0.0016211834736168,0.5636730194091797,0.0007066697580739,0.4200735986232757,0.0008937293896451,0.0016211834736168,0.5764970183372498,0.0009145137737505,0.4114688336849212,0.0012470642104744,0.0015588302630931,0.5848523378372192,0.0008729449473321,0.423024982213974,0.0013094174209982,0.0015588302630931,0.5733169913291931,0.000789807352703,0.4156257212162018,0.0017043211264535,0.0012886330951005,0.5807370543479919,0.0006443165475502,0.4081849157810211,0.0016835366841405,0.0023278533481061,0.5866605639457703,0.00114314223174,0.4354748427867889,0.0008521605632267,0.0010184358106926,0.5621349811553955,0.0005196101265028,0.403778612613678,0.0020576559472829,0.002244715578854,0.5910252928733826,0.0008937293896451,0.4270363748073578,0.0015380459371954,0.0018705963157117,0.5688275694847107,0.0007274541421793,0.423897922039032,0.0006651009316556,0.0006027477211318,0.5742315053939819,0.0006027477211318,0.3988319337368011,0.0015380459371954,0.0019953027367591,0.5969073176383972,0.0007274541421793,0.4358905255794525,0.0014756927266716,0.0015588302630931,0.5603891015052795,0.0006858853157609,0.4294681549072265,0.0016419679159298,0.002244715578854,0.5658553838729858,0.000789807352703,0.4161868989467621,0.0023694219999015,0.0028474633581936,0.577640175819397,0.0009560826001688,0.4064598083496094,0.0019953027367591,0.0018705963157117,0.588863730430603,0.0008105917368084,0.4350591599941253,0.0017666743369773,0.0012886330951005,0.5611789226531982,0.0007066697580739,0.4281587302684784,0.0010392202530056,0.0016419679159298,0.5687236785888672,0.000436472473666,0.4256438016891479,0.0011015734635293,0.0009145137737505,0.5716958045959473,0.0006443165475502,0.4067923426628113,0.0013717706315219,0.0017458898946642,0.5894041061401367,0.0006858853157609,0.3984578251838684,0.0012470642104744911,0.0015172614948824048,0.5977802276611328,0.000997651368379593
158,0.8055619597434998,0.0,0.0,0.194438099861145,0.0,0.8058321475982666,0.0,0.0,0.1941678971052169,0.0,0.80581134557724,0.0,0.0,0.1941886842250824,0.0,0.8058528900146484,0.0,0.0,0.1941471248865127,0.0,0.8057905435562134,0.0,0.0,0.1942094713449478,0.0,0.8058528900146484,0.0,0.0,0.1941471248865127,0.0,0.805873692035675,0.0,0.0,0.1941263377666473,0.0,0.8058321475982666,0.0,0.0,0.1941678971052169,0.0,0.805873692035675,0.0,0.0,0.1941263377666473,0.0,0.8059360384941101,0.0,0.0,0.1940639764070511,0.0,0.8058944940567017,0.0,0.0,0.1941055506467819,0.0,0.805873692035675,0.0,0.0,0.1941263377666473,0.0,0.805873692035675,0.0,0.0,0.1941263377666473,0.0,0.8058528900146484,0.0,0.0,0.1941471248865127,0.0,0.8059152960777283,0.0,0.0,0.1940847635269165,0.0,0.8058528900146484,0.0,0.0,0.1941471248865127,0.0,0.805873692035675,0.0,0.0,0.1941263377666473,0.0,0.8058321475982666,0.0,0.0,0.1941678971052169,0.0,0.8058321475982666,0.0,0.0,0.1941678971052169,0.0,0.8059360384941101,0.0,0.0,0.1940639764070511,0.0,0.8058944940567017,0.0,0.0,0.1941055506467819,0.0,0.80581134557724,0.0,0.0,0.1941886842250824,0.0,0.80581134557724,0.0,0.0,0.1941886842250824,0.0,0.805873692035675,0.0,0.0,0.1941263377666473,0.0,0.8059568405151367,0.0,0.0,0.1940432041883468,0.0,0.8057489991188049,0.0,0.0,0.1942510455846786,0.0,0.8058321475982666,0.0,0.0,0.1941678971052169,0.0,0.8057905435562134,0.0,0.0,0.1942094713449478,0.0,0.8059152960777283,0.0,0.0,0.1940847635269165,0.0,0.8058321475982666,0.0,0.0,0.1941678971052169,0.0,0.3958597481250763,0.0012054954422637,0.0017043211264535,0.600212037563324,0.0010184358106926,0.4103464782238006,0.0012886330951005,0.0014133395161479,0.5859954953193665,0.0009560826001688,0.4165194630622864,0.0018913807580247,0.0019745184108614,0.5787001848220825,0.0009145137737505,0.4071456789970398,0.0012886330951005,0.001808243105188,0.588863730430603,0.0008937293896451,0.4238563477993011,0.0033255047164857,0.0032839358318597,0.5688067674636841,0.0007274541421793,0.4106374680995941,0.0014341238420456,0.001829027547501,0.585247278213501,0.0008521605632267,0.3953817188739776,0.0027227569371461,0.0031384450849145,0.5980504155158997,0.0007066697580739,0.4313387274742126,0.0006443165475502,0.0006858853157609,0.5668946504592896,0.000436472473666,0.4323156177997589,0.0010807890212163,0.0011847109999507,0.5650032162666321,0.0004156880895607,0.3986240923404693,0.0020160872954875,0.0026604037266224,0.5955978631973267,0.0011015734635293,0.4306528568267822,0.0015796147054061,0.0019745184108614,0.5650863647460938,0.0007066697580739,0.4185355603694916,0.0009768670424818,0.0015172614948824,0.5780558586120605,0.0009145137737505,0.4099723696708679,0.0013094174209982,0.0014341238420456,0.58641117811203,0.0008729449473321,0.4217155575752258,0.0010807890212163,0.0014756927266716,0.574938178062439,0.000789807352703,0.4142747521400451,0.0009976513683795,0.001829027547501,0.5822542905807495,0.0006443165475502,0.4063350856304168,0.0018705963157117,0.0021200091578066,0.5885311961174011,0.00114314223174,0.4339991509914398,0.0008937293896451,0.0009560826001688,0.5636314749717712,0.0005196101265028,0.4021574258804321,0.001808243105188,0.002535697305575,0.59260493516922,0.0008937293896451,0.4256230294704437,0.0013717706315219,0.0019121652003377,0.5703656077384949,0.0007274541421793,0.4226092994213104,0.0004988256841897,0.0007274541421793,0.5755617022514343,0.0006027477211318,0.3972107470035553,0.0016419679159298,0.0019121652003377,0.5985077023506165,0.0007274541421793,0.4344564080238342,0.0012678486527875,0.0015380459371954,0.5620518326759338,0.0006858853157609,0.4278469681739807,0.0017874587792903,0.0020576559472829,0.5675181746482849,0.000789807352703,0.4146696329116821,0.0020784405060112,0.0027643258217722,0.5795315504074097,0.0009560826001688,0.4047554731369018,0.001829027547501,0.0021200091578066,0.5904849171638489,0.0008105917368084,0.4335834681987762,0.0015172614948824,0.0016627523582428,0.5625299215316772,0.0007066697580739,0.4267453849315643,0.0009976513683795,0.0016419679159298,0.5701785683631897,0.000436472473666,0.4241681098937988,0.001122357789427,0.0009976513683795,0.5730676054954529,0.0006443165475502,0.4053374528884887,0.0012470642104744,0.0017458898946642,0.5909837484359741,0.0006858853157609,0.39702367782592773,0.0010600045789033175,0.001641967915929854,0.5992767214775085,0.000997651368379593
159,0.8030054569244385,0.0,0.0,0.1969945877790451,0.0,0.8032756447792053,0.0,0.0,0.196724385023117,0.0,0.8032548427581787,0.0,0.0,0.1967451721429824,0.0,0.8032964468002319,0.0,0.0,0.1967035979032516,0.0,0.8032341003417969,0.0,0.0,0.1967659592628479,0.0,0.8032964468002319,0.0,0.0,0.1967035979032516,0.0,0.8033171892166138,0.0,0.0,0.1966828107833862,0.0,0.8032756447792053,0.0,0.0,0.196724385023117,0.0,0.8033171892166138,0.0,0.0,0.1966828107833862,0.0,0.8033795952796936,0.0,0.0,0.1966204643249511,0.0,0.8033379912376404,0.0,0.0,0.196662038564682,0.0,0.8033171892166138,0.0,0.0,0.1966828107833862,0.0,0.8033171892166138,0.0,0.0,0.1966828107833862,0.0,0.8032964468002319,0.0,0.0,0.1967035979032516,0.0,0.803358793258667,0.0,0.0,0.1966412514448166,0.0,0.8032964468002319,0.0,0.0,0.1967035979032516,0.0,0.8033171892166138,0.0,0.0,0.1966828107833862,0.0,0.8032756447792053,0.0,0.0,0.196724385023117,0.0,0.8032756447792053,0.0,0.0,0.196724385023117,0.0,0.8033795952796936,0.0,0.0,0.1966204643249511,0.0,0.8033379912376404,0.0,0.0,0.196662038564682,0.0,0.8032548427581787,0.0,0.0,0.1967451721429824,0.0,0.8032548427581787,0.0,0.0,0.1967451721429824,0.0,0.8033171892166138,0.0,0.0,0.1966828107833862,0.0,0.8034003376960754,0.0,0.0,0.1965996772050857,0.0,0.8031924962997437,0.0,0.0,0.1968075186014175,0.0,0.8032756447792053,0.0,0.0,0.196724385023117,0.0,0.8032341003417969,0.0,0.0,0.1967659592628479,0.0,0.803358793258667,0.0,0.0,0.1966412514448166,0.0,0.8032756447792053,0.0,0.0,0.196724385023117,0.0,0.392908364534378,0.0011847109999507,0.001849811989814,0.6030179262161255,0.0010392202530056,0.4076237380504608,0.0011015734635293,0.0016003991477191,0.5887182354927063,0.0009560826001688,0.4135888516902923,0.0018705963157117,0.0019329495262354,0.5816931128501892,0.0009145137737505,0.4041527509689331,0.0013094174209982,0.0019121652003377,0.5917319655418396,0.0008937293896451,0.4207594692707062,0.0027643258217722,0.0037827615160495,0.5719659924507141,0.0007274541421793,0.4078108072280884,0.0012470642104744,0.0019329495262354,0.588157057762146,0.0008521605632267,0.3921601474285126,0.0025980505160987,0.0033047201577574,0.6012304425239563,0.0007066697580739,0.4286575615406036,0.0005403945106081,0.0008313761791214,0.5695342421531677,0.000436472473666,0.4296551942825317,0.0010392202530056,0.0011015734635293,0.5677883625030518,0.0004156880895607,0.3955687880516052,0.0020784405060112,0.0027227569371461,0.5985285043716431,0.0011015734635293,0.427701473236084,0.0013717706315219,0.0020784405060112,0.5681416988372803,0.0007066697580739,0.4156049489974975,0.0010600045789033,0.0014964770525693,0.5809240937232971,0.0009145137737505,0.4071456789970398,0.0013302018633112,0.0013925550738349,0.5892586708068848,0.0008729449473321,0.4185771048069,0.0013717706315219,0.0015172614948824,0.5777440667152405,0.000789807352703,0.4113025665283203,0.0011847109999507,0.0018913807580247,0.5849770307540894,0.0006443165475502,0.4032590091228485,0.0019953027367591,0.0020784405060112,0.5915241241455078,0.00114314223174,0.4312763810157776,0.0009145137737505,0.0009768670424818,0.5663126707077026,0.0005196101265028,0.3993099629878998,0.0015380459371954,0.0024733440950512,0.5957849621772766,0.0008937293896451,0.4227963387966156,0.00114314223174,0.0019329495262354,0.5734001398086548,0.0007274541421793,0.419928103685379,0.0005611788947135,0.0006235321052372,0.578284502029419,0.0006027477211318,0.3941762149333954,0.0016003991477191,0.0019121652003377,0.6015837788581848,0.0007274541421793,0.4315881431102752,0.001163926674053,0.0016835366841405,0.564878523349762,0.0006858853157609,0.4247500896453857,0.0016835366841405,0.0020784405060112,0.5706981420516968,0.000789807352703,0.4116351306438446,0.0019329495262354,0.0029513854533433,0.5825244784355164,0.0009560826001688,0.4019080102443695,0.0016835366841405,0.0021200091578066,0.5934779047966003,0.0008105917368084,0.4306528568267822,0.0015588302630931,0.0014964770525693,0.565585196018219,0.0007066697580739,0.4238771498203277,0.0010184358106926,0.0016627523582428,0.5730052590370178,0.000436472473666,0.4213830232620239,0.0009768670424818,0.0012678486527875,0.5757279992103577,0.0006443165475502,0.4024484157562256,0.0011847109999507,0.0017666743369773,0.5939143300056458,0.0006858853157609,0.3941762149333954,0.0010392202530056238,0.001766674336977303,0.602020263671875,0.000997651368379593
160,0.8027560114860535,0.0,0.0,0.1972439885139465,0.0,0.8030262589454651,0.0,0.0,0.1969738006591797,0.0,0.8030054569244385,0.0,0.0,0.1969945877790451,0.0,0.8030470013618469,0.0,0.0,0.1969530135393142,0.0,0.8029846549034119,0.0,0.0,0.1970153599977493,0.0,0.8030470013618469,0.0,0.0,0.1969530135393142,0.0,0.8030678033828735,0.0,0.0,0.1969322264194488,0.0,0.8030262589454651,0.0,0.0,0.1969738006591797,0.0,0.8030678033828735,0.0,0.0,0.1969322264194488,0.0,0.8031301498413086,0.0,0.0,0.1968698799610138,0.0,0.8030886054039001,0.0,0.0,0.1969114392995834,0.0,0.8030678033828735,0.0,0.0,0.1969322264194488,0.0,0.8030678033828735,0.0,0.0,0.1969322264194488,0.0,0.8030470013618469,0.0,0.0,0.1969530135393142,0.0,0.803109347820282,0.0,0.0,0.1968906670808792,0.0,0.8030470013618469,0.0,0.0,0.1969530135393142,0.0,0.8030678033828735,0.0,0.0,0.1969322264194488,0.0,0.8030262589454651,0.0,0.0,0.1969738006591797,0.0,0.8030262589454651,0.0,0.0,0.1969738006591797,0.0,0.8031301498413086,0.0,0.0,0.1968698799610138,0.0,0.8030886054039001,0.0,0.0,0.1969114392995834,0.0,0.8030054569244385,0.0,0.0,0.1969945877790451,0.0,0.8030054569244385,0.0,0.0,0.1969945877790451,0.0,0.8030678033828735,0.0,0.0,0.1969322264194488,0.0,0.8031509518623352,0.0,0.0,0.1968490928411483,0.0,0.8029431104660034,0.0,0.0,0.1970569342374801,0.0,0.8030262589454651,0.0,0.0,0.1969738006591797,0.0,0.8029846549034119,0.0,0.0,0.1970153599977493,0.0,0.803109347820282,0.0,0.0,0.1968906670808792,0.0,0.8030262589454651,0.0,0.0,0.1969738006591797,0.0,0.3922848403453827,0.0013509863056242,0.0017251055687665,0.6035999059677124,0.0010392202530056,0.4068131446838379,0.0013094174209982,0.0016003991477191,0.5893210172653198,0.0009560826001688,0.412799060344696,0.0019121652003377,0.0020784405060112,0.5822958946228027,0.0009145137737505,0.4035915732383728,0.0013925550738349,0.0016835366841405,0.5924386382102966,0.0008937293896451,0.4199488759040832,0.0026396194007247,0.0037827615160495,0.5729013085365295,0.0007274541421793,0.4072911739349365,0.0012262798845767,0.0018705963157117,0.5887598395347595,0.0008521605632267,0.3913495540618896,0.002577266190201,0.0031384450849145,0.6022281050682068,0.0007066697580739,0.4282834231853485,0.000436472473666,0.0009145137737505,0.5699291229248047,0.000436472473666,0.4291563630104065,0.0009352981578558,0.0013094174209982,0.5681832432746887,0.0004156880895607,0.394903689622879,0.0019121652003377,0.0027435412630438,0.5993390679359436,0.0011015734635293,0.4269324541091919,0.0016419679159298,0.0020368716213852,0.568682074546814,0.0007066697580739,0.4150229692459106,0.0011015734635293,0.0015380459371954,0.5814229249954224,0.0009145137737505,0.406542956829071,0.0014756927266716,0.0013094174209982,0.5897990465164185,0.0008729449473321,0.4180575013160705,0.0013094174209982,0.0015588302630931,0.578284502029419,0.000789807352703,0.4105543196201324,0.0012470642104744,0.0020576559472829,0.5854966640472412,0.0006443165475502,0.4025731086730957,0.0020576559472829,0.0020992248319089,0.5921269059181213,0.00114314223174,0.4307567775249481,0.0008313761791214,0.0011015734635293,0.5667906999588013,0.0005196101265028,0.3986656665802002,0.0013717706315219,0.002577266190201,0.5964916348457336,0.0008937293896451,0.4221935868263244,0.0012054954422637,0.001849811989814,0.5740236639976501,0.0007274541421793,0.4194916188716888,0.0006235321052372,0.0007066697580739,0.5785754323005676,0.0006027477211318,0.3935942649841308,0.0016003991477191,0.0019953027367591,0.6020826101303101,0.0007274541421793,0.4309853911399841,0.0011847109999507,0.0016211834736168,0.5655228495597839,0.0006858853157609,0.4240018427371979,0.0018913807580247,0.0021200091578066,0.571196973323822,0.000789807352703,0.4109492301940918,0.0017666743369773,0.0027227569371461,0.5836052894592285,0.0009560826001688,0.40138840675354,0.0014341238420456,0.0023486376740038,0.594018280506134,0.0008105917368084,0.4302371740341186,0.0015380459371954,0.0015380459371954,0.5659801363945007,0.0007066697580739,0.4231289029121399,0.0013094174209982,0.0015172614948824,0.5736079812049866,0.000436472473666,0.4207386970520019,0.001163926674053,0.0012886330951005,0.5761644840240479,0.0006443165475502,0.4019911587238312,0.001122357789427,0.0016211834736168,0.5945794582366943,0.0006858853157609,0.3936358392238617,0.001080789021216333,0.001641967915929854,0.6026437878608704,0.000997651368379593
161,0.8026729226112366,0.0,0.0,0.1973271369934082,0.0,0.8029431104660034,0.0,0.0,0.1970569342374801,0.0,0.8029223084449768,0.0,0.0,0.1970777213573455,0.0,0.80296391248703,0.0,0.0,0.1970361471176147,0.0,0.8029015064239502,0.0,0.0,0.197098508477211,0.0,0.80296391248703,0.0,0.0,0.1970361471176147,0.0,0.8029846549034119,0.0,0.0,0.1970153599977493,0.0,0.8029431104660034,0.0,0.0,0.1970569342374801,0.0,0.8029846549034119,0.0,0.0,0.1970153599977493,0.0,0.8030470013618469,0.0,0.0,0.1969530135393142,0.0,0.8030054569244385,0.0,0.0,0.1969945877790451,0.0,0.8029846549034119,0.0,0.0,0.1970153599977493,0.0,0.8029846549034119,0.0,0.0,0.1970153599977493,0.0,0.80296391248703,0.0,0.0,0.1970361471176147,0.0,0.8030262589454651,0.0,0.0,0.1969738006591797,0.0,0.80296391248703,0.0,0.0,0.1970361471176147,0.0,0.8029846549034119,0.0,0.0,0.1970153599977493,0.0,0.8029431104660034,0.0,0.0,0.1970569342374801,0.0,0.8029431104660034,0.0,0.0,0.1970569342374801,0.0,0.8030470013618469,0.0,0.0,0.1969530135393142,0.0,0.8030054569244385,0.0,0.0,0.1969945877790451,0.0,0.8029223084449768,0.0,0.0,0.1970777213573455,0.0,0.8029223084449768,0.0,0.0,0.1970777213573455,0.0,0.8029846549034119,0.0,0.0,0.1970153599977493,0.0,0.8030678033828735,0.0,0.0,0.1969322264194488,0.0,0.8028599619865417,0.0,0.0,0.1971400678157806,0.0,0.8029431104660034,0.0,0.0,0.1970569342374801,0.0,0.8029015064239502,0.0,0.0,0.197098508477211,0.0,0.8030262589454651,0.0,0.0,0.1969738006591797,0.0,0.8029431104660034,0.0,0.0,0.1970569342374801,0.0,0.3919107317924499,0.0013925550738349,0.0017251055687665,0.6039324402809143,0.0010392202530056,0.4063974618911743,0.0013925550738349,0.0014341238420456,0.5898198485374451,0.0009560826001688,0.4124872982501983,0.0016835366841405,0.0020992248319089,0.5828154683113098,0.0009145137737505,0.4033005833625793,0.0013509863056242,0.0017043211264535,0.5927504301071167,0.0008937293896451,0.4192630052566528,0.0024109908845275,0.0042400183156132,0.5733585953712463,0.0007274541421793,0.4069794118404388,0.001163926674053,0.0019121652003377,0.5890923738479614,0.0008521605632267,0.3907468020915985,0.0024941284209489,0.0032423669472336,0.6028100848197937,0.0007066697580739,0.4280963838100433,0.0004156880895607,0.0009352981578558,0.5701162219047546,0.000436472473666,0.4287822544574737,0.0008521605632267,0.0014133395161479,0.5685365796089172,0.0004156880895607,0.3944464325904846,0.0017458898946642,0.002577266190201,0.6001288890838623,0.0011015734635293,0.4264751970767975,0.0016835366841405,0.0020160872954875,0.5691185593605042,0.0007066697580739,0.4147320091724396,0.0012470642104744,0.0012054954422637,0.581900954246521,0.0009145137737505,0.406231164932251,0.00114314223174,0.0015588302630931,0.5901939272880554,0.0008729449473321,0.4176210463047027,0.0013094174209982,0.001829027547501,0.5784507393836975,0.000789807352703,0.4102217853069305,0.0013094174209982,0.0019121652003377,0.5859123468399048,0.0006443165475502,0.4023029208183288,0.0017874587792903,0.0020160872954875,0.5927504301071167,0.00114314223174,0.4305073618888855,0.0008729449473321,0.0009352981578558,0.5671648383140564,0.0005196101265028,0.3982084095478058,0.0014756927266716,0.0023902065586298,0.5970320105552673,0.0008937293896451,0.42173632979393,0.0012054954422637,0.0019745184108614,0.574356198310852,0.0007274541421793,0.4193253517150879,0.0004780413000844,0.000789807352703,0.578804075717926,0.0006027477211318,0.3933032751083374,0.0014341238420456,0.0019953027367591,0.6025398969650269,0.0007274541421793,0.4307360053062439,0.0010600045789033,0.0016835366841405,0.565834641456604,0.0006858853157609,0.4233990907669067,0.0019745184108614,0.0020992248319089,0.5717374086380005,0.000789807352703,0.410512775182724,0.0015796147054061,0.0028266790322959,0.5841249227523804,0.0009560826001688,0.4009519517421722,0.0014133395161479,0.002244715578854,0.5945794582366943,0.0008105917368084,0.4297799170017242,0.0011847109999507,0.0019745184108614,0.5663542151451111,0.0007066697580739,0.4229418337345123,0.001122357789427,0.0014133395161479,0.5740860104560852,0.000436472473666,0.4204685091972351,0.0010807890212163,0.0012886330951005,0.5765178203582764,0.0006443165475502,0.4016793966293335,0.0010184358106926,0.0016211834736168,0.5949951410293579,0.0006858853157609,0.3930538594722748,0.0013094174209982157,0.0016627523582428694,0.6029763221740723,0.000997651368379593
162,0.8015713095664978,0.0,0.0,0.1984287053346634,0.0,0.8018414974212646,0.0,0.0,0.1981585025787353,0.0,0.8018207550048828,0.0,0.0,0.1981792896986007,0.0,0.8018622994422913,0.0,0.0,0.1981377303600311,0.0,0.8017999529838562,0.0,0.0,0.1982000768184662,0.0,0.8018622994422913,0.0,0.0,0.1981377303600311,0.0,0.8018831014633179,0.0,0.0,0.1981169432401657,0.0,0.8018414974212646,0.0,0.0,0.1981585025787353,0.0,0.8018831014633179,0.0,0.0,0.1981169432401657,0.0,0.8019454479217529,0.0,0.0,0.1980545818805694,0.0,0.8019039034843445,0.0,0.0,0.1980961561203003,0.0,0.8018831014633179,0.0,0.0,0.1981169432401657,0.0,0.8018831014633179,0.0,0.0,0.1981169432401657,0.0,0.8018622994422913,0.0,0.0,0.1981377303600311,0.0,0.8019246459007263,0.0,0.0,0.1980753690004348,0.0,0.8018622994422913,0.0,0.0,0.1981377303600311,0.0,0.8018831014633179,0.0,0.0,0.1981169432401657,0.0,0.8018414974212646,0.0,0.0,0.1981585025787353,0.0,0.8018414974212646,0.0,0.0,0.1981585025787353,0.0,0.8019454479217529,0.0,0.0,0.1980545818805694,0.0,0.8019039034843445,0.0,0.0,0.1980961561203003,0.0,0.8018207550048828,0.0,0.0,0.1981792896986007,0.0,0.8018207550048828,0.0,0.0,0.1981792896986007,0.0,0.8018831014633179,0.0,0.0,0.1981169432401657,0.0,0.8019662499427795,0.0,0.0,0.1980338096618652,0.0,0.8017584085464478,0.0,0.0,0.198241651058197,0.0,0.8018414974212646,0.0,0.0,0.1981585025787353,0.0,0.8017999529838562,0.0,0.0,0.1982000768184662,0.0,0.8019246459007263,0.0,0.0,0.1980753690004348,0.0,0.8018414974212646,0.0,0.0,0.1981585025787353,0.0,0.3907052278518677,0.001163926674053,0.0017043211264535,0.6053665280342102,0.0010600045789033,0.4052127301692962,0.00114314223174,0.0016003991477191,0.5910876393318176,0.0009560826001688,0.4109908044338226,0.0015380459371954,0.0023070687893778,0.5842496156692505,0.0009145137737505,0.402032732963562,0.001122357789427,0.001808243105188,0.5941429734230042,0.0008937293896451,0.4176002442836761,0.0022655001375824,0.004427078180015,0.5749797821044922,0.0007274541421793,0.4056284427642822,0.0010184358106926,0.0020368716213852,0.5904641151428223,0.0008521605632267,0.3892295360565185,0.0021615780424326,0.0035749175585806,0.6043273210525513,0.0007066697580739,0.4268700778484344,0.0004780413000844,0.0007690229685977,0.571446418762207,0.000436472473666,0.4275559782981872,0.0007690229685977,0.0013925550738349,0.5698667764663696,0.0004156880895607,0.3930122852325439,0.0016211834736168,0.0026604037266224,0.6016045808792114,0.0011015734635293,0.4251865446567535,0.0014756927266716,0.0021407937165349,0.570490300655365,0.0007066697580739,0.4134641587734222,0.0010807890212163,0.0012262798845767,0.5833142995834351,0.0009145137737505,0.4047347009181976,0.0012470642104744,0.0015380459371954,0.5916072726249695,0.0008729449473321,0.4162077009677887,0.0015172614948824,0.0014133395161479,0.5800719261169434,0.000789807352703,0.4089123606681824,0.0013717706315219,0.001849811989814,0.5872217416763306,0.0006443165475502,0.4007233083248138,0.0016211834736168,0.0023278533481061,0.5941845178604126,0.00114314223174,0.4291563630104065,0.0008521605632267,0.001122357789427,0.5683495402336121,0.0005196101265028,0.3969613313674927,0.0012054954422637,0.0024733440950512,0.598466157913208,0.0008937293896451,0.4203645586967468,0.0012678486527875,0.0017458898946642,0.575894296169281,0.0007274541421793,0.4180990755558014,0.0005196101265028,0.0007482385262846,0.5800303816795349,0.0006027477211318,0.3919315040111542,0.0012886330951005,0.0019537340849637,0.6040986776351929,0.0007274541421793,0.429343432188034,0.001122357789427,0.0017043211264535,0.5671440362930298,0.0006858853157609,0.4220273196697235,0.001829027547501,0.0020576559472829,0.5732961893081665,0.000789807352703,0.408933162689209,0.0017458898946642,0.0026811880525201,0.5856837034225464,0.0009560826001688,0.3995593786239624,0.0012054954422637,0.0024941284209489,0.5959304571151733,0.0008105917368084,0.4283042252063751,0.0012886330951005,0.0020368716213852,0.5676636695861816,0.0007066697580739,0.4215492904186249,0.0012054954422637,0.0012470642104744,0.5755617022514343,0.000436472473666,0.419221431016922,0.0009560826001688,0.0013717706315219,0.5778064131736755,0.0006443165475502,0.4004738926887512,0.0008729449473321,0.0016211834736168,0.5963461399078369,0.0006858853157609,0.3917652368545532,0.0012678486527875066,0.0014756927266716957,0.6044936180114746,0.000997651368379593
163,0.7994720935821533,0.0,0.0,0.200527936220169,0.0,0.7997422814369202,0.0,0.0,0.200257733464241,0.0,0.7997215390205383,0.0,0.0,0.2002785205841064,0.0,0.7997630834579468,0.0,0.0,0.2002369463443756,0.0,0.7997007369995117,0.0,0.0,0.2002993077039718,0.0,0.7997630834579468,0.0,0.0,0.2002369463443756,0.0,0.7997838854789734,0.0,0.0,0.2002161592245102,0.0,0.7997422814369202,0.0,0.0,0.200257733464241,0.0,0.7997838854789734,0.0,0.0,0.2002161592245102,0.0,0.7998462319374084,0.0,0.0,0.2001538127660751,0.0,0.7998046278953552,0.0,0.0,0.2001953870058059,0.0,0.7997838854789734,0.0,0.0,0.2002161592245102,0.0,0.7997838854789734,0.0,0.0,0.2002161592245102,0.0,0.7997630834579468,0.0,0.0,0.2002369463443756,0.0,0.7998254299163818,0.0,0.0,0.2001745998859405,0.0,0.7997630834579468,0.0,0.0,0.2002369463443756,0.0,0.7997838854789734,0.0,0.0,0.2002161592245102,0.0,0.7997422814369202,0.0,0.0,0.200257733464241,0.0,0.7997422814369202,0.0,0.0,0.200257733464241,0.0,0.7998462319374084,0.0,0.0,0.2001538127660751,0.0,0.7998046278953552,0.0,0.0,0.2001953870058059,0.0,0.7997215390205383,0.0,0.0,0.2002785205841064,0.0,0.7997215390205383,0.0,0.0,0.2002785205841064,0.0,0.7997838854789734,0.0,0.0,0.2002161592245102,0.0,0.7998670339584351,0.0,0.0,0.2001330256462097,0.0,0.7996591925621033,0.0,0.0,0.2003408670425415,0.0,0.7997422814369202,0.0,0.0,0.200257733464241,0.0,0.7997007369995117,0.0,0.0,0.2002993077039718,0.0,0.7998254299163818,0.0,0.0,0.2001745998859405,0.0,0.7997422814369202,0.0,0.0,0.200257733464241,0.0,0.3884812891483307,0.0008937293896451,0.0016003991477191,0.6079645752906799,0.0010600045789033,0.4029264450073242,0.001163926674053,0.0014549082843586,0.5934986472129822,0.0009560826001688,0.4084966778755188,0.0015588302630931,0.0022655001375824,0.5867645144462585,0.0009145137737505,0.3996841013431549,0.0009352981578558,0.0017251055687665,0.5967618227005005,0.0008937293896451,0.4148359298706054,0.0023902065586298,0.0038658990524709,0.5781805515289307,0.0007274541421793,0.4032590091228485,0.0010184358106926,0.0017043211264535,0.5931661128997803,0.0008521605632267,0.3866314888000488,0.0019953027367591,0.0033878579270094,0.6072787046432495,0.0007066697580739,0.4246669411659241,0.0004572568868752,0.0007690229685977,0.5736703276634216,0.000436472473666,0.4252281188964844,0.0008937293896451,0.0011847109999507,0.5722777843475342,0.0004156880895607,0.39039346575737,0.0016419679159298,0.0025149129796773,0.6043481230735779,0.0011015734635293,0.422858715057373,0.0013094174209982,0.0019745184108614,0.5731507539749146,0.0007066697580739,0.4111155271530151,0.0009560826001688,0.0013509863056242,0.5856629610061646,0.0009145137737505,0.4023237228393554,0.0012886330951005,0.0015796147054061,0.5939351320266724,0.0008729449473321,0.4137343466281891,0.0013094174209982,0.0016627523582428,0.5825037360191345,0.000789807352703,0.4066053032875061,0.001163926674053,0.0014133395161479,0.5901731252670288,0.0006443165475502,0.398291528224945,0.0014341238420456,0.0023902065586298,0.5967410206794739,0.00114314223174,0.4269116520881653,0.0008313761791214,0.0010600045789033,0.5706773996353149,0.0005196101265028,0.3945087790489197,0.0012678486527875,0.0020992248319089,0.6012304425239563,0.0008937293896451,0.4180783033370971,0.0011847109999507,0.0016419679159298,0.5783675909042358,0.0007274541421793,0.4158335626125335,0.0005611788947135,0.0006235321052372,0.5823789834976196,0.0006027477211318,0.3894997239112854,0.00114314223174,0.0021200091578066,0.6065096855163574,0.0007274541421793,0.427057147026062,0.0009976513683795,0.0015796147054061,0.5696797370910645,0.0006858853157609,0.4194292724132538,0.0017874587792903,0.0023278533481061,0.5756656527519226,0.000789807352703,0.4065221548080444,0.0015796147054061,0.0025564816314727,0.5883857011795044,0.0009560826001688,0.3969613313674927,0.0014133395161479,0.0021200091578066,0.5986947417259216,0.0008105917368084,0.4256438016891479,0.0014756927266716,0.0018913807580247,0.5702824592590332,0.0007066697580739,0.419283777475357,0.0010600045789033,0.0013094174209982,0.5779103636741638,0.000436472473666,0.4169143736362457,0.0009352981578558,0.0013509863056242,0.580155074596405,0.0006443165475502,0.3982084095478058,0.0007066697580739,0.0015796147054061,0.5988194942474365,0.0006858853157609,0.38956210017204285,0.001080789021216333,0.0013509863056242466,0.6070085167884827,0.000997651368379593
164,0.7963544726371765,0.0,0.0,0.2036455869674682,0.0,0.7966246604919434,0.0,0.0,0.2033753991127014,0.0,0.7966038584709167,0.0,0.0,0.2033961713314056,0.0,0.7966454029083252,0.0,0.0,0.203354611992836,0.0,0.7965830564498901,0.0,0.0,0.203416958451271,0.0,0.7966454029083252,0.0,0.0,0.203354611992836,0.0,0.7966662049293518,0.0,0.0,0.2033338248729705,0.0,0.7966246604919434,0.0,0.0,0.2033753991127014,0.0,0.7966662049293518,0.0,0.0,0.2033338248729705,0.0,0.7967285513877869,0.0,0.0,0.2032714784145355,0.0,0.7966870069503784,0.0,0.0,0.2033130377531051,0.0,0.7966662049293518,0.0,0.0,0.2033338248729705,0.0,0.7966662049293518,0.0,0.0,0.2033338248729705,0.0,0.7966454029083252,0.0,0.0,0.203354611992836,0.0,0.7967077493667603,0.0,0.0,0.2032922506332397,0.0,0.7966454029083252,0.0,0.0,0.203354611992836,0.0,0.7966662049293518,0.0,0.0,0.2033338248729705,0.0,0.7966246604919434,0.0,0.0,0.2033753991127014,0.0,0.7966246604919434,0.0,0.0,0.2033753991127014,0.0,0.7967285513877869,0.0,0.0,0.2032714784145355,0.0,0.7966870069503784,0.0,0.0,0.2033130377531051,0.0,0.7966038584709167,0.0,0.0,0.2033961713314056,0.0,0.7966038584709167,0.0,0.0,0.2033961713314056,0.0,0.7966662049293518,0.0,0.0,0.2033338248729705,0.0,0.7967493534088135,0.0,0.0,0.2032506912946701,0.0,0.7965415120124817,0.0,0.0,0.2034585326910019,0.0,0.7966246604919434,0.0,0.0,0.2033753991127014,0.0,0.7965830564498901,0.0,0.0,0.203416958451271,0.0,0.7967077493667603,0.0,0.0,0.2032922506332397,0.0,0.7966246604919434,0.0,0.0,0.2033753991127014,0.0,0.3852804899215698,0.0006027477211318,0.0015588302630931,0.6114979386329651,0.0010600045789033,0.3996632993221283,0.0007482385262846,0.0016627523582428,0.5969696640968323,0.0009560826001688,0.405129611492157,0.0012678486527875,0.0024109908845275,0.5902770757675171,0.0009145137737505,0.3962546586990356,0.0009352981578558,0.0016211834736168,0.6002951860427856,0.0008937293896451,0.4111986458301544,0.0023486376740038,0.0033255047164857,0.5823997855186462,0.0007274541421793,0.3998711407184601,0.0010184358106926,0.0015172614948824,0.5967410206794739,0.0008521605632267,0.3831189274787903,0.001829027547501,0.0031592294108122,0.6111862063407898,0.0007066697580739,0.4214869439601898,0.0003949036763515,0.0006651009316556,0.5770166516304016,0.000436472473666,0.4219857454299927,0.0007690229685977,0.0012886330951005,0.5755409598350525,0.0004156880895607,0.3869640231132507,0.0015380459371954,0.0024941284209489,0.6079022288322449,0.0011015734635293,0.4193669259548187,0.001163926674053,0.0018913807580247,0.5768711566925049,0.0007066697580739,0.4078523516654968,0.0007690229685977,0.0013925550738349,0.5890715718269348,0.0009145137737505,0.3989774286746979,0.001163926674053,0.0016835366841405,0.5973021984100342,0.0008729449473321,0.4104088544845581,0.0012470642104744,0.0016419679159298,0.5859123468399048,0.000789807352703,0.4033213555812835,0.0008313761791214,0.0016835366841405,0.5935194492340088,0.0006443165475502,0.3949660360813141,0.0012054954422637,0.0024317752104252,0.6002535820007324,0.00114314223174,0.4236692786216736,0.0006858853157609,0.0011847109999507,0.5739197731018066,0.0005403945106081,0.3910585641860962,0.0012054954422637,0.0019329495262354,0.6049093008041382,0.0008937293896451,0.414773553609848,0.0010184358106926,0.0014964770525693,0.5819841027259827,0.0007274541421793,0.4126327633857727,0.0004572568868752,0.0007482385262846,0.5855590105056763,0.0006027477211318,0.3861950039863586,0.0009976513683795,0.0019329495262354,0.6101469397544861,0.0007274541421793,0.4235653579235077,0.0010184358106926,0.0015172614948824,0.5732131004333496,0.0006858853157609,0.4160622060298919,0.0015380459371954,0.0021823623683303,0.5794275999069214,0.000789807352703,0.4029888212680816,0.0015588302630931,0.0023694219999015,0.5921269059181213,0.0009560826001688,0.3935942649841308,0.0013925550738349,0.0019537340849637,0.6022489070892334,0.0008105917368084,0.4221728146076202,0.0016627523582428,0.0017251055687665,0.5737326741218567,0.0007066697580739,0.4159374833106994,0.000789807352703,0.0015172614948824,0.5813189744949341,0.000436472473666,0.4135888516902923,0.0007482385262846,0.0013717706315219,0.583646833896637,0.0006443165475502,0.3948413133621216,0.0007482385262846,0.0013925550738349,0.6023320555686951,0.0006858853157609,0.3861534297466278,0.001080789021216333,0.0013302018633112311,0.6104379296302795,0.000997651368379593
165,0.7939642667770386,0.0,0.0,0.2060357928276062,0.0,0.7942344546318054,0.0,0.0,0.2057656049728393,0.0,0.7942136526107788,0.0,0.0,0.2057863920927047,0.0,0.7942551970481873,0.0,0.0,0.2057448178529739,0.0,0.7941928505897522,0.0,0.0,0.205807164311409,0.0,0.7942551970481873,0.0,0.0,0.2057448178529739,0.0,0.7942759990692139,0.0,0.0,0.2057240307331085,0.0,0.7942344546318054,0.0,0.0,0.2057656049728393,0.0,0.7942759990692139,0.0,0.0,0.2057240307331085,0.0,0.7943383455276489,0.0,0.0,0.2056616842746734,0.0,0.7942968010902405,0.0,0.0,0.2057032436132431,0.0,0.7942759990692139,0.0,0.0,0.2057240307331085,0.0,0.7942759990692139,0.0,0.0,0.2057240307331085,0.0,0.7942551970481873,0.0,0.0,0.2057448178529739,0.0,0.7943175435066223,0.0,0.0,0.2056824564933776,0.0,0.7942551970481873,0.0,0.0,0.2057448178529739,0.0,0.7942759990692139,0.0,0.0,0.2057240307331085,0.0,0.7942344546318054,0.0,0.0,0.2057656049728393,0.0,0.7942344546318054,0.0,0.0,0.2057656049728393,0.0,0.7943383455276489,0.0,0.0,0.2056616842746734,0.0,0.7942968010902405,0.0,0.0,0.2057032436132431,0.0,0.7942136526107788,0.0,0.0,0.2057863920927047,0.0,0.7942136526107788,0.0,0.0,0.2057863920927047,0.0,0.7942759990692139,0.0,0.0,0.2057240307331085,0.0,0.7943591475486755,0.0,0.0,0.205640897154808,0.0,0.7941513061523438,0.0,0.0,0.2058487385511398,0.0,0.7942344546318054,0.0,0.0,0.2057656049728393,0.0,0.7941928505897522,0.0,0.0,0.205807164311409,0.0,0.7943175435066223,0.0,0.0,0.2056824564933776,0.0,0.7942344546318054,0.0,0.0,0.2057656049728393,0.0,0.382786363363266,0.0004156880895607,0.0016419679159298,0.6140959858894348,0.0010600045789033,0.3969613313674927,0.0007274541421793,0.0016419679159298,0.5997132062911987,0.0009560826001688,0.4024276435375213,0.0013509863056242,0.0021407937165349,0.5931661128997803,0.0009145137737505,0.3934903442859649,0.0011015734635293,0.0016003991477191,0.6029139757156372,0.0008937293896451,0.4082472622394562,0.0023070687893778,0.0032423669472336,0.5854758620262146,0.0007274541421793,0.3973770141601562,0.0008937293896451,0.0014549082843586,0.5994222164154053,0.0008521605632267,0.3803130388259887,0.0017251055687665,0.0030968762002885,0.6141583323478699,0.0007066697580739,0.418992817401886,0.0003949036763515,0.0005403945106081,0.5796354413032532,0.000436472473666,0.4192422032356262,0.0008313761791214,0.0012262798845767,0.578284502029419,0.0004156880895607,0.3842620551586151,0.0014756927266716,0.0022862844634801,0.6108744144439697,0.0011015734635293,0.4167065322399139,0.0010600045789033,0.0020160872954875,0.5795107483863831,0.0007066697580739,0.4052958786487579,0.0007274541421793,0.0013094174209982,0.5917527675628662,0.0009145137737505,0.396483302116394,0.0010392202530056,0.0017043211264535,0.5999002456665039,0.0008729449473321,0.4077276587486267,0.0011847109999507,0.0016627523582428,0.5886350870132446,0.000789807352703,0.4007648825645447,0.0007482385262846,0.0014964770525693,0.5963461399078369,0.0006443165475502,0.3921809196472168,0.0014133395161479,0.002244715578854,0.6029971241950989,0.001163926674053,0.4211751520633697,0.0006235321052372,0.0009976513683795,0.5766633152961731,0.0005403945106081,0.3884189426898956,0.0010807890212163,0.0017458898946642,0.6078606843948364,0.0008937293896451,0.4122378826141357,0.000789807352703,0.0015796147054061,0.5846652984619141,0.0007274541421793,0.4101802110671997,0.000436472473666,0.0007066697580739,0.5880739092826843,0.0006027477211318,0.3835761845111847,0.0010184358106926,0.001808243105188,0.6128697395324707,0.0007274541421793,0.4210088849067688,0.0010184358106926,0.0013509863056242,0.5759358406066895,0.0006858853157609,0.4133810102939605,0.0013094174209982,0.0024109908845275,0.5821087956428528,0.000789807352703,0.4004738926887512,0.0013302018633112,0.0021200091578066,0.595119833946228,0.0009560826001688,0.3908714950084686,0.0013717706315219,0.0017874587792903,0.6051379442214966,0.0008313761791214,0.4195331931114197,0.0015380459371954,0.0019121652003377,0.5763099789619446,0.0007066697580739,0.4132147431373596,0.0010184358106926,0.0014133395161479,0.5839170217514038,0.000436472473666,0.4109908044338226,0.0007690229685977,0.0013509863056242,0.5862448811531067,0.0006443165475502,0.3923056423664093,0.0006651009316556,0.0013509863056242,0.6049924492835999,0.0006858853157609,0.3836177587509155,0.0007274541421793401,0.0015796147054061294,0.6130775809288025,0.000997651368379593
166,0.7909297347068787,0.0,0.0,0.2090703248977661,0.0,0.7911999225616455,0.0,0.0,0.208800122141838,0.0,0.7911791205406189,0.0,0.0,0.2088209092617035,0.0,0.7912207245826721,0.0,0.0,0.2087793350219726,0.0,0.7911583185195923,0.0,0.0,0.2088416963815689,0.0,0.7912207245826721,0.0,0.0,0.2087793350219726,0.0,0.791241466999054,0.0,0.0,0.2087585479021072,0.0,0.7911999225616455,0.0,0.0,0.208800122141838,0.0,0.791241466999054,0.0,0.0,0.2087585479021072,0.0,0.791303813457489,0.0,0.0,0.2086962014436721,0.0,0.7912622690200806,0.0,0.0,0.208737775683403,0.0,0.791241466999054,0.0,0.0,0.2087585479021072,0.0,0.791241466999054,0.0,0.0,0.2087585479021072,0.0,0.7912207245826721,0.0,0.0,0.2087793350219726,0.0,0.7912830710411072,0.0,0.0,0.2087169885635376,0.0,0.7912207245826721,0.0,0.0,0.2087793350219726,0.0,0.791241466999054,0.0,0.0,0.2087585479021072,0.0,0.7911999225616455,0.0,0.0,0.208800122141838,0.0,0.7911999225616455,0.0,0.0,0.208800122141838,0.0,0.791303813457489,0.0,0.0,0.2086962014436721,0.0,0.7912622690200806,0.0,0.0,0.208737775683403,0.0,0.7911791205406189,0.0,0.0,0.2088209092617035,0.0,0.7911791205406189,0.0,0.0,0.2088209092617035,0.0,0.791241466999054,0.0,0.0,0.2087585479021072,0.0,0.7913246154785156,0.0,0.0,0.2086754143238067,0.0,0.7911167740821838,0.0,0.0,0.2088832557201385,0.0,0.7911999225616455,0.0,0.0,0.208800122141838,0.0,0.7911583185195923,0.0,0.0,0.2088416963815689,0.0,0.7912830710411072,0.0,0.0,0.2087169885635376,0.0,0.7911999225616455,0.0,0.0,0.208800122141838,0.0,0.3795855641365051,0.0004780413000844,0.0014964770525693,0.6173591613769531,0.0010807890212163,0.3937397599220276,0.0008313761791214,0.0014756927266716,0.6029971241950989,0.0009560826001688,0.3989774286746979,0.0013717706315219,0.0020784405060112,0.5966371297836304,0.0009352981578558,0.3902063965797424,0.0011847109999507,0.0015172614948824,0.6061979532241821,0.0008937293896451,0.4046100080013275,0.0023486376740038,0.002972169779241,0.5893417596817017,0.0007274541421793,0.3941762149333954,0.0008105917368084,0.0014133395161479,0.6027477383613586,0.0008521605632267,0.3768835961818695,0.0017043211264535,0.0029098165687173,0.6177956461906433,0.0007066697580739,0.4158751368522644,0.0003533348790369,0.0005403945106081,0.5827946662902832,0.000436472473666,0.4159998595714569,0.0009145137737505,0.0009768670424818,0.5816723108291626,0.000436472473666,0.3808326423168182,0.0015380459371954,0.0020784405060112,0.6144493222236633,0.0011015734635293,0.4133394360542297,0.0012054954422637,0.0018705963157117,0.5828778147697449,0.0007066697580739,0.402095079421997,0.0007274541421793,0.0014133395161479,0.5948496460914612,0.0009145137737505,0.3932825028896332,0.0008105917368084,0.0015380459371954,0.6034959554672241,0.0008729449473321,0.4045684337615967,0.0009976513683795,0.0016211834736168,0.5920229554176331,0.000789807352703,0.3974601626396179,0.0008105917368084,0.0015172614948824,0.599567711353302,0.0006443165475502,0.3888969719409942,0.0011847109999507,0.0022655001375824,0.6064888834953308,0.001163926674053,0.4180159270763397,0.0004988256841897,0.001122357789427,0.5798225402832031,0.0005403945106081,0.3849063813686371,0.0014133395161479,0.0016211834736168,0.6111446022987366,0.0009145137737505,0.4090162813663482,0.0007066697580739,0.0014756927266716,0.5880739092826843,0.0007274541421793,0.4070209860801697,0.000436472473666,0.0006027477211318,0.5913370847702026,0.0006027477211318,0.3802298903465271,0.0010600045789033,0.0017043211264535,0.616278350353241,0.0007274541421793,0.4177249670028686,0.0009768670424818,0.0013509863056242,0.5792613625526428,0.0006858853157609,0.4101178646087646,0.0012678486527875,0.002244715578854,0.5855798125267029,0.000789807352703,0.3971275985240936,0.001163926674053,0.0020576559472829,0.5986947417259216,0.0009560826001688,0.3876914978027344,0.0012262798845767,0.0017043211264535,0.6085465550422668,0.0008313761791214,0.4161868989467621,0.0014756927266716,0.0015588302630931,0.5800719261169434,0.0007066697580739,0.4101178646087646,0.000789807352703,0.0014133395161479,0.5872425436973572,0.000436472473666,0.4078523516654968,0.0007274541421793,0.0012262798845767,0.5895496010780334,0.0006443165475502,0.3889801204204559,0.0008521605632267,0.001122357789427,0.6083595156669617,0.0006858853157609,0.3804585039615631,0.0006651009316556156,0.0014964770525693893,0.6163823008537292,0.000997651368379593
167,0.7902438044548035,0.0,0.0,0.2097562104463577,0.0,0.7905140519142151,0.0,0.0,0.2094860076904297,0.0,0.7904932498931885,0.0,0.0,0.2095067948102951,0.0,0.7905347943305969,0.0,0.0,0.2094652205705642,0.0,0.7904724478721619,0.0,0.0,0.2095275819301605,0.0,0.7905347943305969,0.0,0.0,0.2094652205705642,0.0,0.7905555963516235,0.0,0.0,0.2094444334506988,0.0,0.7905140519142151,0.0,0.0,0.2094860076904297,0.0,0.7905555963516235,0.0,0.0,0.2094444334506988,0.0,0.7906179428100586,0.0,0.0,0.2093820869922638,0.0,0.7905763983726501,0.0,0.0,0.2094236612319946,0.0,0.7905555963516235,0.0,0.0,0.2094444334506988,0.0,0.7905555963516235,0.0,0.0,0.2094444334506988,0.0,0.7905347943305969,0.0,0.0,0.2094652205705642,0.0,0.790597140789032,0.0,0.0,0.2094028741121292,0.0,0.7905347943305969,0.0,0.0,0.2094652205705642,0.0,0.7905555963516235,0.0,0.0,0.2094444334506988,0.0,0.7905140519142151,0.0,0.0,0.2094860076904297,0.0,0.7905140519142151,0.0,0.0,0.2094860076904297,0.0,0.7906179428100586,0.0,0.0,0.2093820869922638,0.0,0.7905763983726501,0.0,0.0,0.2094236612319946,0.0,0.7904932498931885,0.0,0.0,0.2095067948102951,0.0,0.7904932498931885,0.0,0.0,0.2095067948102951,0.0,0.7905555963516235,0.0,0.0,0.2094444334506988,0.0,0.7906387448310852,0.0,0.0,0.2093612998723983,0.0,0.7904309034347534,0.0,0.0,0.2095691412687301,0.0,0.7905140519142151,0.0,0.0,0.2094860076904297,0.0,0.7904724478721619,0.0,0.0,0.2095275819301605,0.0,0.790597140789032,0.0,0.0,0.2094028741121292,0.0,0.7905140519142151,0.0,0.0,0.2094860076904297,0.0,0.378754198551178,0.0004988256841897,0.0012886330951005,0.6183775663375854,0.0010807890212163,0.3928668200969696,0.0008313761791214,0.0013302018633112,0.604015588760376,0.0009560826001688,0.3978550732135772,0.0014133395161479,0.0019329495262354,0.5978633761405945,0.0009352981578558,0.3893750309944153,0.0010807890212163,0.0013717706315219,0.6072787046432495,0.0008937293896451,0.4036331176757812,0.0019745184108614,0.002930600894615,0.5907343626022339,0.0007274541421793,0.3932825028896332,0.0007482385262846,0.0012886330951005,0.603828489780426,0.0008521605632267,0.3759483098983764,0.0014549082843586,0.0026604037266224,0.6192297339439392,0.0007066697580739,0.4151061177253723,0.0003325504658278,0.0005819633370265,0.5835429430007935,0.000436472473666,0.4150645434856415,0.0009352981578558,0.0009976513683795,0.5825660824775696,0.000436472473666,0.3798142075538635,0.0013509863056242,0.0021407937165349,0.6155924797058105,0.0011015734635293,0.4125080704689026,0.001122357789427,0.0017043211264535,0.583958625793457,0.0007066697580739,0.4012637138366699,0.0006235321052372,0.0013302018633112,0.5958681106567383,0.0009145137737505,0.3924511075019836,0.0006443165475502,0.0015588302630931,0.604472815990448,0.0008729449473321,0.4037162661552429,0.000789807352703,0.0018913807580247,0.5928127765655518,0.000789807352703,0.3964209258556366,0.0009560826001688,0.0015796147054061,0.6003990769386292,0.0006443165475502,0.388003259897232,0.0010600045789033,0.0019537340849637,0.607819139957428,0.001163926674053,0.4172261357307434,0.0004572568868752,0.0009976513683795,0.5807785987854004,0.0005403945106081,0.3840334415435791,0.0012470642104744,0.0015588302630931,0.6122462153434753,0.0009145137737505,0.4082472622394562,0.0006027477211318,0.0014549082843586,0.5889676809310913,0.0007274541421793,0.4061896204948425,0.0004156880895607,0.0006858853157609,0.5921061038970947,0.0006027477211318,0.3791283071041107,0.00114314223174,0.0016211834736168,0.6173799633979797,0.0007274541421793,0.416768878698349,0.0010600045789033,0.0013094174209982,0.5801758766174316,0.0006858853157609,0.4090994298458099,0.0011015734635293,0.0023278533481061,0.5866813659667969,0.000789807352703,0.3960260450839996,0.0012678486527875,0.0020576559472829,0.5996924042701721,0.0009560826001688,0.3867561817169189,0.0009768670424818,0.0017043211264535,0.6097312569618225,0.0008313761791214,0.415251612663269,0.001163926674053,0.001849811989814,0.5810280442237854,0.0007066697580739,0.409161776304245,0.0008937293896451,0.0013717706315219,0.5881362557411194,0.000436472473666,0.4070209860801697,0.0006651009316556,0.001163926674053,0.5904849171638489,0.0006651009316556,0.3881487548351288,0.0008313761791214,0.0010392202530056,0.6092948317527771,0.0006858853157609,0.3796479403972626,0.0006858853157609701,0.0013717706315219402,0.6172968149185181,0.000997651368379593
168,0.7901191115379333,0.0,0.0,0.209880918264389,0.0,0.7903892993927002,0.0,0.0,0.209610715508461,0.0,0.7903685569763184,0.0,0.0,0.2096315026283264,0.0,0.7904101014137268,0.0,0.0,0.2095899283885955,0.0,0.7903477549552917,0.0,0.0,0.2096522897481918,0.0,0.7904101014137268,0.0,0.0,0.2095899283885955,0.0,0.7904309034347534,0.0,0.0,0.2095691412687301,0.0,0.7903892993927002,0.0,0.0,0.209610715508461,0.0,0.7904309034347534,0.0,0.0,0.2095691412687301,0.0,0.7904932498931885,0.0,0.0,0.2095067948102951,0.0,0.7904516458511353,0.0,0.0,0.2095483690500259,0.0,0.7904309034347534,0.0,0.0,0.2095691412687301,0.0,0.7904309034347534,0.0,0.0,0.2095691412687301,0.0,0.7904101014137268,0.0,0.0,0.2095899283885955,0.0,0.7904724478721619,0.0,0.0,0.2095275819301605,0.0,0.7904101014137268,0.0,0.0,0.2095899283885955,0.0,0.7904309034347534,0.0,0.0,0.2095691412687301,0.0,0.7903892993927002,0.0,0.0,0.209610715508461,0.0,0.7903892993927002,0.0,0.0,0.209610715508461,0.0,0.7904932498931885,0.0,0.0,0.2095067948102951,0.0,0.7904516458511353,0.0,0.0,0.2095483690500259,0.0,0.7903685569763184,0.0,0.0,0.2096315026283264,0.0,0.7903685569763184,0.0,0.0,0.2096315026283264,0.0,0.7904309034347534,0.0,0.0,0.2095691412687301,0.0,0.7905140519142151,0.0,0.0,0.2094860076904297,0.0,0.7903062105178833,0.0,0.0,0.2096938490867614,0.0,0.7903892993927002,0.0,0.0,0.209610715508461,0.0,0.7903477549552917,0.0,0.0,0.2096522897481918,0.0,0.7904724478721619,0.0,0.0,0.2095275819301605,0.0,0.7903892993927002,0.0,0.0,0.209610715508461,0.0,0.3785671293735504,0.0004780413000844,0.0009768670424818,0.6188971996307373,0.0010807890212163,0.3925342559814453,0.0008937293896451,0.0013094174209982,0.6043065786361694,0.0009560826001688,0.3975017368793487,0.0013925550738349,0.001808243105188,0.5983622074127197,0.0009352981578558,0.3891463875770569,0.0008729449473321,0.0012470642104744,0.6078398823738098,0.0008937293896451,0.4030927419662475,0.0018705963157117,0.0029098165687173,0.5913994312286377,0.0007274541421793,0.3929499387741089,0.0006858853157609,0.0012886330951005,0.6042234301567078,0.0008521605632267,0.3756365478038788,0.0012470642104744,0.0023902065586298,0.6200195550918579,0.0007066697580739,0.4149190485477447,0.0003325504658278,0.0005196101265028,0.5837923288345337,0.000436472473666,0.4147527813911438,0.0009976513683795,0.0010184358106926,0.5827946662902832,0.000436472473666,0.37952321767807,0.0012054954422637,0.0019537340849637,0.6162160038948059,0.0011015734635293,0.4121963083744049,0.0009352981578558,0.0016835366841405,0.5844781994819641,0.0007066697580739,0.4009103775024414,0.0007066697580739,0.0011015734635293,0.5963668823242188,0.0009145137737505,0.3921601474285126,0.0005819633370265,0.0015172614948824,0.6048677563667297,0.0008729449473321,0.4034668505191803,0.0007066697580739,0.0015172614948824,0.5935194492340088,0.000789807352703,0.3962338864803314,0.0008521605632267,0.0013302018633112,0.6009394526481628,0.0006443165475502,0.3876914978027344,0.0010392202530056,0.0016419679159298,0.6084634065628052,0.001163926674053,0.4169767200946808,0.0004572568868752,0.0009560826001688,0.5810695886611938,0.0005403945106081,0.3837424516677856,0.0010807890212163,0.0016003991477191,0.6126618981361389,0.0009145137737505,0.4080394208431244,0.0004988256841897,0.0013717706315219,0.5893625617027283,0.0007274541421793,0.4059402048587799,0.0004572568868752,0.0006443165475502,0.592355489730835,0.0006027477211318,0.378816545009613,0.00114314223174,0.0013302018633112,0.6179826855659485,0.0007274541421793,0.4164363145828247,0.0008937293896451,0.0013717706315219,0.580612301826477,0.0006858853157609,0.4087460935115814,0.0010807890212163,0.0020368716213852,0.5873464941978455,0.000789807352703,0.3955687880516052,0.0011847109999507,0.0019953027367591,0.6002951860427856,0.0009560826001688,0.3865067660808563,0.0008521605632267,0.0016627523582428,0.6101469397544861,0.0008313761791214,0.4149814248085022,0.0009560826001688,0.001829027547501,0.5815268158912659,0.0007066697580739,0.4089123606681824,0.000789807352703,0.0012886330951005,0.5885727405548096,0.000436472473666,0.4065637290477752,0.000789807352703,0.00114314223174,0.5908382534980774,0.0006651009316556,0.388003259897232,0.0006027477211318,0.0009560826001688,0.6097520589828491,0.0006858853157609,0.37939852476119995,0.0005196101265028119,0.0013717706315219402,0.6177124977111816,0.000997651368379593
169,0.7888305187225342,0.0,0.0,0.2111695408821106,0.0,0.789100706577301,0.0,0.0,0.2108993530273437,0.0,0.7890799045562744,0.0,0.0,0.2109201401472091,0.0,0.7891214489936829,0.0,0.0,0.2108785659074783,0.0,0.7890591025352478,0.0,0.0,0.2109409123659134,0.0,0.7891214489936829,0.0,0.0,0.2108785659074783,0.0,0.7891422510147095,0.0,0.0,0.2108577787876129,0.0,0.789100706577301,0.0,0.0,0.2108993530273437,0.0,0.7891422510147095,0.0,0.0,0.2108577787876129,0.0,0.7892045974731445,0.0,0.0,0.2107954323291778,0.0,0.7891630530357361,0.0,0.0,0.2108369916677475,0.0,0.7891422510147095,0.0,0.0,0.2108577787876129,0.0,0.7891422510147095,0.0,0.0,0.2108577787876129,0.0,0.7891214489936829,0.0,0.0,0.2108785659074783,0.0,0.7891837954521179,0.0,0.0,0.210816204547882,0.0,0.7891214489936829,0.0,0.0,0.2108785659074783,0.0,0.7891422510147095,0.0,0.0,0.2108577787876129,0.0,0.789100706577301,0.0,0.0,0.2108993530273437,0.0,0.789100706577301,0.0,0.0,0.2108993530273437,0.0,0.7892045974731445,0.0,0.0,0.2107954323291778,0.0,0.7891630530357361,0.0,0.0,0.2108369916677475,0.0,0.7890799045562744,0.0,0.0,0.2109201401472091,0.0,0.7890799045562744,0.0,0.0,0.2109201401472091,0.0,0.7891422510147095,0.0,0.0,0.2108577787876129,0.0,0.7892253994941711,0.0,0.0,0.2107746452093124,0.0,0.7890175580978394,0.0,0.0,0.2109824866056442,0.0,0.789100706577301,0.0,0.0,0.2108993530273437,0.0,0.7890591025352478,0.0,0.0,0.2109409123659134,0.0,0.7891837954521179,0.0,0.0,0.210816204547882,0.0,0.789100706577301,0.0,0.0,0.2108993530273437,0.0,0.3771953582763672,0.0004572568868752,0.0007066697580739,0.6205599308013916,0.0010807890212163,0.3911209106445312,0.0007066697580739,0.0010600045789033,0.6061563491821289,0.0009560826001688,0.3960260450839996,0.0012678486527875,0.0015796147054061,0.6001912355422974,0.0009352981578558,0.3877746164798736,0.0005819633370265,0.0013094174209982,0.6094403266906738,0.0008937293896451,0.4015339016914367,0.0015796147054061,0.0029098165687173,0.5932492613792419,0.0007274541421793,0.3915365934371948,0.0007066697580739,0.001122357789427,0.6057822704315186,0.0008521605632267,0.3740984797477722,0.0010807890212163,0.002244715578854,0.6218693852424622,0.0007066697580739,0.4135265052318573,0.0003325504658278,0.0004988256841897,0.5852056741714478,0.000436472473666,0.4133602380752563,0.0007482385262846,0.001122357789427,0.5843327641487122,0.000436472473666,0.3780267536640167,0.0011015734635293,0.001849811989814,0.6179203391075134,0.0011015734635293,0.4107829630374908,0.000789807352703,0.0014341238420456,0.5862864851951599,0.0007066697580739,0.3994970321655273,0.0006651009316556,0.0009352981578558,0.5979880690574646,0.0009145137737505,0.3906428813934326,0.0007066697580739,0.0012678486527875,0.6065096855163574,0.0008729449473321,0.402095079421997,0.0004988256841897,0.0015380459371954,0.5950782895088196,0.000789807352703,0.3948828876018524,0.0007482385262846,0.0009976513683795,0.602726936340332,0.0006443165475502,0.3862781524658203,0.0007690229685977,0.0016003991477191,0.6101885437965393,0.001163926674053,0.4155633747577667,0.0004780413000844,0.000789807352703,0.5826284289360046,0.0005403945106081,0.3822044134140014,0.0010807890212163,0.0014549082843586,0.6143454313278198,0.0009145137737505,0.4064182341098785,0.0006858853157609,0.001163926674053,0.5910045504570007,0.0007274541421793,0.4045060873031616,0.0005403945106081,0.0005196101265028,0.5938311815261841,0.0006027477211318,0.3773200809955597,0.001122357789427,0.0012262798845767,0.6196038722991943,0.0007274541421793,0.4149398505687713,0.0009352981578558,0.0011847109999507,0.5822542905807495,0.0006858853157609,0.4071249067783355,0.001122357789427,0.001829027547501,0.5891339182853699,0.000789807352703,0.3940515220165252,0.0012886330951005,0.0016835366841405,0.602020263671875,0.0009560826001688,0.3849271535873413,0.0008105917368084,0.0017251055687665,0.6117057800292969,0.0008313761791214,0.4135057330131531,0.0008937293896451,0.0019121652003377,0.5829817652702332,0.0007066697580739,0.4074782431125641,0.0006027477211318,0.001122357789427,0.5903602242469788,0.000436472473666,0.4051503837108612,0.0007066697580739,0.0009560826001688,0.5925217866897583,0.0006651009316556,0.386589914560318,0.0005819633370265,0.0008937293896451,0.6112485527992249,0.0006858853157609,0.3779851794242859,0.0004988256841897964,0.0012262798845767975,0.6192920804023743,0.000997651368379593
170,0.786398708820343,0.0,0.0,0.2136013209819793,0.0,0.7866688966751099,0.0,0.0,0.2133311182260513,0.0,0.786648154258728,0.0,0.0,0.2133519053459167,0.0,0.7866896986961365,0.0,0.0,0.2133103460073471,0.0,0.7866273522377014,0.0,0.0,0.2133726924657821,0.0,0.7866896986961365,0.0,0.0,0.2133103460073471,0.0,0.7867105007171631,0.0,0.0,0.2132895588874817,0.0,0.7866688966751099,0.0,0.0,0.2133311182260513,0.0,0.7867105007171631,0.0,0.0,0.2132895588874817,0.0,0.7867728471755981,0.0,0.0,0.2132271975278854,0.0,0.7867312431335449,0.0,0.0,0.2132687717676162,0.0,0.7867105007171631,0.0,0.0,0.2132895588874817,0.0,0.7867105007171631,0.0,0.0,0.2132895588874817,0.0,0.7866896986961365,0.0,0.0,0.2133103460073471,0.0,0.7867520451545715,0.0,0.0,0.2132479846477508,0.0,0.7866896986961365,0.0,0.0,0.2133103460073471,0.0,0.7867105007171631,0.0,0.0,0.2132895588874817,0.0,0.7866688966751099,0.0,0.0,0.2133311182260513,0.0,0.7866688966751099,0.0,0.0,0.2133311182260513,0.0,0.7867728471755981,0.0,0.0,0.2132271975278854,0.0,0.7867312431335449,0.0,0.0,0.2132687717676162,0.0,0.786648154258728,0.0,0.0,0.2133519053459167,0.0,0.786648154258728,0.0,0.0,0.2133519053459167,0.0,0.7867105007171631,0.0,0.0,0.2132895588874817,0.0,0.78679358959198,0.0,0.0,0.21320641040802,0.0,0.7865857481956482,0.0,0.0,0.213414266705513,0.0,0.7866688966751099,0.0,0.0,0.2133311182260513,0.0,0.7866273522377014,0.0,0.0,0.2133726924657821,0.0,0.7867520451545715,0.0,0.0,0.2132479846477508,0.0,0.7866688966751099,0.0,0.0,0.2133311182260513,0.0,0.3746596574783325,0.0003949036763515,0.0005819633370265,0.6232827305793762,0.0010807890212163,0.3885228633880615,0.0006858853157609,0.0009145137737505,0.608920693397522,0.0009560826001688,0.3935319185256958,0.0009145137737505,0.0017666743369773,0.6028516292572021,0.0009352981578558,0.3850934505462646,0.0005819633370265,0.0013509863056242,0.6120591163635254,0.0009145137737505,0.3987280130386352,0.0013509863056242,0.0029098165687173,0.5962629914283752,0.0007482385262846,0.3889801204204559,0.0006651009316556,0.0010600045789033,0.6084426641464233,0.0008521605632267,0.3714796602725982,0.0008729449473321,0.0021200091578066,0.6248207688331604,0.0007066697580739,0.4110739529132843,0.000270197255304,0.0004780413000844,0.5877413749694824,0.000436472473666,0.410803735256195,0.0006651009316556,0.0010392202530056,0.587055504322052,0.000436472473666,0.3753247559070587,0.0009768670424818,0.0018705963157117,0.6207262277603149,0.0011015734635293,0.4081849157810211,0.0006235321052372,0.0013925550738349,0.5890923738479614,0.0007066697580739,0.3970029056072235,0.0005611788947135,0.0008937293896451,0.6006277203559875,0.0009145137737505,0.3880864083766937,0.0006651009316556,0.0012054954422637,0.6091700792312622,0.0008729449473321,0.3994970321655273,0.0005403945106081,0.0013094174209982,0.5978633761405945,0.000789807352703,0.3923679888248443,0.0005611788947135,0.0010184358106926,0.6053873300552368,0.0006651009316556,0.3835969567298889,0.0007690229685977,0.0016627523582428,0.6128073930740356,0.001163926674053,0.4130484759807586,0.000436472473666,0.0007482385262846,0.5852264761924744,0.0005403945106081,0.3796479403972626,0.0007274541421793,0.0015588302630931,0.6171513199806213,0.0009145137737505,0.4039033353328705,0.0005819633370265,0.0009768670424818,0.5938104391098022,0.0007274541421793,0.402032732963562,0.0004572568868752,0.0005611788947135,0.5963461399078369,0.0006027477211318,0.374784380197525,0.0009145137737505,0.0013302018633112,0.6222434639930725,0.0007274541421793,0.4124457240104675,0.0007482385262846,0.0012678486527875,0.5848523378372192,0.0006858853157609,0.40454763174057,0.0010392202530056,0.0015380459371954,0.5920853018760681,0.000789807352703,0.3915158212184906,0.0010807890212163,0.0016419679159298,0.6048053503036499,0.0009560826001688,0.3823291063308716,0.0008313761791214,0.0015172614948824,0.6144909262657166,0.0008313761791214,0.4108453094959259,0.0008105917368084,0.001849811989814,0.5857668519020081,0.0007274541421793,0.4049217700958252,0.0006651009316556,0.0010807890212163,0.5928959250450134,0.000436472473666,0.4026354849338531,0.0006858853157609,0.0008729449473321,0.5951406359672546,0.0006651009316556,0.3840334415435791,0.0004156880895607,0.0009560826001688,0.6139089465141296,0.0006858853157609,0.3754079043865204,0.0005196101265028119,0.0008521605632267892,0.6222227215766907,0.000997651368379593
171,0.7828861474990845,0.0,0.0,0.2171138823032379,0.0,0.7831563353538513,0.0,0.0,0.216843694448471,0.0,0.7831355333328247,0.0,0.0,0.2168644666671753,0.0,0.7831771373748779,0.0,0.0,0.2168229073286056,0.0,0.7831147909164429,0.0,0.0,0.2168852537870407,0.0,0.7831771373748779,0.0,0.0,0.2168229073286056,0.0,0.7831979393959045,0.0,0.0,0.2168021202087402,0.0,0.7831563353538513,0.0,0.0,0.216843694448471,0.0,0.7831979393959045,0.0,0.0,0.2168021202087402,0.0,0.7832602858543396,0.0,0.0,0.2167397588491439,0.0,0.7832186818122864,0.0,0.0,0.2167813330888748,0.0,0.7831979393959045,0.0,0.0,0.2168021202087402,0.0,0.7831979393959045,0.0,0.0,0.2168021202087402,0.0,0.7831771373748779,0.0,0.0,0.2168229073286056,0.0,0.783239483833313,0.0,0.0,0.2167605459690094,0.0,0.7831771373748779,0.0,0.0,0.2168229073286056,0.0,0.7831979393959045,0.0,0.0,0.2168021202087402,0.0,0.7831563353538513,0.0,0.0,0.216843694448471,0.0,0.7831563353538513,0.0,0.0,0.216843694448471,0.0,0.7832602858543396,0.0,0.0,0.2167397588491439,0.0,0.7832186818122864,0.0,0.0,0.2167813330888748,0.0,0.7831355333328247,0.0,0.0,0.2168644666671753,0.0,0.7831355333328247,0.0,0.0,0.2168644666671753,0.0,0.7831979393959045,0.0,0.0,0.2168021202087402,0.0,0.7832810282707214,0.0,0.0,0.2167189866304397,0.0,0.7830731868743896,0.0,0.0,0.2169268280267715,0.0,0.7831563353538513,0.0,0.0,0.216843694448471,0.0,0.7831147909164429,0.0,0.0,0.2168852537870407,0.0,0.783239483833313,0.0,0.0,0.2167605459690094,0.0,0.7831563353538513,0.0,0.0,0.216843694448471,0.0,0.3711263239383697,0.000270197255304,0.0006235321052372,0.6268991827964783,0.0010807890212163,0.3849271535873413,0.0005819633370265,0.0010184358106926,0.6125164031982422,0.0009560826001688,0.389749139547348,0.0007482385262846,0.001808243105188,0.6067591309547424,0.0009352981578558,0.3814769387245178,0.0005403945106081,0.0013302018633112,0.6157379746437073,0.0009145137737505,0.3949660360813141,0.0013094174209982,0.0026396194007247,0.6003367304801941,0.0007482385262846,0.3853844106197357,0.0005403945106081,0.0010184358106926,0.6122046113014221,0.0008521605632267,0.3678008019924164,0.000789807352703,0.0019537340849637,0.6287490129470825,0.0007066697580739,0.4074782431125641,0.000270197255304,0.000436472473666,0.5913786292076111,0.000436472473666,0.4071664810180664,0.0005403945106081,0.001163926674053,0.590671956539154,0.0004572568868752,0.3716666996479034,0.000789807352703,0.0018705963157117,0.6245713233947754,0.0011015734635293,0.404485285282135,0.0006651009316556,0.0013509863056242,0.5927919745445251,0.0007066697580739,0.3934071958065033,0.0004988256841897,0.0008729449473321,0.6043065786361694,0.0009145137737505,0.3844698965549469,0.0006235321052372,0.0009560826001688,0.6130567789077759,0.0008937293896451,0.3958805501461029,0.0004780413000844,0.001163926674053,0.6016877293586731,0.000789807352703,0.3887099325656891,0.0003533348790369,0.001163926674053,0.6091077327728271,0.0006651009316556,0.3798973262310028,0.0007482385262846,0.0013925550738349,0.6167979836463928,0.001163926674053,0.4095151126384735,0.0003533348790369,0.0006027477211318,0.5889884233474731,0.0005403945106081,0.3759067356586456,0.0007690229685977,0.0016003991477191,0.6208093762397766,0.0009145137737505,0.4003076255321502,0.0005819633370265,0.000789807352703,0.5975931882858276,0.0007274541421793,0.3982707560062408,0.0005611788947135,0.0005819633370265,0.5999833941459656,0.0006027477211318,0.3711263239383697,0.0006443165475502,0.0014756927266716,0.6260054707527161,0.0007482385262846,0.4085590243339538,0.0008521605632267,0.0012470642104744,0.5886558890342712,0.0006858853157609,0.4009311497211456,0.0008105917368084,0.0016003991477191,0.5958681106567383,0.000789807352703,0.3878161907196045,0.0008521605632267,0.0015796147054061,0.6087751984596252,0.0009768670424818,0.3787126243114471,0.0006858853157609,0.0014756927266716,0.6182944774627686,0.0008313761791214,0.4071456789970398,0.0007482385262846,0.0017251055687665,0.5896535515785217,0.0007274541421793,0.4013052880764007,0.0004988256841897,0.0010600045789033,0.5966994762420654,0.000436472473666,0.3990397751331329,0.0006235321052372,0.0008729449473321,0.5987778902053833,0.0006858853157609,0.380333811044693,0.0004572568868752,0.0009976513683795,0.6175254583358765,0.0006858853157609,0.3718329966068268,0.0004572568868752569,0.0007898073527030647,0.6259223222732544,0.000997651368379593
172,0.7812649607658386,0.0,0.0,0.2187350690364837,0.0,0.7815351486206055,0.0,0.0,0.2184648662805557,0.0,0.7815144062042236,0.0,0.0,0.2184856534004211,0.0,0.7815559506416321,0.0,0.0,0.2184440940618515,0.0,0.781493604183197,0.0,0.0,0.2185064405202865,0.0,0.7815559506416321,0.0,0.0,0.2184440940618515,0.0,0.7815767526626587,0.0,0.0,0.218423306941986,0.0,0.7815351486206055,0.0,0.0,0.2184648662805557,0.0,0.7815767526626587,0.0,0.0,0.218423306941986,0.0,0.7816390991210938,0.0,0.0,0.2183609455823898,0.0,0.7815974950790405,0.0,0.0,0.2184025198221206,0.0,0.7815767526626587,0.0,0.0,0.218423306941986,0.0,0.7815767526626587,0.0,0.0,0.218423306941986,0.0,0.7815559506416321,0.0,0.0,0.2184440940618515,0.0,0.7816182971000671,0.0,0.0,0.2183817327022552,0.0,0.7815559506416321,0.0,0.0,0.2184440940618515,0.0,0.7815767526626587,0.0,0.0,0.218423306941986,0.0,0.7815351486206055,0.0,0.0,0.2184648662805557,0.0,0.7815351486206055,0.0,0.0,0.2184648662805557,0.0,0.7816390991210938,0.0,0.0,0.2183609455823898,0.0,0.7815974950790405,0.0,0.0,0.2184025198221206,0.0,0.7815144062042236,0.0,0.0,0.2184856534004211,0.0,0.7815144062042236,0.0,0.0,0.2184856534004211,0.0,0.7815767526626587,0.0,0.0,0.218423306941986,0.0,0.7816598415374756,0.0,0.0,0.2183401584625244,0.0,0.7814520001411438,0.0,0.0,0.2185480147600174,0.0,0.7815351486206055,0.0,0.0,0.2184648662805557,0.0,0.781493604183197,0.0,0.0,0.2185064405202865,0.0,0.7816182971000671,0.0,0.0,0.2183817327022552,0.0,0.7815351486206055,0.0,0.0,0.2184648662805557,0.0,0.3695051372051239,0.0002078440447803,0.0005611788947135,0.6286450624465942,0.0010807890212163,0.3831812739372253,0.0004988256841897,0.0010392202530056,0.6143246293067932,0.0009560826001688,0.3878785371780395,0.0007690229685977,0.0016419679159298,0.6087751984596252,0.0009352981578558,0.3797310590744018,0.0005611788947135,0.0011847109999507,0.6176085472106934,0.0009145137737505,0.3929915130138397,0.0012470642104744,0.0023902065586298,0.6026229858398438,0.0007482385262846,0.3835553824901581,0.0005403945106081,0.0009560826001688,0.6140959858894348,0.0008521605632267,0.3658886551856994,0.0008937293896451,0.0016419679159298,0.6308690309524536,0.0007066697580739,0.4058154821395874,0.0002494128420948,0.0003949036763515,0.5931037664413452,0.000436472473666,0.4052958786487579,0.0006027477211318,0.001122357789427,0.5925217866897583,0.0004572568868752,0.3698168992996216,0.0008521605632267,0.0015172614948824,0.6267121434211731,0.0011015734635293,0.402739405632019,0.0006027477211318,0.0013094174209982,0.5946418046951294,0.0007066697580739,0.3917236626148224,0.0003325504658278,0.0008521605632267,0.6061771512031555,0.0009145137737505,0.3827655911445617,0.0005403945106081,0.0008105917368084,0.6149897575378418,0.0008937293896451,0.394197016954422,0.0004156880895607,0.0009145137737505,0.6036829948425293,0.000789807352703,0.3869640231132507,0.0004156880895607,0.0010184358106926,0.6109367609024048,0.0006651009316556,0.3780891001224518,0.0007482385262846,0.0012470642104744,0.6187517046928406,0.001163926674053,0.4078523516654968,0.000270197255304,0.0005819633370265,0.5907551050186157,0.0005403945106081,0.3742024004459381,0.0006858853157609,0.0014133395161479,0.622783899307251,0.0009145137737505,0.3984993696212768,0.0006858853157609,0.0006858853157609,0.5994014143943787,0.0007274541421793,0.3965040743350982,0.0005819633370265,0.0005403945106081,0.6017708778381348,0.0006027477211318,0.369401216506958,0.0005611788947135,0.0013302018633112,0.6279591917991638,0.0007482385262846,0.4067507982254028,0.0008313761791214,0.0012678486527875,0.5904641151428223,0.0006858853157609,0.3991436958312988,0.0007482385262846,0.0013302018633112,0.5979880690574646,0.000789807352703,0.3860495090484619,0.0006651009316556,0.0016003991477191,0.6107081174850464,0.0009768670424818,0.3770290911197662,0.0006235321052372,0.0011015734635293,0.6204144358634949,0.0008313761791214,0.405358225107193,0.0007690229685977,0.0013094174209982,0.5918151140213013,0.0007482385262846,0.399580180644989,0.0004780413000844,0.0010184358106926,0.5984869003295898,0.000436472473666,0.3972938954830169,0.0004156880895607,0.0009976513683795,0.6006069183349609,0.0006858853157609,0.3786294758319855,0.0005196101265028,0.0008521605632267,0.6193128824234009,0.0006858853157609,0.3701702356338501,0.00037411926314234734,0.0008105917368084192,0.6276474595069885,0.000997651368379593
173,0.7797684669494629,0.0,0.0,0.2202315479516983,0.0,0.7800387144088745,0.0,0.0,0.2199613451957702,0.0,0.7800179123878479,0.0,0.0,0.2199821323156356,0.0,0.7800594568252563,0.0,0.0,0.2199405580759048,0.0,0.7799971103668213,0.0,0.0,0.2200029194355011,0.0,0.7800594568252563,0.0,0.0,0.2199405580759048,0.0,0.780080258846283,0.0,0.0,0.2199197858572006,0.0,0.7800387144088745,0.0,0.0,0.2199613451957702,0.0,0.780080258846283,0.0,0.0,0.2199197858572006,0.0,0.780142605304718,0.0,0.0,0.2198574244976043,0.0,0.7801010608673096,0.0,0.0,0.2198989987373352,0.0,0.780080258846283,0.0,0.0,0.2199197858572006,0.0,0.780080258846283,0.0,0.0,0.2199197858572006,0.0,0.7800594568252563,0.0,0.0,0.2199405580759048,0.0,0.7801218032836914,0.0,0.0,0.2198782116174698,0.0,0.7800594568252563,0.0,0.0,0.2199405580759048,0.0,0.780080258846283,0.0,0.0,0.2199197858572006,0.0,0.7800387144088745,0.0,0.0,0.2199613451957702,0.0,0.7800387144088745,0.0,0.0,0.2199613451957702,0.0,0.780142605304718,0.0,0.0,0.2198574244976043,0.0,0.7801010608673096,0.0,0.0,0.2198989987373352,0.0,0.7800179123878479,0.0,0.0,0.2199821323156356,0.0,0.7800179123878479,0.0,0.0,0.2199821323156356,0.0,0.780080258846283,0.0,0.0,0.2199197858572006,0.0,0.7801634073257446,0.0,0.0,0.2198366373777389,0.0,0.7799555659294128,0.0,0.0,0.2200444936752319,0.0,0.7800387144088745,0.0,0.0,0.2199613451957702,0.0,0.7799971103668213,0.0,0.0,0.2200029194355011,0.0,0.7801218032836914,0.0,0.0,0.2198782116174698,0.0,0.7800387144088745,0.0,0.0,0.2199613451957702,0.0,0.3679670989513397,0.0001662752329139,0.0005611788947135,0.6302247047424316,0.0010807890212163,0.3815808892250061,0.0004780413000844,0.0010184358106926,0.6159666180610657,0.0009560826001688,0.3861118853092193,0.0008521605632267,0.0015796147054061,0.6105210781097412,0.0009352981578558,0.3781306743621826,0.0005819633370265,0.0009560826001688,0.6194168329238892,0.0009145137737505,0.3911417126655578,0.0013302018633112,0.0021407937165349,0.6046391129493713,0.0007482385262846,0.3819341957569122,0.0005403945106081,0.0008105917368084,0.6158418655395508,0.0008729449473321,0.3643298149108886,0.0007066697580739,0.0014964770525693,0.6327604055404663,0.0007066697580739,0.4042982161045074,0.0001662752329139,0.000436472473666,0.594662606716156,0.000436472473666,0.4036331176757812,0.0006651009316556,0.0011015734635293,0.5941429734230042,0.0004572568868752,0.368050217628479,0.0009145137737505,0.0014133395161479,0.6285203695297241,0.0011015734635293,0.4008480310440063,0.0008729449473321,0.0010600045789033,0.5965123772621155,0.0007066697580739,0.3902063965797424,0.0002286284434376,0.0008313761791214,0.607819139957428,0.0009145137737505,0.3812275528907776,0.0003533348790369,0.0008105917368084,0.6167148351669312,0.0008937293896451,0.3926589488983154,0.0003741192631423,0.000789807352703,0.6053873300552368,0.000789807352703,0.3853844106197357,0.000436472473666,0.0009145137737505,0.6125995516777039,0.0006651009316556,0.3763224184513092,0.0008937293896451,0.001163926674053,0.6204560399055481,0.001163926674053,0.4062935411930084,0.0002078440447803,0.0005819633370265,0.5923762917518616,0.0005403945106081,0.3726227879524231,0.0005196101265028,0.0013302018633112,0.6246129274368286,0.0009145137737505,0.3969197571277618,0.000436472473666,0.0008313761791214,0.6010849475860596,0.0007274541421793,0.3949452340602875,0.0004988256841897,0.0006027477211318,0.6033504605293274,0.0006027477211318,0.3677384555339813,0.0005196101265028,0.0013509863056242,0.6296427249908447,0.0007482385262846,0.405129611492157,0.0007482385262846,0.0011015734635293,0.5923347473144531,0.0006858853157609,0.3974185883998871,0.0006443165475502,0.0014133395161479,0.5997340083122253,0.000789807352703,0.3843036293983459,0.0006858853157609,0.0014133395161479,0.6126202940940857,0.0009768670424818,0.3754702508449554,0.0003949036763515,0.00114314223174,0.6221603751182556,0.0008313761791214,0.4037162661552429,0.0007274541421793,0.00114314223174,0.5936649441719055,0.0007482385262846,0.3979797661304474,0.000436472473666,0.0009352981578558,0.600212037563324,0.000436472473666,0.3957142829895019,0.0003741192631423,0.0009145137737505,0.6023112535476685,0.0006858853157609,0.3770498633384704,0.0004780413000844,0.0007274541421793,0.6210587620735168,0.0006858853157609,0.3685282766819,0.00039490367635153234,0.000644316547550261,0.6294348835945129,0.000997651368379593
174,0.779435932636261,0.0,0.0,0.2205640971660614,0.0,0.7797061204910278,0.0,0.0,0.2202938944101333,0.0,0.779685378074646,0.0,0.0,0.2203146815299987,0.0,0.7797269225120544,0.0,0.0,0.2202731221914291,0.0,0.7796645760536194,0.0,0.0,0.2203354686498642,0.0,0.7797269225120544,0.0,0.0,0.2202731221914291,0.0,0.779747724533081,0.0,0.0,0.2202523350715637,0.0,0.7797061204910278,0.0,0.0,0.2202938944101333,0.0,0.779747724533081,0.0,0.0,0.2202523350715637,0.0,0.7798100709915161,0.0,0.0,0.2201899737119674,0.0,0.7797684669494629,0.0,0.0,0.2202315479516983,0.0,0.779747724533081,0.0,0.0,0.2202523350715637,0.0,0.779747724533081,0.0,0.0,0.2202523350715637,0.0,0.7797269225120544,0.0,0.0,0.2202731221914291,0.0,0.7797892689704895,0.0,0.0,0.2202107608318328,0.0,0.7797269225120544,0.0,0.0,0.2202731221914291,0.0,0.779747724533081,0.0,0.0,0.2202523350715637,0.0,0.7797061204910278,0.0,0.0,0.2202938944101333,0.0,0.7797061204910278,0.0,0.0,0.2202938944101333,0.0,0.7798100709915161,0.0,0.0,0.2201899737119674,0.0,0.7797684669494629,0.0,0.0,0.2202315479516983,0.0,0.779685378074646,0.0,0.0,0.2203146815299987,0.0,0.779685378074646,0.0,0.0,0.2203146815299987,0.0,0.779747724533081,0.0,0.0,0.2202523350715637,0.0,0.779830813407898,0.0,0.0,0.220169186592102,0.0,0.7796229720115662,0.0,0.0,0.220377042889595,0.0,0.7797061204910278,0.0,0.0,0.2202938944101333,0.0,0.7796645760536194,0.0,0.0,0.2203354686498642,0.0,0.7797892689704895,0.0,0.0,0.2202107608318328,0.0,0.7797061204910278,0.0,0.0,0.2202938944101333,0.0,0.3675306141376495,0.0001662752329139,0.0005611788947135,0.6306611895561218,0.0010807890212163,0.3811028301715851,0.0004572568868752,0.0008729449473321,0.6166109442710876,0.0009560826001688,0.3855922520160675,0.0009768670424818,0.0013302018633112,0.6111654043197632,0.0009352981578558,0.3774863481521606,0.0006443165475502,0.0008313761791214,0.6201235055923462,0.0009145137737505,0.3902895450592041,0.0014756927266716,0.0019537340849637,0.6055328249931335,0.0007482385262846,0.3814769387245178,0.0005403945106081,0.0008313761791214,0.616278350353241,0.0008729449473321,0.3637270629405975,0.000789807352703,0.0012678486527875,0.6335086226463318,0.0007066697580739,0.4039448797702789,0.0001662752329139,0.0003533348790369,0.5950990319252014,0.000436472473666,0.4031758606433868,0.0006651009316556,0.0008729449473321,0.5948288440704346,0.0004572568868752,0.3675098419189453,0.0008521605632267,0.0013717706315219,0.6291646957397461,0.0011015734635293,0.4002660512924194,0.0009560826001688,0.0009560826001688,0.597115159034729,0.0007066697580739,0.3896867930889129,0.0003533348790369,0.0007274541421793,0.6083179116249084,0.0009145137737505,0.3808118402957916,0.0003117660526186,0.0008313761791214,0.6171513199806213,0.0008937293896451,0.3922640681266784,0.000270197255304,0.0006651009316556,0.6060108542442322,0.000789807352703,0.3849687278270721,0.000436472473666,0.0008313761791214,0.6130983233451843,0.0006651009316556,0.3759067356586456,0.0007274541421793,0.0010184358106926,0.6211835145950317,0.001163926674053,0.4058778584003448,0.0002078440447803,0.0005611788947135,0.5928127765655518,0.0005403945106081,0.3720408380031585,0.0006443165475502,0.0012054954422637,0.6251948475837708,0.0009145137737505,0.3965248763561249,0.0004156880895607,0.0007690229685977,0.601563036441803,0.0007274541421793,0.3945503532886505,0.0005196101265028,0.0005819633370265,0.6037453413009644,0.0006027477211318,0.3671980798244476,0.0006235321052372,0.0012262798845767,0.630203902721405,0.0007482385262846,0.40454763174057,0.0009352981578558,0.0009976513683795,0.5928335785865784,0.0006858853157609,0.3968158364295959,0.0007690229685977,0.0012678486527875,0.6003575325012207,0.000789807352703,0.3838463723659515,0.0007066697580739,0.0013925550738349,0.6130775809288025,0.0009768670424818,0.375012993812561,0.0003533348790369,0.0009768670424818,0.6228254437446594,0.0008313761791214,0.4032382369041443,0.0006443165475502,0.001122357789427,0.5942469239234924,0.0007482385262846,0.3974809348583221,0.0004780413000844,0.0007274541421793,0.6008771061897278,0.000436472473666,0.3951946496963501,0.0004780413000844,0.000789807352703,0.6028516292572021,0.0006858853157609,0.3767173290252685,0.0003533348790369,0.0007066697580739,0.6215367913246155,0.0006858853157609,0.36811259388923645,0.0003325504658278078,0.000644316547550261,0.6299129128456116,0.000997651368379593
175,0.7793735861778259,0.0,0.0,0.2206264436244964,0.0,0.7796437740325928,0.0,0.0,0.2203562557697296,0.0,0.7796229720115662,0.0,0.0,0.220377042889595,0.0,0.7796645760536194,0.0,0.0,0.2203354686498642,0.0,0.7796022295951843,0.0,0.0,0.2203978151082992,0.0,0.7796645760536194,0.0,0.0,0.2203354686498642,0.0,0.779685378074646,0.0,0.0,0.2203146815299987,0.0,0.7796437740325928,0.0,0.0,0.2203562557697296,0.0,0.779685378074646,0.0,0.0,0.2203146815299987,0.0,0.779747724533081,0.0,0.0,0.2202523350715637,0.0,0.7797061204910278,0.0,0.0,0.2202938944101333,0.0,0.779685378074646,0.0,0.0,0.2203146815299987,0.0,0.779685378074646,0.0,0.0,0.2203146815299987,0.0,0.7796645760536194,0.0,0.0,0.2203354686498642,0.0,0.7797269225120544,0.0,0.0,0.2202731221914291,0.0,0.7796645760536194,0.0,0.0,0.2203354686498642,0.0,0.779685378074646,0.0,0.0,0.2203146815299987,0.0,0.7796437740325928,0.0,0.0,0.2203562557697296,0.0,0.7796437740325928,0.0,0.0,0.2203562557697296,0.0,0.779747724533081,0.0,0.0,0.2202523350715637,0.0,0.7797061204910278,0.0,0.0,0.2202938944101333,0.0,0.7796229720115662,0.0,0.0,0.220377042889595,0.0,0.7796229720115662,0.0,0.0,0.220377042889595,0.0,0.779685378074646,0.0,0.0,0.2203146815299987,0.0,0.7797684669494629,0.0,0.0,0.2202315479516983,0.0,0.7795606255531311,0.0,0.0,0.2204393893480301,0.0,0.7796437740325928,0.0,0.0,0.2203562557697296,0.0,0.7796022295951843,0.0,0.0,0.2203978151082992,0.0,0.7797269225120544,0.0,0.0,0.2202731221914291,0.0,0.7796437740325928,0.0,0.0,0.2203562557697296,0.0,0.3674474656581878,0.0001662752329139,0.0004156880895607,0.6308897733688354,0.0010807890212163,0.3809989094734192,0.0004156880895607,0.0007690229685977,0.6168603301048279,0.0009560826001688,0.3854883313179016,0.0007482385262846,0.0011847109999507,0.6116434335708618,0.0009352981578558,0.377403199672699,0.0005611788947135,0.0006858853157609,0.6204352378845215,0.0009145137737505,0.3901232779026031,0.0013302018633112,0.0016003991477191,0.6061979532241821,0.0007482385262846,0.3813938200473785,0.0004780413000844,0.0007482385262846,0.6165069937705994,0.0008729449473321,0.3636439442634582,0.0006443165475502,0.0010392202530056,0.6339659094810486,0.0007066697580739,0.4038617610931396,0.0001039220223901,0.0003533348790369,0.5952445268630981,0.000436472473666,0.4030303657054901,0.0006235321052372,0.000789807352703,0.5950990319252014,0.0004572568868752,0.3674059212207794,0.0007482385262846,0.001122357789427,0.6296219825744629,0.0011015734635293,0.4000374376773834,0.0009352981578558,0.0008105917368084,0.597510039806366,0.0007066697580739,0.389582872390747,0.0003117660526186,0.0006443165475502,0.6085465550422668,0.0009145137737505,0.3807494938373565,0.0002078440447803,0.0007690229685977,0.6173799633979797,0.0008937293896451,0.392201691865921,0.0001662752329139,0.0006443165475502,0.6061979532241821,0.000789807352703,0.3848856091499328,0.0003117660526186,0.0007066697580739,0.613430917263031,0.0006651009316556,0.3757820129394531,0.0006027477211318,0.0009560826001688,0.621495246887207,0.001163926674053,0.4057739078998565,0.0002286284434376,0.0004572568868752,0.5929998159408569,0.0005403945106081,0.3719576895236969,0.000436472473666,0.0009560826001688,0.6257352828979492,0.0009145137737505,0.3964209258556366,0.0003741192631423,0.0006651009316556,0.6018124222755432,0.0007274541421793,0.3944672048091888,0.0002909816685132,0.0007066697580739,0.6039324402809143,0.0006027477211318,0.3671357035636902,0.0004780413000844,0.0010600045789033,0.6305780410766602,0.0007482385262846,0.4044437110424042,0.0006027477211318,0.001122357789427,0.5931453108787537,0.0006858853157609,0.3966287970542907,0.000789807352703,0.00114314223174,0.6006485223770142,0.000789807352703,0.383659303188324,0.0006443165475502,0.0012678486527875,0.6134516596794128,0.0009768670424818,0.3749090731143951,0.0002909816685132,0.0009352981578558,0.6230332851409912,0.0008313761791214,0.4031758606433868,0.0004572568868752,0.0009976513683795,0.5946210026741028,0.0007482385262846,0.3973770141601562,0.0004156880895607,0.0007690229685977,0.6010018587112427,0.000436472473666,0.395132303237915,0.0003949036763515,0.0007690229685977,0.6030179262161255,0.0006858853157609,0.376592606306076,0.0002286284434376,0.0006027477211318,0.621890127658844,0.0006858853157609,0.368050217628479,0.00027019725530408323,0.0005819633370265365,0.6301000118255615,0.000997651368379593
176,0.7791449427604675,0.0,0.0,0.2208550721406936,0.0,0.7794151306152344,0.0,0.0,0.2205848842859268,0.0,0.7793943881988525,0.0,0.0,0.2206056714057922,0.0,0.779435932636261,0.0,0.0,0.2205640971660614,0.0,0.7793735861778259,0.0,0.0,0.2206264436244964,0.0,0.779435932636261,0.0,0.0,0.2205640971660614,0.0,0.7794567346572876,0.0,0.0,0.2205433100461959,0.0,0.7794151306152344,0.0,0.0,0.2205848842859268,0.0,0.7794567346572876,0.0,0.0,0.2205433100461959,0.0,0.7795190811157227,0.0,0.0,0.2204809635877609,0.0,0.7794775366783142,0.0,0.0,0.2205225229263305,0.0,0.7794567346572876,0.0,0.0,0.2205433100461959,0.0,0.7794567346572876,0.0,0.0,0.2205433100461959,0.0,0.779435932636261,0.0,0.0,0.2205640971660614,0.0,0.779498279094696,0.0,0.0,0.2205017358064651,0.0,0.779435932636261,0.0,0.0,0.2205640971660614,0.0,0.7794567346572876,0.0,0.0,0.2205433100461959,0.0,0.7794151306152344,0.0,0.0,0.2205848842859268,0.0,0.7794151306152344,0.0,0.0,0.2205848842859268,0.0,0.7795190811157227,0.0,0.0,0.2204809635877609,0.0,0.7794775366783142,0.0,0.0,0.2205225229263305,0.0,0.7793943881988525,0.0,0.0,0.2206056714057922,0.0,0.7793943881988525,0.0,0.0,0.2206056714057922,0.0,0.7794567346572876,0.0,0.0,0.2205433100461959,0.0,0.7795398831367493,0.0,0.0,0.2204601764678955,0.0,0.7793320417404175,0.0,0.0,0.2206680178642273,0.0,0.7794151306152344,0.0,0.0,0.2205848842859268,0.0,0.7793735861778259,0.0,0.0,0.2206264436244964,0.0,0.779498279094696,0.0,0.0,0.2205017358064651,0.0,0.7794151306152344,0.0,0.0,0.2205848842859268,0.0,0.3671980798244476,0.0001870596315711,0.000270197255304,0.6312639117240906,0.0010807890212163,0.3806455731391907,0.0004156880895607,0.0007066697580739,0.6172760128974915,0.0009560826001688,0.3851973712444305,0.0005611788947135,0.0009976513683795,0.6123085618019104,0.0009352981578558,0.3771537840366363,0.0004572568868752,0.0006651009316556,0.6208093762397766,0.0009145137737505,0.3897907137870788,0.0010807890212163,0.0016627523582428,0.6067175269126892,0.0007482385262846,0.3811028301715851,0.0003325504658278,0.0007482385262846,0.6169434785842896,0.0008729449473321,0.363373726606369,0.0003949036763515,0.0010807890212163,0.6344439387321472,0.0007066697580739,0.4035707712173462,0.0001247064210474,0.0003117660526186,0.5955563187599182,0.000436472473666,0.4027809798717499,0.0003949036763515,0.000789807352703,0.5955771207809448,0.0004572568868752,0.3671357035636902,0.0005611788947135,0.0010184358106926,0.6301831603050232,0.0011015734635293,0.3997464478015899,0.0008729449473321,0.000789807352703,0.5978841781616211,0.0007066697580739,0.3893542289733886,0.0002494128420948,0.0005611788947135,0.608920693397522,0.0009145137737505,0.3804169595241546,0.0002286284434376,0.0007066697580739,0.6177540421485901,0.0008937293896451,0.3919523060321808,0.0001247064210474,0.0005403945106081,0.6065928339958191,0.000789807352703,0.3846361935138702,0.0002078440447803,0.0004780413000844,0.6140128374099731,0.0006651009316556,0.3755118250846863,0.0004572568868752,0.0009352981578558,0.6219317317008972,0.001163926674053,0.4055037200450897,0.0002286284434376,0.0003949036763515,0.5933324098587036,0.0005403945106081,0.3716666996479034,0.0004156880895607,0.0008521605632267,0.6261509656906128,0.0009145137737505,0.3961091637611389,0.000270197255304,0.0007690229685977,0.6021242141723633,0.0007274541421793,0.3941762149333954,0.0002078440447803,0.0007066697580739,0.6043065786361694,0.0006027477211318,0.3668239414691925,0.0004572568868752,0.0007482385262846,0.6312223672866821,0.0007482385262846,0.4041735231876373,0.0004572568868752,0.0010392202530056,0.5936441421508789,0.0006858853157609,0.3963170051574707,0.0007066697580739,0.0009768670424818,0.6012097001075745,0.000789807352703,0.3833475410938263,0.0005819633370265,0.0009976513683795,0.6140959858894348,0.0009768670424818,0.3746596574783325,0.0002494128420948,0.0007482385262846,0.6235113143920898,0.0008313761791214,0.4028017520904541,0.000436472473666,0.0009145137737505,0.5950990319252014,0.0007482385262846,0.3971484005451202,0.0003117660526186,0.0006027477211318,0.6015006303787231,0.000436472473666,0.3948828876018524,0.0002909816685132,0.0007482385262846,0.6033920645713806,0.0006858853157609,0.376301646232605,0.0002078440447803,0.0005403945106081,0.6222642660140991,0.0006858853157609,0.367821604013443,0.00022862844343762845,0.0004988256841897964,0.63045334815979,0.000997651368379593
177,0.7777108550071716,0.0,0.0,0.2222892045974731,0.0,0.7779810428619385,0.0,0.0,0.2220190018415451,0.0,0.7779602408409119,0.0,0.0,0.2220397889614105,0.0,0.7780017852783203,0.0,0.0,0.2219982147216797,0.0,0.7779394388198853,0.0,0.0,0.2220605760812759,0.0,0.7780017852783203,0.0,0.0,0.2219982147216797,0.0,0.7780225872993469,0.0,0.0,0.2219774425029754,0.0,0.7779810428619385,0.0,0.0,0.2220190018415451,0.0,0.7780225872993469,0.0,0.0,0.2219774425029754,0.0,0.778084933757782,0.0,0.0,0.2219150811433792,0.0,0.7780433893203735,0.0,0.0,0.22195665538311,0.0,0.7780225872993469,0.0,0.0,0.2219774425029754,0.0,0.7780225872993469,0.0,0.0,0.2219774425029754,0.0,0.7780017852783203,0.0,0.0,0.2219982147216797,0.0,0.7780641913414001,0.0,0.0,0.2219358682632446,0.0,0.7780017852783203,0.0,0.0,0.2219982147216797,0.0,0.7780225872993469,0.0,0.0,0.2219774425029754,0.0,0.7779810428619385,0.0,0.0,0.2220190018415451,0.0,0.7779810428619385,0.0,0.0,0.2220190018415451,0.0,0.778084933757782,0.0,0.0,0.2219150811433792,0.0,0.7780433893203735,0.0,0.0,0.22195665538311,0.0,0.7779602408409119,0.0,0.0,0.2220397889614105,0.0,0.7779602408409119,0.0,0.0,0.2220397889614105,0.0,0.7780225872993469,0.0,0.0,0.2219774425029754,0.0,0.7781057357788086,0.0,0.0,0.2218942940235138,0.0,0.7778978943824768,0.0,0.0,0.2221021354198455,0.0,0.7779810428619385,0.0,0.0,0.2220190018415451,0.0,0.7779394388198853,0.0,0.0,0.2220605760812759,0.0,0.7780641913414001,0.0,0.0,0.2219358682632446,0.0,0.7779810428619385,0.0,0.0,0.2220190018415451,0.0,0.3657431602478027,0.0001662752329139,0.0002494128420948,0.6327604055404663,0.0010807890212163,0.3791906833648681,0.0003325504658278,0.0006027477211318,0.6189180016517639,0.0009560826001688,0.3837216794490814,0.0003325504658278,0.0010392202530056,0.6139712929725647,0.0009352981578558,0.375657320022583,0.0004156880895607,0.0006651009316556,0.6223474144935608,0.0009145137737505,0.388169527053833,0.0009145137737505,0.0016003991477191,0.6085673570632935,0.0007482385262846,0.3796479403972626,0.0002286284434376,0.0006651009316556,0.6185854077339172,0.0008729449473321,0.3619188368320465,0.0003533348790369,0.0009560826001688,0.6360651254653931,0.0007066697580739,0.4021366536617279,0.0001039220223901,0.000270197255304,0.597052812576294,0.000436472473666,0.401326060295105,0.0002494128420948,0.0007690229685977,0.5971983075141907,0.0004572568868752,0.3656392395496368,0.0003533348790369,0.001122357789427,0.6317835450172424,0.0011015734635293,0.3982499539852142,0.0005403945106081,0.0009976513683795,0.5995053648948669,0.0007066697580739,0.3878577649593353,0.0002909816685132,0.0003533348790369,0.6105834245681763,0.0009145137737505,0.3789620399475097,0.0002078440447803,0.0005819633370265,0.6193544864654541,0.0008937293896451,0.3904973864555359,0.0001039220223901,0.0004572568868752,0.6081516742706299,0.000789807352703,0.3830357789993286,0.0002909816685132,0.0004988256841897,0.6155093312263489,0.0006651009316556,0.3740361332893371,0.0002286284434376,0.0010184358106926,0.6235529184341431,0.001163926674053,0.4040488302707672,0.0001870596315711,0.0003325504658278,0.5948911905288696,0.0005403945106081,0.3702118098735809,0.0003533348790369,0.0007690229685977,0.627751350402832,0.0009145137737505,0.3946542739868164,0.0002078440447803,0.0007690229685977,0.6036414504051208,0.0007274541421793,0.3927005231380462,0.0001870596315711,0.0006443165475502,0.6058653593063354,0.0006027477211318,0.3652859032154083,0.0003949036763515,0.0007274541421793,0.632843554019928,0.0007482385262846,0.402677059173584,0.0003949036763515,0.0009560826001688,0.5952861309051514,0.0006858853157609,0.3948205411434173,0.0005403945106081,0.0009768670424818,0.6028724312782288,0.000789807352703,0.3818095028400421,0.000436472473666,0.0009145137737505,0.6158626675605774,0.0009768670424818,0.3732255399227142,0.0001870596315711,0.0006858853157609,0.6250701546669006,0.0008313761791214,0.4012013673782348,0.0004572568868752,0.0009145137737505,0.5966578722000122,0.0007690229685977,0.3956519067287445,0.000270197255304,0.0005819633370265,0.6030594706535339,0.000436472473666,0.393324077129364,0.0003325504658278,0.0004988256841897,0.6051586866378784,0.0006858853157609,0.3748259544372558,0.0001662752329139,0.0006027477211318,0.6237191557884216,0.0006858853157609,0.3663666844367981,0.00010392202239017934,0.0005196101265028119,0.6320121884346008,0.000997651368379593
178,0.7768586874008179,0.0,0.0,0.2231413573026657,0.0,0.7771288752555847,0.0,0.0,0.2228711694478988,0.0,0.7771080732345581,0.0,0.0,0.2228919565677642,0.0,0.7771496772766113,0.0,0.0,0.2228503823280334,0.0,0.7770873308181763,0.0,0.0,0.2229127287864685,0.0,0.7771496772766113,0.0,0.0,0.2228503823280334,0.0,0.7771704196929932,0.0,0.0,0.222829595208168,0.0,0.7771288752555847,0.0,0.0,0.2228711694478988,0.0,0.7771704196929932,0.0,0.0,0.222829595208168,0.0,0.7772327661514282,0.0,0.0,0.2227672487497329,0.0,0.7771912217140198,0.0,0.0,0.2228088080883026,0.0,0.7771704196929932,0.0,0.0,0.222829595208168,0.0,0.7771704196929932,0.0,0.0,0.222829595208168,0.0,0.7771496772766113,0.0,0.0,0.2228503823280334,0.0,0.7772120237350464,0.0,0.0,0.2227880209684372,0.0,0.7771496772766113,0.0,0.0,0.2228503823280334,0.0,0.7771704196929932,0.0,0.0,0.222829595208168,0.0,0.7771288752555847,0.0,0.0,0.2228711694478988,0.0,0.7771288752555847,0.0,0.0,0.2228711694478988,0.0,0.7772327661514282,0.0,0.0,0.2227672487497329,0.0,0.7771912217140198,0.0,0.0,0.2228088080883026,0.0,0.7771080732345581,0.0,0.0,0.2228919565677642,0.0,0.7771080732345581,0.0,0.0,0.2228919565677642,0.0,0.7771704196929932,0.0,0.0,0.222829595208168,0.0,0.7772535681724548,0.0,0.0,0.2227464616298675,0.0,0.777045726776123,0.0,0.0,0.2229543030261993,0.0,0.7771288752555847,0.0,0.0,0.2228711694478988,0.0,0.7770873308181763,0.0,0.0,0.2229127287864685,0.0,0.7772120237350464,0.0,0.0,0.2227880209684372,0.0,0.7771288752555847,0.0,0.0,0.2228711694478988,0.0,0.3648702204227447,8.313761645695195e-05,0.000270197255304,0.6336957216262817,0.0010807890212163,0.3783177137374878,0.0002078440447803,0.0006235321052372,0.6198948621749878,0.0009560826001688,0.3828071653842926,0.0002078440447803,0.0010392202530056,0.6150104999542236,0.0009352981578558,0.3747428059577942,0.0001662752329139,0.0008937293896451,0.6232827305793762,0.0009145137737505,0.387296587228775,0.0004156880895607,0.001849811989814,0.6096897125244141,0.0007482385262846,0.3787334263324737,0.0001662752329139,0.0006651009316556,0.6195623278617859,0.0008729449473321,0.360921174287796,0.0002286284434376,0.0009768670424818,0.6371666789054871,0.0007066697580739,0.4012844860553741,8.313761645695195e-05,0.0001870596315711,0.5980088710784912,0.000436472473666,0.400453120470047,0.0001454908342566,0.000789807352703,0.5981543660163879,0.0004572568868752,0.3647454977035522,0.0001870596315711,0.001122357789427,0.632843554019928,0.0011015734635293,0.3972938954830169,0.0003949036763515,0.001122357789427,0.6004822254180908,0.0007066697580739,0.3869848251342773,0.0001247064210474,0.0004156880895607,0.6115602850914001,0.0009145137737505,0.3780891001224518,0.0001454908342566,0.000436472473666,0.6204352378845215,0.0008937293896451,0.3896452188491821,4.156880822847597e-05,0.000436472473666,0.6090869903564453,0.000789807352703,0.3821420669555664,0.0002494128420948,0.0005196101265028,0.6164238452911377,0.0006651009316556,0.3731216192245483,0.0002078440447803,0.0009768670424818,0.6245297789573669,0.001163926674053,0.4031966626644134,0.0001039220223901,0.0002909816685132,0.5958681106567383,0.0005403945106081,0.3693180680274963,0.0001454908342566,0.0007690229685977,0.628852903842926,0.0009145137737505,0.3937605321407318,0.0001870596315711,0.0004988256841897,0.6048261523246765,0.0007274541421793,0.391806811094284,0.0001662752329139,0.0005611788947135,0.6068630218505859,0.0006027477211318,0.3643713891506195,0.0002494128420948,0.0007274541421793,0.6339035630226135,0.0007482385262846,0.4018040895462036,0.0001662752329139,0.0009976513683795,0.5963461399078369,0.0006858853157609,0.3938436806201935,0.0003949036763515,0.0009145137737505,0.6040571331977844,0.000789807352703,0.3808949887752533,0.0003741192631423,0.0008105917368084,0.6169434785842896,0.0009768670424818,0.3723733723163605,6.235321052372456e-05,0.0005196101265028,0.6262133121490479,0.0008313761791214,0.4002660512924194,0.0003949036763515,0.0008729449473321,0.5976971387863159,0.0007690229685977,0.3947789669036865,0.0001247064210474,0.0006027477211318,0.6040571331977844,0.000436472473666,0.3924095630645752,0.0002078440447803,0.0005611788947135,0.6061356067657471,0.0006858853157609,0.3739529848098755,0.0001870596315711,0.0004780413000844,0.6246960759162903,0.0006858853157609,0.3654937446117401,4.156880822847597e-05,0.0004780413000844419,0.6329890489578247,0.000997651368379593
179,0.7763598561286926,0.0,0.0,0.2236401885747909,0.0,0.7766300439834595,0.0,0.0,0.2233699858188629,0.0,0.7766092419624329,0.0,0.0,0.2233907729387283,0.0,0.7766508460044861,0.0,0.0,0.2233492136001587,0.0,0.776588499546051,0.0,0.0,0.2234115600585937,0.0,0.7766508460044861,0.0,0.0,0.2233492136001587,0.0,0.7766715884208679,0.0,0.0,0.2233284264802932,0.0,0.7766300439834595,0.0,0.0,0.2233699858188629,0.0,0.7766715884208679,0.0,0.0,0.2233284264802932,0.0,0.7767339944839478,0.0,0.0,0.223266065120697,0.0,0.7766923904418945,0.0,0.0,0.2233076393604278,0.0,0.7766715884208679,0.0,0.0,0.2233284264802932,0.0,0.7766715884208679,0.0,0.0,0.2233284264802932,0.0,0.7766508460044861,0.0,0.0,0.2233492136001587,0.0,0.7767131924629211,0.0,0.0,0.2232868522405624,0.0,0.7766508460044861,0.0,0.0,0.2233492136001587,0.0,0.7766715884208679,0.0,0.0,0.2233284264802932,0.0,0.7766300439834595,0.0,0.0,0.2233699858188629,0.0,0.7766300439834595,0.0,0.0,0.2233699858188629,0.0,0.7767339944839478,0.0,0.0,0.223266065120697,0.0,0.7766923904418945,0.0,0.0,0.2233076393604278,0.0,0.7766092419624329,0.0,0.0,0.2233907729387283,0.0,0.7766092419624329,0.0,0.0,0.2233907729387283,0.0,0.7766715884208679,0.0,0.0,0.2233284264802932,0.0,0.7767547369003296,0.0,0.0,0.2232452780008316,0.0,0.7765468955039978,0.0,0.0,0.2234531342983245,0.0,0.7766300439834595,0.0,0.0,0.2233699858188629,0.0,0.776588499546051,0.0,0.0,0.2234115600585937,0.0,0.7767131924629211,0.0,0.0,0.2232868522405624,0.0,0.7766300439834595,0.0,0.0,0.2233699858188629,0.0,0.3643298149108886,0.0001039220223901,0.0001870596315711,0.6342984437942505,0.0010807890212163,0.3778189122676849,0.0001662752329139,0.0004988256841897,0.6205599308013916,0.0009560826001688,0.3822459876537323,0.0002286284434376,0.0010184358106926,0.6155716776847839,0.0009352981578558,0.3742439746856689,0.0001454908342566,0.0006651009316556,0.6240309476852417,0.0009145137737505,0.386652261018753,0.0004572568868752,0.0015796147054061,0.6105626821517944,0.0007482385262846,0.3782137930393219,0.0001662752329139,0.0005611788947135,0.6201858520507812,0.0008729449473321,0.3603807687759399,0.0002494128420948,0.0008105917368084,0.6378525495529175,0.0007066697580739,0.4007856547832489,6.235321052372456e-05,0.0001870596315711,0.5985285043716431,0.000436472473666,0.3999542891979217,6.235321052372456e-05,0.0007482385262846,0.5987778902053833,0.0004572568868752,0.3642051219940185,0.0001870596315711,0.0008937293896451,0.6336125731468201,0.0011015734635293,0.39671191573143,0.0003117660526186,0.001122357789427,0.6011472940444946,0.0007066697580739,0.3864444196224212,0.0001247064210474,0.0003949036763515,0.6121214628219604,0.0009145137737505,0.3775279223918915,0.0002078440447803,0.0003117660526186,0.6210587620735168,0.0008937293896451,0.3891463875770569,4.156880822847597e-05,0.000270197255304,0.6097520589828491,0.000789807352703,0.3816016614437103,0.000270197255304,0.0004572568868752,0.6170058250427246,0.0006651009316556,0.3725396692752838,0.0002286284434376,0.000789807352703,0.6252779960632324,0.001163926674053,0.402677059173584,8.313761645695195e-05,0.0002494128420948,0.5964500308036804,0.0005403945106081,0.368756890296936,0.0001870596315711,0.0006651009316556,0.6294764876365662,0.0009145137737505,0.3932617008686065,0.0001454908342566,0.0004572568868752,0.6054081320762634,0.0007274541421793,0.3912871778011322,0.0001662752329139,0.0005403945106081,0.6074033975601196,0.0006027477211318,0.3638309836387634,0.0002909816685132,0.0006235321052372,0.6345062851905823,0.0007482385262846,0.4013052880764007,0.0001247064210474,0.0009768670424818,0.5969073176383972,0.0006858853157609,0.393324077129364,0.0002909816685132,0.0008937293896451,0.6046806573867798,0.0008105917368084,0.380396157503128,0.0002494128420948,0.0008313761791214,0.6175462007522583,0.0009768670424818,0.371853768825531,4.156880822847597e-05,0.0003949036763515,0.6268784403800964,0.0008313761791214,0.3996841013431549,0.0004780413000844,0.0006443165475502,0.5984245538711548,0.0007690229685977,0.3942177891731262,0.0001454908342566,0.0005196101265028,0.6046806573867798,0.000436472473666,0.3919107317924499,0.0002078440447803,0.0004780413000844,0.6067175269126892,0.0006858853157609,0.373433381319046,0.0001454908342566,0.0004156880895607,0.6253196001052856,0.0006858853157609,0.36495333909988403,8.313761645695195e-05,0.0003325504658278078,0.6336333155632019,0.000997651368379593
180,0.7756739854812622,0.0,0.0,0.2243260741233825,0.0,0.775944173336029,0.0,0.0,0.2240558713674545,0.0,0.7759233713150024,0.0,0.0,0.2240766584873199,0.0,0.7759649157524109,0.0,0.0,0.2240350991487503,0.0,0.7759025692939758,0.0,0.0,0.2240974456071853,0.0,0.7759649157524109,0.0,0.0,0.2240350991487503,0.0,0.7759857177734375,0.0,0.0,0.2240143120288849,0.0,0.775944173336029,0.0,0.0,0.2240558713674545,0.0,0.7759857177734375,0.0,0.0,0.2240143120288849,0.0,0.7760480642318726,0.0,0.0,0.2239519506692886,0.0,0.7760065197944641,0.0,0.0,0.2239935249090194,0.0,0.7759857177734375,0.0,0.0,0.2240143120288849,0.0,0.7759857177734375,0.0,0.0,0.2240143120288849,0.0,0.7759649157524109,0.0,0.0,0.2240350991487503,0.0,0.7760273218154907,0.0,0.0,0.223972737789154,0.0,0.7759649157524109,0.0,0.0,0.2240350991487503,0.0,0.7759857177734375,0.0,0.0,0.2240143120288849,0.0,0.775944173336029,0.0,0.0,0.2240558713674545,0.0,0.775944173336029,0.0,0.0,0.2240558713674545,0.0,0.7760480642318726,0.0,0.0,0.2239519506692886,0.0,0.7760065197944641,0.0,0.0,0.2239935249090194,0.0,0.7759233713150024,0.0,0.0,0.2240766584873199,0.0,0.7759233713150024,0.0,0.0,0.2240766584873199,0.0,0.7759857177734375,0.0,0.0,0.2240143120288849,0.0,0.7760688662528992,0.0,0.0,0.2239311635494232,0.0,0.7758610248565674,0.0,0.0,0.2241390198469162,0.0,0.775944173336029,0.0,0.0,0.2240558713674545,0.0,0.7759025692939758,0.0,0.0,0.2240974456071853,0.0,0.7760273218154907,0.0,0.0,0.223972737789154,0.0,0.775944173336029,0.0,0.0,0.2240558713674545,0.0,0.3636231422424316,0.0001039220223901,0.0001870596315711,0.6350051164627075,0.0010807890212163,0.3770914375782013,8.313761645695195e-05,0.0005403945106081,0.6213289499282837,0.0009560826001688,0.3814977407455444,0.0002286284434376,0.0008105917368084,0.616527795791626,0.0009352981578558,0.3735165297985077,0.0001662752329139,0.0005819633370265,0.6248207688331604,0.0009145137737505,0.3858832418918609,0.000436472473666,0.0014341238420456,0.6114979386329651,0.0007482385262846,0.3775279223918915,0.0001039220223901,0.0005403945106081,0.6209548711776733,0.0008729449473321,0.3596948981285095,0.0002078440447803,0.0006858853157609,0.6387047171592712,0.0007066697580739,0.4000582098960876,4.156880822847597e-05,0.0001662752329139,0.5992975234985352,0.000436472473666,0.3992476165294647,6.235321052372456e-05,0.0006443165475502,0.5995885133743286,0.0004572568868752,0.3634776473045349,0.0001870596315711,0.000789807352703,0.6344439387321472,0.0011015734635293,0.3958597481250763,0.0004156880895607,0.0009976513683795,0.602020263671875,0.0007066697580739,0.3857377469539642,0.0001454908342566,0.0003117660526186,0.6128904819488525,0.0009145137737505,0.3768420219421386,0.0001039220223901,0.0003117660526186,0.6218485832214355,0.0008937293896451,0.3884189426898956,6.235321052372456e-05,0.0001870596315711,0.6105418801307678,0.000789807352703,0.3808742165565491,0.0002909816685132,0.0003325504658278,0.6178371906280518,0.0006651009316556,0.3718329966068268,0.0002078440447803,0.0006443165475502,0.6261509656906128,0.001163926674053,0.4019703865051269,6.235321052372456e-05,0.000270197255304,0.5971567034721375,0.0005403945106081,0.3679878711700439,0.0002078440447803,0.0004988256841897,0.630391001701355,0.0009145137737505,0.3925758302211761,6.235321052372456e-05,0.0004572568868752,0.6061771512031555,0.0007274541421793,0.3905805349349975,0.0001247064210474,0.0003533348790369,0.6083387136459351,0.0006027477211318,0.3630827665328979,0.000270197255304,0.0005611788947135,0.6353376507759094,0.0007482385262846,0.4005778133869171,0.0001247064210474,0.0006443165475502,0.5979673266410828,0.0006858853157609,0.3925342559814453,0.0003117660526186,0.0008729449473321,0.6054704785346985,0.0008105917368084,0.379689484834671,0.0001870596315711,0.0007274541421793,0.6184191703796387,0.0009768670424818,0.3711678981781006,2.0784404114237987e-05,0.0003117660526186,0.6276682019233704,0.0008313761791214,0.398935854434967,0.0003949036763515,0.0006027477211318,0.5992975234985352,0.0007690229685977,0.3935319185256958,0.0001454908342566,0.0004156880895607,0.6054704785346985,0.000436472473666,0.3911624848842621,0.0002494128420948,0.0004156880895607,0.6074865460395813,0.0006858853157609,0.3727059364318847,0.0001247064210474,0.0002909816685132,0.6261925101280212,0.0006858853157609,0.36420512199401855,0.00014549083425663412,0.00027019725530408323,0.6343815922737122,0.000997651368379593
181,0.7754453420639038,0.0,0.0,0.2245547026395797,0.0,0.7757155299186707,0.0,0.0,0.2242844998836517,0.0,0.775694727897644,0.0,0.0,0.2243052870035171,0.0,0.7757363319396973,0.0,0.0,0.2242637276649475,0.0,0.7756739854812622,0.0,0.0,0.2243260741233825,0.0,0.7757363319396973,0.0,0.0,0.2242637276649475,0.0,0.7757570743560791,0.0,0.0,0.2242429405450821,0.0,0.7757155299186707,0.0,0.0,0.2242844998836517,0.0,0.7757570743560791,0.0,0.0,0.2242429405450821,0.0,0.7758194804191589,0.0,0.0,0.2241805791854858,0.0,0.7757778763771057,0.0,0.0,0.2242221534252166,0.0,0.7757570743560791,0.0,0.0,0.2242429405450821,0.0,0.7757570743560791,0.0,0.0,0.2242429405450821,0.0,0.7757363319396973,0.0,0.0,0.2242637276649475,0.0,0.7757986783981323,0.0,0.0,0.2242013663053512,0.0,0.7757363319396973,0.0,0.0,0.2242637276649475,0.0,0.7757570743560791,0.0,0.0,0.2242429405450821,0.0,0.7757155299186707,0.0,0.0,0.2242844998836517,0.0,0.7757155299186707,0.0,0.0,0.2242844998836517,0.0,0.7758194804191589,0.0,0.0,0.2241805791854858,0.0,0.7757778763771057,0.0,0.0,0.2242221534252166,0.0,0.775694727897644,0.0,0.0,0.2243052870035171,0.0,0.775694727897644,0.0,0.0,0.2243052870035171,0.0,0.7757570743560791,0.0,0.0,0.2242429405450821,0.0,0.7758402228355408,0.0,0.0,0.2241597920656204,0.0,0.775632381439209,0.0,0.0,0.2243676483631134,0.0,0.7757155299186707,0.0,0.0,0.2242844998836517,0.0,0.7756739854812622,0.0,0.0,0.2243260741233825,0.0,0.7757986783981323,0.0,0.0,0.2242013663053512,0.0,0.7757155299186707,0.0,0.0,0.2242844998836517,0.0,0.363373726606369,0.0001039220223901,0.0002078440447803,0.6352337598800659,0.0010807890212163,0.3768212497234344,0.0001039220223901,0.000436472473666,0.6216822862625122,0.0009560826001688,0.381206750869751,0.0002494128420948,0.0006027477211318,0.6170058250427246,0.0009352981578558,0.3732878863811493,0.0001039220223901,0.0005196101265028,0.6251741051673889,0.0009145137737505,0.3855299055576324,0.0003741192631423,0.0012678486527875,0.612079918384552,0.0007482385262846,0.3772785067558288,0.0001039220223901,0.0003533348790369,0.6213913559913635,0.0008729449473321,0.3594662547111511,0.0001870596315711,0.0004156880895607,0.6392243504524231,0.0007066697580739,0.3998295962810516,4.156880822847597e-05,0.0001247064210474,0.599567711353302,0.000436472473666,0.3989150822162628,0.0001454908342566,0.0004156880895607,0.6000665426254272,0.0004572568868752,0.3631866872310638,0.0001870596315711,0.0006235321052372,0.6349011659622192,0.0011015734635293,0.3955687880516052,0.0004156880895607,0.0009352981578558,0.6023736000061035,0.0007066697580739,0.3854467868804931,0.0001454908342566,0.0003117660526186,0.613181471824646,0.0009145137737505,0.3766134083271026,8.313761645695195e-05,0.0002494128420948,0.6221603751182556,0.0008937293896451,0.3881903290748596,4.156880822847597e-05,0.0001454908342566,0.6108328700065613,0.000789807352703,0.3806455731391907,0.0001247064210474,0.0003741192631423,0.6181905269622803,0.0006651009316556,0.3715835809707641,0.0001870596315711,0.0004988256841897,0.6265666484832764,0.001163926674053,0.4017209708690643,6.235321052372456e-05,0.0002494128420948,0.5974268913269043,0.0005403945106081,0.367655336856842,0.0002909816685132,0.000436472473666,0.6307027339935303,0.0009145137737505,0.3923264145851135,6.235321052372456e-05,0.0002909816685132,0.6065928339958191,0.0007274541421793,0.3903311192989349,0.0001039220223901,0.0002494128420948,0.6087128520011902,0.0006027477211318,0.3628333508968353,0.0001870596315711,0.0005611788947135,0.6356702446937561,0.0007482385262846,0.4002244770526886,0.0001870596315711,0.0005196101265028,0.5983830094337463,0.0006858853157609,0.3922224938869476,0.0003325504658278,0.0007690229685977,0.6058653593063354,0.0008105917368084,0.3794192969799042,0.0001247064210474,0.0006858853157609,0.6187933087348938,0.0009768670424818,0.3709184825420379,4.156880822847597e-05,0.0002494128420948,0.6279591917991638,0.0008313761791214,0.3986448645591736,0.0002909816685132,0.0006027477211318,0.5996924042701721,0.0007690229685977,0.3932825028896332,0.0001039220223901,0.0003741192631423,0.6058030128479004,0.000436472473666,0.3908922970294952,0.0001662752329139,0.0004156880895607,0.6078398823738098,0.0006858853157609,0.3724772930145263,8.313761645695195e-05,0.0002494128420948,0.6265043020248413,0.0006858853157609,0.3639141321182251,0.00018705963157117367,0.0002494128420948982,0.634651780128479,0.000997651368379593
